Timestamp,Tag1,Tag2,Distance_ft,Delta_s
4.17.2026 14:54:44,T1,T2,1.4ft,0.05s
4.17.2026 14:54:44,T1,T2,1.4ft,0.05s
4.17.2026 14:54:44,T1,T2,1.4ft,0.05s
4.17.2026 14:54:44,T1,T2,1.4ft,0.05s
4.17.2026 14:54:44,T1,T2,1.4ft,0.05s
4.17.2026 14:54:44,T1,T2,1.4ft,0.05s
4.17.2026 14:54:44,T1,T2,1.4ft,0.05s
4.17.2026 14:54:44,T1,T2,1.4ft,0.05s
4.17.2026 14:54:44,T1,T2,1.4ft,0.06s
4.17.2026 14:54:44,T1,T2,1.4ft,0.05s
4.17.2026 14:54:45,T1,T2,1.4ft,0.05s
4.17.2026 14:54:45,T1,T2,1.4ft,0.05s
4.17.2026 14:54:45,T1,T2,1.4ft,0.06s
4.17.2026 14:54:45,T1,T2,1.5ft,0.05s
4.17.2026 14:54:45,T1,T2,1.5ft,0.05s
4.17.2026 14:54:45,T1,T2,1.5ft,0.05s
4.17.2026 14:54:45,T1,T2,1.6ft,0.05s
4.17.2026 14:54:45,T1,T2,1.6ft,0.05s
4.17.2026 14:54:45,T1,T2,1.6ft,0.05s
4.17.2026 14:54:45,T1,T2,1.5ft,0.05s
4.17.2026 14:54:45,T1,T2,1.5ft,0.05s
4.17.2026 14:54:45,T1,T2,1.5ft,0.05s
4.17.2026 14:54:45,T1,T2,1.5ft,0.05s
4.17.2026 14:54:45,T1,T2,1.5ft,0.05s
4.17.2026 14:54:45,T1,T2,1.5ft,0.05s
4.17.2026 14:54:45,T1,T2,1.5ft,0.05s
4.17.2026 14:54:45,T1,T2,1.5ft,0.05s
4.17.2026 14:54:45,T1,T2,1.4ft,0.05s
4.17.2026 14:54:45,T1,T2,1.4ft,0.05s
4.17.2026 14:54:45,T1,T2,1.4ft,0.05s
4.17.2026 14:54:46,T1,T2,1.4ft,0.05s
4.17.2026 14:54:46,T1,T2,1.4ft,0.05s
4.17.2026 14:54:46,T1,T2,1.4ft,0.05s
4.17.2026 14:54:46,T1,T2,1.5ft,0.05s
4.17.2026 14:54:46,T1,T2,1.5ft,0.05s
4.17.2026 14:54:46,T1,T2,1.5ft,0.05s
4.17.2026 14:54:46,T1,T2,1.4ft,0.05s
4.17.2026 14:54:46,T1,T2,1.4ft,0.05s
4.17.2026 14:54:46,T1,T2,1.4ft,0.05s
4.17.2026 14:54:46,T1,T2,1.4ft,0.05s
4.17.2026 14:54:46,T1,T2,1.4ft,0.05s
4.17.2026 14:54:46,T1,T2,1.4ft,0.05s
4.17.2026 14:54:46,T1,T2,1.4ft,0.05s
4.17.2026 14:54:46,T1,T2,1.4ft,0.05s
4.17.2026 14:54:46,T1,T2,1.4ft,0.05s
4.17.2026 14:54:46,T1,T2,1.4ft,0.05s
4.17.2026 14:54:46,T1,T2,1.4ft,0.05s
4.17.2026 14:54:46,T1,T2,1.4ft,0.05s
4.17.2026 14:54:46,T1,T2,1.5ft,0.05s
4.17.2026 14:54:47,T1,T2,1.5ft,0.05s
4.17.2026 14:54:47,T1,T2,1.5ft,0.05s
4.17.2026 14:54:47,T1,T2,1.6ft,0.05s
4.17.2026 14:54:47,T1,T2,1.6ft,0.05s
4.17.2026 14:54:47,T1,T2,1.5ft,0.05s
4.17.2026 14:54:47,T1,T2,1.5ft,0.05s
4.17.2026 14:54:47,T1,T2,1.5ft,0.05s
4.17.2026 14:54:47,T0,T1,2.0ft,0.05s
4.17.2026 14:54:47,T0,T2,2.3ft,0.05s
4.17.2026 14:54:47,T1,T2,1.5ft,0.05s
4.17.2026 14:54:47,T0,T1,2.0ft,0.05s
4.17.2026 14:54:47,T0,T2,2.3ft,0.05s
4.17.2026 14:54:47,T1,T2,1.5ft,0.05s
4.17.2026 14:54:47,T0,T1,2.0ft,0.05s
4.17.2026 14:54:47,T0,T2,2.3ft,0.05s
4.17.2026 14:54:47,T1,T2,1.5ft,0.05s
4.17.2026 14:54:47,T0,T1,2.0ft,0.05s
4.17.2026 14:54:47,T0,T2,2.3ft,0.05s
4.17.2026 14:54:47,T1,T2,1.5ft,0.05s
4.17.2026 14:54:47,T0,T1,2.0ft,0.05s
4.17.2026 14:54:47,T0,T2,2.4ft,0.05s
4.17.2026 14:54:47,T1,T2,1.5ft,0.05s
4.17.2026 14:54:47,T0,T1,2.0ft,0.05s
4.17.2026 14:54:47,T0,T2,2.4ft,0.05s
4.17.2026 14:54:47,T1,T2,1.5ft,0.05s
4.17.2026 14:54:47,T0,T1,2.0ft,0.05s
4.17.2026 14:54:47,T0,T2,2.5ft,0.05s
4.17.2026 14:54:47,T1,T2,1.6ft,0.05s
4.17.2026 14:54:47,T0,T1,2.0ft,0.05s
4.17.2026 14:54:47,T0,T2,2.6ft,0.05s
4.17.2026 14:54:47,T1,T2,1.6ft,0.05s
4.17.2026 14:54:47,T0,T1,2.0ft,0.05s
4.17.2026 14:54:47,T0,T2,2.6ft,0.05s
4.17.2026 14:54:47,T1,T2,1.6ft,0.05s
4.17.2026 14:54:47,T0,T1,2.0ft,0.05s
4.17.2026 14:54:47,T0,T2,2.7ft,0.05s
4.17.2026 14:54:47,T1,T2,1.7ft,0.05s
4.17.2026 14:54:47,T0,T1,2.0ft,0.05s
4.17.2026 14:54:47,T0,T2,2.7ft,0.05s
4.17.2026 14:54:47,T1,T2,1.7ft,0.05s
4.17.2026 14:54:47,T0,T1,2.0ft,0.05s
4.17.2026 14:54:47,T0,T2,2.7ft,0.05s
4.17.2026 14:54:47,T1,T2,1.7ft,0.05s
4.17.2026 14:54:47,T0,T1,2.0ft,0.05s
4.17.2026 14:54:47,T0,T2,2.7ft,0.05s
4.17.2026 14:54:47,T1,T2,1.7ft,0.05s
4.17.2026 14:54:48,T0,T1,2.0ft,0.05s
4.17.2026 14:54:48,T0,T2,2.7ft,0.05s
4.17.2026 14:54:48,T1,T2,1.7ft,0.05s
4.17.2026 14:54:48,T0,T1,2.0ft,0.05s
4.17.2026 14:54:48,T0,T2,2.6ft,0.05s
4.17.2026 14:54:48,T1,T2,1.7ft,0.05s
4.17.2026 14:54:48,T0,T1,2.0ft,0.05s
4.17.2026 14:54:48,T0,T2,2.6ft,0.05s
4.17.2026 14:54:48,T1,T2,1.6ft,0.05s
4.17.2026 14:54:48,T0,T1,2.0ft,0.05s
4.17.2026 14:54:48,T0,T2,2.5ft,0.05s
4.17.2026 14:54:48,T1,T2,1.6ft,0.05s
4.17.2026 14:54:48,T0,T1,2.0ft,0.05s
4.17.2026 14:54:48,T0,T2,2.4ft,0.05s
4.17.2026 14:54:48,T1,T2,1.6ft,0.05s
4.17.2026 14:54:48,T0,T1,2.0ft,0.05s
4.17.2026 14:54:48,T0,T2,2.4ft,0.05s
4.17.2026 14:54:48,T1,T2,1.5ft,0.05s
4.17.2026 14:54:48,T0,T1,2.0ft,0.05s
4.17.2026 14:54:48,T0,T2,2.3ft,0.05s
4.17.2026 14:54:48,T1,T2,1.5ft,0.05s
4.17.2026 14:54:48,T0,T1,2.0ft,0.05s
4.17.2026 14:54:48,T0,T2,2.3ft,0.05s
4.17.2026 14:54:48,T1,T2,1.5ft,0.05s
4.17.2026 14:54:48,T0,T1,2.0ft,0.05s
4.17.2026 14:54:48,T0,T2,2.2ft,0.05s
4.17.2026 14:54:48,T1,T2,1.5ft,0.05s
4.17.2026 14:54:48,T0,T1,2.0ft,0.05s
4.17.2026 14:54:48,T0,T2,2.3ft,0.05s
4.17.2026 14:54:48,T1,T2,1.5ft,0.05s
4.17.2026 14:54:48,T0,T1,2.0ft,0.05s
4.17.2026 14:54:48,T0,T2,2.3ft,0.05s
4.17.2026 14:54:48,T1,T2,1.5ft,0.05s
4.17.2026 14:54:48,T0,T1,2.0ft,0.05s
4.17.2026 14:54:48,T0,T2,2.3ft,0.05s
4.17.2026 14:54:48,T1,T2,1.5ft,0.05s
4.17.2026 14:54:48,T0,T1,2.0ft,0.05s
4.17.2026 14:54:48,T0,T2,2.3ft,0.05s
4.17.2026 14:54:48,T1,T2,1.5ft,0.05s
4.17.2026 14:54:48,T0,T1,2.0ft,0.05s
4.17.2026 14:54:48,T0,T2,2.3ft,0.05s
4.17.2026 14:54:48,T1,T2,1.5ft,0.05s
4.17.2026 14:54:48,T0,T1,2.0ft,0.05s
4.17.2026 14:54:48,T0,T2,2.4ft,0.05s
4.17.2026 14:54:48,T1,T2,1.5ft,0.05s
4.17.2026 14:54:48,T0,T1,2.1ft,0.05s
4.17.2026 14:54:48,T0,T2,2.3ft,0.05s
4.17.2026 14:54:48,T1,T2,1.5ft,0.05s
4.17.2026 14:54:48,T0,T1,2.1ft,0.05s
4.17.2026 14:54:48,T0,T2,2.3ft,0.05s
4.17.2026 14:54:48,T1,T2,1.5ft,0.05s
4.17.2026 14:54:48,T0,T1,2.1ft,0.05s
4.17.2026 14:54:48,T0,T2,2.3ft,0.05s
4.17.2026 14:54:48,T1,T2,1.5ft,0.05s
4.17.2026 14:54:48,T0,T1,2.0ft,0.05s
4.17.2026 14:54:48,T0,T2,2.3ft,0.05s
4.17.2026 14:54:48,T1,T2,1.5ft,0.05s
4.17.2026 14:54:49,T0,T1,2.0ft,0.05s
4.17.2026 14:54:49,T0,T2,2.2ft,0.05s
4.17.2026 14:54:49,T1,T2,1.5ft,0.05s
4.17.2026 14:54:49,T0,T1,2.0ft,0.05s
4.17.2026 14:54:49,T0,T2,2.2ft,0.05s
4.17.2026 14:54:49,T1,T2,1.5ft,0.05s
4.17.2026 14:54:49,T0,T1,2.0ft,0.05s
4.17.2026 14:54:49,T0,T2,2.2ft,0.05s
4.17.2026 14:54:49,T1,T2,1.5ft,0.05s
4.17.2026 14:54:49,T0,T1,2.0ft,0.05s
4.17.2026 14:54:49,T0,T2,2.2ft,0.05s
4.17.2026 14:54:49,T1,T2,1.4ft,0.05s
4.17.2026 14:54:49,T0,T1,2.0ft,0.05s
4.17.2026 14:54:49,T0,T2,2.2ft,0.05s
4.17.2026 14:54:49,T1,T2,1.4ft,0.05s
4.17.2026 14:54:49,T0,T1,2.0ft,0.05s
4.17.2026 14:54:49,T0,T2,2.2ft,0.05s
4.17.2026 14:54:49,T1,T2,1.4ft,0.05s
4.17.2026 14:54:49,T0,T1,2.0ft,0.05s
4.17.2026 14:54:49,T0,T2,2.2ft,0.05s
4.17.2026 14:54:49,T1,T2,1.4ft,0.05s
4.17.2026 14:54:49,T0,T1,2.0ft,0.05s
4.17.2026 14:54:49,T0,T2,2.2ft,0.05s
4.17.2026 14:54:49,T1,T2,1.4ft,0.05s
4.17.2026 14:54:49,T0,T1,2.0ft,0.05s
4.17.2026 14:54:49,T0,T2,2.2ft,0.05s
4.17.2026 14:54:49,T1,T2,1.4ft,0.05s
4.17.2026 14:54:49,T0,T1,2.0ft,0.05s
4.17.2026 14:54:49,T0,T2,2.2ft,0.05s
4.17.2026 14:54:49,T1,T2,1.4ft,0.05s
4.17.2026 14:54:49,T0,T1,2.0ft,0.05s
4.17.2026 14:54:49,T0,T2,2.2ft,0.05s
4.17.2026 14:54:49,T1,T2,1.4ft,0.05s
4.17.2026 14:54:49,T0,T1,2.0ft,0.05s
4.17.2026 14:54:49,T0,T2,2.2ft,0.05s
4.17.2026 14:54:49,T1,T2,1.4ft,0.05s
4.17.2026 14:54:49,T0,T1,2.0ft,0.05s
4.17.2026 14:54:49,T0,T2,2.2ft,0.05s
4.17.2026 14:54:49,T1,T2,1.4ft,0.05s
4.17.2026 14:54:49,T0,T1,2.0ft,0.05s
4.17.2026 14:54:49,T0,T2,2.2ft,0.05s
4.17.2026 14:54:49,T1,T2,1.4ft,0.05s
4.17.2026 14:54:49,T0,T1,2.0ft,0.05s
4.17.2026 14:54:49,T0,T2,2.2ft,0.05s
4.17.2026 14:54:49,T1,T2,1.4ft,0.05s
4.17.2026 14:54:49,T0,T1,2.0ft,0.05s
4.17.2026 14:54:49,T0,T2,2.2ft,0.05s
4.17.2026 14:54:49,T1,T2,1.4ft,0.05s
4.17.2026 14:54:49,T0,T1,2.0ft,0.05s
4.17.2026 14:54:49,T0,T2,2.2ft,0.05s
4.17.2026 14:54:49,T1,T2,1.4ft,0.05s
4.17.2026 14:54:49,T0,T1,2.0ft,0.05s
4.17.2026 14:54:49,T0,T2,2.2ft,0.05s
4.17.2026 14:54:49,T1,T2,1.4ft,0.05s
4.17.2026 14:54:49,T0,T1,2.0ft,0.05s
4.17.2026 14:54:49,T0,T2,2.2ft,0.05s
4.17.2026 14:54:49,T1,T2,1.4ft,0.05s
4.17.2026 14:54:49,T0,T1,2.0ft,0.05s
4.17.2026 14:54:49,T0,T2,2.1ft,0.05s
4.17.2026 14:54:49,T1,T2,1.4ft,0.05s
4.17.2026 14:54:50,T0,T1,2.0ft,0.05s
4.17.2026 14:54:50,T0,T2,2.1ft,0.05s
4.17.2026 14:54:50,T1,T2,1.4ft,0.05s
4.17.2026 14:54:50,T0,T1,2.0ft,0.05s
4.17.2026 14:54:50,T0,T2,2.1ft,0.05s
4.17.2026 14:54:50,T1,T2,1.4ft,0.05s
4.17.2026 14:54:50,T0,T1,2.0ft,0.05s
4.17.2026 14:54:50,T0,T2,2.1ft,0.05s
4.17.2026 14:54:50,T1,T2,1.4ft,0.05s
4.17.2026 14:54:50,T0,T1,2.0ft,0.05s
4.17.2026 14:54:50,T0,T2,2.1ft,0.05s
4.17.2026 14:54:50,T1,T2,1.4ft,0.05s
4.17.2026 14:54:50,T0,T1,2.0ft,0.05s
4.17.2026 14:54:50,T0,T2,2.0ft,0.05s
4.17.2026 14:54:50,T1,T2,1.4ft,0.05s
4.17.2026 14:54:50,T0,T1,2.0ft,0.05s
4.17.2026 14:54:50,T0,T2,2.0ft,0.05s
4.17.2026 14:54:50,T1,T2,1.4ft,0.05s
4.17.2026 14:54:50,T0,T1,2.0ft,0.05s
4.17.2026 14:54:50,T0,T2,2.0ft,0.05s
4.17.2026 14:54:50,T1,T2,1.4ft,0.05s
4.17.2026 14:54:50,T0,T1,2.0ft,0.05s
4.17.2026 14:54:50,T0,T2,2.0ft,0.05s
4.17.2026 14:54:50,T1,T2,1.3ft,0.05s
4.17.2026 14:54:50,T0,T1,2.0ft,0.05s
4.17.2026 14:54:50,T0,T2,2.0ft,0.05s
4.17.2026 14:54:50,T1,T2,1.3ft,0.05s
4.17.2026 14:54:50,T0,T1,1.9ft,0.05s
4.17.2026 14:54:50,T0,T2,2.0ft,0.05s
4.17.2026 14:54:50,T1,T2,1.3ft,0.05s
4.17.2026 14:54:50,T0,T1,1.9ft,0.05s
4.17.2026 14:54:50,T0,T2,2.0ft,0.05s
4.17.2026 14:54:50,T1,T2,1.3ft,0.05s
4.17.2026 14:54:50,T0,T1,1.9ft,0.05s
4.17.2026 14:54:50,T0,T2,2.1ft,0.05s
4.17.2026 14:54:50,T1,T2,1.4ft,0.05s
4.17.2026 14:54:50,T0,T1,1.9ft,0.05s
4.17.2026 14:54:50,T0,T2,2.1ft,0.05s
4.17.2026 14:54:50,T1,T2,1.4ft,0.05s
4.17.2026 14:54:50,T0,T1,1.9ft,0.05s
4.17.2026 14:54:50,T0,T2,2.2ft,0.05s
4.17.2026 14:54:50,T1,T2,1.4ft,0.05s
4.17.2026 14:54:50,T0,T1,1.9ft,0.05s
4.17.2026 14:54:50,T0,T2,2.2ft,0.05s
4.17.2026 14:54:50,T1,T2,1.4ft,0.05s
4.17.2026 14:54:50,T0,T1,1.9ft,0.05s
4.17.2026 14:54:50,T0,T2,2.3ft,0.05s
4.17.2026 14:54:50,T1,T2,1.5ft,0.05s
4.17.2026 14:54:50,T0,T1,1.9ft,0.05s
4.17.2026 14:54:50,T0,T2,2.3ft,0.05s
4.17.2026 14:54:50,T1,T2,1.5ft,0.05s
4.17.2026 14:54:50,T0,T1,1.9ft,0.05s
4.17.2026 14:54:50,T0,T2,2.3ft,0.05s
4.17.2026 14:54:50,T1,T2,1.5ft,0.05s
4.17.2026 14:54:50,T0,T1,1.9ft,0.05s
4.17.2026 14:54:50,T0,T2,2.4ft,0.05s
4.17.2026 14:54:50,T1,T2,1.5ft,0.05s
4.17.2026 14:54:51,T0,T1,2.0ft,0.05s
4.17.2026 14:54:51,T0,T2,2.4ft,0.05s
4.17.2026 14:54:51,T1,T2,1.5ft,0.05s
4.17.2026 14:54:51,T0,T1,2.0ft,0.05s
4.17.2026 14:54:51,T0,T2,2.5ft,0.05s
4.17.2026 14:54:51,T1,T2,1.6ft,0.05s
4.17.2026 14:54:51,T0,T1,2.0ft,0.05s
4.17.2026 14:54:51,T0,T2,2.5ft,0.05s
4.17.2026 14:54:51,T1,T2,1.6ft,0.05s
4.17.2026 14:54:51,T0,T1,2.0ft,0.05s
4.17.2026 14:54:51,T0,T2,2.6ft,0.05s
4.17.2026 14:54:51,T1,T2,1.6ft,0.05s
4.17.2026 14:54:51,T0,T1,2.0ft,0.05s
4.17.2026 14:54:51,T0,T2,2.6ft,0.05s
4.17.2026 14:54:51,T1,T2,1.6ft,0.05s
4.17.2026 14:54:51,T0,T1,2.0ft,0.05s
4.17.2026 14:54:51,T0,T2,2.7ft,0.05s
4.17.2026 14:54:51,T1,T2,1.6ft,0.05s
4.17.2026 14:54:51,T0,T1,2.0ft,0.05s
4.17.2026 14:54:51,T0,T2,2.7ft,0.05s
4.17.2026 14:54:51,T1,T2,1.7ft,0.05s
4.17.2026 14:54:51,T0,T1,2.1ft,0.05s
4.17.2026 14:54:51,T0,T2,2.7ft,0.05s
4.17.2026 14:54:51,T1,T2,1.7ft,0.05s
4.17.2026 14:54:51,T0,T1,2.1ft,0.05s
4.17.2026 14:54:51,T0,T2,2.8ft,0.05s
4.17.2026 14:54:51,T1,T2,1.7ft,0.05s
4.17.2026 14:54:51,T0,T1,2.1ft,0.05s
4.17.2026 14:54:51,T0,T2,2.8ft,0.05s
4.17.2026 14:54:51,T1,T2,1.7ft,0.05s
4.17.2026 14:54:51,T0,T1,2.2ft,0.05s
4.17.2026 14:54:51,T0,T2,2.9ft,0.05s
4.17.2026 14:54:51,T1,T2,1.7ft,0.05s
4.17.2026 14:54:51,T0,T1,2.2ft,0.05s
4.17.2026 14:54:51,T0,T2,2.9ft,0.05s
4.17.2026 14:54:51,T1,T2,1.7ft,0.05s
4.17.2026 14:54:51,T0,T1,2.2ft,0.05s
4.17.2026 14:54:51,T0,T2,3.0ft,0.05s
4.17.2026 14:54:51,T1,T2,1.8ft,0.05s
4.17.2026 14:54:51,T0,T1,2.1ft,0.05s
4.17.2026 14:54:51,T0,T2,3.0ft,0.05s
4.17.2026 14:54:51,T1,T2,1.8ft,0.05s
4.17.2026 14:54:51,T0,T1,2.1ft,0.06s
4.17.2026 14:54:51,T0,T2,3.0ft,0.06s
4.17.2026 14:54:51,T1,T2,1.8ft,0.06s
4.17.2026 14:54:51,T0,T1,2.1ft,0.05s
4.17.2026 14:54:51,T0,T2,3.0ft,0.05s
4.17.2026 14:54:51,T1,T2,1.8ft,0.05s
4.17.2026 14:54:51,T0,T1,2.1ft,0.05s
4.17.2026 14:54:51,T0,T2,3.0ft,0.05s
4.17.2026 14:54:51,T1,T2,1.8ft,0.05s
4.17.2026 14:54:51,T0,T1,2.1ft,0.05s
4.17.2026 14:54:51,T0,T2,3.0ft,0.05s
4.17.2026 14:54:51,T1,T2,1.9ft,0.05s
4.17.2026 14:54:51,T0,T1,2.1ft,0.05s
4.17.2026 14:54:51,T0,T2,3.0ft,0.05s
4.17.2026 14:54:51,T1,T2,1.9ft,0.05s
4.17.2026 14:54:51,T0,T1,2.1ft,0.05s
4.17.2026 14:54:51,T0,T2,3.0ft,0.05s
4.17.2026 14:54:51,T1,T2,1.9ft,0.05s
4.17.2026 14:54:52,T0,T1,2.1ft,0.05s
4.17.2026 14:54:52,T0,T2,3.0ft,0.05s
4.17.2026 14:54:52,T1,T2,1.9ft,0.05s
4.17.2026 14:54:52,T0,T1,2.1ft,0.05s
4.17.2026 14:54:52,T0,T2,2.9ft,0.05s
4.17.2026 14:54:52,T1,T2,1.8ft,0.05s
4.17.2026 14:54:52,T0,T1,2.1ft,0.05s
4.17.2026 14:54:52,T0,T2,2.9ft,0.05s
4.17.2026 14:54:52,T1,T2,1.8ft,0.05s
4.17.2026 14:54:52,T0,T1,2.1ft,0.05s
4.17.2026 14:54:52,T0,T2,2.9ft,0.05s
4.17.2026 14:54:52,T1,T2,1.8ft,0.05s
4.17.2026 14:54:52,T0,T1,2.1ft,0.05s
4.17.2026 14:54:52,T0,T2,2.9ft,0.05s
4.17.2026 14:54:52,T1,T2,1.8ft,0.05s
4.17.2026 14:54:52,T0,T1,2.1ft,0.05s
4.17.2026 14:54:52,T0,T2,2.9ft,0.05s
4.17.2026 14:54:52,T1,T2,1.8ft,0.05s
4.17.2026 14:54:52,T0,T1,2.1ft,0.05s
4.17.2026 14:54:52,T0,T2,2.9ft,0.05s
4.17.2026 14:54:52,T1,T2,1.8ft,0.05s
4.17.2026 14:54:52,T0,T1,2.0ft,0.05s
4.17.2026 14:54:52,T0,T2,2.9ft,0.05s
4.17.2026 14:54:52,T1,T2,1.8ft,0.05s
4.17.2026 14:54:52,T0,T1,2.0ft,0.05s
4.17.2026 14:54:52,T0,T2,2.8ft,0.05s
4.17.2026 14:54:52,T1,T2,1.8ft,0.05s
4.17.2026 14:54:52,T0,T1,2.1ft,0.05s
4.17.2026 14:54:52,T0,T2,2.8ft,0.05s
4.17.2026 14:54:52,T1,T2,1.8ft,0.05s
4.17.2026 14:54:52,T0,T1,2.1ft,0.05s
4.17.2026 14:54:52,T0,T2,2.8ft,0.05s
4.17.2026 14:54:52,T1,T2,1.8ft,0.05s
4.17.2026 14:54:52,T0,T1,2.1ft,0.05s
4.17.2026 14:54:52,T0,T2,2.7ft,0.05s
4.17.2026 14:54:52,T1,T2,1.8ft,0.05s
4.17.2026 14:54:52,T0,T1,2.1ft,0.05s
4.17.2026 14:54:52,T0,T2,2.7ft,0.05s
4.17.2026 14:54:52,T1,T2,1.7ft,0.05s
4.17.2026 14:54:52,T0,T1,2.0ft,0.05s
4.17.2026 14:54:52,T0,T2,2.6ft,0.05s
4.17.2026 14:54:52,T1,T2,1.7ft,0.05s
4.17.2026 14:54:52,T0,T1,2.0ft,0.05s
4.17.2026 14:54:52,T0,T2,2.6ft,0.05s
4.17.2026 14:54:52,T1,T2,1.7ft,0.05s
4.17.2026 14:54:52,T0,T1,2.0ft,0.05s
4.17.2026 14:54:52,T0,T2,2.5ft,0.05s
4.17.2026 14:54:52,T1,T2,1.7ft,0.05s
4.17.2026 14:54:52,T0,T1,2.0ft,0.05s
4.17.2026 14:54:52,T0,T2,2.5ft,0.05s
4.17.2026 14:54:52,T1,T2,1.6ft,0.05s
4.17.2026 14:54:52,T0,T1,2.0ft,0.05s
4.17.2026 14:54:52,T0,T2,2.4ft,0.05s
4.17.2026 14:54:52,T1,T2,1.6ft,0.05s
4.17.2026 14:54:52,T0,T1,2.0ft,0.05s
4.17.2026 14:54:52,T0,T2,2.5ft,0.05s
4.17.2026 14:54:52,T1,T2,1.6ft,0.05s
4.17.2026 14:54:52,T0,T1,2.0ft,0.06s
4.17.2026 14:54:52,T0,T2,2.5ft,0.06s
4.17.2026 14:54:52,T1,T2,1.7ft,0.06s
4.17.2026 14:54:53,T0,T1,2.0ft,0.05s
4.17.2026 14:54:53,T0,T2,2.6ft,0.05s
4.17.2026 14:54:53,T1,T2,1.7ft,0.05s
4.17.2026 14:54:53,T0,T1,2.0ft,0.05s
4.17.2026 14:54:53,T0,T2,2.6ft,0.05s
4.17.2026 14:54:53,T1,T2,1.7ft,0.05s
4.17.2026 14:54:53,T0,T1,2.0ft,0.05s
4.17.2026 14:54:53,T0,T2,2.6ft,0.05s
4.17.2026 14:54:53,T1,T2,1.7ft,0.05s
4.17.2026 14:54:53,T0,T1,2.0ft,0.05s
4.17.2026 14:54:53,T0,T2,2.6ft,0.05s
4.17.2026 14:54:53,T1,T2,1.7ft,0.05s
4.17.2026 14:54:53,T0,T1,2.0ft,0.05s
4.17.2026 14:54:53,T0,T2,2.5ft,0.05s
4.17.2026 14:54:53,T1,T2,1.7ft,0.05s
4.17.2026 14:54:53,T0,T1,2.0ft,0.05s
4.17.2026 14:54:53,T0,T2,2.5ft,0.05s
4.17.2026 14:54:53,T1,T2,1.6ft,0.05s
4.17.2026 14:54:53,T0,T1,2.0ft,0.05s
4.17.2026 14:54:53,T0,T2,2.4ft,0.05s
4.17.2026 14:54:53,T1,T2,1.6ft,0.05s
4.17.2026 14:54:53,T0,T1,2.0ft,0.05s
4.17.2026 14:54:53,T0,T2,2.4ft,0.05s
4.17.2026 14:54:53,T1,T2,1.5ft,0.05s
4.17.2026 14:54:53,T0,T1,2.0ft,0.05s
4.17.2026 14:54:53,T0,T2,2.3ft,0.05s
4.17.2026 14:54:53,T1,T2,1.5ft,0.05s
4.17.2026 14:54:53,T0,T1,2.0ft,0.05s
4.17.2026 14:54:53,T0,T2,2.3ft,0.05s
4.17.2026 14:54:53,T1,T2,1.5ft,0.05s
4.17.2026 14:54:53,T0,T1,2.0ft,0.05s
4.17.2026 14:54:53,T0,T2,2.3ft,0.05s
4.17.2026 14:54:53,T1,T2,1.5ft,0.05s
4.17.2026 14:54:53,T0,T1,2.0ft,0.05s
4.17.2026 14:54:53,T0,T2,2.2ft,0.05s
4.17.2026 14:54:53,T1,T2,1.4ft,0.05s
4.17.2026 14:54:53,T0,T1,2.0ft,0.05s
4.17.2026 14:54:53,T0,T2,2.2ft,0.05s
4.17.2026 14:54:53,T1,T2,1.4ft,0.05s
4.17.2026 14:54:53,T0,T1,1.9ft,0.05s
4.17.2026 14:54:53,T0,T2,2.3ft,0.05s
4.17.2026 14:54:53,T1,T2,1.5ft,0.05s
4.17.2026 14:54:53,T0,T1,1.9ft,0.05s
4.17.2026 14:54:53,T0,T2,2.4ft,0.05s
4.17.2026 14:54:53,T1,T2,1.5ft,0.05s
4.17.2026 14:54:53,T0,T1,1.9ft,0.05s
4.17.2026 14:54:53,T0,T2,2.5ft,0.05s
4.17.2026 14:54:53,T1,T2,1.6ft,0.05s
4.17.2026 14:54:53,T0,T1,1.9ft,0.05s
4.17.2026 14:54:53,T0,T2,2.5ft,0.05s
4.17.2026 14:54:53,T1,T2,1.6ft,0.05s
4.17.2026 14:54:53,T0,T1,1.9ft,0.05s
4.17.2026 14:54:53,T0,T2,2.5ft,0.05s
4.17.2026 14:54:53,T1,T2,1.6ft,0.05s
4.17.2026 14:54:53,T0,T1,1.9ft,0.05s
4.17.2026 14:54:53,T0,T2,2.5ft,0.05s
4.17.2026 14:54:53,T1,T2,1.6ft,0.05s
4.17.2026 14:54:54,T0,T1,1.9ft,0.05s
4.17.2026 14:54:54,T0,T2,2.5ft,0.05s
4.17.2026 14:54:54,T1,T2,1.6ft,0.05s
4.17.2026 14:54:54,T0,T1,1.9ft,0.05s
4.17.2026 14:54:54,T0,T2,2.4ft,0.05s
4.17.2026 14:54:54,T1,T2,1.6ft,0.05s
4.17.2026 14:54:54,T0,T1,1.9ft,0.05s
4.17.2026 14:54:54,T0,T2,2.4ft,0.05s
4.17.2026 14:54:54,T1,T2,1.6ft,0.05s
4.17.2026 14:54:54,T0,T1,1.9ft,0.05s
4.17.2026 14:54:54,T0,T2,2.4ft,0.05s
4.17.2026 14:54:54,T1,T2,1.6ft,0.05s
4.17.2026 14:54:54,T0,T1,1.9ft,0.05s
4.17.2026 14:54:54,T0,T2,2.5ft,0.05s
4.17.2026 14:54:54,T1,T2,1.6ft,0.05s
4.17.2026 14:54:54,T0,T1,1.8ft,0.06s
4.17.2026 14:54:54,T0,T2,2.5ft,0.06s
4.17.2026 14:54:54,T1,T2,1.6ft,0.06s
4.17.2026 14:54:54,T0,T1,1.8ft,0.05s
4.17.2026 14:54:54,T0,T2,2.5ft,0.05s
4.17.2026 14:54:54,T1,T2,1.7ft,0.05s
4.17.2026 14:54:54,T0,T1,1.8ft,0.05s
4.17.2026 14:54:54,T0,T2,2.6ft,0.05s
4.17.2026 14:54:54,T1,T2,1.7ft,0.05s
4.17.2026 14:54:54,T0,T1,1.9ft,0.05s
4.17.2026 14:54:54,T0,T2,2.9ft,0.05s
4.17.2026 14:54:54,T1,T2,1.9ft,0.05s
4.17.2026 14:54:54,T0,T1,1.9ft,0.05s
4.17.2026 14:54:54,T0,T2,3.1ft,0.05s
4.17.2026 14:54:54,T1,T2,2.1ft,0.05s
4.17.2026 14:54:54,T0,T1,1.9ft,0.05s
4.17.2026 14:54:54,T0,T2,3.1ft,0.05s
4.17.2026 14:54:54,T1,T2,2.1ft,0.05s
4.17.2026 14:54:54,T0,T1,1.9ft,0.05s
4.17.2026 14:54:54,T0,T2,3.0ft,0.05s
4.17.2026 14:54:54,T1,T2,2.0ft,0.05s
4.17.2026 14:54:54,T0,T1,1.9ft,0.05s
4.17.2026 14:54:54,T0,T2,3.0ft,0.05s
4.17.2026 14:54:54,T1,T2,2.0ft,0.05s
4.17.2026 14:54:54,T0,T1,1.9ft,0.05s
4.17.2026 14:54:54,T0,T2,3.0ft,0.05s
4.17.2026 14:54:54,T1,T2,2.0ft,0.05s
4.17.2026 14:54:54,T0,T1,1.9ft,0.05s
4.17.2026 14:54:54,T0,T2,2.9ft,0.05s
4.17.2026 14:54:54,T1,T2,1.9ft,0.05s
4.17.2026 14:54:54,T0,T1,1.9ft,0.05s
4.17.2026 14:54:54,T0,T2,2.7ft,0.05s
4.17.2026 14:54:54,T1,T2,1.8ft,0.05s
4.17.2026 14:54:54,T0,T1,1.9ft,0.05s
4.17.2026 14:54:54,T0,T2,2.6ft,0.05s
4.17.2026 14:54:54,T1,T2,1.7ft,0.05s
4.17.2026 14:54:54,T0,T1,1.8ft,0.05s
4.17.2026 14:54:54,T0,T2,2.6ft,0.05s
4.17.2026 14:54:54,T1,T2,1.7ft,0.05s
4.17.2026 14:54:54,T0,T1,1.8ft,0.05s
4.17.2026 14:54:54,T0,T2,2.5ft,0.05s
4.17.2026 14:54:54,T1,T2,1.6ft,0.05s
4.17.2026 14:54:54,T0,T1,1.8ft,0.05s
4.17.2026 14:54:54,T0,T2,2.4ft,0.05s
4.17.2026 14:54:54,T1,T2,1.6ft,0.05s
4.17.2026 14:54:55,T0,T1,1.8ft,0.05s
4.17.2026 14:54:55,T0,T2,2.3ft,0.05s
4.17.2026 14:54:55,T1,T2,1.5ft,0.05s
4.17.2026 14:54:55,T0,T1,1.8ft,0.05s
4.17.2026 14:54:55,T0,T2,2.3ft,0.05s
4.17.2026 14:54:55,T1,T2,1.5ft,0.05s
4.17.2026 14:54:55,T0,T1,1.8ft,0.05s
4.17.2026 14:54:55,T0,T2,2.2ft,0.05s
4.17.2026 14:54:55,T1,T2,1.5ft,0.05s
4.17.2026 14:54:55,T0,T1,1.8ft,0.05s
4.17.2026 14:54:55,T0,T2,2.2ft,0.05s
4.17.2026 14:54:55,T1,T2,1.5ft,0.05s
4.17.2026 14:54:55,T0,T1,1.8ft,0.05s
4.17.2026 14:54:55,T0,T2,2.1ft,0.05s
4.17.2026 14:54:55,T1,T2,1.4ft,0.05s
4.17.2026 14:54:55,T0,T1,1.8ft,0.05s
4.17.2026 14:54:55,T0,T2,2.1ft,0.05s
4.17.2026 14:54:55,T1,T2,1.4ft,0.05s
4.17.2026 14:54:55,T0,T1,1.8ft,0.05s
4.17.2026 14:54:55,T0,T2,2.1ft,0.05s
4.17.2026 14:54:55,T1,T2,1.4ft,0.05s
4.17.2026 14:54:55,T0,T1,1.8ft,0.05s
4.17.2026 14:54:55,T0,T2,2.0ft,0.05s
4.17.2026 14:54:55,T1,T2,1.4ft,0.05s
4.17.2026 14:54:55,T0,T1,1.8ft,0.05s
4.17.2026 14:54:55,T0,T2,2.0ft,0.05s
4.17.2026 14:54:55,T1,T2,1.4ft,0.05s
4.17.2026 14:54:55,T0,T1,1.8ft,0.05s
4.17.2026 14:54:55,T0,T2,2.0ft,0.05s
4.17.2026 14:54:55,T1,T2,1.4ft,0.05s
4.17.2026 14:54:55,T0,T1,1.8ft,0.05s
4.17.2026 14:54:55,T0,T2,1.9ft,0.05s
4.17.2026 14:54:55,T1,T2,1.4ft,0.05s
4.17.2026 14:54:55,T0,T1,1.8ft,0.05s
4.17.2026 14:54:55,T0,T2,1.9ft,0.05s
4.17.2026 14:54:55,T1,T2,1.4ft,0.05s
4.17.2026 14:54:55,T0,T1,1.8ft,0.05s
4.17.2026 14:54:55,T0,T2,2.0ft,0.05s
4.17.2026 14:54:55,T1,T2,1.4ft,0.05s
4.17.2026 14:54:55,T0,T1,1.8ft,0.05s
4.17.2026 14:54:55,T0,T2,2.1ft,0.05s
4.17.2026 14:54:55,T1,T2,1.5ft,0.05s
4.17.2026 14:54:55,T0,T1,1.8ft,0.05s
4.17.2026 14:54:55,T0,T2,2.2ft,0.05s
4.17.2026 14:54:55,T1,T2,1.5ft,0.05s
4.17.2026 14:54:55,T0,T1,1.8ft,0.05s
4.17.2026 14:54:55,T0,T2,2.3ft,0.05s
4.17.2026 14:54:55,T1,T2,1.6ft,0.05s
4.17.2026 14:54:55,T0,T1,1.8ft,0.05s
4.17.2026 14:54:55,T0,T2,2.5ft,0.05s
4.17.2026 14:54:55,T1,T2,1.7ft,0.05s
4.17.2026 14:54:55,T0,T1,1.8ft,0.05s
4.17.2026 14:54:55,T0,T2,2.7ft,0.05s
4.17.2026 14:54:55,T1,T2,1.9ft,0.05s
4.17.2026 14:54:55,T0,T1,1.8ft,0.05s
4.17.2026 14:54:55,T0,T2,2.9ft,0.05s
4.17.2026 14:54:55,T1,T2,2.1ft,0.05s
4.17.2026 14:54:56,T0,T1,1.8ft,0.05s
4.17.2026 14:54:56,T0,T2,3.2ft,0.05s
4.17.2026 14:54:56,T1,T2,2.3ft,0.05s
4.17.2026 14:54:56,T0,T1,1.9ft,0.05s
4.17.2026 14:54:56,T0,T2,3.4ft,0.05s
4.17.2026 14:54:56,T1,T2,2.4ft,0.05s
4.17.2026 14:54:56,T0,T1,1.9ft,0.06s
4.17.2026 14:54:56,T0,T2,3.5ft,0.06s
4.17.2026 14:54:56,T1,T2,2.5ft,0.06s
4.17.2026 14:54:56,T0,T1,1.9ft,0.05s
4.17.2026 14:54:56,T0,T2,3.7ft,0.05s
4.17.2026 14:54:56,T1,T2,2.6ft,0.05s
4.17.2026 14:54:56,T0,T1,1.9ft,0.05s
4.17.2026 14:54:56,T0,T2,3.9ft,0.05s
4.17.2026 14:54:56,T1,T2,2.8ft,0.05s
4.17.2026 14:54:56,T0,T1,1.9ft,0.05s
4.17.2026 14:54:56,T0,T2,4.0ft,0.05s
4.17.2026 14:54:56,T1,T2,2.9ft,0.05s
4.17.2026 14:54:56,T0,T1,2.0ft,0.05s
4.17.2026 14:54:56,T0,T2,4.1ft,0.05s
4.17.2026 14:54:56,T1,T2,3.0ft,0.05s
4.17.2026 14:54:56,T0,T1,2.0ft,0.05s
4.17.2026 14:54:56,T0,T2,4.2ft,0.05s
4.17.2026 14:54:56,T1,T2,3.0ft,0.05s
4.17.2026 14:54:56,T0,T1,2.0ft,0.05s
4.17.2026 14:54:56,T0,T2,4.2ft,0.05s
4.17.2026 14:54:56,T1,T2,3.0ft,0.05s
4.17.2026 14:54:56,T0,T1,2.0ft,0.05s
4.17.2026 14:54:56,T0,T2,4.2ft,0.05s
4.17.2026 14:54:56,T1,T2,3.0ft,0.05s
4.17.2026 14:54:56,T0,T1,2.0ft,0.05s
4.17.2026 14:54:56,T0,T2,4.2ft,0.05s
4.17.2026 14:54:56,T1,T2,3.1ft,0.05s
4.17.2026 14:54:56,T0,T1,2.0ft,0.05s
4.17.2026 14:54:56,T0,T2,4.2ft,0.05s
4.17.2026 14:54:56,T1,T2,3.0ft,0.05s
4.17.2026 14:54:56,T0,T1,1.9ft,0.05s
4.17.2026 14:54:56,T0,T2,4.2ft,0.05s
4.17.2026 14:54:56,T1,T2,3.0ft,0.05s
4.17.2026 14:54:56,T0,T1,1.9ft,0.05s
4.17.2026 14:54:56,T0,T2,4.1ft,0.05s
4.17.2026 14:54:56,T1,T2,3.0ft,0.05s
4.17.2026 14:54:56,T0,T1,1.9ft,0.05s
4.17.2026 14:54:56,T0,T2,4.1ft,0.05s
4.17.2026 14:54:56,T1,T2,2.9ft,0.05s
4.17.2026 14:54:56,T0,T1,1.9ft,0.05s
4.17.2026 14:54:56,T0,T2,4.1ft,0.05s
4.17.2026 14:54:56,T1,T2,2.9ft,0.05s
4.17.2026 14:54:56,T0,T1,1.9ft,0.05s
4.17.2026 14:54:56,T0,T2,4.1ft,0.05s
4.17.2026 14:54:56,T1,T2,2.9ft,0.05s
4.17.2026 14:54:56,T0,T1,1.9ft,0.05s
4.17.2026 14:54:56,T0,T2,4.1ft,0.05s
4.17.2026 14:54:56,T1,T2,2.9ft,0.05s
4.17.2026 14:54:56,T0,T1,2.0ft,0.05s
4.17.2026 14:54:56,T0,T2,4.0ft,0.05s
4.17.2026 14:54:56,T1,T2,2.8ft,0.05s
4.17.2026 14:54:56,T0,T1,2.0ft,0.05s
4.17.2026 14:54:56,T0,T2,4.0ft,0.05s
4.17.2026 14:54:56,T1,T2,2.8ft,0.05s
4.17.2026 14:54:57,T0,T1,2.0ft,0.05s
4.17.2026 14:54:57,T0,T2,4.0ft,0.05s
4.17.2026 14:54:57,T1,T2,2.8ft,0.05s
4.17.2026 14:54:57,T0,T1,2.0ft,0.05s
4.17.2026 14:54:57,T0,T2,4.0ft,0.05s
4.17.2026 14:54:57,T1,T2,2.7ft,0.05s
4.17.2026 14:54:57,T0,T1,2.0ft,0.05s
4.17.2026 14:54:57,T0,T2,4.0ft,0.05s
4.17.2026 14:54:57,T1,T2,2.7ft,0.05s
4.17.2026 14:54:57,T0,T1,2.0ft,0.05s
4.17.2026 14:54:57,T0,T2,3.9ft,0.05s
4.17.2026 14:54:57,T1,T2,2.7ft,0.05s
4.17.2026 14:54:57,T0,T1,2.0ft,0.05s
4.17.2026 14:54:57,T0,T2,3.9ft,0.05s
4.17.2026 14:54:57,T1,T2,2.7ft,0.05s
4.17.2026 14:54:57,T0,T1,2.0ft,0.05s
4.17.2026 14:54:57,T0,T2,3.9ft,0.05s
4.17.2026 14:54:57,T1,T2,2.6ft,0.05s
4.17.2026 14:54:57,T0,T1,2.0ft,0.05s
4.17.2026 14:54:57,T0,T2,3.9ft,0.05s
4.17.2026 14:54:57,T1,T2,2.6ft,0.05s
4.17.2026 14:54:57,T0,T1,2.0ft,0.05s
4.17.2026 14:54:57,T0,T2,3.9ft,0.05s
4.17.2026 14:54:57,T1,T2,2.6ft,0.05s
4.17.2026 14:54:57,T0,T1,2.0ft,0.05s
4.17.2026 14:54:57,T0,T2,3.9ft,0.05s
4.17.2026 14:54:57,T1,T2,2.6ft,0.05s
4.17.2026 14:54:57,T0,T1,2.0ft,0.05s
4.17.2026 14:54:57,T0,T2,3.9ft,0.05s
4.17.2026 14:54:57,T1,T2,2.6ft,0.05s
4.17.2026 14:54:57,T0,T1,2.0ft,0.05s
4.17.2026 14:54:57,T0,T2,3.9ft,0.05s
4.17.2026 14:54:57,T1,T2,2.6ft,0.05s
4.17.2026 14:54:57,T0,T1,2.0ft,0.05s
4.17.2026 14:54:57,T0,T2,3.9ft,0.05s
4.17.2026 14:54:57,T1,T2,2.6ft,0.05s
4.17.2026 14:54:57,T0,T1,2.0ft,0.05s
4.17.2026 14:54:57,T0,T2,3.9ft,0.05s
4.17.2026 14:54:57,T1,T2,2.6ft,0.05s
4.17.2026 14:54:57,T0,T1,2.0ft,0.05s
4.17.2026 14:54:57,T0,T2,3.8ft,0.05s
4.17.2026 14:54:57,T1,T2,2.6ft,0.05s
4.17.2026 14:54:57,T0,T1,2.0ft,0.05s
4.17.2026 14:54:57,T0,T2,3.8ft,0.05s
4.17.2026 14:54:57,T1,T2,2.6ft,0.05s
4.17.2026 14:54:57,T0,T1,2.0ft,0.05s
4.17.2026 14:54:57,T0,T2,3.8ft,0.05s
4.17.2026 14:54:57,T1,T2,2.6ft,0.05s
4.17.2026 14:54:57,T0,T1,2.0ft,0.05s
4.17.2026 14:54:57,T0,T2,3.8ft,0.05s
4.17.2026 14:54:57,T1,T2,2.5ft,0.05s
4.17.2026 14:54:57,T0,T1,2.0ft,0.05s
4.17.2026 14:54:57,T0,T2,3.8ft,0.05s
4.17.2026 14:54:57,T1,T2,2.5ft,0.05s
4.17.2026 14:54:57,T0,T1,2.0ft,0.05s
4.17.2026 14:54:57,T0,T2,3.8ft,0.05s
4.17.2026 14:54:57,T1,T2,2.5ft,0.05s
4.17.2026 14:54:58,T0,T1,2.0ft,0.05s
4.17.2026 14:54:58,T0,T2,3.7ft,0.05s
4.17.2026 14:54:58,T1,T2,2.5ft,0.05s
4.17.2026 14:54:58,T0,T1,2.0ft,0.05s
4.17.2026 14:54:58,T0,T2,3.7ft,0.05s
4.17.2026 14:54:58,T1,T2,2.5ft,0.05s
4.17.2026 14:54:58,T0,T1,2.0ft,0.06s
4.17.2026 14:54:58,T0,T2,3.7ft,0.06s
4.17.2026 14:54:58,T1,T2,2.5ft,0.06s
4.17.2026 14:54:58,T0,T1,2.0ft,0.05s
4.17.2026 14:54:58,T0,T2,3.7ft,0.05s
4.17.2026 14:54:58,T1,T2,2.5ft,0.05s
4.17.2026 14:54:58,T0,T1,2.0ft,0.05s
4.17.2026 14:54:58,T0,T2,3.7ft,0.05s
4.17.2026 14:54:58,T1,T2,2.5ft,0.05s
4.17.2026 14:54:58,T0,T1,2.0ft,0.05s
4.17.2026 14:54:58,T0,T2,3.8ft,0.05s
4.17.2026 14:54:58,T1,T2,2.5ft,0.05s
4.17.2026 14:54:58,T0,T1,2.0ft,0.05s
4.17.2026 14:54:58,T0,T2,3.8ft,0.05s
4.17.2026 14:54:58,T1,T2,2.5ft,0.05s
4.17.2026 14:54:58,T0,T1,2.0ft,0.05s
4.17.2026 14:54:58,T0,T2,3.8ft,0.05s
4.17.2026 14:54:58,T1,T2,2.5ft,0.05s
4.17.2026 14:54:58,T0,T1,2.0ft,0.05s
4.17.2026 14:54:58,T0,T2,3.8ft,0.05s
4.17.2026 14:54:58,T1,T2,2.5ft,0.05s
4.17.2026 14:54:58,T0,T1,2.0ft,0.05s
4.17.2026 14:54:58,T0,T2,3.8ft,0.05s
4.17.2026 14:54:58,T1,T2,2.5ft,0.05s
4.17.2026 14:54:58,T0,T1,2.1ft,0.05s
4.17.2026 14:54:58,T0,T2,3.8ft,0.05s
4.17.2026 14:54:58,T1,T2,2.5ft,0.05s
4.17.2026 14:54:58,T0,T1,2.1ft,0.05s
4.17.2026 14:54:58,T0,T2,3.8ft,0.05s
4.17.2026 14:54:58,T1,T2,2.5ft,0.05s
4.17.2026 14:54:58,T0,T1,2.0ft,0.05s
4.17.2026 14:54:58,T0,T2,3.8ft,0.05s
4.17.2026 14:54:58,T1,T2,2.5ft,0.05s
4.17.2026 14:54:58,T0,T1,2.0ft,0.05s
4.17.2026 14:54:58,T0,T2,3.9ft,0.05s
4.17.2026 14:54:58,T1,T2,2.5ft,0.05s
4.17.2026 14:54:58,T0,T1,2.0ft,0.05s
4.17.2026 14:54:58,T0,T2,3.8ft,0.05s
4.17.2026 14:54:58,T1,T2,2.5ft,0.05s
4.17.2026 14:54:58,T0,T1,2.0ft,0.05s
4.17.2026 14:54:58,T0,T2,3.8ft,0.05s
4.17.2026 14:54:58,T1,T2,2.5ft,0.05s
4.17.2026 14:54:58,T0,T1,2.0ft,0.05s
4.17.2026 14:54:58,T0,T2,3.8ft,0.05s
4.17.2026 14:54:58,T1,T2,2.5ft,0.05s
4.17.2026 14:54:58,T0,T1,2.0ft,0.05s
4.17.2026 14:54:58,T0,T2,3.8ft,0.05s
4.17.2026 14:54:58,T1,T2,2.5ft,0.05s
4.17.2026 14:54:58,T0,T1,2.0ft,0.05s
4.17.2026 14:54:58,T0,T2,3.8ft,0.05s
4.17.2026 14:54:58,T1,T2,2.5ft,0.05s
4.17.2026 14:54:58,T0,T1,2.0ft,0.05s
4.17.2026 14:54:58,T0,T2,3.8ft,0.05s
4.17.2026 14:54:58,T1,T2,2.5ft,0.05s
4.17.2026 14:54:59,T0,T1,2.0ft,0.05s
4.17.2026 14:54:59,T0,T2,3.8ft,0.05s
4.17.2026 14:54:59,T1,T2,2.5ft,0.05s
4.17.2026 14:54:59,T0,T1,2.0ft,0.05s
4.17.2026 14:54:59,T0,T2,3.8ft,0.05s
4.17.2026 14:54:59,T1,T2,2.5ft,0.05s
4.17.2026 14:54:59,T0,T1,2.0ft,0.05s
4.17.2026 14:54:59,T0,T2,3.7ft,0.05s
4.17.2026 14:54:59,T1,T2,2.5ft,0.05s
4.17.2026 14:54:59,T0,T1,2.0ft,0.05s
4.17.2026 14:54:59,T0,T2,3.7ft,0.05s
4.17.2026 14:54:59,T1,T2,2.5ft,0.05s
4.17.2026 14:54:59,T0,T1,2.0ft,0.05s
4.17.2026 14:54:59,T0,T2,3.7ft,0.05s
4.17.2026 14:54:59,T1,T2,2.5ft,0.05s
4.17.2026 14:54:59,T0,T1,2.0ft,0.05s
4.17.2026 14:54:59,T0,T2,3.7ft,0.05s
4.17.2026 14:54:59,T1,T2,2.5ft,0.05s
4.17.2026 14:54:59,T0,T1,2.0ft,0.05s
4.17.2026 14:54:59,T0,T2,3.7ft,0.05s
4.17.2026 14:54:59,T1,T2,2.5ft,0.05s
4.17.2026 14:54:59,T0,T1,2.0ft,0.05s
4.17.2026 14:54:59,T0,T2,3.7ft,0.05s
4.17.2026 14:54:59,T1,T2,2.5ft,0.05s
4.17.2026 14:54:59,T0,T1,2.0ft,0.05s
4.17.2026 14:54:59,T0,T2,3.7ft,0.05s
4.17.2026 14:54:59,T1,T2,2.5ft,0.05s
4.17.2026 14:54:59,T0,T1,2.0ft,0.05s
4.17.2026 14:54:59,T0,T2,3.7ft,0.05s
4.17.2026 14:54:59,T1,T2,2.5ft,0.05s
4.17.2026 14:54:59,T0,T1,2.0ft,0.05s
4.17.2026 14:54:59,T0,T2,3.6ft,0.05s
4.17.2026 14:54:59,T1,T2,2.5ft,0.05s
4.17.2026 14:54:59,T0,T1,2.0ft,0.05s
4.17.2026 14:54:59,T0,T2,3.6ft,0.05s
4.17.2026 14:54:59,T1,T2,2.5ft,0.05s
4.17.2026 14:54:59,T0,T1,2.0ft,0.05s
4.17.2026 14:54:59,T0,T2,3.6ft,0.05s
4.17.2026 14:54:59,T1,T2,2.4ft,0.05s
4.17.2026 14:54:59,T0,T1,2.0ft,0.05s
4.17.2026 14:54:59,T0,T2,3.6ft,0.05s
4.17.2026 14:54:59,T1,T2,2.4ft,0.05s
4.17.2026 14:54:59,T0,T1,2.1ft,0.05s
4.17.2026 14:54:59,T0,T2,3.6ft,0.05s
4.17.2026 14:54:59,T1,T2,2.4ft,0.05s
4.17.2026 14:54:59,T0,T1,2.1ft,0.05s
4.17.2026 14:54:59,T0,T2,3.6ft,0.05s
4.17.2026 14:54:59,T1,T2,2.4ft,0.05s
4.17.2026 14:54:59,T0,T1,2.1ft,0.05s
4.17.2026 14:54:59,T0,T2,3.7ft,0.05s
4.17.2026 14:54:59,T1,T2,2.5ft,0.05s
4.17.2026 14:54:59,T0,T1,2.1ft,0.05s
4.17.2026 14:54:59,T0,T2,3.7ft,0.05s
4.17.2026 14:54:59,T1,T2,2.5ft,0.05s
4.17.2026 14:54:59,T0,T1,2.1ft,0.05s
4.17.2026 14:54:59,T0,T2,3.7ft,0.05s
4.17.2026 14:54:59,T1,T2,2.5ft,0.05s
4.17.2026 14:55:00,T0,T1,2.1ft,0.05s
4.17.2026 14:55:00,T0,T2,3.7ft,0.05s
4.17.2026 14:55:00,T1,T2,2.5ft,0.05s
4.17.2026 14:55:00,T0,T1,2.1ft,0.05s
4.17.2026 14:55:00,T0,T2,3.7ft,0.05s
4.17.2026 14:55:00,T1,T2,2.5ft,0.05s
4.17.2026 14:55:00,T0,T1,2.1ft,0.05s
4.17.2026 14:55:00,T0,T2,3.7ft,0.05s
4.17.2026 14:55:00,T1,T2,2.5ft,0.05s
4.17.2026 14:55:00,T0,T1,2.1ft,0.05s
4.17.2026 14:55:00,T0,T2,3.8ft,0.05s
4.17.2026 14:55:00,T1,T2,2.5ft,0.05s
4.17.2026 14:55:00,T0,T1,2.1ft,0.05s
4.17.2026 14:55:00,T0,T2,3.8ft,0.05s
4.17.2026 14:55:00,T1,T2,2.5ft,0.05s
4.17.2026 14:55:00,T0,T1,2.1ft,0.05s
4.17.2026 14:55:00,T0,T2,3.8ft,0.05s
4.17.2026 14:55:00,T1,T2,2.6ft,0.05s
4.17.2026 14:55:00,T0,T1,2.1ft,0.05s
4.17.2026 14:55:00,T0,T2,3.8ft,0.05s
4.17.2026 14:55:00,T1,T2,2.6ft,0.05s
4.17.2026 14:55:00,T0,T1,2.1ft,0.05s
4.17.2026 14:55:00,T0,T2,3.9ft,0.05s
4.17.2026 14:55:00,T1,T2,2.6ft,0.05s
4.17.2026 14:55:00,T0,T1,2.1ft,0.05s
4.17.2026 14:55:00,T0,T2,3.9ft,0.05s
4.17.2026 14:55:00,T1,T2,2.6ft,0.05s
4.17.2026 14:55:00,T0,T1,2.1ft,0.05s
4.17.2026 14:55:00,T0,T2,3.9ft,0.05s
4.17.2026 14:55:00,T1,T2,2.6ft,0.05s
4.17.2026 14:55:00,T0,T1,2.1ft,0.05s
4.17.2026 14:55:00,T0,T2,3.9ft,0.05s
4.17.2026 14:55:00,T1,T2,2.6ft,0.05s
4.17.2026 14:55:00,T0,T1,2.1ft,0.05s
4.17.2026 14:55:00,T0,T2,3.9ft,0.05s
4.17.2026 14:55:00,T1,T2,2.6ft,0.05s
4.17.2026 14:55:00,T0,T1,2.1ft,0.05s
4.17.2026 14:55:00,T0,T2,3.9ft,0.05s
4.17.2026 14:55:00,T1,T2,2.7ft,0.05s
4.17.2026 14:55:00,T0,T1,2.1ft,0.05s
4.17.2026 14:55:00,T0,T2,3.9ft,0.05s
4.17.2026 14:55:00,T1,T2,2.7ft,0.05s
4.17.2026 14:55:00,T0,T1,2.1ft,0.05s
4.17.2026 14:55:00,T0,T2,3.9ft,0.05s
4.17.2026 14:55:00,T1,T2,2.7ft,0.05s
4.17.2026 14:55:00,T0,T1,2.1ft,0.05s
4.17.2026 14:55:00,T0,T2,4.0ft,0.05s
4.17.2026 14:55:00,T1,T2,2.7ft,0.05s
4.17.2026 14:55:00,T0,T1,2.1ft,0.05s
4.17.2026 14:55:00,T0,T2,4.0ft,0.05s
4.17.2026 14:55:00,T1,T2,2.7ft,0.05s
4.17.2026 14:55:00,T0,T1,2.1ft,0.05s
4.17.2026 14:55:00,T0,T2,4.0ft,0.05s
4.17.2026 14:55:00,T1,T2,2.7ft,0.05s
4.17.2026 14:55:00,T0,T1,2.1ft,0.05s
4.17.2026 14:55:00,T0,T2,4.0ft,0.05s
4.17.2026 14:55:00,T1,T2,2.7ft,0.05s
4.17.2026 14:55:00,T0,T1,2.1ft,0.05s
4.17.2026 14:55:00,T0,T2,4.0ft,0.05s
4.17.2026 14:55:00,T1,T2,2.7ft,0.05s
4.17.2026 14:55:01,T0,T1,2.0ft,0.05s
4.17.2026 14:55:01,T0,T2,4.0ft,0.05s
4.17.2026 14:55:01,T1,T2,2.7ft,0.05s
4.17.2026 14:55:01,T0,T1,2.0ft,0.05s
4.17.2026 14:55:01,T0,T2,4.0ft,0.05s
4.17.2026 14:55:01,T1,T2,2.7ft,0.05s
4.17.2026 14:55:01,T0,T1,2.0ft,0.05s
4.17.2026 14:55:01,T0,T2,4.0ft,0.05s
4.17.2026 14:55:01,T1,T2,2.7ft,0.05s
4.17.2026 14:55:01,T0,T1,2.0ft,0.05s
4.17.2026 14:55:01,T0,T2,4.0ft,0.05s
4.17.2026 14:55:01,T1,T2,2.7ft,0.05s
4.17.2026 14:55:01,T0,T1,2.0ft,0.05s
4.17.2026 14:55:01,T0,T2,4.0ft,0.05s
4.17.2026 14:55:01,T1,T2,2.7ft,0.05s
4.17.2026 14:55:01,T0,T1,2.0ft,0.05s
4.17.2026 14:55:01,T0,T2,4.0ft,0.05s
4.17.2026 14:55:01,T1,T2,2.7ft,0.05s
4.17.2026 14:55:01,T0,T1,2.0ft,0.05s
4.17.2026 14:55:01,T0,T2,4.0ft,0.05s
4.17.2026 14:55:01,T1,T2,2.7ft,0.05s
4.17.2026 14:55:01,T0,T1,2.0ft,0.05s
4.17.2026 14:55:01,T0,T2,3.9ft,0.05s
4.17.2026 14:55:01,T1,T2,2.7ft,0.05s
4.17.2026 14:55:01,T0,T1,2.0ft,0.05s
4.17.2026 14:55:01,T0,T2,3.9ft,0.05s
4.17.2026 14:55:01,T1,T2,2.6ft,0.05s
4.17.2026 14:55:01,T0,T1,2.0ft,0.05s
4.17.2026 14:55:01,T0,T2,3.9ft,0.05s
4.17.2026 14:55:01,T1,T2,2.6ft,0.05s
4.17.2026 14:55:01,T0,T1,2.0ft,0.05s
4.17.2026 14:55:01,T0,T2,3.8ft,0.05s
4.17.2026 14:55:01,T1,T2,2.6ft,0.05s
4.17.2026 14:55:01,T0,T1,2.0ft,0.05s
4.17.2026 14:55:01,T0,T2,3.8ft,0.05s
4.17.2026 14:55:01,T1,T2,2.5ft,0.05s
4.17.2026 14:55:01,T0,T1,2.0ft,0.05s
4.17.2026 14:55:01,T0,T2,3.8ft,0.05s
4.17.2026 14:55:01,T1,T2,2.5ft,0.05s
4.17.2026 14:55:01,T0,T1,2.0ft,0.05s
4.17.2026 14:55:01,T0,T2,3.7ft,0.05s
4.17.2026 14:55:01,T1,T2,2.5ft,0.05s
4.17.2026 14:55:01,T0,T1,2.0ft,0.05s
4.17.2026 14:55:01,T0,T2,3.7ft,0.05s
4.17.2026 14:55:01,T1,T2,2.4ft,0.05s
4.17.2026 14:55:01,T0,T1,2.0ft,0.05s
4.17.2026 14:55:01,T0,T2,3.6ft,0.05s
4.17.2026 14:55:01,T1,T2,2.4ft,0.05s
4.17.2026 14:55:01,T0,T1,2.0ft,0.05s
4.17.2026 14:55:01,T0,T2,3.6ft,0.05s
4.17.2026 14:55:01,T1,T2,2.3ft,0.05s
4.17.2026 14:55:01,T0,T1,2.0ft,0.05s
4.17.2026 14:55:01,T0,T2,3.6ft,0.05s
4.17.2026 14:55:01,T1,T2,2.3ft,0.05s
4.17.2026 14:55:01,T0,T1,2.0ft,0.05s
4.17.2026 14:55:01,T0,T2,3.6ft,0.05s
4.17.2026 14:55:01,T1,T2,2.4ft,0.05s
4.17.2026 14:55:02,T0,T1,2.0ft,0.05s
4.17.2026 14:55:02,T0,T2,3.5ft,0.05s
4.17.2026 14:55:02,T1,T2,2.3ft,0.05s
4.17.2026 14:55:02,T0,T1,2.0ft,0.05s
4.17.2026 14:55:02,T0,T2,3.5ft,0.05s
4.17.2026 14:55:02,T1,T2,2.2ft,0.05s
4.17.2026 14:55:02,T0,T1,2.0ft,0.05s
4.17.2026 14:55:02,T0,T2,3.3ft,0.05s
4.17.2026 14:55:02,T1,T2,2.1ft,0.05s
4.17.2026 14:55:02,T0,T1,2.0ft,0.05s
4.17.2026 14:55:02,T0,T2,3.2ft,0.05s
4.17.2026 14:55:02,T1,T2,2.0ft,0.05s
4.17.2026 14:55:02,T0,T1,2.0ft,0.05s
4.17.2026 14:55:02,T0,T2,3.1ft,0.05s
4.17.2026 14:55:02,T1,T2,1.9ft,0.05s
4.17.2026 14:55:02,T0,T1,2.0ft,0.05s
4.17.2026 14:55:02,T0,T2,3.0ft,0.05s
4.17.2026 14:55:02,T1,T2,1.8ft,0.05s
4.17.2026 14:55:02,T0,T1,2.0ft,0.05s
4.17.2026 14:55:02,T0,T2,2.8ft,0.05s
4.17.2026 14:55:02,T1,T2,1.8ft,0.05s
4.17.2026 14:55:02,T0,T1,2.0ft,0.05s
4.17.2026 14:55:02,T0,T2,2.8ft,0.05s
4.17.2026 14:55:02,T1,T2,1.8ft,0.05s
4.17.2026 14:55:02,T0,T1,2.0ft,0.05s
4.17.2026 14:55:02,T0,T2,2.8ft,0.05s
4.17.2026 14:55:02,T1,T2,1.7ft,0.05s
4.17.2026 14:55:02,T0,T1,2.0ft,0.05s
4.17.2026 14:55:02,T0,T2,2.8ft,0.05s
4.17.2026 14:55:02,T1,T2,1.7ft,0.05s
4.17.2026 14:55:02,T0,T1,2.0ft,0.05s
4.17.2026 14:55:02,T0,T2,2.7ft,0.05s
4.17.2026 14:55:02,T1,T2,1.7ft,0.05s
4.17.2026 14:55:02,T0,T1,2.0ft,0.05s
4.17.2026 14:55:02,T0,T2,2.7ft,0.05s
4.17.2026 14:55:02,T1,T2,1.7ft,0.05s
4.17.2026 14:55:02,T0,T1,2.0ft,0.05s
4.17.2026 14:55:02,T0,T2,2.7ft,0.05s
4.17.2026 14:55:02,T1,T2,1.7ft,0.05s
4.17.2026 14:55:02,T0,T1,2.0ft,0.05s
4.17.2026 14:55:02,T0,T2,2.6ft,0.05s
4.17.2026 14:55:02,T1,T2,1.6ft,0.05s
4.17.2026 14:55:02,T0,T1,2.0ft,0.05s
4.17.2026 14:55:02,T0,T2,2.5ft,0.05s
4.17.2026 14:55:02,T1,T2,1.6ft,0.05s
4.17.2026 14:55:02,T0,T1,2.0ft,0.05s
4.17.2026 14:55:02,T0,T2,2.5ft,0.05s
4.17.2026 14:55:02,T1,T2,1.5ft,0.05s
4.17.2026 14:55:02,T0,T1,2.0ft,0.05s
4.17.2026 14:55:02,T0,T2,2.4ft,0.05s
4.17.2026 14:55:02,T1,T2,1.5ft,0.05s
4.17.2026 14:55:02,T0,T1,2.0ft,0.05s
4.17.2026 14:55:02,T0,T2,2.4ft,0.05s
4.17.2026 14:55:02,T1,T2,1.5ft,0.05s
4.17.2026 14:55:02,T0,T1,2.0ft,0.05s
4.17.2026 14:55:02,T0,T2,2.4ft,0.05s
4.17.2026 14:55:02,T1,T2,1.5ft,0.05s
4.17.2026 14:55:02,T0,T1,2.0ft,0.05s
4.17.2026 14:55:02,T0,T2,2.3ft,0.05s
4.17.2026 14:55:02,T1,T2,1.5ft,0.05s
4.17.2026 14:55:03,T0,T1,2.0ft,0.05s
4.17.2026 14:55:03,T0,T2,2.3ft,0.05s
4.17.2026 14:55:03,T1,T2,1.4ft,0.05s
4.17.2026 14:55:03,T0,T1,1.9ft,0.06s
4.17.2026 14:55:03,T0,T2,2.2ft,0.06s
4.17.2026 14:55:03,T1,T2,1.4ft,0.06s
4.17.2026 14:55:03,T0,T1,1.9ft,0.05s
4.17.2026 14:55:03,T0,T2,2.2ft,0.05s
4.17.2026 14:55:03,T1,T2,1.4ft,0.05s
4.17.2026 14:55:03,T0,T1,1.9ft,0.05s
4.17.2026 14:55:03,T0,T2,2.2ft,0.05s
4.17.2026 14:55:03,T1,T2,1.4ft,0.05s
4.17.2026 14:55:03,T0,T1,1.9ft,0.05s
4.17.2026 14:55:03,T0,T2,2.2ft,0.05s
4.17.2026 14:55:03,T1,T2,1.4ft,0.05s
4.17.2026 14:55:03,T0,T1,1.9ft,0.05s
4.17.2026 14:55:03,T0,T2,2.2ft,0.05s
4.17.2026 14:55:03,T1,T2,1.4ft,0.05s
4.17.2026 14:55:03,T0,T1,1.9ft,0.05s
4.17.2026 14:55:03,T0,T2,2.2ft,0.05s
4.17.2026 14:55:03,T1,T2,1.4ft,0.05s
4.17.2026 14:55:03,T0,T1,2.0ft,0.05s
4.17.2026 14:55:03,T0,T2,2.2ft,0.05s
4.17.2026 14:55:03,T1,T2,1.4ft,0.05s
4.17.2026 14:55:03,T0,T1,2.0ft,0.05s
4.17.2026 14:55:03,T0,T2,2.3ft,0.05s
4.17.2026 14:55:03,T1,T2,1.4ft,0.05s
4.17.2026 14:55:03,T0,T1,2.0ft,0.05s
4.17.2026 14:55:03,T0,T2,2.3ft,0.05s
4.17.2026 14:55:03,T1,T2,1.5ft,0.05s
4.17.2026 14:55:03,T0,T1,2.0ft,0.05s
4.17.2026 14:55:03,T0,T2,2.4ft,0.05s
4.17.2026 14:55:03,T1,T2,1.5ft,0.05s
4.17.2026 14:55:03,T0,T1,2.0ft,0.05s
4.17.2026 14:55:03,T0,T2,2.6ft,0.05s
4.17.2026 14:55:03,T1,T2,1.6ft,0.05s
4.17.2026 14:55:03,T0,T1,2.0ft,0.05s
4.17.2026 14:55:03,T0,T2,2.6ft,0.05s
4.17.2026 14:55:03,T1,T2,1.7ft,0.05s
4.17.2026 14:55:03,T0,T1,1.9ft,0.05s
4.17.2026 14:55:03,T0,T2,2.7ft,0.05s
4.17.2026 14:55:03,T1,T2,1.7ft,0.05s
4.17.2026 14:55:03,T0,T1,1.9ft,0.05s
4.17.2026 14:55:03,T0,T2,2.8ft,0.05s
4.17.2026 14:55:03,T1,T2,1.8ft,0.05s
4.17.2026 14:55:03,T0,T1,2.0ft,0.05s
4.17.2026 14:55:03,T0,T2,2.9ft,0.05s
4.17.2026 14:55:03,T1,T2,1.9ft,0.05s
4.17.2026 14:55:03,T0,T1,2.0ft,0.05s
4.17.2026 14:55:03,T0,T2,2.9ft,0.05s
4.17.2026 14:55:03,T1,T2,1.9ft,0.05s
4.17.2026 14:55:03,T0,T1,2.0ft,0.05s
4.17.2026 14:55:03,T0,T2,3.0ft,0.05s
4.17.2026 14:55:03,T1,T2,1.9ft,0.05s
4.17.2026 14:55:03,T0,T1,2.0ft,0.05s
4.17.2026 14:55:03,T0,T2,3.0ft,0.05s
4.17.2026 14:55:03,T1,T2,2.0ft,0.05s
4.17.2026 14:55:03,T0,T1,2.0ft,0.05s
4.17.2026 14:55:03,T0,T2,3.1ft,0.05s
4.17.2026 14:55:03,T1,T2,2.0ft,0.05s
4.17.2026 14:55:04,T0,T1,2.0ft,0.05s
4.17.2026 14:55:04,T0,T2,3.1ft,0.05s
4.17.2026 14:55:04,T1,T2,2.0ft,0.05s
4.17.2026 14:55:04,T0,T1,2.0ft,0.05s
4.17.2026 14:55:04,T0,T2,3.2ft,0.05s
4.17.2026 14:55:04,T1,T2,2.1ft,0.05s
4.17.2026 14:55:04,T0,T1,2.0ft,0.05s
4.17.2026 14:55:04,T0,T2,3.3ft,0.05s
4.17.2026 14:55:04,T1,T2,2.2ft,0.05s
4.17.2026 14:55:04,T0,T1,2.0ft,0.05s
4.17.2026 14:55:04,T0,T2,3.5ft,0.05s
4.17.2026 14:55:04,T1,T2,2.3ft,0.05s
4.17.2026 14:55:04,T0,T1,2.0ft,0.05s
4.17.2026 14:55:04,T0,T2,3.4ft,0.05s
4.17.2026 14:55:04,T1,T2,2.3ft,0.05s
4.17.2026 14:55:04,T0,T1,2.0ft,0.05s
4.17.2026 14:55:04,T0,T2,3.4ft,0.05s
4.17.2026 14:55:04,T1,T2,2.3ft,0.05s
4.17.2026 14:55:04,T0,T1,2.0ft,0.05s
4.17.2026 14:55:04,T0,T2,3.3ft,0.05s
4.17.2026 14:55:04,T1,T2,2.2ft,0.05s
4.17.2026 14:55:04,T0,T1,2.0ft,0.05s
4.17.2026 14:55:04,T0,T2,3.2ft,0.05s
4.17.2026 14:55:04,T1,T2,2.2ft,0.05s
4.17.2026 14:55:04,T0,T1,2.0ft,0.05s
4.17.2026 14:55:04,T0,T2,3.1ft,0.05s
4.17.2026 14:55:04,T1,T2,2.1ft,0.05s
4.17.2026 14:55:04,T0,T1,2.0ft,0.05s
4.17.2026 14:55:04,T0,T2,3.1ft,0.05s
4.17.2026 14:55:04,T1,T2,2.0ft,0.05s
4.17.2026 14:55:04,T0,T1,2.0ft,0.05s
4.17.2026 14:55:04,T0,T2,3.0ft,0.05s
4.17.2026 14:55:04,T1,T2,2.0ft,0.05s
4.17.2026 14:55:04,T0,T1,2.0ft,0.05s
4.17.2026 14:55:04,T0,T2,3.0ft,0.05s
4.17.2026 14:55:04,T1,T2,2.0ft,0.05s
4.17.2026 14:55:04,T0,T1,2.0ft,0.05s
4.17.2026 14:55:04,T0,T2,3.0ft,0.05s
4.17.2026 14:55:04,T1,T2,2.0ft,0.05s
4.17.2026 14:55:04,T0,T1,2.0ft,0.05s
4.17.2026 14:55:04,T0,T2,3.0ft,0.05s
4.17.2026 14:55:04,T1,T2,2.0ft,0.05s
4.17.2026 14:55:04,T0,T1,1.9ft,0.05s
4.17.2026 14:55:04,T0,T2,3.0ft,0.05s
4.17.2026 14:55:04,T1,T2,2.0ft,0.05s
4.17.2026 14:55:04,T0,T1,1.9ft,0.05s
4.17.2026 14:55:04,T0,T2,3.1ft,0.05s
4.17.2026 14:55:04,T1,T2,2.1ft,0.05s
4.17.2026 14:55:04,T0,T1,1.9ft,0.05s
4.17.2026 14:55:04,T0,T2,3.1ft,0.05s
4.17.2026 14:55:04,T1,T2,2.1ft,0.05s
4.17.2026 14:55:04,T0,T1,1.9ft,0.05s
4.17.2026 14:55:04,T0,T2,3.1ft,0.05s
4.17.2026 14:55:04,T1,T2,2.1ft,0.05s
4.17.2026 14:55:04,T0,T1,1.9ft,0.05s
4.17.2026 14:55:04,T0,T2,3.0ft,0.05s
4.17.2026 14:55:04,T1,T2,2.1ft,0.05s
4.17.2026 14:55:05,T0,T1,1.9ft,0.05s
4.17.2026 14:55:05,T0,T2,3.0ft,0.05s
4.17.2026 14:55:05,T1,T2,2.0ft,0.05s
4.17.2026 14:55:05,T0,T1,1.9ft,0.05s
4.17.2026 14:55:05,T0,T2,2.9ft,0.05s
4.17.2026 14:55:05,T1,T2,1.9ft,0.05s
4.17.2026 14:55:05,T0,T1,1.9ft,0.05s
4.17.2026 14:55:05,T0,T2,2.8ft,0.05s
4.17.2026 14:55:05,T1,T2,1.9ft,0.05s
4.17.2026 14:55:05,T0,T1,1.9ft,0.05s
4.17.2026 14:55:05,T0,T2,2.8ft,0.05s
4.17.2026 14:55:05,T1,T2,1.9ft,0.05s
4.17.2026 14:55:05,T0,T1,2.0ft,0.05s
4.17.2026 14:55:05,T0,T2,2.8ft,0.05s
4.17.2026 14:55:05,T1,T2,1.8ft,0.05s
4.17.2026 14:55:05,T0,T1,2.0ft,0.05s
4.17.2026 14:55:05,T0,T2,2.7ft,0.05s
4.17.2026 14:55:05,T1,T2,1.7ft,0.05s
4.17.2026 14:55:05,T0,T1,2.0ft,0.05s
4.17.2026 14:55:05,T0,T2,2.7ft,0.05s
4.17.2026 14:55:05,T1,T2,1.7ft,0.05s
4.17.2026 14:55:05,T0,T1,2.1ft,0.05s
4.17.2026 14:55:05,T0,T2,2.7ft,0.05s
4.17.2026 14:55:05,T1,T2,1.7ft,0.05s
4.17.2026 14:55:05,T0,T1,2.1ft,0.05s
4.17.2026 14:55:05,T0,T2,2.7ft,0.05s
4.17.2026 14:55:05,T1,T2,1.7ft,0.05s
4.17.2026 14:55:05,T0,T1,2.1ft,0.05s
4.17.2026 14:55:05,T0,T2,2.7ft,0.05s
4.17.2026 14:55:05,T1,T2,1.7ft,0.05s
4.17.2026 14:55:05,T0,T1,2.1ft,0.05s
4.17.2026 14:55:05,T0,T2,2.7ft,0.05s
4.17.2026 14:55:05,T1,T2,1.6ft,0.05s
4.17.2026 14:55:05,T0,T1,2.1ft,0.05s
4.17.2026 14:55:05,T0,T2,2.7ft,0.05s
4.17.2026 14:55:05,T1,T2,1.7ft,0.05s
4.17.2026 14:55:05,T0,T1,2.1ft,0.05s
4.17.2026 14:55:05,T0,T2,2.7ft,0.05s
4.17.2026 14:55:05,T1,T2,1.7ft,0.05s
4.17.2026 14:55:05,T0,T1,2.2ft,0.05s
4.17.2026 14:55:05,T0,T2,2.8ft,0.05s
4.17.2026 14:55:05,T1,T2,1.7ft,0.05s
4.17.2026 14:55:05,T0,T1,2.2ft,0.05s
4.17.2026 14:55:05,T0,T2,2.8ft,0.05s
4.17.2026 14:55:05,T1,T2,1.7ft,0.05s
4.17.2026 14:55:05,T0,T1,2.3ft,0.05s
4.17.2026 14:55:05,T0,T2,2.8ft,0.05s
4.17.2026 14:55:05,T1,T2,1.6ft,0.05s
4.17.2026 14:55:05,T0,T1,2.3ft,0.05s
4.17.2026 14:55:05,T0,T2,2.8ft,0.05s
4.17.2026 14:55:05,T1,T2,1.6ft,0.05s
4.17.2026 14:55:05,T0,T1,2.3ft,0.05s
4.17.2026 14:55:05,T0,T2,2.8ft,0.05s
4.17.2026 14:55:05,T1,T2,1.6ft,0.05s
4.17.2026 14:55:05,T0,T1,2.4ft,0.05s
4.17.2026 14:55:05,T0,T2,2.8ft,0.05s
4.17.2026 14:55:05,T1,T2,1.6ft,0.05s
4.17.2026 14:55:05,T0,T1,2.4ft,0.05s
4.17.2026 14:55:05,T0,T2,2.8ft,0.05s
4.17.2026 14:55:05,T1,T2,1.6ft,0.05s
4.17.2026 14:55:06,T0,T1,2.5ft,0.05s
4.17.2026 14:55:06,T0,T2,2.9ft,0.05s
4.17.2026 14:55:06,T1,T2,1.6ft,0.05s
4.17.2026 14:55:06,T0,T1,2.5ft,0.05s
4.17.2026 14:55:06,T0,T2,2.9ft,0.05s
4.17.2026 14:55:06,T1,T2,1.6ft,0.05s
4.17.2026 14:55:06,T0,T1,2.6ft,0.05s
4.17.2026 14:55:06,T0,T2,2.9ft,0.05s
4.17.2026 14:55:06,T1,T2,1.6ft,0.05s
4.17.2026 14:55:06,T0,T1,2.6ft,0.05s
4.17.2026 14:55:06,T0,T2,2.9ft,0.05s
4.17.2026 14:55:06,T1,T2,1.6ft,0.05s
4.17.2026 14:55:06,T0,T1,2.7ft,0.05s
4.17.2026 14:55:06,T0,T2,2.9ft,0.05s
4.17.2026 14:55:06,T1,T2,1.6ft,0.05s
4.17.2026 14:55:06,T0,T1,2.7ft,0.05s
4.17.2026 14:55:06,T0,T2,3.0ft,0.05s
4.17.2026 14:55:06,T1,T2,1.6ft,0.05s
4.17.2026 14:55:06,T0,T1,2.7ft,0.05s
4.17.2026 14:55:06,T0,T2,3.0ft,0.05s
4.17.2026 14:55:06,T1,T2,1.6ft,0.05s
4.17.2026 14:55:06,T0,T1,2.7ft,0.05s
4.17.2026 14:55:06,T0,T2,3.0ft,0.05s
4.17.2026 14:55:06,T1,T2,1.6ft,0.05s
4.17.2026 14:55:06,T0,T1,2.7ft,0.05s
4.17.2026 14:55:06,T0,T2,2.9ft,0.05s
4.17.2026 14:55:06,T1,T2,1.6ft,0.05s
4.17.2026 14:55:06,T0,T1,2.7ft,0.05s
4.17.2026 14:55:06,T0,T2,2.9ft,0.05s
4.17.2026 14:55:06,T1,T2,1.5ft,0.05s
4.17.2026 14:55:06,T0,T1,2.7ft,0.05s
4.17.2026 14:55:06,T0,T2,2.9ft,0.05s
4.17.2026 14:55:06,T1,T2,1.6ft,0.05s
4.17.2026 14:55:06,T0,T1,2.6ft,0.05s
4.17.2026 14:55:06,T0,T2,2.9ft,0.05s
4.17.2026 14:55:06,T1,T2,1.6ft,0.05s
4.17.2026 14:55:06,T0,T1,2.6ft,0.05s
4.17.2026 14:55:06,T0,T2,2.9ft,0.05s
4.17.2026 14:55:06,T1,T2,1.6ft,0.05s
4.17.2026 14:55:06,T0,T1,2.6ft,0.05s
4.17.2026 14:55:06,T0,T2,2.9ft,0.05s
4.17.2026 14:55:06,T1,T2,1.6ft,0.05s
4.17.2026 14:55:06,T0,T1,2.6ft,0.05s
4.17.2026 14:55:06,T0,T2,2.8ft,0.05s
4.17.2026 14:55:06,T1,T2,1.7ft,0.05s
4.17.2026 14:55:06,T0,T1,2.5ft,0.05s
4.17.2026 14:55:06,T0,T2,2.8ft,0.05s
4.17.2026 14:55:06,T1,T2,1.7ft,0.05s
4.17.2026 14:55:06,T0,T1,2.5ft,0.05s
4.17.2026 14:55:06,T0,T2,2.8ft,0.05s
4.17.2026 14:55:06,T1,T2,1.7ft,0.05s
4.17.2026 14:55:06,T0,T1,2.4ft,0.05s
4.17.2026 14:55:06,T0,T2,2.9ft,0.05s
4.17.2026 14:55:06,T1,T2,1.7ft,0.05s
4.17.2026 14:55:06,T0,T1,2.4ft,0.05s
4.17.2026 14:55:06,T0,T2,2.8ft,0.05s
4.17.2026 14:55:06,T1,T2,1.7ft,0.05s
4.17.2026 14:55:07,T0,T1,2.4ft,0.05s
4.17.2026 14:55:07,T0,T2,2.9ft,0.05s
4.17.2026 14:55:07,T1,T2,1.7ft,0.05s
4.17.2026 14:55:07,T0,T1,2.4ft,0.05s
4.17.2026 14:55:07,T0,T2,2.9ft,0.05s
4.17.2026 14:55:07,T1,T2,1.7ft,0.05s
4.17.2026 14:55:07,T0,T1,2.4ft,0.05s
4.17.2026 14:55:07,T0,T2,2.9ft,0.05s
4.17.2026 14:55:07,T1,T2,1.7ft,0.05s
4.17.2026 14:55:07,T0,T1,2.4ft,0.05s
4.17.2026 14:55:07,T0,T2,2.9ft,0.05s
4.17.2026 14:55:07,T1,T2,1.6ft,0.05s
4.17.2026 14:55:07,T0,T1,2.3ft,0.05s
4.17.2026 14:55:07,T0,T2,2.9ft,0.05s
4.17.2026 14:55:07,T1,T2,1.6ft,0.05s
4.17.2026 14:55:07,T0,T1,2.4ft,0.05s
4.17.2026 14:55:07,T0,T2,2.9ft,0.05s
4.17.2026 14:55:07,T1,T2,1.5ft,0.05s
4.17.2026 14:55:07,T0,T1,2.4ft,0.05s
4.17.2026 14:55:07,T0,T2,3.0ft,0.05s
4.17.2026 14:55:07,T1,T2,1.5ft,0.05s
4.17.2026 14:55:07,T0,T1,2.4ft,0.05s
4.17.2026 14:55:07,T0,T2,3.0ft,0.05s
4.17.2026 14:55:07,T1,T2,1.5ft,0.05s
4.17.2026 14:55:07,T0,T1,2.5ft,0.05s
4.17.2026 14:55:07,T0,T2,3.1ft,0.05s
4.17.2026 14:55:07,T1,T2,1.5ft,0.05s
4.17.2026 14:55:07,T0,T1,2.6ft,0.05s
4.17.2026 14:55:07,T0,T2,3.2ft,0.05s
4.17.2026 14:55:07,T1,T2,1.4ft,0.05s
4.17.2026 14:55:07,T0,T1,2.6ft,0.05s
4.17.2026 14:55:07,T0,T2,3.2ft,0.05s
4.17.2026 14:55:07,T1,T2,1.4ft,0.05s
4.17.2026 14:55:07,T0,T1,2.7ft,0.05s
4.17.2026 14:55:07,T0,T2,3.2ft,0.05s
4.17.2026 14:55:07,T1,T2,1.4ft,0.05s
4.17.2026 14:55:07,T0,T1,2.7ft,0.05s
4.17.2026 14:55:07,T0,T2,3.3ft,0.05s
4.17.2026 14:55:07,T1,T2,1.3ft,0.05s
4.17.2026 14:55:07,T0,T1,2.8ft,0.05s
4.17.2026 14:55:07,T0,T2,3.4ft,0.05s
4.17.2026 14:55:07,T1,T2,1.3ft,0.05s
4.17.2026 14:55:07,T0,T1,2.9ft,0.05s
4.17.2026 14:55:07,T0,T2,3.4ft,0.05s
4.17.2026 14:55:07,T1,T2,1.3ft,0.05s
4.17.2026 14:55:07,T0,T1,2.9ft,0.05s
4.17.2026 14:55:07,T0,T2,3.4ft,0.05s
4.17.2026 14:55:07,T1,T2,1.3ft,0.05s
4.17.2026 14:55:07,T0,T1,2.9ft,0.05s
4.17.2026 14:55:07,T0,T2,3.3ft,0.05s
4.17.2026 14:55:07,T1,T2,1.3ft,0.05s
4.17.2026 14:55:07,T0,T1,2.9ft,0.05s
4.17.2026 14:55:07,T0,T2,3.3ft,0.05s
4.17.2026 14:55:07,T1,T2,1.3ft,0.05s
4.17.2026 14:55:07,T0,T1,2.9ft,0.05s
4.17.2026 14:55:07,T0,T2,3.2ft,0.05s
4.17.2026 14:55:07,T1,T2,1.3ft,0.05s
4.17.2026 14:55:07,T0,T1,2.8ft,0.05s
4.17.2026 14:55:07,T0,T2,3.1ft,0.05s
4.17.2026 14:55:07,T1,T2,1.3ft,0.05s
4.17.2026 14:55:08,T0,T1,2.8ft,0.05s
4.17.2026 14:55:08,T0,T2,3.1ft,0.05s
4.17.2026 14:55:08,T1,T2,1.3ft,0.05s
4.17.2026 14:55:08,T0,T1,2.8ft,0.05s
4.17.2026 14:55:08,T0,T2,3.1ft,0.05s
4.17.2026 14:55:08,T1,T2,1.3ft,0.05s
4.17.2026 14:55:08,T0,T1,2.7ft,0.05s
4.17.2026 14:55:08,T0,T2,3.1ft,0.05s
4.17.2026 14:55:08,T1,T2,1.3ft,0.05s
4.17.2026 14:55:08,T0,T1,2.7ft,0.05s
4.17.2026 14:55:08,T0,T2,3.1ft,0.05s
4.17.2026 14:55:08,T1,T2,1.4ft,0.05s
4.17.2026 14:55:08,T0,T1,2.6ft,0.05s
4.17.2026 14:55:08,T0,T2,3.2ft,0.05s
4.17.2026 14:55:08,T1,T2,1.5ft,0.05s
4.17.2026 14:55:08,T0,T1,2.5ft,0.05s
4.17.2026 14:55:08,T0,T2,3.2ft,0.05s
4.17.2026 14:55:08,T1,T2,1.6ft,0.05s
4.17.2026 14:55:08,T0,T1,2.5ft,0.05s
4.17.2026 14:55:08,T0,T2,3.2ft,0.05s
4.17.2026 14:55:08,T1,T2,1.6ft,0.05s
4.17.2026 14:55:08,T0,T1,2.4ft,0.05s
4.17.2026 14:55:08,T0,T2,3.3ft,0.05s
4.17.2026 14:55:08,T1,T2,1.7ft,0.05s
4.17.2026 14:55:08,T0,T1,2.3ft,0.05s
4.17.2026 14:55:08,T0,T2,3.1ft,0.05s
4.17.2026 14:55:08,T1,T2,1.8ft,0.05s
4.17.2026 14:55:08,T0,T1,2.2ft,0.05s
4.17.2026 14:55:08,T0,T2,3.0ft,0.05s
4.17.2026 14:55:08,T1,T2,1.8ft,0.05s
4.17.2026 14:55:08,T0,T1,2.2ft,0.05s
4.17.2026 14:55:08,T0,T2,2.9ft,0.05s
4.17.2026 14:55:08,T1,T2,1.8ft,0.05s
4.17.2026 14:55:08,T0,T1,2.1ft,0.05s
4.17.2026 14:55:08,T0,T2,2.8ft,0.05s
4.17.2026 14:55:08,T1,T2,1.7ft,0.05s
4.17.2026 14:55:08,T0,T1,2.1ft,0.05s
4.17.2026 14:55:08,T0,T2,2.7ft,0.05s
4.17.2026 14:55:08,T1,T2,1.7ft,0.05s
4.17.2026 14:55:08,T0,T1,2.1ft,0.05s
4.17.2026 14:55:08,T0,T2,2.6ft,0.05s
4.17.2026 14:55:08,T1,T2,1.7ft,0.05s
4.17.2026 14:55:08,T0,T1,2.0ft,0.05s
4.17.2026 14:55:08,T0,T2,2.4ft,0.05s
4.17.2026 14:55:08,T1,T2,1.7ft,0.05s
4.17.2026 14:55:08,T0,T1,2.0ft,0.05s
4.17.2026 14:55:08,T0,T2,2.3ft,0.05s
4.17.2026 14:55:08,T1,T2,1.6ft,0.05s
4.17.2026 14:55:08,T0,T1,1.9ft,0.05s
4.17.2026 14:55:08,T0,T2,2.1ft,0.05s
4.17.2026 14:55:08,T1,T2,1.6ft,0.05s
4.17.2026 14:55:08,T0,T1,1.9ft,0.05s
4.17.2026 14:55:08,T0,T2,2.0ft,0.05s
4.17.2026 14:55:08,T1,T2,1.6ft,0.05s
4.17.2026 14:55:08,T0,T1,1.8ft,0.05s
4.17.2026 14:55:08,T0,T2,1.8ft,0.05s
4.17.2026 14:55:08,T1,T2,1.6ft,0.05s
4.17.2026 14:55:09,T0,T1,1.8ft,0.05s
4.17.2026 14:55:09,T0,T2,1.6ft,0.05s
4.17.2026 14:55:09,T1,T2,1.6ft,0.05s
4.17.2026 14:55:09,T0,T1,1.7ft,0.05s
4.17.2026 14:55:09,T0,T2,1.4ft,0.05s
4.17.2026 14:55:09,T1,T2,1.5ft,0.05s
4.17.2026 14:55:09,T0,T1,1.7ft,0.05s
4.17.2026 14:55:09,T0,T2,1.3ft,0.05s
4.17.2026 14:55:09,T1,T2,1.5ft,0.05s
4.17.2026 14:55:09,T0,T1,1.7ft,0.05s
4.17.2026 14:55:09,T0,T2,1.4ft,0.05s
4.17.2026 14:55:09,T1,T2,1.6ft,0.05s
4.17.2026 14:55:09,T0,T1,1.7ft,0.05s
4.17.2026 14:55:09,T0,T2,1.5ft,0.05s
4.17.2026 14:55:09,T1,T2,1.6ft,0.05s
4.17.2026 14:55:09,T0,T1,1.7ft,0.05s
4.17.2026 14:55:09,T0,T2,1.5ft,0.05s
4.17.2026 14:55:09,T1,T2,1.6ft,0.05s
4.17.2026 14:55:09,T0,T1,1.7ft,0.05s
4.17.2026 14:55:09,T0,T2,1.7ft,0.05s
4.17.2026 14:55:09,T1,T2,1.6ft,0.05s
4.17.2026 14:55:09,T0,T1,1.8ft,0.05s
4.17.2026 14:55:09,T0,T2,1.8ft,0.05s
4.17.2026 14:55:09,T1,T2,1.6ft,0.05s
4.17.2026 14:55:09,T0,T1,1.9ft,0.05s
4.17.2026 14:55:09,T0,T2,2.0ft,0.05s
4.17.2026 14:55:09,T1,T2,1.6ft,0.05s
4.17.2026 14:55:09,T0,T1,1.9ft,0.05s
4.17.2026 14:55:09,T0,T2,2.0ft,0.05s
4.17.2026 14:55:09,T1,T2,1.6ft,0.05s
4.17.2026 14:55:09,T0,T1,2.0ft,0.05s
4.17.2026 14:55:09,T0,T2,2.1ft,0.05s
4.17.2026 14:55:09,T1,T2,1.5ft,0.05s
4.17.2026 14:55:09,T0,T1,2.0ft,0.05s
4.17.2026 14:55:09,T0,T2,2.3ft,0.05s
4.17.2026 14:55:09,T1,T2,1.6ft,0.05s
4.17.2026 14:55:09,T0,T1,2.2ft,0.05s
4.17.2026 14:55:09,T0,T2,2.4ft,0.05s
4.17.2026 14:55:09,T1,T2,1.5ft,0.05s
4.17.2026 14:55:09,T0,T1,2.3ft,0.05s
4.17.2026 14:55:09,T0,T2,2.5ft,0.05s
4.17.2026 14:55:09,T1,T2,1.5ft,0.05s
4.17.2026 14:55:09,T0,T1,2.6ft,0.05s
4.17.2026 14:55:09,T0,T2,2.5ft,0.05s
4.17.2026 14:55:09,T1,T2,1.3ft,0.05s
4.17.2026 14:55:09,T0,T1,2.7ft,0.05s
4.17.2026 14:55:09,T0,T2,2.6ft,0.05s
4.17.2026 14:55:09,T1,T2,1.3ft,0.05s
4.17.2026 14:55:09,T0,T1,2.9ft,0.05s
4.17.2026 14:55:09,T0,T2,2.6ft,0.05s
4.17.2026 14:55:09,T1,T2,1.2ft,0.05s
4.17.2026 14:55:09,T0,T1,3.1ft,0.05s
4.17.2026 14:55:09,T0,T2,2.7ft,0.05s
4.17.2026 14:55:09,T1,T2,1.2ft,0.05s
4.17.2026 14:55:09,T0,T1,3.3ft,0.05s
4.17.2026 14:55:09,T0,T2,2.7ft,0.05s
4.17.2026 14:55:09,T1,T2,1.2ft,0.05s
4.17.2026 14:55:09,T0,T1,3.6ft,0.05s
4.17.2026 14:55:09,T0,T2,2.8ft,0.05s
4.17.2026 14:55:09,T1,T2,1.3ft,0.05s
4.17.2026 14:55:10,T0,T1,3.9ft,0.05s
4.17.2026 14:55:10,T0,T2,2.8ft,0.05s
4.17.2026 14:55:10,T1,T2,1.4ft,0.05s
4.17.2026 14:55:10,T0,T1,4.0ft,0.05s
4.17.2026 14:55:10,T0,T2,2.7ft,0.05s
4.17.2026 14:55:10,T1,T2,1.5ft,0.05s
4.17.2026 14:55:10,T0,T1,3.9ft,0.05s
4.17.2026 14:55:10,T0,T2,2.7ft,0.05s
4.17.2026 14:55:10,T1,T2,1.5ft,0.05s
4.17.2026 14:55:10,T0,T1,3.8ft,0.05s
4.17.2026 14:55:10,T0,T2,2.7ft,0.05s
4.17.2026 14:55:10,T1,T2,1.4ft,0.05s
4.17.2026 14:55:10,T0,T1,3.8ft,0.05s
4.17.2026 14:55:10,T0,T2,2.8ft,0.05s
4.17.2026 14:55:10,T1,T2,1.4ft,0.05s
4.17.2026 14:55:10,T0,T1,3.7ft,0.05s
4.17.2026 14:55:10,T0,T2,2.8ft,0.05s
4.17.2026 14:55:10,T1,T2,1.3ft,0.05s
4.17.2026 14:55:10,T0,T1,3.6ft,0.05s
4.17.2026 14:55:10,T0,T2,2.8ft,0.05s
4.17.2026 14:55:10,T1,T2,1.3ft,0.05s
4.17.2026 14:55:10,T0,T1,3.5ft,0.05s
4.17.2026 14:55:10,T0,T2,2.8ft,0.05s
4.17.2026 14:55:10,T1,T2,1.2ft,0.05s
4.17.2026 14:55:10,T0,T1,3.4ft,0.05s
4.17.2026 14:55:10,T0,T2,2.8ft,0.05s
4.17.2026 14:55:10,T1,T2,1.2ft,0.05s
4.17.2026 14:55:10,T0,T1,3.3ft,0.05s
4.17.2026 14:55:10,T0,T2,2.8ft,0.05s
4.17.2026 14:55:10,T1,T2,1.2ft,0.05s
4.17.2026 14:55:10,T0,T1,3.3ft,0.05s
4.17.2026 14:55:10,T0,T2,2.8ft,0.05s
4.17.2026 14:55:10,T1,T2,1.2ft,0.05s
4.17.2026 14:55:10,T0,T1,3.2ft,0.05s
4.17.2026 14:55:10,T0,T2,2.8ft,0.05s
4.17.2026 14:55:10,T1,T2,1.2ft,0.05s
4.17.2026 14:55:10,T0,T1,3.2ft,0.05s
4.17.2026 14:55:10,T0,T2,2.7ft,0.05s
4.17.2026 14:55:10,T1,T2,1.1ft,0.05s
4.17.2026 14:55:10,T0,T1,3.2ft,0.05s
4.17.2026 14:55:10,T0,T2,2.7ft,0.05s
4.17.2026 14:55:10,T1,T2,1.1ft,0.05s
4.17.2026 14:55:10,T0,T1,3.2ft,0.05s
4.17.2026 14:55:10,T0,T2,2.7ft,0.05s
4.17.2026 14:55:10,T1,T2,1.1ft,0.05s
4.17.2026 14:55:10,T0,T1,3.2ft,0.05s
4.17.2026 14:55:10,T0,T2,2.6ft,0.05s
4.17.2026 14:55:10,T1,T2,1.2ft,0.05s
4.17.2026 14:55:10,T0,T1,3.1ft,0.05s
4.17.2026 14:55:10,T0,T2,2.6ft,0.05s
4.17.2026 14:55:10,T1,T2,1.2ft,0.05s
4.17.2026 14:55:10,T0,T1,3.1ft,0.05s
4.17.2026 14:55:10,T0,T2,2.5ft,0.05s
4.17.2026 14:55:10,T1,T2,1.3ft,0.05s
4.17.2026 14:55:10,T0,T1,3.1ft,0.05s
4.17.2026 14:55:10,T0,T2,2.4ft,0.05s
4.17.2026 14:55:10,T1,T2,1.3ft,0.05s
4.17.2026 14:55:11,T0,T1,3.0ft,0.05s
4.17.2026 14:55:11,T0,T2,2.3ft,0.05s
4.17.2026 14:55:11,T1,T2,1.5ft,0.05s
4.17.2026 14:55:11,T0,T1,3.0ft,0.05s
4.17.2026 14:55:11,T0,T2,2.2ft,0.05s
4.17.2026 14:55:11,T1,T2,1.7ft,0.05s
4.17.2026 14:55:11,T0,T1,2.9ft,0.05s
4.17.2026 14:55:11,T0,T2,2.2ft,0.05s
4.17.2026 14:55:11,T1,T2,1.9ft,0.05s
4.17.2026 14:55:11,T0,T1,2.8ft,0.05s
4.17.2026 14:55:11,T0,T2,2.2ft,0.05s
4.17.2026 14:55:11,T1,T2,2.0ft,0.05s
4.17.2026 14:55:11,T0,T1,2.8ft,0.05s
4.17.2026 14:55:11,T0,T2,2.2ft,0.05s
4.17.2026 14:55:11,T1,T2,2.1ft,0.05s
4.17.2026 14:55:11,T0,T1,2.8ft,0.05s
4.17.2026 14:55:11,T0,T2,2.3ft,0.05s
4.17.2026 14:55:11,T1,T2,2.1ft,0.05s
4.17.2026 14:55:11,T0,T1,2.7ft,0.05s
4.17.2026 14:55:11,T0,T2,2.3ft,0.05s
4.17.2026 14:55:11,T1,T2,2.1ft,0.05s
4.17.2026 14:55:11,T0,T1,2.7ft,0.05s
4.17.2026 14:55:11,T0,T2,2.3ft,0.05s
4.17.2026 14:55:11,T1,T2,2.1ft,0.05s
4.17.2026 14:55:11,T0,T1,2.6ft,0.05s
4.17.2026 14:55:11,T0,T2,2.3ft,0.05s
4.17.2026 14:55:11,T1,T2,2.0ft,0.05s
4.17.2026 14:55:11,T0,T1,2.6ft,0.05s
4.17.2026 14:55:11,T0,T2,2.2ft,0.05s
4.17.2026 14:55:11,T1,T2,2.0ft,0.05s
4.17.2026 14:55:11,T0,T1,2.4ft,0.05s
4.17.2026 14:55:11,T0,T2,2.2ft,0.05s
4.17.2026 14:55:11,T1,T2,1.9ft,0.05s
4.17.2026 14:55:11,T0,T1,2.3ft,0.05s
4.17.2026 14:55:11,T0,T2,2.2ft,0.05s
4.17.2026 14:55:11,T1,T2,1.8ft,0.05s
4.17.2026 14:55:11,T0,T1,2.2ft,0.05s
4.17.2026 14:55:11,T0,T2,2.1ft,0.05s
4.17.2026 14:55:11,T1,T2,1.7ft,0.05s
4.17.2026 14:55:11,T0,T1,2.1ft,0.05s
4.17.2026 14:55:11,T0,T2,2.1ft,0.05s
4.17.2026 14:55:11,T1,T2,1.6ft,0.05s
4.17.2026 14:55:11,T0,T1,1.9ft,0.05s
4.17.2026 14:55:11,T0,T2,2.1ft,0.05s
4.17.2026 14:55:11,T1,T2,1.4ft,0.05s
4.17.2026 14:55:11,T0,T1,1.8ft,0.05s
4.17.2026 14:55:11,T0,T2,2.1ft,0.05s
4.17.2026 14:55:11,T1,T2,1.2ft,0.05s
4.17.2026 14:55:11,T0,T1,1.6ft,0.05s
4.17.2026 14:55:11,T0,T2,2.1ft,0.05s
4.17.2026 14:55:11,T1,T2,1.0ft,0.05s
4.17.2026 14:55:11,T0,T1,1.5ft,0.05s
4.17.2026 14:55:11,T0,T2,2.0ft,0.05s
4.17.2026 14:55:11,T1,T2,0.9ft,0.05s
4.17.2026 14:55:11,T0,T1,1.3ft,0.05s
4.17.2026 14:55:11,T0,T2,2.0ft,0.05s
4.17.2026 14:55:11,T1,T2,0.8ft,0.05s
4.17.2026 14:55:11,T0,T1,1.2ft,0.05s
4.17.2026 14:55:11,T0,T2,2.0ft,0.05s
4.17.2026 14:55:11,T1,T2,0.8ft,0.05s
4.17.2026 14:55:12,T0,T1,1.2ft,0.05s
4.17.2026 14:55:12,T0,T2,1.9ft,0.05s
4.17.2026 14:55:12,T1,T2,0.7ft,0.05s
4.17.2026 14:55:12,T0,T1,1.1ft,0.05s
4.17.2026 14:55:12,T0,T2,1.9ft,0.05s
4.17.2026 14:55:12,T1,T2,0.8ft,0.05s
4.17.2026 14:55:12,T0,T1,1.1ft,0.05s
4.17.2026 14:55:12,T0,T2,1.9ft,0.05s
4.17.2026 14:55:12,T1,T2,0.9ft,0.05s
4.17.2026 14:55:12,T0,T1,1.1ft,0.05s
4.17.2026 14:55:12,T0,T2,1.8ft,0.05s
4.17.2026 14:55:12,T1,T2,1.0ft,0.05s
4.17.2026 14:55:12,T0,T1,1.1ft,0.05s
4.17.2026 14:55:12,T0,T2,1.8ft,0.05s
4.17.2026 14:55:12,T1,T2,1.1ft,0.05s
4.17.2026 14:55:12,T0,T1,1.1ft,0.05s
4.17.2026 14:55:12,T0,T2,1.8ft,0.05s
4.17.2026 14:55:12,T1,T2,1.2ft,0.05s
4.17.2026 14:55:12,T0,T1,1.1ft,0.05s
4.17.2026 14:55:12,T0,T2,1.7ft,0.05s
4.17.2026 14:55:12,T1,T2,1.2ft,0.05s
4.17.2026 14:55:12,T0,T1,1.1ft,0.05s
4.17.2026 14:55:12,T0,T2,1.7ft,0.05s
4.17.2026 14:55:12,T1,T2,1.3ft,0.05s
4.17.2026 14:55:12,T0,T1,1.2ft,0.06s
4.17.2026 14:55:12,T0,T2,1.7ft,0.06s
4.17.2026 14:55:12,T1,T2,1.4ft,0.06s
4.17.2026 14:55:12,T0,T1,1.2ft,0.05s
4.17.2026 14:55:12,T0,T2,1.7ft,0.05s
4.17.2026 14:55:12,T1,T2,1.5ft,0.05s
4.17.2026 14:55:12,T0,T1,1.2ft,0.05s
4.17.2026 14:55:12,T0,T2,1.8ft,0.05s
4.17.2026 14:55:12,T1,T2,1.6ft,0.05s
4.17.2026 14:55:12,T0,T1,1.2ft,0.05s
4.17.2026 14:55:12,T0,T2,1.9ft,0.05s
4.17.2026 14:55:12,T1,T2,1.7ft,0.05s
4.17.2026 14:55:12,T0,T1,1.2ft,0.05s
4.17.2026 14:55:12,T0,T2,1.9ft,0.05s
4.17.2026 14:55:12,T1,T2,1.8ft,0.05s
4.17.2026 14:55:12,T0,T1,1.3ft,0.05s
4.17.2026 14:55:12,T0,T2,2.0ft,0.05s
4.17.2026 14:55:12,T1,T2,1.8ft,0.05s
4.17.2026 14:55:12,T0,T1,1.4ft,0.05s
4.17.2026 14:55:12,T0,T2,2.0ft,0.05s
4.17.2026 14:55:12,T1,T2,1.8ft,0.05s
4.17.2026 14:55:12,T0,T1,1.5ft,0.05s
4.17.2026 14:55:12,T0,T2,2.0ft,0.05s
4.17.2026 14:55:12,T1,T2,1.8ft,0.05s
4.17.2026 14:55:12,T0,T1,1.6ft,0.05s
4.17.2026 14:55:12,T0,T2,2.0ft,0.05s
4.17.2026 14:55:12,T1,T2,1.8ft,0.05s
4.17.2026 14:55:12,T0,T1,1.7ft,0.05s
4.17.2026 14:55:12,T0,T2,1.9ft,0.05s
4.17.2026 14:55:12,T1,T2,1.8ft,0.05s
4.17.2026 14:55:12,T0,T1,1.8ft,0.05s
4.17.2026 14:55:12,T0,T2,1.8ft,0.05s
4.17.2026 14:55:12,T1,T2,1.8ft,0.05s
4.17.2026 14:55:12,T0,T1,1.9ft,0.05s
4.17.2026 14:55:12,T0,T2,1.8ft,0.05s
4.17.2026 14:55:12,T1,T2,1.7ft,0.05s
4.17.2026 14:55:13,T0,T1,2.0ft,0.05s
4.17.2026 14:55:13,T0,T2,1.7ft,0.05s
4.17.2026 14:55:13,T1,T2,1.8ft,0.05s
4.17.2026 14:55:13,T0,T1,2.1ft,0.05s
4.17.2026 14:55:13,T0,T2,1.6ft,0.05s
4.17.2026 14:55:13,T1,T2,1.8ft,0.05s
4.17.2026 14:55:13,T0,T1,2.3ft,0.05s
4.17.2026 14:55:13,T0,T2,1.5ft,0.05s
4.17.2026 14:55:13,T1,T2,1.8ft,0.05s
4.17.2026 14:55:13,T0,T1,2.3ft,0.05s
4.17.2026 14:55:13,T0,T2,1.5ft,0.05s
4.17.2026 14:55:13,T1,T2,1.8ft,0.05s
4.17.2026 14:55:13,T0,T1,2.3ft,0.05s
4.17.2026 14:55:13,T0,T2,1.5ft,0.05s
4.17.2026 14:55:13,T1,T2,1.8ft,0.05s
4.17.2026 14:55:13,T0,T1,2.4ft,0.05s
4.17.2026 14:55:13,T0,T2,1.7ft,0.05s
4.17.2026 14:55:13,T1,T2,1.8ft,0.05s
4.17.2026 14:55:13,T0,T1,2.3ft,0.05s
4.17.2026 14:55:13,T0,T2,1.8ft,0.05s
4.17.2026 14:55:13,T1,T2,1.6ft,0.05s
4.17.2026 14:55:13,T0,T1,2.3ft,0.05s
4.17.2026 14:55:13,T0,T2,1.9ft,0.05s
4.17.2026 14:55:13,T1,T2,1.5ft,0.05s
4.17.2026 14:55:13,T0,T1,2.2ft,0.05s
4.17.2026 14:55:13,T0,T2,2.0ft,0.05s
4.17.2026 14:55:13,T1,T2,1.4ft,0.05s
4.17.2026 14:55:13,T0,T1,2.2ft,0.05s
4.17.2026 14:55:13,T0,T2,2.1ft,0.05s
4.17.2026 14:55:13,T1,T2,1.4ft,0.05s
4.17.2026 14:55:13,T0,T1,2.2ft,0.05s
4.17.2026 14:55:13,T0,T2,2.2ft,0.05s
4.17.2026 14:55:13,T1,T2,1.4ft,0.05s
4.17.2026 14:55:13,T0,T1,2.2ft,0.05s
4.17.2026 14:55:13,T0,T2,2.3ft,0.05s
4.17.2026 14:55:13,T1,T2,1.4ft,0.05s
4.17.2026 14:55:13,T0,T1,2.1ft,0.05s
4.17.2026 14:55:13,T0,T2,2.4ft,0.05s
4.17.2026 14:55:13,T1,T2,1.4ft,0.05s
4.17.2026 14:55:13,T0,T1,2.1ft,0.05s
4.17.2026 14:55:13,T0,T2,2.4ft,0.05s
4.17.2026 14:55:13,T1,T2,1.3ft,0.05s
4.17.2026 14:55:13,T0,T1,2.0ft,0.05s
4.17.2026 14:55:13,T0,T2,2.5ft,0.05s
4.17.2026 14:55:13,T1,T2,1.3ft,0.05s
4.17.2026 14:55:13,T0,T1,2.0ft,0.05s
4.17.2026 14:55:13,T0,T2,2.6ft,0.05s
4.17.2026 14:55:13,T1,T2,1.2ft,0.05s
4.17.2026 14:55:13,T0,T1,2.0ft,0.05s
4.17.2026 14:55:13,T0,T2,2.6ft,0.05s
4.17.2026 14:55:13,T1,T2,1.2ft,0.05s
4.17.2026 14:55:13,T0,T1,2.0ft,0.05s
4.17.2026 14:55:13,T0,T2,2.7ft,0.05s
4.17.2026 14:55:13,T1,T2,1.3ft,0.05s
4.17.2026 14:55:13,T0,T1,2.0ft,0.05s
4.17.2026 14:55:13,T0,T2,2.7ft,0.05s
4.17.2026 14:55:13,T1,T2,1.3ft,0.05s
4.17.2026 14:55:14,T0,T1,2.0ft,0.05s
4.17.2026 14:55:14,T0,T2,2.8ft,0.05s
4.17.2026 14:55:14,T1,T2,1.4ft,0.05s
4.17.2026 14:55:14,T0,T1,2.1ft,0.05s
4.17.2026 14:55:14,T0,T2,2.8ft,0.05s
4.17.2026 14:55:14,T1,T2,1.4ft,0.05s
4.17.2026 14:55:14,T0,T1,2.1ft,0.05s
4.17.2026 14:55:14,T0,T2,2.8ft,0.05s
4.17.2026 14:55:14,T1,T2,1.5ft,0.05s
4.17.2026 14:55:14,T0,T1,2.2ft,0.05s
4.17.2026 14:55:14,T0,T2,2.8ft,0.05s
4.17.2026 14:55:14,T1,T2,1.6ft,0.05s
4.17.2026 14:55:14,T0,T1,2.3ft,0.05s
4.17.2026 14:55:14,T0,T2,2.9ft,0.05s
4.17.2026 14:55:14,T1,T2,1.7ft,0.05s
4.17.2026 14:55:14,T0,T1,2.5ft,0.05s
4.17.2026 14:55:14,T0,T2,2.9ft,0.05s
4.17.2026 14:55:14,T1,T2,1.8ft,0.05s
4.17.2026 14:55:14,T0,T1,2.6ft,0.05s
4.17.2026 14:55:14,T0,T2,2.8ft,0.05s
4.17.2026 14:55:14,T1,T2,1.9ft,0.05s
4.17.2026 14:55:14,T0,T1,2.6ft,0.05s
4.17.2026 14:55:14,T0,T2,2.7ft,0.05s
4.17.2026 14:55:14,T1,T2,1.9ft,0.05s
4.17.2026 14:55:14,T0,T1,2.7ft,0.05s
4.17.2026 14:55:14,T0,T2,2.6ft,0.05s
4.17.2026 14:55:14,T1,T2,2.0ft,0.05s
4.17.2026 14:55:14,T0,T1,2.8ft,0.05s
4.17.2026 14:55:14,T0,T2,2.5ft,0.05s
4.17.2026 14:55:14,T1,T2,1.9ft,0.05s
4.17.2026 14:55:14,T0,T1,2.9ft,0.05s
4.17.2026 14:55:14,T0,T2,2.4ft,0.05s
4.17.2026 14:55:14,T1,T2,1.9ft,0.05s
4.17.2026 14:55:14,T0,T1,2.8ft,0.05s
4.17.2026 14:55:14,T0,T2,2.3ft,0.05s
4.17.2026 14:55:14,T1,T2,1.9ft,0.05s
4.17.2026 14:55:14,T0,T1,2.8ft,0.05s
4.17.2026 14:55:14,T0,T2,2.2ft,0.05s
4.17.2026 14:55:14,T1,T2,1.8ft,0.05s
4.17.2026 14:55:14,T0,T1,2.7ft,0.05s
4.17.2026 14:55:14,T0,T2,2.0ft,0.05s
4.17.2026 14:55:14,T1,T2,1.8ft,0.05s
4.17.2026 14:55:14,T0,T1,2.7ft,0.05s
4.17.2026 14:55:14,T0,T2,1.9ft,0.05s
4.17.2026 14:55:14,T1,T2,1.7ft,0.05s
4.17.2026 14:55:14,T0,T1,2.5ft,0.05s
4.17.2026 14:55:14,T0,T2,1.8ft,0.05s
4.17.2026 14:55:14,T1,T2,1.5ft,0.05s
4.17.2026 14:55:14,T0,T1,2.3ft,0.05s
4.17.2026 14:55:14,T0,T2,1.7ft,0.05s
4.17.2026 14:55:14,T1,T2,1.3ft,0.05s
4.17.2026 14:55:14,T0,T1,2.2ft,0.05s
4.17.2026 14:55:14,T0,T2,1.6ft,0.05s
4.17.2026 14:55:14,T1,T2,1.0ft,0.05s
4.17.2026 14:55:14,T0,T1,2.0ft,0.05s
4.17.2026 14:55:14,T0,T2,1.5ft,0.05s
4.17.2026 14:55:14,T1,T2,0.9ft,0.05s
4.17.2026 14:55:14,T0,T1,2.0ft,0.05s
4.17.2026 14:55:14,T0,T2,1.5ft,0.05s
4.17.2026 14:55:14,T1,T2,0.9ft,0.05s
4.17.2026 14:55:15,T0,T1,1.9ft,0.05s
4.17.2026 14:55:15,T0,T2,1.4ft,0.05s
4.17.2026 14:55:15,T1,T2,0.8ft,0.05s
4.17.2026 14:55:15,T0,T1,1.9ft,0.05s
4.17.2026 14:55:15,T0,T2,1.4ft,0.05s
4.17.2026 14:55:15,T1,T2,0.8ft,0.05s
4.17.2026 14:55:15,T0,T1,1.8ft,0.05s
4.17.2026 14:55:15,T0,T2,1.4ft,0.05s
4.17.2026 14:55:15,T1,T2,0.7ft,0.05s
4.17.2026 14:55:15,T0,T1,1.7ft,0.05s
4.17.2026 14:55:15,T0,T2,1.5ft,0.05s
4.17.2026 14:55:15,T1,T2,0.6ft,0.05s
4.17.2026 14:55:15,T0,T1,1.5ft,0.05s
4.17.2026 14:55:15,T0,T2,1.5ft,0.05s
4.17.2026 14:55:15,T1,T2,0.5ft,0.05s
4.17.2026 14:55:15,T0,T1,1.5ft,0.05s
4.17.2026 14:55:15,T0,T2,1.5ft,0.05s
4.17.2026 14:55:15,T1,T2,0.5ft,0.05s
4.17.2026 14:55:15,T0,T1,1.4ft,0.05s
4.17.2026 14:55:15,T0,T2,1.6ft,0.05s
4.17.2026 14:55:15,T1,T2,0.6ft,0.05s
4.17.2026 14:55:15,T0,T1,1.4ft,0.05s
4.17.2026 14:55:15,T0,T2,1.6ft,0.05s
4.17.2026 14:55:15,T1,T2,0.7ft,0.05s
4.17.2026 14:55:15,T0,T1,1.3ft,0.05s
4.17.2026 14:55:15,T0,T2,1.6ft,0.05s
4.17.2026 14:55:15,T1,T2,0.8ft,0.05s
4.17.2026 14:55:15,T0,T1,1.3ft,0.05s
4.17.2026 14:55:15,T0,T2,1.6ft,0.05s
4.17.2026 14:55:15,T1,T2,0.9ft,0.05s
4.17.2026 14:55:15,T0,T1,1.3ft,0.05s
4.17.2026 14:55:15,T0,T2,1.6ft,0.05s
4.17.2026 14:55:15,T1,T2,1.0ft,0.05s
4.17.2026 14:55:15,T0,T1,1.4ft,0.05s
4.17.2026 14:55:15,T0,T2,1.7ft,0.05s
4.17.2026 14:55:15,T1,T2,1.1ft,0.05s
4.17.2026 14:55:15,T0,T1,1.3ft,0.05s
4.17.2026 14:55:15,T0,T2,1.8ft,0.05s
4.17.2026 14:55:15,T1,T2,1.1ft,0.05s
4.17.2026 14:55:15,T0,T1,1.3ft,0.05s
4.17.2026 14:55:15,T0,T2,1.9ft,0.05s
4.17.2026 14:55:15,T1,T2,1.1ft,0.05s
4.17.2026 14:55:15,T0,T1,1.3ft,0.05s
4.17.2026 14:55:15,T0,T2,2.0ft,0.05s
4.17.2026 14:55:15,T1,T2,1.1ft,0.05s
4.17.2026 14:55:15,T0,T1,1.3ft,0.05s
4.17.2026 14:55:15,T0,T2,2.0ft,0.05s
4.17.2026 14:55:15,T1,T2,1.0ft,0.05s
4.17.2026 14:55:15,T0,T1,1.3ft,0.05s
4.17.2026 14:55:15,T0,T2,2.1ft,0.05s
4.17.2026 14:55:15,T1,T2,1.0ft,0.05s
4.17.2026 14:55:15,T0,T1,1.3ft,0.05s
4.17.2026 14:55:15,T0,T2,2.1ft,0.05s
4.17.2026 14:55:15,T1,T2,0.9ft,0.05s
4.17.2026 14:55:15,T0,T1,1.3ft,0.05s
4.17.2026 14:55:15,T0,T2,2.1ft,0.05s
4.17.2026 14:55:15,T1,T2,0.8ft,0.05s
4.17.2026 14:55:16,T0,T1,1.3ft,0.05s
4.17.2026 14:55:16,T0,T2,2.0ft,0.05s
4.17.2026 14:55:16,T1,T2,0.7ft,0.05s
4.17.2026 14:55:16,T0,T1,1.4ft,0.05s
4.17.2026 14:55:16,T0,T2,2.0ft,0.05s
4.17.2026 14:55:16,T1,T2,0.6ft,0.05s
4.17.2026 14:55:16,T0,T1,1.4ft,0.05s
4.17.2026 14:55:16,T0,T2,2.0ft,0.05s
4.17.2026 14:55:16,T1,T2,0.6ft,0.05s
4.17.2026 14:55:16,T0,T1,1.4ft,0.05s
4.17.2026 14:55:16,T0,T2,1.9ft,0.05s
4.17.2026 14:55:16,T1,T2,0.6ft,0.05s
4.17.2026 14:55:16,T0,T1,1.4ft,0.05s
4.17.2026 14:55:16,T0,T2,2.0ft,0.05s
4.17.2026 14:55:16,T1,T2,0.7ft,0.05s
4.17.2026 14:55:16,T0,T1,1.4ft,0.05s
4.17.2026 14:55:16,T0,T2,2.0ft,0.05s
4.17.2026 14:55:16,T1,T2,0.7ft,0.05s
4.17.2026 14:55:16,T0,T1,1.4ft,0.05s
4.17.2026 14:55:16,T0,T2,2.1ft,0.05s
4.17.2026 14:55:16,T1,T2,0.8ft,0.05s
4.17.2026 14:55:16,T0,T1,1.3ft,0.05s
4.17.2026 14:55:16,T0,T2,2.1ft,0.05s
4.17.2026 14:55:16,T1,T2,0.8ft,0.05s
4.17.2026 14:55:16,T0,T1,1.3ft,0.05s
4.17.2026 14:55:16,T0,T2,2.1ft,0.05s
4.17.2026 14:55:16,T1,T2,0.9ft,0.05s
4.17.2026 14:55:16,T0,T1,1.3ft,0.05s
4.17.2026 14:55:16,T0,T2,2.1ft,0.05s
4.17.2026 14:55:16,T1,T2,0.9ft,0.05s
4.17.2026 14:55:16,T0,T1,1.3ft,0.05s
4.17.2026 14:55:16,T0,T2,2.1ft,0.05s
4.17.2026 14:55:16,T1,T2,1.0ft,0.05s
4.17.2026 14:55:16,T0,T1,1.4ft,0.05s
4.17.2026 14:55:16,T0,T2,2.2ft,0.05s
4.17.2026 14:55:16,T1,T2,0.9ft,0.05s
4.17.2026 14:55:16,T0,T1,1.5ft,0.05s
4.17.2026 14:55:16,T0,T2,2.3ft,0.05s
4.17.2026 14:55:16,T1,T2,0.9ft,0.05s
4.17.2026 14:55:16,T0,T1,1.6ft,0.05s
4.17.2026 14:55:16,T0,T2,2.3ft,0.05s
4.17.2026 14:55:16,T1,T2,0.9ft,0.05s
4.17.2026 14:55:16,T0,T1,1.8ft,0.05s
4.17.2026 14:55:16,T0,T2,2.2ft,0.05s
4.17.2026 14:55:16,T1,T2,0.7ft,0.05s
4.17.2026 14:55:16,T0,T1,1.9ft,0.05s
4.17.2026 14:55:16,T0,T2,2.2ft,0.05s
4.17.2026 14:55:16,T1,T2,0.7ft,0.05s
4.17.2026 14:55:16,T0,T1,2.0ft,0.05s
4.17.2026 14:55:16,T0,T2,2.1ft,0.05s
4.17.2026 14:55:16,T1,T2,0.8ft,0.05s
4.17.2026 14:55:16,T0,T1,2.1ft,0.05s
4.17.2026 14:55:16,T0,T2,2.0ft,0.05s
4.17.2026 14:55:16,T1,T2,0.9ft,0.05s
4.17.2026 14:55:16,T0,T1,2.2ft,0.05s
4.17.2026 14:55:16,T0,T2,2.0ft,0.05s
4.17.2026 14:55:16,T1,T2,1.1ft,0.05s
4.17.2026 14:55:16,T0,T1,2.2ft,0.05s
4.17.2026 14:55:16,T0,T2,2.0ft,0.05s
4.17.2026 14:55:16,T1,T2,1.3ft,0.05s
4.17.2026 14:55:17,T0,T1,2.2ft,0.05s
4.17.2026 14:55:17,T0,T2,2.1ft,0.05s
4.17.2026 14:55:17,T1,T2,1.4ft,0.05s
4.17.2026 14:55:17,T0,T1,2.3ft,0.05s
4.17.2026 14:55:17,T0,T2,2.1ft,0.05s
4.17.2026 14:55:17,T1,T2,1.5ft,0.05s
4.17.2026 14:55:17,T0,T1,2.3ft,0.05s
4.17.2026 14:55:17,T0,T2,2.2ft,0.05s
4.17.2026 14:55:17,T1,T2,1.5ft,0.05s
4.17.2026 14:55:17,T0,T1,2.4ft,0.05s
4.17.2026 14:55:17,T0,T2,2.2ft,0.05s
4.17.2026 14:55:17,T1,T2,1.6ft,0.05s
4.17.2026 14:55:17,T0,T1,2.5ft,0.05s
4.17.2026 14:55:17,T0,T2,2.3ft,0.05s
4.17.2026 14:55:17,T1,T2,1.6ft,0.05s
4.17.2026 14:55:17,T0,T1,2.7ft,0.05s
4.17.2026 14:55:17,T0,T2,2.3ft,0.05s
4.17.2026 14:55:17,T1,T2,1.6ft,0.05s
4.17.2026 14:55:17,T0,T1,3.0ft,0.05s
4.17.2026 14:55:17,T0,T2,2.4ft,0.05s
4.17.2026 14:55:17,T1,T2,1.6ft,0.05s
4.17.2026 14:55:17,T0,T1,3.3ft,0.05s
4.17.2026 14:55:17,T0,T2,2.3ft,0.05s
4.17.2026 14:55:17,T1,T2,1.7ft,0.05s
4.17.2026 14:55:17,T0,T1,3.4ft,0.05s
4.17.2026 14:55:17,T0,T2,2.3ft,0.05s
4.17.2026 14:55:17,T1,T2,1.7ft,0.05s
4.17.2026 14:55:17,T0,T1,3.5ft,0.05s
4.17.2026 14:55:17,T0,T2,2.2ft,0.05s
4.17.2026 14:55:17,T1,T2,1.8ft,0.05s
4.17.2026 14:55:17,T0,T1,3.5ft,0.05s
4.17.2026 14:55:17,T0,T2,2.2ft,0.05s
4.17.2026 14:55:17,T1,T2,1.8ft,0.05s
4.17.2026 14:55:17,T0,T1,3.6ft,0.05s
4.17.2026 14:55:17,T0,T2,2.3ft,0.05s
4.17.2026 14:55:17,T1,T2,1.7ft,0.05s
4.17.2026 14:55:17,T0,T1,3.6ft,0.05s
4.17.2026 14:55:17,T0,T2,2.4ft,0.05s
4.17.2026 14:55:17,T1,T2,1.6ft,0.05s
4.17.2026 14:55:17,T0,T1,3.6ft,0.05s
4.17.2026 14:55:17,T0,T2,2.6ft,0.05s
4.17.2026 14:55:17,T1,T2,1.5ft,0.05s
4.17.2026 14:55:17,T0,T1,3.7ft,0.05s
4.17.2026 14:55:17,T0,T2,2.7ft,0.05s
4.17.2026 14:55:17,T1,T2,1.5ft,0.05s
4.17.2026 14:55:17,T0,T1,3.7ft,0.05s
4.17.2026 14:55:17,T0,T2,2.9ft,0.05s
4.17.2026 14:55:17,T1,T2,1.4ft,0.05s
4.17.2026 14:55:17,T0,T1,3.7ft,0.05s
4.17.2026 14:55:17,T0,T2,3.0ft,0.05s
4.17.2026 14:55:17,T1,T2,1.4ft,0.05s
4.17.2026 14:55:17,T0,T1,3.7ft,0.05s
4.17.2026 14:55:17,T0,T2,3.2ft,0.05s
4.17.2026 14:55:17,T1,T2,1.4ft,0.05s
4.17.2026 14:55:17,T0,T1,3.7ft,0.05s
4.17.2026 14:55:17,T0,T2,3.2ft,0.05s
4.17.2026 14:55:17,T1,T2,1.4ft,0.05s
4.17.2026 14:55:18,T0,T1,3.6ft,0.05s
4.17.2026 14:55:18,T0,T2,3.3ft,0.05s
4.17.2026 14:55:18,T1,T2,1.4ft,0.05s
4.17.2026 14:55:18,T0,T1,3.4ft,0.05s
4.17.2026 14:55:18,T0,T2,3.1ft,0.05s
4.17.2026 14:55:18,T1,T2,1.4ft,0.05s
4.17.2026 14:55:18,T0,T1,3.1ft,0.06s
4.17.2026 14:55:18,T0,T2,2.9ft,0.06s
4.17.2026 14:55:18,T1,T2,1.4ft,0.06s
4.17.2026 14:55:18,T0,T1,2.9ft,0.05s
4.17.2026 14:55:18,T0,T2,2.7ft,0.05s
4.17.2026 14:55:18,T1,T2,1.4ft,0.05s
4.17.2026 14:55:18,T0,T1,2.8ft,0.05s
4.17.2026 14:55:18,T0,T2,2.5ft,0.05s
4.17.2026 14:55:18,T1,T2,1.4ft,0.05s
4.17.2026 14:55:18,T0,T1,2.6ft,0.06s
4.17.2026 14:55:18,T0,T2,2.5ft,0.06s
4.17.2026 14:55:18,T1,T2,1.4ft,0.06s
4.17.2026 14:55:18,T0,T1,2.5ft,0.05s
4.17.2026 14:55:18,T0,T2,2.4ft,0.05s
4.17.2026 14:55:18,T1,T2,1.4ft,0.05s
4.17.2026 14:55:18,T0,T1,2.5ft,0.05s
4.17.2026 14:55:18,T0,T2,2.4ft,0.05s
4.17.2026 14:55:18,T1,T2,1.4ft,0.05s
4.17.2026 14:55:18,T0,T1,2.4ft,0.05s
4.17.2026 14:55:18,T0,T2,2.3ft,0.05s
4.17.2026 14:55:18,T1,T2,1.4ft,0.05s
4.17.2026 14:55:18,T0,T1,2.4ft,0.05s
4.17.2026 14:55:18,T0,T2,2.3ft,0.05s
4.17.2026 14:55:18,T1,T2,1.4ft,0.05s
4.17.2026 14:55:18,T0,T1,2.3ft,0.05s
4.17.2026 14:55:18,T0,T2,2.3ft,0.05s
4.17.2026 14:55:18,T1,T2,1.4ft,0.05s
4.17.2026 14:55:18,T0,T1,2.3ft,0.05s
4.17.2026 14:55:18,T0,T2,2.3ft,0.05s
4.17.2026 14:55:18,T1,T2,1.5ft,0.05s
4.17.2026 14:55:18,T0,T1,2.3ft,0.05s
4.17.2026 14:55:18,T0,T2,2.3ft,0.05s
4.17.2026 14:55:18,T1,T2,1.5ft,0.05s
4.17.2026 14:55:18,T0,T1,2.3ft,0.05s
4.17.2026 14:55:18,T0,T2,2.3ft,0.05s
4.17.2026 14:55:18,T1,T2,1.5ft,0.05s
4.17.2026 14:55:18,T0,T1,2.2ft,0.05s
4.17.2026 14:55:18,T0,T2,2.3ft,0.05s
4.17.2026 14:55:18,T1,T2,1.5ft,0.05s
4.17.2026 14:55:18,T0,T1,2.2ft,0.05s
4.17.2026 14:55:18,T0,T2,2.3ft,0.05s
4.17.2026 14:55:18,T1,T2,1.5ft,0.05s
4.17.2026 14:55:18,T0,T1,2.2ft,0.05s
4.17.2026 14:55:18,T0,T2,2.3ft,0.05s
4.17.2026 14:55:18,T1,T2,1.5ft,0.05s
4.17.2026 14:55:18,T0,T1,2.2ft,0.05s
4.17.2026 14:55:18,T0,T2,2.4ft,0.05s
4.17.2026 14:55:18,T1,T2,1.5ft,0.05s
4.17.2026 14:55:18,T0,T1,2.2ft,0.05s
4.17.2026 14:55:18,T0,T2,2.4ft,0.05s
4.17.2026 14:55:18,T1,T2,1.5ft,0.05s
4.17.2026 14:55:18,T0,T1,2.2ft,0.05s
4.17.2026 14:55:18,T0,T2,2.4ft,0.05s
4.17.2026 14:55:18,T1,T2,1.6ft,0.05s
4.17.2026 14:55:19,T0,T1,2.1ft,0.05s
4.17.2026 14:55:19,T0,T2,2.4ft,0.05s
4.17.2026 14:55:19,T1,T2,1.6ft,0.05s
4.17.2026 14:55:19,T0,T1,2.1ft,0.05s
4.17.2026 14:55:19,T0,T2,2.5ft,0.05s
4.17.2026 14:55:19,T1,T2,1.6ft,0.05s
4.17.2026 14:55:19,T0,T1,2.1ft,0.05s
4.17.2026 14:55:19,T0,T2,2.5ft,0.05s
4.17.2026 14:55:19,T1,T2,1.6ft,0.05s
4.17.2026 14:55:19,T0,T1,2.1ft,0.05s
4.17.2026 14:55:19,T0,T2,2.5ft,0.05s
4.17.2026 14:55:19,T1,T2,1.6ft,0.05s
4.17.2026 14:55:19,T0,T1,2.1ft,0.05s
4.17.2026 14:55:19,T0,T2,2.5ft,0.05s
4.17.2026 14:55:19,T1,T2,1.6ft,0.05s
4.17.2026 14:55:19,T0,T1,2.1ft,0.05s
4.17.2026 14:55:19,T0,T2,2.6ft,0.05s
4.17.2026 14:55:19,T1,T2,1.6ft,0.05s
4.17.2026 14:55:19,T0,T1,2.1ft,0.05s
4.17.2026 14:55:19,T0,T2,2.6ft,0.05s
4.17.2026 14:55:19,T1,T2,1.6ft,0.05s
4.17.2026 14:55:19,T0,T1,2.1ft,0.05s
4.17.2026 14:55:19,T0,T2,2.6ft,0.05s
4.17.2026 14:55:19,T1,T2,1.6ft,0.05s
4.17.2026 14:55:19,T0,T1,2.1ft,0.05s
4.17.2026 14:55:19,T0,T2,2.5ft,0.05s
4.17.2026 14:55:19,T1,T2,1.6ft,0.05s
4.17.2026 14:55:19,T0,T1,2.1ft,0.05s
4.17.2026 14:55:19,T0,T2,2.5ft,0.05s
4.17.2026 14:55:19,T1,T2,1.6ft,0.05s
4.17.2026 14:55:19,T0,T1,2.1ft,0.05s
4.17.2026 14:55:19,T0,T2,2.5ft,0.05s
4.17.2026 14:55:19,T1,T2,1.6ft,0.05s
4.17.2026 14:55:19,T0,T1,2.1ft,0.05s
4.17.2026 14:55:19,T0,T2,2.5ft,0.05s
4.17.2026 14:55:19,T1,T2,1.5ft,0.05s
4.17.2026 14:55:19,T0,T1,2.1ft,0.05s
4.17.2026 14:55:19,T0,T2,2.4ft,0.05s
4.17.2026 14:55:19,T1,T2,1.5ft,0.05s
4.17.2026 14:55:19,T0,T1,2.1ft,0.06s
4.17.2026 14:55:19,T0,T2,2.5ft,0.06s
4.17.2026 14:55:19,T1,T2,1.5ft,0.06s
4.17.2026 14:55:19,T0,T1,2.1ft,0.05s
4.17.2026 14:55:19,T0,T2,2.5ft,0.05s
4.17.2026 14:55:19,T1,T2,1.6ft,0.05s
4.17.2026 14:55:19,T0,T1,2.1ft,0.05s
4.17.2026 14:55:19,T0,T2,2.5ft,0.05s
4.17.2026 14:55:19,T1,T2,1.6ft,0.05s
4.17.2026 14:55:19,T0,T1,2.1ft,0.05s
4.17.2026 14:55:19,T0,T2,2.5ft,0.05s
4.17.2026 14:55:19,T1,T2,1.6ft,0.05s
4.17.2026 14:55:19,T0,T1,2.1ft,0.05s
4.17.2026 14:55:19,T0,T2,2.5ft,0.05s
4.17.2026 14:55:19,T1,T2,1.6ft,0.05s
4.17.2026 14:55:19,T0,T1,2.1ft,0.05s
4.17.2026 14:55:19,T0,T2,2.5ft,0.05s
4.17.2026 14:55:19,T1,T2,1.6ft,0.05s
4.17.2026 14:55:20,T0,T1,2.1ft,0.05s
4.17.2026 14:55:20,T0,T2,2.5ft,0.05s
4.17.2026 14:55:20,T1,T2,1.6ft,0.05s
4.17.2026 14:55:20,T0,T1,2.1ft,0.05s
4.17.2026 14:55:20,T0,T2,2.5ft,0.05s
4.17.2026 14:55:20,T1,T2,1.6ft,0.05s
4.17.2026 14:55:20,T0,T1,2.1ft,0.05s
4.17.2026 14:55:20,T0,T2,2.5ft,0.05s
4.17.2026 14:55:20,T1,T2,1.6ft,0.05s
4.17.2026 14:55:20,T0,T1,2.1ft,0.05s
4.17.2026 14:55:20,T0,T2,2.4ft,0.05s
4.17.2026 14:55:20,T1,T2,1.6ft,0.05s
4.17.2026 14:55:20,T0,T1,2.1ft,0.05s
4.17.2026 14:55:20,T0,T2,2.4ft,0.05s
4.17.2026 14:55:20,T1,T2,1.6ft,0.05s
4.17.2026 14:55:20,T0,T1,2.1ft,0.05s
4.17.2026 14:55:20,T0,T2,2.4ft,0.05s
4.17.2026 14:55:20,T1,T2,1.6ft,0.05s
4.17.2026 14:55:20,T0,T1,2.1ft,0.05s
4.17.2026 14:55:20,T0,T2,2.4ft,0.05s
4.17.2026 14:55:20,T1,T2,1.6ft,0.05s
4.17.2026 14:55:20,T0,T1,2.1ft,0.05s
4.17.2026 14:55:20,T0,T2,2.4ft,0.05s
4.17.2026 14:55:20,T1,T2,1.5ft,0.05s
4.17.2026 14:55:20,T0,T1,2.1ft,0.05s
4.17.2026 14:55:20,T0,T2,2.4ft,0.05s
4.17.2026 14:55:20,T1,T2,1.5ft,0.05s
4.17.2026 14:55:20,T0,T1,2.1ft,0.05s
4.17.2026 14:55:20,T0,T2,2.4ft,0.05s
4.17.2026 14:55:20,T1,T2,1.5ft,0.05s
4.17.2026 14:55:20,T0,T1,2.1ft,0.05s
4.17.2026 14:55:20,T0,T2,2.3ft,0.05s
4.17.2026 14:55:20,T1,T2,1.5ft,0.05s
4.17.2026 14:55:20,T0,T1,2.1ft,0.06s
4.17.2026 14:55:20,T0,T2,2.3ft,0.06s
4.17.2026 14:55:20,T1,T2,1.5ft,0.06s
4.17.2026 14:55:20,T0,T1,2.1ft,0.05s
4.17.2026 14:55:20,T0,T2,2.3ft,0.05s
4.17.2026 14:55:20,T1,T2,1.5ft,0.05s
4.17.2026 14:55:20,T0,T1,2.1ft,0.05s
4.17.2026 14:55:20,T0,T2,2.3ft,0.05s
4.17.2026 14:55:20,T1,T2,1.5ft,0.05s
4.17.2026 14:55:20,T0,T1,2.1ft,0.05s
4.17.2026 14:55:20,T0,T2,2.3ft,0.05s
4.17.2026 14:55:20,T1,T2,1.5ft,0.05s
4.17.2026 14:55:20,T0,T1,2.1ft,0.05s
4.17.2026 14:55:20,T0,T2,2.3ft,0.05s
4.17.2026 14:55:20,T1,T2,1.5ft,0.05s
4.17.2026 14:55:20,T0,T1,2.1ft,0.05s
4.17.2026 14:55:20,T0,T2,2.3ft,0.05s
4.17.2026 14:55:20,T1,T2,1.5ft,0.05s
4.17.2026 14:55:20,T0,T1,2.1ft,0.05s
4.17.2026 14:55:20,T0,T2,2.3ft,0.05s
4.17.2026 14:55:20,T1,T2,1.5ft,0.05s
4.17.2026 14:55:20,T0,T1,2.1ft,0.05s
4.17.2026 14:55:20,T0,T2,2.2ft,0.05s
4.17.2026 14:55:20,T1,T2,1.5ft,0.05s
4.17.2026 14:55:21,T0,T1,2.1ft,0.05s
4.17.2026 14:55:21,T0,T2,2.2ft,0.05s
4.17.2026 14:55:21,T1,T2,1.5ft,0.05s
4.17.2026 14:55:21,T0,T1,2.1ft,0.05s
4.17.2026 14:55:21,T0,T2,2.1ft,0.05s
4.17.2026 14:55:21,T1,T2,1.5ft,0.05s
4.17.2026 14:55:21,T0,T1,2.1ft,0.05s
4.17.2026 14:55:21,T0,T2,2.1ft,0.05s
4.17.2026 14:55:21,T1,T2,1.4ft,0.05s
4.17.2026 14:55:21,T0,T1,2.1ft,0.05s
4.17.2026 14:55:21,T0,T2,2.1ft,0.05s
4.17.2026 14:55:21,T1,T2,1.5ft,0.05s
4.17.2026 14:55:21,T0,T1,2.1ft,0.05s
4.17.2026 14:55:21,T0,T2,2.1ft,0.05s
4.17.2026 14:55:21,T1,T2,1.5ft,0.05s
4.17.2026 14:55:21,T0,T1,2.1ft,0.05s
4.17.2026 14:55:21,T0,T2,2.1ft,0.05s
4.17.2026 14:55:21,T1,T2,1.5ft,0.05s
4.17.2026 14:55:21,T0,T1,2.1ft,0.05s
4.17.2026 14:55:21,T0,T2,2.1ft,0.05s
4.17.2026 14:55:21,T1,T2,1.5ft,0.05s
4.17.2026 14:55:21,T0,T1,2.1ft,0.05s
4.17.2026 14:55:21,T0,T2,2.2ft,0.05s
4.17.2026 14:55:21,T1,T2,1.5ft,0.05s
4.17.2026 14:55:21,T0,T1,2.1ft,0.05s
4.17.2026 14:55:21,T0,T2,2.2ft,0.05s
4.17.2026 14:55:21,T1,T2,1.5ft,0.05s
4.17.2026 14:55:21,T0,T1,2.1ft,0.05s
4.17.2026 14:55:21,T0,T2,2.1ft,0.05s
4.17.2026 14:55:21,T1,T2,1.5ft,0.05s
4.17.2026 14:55:21,T0,T1,2.1ft,0.05s
4.17.2026 14:55:21,T0,T2,2.1ft,0.05s
4.17.2026 14:55:21,T1,T2,1.5ft,0.05s
4.17.2026 14:55:21,T0,T1,2.1ft,0.05s
4.17.2026 14:55:21,T0,T2,2.1ft,0.05s
4.17.2026 14:55:21,T1,T2,1.4ft,0.05s
4.17.2026 14:55:21,T0,T1,2.1ft,0.05s
4.17.2026 14:55:21,T0,T2,2.1ft,0.05s
4.17.2026 14:55:21,T1,T2,1.4ft,0.05s
4.17.2026 14:55:21,T0,T1,2.1ft,0.05s
4.17.2026 14:55:21,T0,T2,2.1ft,0.05s
4.17.2026 14:55:21,T1,T2,1.4ft,0.05s
4.17.2026 14:55:21,T0,T1,2.1ft,0.05s
4.17.2026 14:55:21,T0,T2,2.1ft,0.05s
4.17.2026 14:55:21,T1,T2,1.4ft,0.05s
4.17.2026 14:55:21,T0,T1,2.1ft,0.05s
4.17.2026 14:55:21,T0,T2,2.1ft,0.05s
4.17.2026 14:55:21,T1,T2,1.4ft,0.05s
4.17.2026 14:55:21,T0,T1,2.1ft,0.05s
4.17.2026 14:55:21,T0,T2,2.0ft,0.05s
4.17.2026 14:55:21,T1,T2,1.4ft,0.05s
4.17.2026 14:55:21,T0,T1,2.1ft,0.06s
4.17.2026 14:55:21,T0,T2,2.0ft,0.06s
4.17.2026 14:55:21,T1,T2,1.4ft,0.06s
4.17.2026 14:55:21,T0,T1,2.1ft,0.05s
4.17.2026 14:55:21,T0,T2,2.0ft,0.05s
4.17.2026 14:55:21,T1,T2,1.4ft,0.05s
4.17.2026 14:55:21,T0,T1,2.1ft,0.05s
4.17.2026 14:55:21,T0,T2,2.0ft,0.05s
4.17.2026 14:55:21,T1,T2,1.4ft,0.05s
4.17.2026 14:55:22,T0,T1,2.1ft,0.05s
4.17.2026 14:55:22,T0,T2,2.0ft,0.05s
4.17.2026 14:55:22,T1,T2,1.4ft,0.05s
4.17.2026 14:55:22,T0,T1,2.1ft,0.05s
4.17.2026 14:55:22,T0,T2,2.0ft,0.05s
4.17.2026 14:55:22,T1,T2,1.4ft,0.05s
4.17.2026 14:55:22,T0,T1,2.1ft,0.05s
4.17.2026 14:55:22,T0,T2,2.0ft,0.05s
4.17.2026 14:55:22,T1,T2,1.4ft,0.05s
4.17.2026 14:55:22,T0,T1,2.0ft,0.05s
4.17.2026 14:55:22,T0,T2,2.0ft,0.05s
4.17.2026 14:55:22,T1,T2,1.3ft,0.05s
4.17.2026 14:55:22,T0,T1,2.0ft,0.05s
4.17.2026 14:55:22,T0,T2,2.0ft,0.05s
4.17.2026 14:55:22,T1,T2,1.3ft,0.05s
4.17.2026 14:55:22,T0,T1,2.0ft,0.05s
4.17.2026 14:55:22,T0,T2,1.9ft,0.05s
4.17.2026 14:55:22,T1,T2,1.3ft,0.05s
4.17.2026 14:55:22,T0,T1,2.0ft,0.05s
4.17.2026 14:55:22,T0,T2,1.9ft,0.05s
4.17.2026 14:55:22,T1,T2,1.3ft,0.05s
4.17.2026 14:55:22,T0,T1,2.0ft,0.05s
4.17.2026 14:55:22,T0,T2,1.9ft,0.05s
4.17.2026 14:55:22,T1,T2,1.3ft,0.05s
4.17.2026 14:55:22,T0,T1,2.1ft,0.05s
4.17.2026 14:55:22,T0,T2,1.9ft,0.05s
4.17.2026 14:55:22,T1,T2,1.3ft,0.05s
4.17.2026 14:55:22,T0,T1,2.1ft,0.05s
4.17.2026 14:55:22,T0,T2,1.9ft,0.05s
4.17.2026 14:55:22,T1,T2,1.3ft,0.05s
4.17.2026 14:55:22,T0,T1,2.1ft,0.05s
4.17.2026 14:55:22,T0,T2,1.9ft,0.05s
4.17.2026 14:55:22,T1,T2,1.3ft,0.05s
4.17.2026 14:55:22,T0,T1,2.1ft,0.05s
4.17.2026 14:55:22,T0,T2,1.8ft,0.05s
4.17.2026 14:55:22,T1,T2,1.3ft,0.05s
4.17.2026 14:55:22,T0,T1,2.1ft,0.05s
4.17.2026 14:55:22,T0,T2,1.8ft,0.05s
4.17.2026 14:55:22,T1,T2,1.3ft,0.05s
4.17.2026 14:55:22,T0,T1,2.1ft,0.05s
4.17.2026 14:55:22,T0,T2,1.8ft,0.05s
4.17.2026 14:55:22,T1,T2,1.3ft,0.05s
4.17.2026 14:55:22,T0,T1,2.1ft,0.05s
4.17.2026 14:55:22,T0,T2,1.8ft,0.05s
4.17.2026 14:55:22,T1,T2,1.3ft,0.05s
4.17.2026 14:55:22,T0,T1,2.1ft,0.05s
4.17.2026 14:55:22,T0,T2,1.8ft,0.05s
4.17.2026 14:55:22,T1,T2,1.3ft,0.05s
4.17.2026 14:55:22,T0,T1,2.1ft,0.05s
4.17.2026 14:55:22,T0,T2,1.9ft,0.05s
4.17.2026 14:55:22,T1,T2,1.3ft,0.05s
4.17.2026 14:55:22,T0,T1,2.1ft,0.05s
4.17.2026 14:55:22,T0,T2,1.9ft,0.05s
4.17.2026 14:55:22,T1,T2,1.3ft,0.05s
4.17.2026 14:55:22,T0,T1,2.1ft,0.05s
4.17.2026 14:55:22,T0,T2,1.9ft,0.05s
4.17.2026 14:55:22,T1,T2,1.3ft,0.05s
4.17.2026 14:55:23,T0,T1,2.1ft,0.05s
4.17.2026 14:55:23,T0,T2,2.0ft,0.05s
4.17.2026 14:55:23,T1,T2,1.3ft,0.05s
4.17.2026 14:55:23,T0,T1,2.1ft,0.05s
4.17.2026 14:55:23,T0,T2,2.0ft,0.05s
4.17.2026 14:55:23,T1,T2,1.4ft,0.05s
4.17.2026 14:55:23,T0,T1,2.1ft,0.05s
4.17.2026 14:55:23,T0,T2,2.1ft,0.05s
4.17.2026 14:55:23,T1,T2,1.4ft,0.05s
4.17.2026 14:55:23,T0,T1,2.1ft,0.06s
4.17.2026 14:55:23,T0,T2,2.1ft,0.06s
4.17.2026 14:55:23,T1,T2,1.4ft,0.06s
4.17.2026 14:55:23,T0,T1,2.1ft,0.05s
4.17.2026 14:55:23,T0,T2,2.1ft,0.05s
4.17.2026 14:55:23,T1,T2,1.4ft,0.05s
4.17.2026 14:55:23,T0,T1,2.1ft,0.05s
4.17.2026 14:55:23,T0,T2,2.2ft,0.05s
4.17.2026 14:55:23,T1,T2,1.4ft,0.05s
4.17.2026 14:55:23,T0,T1,2.1ft,0.05s
4.17.2026 14:55:23,T0,T2,2.2ft,0.05s
4.17.2026 14:55:23,T1,T2,1.4ft,0.05s
4.17.2026 14:55:23,T0,T1,2.1ft,0.05s
4.17.2026 14:55:23,T0,T2,2.2ft,0.05s
4.17.2026 14:55:23,T1,T2,1.4ft,0.05s
4.17.2026 14:55:23,T0,T1,2.1ft,0.05s
4.17.2026 14:55:23,T0,T2,2.2ft,0.05s
4.17.2026 14:55:23,T1,T2,1.4ft,0.05s
4.17.2026 14:55:23,T0,T1,2.1ft,0.05s
4.17.2026 14:55:23,T0,T2,2.2ft,0.05s
4.17.2026 14:55:23,T1,T2,1.4ft,0.05s
4.17.2026 14:55:23,T0,T1,2.1ft,0.05s
4.17.2026 14:55:23,T0,T2,2.2ft,0.05s
4.17.2026 14:55:23,T1,T2,1.4ft,0.05s
4.17.2026 14:55:23,T0,T1,2.1ft,0.05s
4.17.2026 14:55:23,T0,T2,2.1ft,0.05s
4.17.2026 14:55:23,T1,T2,1.4ft,0.05s
4.17.2026 14:55:23,T0,T1,2.1ft,0.05s
4.17.2026 14:55:23,T0,T2,2.1ft,0.05s
4.17.2026 14:55:23,T1,T2,1.4ft,0.05s
4.17.2026 14:55:23,T0,T1,2.1ft,0.05s
4.17.2026 14:55:23,T0,T2,2.1ft,0.05s
4.17.2026 14:55:23,T1,T2,1.3ft,0.05s
4.17.2026 14:55:23,T0,T1,2.1ft,0.05s
4.17.2026 14:55:23,T0,T2,2.1ft,0.05s
4.17.2026 14:55:23,T1,T2,1.3ft,0.05s
4.17.2026 14:55:23,T0,T1,2.1ft,0.05s
4.17.2026 14:55:23,T0,T2,2.0ft,0.05s
4.17.2026 14:55:23,T1,T2,1.3ft,0.05s
4.17.2026 14:55:23,T0,T1,2.1ft,0.05s
4.17.2026 14:55:23,T0,T2,2.0ft,0.05s
4.17.2026 14:55:23,T1,T2,1.3ft,0.05s
4.17.2026 14:55:23,T0,T1,2.1ft,0.05s
4.17.2026 14:55:23,T0,T2,2.0ft,0.05s
4.17.2026 14:55:23,T1,T2,1.3ft,0.05s
4.17.2026 14:55:23,T0,T1,2.0ft,0.05s
4.17.2026 14:55:23,T0,T2,2.0ft,0.05s
4.17.2026 14:55:23,T1,T2,1.3ft,0.05s
4.17.2026 14:55:23,T0,T1,2.0ft,0.05s
4.17.2026 14:55:23,T0,T2,2.0ft,0.05s
4.17.2026 14:55:23,T1,T2,1.3ft,0.05s
4.17.2026 14:55:24,T0,T1,2.0ft,0.05s
4.17.2026 14:55:24,T0,T2,2.0ft,0.05s
4.17.2026 14:55:24,T1,T2,1.3ft,0.05s
4.17.2026 14:55:24,T0,T1,2.0ft,0.05s
4.17.2026 14:55:24,T0,T2,2.0ft,0.05s
4.17.2026 14:55:24,T1,T2,1.3ft,0.05s
4.17.2026 14:55:24,T0,T1,2.0ft,0.05s
4.17.2026 14:55:24,T0,T2,2.0ft,0.05s
4.17.2026 14:55:24,T1,T2,1.3ft,0.05s
4.17.2026 14:55:24,T0,T1,2.0ft,0.05s
4.17.2026 14:55:24,T0,T2,2.0ft,0.05s
4.17.2026 14:55:24,T1,T2,1.3ft,0.05s
4.17.2026 14:55:24,T0,T1,2.0ft,0.05s
4.17.2026 14:55:24,T0,T2,2.0ft,0.05s
4.17.2026 14:55:24,T1,T2,1.4ft,0.05s
4.17.2026 14:55:24,T0,T1,2.0ft,0.05s
4.17.2026 14:55:24,T0,T2,2.1ft,0.05s
4.17.2026 14:55:24,T1,T2,1.4ft,0.05s
4.17.2026 14:55:24,T0,T1,2.0ft,0.05s
4.17.2026 14:55:24,T0,T2,2.2ft,0.05s
4.17.2026 14:55:24,T1,T2,1.4ft,0.05s
4.17.2026 14:55:24,T0,T1,2.0ft,0.05s
4.17.2026 14:55:24,T0,T2,2.2ft,0.05s
4.17.2026 14:55:24,T1,T2,1.5ft,0.05s
4.17.2026 14:55:24,T0,T1,2.0ft,0.05s
4.17.2026 14:55:24,T0,T2,2.2ft,0.05s
4.17.2026 14:55:24,T1,T2,1.5ft,0.05s
4.17.2026 14:55:24,T0,T1,2.1ft,0.05s
4.17.2026 14:55:24,T0,T2,2.2ft,0.05s
4.17.2026 14:55:24,T1,T2,1.5ft,0.05s
4.17.2026 14:55:24,T0,T1,2.1ft,0.05s
4.17.2026 14:55:24,T0,T2,2.2ft,0.05s
4.17.2026 14:55:24,T1,T2,1.5ft,0.05s
4.17.2026 14:55:24,T0,T1,2.1ft,0.05s
4.17.2026 14:55:24,T0,T2,2.2ft,0.05s
4.17.2026 14:55:24,T1,T2,1.5ft,0.05s
4.17.2026 14:55:24,T0,T1,2.1ft,0.05s
4.17.2026 14:55:24,T0,T2,2.1ft,0.05s
4.17.2026 14:55:24,T1,T2,1.4ft,0.05s
4.17.2026 14:55:24,T0,T1,2.1ft,0.05s
4.17.2026 14:55:24,T0,T2,2.1ft,0.05s
4.17.2026 14:55:24,T1,T2,1.4ft,0.05s
4.17.2026 14:55:24,T0,T1,2.0ft,0.05s
4.17.2026 14:55:24,T0,T2,2.1ft,0.05s
4.17.2026 14:55:24,T1,T2,1.4ft,0.05s
4.17.2026 14:55:24,T0,T1,2.0ft,0.05s
4.17.2026 14:55:24,T0,T2,2.2ft,0.05s
4.17.2026 14:55:24,T1,T2,1.4ft,0.05s
4.17.2026 14:55:24,T0,T1,2.0ft,0.05s
4.17.2026 14:55:24,T0,T2,2.2ft,0.05s
4.17.2026 14:55:24,T1,T2,1.4ft,0.05s
4.17.2026 14:55:24,T0,T1,2.0ft,0.05s
4.17.2026 14:55:24,T0,T2,2.2ft,0.05s
4.17.2026 14:55:24,T1,T2,1.4ft,0.05s
4.17.2026 14:55:24,T0,T1,2.0ft,0.05s
4.17.2026 14:55:24,T0,T2,2.2ft,0.05s
4.17.2026 14:55:24,T1,T2,1.4ft,0.05s
4.17.2026 14:55:24,T0,T1,2.0ft,0.05s
4.17.2026 14:55:24,T0,T2,2.2ft,0.05s
4.17.2026 14:55:24,T1,T2,1.4ft,0.05s
4.17.2026 14:55:25,T0,T1,2.0ft,0.05s
4.17.2026 14:55:25,T0,T2,2.2ft,0.05s
4.17.2026 14:55:25,T1,T2,1.4ft,0.05s
4.17.2026 14:55:25,T0,T1,2.0ft,0.05s
4.17.2026 14:55:25,T0,T2,2.2ft,0.05s
4.17.2026 14:55:25,T1,T2,1.4ft,0.05s
4.17.2026 14:55:25,T0,T1,2.0ft,0.05s
4.17.2026 14:55:25,T0,T2,2.1ft,0.05s
4.17.2026 14:55:25,T1,T2,1.4ft,0.05s
4.17.2026 14:55:25,T0,T1,2.0ft,0.05s
4.17.2026 14:55:25,T0,T2,2.1ft,0.05s
4.17.2026 14:55:25,T1,T2,1.4ft,0.05s
4.17.2026 14:55:25,T0,T1,2.0ft,0.05s
4.17.2026 14:55:25,T0,T2,2.1ft,0.05s
4.17.2026 14:55:25,T1,T2,1.4ft,0.05s
4.17.2026 14:55:25,T0,T1,2.0ft,0.05s
4.17.2026 14:55:25,T0,T2,2.1ft,0.05s
4.17.2026 14:55:25,T1,T2,1.4ft,0.05s
4.17.2026 14:55:25,T0,T1,2.0ft,0.05s
4.17.2026 14:55:25,T0,T2,2.1ft,0.05s
4.17.2026 14:55:25,T1,T2,1.4ft,0.05s
4.17.2026 14:55:25,T0,T1,2.0ft,0.05s
4.17.2026 14:55:25,T0,T2,2.1ft,0.05s
4.17.2026 14:55:25,T1,T2,1.4ft,0.05s
4.17.2026 14:55:25,T0,T1,2.0ft,0.05s
4.17.2026 14:55:25,T0,T2,2.1ft,0.05s
4.17.2026 14:55:25,T1,T2,1.4ft,0.05s
4.17.2026 14:55:25,T0,T1,2.0ft,0.05s
4.17.2026 14:55:25,T0,T2,2.1ft,0.05s
4.17.2026 14:55:25,T1,T2,1.4ft,0.05s
4.17.2026 14:55:25,T0,T1,2.0ft,0.05s
4.17.2026 14:55:25,T0,T2,2.2ft,0.05s
4.17.2026 14:55:25,T1,T2,1.4ft,0.05s
4.17.2026 14:55:25,T0,T1,2.0ft,0.05s
4.17.2026 14:55:25,T0,T2,2.2ft,0.05s
4.17.2026 14:55:25,T1,T2,1.5ft,0.05s
4.17.2026 14:55:25,T0,T1,2.0ft,0.05s
4.17.2026 14:55:25,T0,T2,2.3ft,0.05s
4.17.2026 14:55:25,T1,T2,1.5ft,0.05s
4.17.2026 14:55:25,T0,T1,2.0ft,0.05s
4.17.2026 14:55:25,T0,T2,2.3ft,0.05s
4.17.2026 14:55:25,T1,T2,1.5ft,0.05s
4.17.2026 14:55:25,T0,T1,2.0ft,0.05s
4.17.2026 14:55:25,T0,T2,2.3ft,0.05s
4.17.2026 14:55:25,T1,T2,1.5ft,0.05s
4.17.2026 14:55:25,T0,T1,2.0ft,0.05s
4.17.2026 14:55:25,T0,T2,2.3ft,0.05s
4.17.2026 14:55:25,T1,T2,1.5ft,0.05s
4.17.2026 14:55:25,T0,T1,2.0ft,0.05s
4.17.2026 14:55:25,T0,T2,2.3ft,0.05s
4.17.2026 14:55:25,T1,T2,1.5ft,0.05s
4.17.2026 14:55:25,T0,T1,2.0ft,0.05s
4.17.2026 14:55:25,T0,T2,2.3ft,0.05s
4.17.2026 14:55:25,T1,T2,1.5ft,0.05s
4.17.2026 14:55:25,T0,T1,2.0ft,0.05s
4.17.2026 14:55:25,T0,T2,2.3ft,0.05s
4.17.2026 14:55:25,T1,T2,1.5ft,0.05s
4.17.2026 14:55:26,T0,T1,2.0ft,0.05s
4.17.2026 14:55:26,T0,T2,2.3ft,0.05s
4.17.2026 14:55:26,T1,T2,1.5ft,0.05s
4.17.2026 14:55:26,T0,T1,2.0ft,0.05s
4.17.2026 14:55:26,T0,T2,2.3ft,0.05s
4.17.2026 14:55:26,T1,T2,1.5ft,0.05s
4.17.2026 14:55:26,T0,T1,2.0ft,0.05s
4.17.2026 14:55:26,T0,T2,2.2ft,0.05s
4.17.2026 14:55:26,T1,T2,1.4ft,0.05s
4.17.2026 14:55:26,T0,T1,2.0ft,0.05s
4.17.2026 14:55:26,T0,T2,2.2ft,0.05s
4.17.2026 14:55:26,T1,T2,1.4ft,0.05s
4.17.2026 14:55:26,T0,T1,2.0ft,0.05s
4.17.2026 14:55:26,T0,T2,2.1ft,0.05s
4.17.2026 14:55:26,T1,T2,1.4ft,0.05s
4.17.2026 14:55:26,T0,T1,2.0ft,0.05s
4.17.2026 14:55:26,T0,T2,2.1ft,0.05s
4.17.2026 14:55:26,T1,T2,1.4ft,0.05s
4.17.2026 14:55:26,T0,T1,2.0ft,0.05s
4.17.2026 14:55:26,T0,T2,2.1ft,0.05s
4.17.2026 14:55:26,T1,T2,1.4ft,0.05s
4.17.2026 14:55:26,T0,T1,2.0ft,0.05s
4.17.2026 14:55:26,T0,T2,2.0ft,0.05s
4.17.2026 14:55:26,T1,T2,1.4ft,0.05s
4.17.2026 14:55:26,T0,T1,2.0ft,0.05s
4.17.2026 14:55:26,T0,T2,2.0ft,0.05s
4.17.2026 14:55:26,T1,T2,1.3ft,0.05s
4.17.2026 14:55:26,T0,T1,2.0ft,0.05s
4.17.2026 14:55:26,T0,T2,2.0ft,0.05s
4.17.2026 14:55:26,T1,T2,1.3ft,0.05s
4.17.2026 14:55:26,T0,T1,2.0ft,0.05s
4.17.2026 14:55:26,T0,T2,1.9ft,0.05s
4.17.2026 14:55:26,T1,T2,1.3ft,0.05s
4.17.2026 14:55:26,T0,T1,2.0ft,0.05s
4.17.2026 14:55:26,T0,T2,1.9ft,0.05s
4.17.2026 14:55:26,T1,T2,1.3ft,0.05s
4.17.2026 14:55:26,T0,T1,2.0ft,0.05s
4.17.2026 14:55:26,T0,T2,1.9ft,0.05s
4.17.2026 14:55:26,T1,T2,1.3ft,0.05s
4.17.2026 14:55:26,T0,T1,2.0ft,0.05s
4.17.2026 14:55:26,T0,T2,1.8ft,0.05s
4.17.2026 14:55:26,T1,T2,1.3ft,0.05s
4.17.2026 14:55:26,T0,T1,2.0ft,0.05s
4.17.2026 14:55:26,T0,T2,1.8ft,0.05s
4.17.2026 14:55:26,T1,T2,1.3ft,0.05s
4.17.2026 14:55:26,T0,T1,2.0ft,0.05s
4.17.2026 14:55:26,T0,T2,1.8ft,0.05s
4.17.2026 14:55:26,T1,T2,1.3ft,0.05s
4.17.2026 14:55:26,T0,T1,2.0ft,0.05s
4.17.2026 14:55:26,T0,T2,1.8ft,0.05s
4.17.2026 14:55:26,T1,T2,1.3ft,0.05s
4.17.2026 14:55:26,T0,T1,2.0ft,0.05s
4.17.2026 14:55:26,T0,T2,1.8ft,0.05s
4.17.2026 14:55:26,T1,T2,1.3ft,0.05s
4.17.2026 14:55:26,T0,T1,2.0ft,0.05s
4.17.2026 14:55:26,T0,T2,1.8ft,0.05s
4.17.2026 14:55:26,T1,T2,1.3ft,0.05s
4.17.2026 14:55:26,T0,T1,2.0ft,0.05s
4.17.2026 14:55:26,T0,T2,1.8ft,0.05s
4.17.2026 14:55:26,T1,T2,1.3ft,0.05s
4.17.2026 14:55:27,T0,T1,2.0ft,0.05s
4.17.2026 14:55:27,T0,T2,1.8ft,0.05s
4.17.2026 14:55:27,T1,T2,1.3ft,0.05s
4.17.2026 14:55:27,T0,T1,2.1ft,0.05s
4.17.2026 14:55:27,T0,T2,1.8ft,0.05s
4.17.2026 14:55:27,T1,T2,1.3ft,0.05s
4.17.2026 14:55:27,T0,T1,2.1ft,0.05s
4.17.2026 14:55:27,T0,T2,1.9ft,0.05s
4.17.2026 14:55:27,T1,T2,1.3ft,0.05s
4.17.2026 14:55:27,T0,T1,2.1ft,0.05s
4.17.2026 14:55:27,T0,T2,2.0ft,0.05s
4.17.2026 14:55:27,T1,T2,1.3ft,0.05s
4.17.2026 14:55:27,T0,T1,2.1ft,0.05s
4.17.2026 14:55:27,T0,T2,2.0ft,0.05s
4.17.2026 14:55:27,T1,T2,1.4ft,0.05s
4.17.2026 14:55:27,T0,T1,2.1ft,0.05s
4.17.2026 14:55:27,T0,T2,2.1ft,0.05s
4.17.2026 14:55:27,T1,T2,1.4ft,0.05s
4.17.2026 14:55:27,T0,T1,2.1ft,0.05s
4.17.2026 14:55:27,T0,T2,2.1ft,0.05s
4.17.2026 14:55:27,T1,T2,1.4ft,0.05s
4.17.2026 14:55:27,T0,T1,2.1ft,0.05s
4.17.2026 14:55:27,T0,T2,2.1ft,0.05s
4.17.2026 14:55:27,T1,T2,1.4ft,0.05s
4.17.2026 14:55:27,T0,T1,2.1ft,0.05s
4.17.2026 14:55:27,T0,T2,2.1ft,0.05s
4.17.2026 14:55:27,T1,T2,1.4ft,0.05s
4.17.2026 14:55:27,T0,T1,2.1ft,0.05s
4.17.2026 14:55:27,T0,T2,2.1ft,0.05s
4.17.2026 14:55:27,T1,T2,1.4ft,0.05s
4.17.2026 14:55:27,T0,T1,2.1ft,0.05s
4.17.2026 14:55:27,T0,T2,2.1ft,0.05s
4.17.2026 14:55:27,T1,T2,1.4ft,0.05s
4.17.2026 14:55:27,T0,T1,2.1ft,0.05s
4.17.2026 14:55:27,T0,T2,2.0ft,0.05s
4.17.2026 14:55:27,T1,T2,1.4ft,0.05s
4.17.2026 14:55:27,T0,T1,2.1ft,0.05s
4.17.2026 14:55:27,T0,T2,2.0ft,0.05s
4.17.2026 14:55:27,T1,T2,1.4ft,0.05s
4.17.2026 14:55:27,T0,T1,2.0ft,0.05s
4.17.2026 14:55:27,T0,T2,2.0ft,0.05s
4.17.2026 14:55:27,T1,T2,1.4ft,0.05s
4.17.2026 14:55:27,T0,T1,2.0ft,0.05s
4.17.2026 14:55:27,T0,T2,2.0ft,0.05s
4.17.2026 14:55:27,T1,T2,1.3ft,0.05s
4.17.2026 14:55:27,T0,T1,2.0ft,0.05s
4.17.2026 14:55:27,T0,T2,1.9ft,0.05s
4.17.2026 14:55:27,T1,T2,1.3ft,0.05s
4.17.2026 14:55:27,T0,T1,2.0ft,0.05s
4.17.2026 14:55:27,T0,T2,1.9ft,0.05s
4.17.2026 14:55:27,T1,T2,1.3ft,0.05s
4.17.2026 14:55:27,T0,T1,2.0ft,0.05s
4.17.2026 14:55:27,T0,T2,1.9ft,0.05s
4.17.2026 14:55:27,T1,T2,1.3ft,0.05s
4.17.2026 14:55:27,T0,T1,2.0ft,0.05s
4.17.2026 14:55:27,T0,T2,1.9ft,0.05s
4.17.2026 14:55:27,T1,T2,1.3ft,0.05s
4.17.2026 14:55:27,T0,T1,2.0ft,0.05s
4.17.2026 14:55:27,T0,T2,1.9ft,0.05s
4.17.2026 14:55:27,T1,T2,1.3ft,0.05s
4.17.2026 14:55:28,T0,T1,2.0ft,0.05s
4.17.2026 14:55:28,T0,T2,1.9ft,0.05s
4.17.2026 14:55:28,T1,T2,1.3ft,0.05s
4.17.2026 14:55:28,T0,T1,2.0ft,0.05s
4.17.2026 14:55:28,T0,T2,1.9ft,0.05s
4.17.2026 14:55:28,T1,T2,1.3ft,0.05s
4.17.2026 14:55:28,T0,T1,2.0ft,0.05s
4.17.2026 14:55:28,T0,T2,1.9ft,0.05s
4.17.2026 14:55:28,T1,T2,1.3ft,0.05s
4.17.2026 14:55:28,T0,T1,2.0ft,0.05s
4.17.2026 14:55:28,T0,T2,1.9ft,0.05s
4.17.2026 14:55:28,T1,T2,1.3ft,0.05s
4.17.2026 14:55:28,T0,T1,2.0ft,0.05s
4.17.2026 14:55:28,T0,T2,1.9ft,0.05s
4.17.2026 14:55:28,T1,T2,1.3ft,0.05s
4.17.2026 14:55:28,T0,T1,2.0ft,0.05s
4.17.2026 14:55:28,T0,T2,1.9ft,0.05s
4.17.2026 14:55:28,T1,T2,1.3ft,0.05s
4.17.2026 14:55:28,T0,T1,2.0ft,0.05s
4.17.2026 14:55:28,T0,T2,1.9ft,0.05s
4.17.2026 14:55:28,T1,T2,1.3ft,0.05s
4.17.2026 14:55:28,T0,T1,2.0ft,0.05s
4.17.2026 14:55:28,T0,T2,2.0ft,0.05s
4.17.2026 14:55:28,T1,T2,1.4ft,0.05s
4.17.2026 14:55:28,T0,T1,2.0ft,0.05s
4.17.2026 14:55:28,T0,T2,2.0ft,0.05s
4.17.2026 14:55:28,T1,T2,1.4ft,0.05s
4.17.2026 14:55:28,T0,T1,2.0ft,0.05s
4.17.2026 14:55:28,T0,T2,2.1ft,0.05s
4.17.2026 14:55:28,T1,T2,1.4ft,0.05s
4.17.2026 14:55:28,T0,T1,2.0ft,0.05s
4.17.2026 14:55:28,T0,T2,2.1ft,0.05s
4.17.2026 14:55:28,T1,T2,1.4ft,0.05s
4.17.2026 14:55:28,T0,T1,2.0ft,0.05s
4.17.2026 14:55:28,T0,T2,2.1ft,0.05s
4.17.2026 14:55:28,T1,T2,1.4ft,0.05s
4.17.2026 14:55:28,T0,T1,2.0ft,0.05s
4.17.2026 14:55:28,T0,T2,2.1ft,0.05s
4.17.2026 14:55:28,T1,T2,1.4ft,0.05s
4.17.2026 14:55:28,T0,T1,2.0ft,0.05s
4.17.2026 14:55:28,T0,T2,2.1ft,0.05s
4.17.2026 14:55:28,T1,T2,1.4ft,0.05s
4.17.2026 14:55:28,T0,T1,2.0ft,0.05s
4.17.2026 14:55:28,T0,T2,2.1ft,0.05s
4.17.2026 14:55:28,T1,T2,1.4ft,0.05s
4.17.2026 14:55:28,T0,T1,2.0ft,0.05s
4.17.2026 14:55:28,T0,T2,2.1ft,0.05s
4.17.2026 14:55:28,T1,T2,1.4ft,0.05s
4.17.2026 14:55:28,T0,T1,2.0ft,0.05s
4.17.2026 14:55:28,T0,T2,2.0ft,0.05s
4.17.2026 14:55:28,T1,T2,1.4ft,0.05s
4.17.2026 14:55:28,T0,T1,2.0ft,0.05s
4.17.2026 14:55:28,T0,T2,2.0ft,0.05s
4.17.2026 14:55:28,T1,T2,1.4ft,0.05s
4.17.2026 14:55:28,T0,T1,2.0ft,0.05s
4.17.2026 14:55:28,T0,T2,2.0ft,0.05s
4.17.2026 14:55:28,T1,T2,1.4ft,0.05s
4.17.2026 14:55:28,T0,T1,2.0ft,0.05s
4.17.2026 14:55:28,T0,T2,1.9ft,0.05s
4.17.2026 14:55:28,T1,T2,1.4ft,0.05s
4.17.2026 14:55:29,T0,T1,2.0ft,0.05s
4.17.2026 14:55:29,T0,T2,1.9ft,0.05s
4.17.2026 14:55:29,T1,T2,1.4ft,0.05s
4.17.2026 14:55:29,T0,T1,2.0ft,0.05s
4.17.2026 14:55:29,T0,T2,1.9ft,0.05s
4.17.2026 14:55:29,T1,T2,1.3ft,0.05s
4.17.2026 14:55:29,T0,T1,2.0ft,0.06s
4.17.2026 14:55:29,T0,T2,2.0ft,0.06s
4.17.2026 14:55:29,T1,T2,1.3ft,0.06s
4.17.2026 14:55:29,T0,T1,2.0ft,0.05s
4.17.2026 14:55:29,T0,T2,2.0ft,0.05s
4.17.2026 14:55:29,T1,T2,1.3ft,0.05s
4.17.2026 14:55:29,T0,T1,2.0ft,0.05s
4.17.2026 14:55:29,T0,T2,2.0ft,0.05s
4.17.2026 14:55:29,T1,T2,1.3ft,0.05s
4.17.2026 14:55:29,T0,T1,2.0ft,0.05s
4.17.2026 14:55:29,T0,T2,1.9ft,0.05s
4.17.2026 14:55:29,T1,T2,1.3ft,0.05s
4.17.2026 14:55:29,T0,T1,2.0ft,0.05s
4.17.2026 14:55:29,T0,T2,1.9ft,0.05s
4.17.2026 14:55:29,T1,T2,1.3ft,0.05s
4.17.2026 14:55:29,T0,T1,2.0ft,0.05s
4.17.2026 14:55:29,T0,T2,2.0ft,0.05s
4.17.2026 14:55:29,T1,T2,1.3ft,0.05s
4.17.2026 14:55:29,T0,T1,2.0ft,0.05s
4.17.2026 14:55:29,T0,T2,2.0ft,0.05s
4.17.2026 14:55:29,T1,T2,1.3ft,0.05s
4.17.2026 14:55:29,T0,T1,2.0ft,0.05s
4.17.2026 14:55:29,T0,T2,2.0ft,0.05s
4.17.2026 14:55:29,T1,T2,1.3ft,0.05s
4.17.2026 14:55:29,T0,T1,2.0ft,0.05s
4.17.2026 14:55:29,T0,T2,1.9ft,0.05s
4.17.2026 14:55:29,T1,T2,1.3ft,0.05s
4.17.2026 14:55:29,T0,T1,2.0ft,0.05s
4.17.2026 14:55:29,T0,T2,1.9ft,0.05s
4.17.2026 14:55:29,T1,T2,1.3ft,0.05s
4.17.2026 14:55:29,T0,T1,2.1ft,0.05s
4.17.2026 14:55:29,T0,T2,1.9ft,0.05s
4.17.2026 14:55:29,T1,T2,1.3ft,0.05s
4.17.2026 14:55:29,T0,T1,2.1ft,0.05s
4.17.2026 14:55:29,T0,T2,1.9ft,0.05s
4.17.2026 14:55:29,T1,T2,1.3ft,0.05s
4.17.2026 14:55:29,T0,T1,2.1ft,0.05s
4.17.2026 14:55:29,T0,T2,1.9ft,0.05s
4.17.2026 14:55:29,T1,T2,1.3ft,0.05s
4.17.2026 14:55:29,T0,T1,2.1ft,0.05s
4.17.2026 14:55:29,T0,T2,1.9ft,0.05s
4.17.2026 14:55:29,T1,T2,1.3ft,0.05s
4.17.2026 14:55:29,T0,T1,2.1ft,0.05s
4.17.2026 14:55:29,T0,T2,1.9ft,0.05s
4.17.2026 14:55:29,T1,T2,1.4ft,0.05s
4.17.2026 14:55:29,T0,T1,2.1ft,0.05s
4.17.2026 14:55:29,T0,T2,2.0ft,0.05s
4.17.2026 14:55:29,T1,T2,1.4ft,0.05s
4.17.2026 14:55:29,T0,T1,2.1ft,0.05s
4.17.2026 14:55:29,T0,T2,2.1ft,0.05s
4.17.2026 14:55:29,T1,T2,1.4ft,0.05s
4.17.2026 14:55:30,T0,T1,2.1ft,0.05s
4.17.2026 14:55:30,T0,T2,2.1ft,0.05s
4.17.2026 14:55:30,T1,T2,1.4ft,0.05s
4.17.2026 14:55:30,T0,T1,2.1ft,0.05s
4.17.2026 14:55:30,T0,T2,2.1ft,0.05s
4.17.2026 14:55:30,T1,T2,1.4ft,0.05s
4.17.2026 14:55:30,T0,T1,2.1ft,0.05s
4.17.2026 14:55:30,T0,T2,2.1ft,0.05s
4.17.2026 14:55:30,T1,T2,1.4ft,0.05s
4.17.2026 14:55:30,T0,T1,2.1ft,0.05s
4.17.2026 14:55:30,T0,T2,2.0ft,0.05s
4.17.2026 14:55:30,T1,T2,1.4ft,0.05s
4.17.2026 14:55:30,T0,T1,2.1ft,0.05s
4.17.2026 14:55:30,T0,T2,2.0ft,0.05s
4.17.2026 14:55:30,T1,T2,1.4ft,0.05s
4.17.2026 14:55:30,T0,T1,2.1ft,0.05s
4.17.2026 14:55:30,T0,T2,2.0ft,0.05s
4.17.2026 14:55:30,T1,T2,1.4ft,0.05s
4.17.2026 14:55:30,T0,T1,2.1ft,0.05s
4.17.2026 14:55:30,T0,T2,2.0ft,0.05s
4.17.2026 14:55:30,T1,T2,1.4ft,0.05s
4.17.2026 14:55:30,T0,T1,2.1ft,0.05s
4.17.2026 14:55:30,T0,T2,1.9ft,0.05s
4.17.2026 14:55:30,T1,T2,1.4ft,0.05s
4.17.2026 14:55:30,T0,T1,2.1ft,0.05s
4.17.2026 14:55:30,T0,T2,1.9ft,0.05s
4.17.2026 14:55:30,T1,T2,1.3ft,0.05s
4.17.2026 14:55:30,T0,T1,2.1ft,0.05s
4.17.2026 14:55:30,T0,T2,1.9ft,0.05s
4.17.2026 14:55:30,T1,T2,1.3ft,0.05s
4.17.2026 14:55:30,T0,T1,2.1ft,0.05s
4.17.2026 14:55:30,T0,T2,1.9ft,0.05s
4.17.2026 14:55:30,T1,T2,1.3ft,0.05s
4.17.2026 14:55:30,T0,T1,2.1ft,0.05s
4.17.2026 14:55:30,T0,T2,1.8ft,0.05s
4.17.2026 14:55:30,T1,T2,1.3ft,0.05s
4.17.2026 14:55:30,T0,T1,2.1ft,0.05s
4.17.2026 14:55:30,T0,T2,1.8ft,0.05s
4.17.2026 14:55:30,T1,T2,1.3ft,0.05s
4.17.2026 14:55:30,T0,T1,2.1ft,0.05s
4.17.2026 14:55:30,T0,T2,1.8ft,0.05s
4.17.2026 14:55:30,T1,T2,1.3ft,0.05s
4.17.2026 14:55:30,T0,T1,2.1ft,0.05s
4.17.2026 14:55:30,T0,T2,1.8ft,0.05s
4.17.2026 14:55:30,T1,T2,1.3ft,0.05s
4.17.2026 14:55:30,T0,T1,2.1ft,0.05s
4.17.2026 14:55:30,T0,T2,1.8ft,0.05s
4.17.2026 14:55:30,T1,T2,1.3ft,0.05s
4.17.2026 14:55:30,T0,T1,2.1ft,0.05s
4.17.2026 14:55:30,T0,T2,1.8ft,0.05s
4.17.2026 14:55:30,T1,T2,1.3ft,0.05s
4.17.2026 14:55:30,T0,T1,2.1ft,0.05s
4.17.2026 14:55:30,T0,T2,1.8ft,0.05s
4.17.2026 14:55:30,T1,T2,1.3ft,0.05s
4.17.2026 14:55:30,T0,T1,2.1ft,0.05s
4.17.2026 14:55:30,T0,T2,1.8ft,0.05s
4.17.2026 14:55:30,T1,T2,1.3ft,0.05s
4.17.2026 14:55:30,T0,T1,2.1ft,0.05s
4.17.2026 14:55:30,T0,T2,1.8ft,0.05s
4.17.2026 14:55:30,T1,T2,1.3ft,0.05s
4.17.2026 14:55:31,T0,T1,2.1ft,0.05s
4.17.2026 14:55:31,T0,T2,1.8ft,0.05s
4.17.2026 14:55:31,T1,T2,1.3ft,0.05s
4.17.2026 14:55:31,T0,T1,2.1ft,0.05s
4.17.2026 14:55:31,T0,T2,1.8ft,0.05s
4.17.2026 14:55:31,T1,T2,1.3ft,0.05s
4.17.2026 14:55:31,T0,T1,2.1ft,0.05s
4.17.2026 14:55:31,T0,T2,1.8ft,0.05s
4.17.2026 14:55:31,T1,T2,1.3ft,0.05s
4.17.2026 14:55:31,T0,T1,2.0ft,0.05s
4.17.2026 14:55:31,T0,T2,1.8ft,0.05s
4.17.2026 14:55:31,T1,T2,1.3ft,0.05s
4.17.2026 14:55:31,T0,T1,2.0ft,0.05s
4.17.2026 14:55:31,T0,T2,1.8ft,0.05s
4.17.2026 14:55:31,T1,T2,1.3ft,0.05s
4.17.2026 14:55:31,T0,T1,2.1ft,0.05s
4.17.2026 14:55:31,T0,T2,1.8ft,0.05s
4.17.2026 14:55:31,T1,T2,1.3ft,0.05s
4.17.2026 14:55:31,T0,T1,2.1ft,0.05s
4.17.2026 14:55:31,T0,T2,1.8ft,0.05s
4.17.2026 14:55:31,T1,T2,1.3ft,0.05s
4.17.2026 14:55:31,T0,T1,2.1ft,0.05s
4.17.2026 14:55:31,T0,T2,1.8ft,0.05s
4.17.2026 14:55:31,T1,T2,1.3ft,0.05s
4.17.2026 14:55:31,T0,T1,2.1ft,0.05s
4.17.2026 14:55:31,T0,T2,1.8ft,0.05s
4.17.2026 14:55:31,T1,T2,1.3ft,0.05s
4.17.2026 14:55:31,T0,T1,2.1ft,0.05s
4.17.2026 14:55:31,T0,T2,1.8ft,0.05s
4.17.2026 14:55:31,T1,T2,1.3ft,0.05s
4.17.2026 14:55:31,T0,T1,2.1ft,0.05s
4.17.2026 14:55:31,T0,T2,1.8ft,0.05s
4.17.2026 14:55:31,T1,T2,1.3ft,0.05s
4.17.2026 14:55:31,T0,T1,2.1ft,0.05s
4.17.2026 14:55:31,T0,T2,1.8ft,0.05s
4.17.2026 14:55:31,T1,T2,1.3ft,0.05s
4.17.2026 14:55:31,T0,T1,2.1ft,0.05s
4.17.2026 14:55:31,T0,T2,1.8ft,0.05s
4.17.2026 14:55:31,T1,T2,1.3ft,0.05s
4.17.2026 14:55:31,T0,T1,2.1ft,0.05s
4.17.2026 14:55:31,T0,T2,1.9ft,0.05s
4.17.2026 14:55:31,T1,T2,1.3ft,0.05s
4.17.2026 14:55:31,T0,T1,2.1ft,0.05s
4.17.2026 14:55:31,T0,T2,1.9ft,0.05s
4.17.2026 14:55:31,T1,T2,1.4ft,0.05s
4.17.2026 14:55:31,T0,T1,2.1ft,0.05s
4.17.2026 14:55:31,T0,T2,1.9ft,0.05s
4.17.2026 14:55:31,T1,T2,1.4ft,0.05s
4.17.2026 14:55:31,T0,T1,2.1ft,0.05s
4.17.2026 14:55:31,T0,T2,1.9ft,0.05s
4.17.2026 14:55:31,T1,T2,1.4ft,0.05s
4.17.2026 14:55:31,T0,T1,2.1ft,0.05s
4.17.2026 14:55:31,T0,T2,1.9ft,0.05s
4.17.2026 14:55:31,T1,T2,1.4ft,0.05s
4.17.2026 14:55:31,T0,T1,2.1ft,0.05s
4.17.2026 14:55:31,T0,T2,1.9ft,0.05s
4.17.2026 14:55:31,T1,T2,1.4ft,0.05s
4.17.2026 14:55:31,T0,T1,2.1ft,0.05s
4.17.2026 14:55:31,T0,T2,1.9ft,0.05s
4.17.2026 14:55:31,T1,T2,1.4ft,0.05s
4.17.2026 14:55:32,T0,T1,2.1ft,0.05s
4.17.2026 14:55:32,T0,T2,1.9ft,0.05s
4.17.2026 14:55:32,T1,T2,1.4ft,0.05s
4.17.2026 14:55:32,T0,T1,2.1ft,0.05s
4.17.2026 14:55:32,T0,T2,1.9ft,0.05s
4.17.2026 14:55:32,T1,T2,1.4ft,0.05s
4.17.2026 14:55:32,T0,T1,2.1ft,0.05s
4.17.2026 14:55:32,T0,T2,1.9ft,0.05s
4.17.2026 14:55:32,T1,T2,1.4ft,0.05s
4.17.2026 14:55:32,T0,T1,2.1ft,0.05s
4.17.2026 14:55:32,T0,T2,1.9ft,0.05s
4.17.2026 14:55:32,T1,T2,1.3ft,0.05s
4.17.2026 14:55:32,T0,T1,2.1ft,0.05s
4.17.2026 14:55:32,T0,T2,1.9ft,0.05s
4.17.2026 14:55:32,T1,T2,1.3ft,0.05s
4.17.2026 14:55:32,T0,T1,2.1ft,0.05s
4.17.2026 14:55:32,T0,T2,1.9ft,0.05s
4.17.2026 14:55:32,T1,T2,1.3ft,0.05s
4.17.2026 14:55:32,T0,T1,2.1ft,0.05s
4.17.2026 14:55:32,T0,T2,1.9ft,0.05s
4.17.2026 14:55:32,T1,T2,1.3ft,0.05s
4.17.2026 14:55:32,T0,T1,2.1ft,0.05s
4.17.2026 14:55:32,T0,T2,1.9ft,0.05s
4.17.2026 14:55:32,T1,T2,1.3ft,0.05s
4.17.2026 14:55:32,T0,T1,2.1ft,0.05s
4.17.2026 14:55:32,T0,T2,1.9ft,0.05s
4.17.2026 14:55:32,T1,T2,1.3ft,0.05s
4.17.2026 14:55:32,T0,T1,2.1ft,0.05s
4.17.2026 14:55:32,T0,T2,1.9ft,0.05s
4.17.2026 14:55:32,T1,T2,1.3ft,0.05s
4.17.2026 14:55:32,T0,T1,2.1ft,0.05s
4.17.2026 14:55:32,T0,T2,1.9ft,0.05s
4.17.2026 14:55:32,T1,T2,1.3ft,0.05s
4.17.2026 14:55:32,T0,T1,2.1ft,0.05s
4.17.2026 14:55:32,T0,T2,1.9ft,0.05s
4.17.2026 14:55:32,T1,T2,1.3ft,0.05s
4.17.2026 14:55:32,T0,T1,2.1ft,0.05s
4.17.2026 14:55:32,T0,T2,1.9ft,0.05s
4.17.2026 14:55:32,T1,T2,1.3ft,0.05s
4.17.2026 14:55:32,T0,T1,2.1ft,0.05s
4.17.2026 14:55:32,T0,T2,1.9ft,0.05s
4.17.2026 14:55:32,T1,T2,1.3ft,0.05s
4.17.2026 14:55:32,T0,T1,2.1ft,0.05s
4.17.2026 14:55:32,T0,T2,1.9ft,0.05s
4.17.2026 14:55:32,T1,T2,1.3ft,0.05s
4.17.2026 14:55:32,T0,T1,2.1ft,0.05s
4.17.2026 14:55:32,T0,T2,1.9ft,0.05s
4.17.2026 14:55:32,T1,T2,1.3ft,0.05s
4.17.2026 14:55:32,T0,T1,2.1ft,0.05s
4.17.2026 14:55:32,T0,T2,1.9ft,0.05s
4.17.2026 14:55:32,T1,T2,1.3ft,0.05s
4.17.2026 14:55:32,T0,T1,2.1ft,0.05s
4.17.2026 14:55:32,T0,T2,1.9ft,0.05s
4.17.2026 14:55:32,T1,T2,1.3ft,0.05s
4.17.2026 14:55:32,T0,T1,2.1ft,0.05s
4.17.2026 14:55:32,T0,T2,1.9ft,0.05s
4.17.2026 14:55:32,T1,T2,1.3ft,0.05s
4.17.2026 14:55:33,T0,T1,2.1ft,0.05s
4.17.2026 14:55:33,T0,T2,1.9ft,0.05s
4.17.2026 14:55:33,T1,T2,1.3ft,0.05s
4.17.2026 14:55:33,T0,T1,2.1ft,0.05s
4.17.2026 14:55:33,T0,T2,1.9ft,0.05s
4.17.2026 14:55:33,T1,T2,1.3ft,0.05s
4.17.2026 14:55:33,T0,T1,2.1ft,0.05s
4.17.2026 14:55:33,T0,T2,1.9ft,0.05s
4.17.2026 14:55:33,T1,T2,1.3ft,0.05s
4.17.2026 14:55:33,T0,T1,2.1ft,0.05s
4.17.2026 14:55:33,T0,T2,1.9ft,0.05s
4.17.2026 14:55:33,T1,T2,1.3ft,0.05s
4.17.2026 14:55:33,T0,T1,2.1ft,0.05s
4.17.2026 14:55:33,T0,T2,1.9ft,0.05s
4.17.2026 14:55:33,T1,T2,1.3ft,0.05s
4.17.2026 14:55:33,T0,T1,2.1ft,0.05s
4.17.2026 14:55:33,T0,T2,1.9ft,0.05s
4.17.2026 14:55:33,T1,T2,1.3ft,0.05s
4.17.2026 14:55:33,T0,T1,2.1ft,0.05s
4.17.2026 14:55:33,T0,T2,1.9ft,0.05s
4.17.2026 14:55:33,T1,T2,1.3ft,0.05s
4.17.2026 14:55:33,T0,T1,2.1ft,0.05s
4.17.2026 14:55:33,T0,T2,1.8ft,0.05s
4.17.2026 14:55:33,T1,T2,1.3ft,0.05s
4.17.2026 14:55:33,T0,T1,2.1ft,0.05s
4.17.2026 14:55:33,T0,T2,1.8ft,0.05s
4.17.2026 14:55:33,T1,T2,1.3ft,0.05s
4.17.2026 14:55:33,T0,T1,2.1ft,0.05s
4.17.2026 14:55:33,T0,T2,1.9ft,0.05s
4.17.2026 14:55:33,T1,T2,1.3ft,0.05s
4.17.2026 14:55:33,T0,T1,2.1ft,0.05s
4.17.2026 14:55:33,T0,T2,2.0ft,0.05s
4.17.2026 14:55:33,T1,T2,1.4ft,0.05s
4.17.2026 14:55:33,T0,T1,2.1ft,0.05s
4.17.2026 14:55:33,T0,T2,2.1ft,0.05s
4.17.2026 14:55:33,T1,T2,1.4ft,0.05s
4.17.2026 14:55:33,T0,T1,2.0ft,0.05s
4.17.2026 14:55:33,T0,T2,2.1ft,0.05s
4.17.2026 14:55:33,T1,T2,1.4ft,0.05s
4.17.2026 14:55:33,T0,T1,2.0ft,0.05s
4.17.2026 14:55:33,T0,T2,2.2ft,0.05s
4.17.2026 14:55:33,T1,T2,1.4ft,0.05s
4.17.2026 14:55:33,T0,T1,2.0ft,0.05s
4.17.2026 14:55:33,T0,T2,2.2ft,0.05s
4.17.2026 14:55:33,T1,T2,1.4ft,0.05s
4.17.2026 14:55:33,T0,T1,2.0ft,0.05s
4.17.2026 14:55:33,T0,T2,2.2ft,0.05s
4.17.2026 14:55:33,T1,T2,1.4ft,0.05s
4.17.2026 14:55:33,T0,T1,2.0ft,0.05s
4.17.2026 14:55:33,T0,T2,2.2ft,0.05s
4.17.2026 14:55:33,T1,T2,1.4ft,0.05s
4.17.2026 14:55:33,T0,T1,2.0ft,0.05s
4.17.2026 14:55:33,T0,T2,2.2ft,0.05s
4.17.2026 14:55:33,T1,T2,1.4ft,0.05s
4.17.2026 14:55:33,T0,T1,2.0ft,0.05s
4.17.2026 14:55:33,T0,T2,2.2ft,0.05s
4.17.2026 14:55:33,T1,T2,1.4ft,0.05s
4.17.2026 14:55:33,T0,T1,2.0ft,0.05s
4.17.2026 14:55:33,T0,T2,2.2ft,0.05s
4.17.2026 14:55:33,T1,T2,1.4ft,0.05s
4.17.2026 14:55:34,T0,T1,2.0ft,0.05s
4.17.2026 14:55:34,T0,T2,2.2ft,0.05s
4.17.2026 14:55:34,T1,T2,1.4ft,0.05s
4.17.2026 14:55:34,T0,T1,2.0ft,0.05s
4.17.2026 14:55:34,T0,T2,2.2ft,0.05s
4.17.2026 14:55:34,T1,T2,1.4ft,0.05s
4.17.2026 14:55:34,T0,T1,2.0ft,0.05s
4.17.2026 14:55:34,T0,T2,2.1ft,0.05s
4.17.2026 14:55:34,T1,T2,1.4ft,0.05s
4.17.2026 14:55:34,T0,T1,2.0ft,0.05s
4.17.2026 14:55:34,T0,T2,2.1ft,0.05s
4.17.2026 14:55:34,T1,T2,1.4ft,0.05s
4.17.2026 14:55:34,T0,T1,2.0ft,0.05s
4.17.2026 14:55:34,T0,T2,2.1ft,0.05s
4.17.2026 14:55:34,T1,T2,1.4ft,0.05s
4.17.2026 14:55:34,T0,T1,2.0ft,0.05s
4.17.2026 14:55:34,T0,T2,2.1ft,0.05s
4.17.2026 14:55:34,T1,T2,1.4ft,0.05s
4.17.2026 14:55:34,T0,T1,2.0ft,0.05s
4.17.2026 14:55:34,T0,T2,2.1ft,0.05s
4.17.2026 14:55:34,T1,T2,1.4ft,0.05s
4.17.2026 14:55:34,T0,T1,2.0ft,0.05s
4.17.2026 14:55:34,T0,T2,2.1ft,0.05s
4.17.2026 14:55:34,T1,T2,1.4ft,0.05s
4.17.2026 14:55:34,T0,T1,2.0ft,0.05s
4.17.2026 14:55:34,T0,T2,2.1ft,0.05s
4.17.2026 14:55:34,T1,T2,1.4ft,0.05s
4.17.2026 14:55:34,T0,T1,2.0ft,0.05s
4.17.2026 14:55:34,T0,T2,2.2ft,0.05s
4.17.2026 14:55:34,T1,T2,1.5ft,0.05s
4.17.2026 14:55:34,T0,T1,2.0ft,0.05s
4.17.2026 14:55:34,T0,T2,2.2ft,0.05s
4.17.2026 14:55:34,T1,T2,1.5ft,0.05s
4.17.2026 14:55:34,T0,T1,2.1ft,0.05s
4.17.2026 14:55:34,T0,T2,2.2ft,0.05s
4.17.2026 14:55:34,T1,T2,1.5ft,0.05s
4.17.2026 14:55:34,T0,T1,2.1ft,0.05s
4.17.2026 14:55:34,T0,T2,2.2ft,0.05s
4.17.2026 14:55:34,T1,T2,1.5ft,0.05s
4.17.2026 14:55:34,T0,T1,2.1ft,0.05s
4.17.2026 14:55:34,T0,T2,2.2ft,0.05s
4.17.2026 14:55:34,T1,T2,1.5ft,0.05s
4.17.2026 14:55:34,T0,T1,2.1ft,0.05s
4.17.2026 14:55:34,T0,T2,2.1ft,0.05s
4.17.2026 14:55:34,T1,T2,1.4ft,0.05s
4.17.2026 14:55:34,T0,T1,2.1ft,0.05s
4.17.2026 14:55:34,T0,T2,2.1ft,0.05s
4.17.2026 14:55:34,T1,T2,1.4ft,0.05s
4.17.2026 14:55:34,T0,T1,2.1ft,0.05s
4.17.2026 14:55:34,T0,T2,2.1ft,0.05s
4.17.2026 14:55:34,T1,T2,1.4ft,0.05s
4.17.2026 14:55:34,T0,T1,2.1ft,0.05s
4.17.2026 14:55:34,T0,T2,2.1ft,0.05s
4.17.2026 14:55:34,T1,T2,1.4ft,0.05s
4.17.2026 14:55:34,T0,T1,2.1ft,0.05s
4.17.2026 14:55:34,T0,T2,2.1ft,0.05s
4.17.2026 14:55:34,T1,T2,1.4ft,0.05s
4.17.2026 14:55:34,T0,T1,2.1ft,0.05s
4.17.2026 14:55:34,T0,T2,2.1ft,0.05s
4.17.2026 14:55:34,T1,T2,1.4ft,0.05s
4.17.2026 14:55:35,T0,T1,2.1ft,0.05s
4.17.2026 14:55:35,T0,T2,2.0ft,0.05s
4.17.2026 14:55:35,T1,T2,1.3ft,0.05s
4.17.2026 14:55:35,T0,T1,2.1ft,0.05s
4.17.2026 14:55:35,T0,T2,2.0ft,0.05s
4.17.2026 14:55:35,T1,T2,1.3ft,0.05s
4.17.2026 14:55:35,T0,T1,2.1ft,0.05s
4.17.2026 14:55:35,T0,T2,2.0ft,0.05s
4.17.2026 14:55:35,T1,T2,1.3ft,0.05s
4.17.2026 14:55:35,T0,T1,2.1ft,0.05s
4.17.2026 14:55:35,T0,T2,2.0ft,0.05s
4.17.2026 14:55:35,T1,T2,1.3ft,0.05s
4.17.2026 14:55:35,T0,T1,2.1ft,0.05s
4.17.2026 14:55:35,T0,T2,2.0ft,0.05s
4.17.2026 14:55:35,T1,T2,1.3ft,0.05s
4.17.2026 14:55:35,T0,T1,2.1ft,0.05s
4.17.2026 14:55:35,T0,T2,2.0ft,0.05s
4.17.2026 14:55:35,T1,T2,1.3ft,0.05s
4.17.2026 14:55:35,T0,T1,2.1ft,0.05s
4.17.2026 14:55:35,T0,T2,2.0ft,0.05s
4.17.2026 14:55:35,T1,T2,1.3ft,0.05s
4.17.2026 14:55:35,T0,T1,2.1ft,0.05s
4.17.2026 14:55:35,T0,T2,2.1ft,0.05s
4.17.2026 14:55:35,T1,T2,1.4ft,0.05s
4.17.2026 14:55:35,T0,T1,2.1ft,0.05s
4.17.2026 14:55:35,T0,T2,2.1ft,0.05s
4.17.2026 14:55:35,T1,T2,1.4ft,0.05s
4.17.2026 14:55:35,T0,T1,2.1ft,0.05s
4.17.2026 14:55:35,T0,T2,2.1ft,0.05s
4.17.2026 14:55:35,T1,T2,1.4ft,0.05s
4.17.2026 14:55:35,T0,T1,2.1ft,0.05s
4.17.2026 14:55:35,T0,T2,2.1ft,0.05s
4.17.2026 14:55:35,T1,T2,1.4ft,0.05s
4.17.2026 14:55:35,T0,T1,2.1ft,0.05s
4.17.2026 14:55:35,T0,T2,2.1ft,0.05s
4.17.2026 14:55:35,T1,T2,1.4ft,0.05s
4.17.2026 14:55:35,T0,T1,2.1ft,0.05s
4.17.2026 14:55:35,T0,T2,2.1ft,0.05s
4.17.2026 14:55:35,T1,T2,1.4ft,0.05s
4.17.2026 14:55:35,T0,T1,2.1ft,0.05s
4.17.2026 14:55:35,T0,T2,2.1ft,0.05s
4.17.2026 14:55:35,T1,T2,1.4ft,0.05s
4.17.2026 14:55:35,T0,T1,2.1ft,0.05s
4.17.2026 14:55:35,T0,T2,2.1ft,0.05s
4.17.2026 14:55:35,T1,T2,1.4ft,0.05s
4.17.2026 14:55:35,T0,T1,2.1ft,0.05s
4.17.2026 14:55:35,T0,T2,2.1ft,0.05s
4.17.2026 14:55:35,T1,T2,1.4ft,0.05s
4.17.2026 14:55:35,T0,T1,2.1ft,0.05s
4.17.2026 14:55:35,T0,T2,2.1ft,0.05s
4.17.2026 14:55:35,T1,T2,1.4ft,0.05s
4.17.2026 14:55:35,T0,T1,2.1ft,0.05s
4.17.2026 14:55:35,T0,T2,2.1ft,0.05s
4.17.2026 14:55:35,T1,T2,1.4ft,0.05s
4.17.2026 14:55:35,T0,T1,2.1ft,0.05s
4.17.2026 14:55:35,T0,T2,2.1ft,0.05s
4.17.2026 14:55:35,T1,T2,1.4ft,0.05s
4.17.2026 14:55:36,T0,T1,2.1ft,0.05s
4.17.2026 14:55:36,T0,T2,2.1ft,0.05s
4.17.2026 14:55:36,T1,T2,1.4ft,0.05s
4.17.2026 14:55:36,T0,T1,2.0ft,0.05s
4.17.2026 14:55:36,T0,T2,2.1ft,0.05s
4.17.2026 14:55:36,T1,T2,1.4ft,0.05s
4.17.2026 14:55:36,T0,T1,2.0ft,0.05s
4.17.2026 14:55:36,T0,T2,2.1ft,0.05s
4.17.2026 14:55:36,T1,T2,1.4ft,0.05s
4.17.2026 14:55:36,T0,T1,2.0ft,0.05s
4.17.2026 14:55:36,T0,T2,2.1ft,0.05s
4.17.2026 14:55:36,T1,T2,1.4ft,0.05s
4.17.2026 14:55:36,T0,T1,2.0ft,0.05s
4.17.2026 14:55:36,T0,T2,2.1ft,0.05s
4.17.2026 14:55:36,T1,T2,1.4ft,0.05s
4.17.2026 14:55:36,T0,T1,2.0ft,0.05s
4.17.2026 14:55:36,T0,T2,2.1ft,0.05s
4.17.2026 14:55:36,T1,T2,1.4ft,0.05s
4.17.2026 14:55:36,T0,T1,2.0ft,0.05s
4.17.2026 14:55:36,T0,T2,2.0ft,0.05s
4.17.2026 14:55:36,T1,T2,1.4ft,0.05s
4.17.2026 14:55:36,T0,T1,2.0ft,0.05s
4.17.2026 14:55:36,T0,T2,2.0ft,0.05s
4.17.2026 14:55:36,T1,T2,1.4ft,0.05s
4.17.2026 14:55:36,T0,T1,2.0ft,0.05s
4.17.2026 14:55:36,T0,T2,2.0ft,0.05s
4.17.2026 14:55:36,T1,T2,1.4ft,0.05s
4.17.2026 14:55:36,T0,T1,2.0ft,0.05s
4.17.2026 14:55:36,T0,T2,2.0ft,0.05s
4.17.2026 14:55:36,T1,T2,1.4ft,0.05s
4.17.2026 14:55:36,T0,T1,2.0ft,0.05s
4.17.2026 14:55:36,T0,T2,2.0ft,0.05s
4.17.2026 14:55:36,T1,T2,1.4ft,0.05s
4.17.2026 14:55:36,T0,T1,2.0ft,0.05s
4.17.2026 14:55:36,T0,T2,2.0ft,0.05s
4.17.2026 14:55:36,T1,T2,1.4ft,0.05s
4.17.2026 14:55:36,T0,T1,2.0ft,0.05s
4.17.2026 14:55:36,T0,T2,2.0ft,0.05s
4.17.2026 14:55:36,T1,T2,1.4ft,0.05s
4.17.2026 14:55:36,T0,T1,2.0ft,0.05s
4.17.2026 14:55:36,T0,T2,2.0ft,0.05s
4.17.2026 14:55:36,T1,T2,1.4ft,0.05s
4.17.2026 14:55:36,T0,T1,2.0ft,0.05s
4.17.2026 14:55:36,T0,T2,2.0ft,0.05s
4.17.2026 14:55:36,T1,T2,1.4ft,0.05s
4.17.2026 14:55:36,T0,T1,2.0ft,0.05s
4.17.2026 14:55:36,T0,T2,2.0ft,0.05s
4.17.2026 14:55:36,T1,T2,1.4ft,0.05s
4.17.2026 14:55:36,T0,T1,2.0ft,0.05s
4.17.2026 14:55:36,T0,T2,2.0ft,0.05s
4.17.2026 14:55:36,T1,T2,1.4ft,0.05s
4.17.2026 14:55:36,T0,T1,2.0ft,0.05s
4.17.2026 14:55:36,T0,T2,2.0ft,0.05s
4.17.2026 14:55:36,T1,T2,1.4ft,0.05s
4.17.2026 14:55:36,T0,T1,2.0ft,0.05s
4.17.2026 14:55:36,T0,T2,2.1ft,0.05s
4.17.2026 14:55:36,T1,T2,1.4ft,0.05s
4.17.2026 14:55:36,T0,T1,2.0ft,0.05s
4.17.2026 14:55:36,T0,T2,2.1ft,0.05s
4.17.2026 14:55:36,T1,T2,1.4ft,0.05s
4.17.2026 14:55:37,T0,T1,2.0ft,0.05s
4.17.2026 14:55:37,T0,T2,2.1ft,0.05s
4.17.2026 14:55:37,T1,T2,1.4ft,0.05s
4.17.2026 14:55:37,T0,T1,2.0ft,0.05s
4.17.2026 14:55:37,T0,T2,2.1ft,0.05s
4.17.2026 14:55:37,T1,T2,1.4ft,0.05s
4.17.2026 14:55:37,T0,T1,2.0ft,0.05s
4.17.2026 14:55:37,T0,T2,2.2ft,0.05s
4.17.2026 14:55:37,T1,T2,1.4ft,0.05s
4.17.2026 14:55:37,T0,T1,2.0ft,0.05s
4.17.2026 14:55:37,T0,T2,2.2ft,0.05s
4.17.2026 14:55:37,T1,T2,1.5ft,0.05s
4.17.2026 14:55:37,T0,T1,2.0ft,0.05s
4.17.2026 14:55:37,T0,T2,2.2ft,0.05s
4.17.2026 14:55:37,T1,T2,1.5ft,0.05s
4.17.2026 14:55:37,T0,T1,2.0ft,0.05s
4.17.2026 14:55:37,T0,T2,2.2ft,0.05s
4.17.2026 14:55:37,T1,T2,1.5ft,0.05s
4.17.2026 14:55:37,T0,T1,2.0ft,0.05s
4.17.2026 14:55:37,T0,T2,2.3ft,0.05s
4.17.2026 14:55:37,T1,T2,1.5ft,0.05s
4.17.2026 14:55:37,T0,T1,2.0ft,0.05s
4.17.2026 14:55:37,T0,T2,2.3ft,0.05s
4.17.2026 14:55:37,T1,T2,1.5ft,0.05s
4.17.2026 14:55:37,T0,T1,2.0ft,0.05s
4.17.2026 14:55:37,T0,T2,2.3ft,0.05s
4.17.2026 14:55:37,T1,T2,1.5ft,0.05s
4.17.2026 14:55:37,T0,T1,2.0ft,0.05s
4.17.2026 14:55:37,T0,T2,2.3ft,0.05s
4.17.2026 14:55:37,T1,T2,1.5ft,0.05s
4.17.2026 14:55:37,T0,T1,2.0ft,0.05s
4.17.2026 14:55:37,T0,T2,2.2ft,0.05s
4.17.2026 14:55:37,T1,T2,1.6ft,0.05s
4.17.2026 14:55:37,T0,T1,2.0ft,0.05s
4.17.2026 14:55:37,T0,T2,2.2ft,0.05s
4.17.2026 14:55:37,T1,T2,1.5ft,0.05s
4.17.2026 14:55:37,T0,T1,2.0ft,0.05s
4.17.2026 14:55:37,T0,T2,2.2ft,0.05s
4.17.2026 14:55:37,T1,T2,1.5ft,0.05s
4.17.2026 14:55:37,T0,T1,1.9ft,0.05s
4.17.2026 14:55:37,T0,T2,2.2ft,0.05s
4.17.2026 14:55:37,T1,T2,1.5ft,0.05s
4.17.2026 14:55:37,T0,T1,1.9ft,0.05s
4.17.2026 14:55:37,T0,T2,2.2ft,0.05s
4.17.2026 14:55:37,T1,T2,1.5ft,0.05s
4.17.2026 14:55:37,T0,T1,1.9ft,0.05s
4.17.2026 14:55:37,T0,T2,2.1ft,0.05s
4.17.2026 14:55:37,T1,T2,1.5ft,0.05s
4.17.2026 14:55:37,T0,T1,1.9ft,0.05s
4.17.2026 14:55:37,T0,T2,2.1ft,0.05s
4.17.2026 14:55:37,T1,T2,1.5ft,0.05s
4.17.2026 14:55:37,T0,T1,1.9ft,0.05s
4.17.2026 14:55:37,T0,T2,2.1ft,0.05s
4.17.2026 14:55:37,T1,T2,1.5ft,0.05s
4.17.2026 14:55:37,T0,T1,1.9ft,0.05s
4.17.2026 14:55:37,T0,T2,2.1ft,0.05s
4.17.2026 14:55:37,T1,T2,1.5ft,0.05s
4.17.2026 14:55:37,T0,T1,1.9ft,0.05s
4.17.2026 14:55:37,T0,T2,2.1ft,0.05s
4.17.2026 14:55:37,T1,T2,1.5ft,0.05s
4.17.2026 14:55:38,T0,T1,1.9ft,0.05s
4.17.2026 14:55:38,T0,T2,2.1ft,0.05s
4.17.2026 14:55:38,T1,T2,1.5ft,0.05s
4.17.2026 14:55:38,T0,T1,1.9ft,0.05s
4.17.2026 14:55:38,T0,T2,2.1ft,0.05s
4.17.2026 14:55:38,T1,T2,1.5ft,0.05s
4.17.2026 14:55:38,T0,T1,1.9ft,0.05s
4.17.2026 14:55:38,T0,T2,2.2ft,0.05s
4.17.2026 14:55:38,T1,T2,1.6ft,0.05s
4.17.2026 14:55:38,T0,T1,1.9ft,0.05s
4.17.2026 14:55:38,T0,T2,2.2ft,0.05s
4.17.2026 14:55:38,T1,T2,1.6ft,0.05s
4.17.2026 14:55:38,T0,T1,1.9ft,0.05s
4.17.2026 14:55:38,T0,T2,2.3ft,0.05s
4.17.2026 14:55:38,T1,T2,1.6ft,0.05s
4.17.2026 14:55:38,T0,T1,1.9ft,0.05s
4.17.2026 14:55:38,T0,T2,2.3ft,0.05s
4.17.2026 14:55:38,T1,T2,1.6ft,0.05s
4.17.2026 14:55:38,T0,T1,1.9ft,0.05s
4.17.2026 14:55:38,T0,T2,2.3ft,0.05s
4.17.2026 14:55:38,T1,T2,1.6ft,0.05s
4.17.2026 14:55:38,T0,T1,2.0ft,0.05s
4.17.2026 14:55:38,T0,T2,2.3ft,0.05s
4.17.2026 14:55:38,T1,T2,1.6ft,0.05s
4.17.2026 14:55:38,T0,T1,2.0ft,0.05s
4.17.2026 14:55:38,T0,T2,2.3ft,0.05s
4.17.2026 14:55:38,T1,T2,1.6ft,0.05s
4.17.2026 14:55:38,T0,T1,2.0ft,0.05s
4.17.2026 14:55:38,T0,T2,2.3ft,0.05s
4.17.2026 14:55:38,T1,T2,1.6ft,0.05s
4.17.2026 14:55:38,T0,T1,2.0ft,0.05s
4.17.2026 14:55:38,T0,T2,2.3ft,0.05s
4.17.2026 14:55:38,T1,T2,1.6ft,0.05s
4.17.2026 14:55:38,T0,T1,2.0ft,0.05s
4.17.2026 14:55:38,T0,T2,2.3ft,0.05s
4.17.2026 14:55:38,T1,T2,1.6ft,0.05s
4.17.2026 14:55:38,T0,T1,2.0ft,0.05s
4.17.2026 14:55:38,T0,T2,2.2ft,0.05s
4.17.2026 14:55:38,T1,T2,1.6ft,0.05s
4.17.2026 14:55:38,T0,T1,2.0ft,0.05s
4.17.2026 14:55:38,T0,T2,2.2ft,0.05s
4.17.2026 14:55:38,T1,T2,1.5ft,0.05s
4.17.2026 14:55:38,T0,T1,2.0ft,0.06s
4.17.2026 14:55:38,T0,T2,2.1ft,0.06s
4.17.2026 14:55:38,T1,T2,1.5ft,0.06s
4.17.2026 14:55:38,T0,T1,2.0ft,0.05s
4.17.2026 14:55:38,T0,T2,2.1ft,0.05s
4.17.2026 14:55:38,T1,T2,1.5ft,0.05s
4.17.2026 14:55:38,T0,T1,2.0ft,0.05s
4.17.2026 14:55:38,T0,T2,2.1ft,0.05s
4.17.2026 14:55:38,T1,T2,1.5ft,0.05s
4.17.2026 14:55:38,T0,T1,2.0ft,0.05s
4.17.2026 14:55:38,T0,T2,2.1ft,0.05s
4.17.2026 14:55:38,T1,T2,1.5ft,0.05s
4.17.2026 14:55:38,T0,T1,2.0ft,0.05s
4.17.2026 14:55:38,T0,T2,2.1ft,0.05s
4.17.2026 14:55:38,T1,T2,1.5ft,0.05s
4.17.2026 14:55:39,T0,T1,2.0ft,0.05s
4.17.2026 14:55:39,T0,T2,2.1ft,0.05s
4.17.2026 14:55:39,T1,T2,1.5ft,0.05s
4.17.2026 14:55:39,T0,T1,2.0ft,0.05s
4.17.2026 14:55:39,T0,T2,2.1ft,0.05s
4.17.2026 14:55:39,T1,T2,1.5ft,0.05s
4.17.2026 14:55:39,T0,T1,2.0ft,0.05s
4.17.2026 14:55:39,T0,T2,2.1ft,0.05s
4.17.2026 14:55:39,T1,T2,1.5ft,0.05s
4.17.2026 14:55:39,T0,T1,2.0ft,0.05s
4.17.2026 14:55:39,T0,T2,2.1ft,0.05s
4.17.2026 14:55:39,T1,T2,1.5ft,0.05s
4.17.2026 14:55:39,T0,T1,2.0ft,0.05s
4.17.2026 14:55:39,T0,T2,2.1ft,0.05s
4.17.2026 14:55:39,T1,T2,1.5ft,0.05s
4.17.2026 14:55:39,T0,T1,2.0ft,0.05s
4.17.2026 14:55:39,T0,T2,2.1ft,0.05s
4.17.2026 14:55:39,T1,T2,1.4ft,0.05s
4.17.2026 14:55:39,T0,T1,2.0ft,0.05s
4.17.2026 14:55:39,T0,T2,2.0ft,0.05s
4.17.2026 14:55:39,T1,T2,1.4ft,0.05s
4.17.2026 14:55:39,T0,T1,2.0ft,0.05s
4.17.2026 14:55:39,T0,T2,2.0ft,0.05s
4.17.2026 14:55:39,T1,T2,1.4ft,0.05s
4.17.2026 14:55:39,T0,T1,2.0ft,0.05s
4.17.2026 14:55:39,T0,T2,2.0ft,0.05s
4.17.2026 14:55:39,T1,T2,1.4ft,0.05s
4.17.2026 14:55:39,T0,T1,2.0ft,0.05s
4.17.2026 14:55:39,T0,T2,2.0ft,0.05s
4.17.2026 14:55:39,T1,T2,1.4ft,0.05s
4.17.2026 14:55:39,T0,T1,2.0ft,0.05s
4.17.2026 14:55:39,T0,T2,2.0ft,0.05s
4.17.2026 14:55:39,T1,T2,1.4ft,0.05s
4.17.2026 14:55:39,T0,T1,2.1ft,0.05s
4.17.2026 14:55:39,T0,T2,2.0ft,0.05s
4.17.2026 14:55:39,T1,T2,1.4ft,0.05s
4.17.2026 14:55:39,T0,T1,2.1ft,0.05s
4.17.2026 14:55:39,T0,T2,2.0ft,0.05s
4.17.2026 14:55:39,T1,T2,1.4ft,0.05s
4.17.2026 14:55:39,T0,T1,2.1ft,0.05s
4.17.2026 14:55:39,T0,T2,2.0ft,0.05s
4.17.2026 14:55:39,T1,T2,1.4ft,0.05s
4.17.2026 14:55:39,T0,T1,2.1ft,0.05s
4.17.2026 14:55:39,T0,T2,2.0ft,0.05s
4.17.2026 14:55:39,T1,T2,1.4ft,0.05s
4.17.2026 14:55:39,T0,T1,2.1ft,0.05s
4.17.2026 14:55:39,T0,T2,2.0ft,0.05s
4.17.2026 14:55:39,T1,T2,1.4ft,0.05s
4.17.2026 14:55:39,T0,T1,2.1ft,0.05s
4.17.2026 14:55:39,T0,T2,2.0ft,0.05s
4.17.2026 14:55:39,T1,T2,1.4ft,0.05s
4.17.2026 14:55:39,T0,T1,2.1ft,0.05s
4.17.2026 14:55:39,T0,T2,1.9ft,0.05s
4.17.2026 14:55:39,T1,T2,1.4ft,0.05s
4.17.2026 14:55:39,T0,T1,2.1ft,0.05s
4.17.2026 14:55:39,T0,T2,1.9ft,0.05s
4.17.2026 14:55:39,T1,T2,1.4ft,0.05s
4.17.2026 14:55:39,T0,T1,2.1ft,0.05s
4.17.2026 14:55:39,T0,T2,1.8ft,0.05s
4.17.2026 14:55:39,T1,T2,1.4ft,0.05s
4.17.2026 14:55:40,T0,T1,2.1ft,0.05s
4.17.2026 14:55:40,T0,T2,1.7ft,0.05s
4.17.2026 14:55:40,T1,T2,1.4ft,0.05s
4.17.2026 14:55:40,T0,T1,2.1ft,0.05s
4.17.2026 14:55:40,T0,T2,1.7ft,0.05s
4.17.2026 14:55:40,T1,T2,1.4ft,0.05s
4.17.2026 14:55:40,T0,T1,2.1ft,0.05s
4.17.2026 14:55:40,T0,T2,1.7ft,0.05s
4.17.2026 14:55:40,T1,T2,1.4ft,0.05s
4.17.2026 14:55:40,T0,T1,2.1ft,0.05s
4.17.2026 14:55:40,T0,T2,1.7ft,0.05s
4.17.2026 14:55:40,T1,T2,1.4ft,0.05s
4.17.2026 14:55:40,T0,T1,2.1ft,0.05s
4.17.2026 14:55:40,T0,T2,1.7ft,0.05s
4.17.2026 14:55:40,T1,T2,1.4ft,0.05s
4.17.2026 14:55:40,T0,T1,2.1ft,0.05s
4.17.2026 14:55:40,T0,T2,1.8ft,0.05s
4.17.2026 14:55:40,T1,T2,1.4ft,0.05s
4.17.2026 14:55:40,T0,T1,2.1ft,0.05s
4.17.2026 14:55:40,T0,T2,1.8ft,0.05s
4.17.2026 14:55:40,T1,T2,1.4ft,0.05s
4.17.2026 14:55:40,T0,T1,2.1ft,0.05s
4.17.2026 14:55:40,T0,T2,1.8ft,0.05s
4.17.2026 14:55:40,T1,T2,1.4ft,0.05s
4.17.2026 14:55:40,T0,T1,2.1ft,0.05s
4.17.2026 14:55:40,T0,T2,1.8ft,0.05s
4.17.2026 14:55:40,T1,T2,1.4ft,0.05s
4.17.2026 14:55:40,T0,T1,2.1ft,0.05s
4.17.2026 14:55:40,T0,T2,1.8ft,0.05s
4.17.2026 14:55:40,T1,T2,1.4ft,0.05s
4.17.2026 14:55:40,T0,T1,2.1ft,0.05s
4.17.2026 14:55:40,T0,T2,1.8ft,0.05s
4.17.2026 14:55:40,T1,T2,1.4ft,0.05s
4.17.2026 14:55:40,T0,T1,2.1ft,0.05s
4.17.2026 14:55:40,T0,T2,1.8ft,0.05s
4.17.2026 14:55:40,T1,T2,1.4ft,0.05s
4.17.2026 14:55:40,T0,T1,2.1ft,0.05s
4.17.2026 14:55:40,T0,T2,1.8ft,0.05s
4.17.2026 14:55:40,T1,T2,1.4ft,0.05s
4.17.2026 14:55:40,T0,T1,2.1ft,0.05s
4.17.2026 14:55:40,T0,T2,1.9ft,0.05s
4.17.2026 14:55:40,T1,T2,1.4ft,0.05s
4.17.2026 14:55:40,T0,T1,2.1ft,0.05s
4.17.2026 14:55:40,T0,T2,2.0ft,0.05s
4.17.2026 14:55:40,T1,T2,1.4ft,0.05s
4.17.2026 14:55:40,T0,T1,2.1ft,0.05s
4.17.2026 14:55:40,T0,T2,2.1ft,0.05s
4.17.2026 14:55:40,T1,T2,1.5ft,0.05s
4.17.2026 14:55:40,T0,T1,2.1ft,0.05s
4.17.2026 14:55:40,T0,T2,2.1ft,0.05s
4.17.2026 14:55:40,T1,T2,1.5ft,0.05s
4.17.2026 14:55:40,T0,T1,2.1ft,0.05s
4.17.2026 14:55:40,T0,T2,2.2ft,0.05s
4.17.2026 14:55:40,T1,T2,1.5ft,0.05s
4.17.2026 14:55:40,T0,T1,2.1ft,0.05s
4.17.2026 14:55:40,T0,T2,2.2ft,0.05s
4.17.2026 14:55:40,T1,T2,1.5ft,0.05s
4.17.2026 14:55:41,T0,T1,2.1ft,0.05s
4.17.2026 14:55:41,T0,T2,2.2ft,0.05s
4.17.2026 14:55:41,T1,T2,1.5ft,0.05s
4.17.2026 14:55:41,T0,T1,2.1ft,0.05s
4.17.2026 14:55:41,T0,T2,2.2ft,0.05s
4.17.2026 14:55:41,T1,T2,1.5ft,0.05s
4.17.2026 14:55:41,T0,T1,2.1ft,0.05s
4.17.2026 14:55:41,T0,T2,2.2ft,0.05s
4.17.2026 14:55:41,T1,T2,1.5ft,0.05s
4.17.2026 14:55:41,T0,T1,2.1ft,0.05s
4.17.2026 14:55:41,T0,T2,2.2ft,0.05s
4.17.2026 14:55:41,T1,T2,1.5ft,0.05s
4.17.2026 14:55:41,T0,T1,2.1ft,0.05s
4.17.2026 14:55:41,T0,T2,2.1ft,0.05s
4.17.2026 14:55:41,T1,T2,1.5ft,0.05s
4.17.2026 14:55:41,T0,T1,2.1ft,0.05s
4.17.2026 14:55:41,T0,T2,2.1ft,0.05s
4.17.2026 14:55:41,T1,T2,1.5ft,0.05s
4.17.2026 14:55:41,T0,T1,2.1ft,0.06s
4.17.2026 14:55:41,T0,T2,2.1ft,0.06s
4.17.2026 14:55:41,T1,T2,1.5ft,0.06s
4.17.2026 14:55:41,T0,T1,2.1ft,0.05s
4.17.2026 14:55:41,T0,T2,2.1ft,0.05s
4.17.2026 14:55:41,T1,T2,1.5ft,0.05s
4.17.2026 14:55:41,T0,T1,2.1ft,0.05s
4.17.2026 14:55:41,T0,T2,2.1ft,0.05s
4.17.2026 14:55:41,T1,T2,1.5ft,0.05s
4.17.2026 14:55:41,T0,T1,2.1ft,0.05s
4.17.2026 14:55:41,T0,T2,2.1ft,0.05s
4.17.2026 14:55:41,T1,T2,1.5ft,0.05s
4.17.2026 14:55:41,T0,T1,2.1ft,0.05s
4.17.2026 14:55:41,T0,T2,2.1ft,0.05s
4.17.2026 14:55:41,T1,T2,1.5ft,0.05s
4.17.2026 14:55:41,T0,T1,2.1ft,0.05s
4.17.2026 14:55:41,T0,T2,2.2ft,0.05s
4.17.2026 14:55:41,T1,T2,1.5ft,0.05s
4.17.2026 14:55:41,T0,T1,2.1ft,0.05s
4.17.2026 14:55:41,T0,T2,2.2ft,0.05s
4.17.2026 14:55:41,T1,T2,1.5ft,0.05s
4.17.2026 14:55:41,T0,T1,2.1ft,0.05s
4.17.2026 14:55:41,T0,T2,2.2ft,0.05s
4.17.2026 14:55:41,T1,T2,1.5ft,0.05s
4.17.2026 14:55:41,T0,T1,2.1ft,0.05s
4.17.2026 14:55:41,T0,T2,2.3ft,0.05s
4.17.2026 14:55:41,T1,T2,1.5ft,0.05s
4.17.2026 14:55:41,T0,T1,2.1ft,0.05s
4.17.2026 14:55:41,T0,T2,2.3ft,0.05s
4.17.2026 14:55:41,T1,T2,1.5ft,0.05s
4.17.2026 14:55:41,T0,T1,2.1ft,0.05s
4.17.2026 14:55:41,T0,T2,2.3ft,0.05s
4.17.2026 14:55:41,T1,T2,1.5ft,0.05s
4.17.2026 14:55:41,T0,T1,2.1ft,0.05s
4.17.2026 14:55:41,T0,T2,2.3ft,0.05s
4.17.2026 14:55:41,T1,T2,1.5ft,0.05s
4.17.2026 14:55:41,T0,T1,2.1ft,0.05s
4.17.2026 14:55:41,T0,T2,2.2ft,0.05s
4.17.2026 14:55:41,T1,T2,1.5ft,0.05s
4.17.2026 14:55:41,T0,T1,2.1ft,0.05s
4.17.2026 14:55:41,T0,T2,2.2ft,0.05s
4.17.2026 14:55:41,T1,T2,1.5ft,0.05s
4.17.2026 14:55:42,T0,T1,2.1ft,0.06s
4.17.2026 14:55:42,T0,T2,2.2ft,0.06s
4.17.2026 14:55:42,T1,T2,1.5ft,0.06s
4.17.2026 14:55:42,T0,T1,2.1ft,0.05s
4.17.2026 14:55:42,T0,T2,2.2ft,0.05s
4.17.2026 14:55:42,T1,T2,1.5ft,0.05s
4.17.2026 14:55:42,T0,T1,2.1ft,0.05s
4.17.2026 14:55:42,T0,T2,2.2ft,0.05s
4.17.2026 14:55:42,T1,T2,1.5ft,0.05s
4.17.2026 14:55:42,T0,T1,2.1ft,0.05s
4.17.2026 14:55:42,T0,T2,2.2ft,0.05s
4.17.2026 14:55:42,T1,T2,1.5ft,0.05s
4.17.2026 14:55:42,T0,T1,2.1ft,0.05s
4.17.2026 14:55:42,T0,T2,2.1ft,0.05s
4.17.2026 14:55:42,T1,T2,1.5ft,0.05s
4.17.2026 14:55:42,T0,T1,2.1ft,0.05s
4.17.2026 14:55:42,T0,T2,2.1ft,0.05s
4.17.2026 14:55:42,T1,T2,1.4ft,0.05s
4.17.2026 14:55:42,T0,T1,2.1ft,0.05s
4.17.2026 14:55:42,T0,T2,2.1ft,0.05s
4.17.2026 14:55:42,T1,T2,1.4ft,0.05s
4.17.2026 14:55:42,T0,T1,2.1ft,0.05s
4.17.2026 14:55:42,T0,T2,2.1ft,0.05s
4.17.2026 14:55:42,T1,T2,1.4ft,0.05s
4.17.2026 14:55:42,T0,T1,2.1ft,0.05s
4.17.2026 14:55:42,T0,T2,2.0ft,0.05s
4.17.2026 14:55:42,T1,T2,1.4ft,0.05s
4.17.2026 14:55:42,T0,T1,2.1ft,0.05s
4.17.2026 14:55:42,T0,T2,2.0ft,0.05s
4.17.2026 14:55:42,T1,T2,1.4ft,0.05s
4.17.2026 14:55:42,T0,T1,2.1ft,0.05s
4.17.2026 14:55:42,T0,T2,2.0ft,0.05s
4.17.2026 14:55:42,T1,T2,1.4ft,0.05s
4.17.2026 14:55:42,T0,T1,2.1ft,0.05s
4.17.2026 14:55:42,T0,T2,2.0ft,0.05s
4.17.2026 14:55:42,T1,T2,1.4ft,0.05s
4.17.2026 14:55:42,T0,T1,2.1ft,0.05s
4.17.2026 14:55:42,T0,T2,2.0ft,0.05s
4.17.2026 14:55:42,T1,T2,1.4ft,0.05s
4.17.2026 14:55:42,T0,T1,2.1ft,0.05s
4.17.2026 14:55:42,T0,T2,2.0ft,0.05s
4.17.2026 14:55:42,T1,T2,1.3ft,0.05s
4.17.2026 14:55:42,T0,T1,2.1ft,0.06s
4.17.2026 14:55:42,T0,T2,2.0ft,0.06s
4.17.2026 14:55:42,T1,T2,1.4ft,0.06s
4.17.2026 14:55:42,T0,T1,2.1ft,0.05s
4.17.2026 14:55:42,T0,T2,2.0ft,0.05s
4.17.2026 14:55:42,T1,T2,1.4ft,0.05s
4.17.2026 14:55:42,T0,T1,2.1ft,0.05s
4.17.2026 14:55:42,T0,T2,2.1ft,0.05s
4.17.2026 14:55:42,T1,T2,1.4ft,0.05s
4.17.2026 14:55:42,T0,T1,2.1ft,0.05s
4.17.2026 14:55:42,T0,T2,2.1ft,0.05s
4.17.2026 14:55:42,T1,T2,1.4ft,0.05s
4.17.2026 14:55:42,T0,T1,2.1ft,0.05s
4.17.2026 14:55:42,T0,T2,2.1ft,0.05s
4.17.2026 14:55:42,T1,T2,1.4ft,0.05s
4.17.2026 14:55:43,T0,T1,2.1ft,0.05s
4.17.2026 14:55:43,T0,T2,2.1ft,0.05s
4.17.2026 14:55:43,T1,T2,1.4ft,0.05s
4.17.2026 14:55:43,T0,T1,2.1ft,0.05s
4.17.2026 14:55:43,T0,T2,2.2ft,0.05s
4.17.2026 14:55:43,T1,T2,1.4ft,0.05s
4.17.2026 14:55:43,T0,T1,2.1ft,0.05s
4.17.2026 14:55:43,T0,T2,2.1ft,0.05s
4.17.2026 14:55:43,T1,T2,1.4ft,0.05s
4.17.2026 14:55:43,T0,T1,2.0ft,0.05s
4.17.2026 14:55:43,T0,T2,2.1ft,0.05s
4.17.2026 14:55:43,T1,T2,1.4ft,0.05s
4.17.2026 14:55:43,T0,T1,2.0ft,0.05s
4.17.2026 14:55:43,T0,T2,2.1ft,0.05s
4.17.2026 14:55:43,T1,T2,1.4ft,0.05s
4.17.2026 14:55:43,T0,T1,2.1ft,0.05s
4.17.2026 14:55:43,T0,T2,2.1ft,0.05s
4.17.2026 14:55:43,T1,T2,1.4ft,0.05s
4.17.2026 14:55:43,T0,T1,2.1ft,0.05s
4.17.2026 14:55:43,T0,T2,2.0ft,0.05s
4.17.2026 14:55:43,T1,T2,1.4ft,0.05s
4.17.2026 14:55:43,T0,T1,2.1ft,0.05s
4.17.2026 14:55:43,T0,T2,2.0ft,0.05s
4.17.2026 14:55:43,T1,T2,1.4ft,0.05s
4.17.2026 14:55:43,T0,T1,2.1ft,0.05s
4.17.2026 14:55:43,T0,T2,2.0ft,0.05s
4.17.2026 14:55:43,T1,T2,1.3ft,0.05s
4.17.2026 14:55:43,T0,T1,2.1ft,0.05s
4.17.2026 14:55:43,T0,T2,2.0ft,0.05s
4.17.2026 14:55:43,T1,T2,1.3ft,0.05s
4.17.2026 14:55:43,T0,T1,2.1ft,0.05s
4.17.2026 14:55:43,T0,T2,2.0ft,0.05s
4.17.2026 14:55:43,T1,T2,1.4ft,0.05s
4.17.2026 14:55:43,T0,T1,2.1ft,0.05s
4.17.2026 14:55:43,T0,T2,2.0ft,0.05s
4.17.2026 14:55:43,T1,T2,1.4ft,0.05s
4.17.2026 14:55:43,T0,T1,2.1ft,0.05s
4.17.2026 14:55:43,T0,T2,2.0ft,0.05s
4.17.2026 14:55:43,T1,T2,1.4ft,0.05s
4.17.2026 14:55:43,T0,T1,2.1ft,0.05s
4.17.2026 14:55:43,T0,T2,2.0ft,0.05s
4.17.2026 14:55:43,T1,T2,1.4ft,0.05s
4.17.2026 14:55:43,T0,T1,2.1ft,0.05s
4.17.2026 14:55:43,T0,T2,2.0ft,0.05s
4.17.2026 14:55:43,T1,T2,1.4ft,0.05s
4.17.2026 14:55:43,T0,T1,2.1ft,0.05s
4.17.2026 14:55:43,T0,T2,2.0ft,0.05s
4.17.2026 14:55:43,T1,T2,1.4ft,0.05s
4.17.2026 14:55:43,T0,T1,2.1ft,0.05s
4.17.2026 14:55:43,T0,T2,2.0ft,0.05s
4.17.2026 14:55:43,T1,T2,1.4ft,0.05s
4.17.2026 14:55:43,T0,T1,2.1ft,0.05s
4.17.2026 14:55:43,T0,T2,2.0ft,0.05s
4.17.2026 14:55:43,T1,T2,1.4ft,0.05s
4.17.2026 14:55:43,T0,T1,2.1ft,0.05s
4.17.2026 14:55:43,T0,T2,2.0ft,0.05s
4.17.2026 14:55:43,T1,T2,1.4ft,0.05s
4.17.2026 14:55:43,T0,T1,2.1ft,0.05s
4.17.2026 14:55:43,T0,T2,2.0ft,0.05s
4.17.2026 14:55:43,T1,T2,1.4ft,0.05s
4.17.2026 14:55:44,T0,T1,2.1ft,0.05s
4.17.2026 14:55:44,T0,T2,2.0ft,0.05s
4.17.2026 14:55:44,T1,T2,1.4ft,0.05s
4.17.2026 14:55:44,T0,T1,2.1ft,0.05s
4.17.2026 14:55:44,T0,T2,1.9ft,0.05s
4.17.2026 14:55:44,T1,T2,1.3ft,0.05s
4.17.2026 14:55:44,T0,T1,2.1ft,0.05s
4.17.2026 14:55:44,T0,T2,1.9ft,0.05s
4.17.2026 14:55:44,T1,T2,1.3ft,0.05s
4.17.2026 14:55:44,T0,T1,2.1ft,0.05s
4.17.2026 14:55:44,T0,T2,1.9ft,0.05s
4.17.2026 14:55:44,T1,T2,1.3ft,0.05s
4.17.2026 14:55:44,T0,T1,2.1ft,0.05s
4.17.2026 14:55:44,T0,T2,1.9ft,0.05s
4.17.2026 14:55:44,T1,T2,1.3ft,0.05s
4.17.2026 14:55:44,T0,T1,2.1ft,0.05s
4.17.2026 14:55:44,T0,T2,1.9ft,0.05s
4.17.2026 14:55:44,T1,T2,1.3ft,0.05s
4.17.2026 14:55:44,T0,T1,2.1ft,0.05s
4.17.2026 14:55:44,T0,T2,1.9ft,0.05s
4.17.2026 14:55:44,T1,T2,1.3ft,0.05s
4.17.2026 14:55:44,T0,T1,2.1ft,0.05s
4.17.2026 14:55:44,T0,T2,1.9ft,0.05s
4.17.2026 14:55:44,T1,T2,1.2ft,0.05s
4.17.2026 14:55:44,T0,T1,2.1ft,0.05s
4.17.2026 14:55:44,T0,T2,1.9ft,0.05s
4.17.2026 14:55:44,T1,T2,1.2ft,0.05s
4.17.2026 14:55:44,T0,T1,2.1ft,0.05s
4.17.2026 14:55:44,T0,T2,1.9ft,0.05s
4.17.2026 14:55:44,T1,T2,1.2ft,0.05s
4.17.2026 14:55:44,T0,T1,2.1ft,0.05s
4.17.2026 14:55:44,T0,T2,1.9ft,0.05s
4.17.2026 14:55:44,T1,T2,1.2ft,0.05s
4.17.2026 14:55:44,T0,T1,2.1ft,0.05s
4.17.2026 14:55:44,T0,T2,1.9ft,0.05s
4.17.2026 14:55:44,T1,T2,1.2ft,0.05s
4.17.2026 14:55:44,T0,T1,2.0ft,0.05s
4.17.2026 14:55:44,T0,T2,1.9ft,0.05s
4.17.2026 14:55:44,T1,T2,1.2ft,0.05s
4.17.2026 14:55:44,T0,T1,2.0ft,0.05s
4.17.2026 14:55:44,T0,T2,1.9ft,0.05s
4.17.2026 14:55:44,T1,T2,1.2ft,0.05s
4.17.2026 14:55:44,T0,T1,2.0ft,0.05s
4.17.2026 14:55:44,T0,T2,1.9ft,0.05s
4.17.2026 14:55:44,T1,T2,1.2ft,0.05s
4.17.2026 14:55:44,T0,T1,2.0ft,0.05s
4.17.2026 14:55:44,T0,T2,1.9ft,0.05s
4.17.2026 14:55:44,T1,T2,1.2ft,0.05s
4.17.2026 14:55:44,T0,T1,2.0ft,0.05s
4.17.2026 14:55:44,T0,T2,1.9ft,0.05s
4.17.2026 14:55:44,T1,T2,1.2ft,0.05s
4.17.2026 14:55:44,T0,T1,2.0ft,0.05s
4.17.2026 14:55:44,T0,T2,1.9ft,0.05s
4.17.2026 14:55:44,T1,T2,1.2ft,0.05s
4.17.2026 14:55:44,T0,T1,2.0ft,0.05s
4.17.2026 14:55:44,T0,T2,1.9ft,0.05s
4.17.2026 14:55:44,T1,T2,1.2ft,0.05s
4.17.2026 14:55:44,T0,T1,2.0ft,0.05s
4.17.2026 14:55:44,T0,T2,1.9ft,0.05s
4.17.2026 14:55:44,T1,T2,1.2ft,0.05s
4.17.2026 14:55:45,T0,T1,2.0ft,0.05s
4.17.2026 14:55:45,T0,T2,1.9ft,0.05s
4.17.2026 14:55:45,T1,T2,1.2ft,0.05s
4.17.2026 14:55:45,T0,T1,2.0ft,0.05s
4.17.2026 14:55:45,T0,T2,1.9ft,0.05s
4.17.2026 14:55:45,T1,T2,1.2ft,0.05s
4.17.2026 14:55:45,T0,T1,2.0ft,0.05s
4.17.2026 14:55:45,T0,T2,1.9ft,0.05s
4.17.2026 14:55:45,T1,T2,1.2ft,0.05s
4.17.2026 14:55:45,T0,T1,2.0ft,0.05s
4.17.2026 14:55:45,T0,T2,1.9ft,0.05s
4.17.2026 14:55:45,T1,T2,1.2ft,0.05s
4.17.2026 14:55:45,T0,T1,2.0ft,0.05s
4.17.2026 14:55:45,T0,T2,1.9ft,0.05s
4.17.2026 14:55:45,T1,T2,1.3ft,0.05s
4.17.2026 14:55:45,T0,T1,2.0ft,0.05s
4.17.2026 14:55:45,T0,T2,1.8ft,0.05s
4.17.2026 14:55:45,T1,T2,1.3ft,0.05s
4.17.2026 14:55:45,T0,T1,2.0ft,0.05s
4.17.2026 14:55:45,T0,T2,1.9ft,0.05s
4.17.2026 14:55:45,T1,T2,1.3ft,0.05s
4.17.2026 14:55:45,T0,T1,2.0ft,0.05s
4.17.2026 14:55:45,T0,T2,1.9ft,0.05s
4.17.2026 14:55:45,T1,T2,1.3ft,0.05s
4.17.2026 14:55:45,T0,T1,2.0ft,0.05s
4.17.2026 14:55:45,T0,T2,1.9ft,0.05s
4.17.2026 14:55:45,T1,T2,1.3ft,0.05s
4.17.2026 14:55:45,T0,T1,2.0ft,0.05s
4.17.2026 14:55:45,T0,T2,2.0ft,0.05s
4.17.2026 14:55:45,T1,T2,1.3ft,0.05s
4.17.2026 14:55:45,T0,T1,2.0ft,0.05s
4.17.2026 14:55:45,T0,T2,2.0ft,0.05s
4.17.2026 14:55:45,T1,T2,1.3ft,0.05s
4.17.2026 14:55:45,T0,T1,2.0ft,0.05s
4.17.2026 14:55:45,T0,T2,2.0ft,0.05s
4.17.2026 14:55:45,T1,T2,1.3ft,0.05s
4.17.2026 14:55:45,T0,T1,2.0ft,0.05s
4.17.2026 14:55:45,T0,T2,2.0ft,0.05s
4.17.2026 14:55:45,T1,T2,1.3ft,0.05s
4.17.2026 14:55:45,T0,T1,2.0ft,0.06s
4.17.2026 14:55:45,T0,T2,2.0ft,0.06s
4.17.2026 14:55:45,T1,T2,1.3ft,0.06s
4.17.2026 14:55:45,T0,T1,2.0ft,0.05s
4.17.2026 14:55:45,T0,T2,2.1ft,0.05s
4.17.2026 14:55:45,T1,T2,1.3ft,0.05s
4.17.2026 14:55:45,T0,T1,2.0ft,0.05s
4.17.2026 14:55:45,T0,T2,2.1ft,0.05s
4.17.2026 14:55:45,T1,T2,1.4ft,0.05s
4.17.2026 14:55:45,T0,T1,2.0ft,0.05s
4.17.2026 14:55:45,T0,T2,2.1ft,0.05s
4.17.2026 14:55:45,T1,T2,1.4ft,0.05s
4.17.2026 14:55:45,T0,T1,2.0ft,0.05s
4.17.2026 14:55:45,T0,T2,2.2ft,0.05s
4.17.2026 14:55:45,T1,T2,1.4ft,0.05s
4.17.2026 14:55:45,T0,T1,2.0ft,0.05s
4.17.2026 14:55:45,T0,T2,2.2ft,0.05s
4.17.2026 14:55:45,T1,T2,1.4ft,0.05s
4.17.2026 14:55:46,T0,T1,2.0ft,0.05s
4.17.2026 14:55:46,T0,T2,2.2ft,0.05s
4.17.2026 14:55:46,T1,T2,1.4ft,0.05s
4.17.2026 14:55:46,T0,T1,2.0ft,0.05s
4.17.2026 14:55:46,T0,T2,2.2ft,0.05s
4.17.2026 14:55:46,T1,T2,1.4ft,0.05s
4.17.2026 14:55:46,T0,T1,2.0ft,0.05s
4.17.2026 14:55:46,T0,T2,2.2ft,0.05s
4.17.2026 14:55:46,T1,T2,1.5ft,0.05s
4.17.2026 14:55:46,T0,T1,2.0ft,0.05s
4.17.2026 14:55:46,T0,T2,2.2ft,0.05s
4.17.2026 14:55:46,T1,T2,1.5ft,0.05s
4.17.2026 14:55:46,T0,T1,2.0ft,0.05s
4.17.2026 14:55:46,T0,T2,2.2ft,0.05s
4.17.2026 14:55:46,T1,T2,1.5ft,0.05s
4.17.2026 14:55:46,T0,T1,2.0ft,0.05s
4.17.2026 14:55:46,T0,T2,2.2ft,0.05s
4.17.2026 14:55:46,T1,T2,1.4ft,0.05s
4.17.2026 14:55:46,T0,T1,2.0ft,0.05s
4.17.2026 14:55:46,T0,T2,2.1ft,0.05s
4.17.2026 14:55:46,T1,T2,1.4ft,0.05s
4.17.2026 14:55:46,T0,T1,2.0ft,0.05s
4.17.2026 14:55:46,T0,T2,2.1ft,0.05s
4.17.2026 14:55:46,T1,T2,1.4ft,0.05s
4.17.2026 14:55:46,T0,T1,2.0ft,0.05s
4.17.2026 14:55:46,T0,T2,2.1ft,0.05s
4.17.2026 14:55:46,T1,T2,1.4ft,0.05s
4.17.2026 14:55:46,T0,T1,2.0ft,0.05s
4.17.2026 14:55:46,T0,T2,2.1ft,0.05s
4.17.2026 14:55:46,T1,T2,1.4ft,0.05s
4.17.2026 14:55:46,T0,T1,2.0ft,0.05s
4.17.2026 14:55:46,T0,T2,2.1ft,0.05s
4.17.2026 14:55:46,T1,T2,1.4ft,0.05s
4.17.2026 14:55:46,T0,T1,1.9ft,0.06s
4.17.2026 14:55:46,T0,T2,2.1ft,0.06s
4.17.2026 14:55:46,T1,T2,1.4ft,0.06s
4.17.2026 14:55:46,T0,T1,1.9ft,0.05s
4.17.2026 14:55:46,T0,T2,2.1ft,0.05s
4.17.2026 14:55:46,T1,T2,1.4ft,0.05s
4.17.2026 14:55:46,T0,T1,1.9ft,0.05s
4.17.2026 14:55:46,T0,T2,2.1ft,0.05s
4.17.2026 14:55:46,T1,T2,1.4ft,0.05s
4.17.2026 14:55:46,T0,T1,1.9ft,0.05s
4.17.2026 14:55:46,T0,T2,2.1ft,0.05s
4.17.2026 14:55:46,T1,T2,1.4ft,0.05s
4.17.2026 14:55:46,T0,T1,1.9ft,0.05s
4.17.2026 14:55:46,T0,T2,2.1ft,0.05s
4.17.2026 14:55:46,T1,T2,1.4ft,0.05s
4.17.2026 14:55:46,T0,T1,1.9ft,0.05s
4.17.2026 14:55:46,T0,T2,2.1ft,0.05s
4.17.2026 14:55:46,T1,T2,1.4ft,0.05s
4.17.2026 14:55:46,T0,T1,1.9ft,0.05s
4.17.2026 14:55:46,T0,T2,2.1ft,0.05s
4.17.2026 14:55:46,T1,T2,1.4ft,0.05s
4.17.2026 14:55:46,T0,T1,1.9ft,0.05s
4.17.2026 14:55:46,T0,T2,2.1ft,0.05s
4.17.2026 14:55:46,T1,T2,1.4ft,0.05s
4.17.2026 14:55:47,T0,T1,1.9ft,0.05s
4.17.2026 14:55:47,T0,T2,2.1ft,0.05s
4.17.2026 14:55:47,T1,T2,1.4ft,0.05s
4.17.2026 14:55:47,T0,T1,1.9ft,0.05s
4.17.2026 14:55:47,T0,T2,2.1ft,0.05s
4.17.2026 14:55:47,T1,T2,1.4ft,0.05s
4.17.2026 14:55:47,T0,T1,2.0ft,0.05s
4.17.2026 14:55:47,T0,T2,2.1ft,0.05s
4.17.2026 14:55:47,T1,T2,1.4ft,0.05s
4.17.2026 14:55:47,T0,T1,2.0ft,0.05s
4.17.2026 14:55:47,T0,T2,2.1ft,0.05s
4.17.2026 14:55:47,T1,T2,1.4ft,0.05s
4.17.2026 14:55:47,T0,T1,2.0ft,0.05s
4.17.2026 14:55:47,T0,T2,2.1ft,0.05s
4.17.2026 14:55:47,T1,T2,1.4ft,0.05s
4.17.2026 14:55:47,T0,T1,2.0ft,0.05s
4.17.2026 14:55:47,T0,T2,2.1ft,0.05s
4.17.2026 14:55:47,T1,T2,1.4ft,0.05s
4.17.2026 14:55:47,T0,T1,2.0ft,0.05s
4.17.2026 14:55:47,T0,T2,2.1ft,0.05s
4.17.2026 14:55:47,T1,T2,1.4ft,0.05s
4.17.2026 14:55:47,T0,T1,2.0ft,0.05s
4.17.2026 14:55:47,T0,T2,2.1ft,0.05s
4.17.2026 14:55:47,T1,T2,1.3ft,0.05s
4.17.2026 14:55:47,T0,T1,2.0ft,0.05s
4.17.2026 14:55:47,T0,T2,2.0ft,0.05s
4.17.2026 14:55:47,T1,T2,1.3ft,0.05s
4.17.2026 14:55:47,T0,T1,2.0ft,0.05s
4.17.2026 14:55:47,T0,T2,2.0ft,0.05s
4.17.2026 14:55:47,T1,T2,1.3ft,0.05s
4.17.2026 14:55:47,T0,T1,2.0ft,0.05s
4.17.2026 14:55:47,T0,T2,2.0ft,0.05s
4.17.2026 14:55:47,T1,T2,1.3ft,0.05s
4.17.2026 14:55:47,T0,T1,2.0ft,0.05s
4.17.2026 14:55:47,T0,T2,2.0ft,0.05s
4.17.2026 14:55:47,T1,T2,1.3ft,0.05s
4.17.2026 14:55:47,T0,T1,2.0ft,0.05s
4.17.2026 14:55:47,T0,T2,2.1ft,0.05s
4.17.2026 14:55:47,T1,T2,1.3ft,0.05s
4.17.2026 14:55:47,T0,T1,2.1ft,0.05s
4.17.2026 14:55:47,T0,T2,2.1ft,0.05s
4.17.2026 14:55:47,T1,T2,1.4ft,0.05s
4.17.2026 14:55:47,T0,T1,2.1ft,0.05s
4.17.2026 14:55:47,T0,T2,2.2ft,0.05s
4.17.2026 14:55:47,T1,T2,1.4ft,0.05s
4.17.2026 14:55:47,T0,T1,2.1ft,0.05s
4.17.2026 14:55:47,T0,T2,2.2ft,0.05s
4.17.2026 14:55:47,T1,T2,1.4ft,0.05s
4.17.2026 14:55:47,T0,T1,2.1ft,0.05s
4.17.2026 14:55:47,T0,T2,2.2ft,0.05s
4.17.2026 14:55:47,T1,T2,1.4ft,0.05s
4.17.2026 14:55:47,T0,T1,2.1ft,0.05s
4.17.2026 14:55:47,T0,T2,2.2ft,0.05s
4.17.2026 14:55:47,T1,T2,1.5ft,0.05s
4.17.2026 14:55:47,T0,T1,2.1ft,0.05s
4.17.2026 14:55:47,T0,T2,2.2ft,0.05s
4.17.2026 14:55:47,T1,T2,1.5ft,0.05s
4.17.2026 14:55:47,T0,T1,2.1ft,0.05s
4.17.2026 14:55:47,T0,T2,2.2ft,0.05s
4.17.2026 14:55:47,T1,T2,1.5ft,0.05s
4.17.2026 14:55:48,T0,T1,2.1ft,0.05s
4.17.2026 14:55:48,T0,T2,2.2ft,0.05s
4.17.2026 14:55:48,T1,T2,1.5ft,0.05s
4.17.2026 14:55:48,T0,T1,2.1ft,0.05s
4.17.2026 14:55:48,T0,T2,2.2ft,0.05s
4.17.2026 14:55:48,T1,T2,1.5ft,0.05s
4.17.2026 14:55:48,T0,T1,2.1ft,0.05s
4.17.2026 14:55:48,T0,T2,2.2ft,0.05s
4.17.2026 14:55:48,T1,T2,1.5ft,0.05s
4.17.2026 14:55:48,T0,T1,2.1ft,0.05s
4.17.2026 14:55:48,T0,T2,2.2ft,0.05s
4.17.2026 14:55:48,T1,T2,1.5ft,0.05s
4.17.2026 14:55:48,T0,T1,2.1ft,0.05s
4.17.2026 14:55:48,T0,T2,2.3ft,0.05s
4.17.2026 14:55:48,T1,T2,1.5ft,0.05s
4.17.2026 14:55:48,T0,T1,2.1ft,0.05s
4.17.2026 14:55:48,T0,T2,2.3ft,0.05s
4.17.2026 14:55:48,T1,T2,1.5ft,0.05s
4.17.2026 14:55:48,T0,T1,2.1ft,0.05s
4.17.2026 14:55:48,T0,T2,2.3ft,0.05s
4.17.2026 14:55:48,T1,T2,1.5ft,0.05s
4.17.2026 14:55:48,T0,T1,2.1ft,0.05s
4.17.2026 14:55:48,T0,T2,2.3ft,0.05s
4.17.2026 14:55:48,T1,T2,1.5ft,0.05s
4.17.2026 14:55:48,T0,T1,2.1ft,0.05s
4.17.2026 14:55:48,T0,T2,2.2ft,0.05s
4.17.2026 14:55:48,T1,T2,1.5ft,0.05s
4.17.2026 14:55:48,T0,T1,2.1ft,0.05s
4.17.2026 14:55:48,T0,T2,2.2ft,0.05s
4.17.2026 14:55:48,T1,T2,1.5ft,0.05s
4.17.2026 14:55:48,T0,T1,2.1ft,0.05s
4.17.2026 14:55:48,T0,T2,2.2ft,0.05s
4.17.2026 14:55:48,T1,T2,1.4ft,0.05s
4.17.2026 14:55:48,T0,T1,2.1ft,0.05s
4.17.2026 14:55:48,T0,T2,2.1ft,0.05s
4.17.2026 14:55:48,T1,T2,1.4ft,0.05s
4.17.2026 14:55:48,T0,T1,2.1ft,0.05s
4.17.2026 14:55:48,T0,T2,2.1ft,0.05s
4.17.2026 14:55:48,T1,T2,1.4ft,0.05s
4.17.2026 14:55:48,T0,T1,2.1ft,0.05s
4.17.2026 14:55:48,T0,T2,2.1ft,0.05s
4.17.2026 14:55:48,T1,T2,1.4ft,0.05s
4.17.2026 14:55:48,T0,T1,2.0ft,0.05s
4.17.2026 14:55:48,T0,T2,2.1ft,0.05s
4.17.2026 14:55:48,T1,T2,1.4ft,0.05s
4.17.2026 14:55:48,T0,T1,2.0ft,0.05s
4.17.2026 14:55:48,T0,T2,2.0ft,0.05s
4.17.2026 14:55:48,T1,T2,1.4ft,0.05s
4.17.2026 14:55:48,T0,T1,2.0ft,0.05s
4.17.2026 14:55:48,T0,T2,2.0ft,0.05s
4.17.2026 14:55:48,T1,T2,1.4ft,0.05s
4.17.2026 14:55:48,T0,T1,2.0ft,0.05s
4.17.2026 14:55:48,T0,T2,2.0ft,0.05s
4.17.2026 14:55:48,T1,T2,1.4ft,0.05s
4.17.2026 14:55:48,T0,T1,2.0ft,0.05s
4.17.2026 14:55:48,T0,T2,2.0ft,0.05s
4.17.2026 14:55:48,T1,T2,1.4ft,0.05s
4.17.2026 14:55:48,T0,T1,2.0ft,0.05s
4.17.2026 14:55:48,T0,T2,1.9ft,0.05s
4.17.2026 14:55:48,T1,T2,1.4ft,0.05s
4.17.2026 14:55:49,T0,T1,2.0ft,0.05s
4.17.2026 14:55:49,T0,T2,1.9ft,0.05s
4.17.2026 14:55:49,T1,T2,1.4ft,0.05s
4.17.2026 14:55:49,T0,T1,2.0ft,0.05s
4.17.2026 14:55:49,T0,T2,1.9ft,0.05s
4.17.2026 14:55:49,T1,T2,1.3ft,0.05s
4.17.2026 14:55:49,T0,T1,2.0ft,0.05s
4.17.2026 14:55:49,T0,T2,1.9ft,0.05s
4.17.2026 14:55:49,T1,T2,1.4ft,0.05s
4.17.2026 14:55:49,T0,T1,2.0ft,0.05s
4.17.2026 14:55:49,T0,T2,1.9ft,0.05s
4.17.2026 14:55:49,T1,T2,1.4ft,0.05s
4.17.2026 14:55:49,T0,T1,2.0ft,0.05s
4.17.2026 14:55:49,T0,T2,2.0ft,0.05s
4.17.2026 14:55:49,T1,T2,1.4ft,0.05s
4.17.2026 14:55:49,T0,T1,2.0ft,0.05s
4.17.2026 14:55:49,T0,T2,1.9ft,0.05s
4.17.2026 14:55:49,T1,T2,1.4ft,0.05s
4.17.2026 14:55:49,T0,T1,2.0ft,0.05s
4.17.2026 14:55:49,T0,T2,1.9ft,0.05s
4.17.2026 14:55:49,T1,T2,1.4ft,0.05s
4.17.2026 14:55:49,T0,T1,2.0ft,0.05s
4.17.2026 14:55:49,T0,T2,1.9ft,0.05s
4.17.2026 14:55:49,T1,T2,1.4ft,0.05s
4.17.2026 14:55:49,T0,T1,2.0ft,0.05s
4.17.2026 14:55:49,T0,T2,1.9ft,0.05s
4.17.2026 14:55:49,T1,T2,1.4ft,0.05s
4.17.2026 14:55:49,T0,T1,2.0ft,0.05s
4.17.2026 14:55:49,T0,T2,1.9ft,0.05s
4.17.2026 14:55:49,T1,T2,1.4ft,0.05s
4.17.2026 14:55:49,T0,T1,2.0ft,0.05s
4.17.2026 14:55:49,T0,T2,1.9ft,0.05s
4.17.2026 14:55:49,T1,T2,1.4ft,0.05s
4.17.2026 14:55:49,T0,T1,2.0ft,0.05s
4.17.2026 14:55:49,T0,T2,1.9ft,0.05s
4.17.2026 14:55:49,T1,T2,1.4ft,0.05s
4.17.2026 14:55:49,T0,T1,2.0ft,0.05s
4.17.2026 14:55:49,T0,T2,1.9ft,0.05s
4.17.2026 14:55:49,T1,T2,1.3ft,0.05s
4.17.2026 14:55:49,T0,T1,2.0ft,0.05s
4.17.2026 14:55:49,T0,T2,2.0ft,0.05s
4.17.2026 14:55:49,T1,T2,1.4ft,0.05s
4.17.2026 14:55:49,T0,T1,2.0ft,0.05s
4.17.2026 14:55:49,T0,T2,2.0ft,0.05s
4.17.2026 14:55:49,T1,T2,1.4ft,0.05s
4.17.2026 14:55:49,T0,T1,2.0ft,0.05s
4.17.2026 14:55:49,T0,T2,2.0ft,0.05s
4.17.2026 14:55:49,T1,T2,1.3ft,0.05s
4.17.2026 14:55:49,T0,T1,2.0ft,0.05s
4.17.2026 14:55:49,T0,T2,2.0ft,0.05s
4.17.2026 14:55:49,T1,T2,1.3ft,0.05s
4.17.2026 14:55:49,T0,T1,2.0ft,0.05s
4.17.2026 14:55:49,T0,T2,2.0ft,0.05s
4.17.2026 14:55:49,T1,T2,1.3ft,0.05s
4.17.2026 14:55:49,T0,T1,2.0ft,0.05s
4.17.2026 14:55:49,T0,T2,2.0ft,0.05s
4.17.2026 14:55:49,T1,T2,1.3ft,0.05s
4.17.2026 14:55:50,T0,T1,2.0ft,0.05s
4.17.2026 14:55:50,T0,T2,2.0ft,0.05s
4.17.2026 14:55:50,T1,T2,1.3ft,0.05s
4.17.2026 14:55:50,T0,T1,2.0ft,0.05s
4.17.2026 14:55:50,T0,T2,2.0ft,0.05s
4.17.2026 14:55:50,T1,T2,1.4ft,0.05s
4.17.2026 14:55:50,T0,T1,2.0ft,0.05s
4.17.2026 14:55:50,T0,T2,2.1ft,0.05s
4.17.2026 14:55:50,T1,T2,1.4ft,0.05s
4.17.2026 14:55:50,T0,T1,2.0ft,0.05s
4.17.2026 14:55:50,T0,T2,2.1ft,0.05s
4.17.2026 14:55:50,T1,T2,1.4ft,0.05s
4.17.2026 14:55:50,T0,T1,2.1ft,0.05s
4.17.2026 14:55:50,T0,T2,2.1ft,0.05s
4.17.2026 14:55:50,T1,T2,1.4ft,0.05s
4.17.2026 14:55:50,T0,T1,2.1ft,0.05s
4.17.2026 14:55:50,T0,T2,2.2ft,0.05s
4.17.2026 14:55:50,T1,T2,1.4ft,0.05s
4.17.2026 14:55:50,T0,T1,2.1ft,0.05s
4.17.2026 14:55:50,T0,T2,2.2ft,0.05s
4.17.2026 14:55:50,T1,T2,1.4ft,0.05s
4.17.2026 14:55:50,T0,T1,2.1ft,0.05s
4.17.2026 14:55:50,T0,T2,2.2ft,0.05s
4.17.2026 14:55:50,T1,T2,1.5ft,0.05s
4.17.2026 14:55:50,T0,T1,2.1ft,0.05s
4.17.2026 14:55:50,T0,T2,2.3ft,0.05s
4.17.2026 14:55:50,T1,T2,1.5ft,0.05s
4.17.2026 14:55:50,T0,T1,2.1ft,0.05s
4.17.2026 14:55:50,T0,T2,2.3ft,0.05s
4.17.2026 14:55:50,T1,T2,1.5ft,0.05s
4.17.2026 14:55:50,T0,T1,2.1ft,0.05s
4.17.2026 14:55:50,T0,T2,2.3ft,0.05s
4.17.2026 14:55:50,T1,T2,1.5ft,0.05s
4.17.2026 14:55:50,T0,T1,2.1ft,0.05s
4.17.2026 14:55:50,T0,T2,2.3ft,0.05s
4.17.2026 14:55:50,T1,T2,1.5ft,0.05s
4.17.2026 14:55:50,T0,T1,2.1ft,0.05s
4.17.2026 14:55:50,T0,T2,2.3ft,0.05s
4.17.2026 14:55:50,T1,T2,1.5ft,0.05s
4.17.2026 14:55:50,T0,T1,2.0ft,0.05s
4.17.2026 14:55:50,T0,T2,2.3ft,0.05s
4.17.2026 14:55:50,T1,T2,1.5ft,0.05s
4.17.2026 14:55:50,T0,T1,2.0ft,0.05s
4.17.2026 14:55:50,T0,T2,2.3ft,0.05s
4.17.2026 14:55:50,T1,T2,1.5ft,0.05s
4.17.2026 14:55:50,T0,T1,2.0ft,0.05s
4.17.2026 14:55:50,T0,T2,2.2ft,0.05s
4.17.2026 14:55:50,T1,T2,1.5ft,0.05s
4.17.2026 14:55:50,T0,T1,2.0ft,0.05s
4.17.2026 14:55:50,T0,T2,2.2ft,0.05s
4.17.2026 14:55:50,T1,T2,1.5ft,0.05s
4.17.2026 14:55:50,T0,T1,2.0ft,0.05s
4.17.2026 14:55:50,T0,T2,2.3ft,0.05s
4.17.2026 14:55:50,T1,T2,1.5ft,0.05s
4.17.2026 14:55:50,T0,T1,2.0ft,0.05s
4.17.2026 14:55:50,T0,T2,2.3ft,0.05s
4.17.2026 14:55:50,T1,T2,1.5ft,0.05s
4.17.2026 14:55:50,T0,T1,2.0ft,0.05s
4.17.2026 14:55:50,T0,T2,2.3ft,0.05s
4.17.2026 14:55:50,T1,T2,1.5ft,0.05s
4.17.2026 14:55:51,T0,T1,2.0ft,0.05s
4.17.2026 14:55:51,T0,T2,2.3ft,0.05s
4.17.2026 14:55:51,T1,T2,1.5ft,0.05s
4.17.2026 14:55:51,T0,T1,2.0ft,0.05s
4.17.2026 14:55:51,T0,T2,2.4ft,0.05s
4.17.2026 14:55:51,T1,T2,1.5ft,0.05s
4.17.2026 14:55:51,T0,T1,2.0ft,0.05s
4.17.2026 14:55:51,T0,T2,2.4ft,0.05s
4.17.2026 14:55:51,T1,T2,1.5ft,0.05s
4.17.2026 14:55:51,T0,T1,2.0ft,0.05s
4.17.2026 14:55:51,T0,T2,2.4ft,0.05s
4.17.2026 14:55:51,T1,T2,1.5ft,0.05s
4.17.2026 14:55:51,T0,T1,2.1ft,0.05s
4.17.2026 14:55:51,T0,T2,2.4ft,0.05s
4.17.2026 14:55:51,T1,T2,1.5ft,0.05s
4.17.2026 14:55:51,T0,T1,2.1ft,0.05s
4.17.2026 14:55:51,T0,T2,2.4ft,0.05s
4.17.2026 14:55:51,T1,T2,1.5ft,0.05s
4.17.2026 14:55:51,T0,T1,2.1ft,0.05s
4.17.2026 14:55:51,T0,T2,2.3ft,0.05s
4.17.2026 14:55:51,T1,T2,1.5ft,0.05s
4.17.2026 14:55:51,T0,T1,2.1ft,0.05s
4.17.2026 14:55:51,T0,T2,2.3ft,0.05s
4.17.2026 14:55:51,T1,T2,1.5ft,0.05s
4.17.2026 14:55:51,T0,T1,2.1ft,0.05s
4.17.2026 14:55:51,T0,T2,2.3ft,0.05s
4.17.2026 14:55:51,T1,T2,1.5ft,0.05s
4.17.2026 14:55:51,T0,T1,2.1ft,0.05s
4.17.2026 14:55:51,T0,T2,2.2ft,0.05s
4.17.2026 14:55:51,T1,T2,1.5ft,0.05s
4.17.2026 14:55:51,T0,T1,2.1ft,0.05s
4.17.2026 14:55:51,T0,T2,2.2ft,0.05s
4.17.2026 14:55:51,T1,T2,1.4ft,0.05s
4.17.2026 14:55:51,T0,T1,2.1ft,0.05s
4.17.2026 14:55:51,T0,T2,2.2ft,0.05s
4.17.2026 14:55:51,T1,T2,1.4ft,0.05s
4.17.2026 14:55:51,T0,T1,2.1ft,0.05s
4.17.2026 14:55:51,T0,T2,2.2ft,0.05s
4.17.2026 14:55:51,T1,T2,1.4ft,0.05s
4.17.2026 14:55:51,T0,T1,2.1ft,0.06s
4.17.2026 14:55:51,T0,T2,2.2ft,0.06s
4.17.2026 14:55:51,T1,T2,1.4ft,0.06s
4.17.2026 14:55:51,T0,T1,2.1ft,0.05s
4.17.2026 14:55:51,T0,T2,2.2ft,0.05s
4.17.2026 14:55:51,T1,T2,1.4ft,0.05s
4.17.2026 14:55:51,T0,T1,2.1ft,0.05s
4.17.2026 14:55:51,T0,T2,2.2ft,0.05s
4.17.2026 14:55:51,T1,T2,1.4ft,0.05s
4.17.2026 14:55:51,T0,T1,2.1ft,0.05s
4.17.2026 14:55:51,T0,T2,2.2ft,0.05s
4.17.2026 14:55:51,T1,T2,1.4ft,0.05s
4.17.2026 14:55:51,T0,T1,2.1ft,0.05s
4.17.2026 14:55:51,T0,T2,2.2ft,0.05s
4.17.2026 14:55:51,T1,T2,1.4ft,0.05s
4.17.2026 14:55:51,T0,T1,2.1ft,0.05s
4.17.2026 14:55:51,T0,T2,2.2ft,0.05s
4.17.2026 14:55:51,T1,T2,1.4ft,0.05s
4.17.2026 14:55:52,T0,T1,2.1ft,0.05s
4.17.2026 14:55:52,T0,T2,2.2ft,0.05s
4.17.2026 14:55:52,T1,T2,1.4ft,0.05s
4.17.2026 14:55:52,T0,T1,2.1ft,0.05s
4.17.2026 14:55:52,T0,T2,2.2ft,0.05s
4.17.2026 14:55:52,T1,T2,1.4ft,0.05s
4.17.2026 14:55:52,T0,T1,2.1ft,0.05s
4.17.2026 14:55:52,T0,T2,2.2ft,0.05s
4.17.2026 14:55:52,T1,T2,1.4ft,0.05s
4.17.2026 14:55:52,T0,T1,2.1ft,0.05s
4.17.2026 14:55:52,T0,T2,2.2ft,0.05s
4.17.2026 14:55:52,T1,T2,1.4ft,0.05s
4.17.2026 14:55:52,T0,T1,2.1ft,0.05s
4.17.2026 14:55:52,T0,T2,2.2ft,0.05s
4.17.2026 14:55:52,T1,T2,1.4ft,0.05s
4.17.2026 14:55:52,T0,T1,2.0ft,0.05s
4.17.2026 14:55:52,T0,T2,2.1ft,0.05s
4.17.2026 14:55:52,T1,T2,1.4ft,0.05s
4.17.2026 14:55:52,T0,T1,2.0ft,0.05s
4.17.2026 14:55:52,T0,T2,2.1ft,0.05s
4.17.2026 14:55:52,T1,T2,1.4ft,0.05s
4.17.2026 14:55:52,T0,T1,2.0ft,0.05s
4.17.2026 14:55:52,T0,T2,2.1ft,0.05s
4.17.2026 14:55:52,T1,T2,1.3ft,0.05s
4.17.2026 14:55:52,T0,T1,2.0ft,0.06s
4.17.2026 14:55:52,T0,T2,2.1ft,0.06s
4.17.2026 14:55:52,T1,T2,1.3ft,0.06s
4.17.2026 14:55:52,T0,T1,2.0ft,0.05s
4.17.2026 14:55:52,T0,T2,2.0ft,0.05s
4.17.2026 14:55:52,T1,T2,1.3ft,0.05s
4.17.2026 14:55:52,T0,T1,2.0ft,0.05s
4.17.2026 14:55:52,T0,T2,2.0ft,0.05s
4.17.2026 14:55:52,T1,T2,1.3ft,0.05s
4.17.2026 14:55:52,T0,T1,2.0ft,0.05s
4.17.2026 14:55:52,T0,T2,2.0ft,0.05s
4.17.2026 14:55:52,T1,T2,1.3ft,0.05s
4.17.2026 14:55:52,T0,T1,2.0ft,0.05s
4.17.2026 14:55:52,T0,T2,2.0ft,0.05s
4.17.2026 14:55:52,T1,T2,1.3ft,0.05s
4.17.2026 14:55:52,T0,T1,2.0ft,0.05s
4.17.2026 14:55:52,T0,T2,2.1ft,0.05s
4.17.2026 14:55:52,T1,T2,1.4ft,0.05s
4.17.2026 14:55:52,T0,T1,2.0ft,0.05s
4.17.2026 14:55:52,T0,T2,2.1ft,0.05s
4.17.2026 14:55:52,T1,T2,1.4ft,0.05s
4.17.2026 14:55:52,T0,T1,2.0ft,0.05s
4.17.2026 14:55:52,T0,T2,2.1ft,0.05s
4.17.2026 14:55:52,T1,T2,1.4ft,0.05s
4.17.2026 14:55:52,T0,T1,2.0ft,0.05s
4.17.2026 14:55:52,T0,T2,2.1ft,0.05s
4.17.2026 14:55:52,T1,T2,1.4ft,0.05s
4.17.2026 14:55:52,T0,T1,2.0ft,0.05s
4.17.2026 14:55:52,T0,T2,2.1ft,0.05s
4.17.2026 14:55:52,T1,T2,1.4ft,0.05s
4.17.2026 14:55:52,T0,T1,2.0ft,0.05s
4.17.2026 14:55:52,T0,T2,2.1ft,0.05s
4.17.2026 14:55:52,T1,T2,1.4ft,0.05s
4.17.2026 14:55:52,T0,T1,2.0ft,0.05s
4.17.2026 14:55:52,T0,T2,2.1ft,0.05s
4.17.2026 14:55:52,T1,T2,1.4ft,0.05s
4.17.2026 14:55:53,T0,T1,2.0ft,0.05s
4.17.2026 14:55:53,T0,T2,2.1ft,0.05s
4.17.2026 14:55:53,T1,T2,1.4ft,0.05s
4.17.2026 14:55:53,T0,T1,2.0ft,0.05s
4.17.2026 14:55:53,T0,T2,2.1ft,0.05s
4.17.2026 14:55:53,T1,T2,1.3ft,0.05s
4.17.2026 14:55:53,T0,T1,2.0ft,0.05s
4.17.2026 14:55:53,T0,T2,2.0ft,0.05s
4.17.2026 14:55:53,T1,T2,1.3ft,0.05s
4.17.2026 14:55:53,T0,T1,2.0ft,0.05s
4.17.2026 14:55:53,T0,T2,2.0ft,0.05s
4.17.2026 14:55:53,T1,T2,1.3ft,0.05s
4.17.2026 14:55:53,T0,T1,2.0ft,0.05s
4.17.2026 14:55:53,T0,T2,2.1ft,0.05s
4.17.2026 14:55:53,T1,T2,1.3ft,0.05s
4.17.2026 14:55:53,T0,T1,2.0ft,0.05s
4.17.2026 14:55:53,T0,T2,2.0ft,0.05s
4.17.2026 14:55:53,T1,T2,1.3ft,0.05s
4.17.2026 14:55:53,T0,T1,2.0ft,0.05s
4.17.2026 14:55:53,T0,T2,2.0ft,0.05s
4.17.2026 14:55:53,T1,T2,1.3ft,0.05s
4.17.2026 14:55:53,T0,T1,2.0ft,0.05s
4.17.2026 14:55:53,T0,T2,2.0ft,0.05s
4.17.2026 14:55:53,T1,T2,1.3ft,0.05s
4.17.2026 14:55:53,T0,T1,2.0ft,0.05s
4.17.2026 14:55:53,T0,T2,2.0ft,0.05s
4.17.2026 14:55:53,T1,T2,1.3ft,0.05s
4.17.2026 14:55:53,T0,T1,2.0ft,0.05s
4.17.2026 14:55:53,T0,T2,2.0ft,0.05s
4.17.2026 14:55:53,T1,T2,1.3ft,0.05s
4.17.2026 14:55:53,T0,T1,2.0ft,0.05s
4.17.2026 14:55:53,T0,T2,2.0ft,0.05s
4.17.2026 14:55:53,T1,T2,1.3ft,0.05s
4.17.2026 14:55:53,T0,T1,2.0ft,0.05s
4.17.2026 14:55:53,T0,T2,2.0ft,0.05s
4.17.2026 14:55:53,T1,T2,1.3ft,0.05s
4.17.2026 14:55:53,T0,T1,2.0ft,0.05s
4.17.2026 14:55:53,T0,T2,2.0ft,0.05s
4.17.2026 14:55:53,T1,T2,1.3ft,0.05s
4.17.2026 14:55:53,T0,T1,2.0ft,0.06s
4.17.2026 14:55:53,T0,T2,1.9ft,0.06s
4.17.2026 14:55:53,T1,T2,1.3ft,0.06s
4.17.2026 14:55:53,T0,T1,2.0ft,0.05s
4.17.2026 14:55:53,T0,T2,1.9ft,0.05s
4.17.2026 14:55:53,T1,T2,1.3ft,0.05s
4.17.2026 14:55:53,T0,T1,2.0ft,0.05s
4.17.2026 14:55:53,T0,T2,1.9ft,0.05s
4.17.2026 14:55:53,T1,T2,1.3ft,0.05s
4.17.2026 14:55:53,T0,T1,2.0ft,0.05s
4.17.2026 14:55:53,T0,T2,1.9ft,0.05s
4.17.2026 14:55:53,T1,T2,1.3ft,0.05s
4.17.2026 14:55:53,T0,T1,2.0ft,0.05s
4.17.2026 14:55:53,T0,T2,1.9ft,0.05s
4.17.2026 14:55:53,T1,T2,1.3ft,0.05s
4.17.2026 14:55:53,T0,T1,2.0ft,0.05s
4.17.2026 14:55:53,T0,T2,2.0ft,0.05s
4.17.2026 14:55:53,T1,T2,1.3ft,0.05s
4.17.2026 14:55:54,T0,T1,2.0ft,0.05s
4.17.2026 14:55:54,T0,T2,2.0ft,0.05s
4.17.2026 14:55:54,T1,T2,1.3ft,0.05s
4.17.2026 14:55:54,T0,T1,2.0ft,0.05s
4.17.2026 14:55:54,T0,T2,2.0ft,0.05s
4.17.2026 14:55:54,T1,T2,1.3ft,0.05s
4.17.2026 14:55:54,T0,T1,2.0ft,0.05s
4.17.2026 14:55:54,T0,T2,2.0ft,0.05s
4.17.2026 14:55:54,T1,T2,1.3ft,0.05s
4.17.2026 14:55:54,T0,T1,2.0ft,0.05s
4.17.2026 14:55:54,T0,T2,2.0ft,0.05s
4.17.2026 14:55:54,T1,T2,1.3ft,0.05s
4.17.2026 14:55:54,T0,T1,2.0ft,0.05s
4.17.2026 14:55:54,T0,T2,2.0ft,0.05s
4.17.2026 14:55:54,T1,T2,1.3ft,0.05s
4.17.2026 14:55:54,T0,T1,2.0ft,0.05s
4.17.2026 14:55:54,T0,T2,2.0ft,0.05s
4.17.2026 14:55:54,T1,T2,1.3ft,0.05s
4.17.2026 14:55:54,T0,T1,2.0ft,0.05s
4.17.2026 14:55:54,T0,T2,2.0ft,0.05s
4.17.2026 14:55:54,T1,T2,1.4ft,0.05s
4.17.2026 14:55:54,T0,T1,2.0ft,0.05s
4.17.2026 14:55:54,T0,T2,2.0ft,0.05s
4.17.2026 14:55:54,T1,T2,1.4ft,0.05s
4.17.2026 14:55:54,T0,T1,2.0ft,0.05s
4.17.2026 14:55:54,T0,T2,2.0ft,0.05s
4.17.2026 14:55:54,T1,T2,1.4ft,0.05s
4.17.2026 14:55:54,T0,T1,2.0ft,0.05s
4.17.2026 14:55:54,T0,T2,2.0ft,0.05s
4.17.2026 14:55:54,T1,T2,1.3ft,0.05s
4.17.2026 14:55:54,T0,T1,2.0ft,0.05s
4.17.2026 14:55:54,T0,T2,2.0ft,0.05s
4.17.2026 14:55:54,T1,T2,1.3ft,0.05s
4.17.2026 14:55:54,T0,T1,2.0ft,0.05s
4.17.2026 14:55:54,T0,T2,1.9ft,0.05s
4.17.2026 14:55:54,T1,T2,1.3ft,0.05s
4.17.2026 14:55:54,T0,T1,2.0ft,0.05s
4.17.2026 14:55:54,T0,T2,1.9ft,0.05s
4.17.2026 14:55:54,T1,T2,1.3ft,0.05s
4.17.2026 14:55:54,T0,T1,2.0ft,0.05s
4.17.2026 14:55:54,T0,T2,1.9ft,0.05s
4.17.2026 14:55:54,T1,T2,1.3ft,0.05s
4.17.2026 14:55:54,T0,T1,2.0ft,0.05s
4.17.2026 14:55:54,T0,T2,1.9ft,0.05s
4.17.2026 14:55:54,T1,T2,1.3ft,0.05s
4.17.2026 14:55:54,T0,T1,2.0ft,0.05s
4.17.2026 14:55:54,T0,T2,1.9ft,0.05s
4.17.2026 14:55:54,T1,T2,1.3ft,0.05s
4.17.2026 14:55:54,T0,T1,2.0ft,0.05s
4.17.2026 14:55:54,T0,T2,1.9ft,0.05s
4.17.2026 14:55:54,T1,T2,1.3ft,0.05s
4.17.2026 14:55:54,T0,T1,2.0ft,0.05s
4.17.2026 14:55:54,T0,T2,1.9ft,0.05s
4.17.2026 14:55:54,T1,T2,1.3ft,0.05s
4.17.2026 14:55:54,T0,T1,2.0ft,0.05s
4.17.2026 14:55:54,T0,T2,1.9ft,0.05s
4.17.2026 14:55:54,T1,T2,1.3ft,0.05s
4.17.2026 14:55:54,T0,T1,2.0ft,0.05s
4.17.2026 14:55:54,T0,T2,1.9ft,0.05s
4.17.2026 14:55:54,T1,T2,1.3ft,0.05s
4.17.2026 14:55:55,T0,T1,2.0ft,0.05s
4.17.2026 14:55:55,T0,T2,1.9ft,0.05s
4.17.2026 14:55:55,T1,T2,1.3ft,0.05s
4.17.2026 14:55:55,T0,T1,2.0ft,0.05s
4.17.2026 14:55:55,T0,T2,1.9ft,0.05s
4.17.2026 14:55:55,T1,T2,1.3ft,0.05s
4.17.2026 14:55:55,T0,T1,2.0ft,0.05s
4.17.2026 14:55:55,T0,T2,1.9ft,0.05s
4.17.2026 14:55:55,T1,T2,1.3ft,0.05s
4.17.2026 14:55:55,T0,T1,2.0ft,0.05s
4.17.2026 14:55:55,T0,T2,1.9ft,0.05s
4.17.2026 14:55:55,T1,T2,1.3ft,0.05s
4.17.2026 14:55:55,T0,T1,2.0ft,0.05s
4.17.2026 14:55:55,T0,T2,1.9ft,0.05s
4.17.2026 14:55:55,T1,T2,1.3ft,0.05s
4.17.2026 14:55:55,T0,T1,2.0ft,0.05s
4.17.2026 14:55:55,T0,T2,1.9ft,0.05s
4.17.2026 14:55:55,T1,T2,1.3ft,0.05s
4.17.2026 14:55:55,T0,T1,2.0ft,0.05s
4.17.2026 14:55:55,T0,T2,1.9ft,0.05s
4.17.2026 14:55:55,T1,T2,1.3ft,0.05s
4.17.2026 14:55:55,T0,T1,2.0ft,0.05s
4.17.2026 14:55:55,T0,T2,1.8ft,0.05s
4.17.2026 14:55:55,T1,T2,1.3ft,0.05s
4.17.2026 14:55:55,T0,T1,2.0ft,0.05s
4.17.2026 14:55:55,T0,T2,1.8ft,0.05s
4.17.2026 14:55:55,T1,T2,1.3ft,0.05s
4.17.2026 14:55:55,T0,T1,2.0ft,0.05s
4.17.2026 14:55:55,T0,T2,1.8ft,0.05s
4.17.2026 14:55:55,T1,T2,1.3ft,0.05s
4.17.2026 14:55:55,T0,T1,2.0ft,0.05s
4.17.2026 14:55:55,T0,T2,1.8ft,0.05s
4.17.2026 14:55:55,T1,T2,1.3ft,0.05s
4.17.2026 14:55:55,T0,T1,2.0ft,0.05s
4.17.2026 14:55:55,T0,T2,1.8ft,0.05s
4.17.2026 14:55:55,T1,T2,1.3ft,0.05s
4.17.2026 14:55:55,T0,T1,2.0ft,0.05s
4.17.2026 14:55:55,T0,T2,1.8ft,0.05s
4.17.2026 14:55:55,T1,T2,1.3ft,0.05s
4.17.2026 14:55:55,T0,T1,2.0ft,0.05s
4.17.2026 14:55:55,T0,T2,1.8ft,0.05s
4.17.2026 14:55:55,T1,T2,1.3ft,0.05s
4.17.2026 14:55:55,T0,T1,2.0ft,0.05s
4.17.2026 14:55:55,T0,T2,1.8ft,0.05s
4.17.2026 14:55:55,T1,T2,1.3ft,0.05s
4.17.2026 14:55:55,T0,T1,2.0ft,0.05s
4.17.2026 14:55:55,T0,T2,1.8ft,0.05s
4.17.2026 14:55:55,T1,T2,1.3ft,0.05s
4.17.2026 14:55:55,T0,T1,2.1ft,0.05s
4.17.2026 14:55:55,T0,T2,1.8ft,0.05s
4.17.2026 14:55:55,T1,T2,1.3ft,0.05s
4.17.2026 14:55:55,T0,T1,2.1ft,0.05s
4.17.2026 14:55:55,T0,T2,1.8ft,0.05s
4.17.2026 14:55:55,T1,T2,1.3ft,0.05s
4.17.2026 14:55:55,T0,T1,2.1ft,0.05s
4.17.2026 14:55:55,T0,T2,1.7ft,0.05s
4.17.2026 14:55:55,T1,T2,1.3ft,0.05s
4.17.2026 14:55:56,T0,T1,2.1ft,0.05s
4.17.2026 14:55:56,T0,T2,1.7ft,0.05s
4.17.2026 14:55:56,T1,T2,1.3ft,0.05s
4.17.2026 14:55:56,T0,T1,2.1ft,0.05s
4.17.2026 14:55:56,T0,T2,1.7ft,0.05s
4.17.2026 14:55:56,T1,T2,1.3ft,0.05s
4.17.2026 14:55:56,T0,T1,2.1ft,0.06s
4.17.2026 14:55:56,T0,T2,1.7ft,0.06s
4.17.2026 14:55:56,T1,T2,1.3ft,0.06s
4.17.2026 14:55:56,T0,T1,2.1ft,0.05s
4.17.2026 14:55:56,T0,T2,1.7ft,0.05s
4.17.2026 14:55:56,T1,T2,1.3ft,0.05s
4.17.2026 14:55:56,T0,T1,2.1ft,0.05s
4.17.2026 14:55:56,T0,T2,1.7ft,0.05s
4.17.2026 14:55:56,T1,T2,1.3ft,0.05s
4.17.2026 14:55:56,T0,T1,2.1ft,0.05s
4.17.2026 14:55:56,T0,T2,1.7ft,0.05s
4.17.2026 14:55:56,T1,T2,1.3ft,0.05s
4.17.2026 14:55:56,T0,T1,2.1ft,0.05s
4.17.2026 14:55:56,T0,T2,1.7ft,0.05s
4.17.2026 14:55:56,T1,T2,1.3ft,0.05s
4.17.2026 14:55:56,T0,T1,2.1ft,0.05s
4.17.2026 14:55:56,T0,T2,1.7ft,0.05s
4.17.2026 14:55:56,T1,T2,1.3ft,0.05s
4.17.2026 14:55:56,T0,T1,2.1ft,0.05s
4.17.2026 14:55:56,T0,T2,1.8ft,0.05s
4.17.2026 14:55:56,T1,T2,1.3ft,0.05s
4.17.2026 14:55:56,T0,T1,2.1ft,0.05s
4.17.2026 14:55:56,T0,T2,1.8ft,0.05s
4.17.2026 14:55:56,T1,T2,1.3ft,0.05s
4.17.2026 14:55:56,T0,T1,2.0ft,0.05s
4.17.2026 14:55:56,T0,T2,1.7ft,0.05s
4.17.2026 14:55:56,T1,T2,1.3ft,0.05s
4.17.2026 14:55:56,T0,T1,2.0ft,0.05s
4.17.2026 14:55:56,T0,T2,1.7ft,0.05s
4.17.2026 14:55:56,T1,T2,1.3ft,0.05s
4.17.2026 14:55:56,T0,T1,2.0ft,0.05s
4.17.2026 14:55:56,T0,T2,1.8ft,0.05s
4.17.2026 14:55:56,T1,T2,1.3ft,0.05s
4.17.2026 14:55:56,T0,T1,2.0ft,0.05s
4.17.2026 14:55:56,T0,T2,1.8ft,0.05s
4.17.2026 14:55:56,T1,T2,1.3ft,0.05s
4.17.2026 14:55:56,T0,T1,2.0ft,0.05s
4.17.2026 14:55:56,T0,T2,1.9ft,0.05s
4.17.2026 14:55:56,T1,T2,1.3ft,0.05s
4.17.2026 14:55:56,T0,T1,2.0ft,0.05s
4.17.2026 14:55:56,T0,T2,1.9ft,0.05s
4.17.2026 14:55:56,T1,T2,1.3ft,0.05s
4.17.2026 14:55:56,T0,T1,2.0ft,0.05s
4.17.2026 14:55:56,T0,T2,2.0ft,0.05s
4.17.2026 14:55:56,T1,T2,1.3ft,0.05s
4.17.2026 14:55:56,T0,T1,2.0ft,0.05s
4.17.2026 14:55:56,T0,T2,2.0ft,0.05s
4.17.2026 14:55:56,T1,T2,1.4ft,0.05s
4.17.2026 14:55:56,T0,T1,2.0ft,0.05s
4.17.2026 14:55:56,T0,T2,2.0ft,0.05s
4.17.2026 14:55:56,T1,T2,1.4ft,0.05s
4.17.2026 14:55:56,T0,T1,2.0ft,0.05s
4.17.2026 14:55:56,T0,T2,2.0ft,0.05s
4.17.2026 14:55:56,T1,T2,1.4ft,0.05s
4.17.2026 14:55:57,T0,T1,2.0ft,0.05s
4.17.2026 14:55:57,T0,T2,2.1ft,0.05s
4.17.2026 14:55:57,T1,T2,1.4ft,0.05s
4.17.2026 14:55:57,T0,T1,2.0ft,0.05s
4.17.2026 14:55:57,T0,T2,2.1ft,0.05s
4.17.2026 14:55:57,T1,T2,1.4ft,0.05s
4.17.2026 14:55:57,T0,T1,2.0ft,0.05s
4.17.2026 14:55:57,T0,T2,2.1ft,0.05s
4.17.2026 14:55:57,T1,T2,1.4ft,0.05s
4.17.2026 14:55:57,T0,T1,2.0ft,0.05s
4.17.2026 14:55:57,T0,T2,2.1ft,0.05s
4.17.2026 14:55:57,T1,T2,1.4ft,0.05s
4.17.2026 14:55:57,T0,T1,2.0ft,0.05s
4.17.2026 14:55:57,T0,T2,2.1ft,0.05s
4.17.2026 14:55:57,T1,T2,1.4ft,0.05s
4.17.2026 14:55:57,T0,T1,2.0ft,0.05s
4.17.2026 14:55:57,T0,T2,2.2ft,0.05s
4.17.2026 14:55:57,T1,T2,1.4ft,0.05s
4.17.2026 14:55:57,T0,T1,2.0ft,0.05s
4.17.2026 14:55:57,T0,T2,2.2ft,0.05s
4.17.2026 14:55:57,T1,T2,1.5ft,0.05s
4.17.2026 14:55:57,T0,T1,2.0ft,0.05s
4.17.2026 14:55:57,T0,T2,2.3ft,0.05s
4.17.2026 14:55:57,T1,T2,1.5ft,0.05s
4.17.2026 14:55:57,T0,T1,2.0ft,0.09s
4.17.2026 14:55:57,T0,T2,2.4ft,0.09s
4.17.2026 14:55:57,T1,T2,1.5ft,0.09s
4.17.2026 14:55:57,T0,T1,2.0ft,0.05s
4.17.2026 14:55:57,T0,T2,2.4ft,0.05s
4.17.2026 14:55:57,T1,T2,1.6ft,0.05s
4.17.2026 14:55:57,T0,T1,2.0ft,0.05s
4.17.2026 14:55:57,T0,T2,2.4ft,0.05s
4.17.2026 14:55:57,T1,T2,1.5ft,0.05s
4.17.2026 14:55:57,T0,T1,2.0ft,0.05s
4.17.2026 14:55:57,T0,T2,2.4ft,0.05s
4.17.2026 14:55:57,T1,T2,1.5ft,0.05s
4.17.2026 14:55:57,T0,T1,2.0ft,0.05s
4.17.2026 14:55:57,T0,T2,2.4ft,0.05s
4.17.2026 14:55:57,T1,T2,1.5ft,0.05s
4.17.2026 14:55:57,T0,T1,2.0ft,0.05s
4.17.2026 14:55:57,T0,T2,2.3ft,0.05s
4.17.2026 14:55:57,T1,T2,1.5ft,0.05s
4.17.2026 14:55:57,T0,T1,2.0ft,0.05s
4.17.2026 14:55:57,T0,T2,2.3ft,0.05s
4.17.2026 14:55:57,T1,T2,1.5ft,0.05s
4.17.2026 14:55:57,T0,T1,2.0ft,0.05s
4.17.2026 14:55:57,T0,T2,2.3ft,0.05s
4.17.2026 14:55:57,T1,T2,1.5ft,0.05s
4.17.2026 14:55:57,T0,T1,2.0ft,0.05s
4.17.2026 14:55:57,T0,T2,2.3ft,0.05s
4.17.2026 14:55:57,T1,T2,1.5ft,0.05s
4.17.2026 14:55:57,T0,T1,2.0ft,0.05s
4.17.2026 14:55:57,T0,T2,2.3ft,0.05s
4.17.2026 14:55:57,T1,T2,1.5ft,0.05s
4.17.2026 14:55:57,T0,T1,2.0ft,0.05s
4.17.2026 14:55:57,T0,T2,2.3ft,0.05s
4.17.2026 14:55:57,T1,T2,1.5ft,0.05s
4.17.2026 14:55:58,T0,T1,2.0ft,0.05s
4.17.2026 14:55:58,T0,T2,2.3ft,0.05s
4.17.2026 14:55:58,T1,T2,1.5ft,0.05s
4.17.2026 14:55:58,T0,T1,2.0ft,0.05s
4.17.2026 14:55:58,T0,T2,2.4ft,0.05s
4.17.2026 14:55:58,T1,T2,1.5ft,0.05s
4.17.2026 14:55:58,T0,T1,2.0ft,0.05s
4.17.2026 14:55:58,T0,T2,2.4ft,0.05s
4.17.2026 14:55:58,T1,T2,1.5ft,0.05s
4.17.2026 14:55:58,T0,T1,2.0ft,0.05s
4.17.2026 14:55:58,T0,T2,2.4ft,0.05s
4.17.2026 14:55:58,T1,T2,1.5ft,0.05s
4.17.2026 14:55:58,T0,T1,2.0ft,0.05s
4.17.2026 14:55:58,T0,T2,2.3ft,0.05s
4.17.2026 14:55:58,T1,T2,1.5ft,0.05s
4.17.2026 14:55:58,T0,T1,2.0ft,0.05s
4.17.2026 14:55:58,T0,T2,2.3ft,0.05s
4.17.2026 14:55:58,T1,T2,1.5ft,0.05s
4.17.2026 14:55:58,T0,T1,2.0ft,0.05s
4.17.2026 14:55:58,T0,T2,2.3ft,0.05s
4.17.2026 14:55:58,T1,T2,1.5ft,0.05s
4.17.2026 14:55:58,T0,T1,2.0ft,0.05s
4.17.2026 14:55:58,T0,T2,2.2ft,0.05s
4.17.2026 14:55:58,T1,T2,1.4ft,0.05s
4.17.2026 14:55:58,T0,T1,2.0ft,0.05s
4.17.2026 14:55:58,T0,T2,2.2ft,0.05s
4.17.2026 14:55:58,T1,T2,1.4ft,0.05s
4.17.2026 14:55:58,T0,T1,2.0ft,0.05s
4.17.2026 14:55:58,T0,T2,2.2ft,0.05s
4.17.2026 14:55:58,T1,T2,1.4ft,0.05s
4.17.2026 14:55:58,T0,T1,2.0ft,0.05s
4.17.2026 14:55:58,T0,T2,2.2ft,0.05s
4.17.2026 14:55:58,T1,T2,1.4ft,0.05s
4.17.2026 14:55:58,T0,T1,2.0ft,0.05s
4.17.2026 14:55:58,T0,T2,2.1ft,0.05s
4.17.2026 14:55:58,T1,T2,1.4ft,0.05s
4.17.2026 14:55:58,T0,T1,2.0ft,0.05s
4.17.2026 14:55:58,T0,T2,2.1ft,0.05s
4.17.2026 14:55:58,T1,T2,1.4ft,0.05s
4.17.2026 14:55:58,T0,T1,2.0ft,0.05s
4.17.2026 14:55:58,T0,T2,2.1ft,0.05s
4.17.2026 14:55:58,T1,T2,1.4ft,0.05s
4.17.2026 14:55:58,T0,T1,2.0ft,0.05s
4.17.2026 14:55:58,T0,T2,2.1ft,0.05s
4.17.2026 14:55:58,T1,T2,1.4ft,0.05s
4.17.2026 14:55:58,T0,T1,2.0ft,0.05s
4.17.2026 14:55:58,T0,T2,2.1ft,0.05s
4.17.2026 14:55:58,T1,T2,1.4ft,0.05s
4.17.2026 14:55:58,T0,T1,2.0ft,0.05s
4.17.2026 14:55:58,T0,T2,2.1ft,0.05s
4.17.2026 14:55:58,T1,T2,1.4ft,0.05s
4.17.2026 14:55:58,T0,T1,2.0ft,0.05s
4.17.2026 14:55:58,T0,T2,2.1ft,0.05s
4.17.2026 14:55:58,T1,T2,1.4ft,0.05s
4.17.2026 14:55:58,T0,T1,2.0ft,0.05s
4.17.2026 14:55:58,T0,T2,2.1ft,0.05s
4.17.2026 14:55:58,T1,T2,1.4ft,0.05s
4.17.2026 14:55:59,T0,T1,2.0ft,0.05s
4.17.2026 14:55:59,T0,T2,2.1ft,0.05s
4.17.2026 14:55:59,T1,T2,1.4ft,0.05s
4.17.2026 14:55:59,T0,T1,2.1ft,0.05s
4.17.2026 14:55:59,T0,T2,2.2ft,0.05s
4.17.2026 14:55:59,T1,T2,1.4ft,0.05s
4.17.2026 14:55:59,T0,T1,2.1ft,0.05s
4.17.2026 14:55:59,T0,T2,2.2ft,0.05s
4.17.2026 14:55:59,T1,T2,1.4ft,0.05s
4.17.2026 14:55:59,T0,T1,2.1ft,0.05s
4.17.2026 14:55:59,T0,T2,2.2ft,0.05s
4.17.2026 14:55:59,T1,T2,1.4ft,0.05s
4.17.2026 14:55:59,T0,T1,2.1ft,0.05s
4.17.2026 14:55:59,T0,T2,2.2ft,0.05s
4.17.2026 14:55:59,T1,T2,1.4ft,0.05s
4.17.2026 14:55:59,T0,T1,2.1ft,0.05s
4.17.2026 14:55:59,T0,T2,2.2ft,0.05s
4.17.2026 14:55:59,T1,T2,1.4ft,0.05s
4.17.2026 14:55:59,T0,T1,2.0ft,0.05s
4.17.2026 14:55:59,T0,T2,2.1ft,0.05s
4.17.2026 14:55:59,T1,T2,1.4ft,0.05s
4.17.2026 14:55:59,T0,T1,2.0ft,0.05s
4.17.2026 14:55:59,T0,T2,2.1ft,0.05s
4.17.2026 14:55:59,T1,T2,1.4ft,0.05s
4.17.2026 14:55:59,T0,T1,2.0ft,0.05s
4.17.2026 14:55:59,T0,T2,2.1ft,0.05s
4.17.2026 14:55:59,T1,T2,1.4ft,0.05s
4.17.2026 14:55:59,T0,T1,2.0ft,0.05s
4.17.2026 14:55:59,T0,T2,2.1ft,0.05s
4.17.2026 14:55:59,T1,T2,1.4ft,0.05s
4.17.2026 14:55:59,T0,T1,2.0ft,0.05s
4.17.2026 14:55:59,T0,T2,2.1ft,0.05s
4.17.2026 14:55:59,T1,T2,1.4ft,0.05s
4.17.2026 14:55:59,T0,T1,2.0ft,0.05s
4.17.2026 14:55:59,T0,T2,2.1ft,0.05s
4.17.2026 14:55:59,T1,T2,1.4ft,0.05s
4.17.2026 14:55:59,T0,T1,2.0ft,0.05s
4.17.2026 14:55:59,T0,T2,2.1ft,0.05s
4.17.2026 14:55:59,T1,T2,1.4ft,0.05s
4.17.2026 14:55:59,T0,T1,2.0ft,0.05s
4.17.2026 14:55:59,T0,T2,2.1ft,0.05s
4.17.2026 14:55:59,T1,T2,1.4ft,0.05s
4.17.2026 14:55:59,T0,T1,2.0ft,0.05s
4.17.2026 14:55:59,T0,T2,2.1ft,0.05s
4.17.2026 14:55:59,T1,T2,1.4ft,0.05s
4.17.2026 14:55:59,T0,T1,2.0ft,0.05s
4.17.2026 14:55:59,T0,T2,2.1ft,0.05s
4.17.2026 14:55:59,T1,T2,1.4ft,0.05s
4.17.2026 14:55:59,T0,T1,2.0ft,0.05s
4.17.2026 14:55:59,T0,T2,2.1ft,0.05s
4.17.2026 14:55:59,T1,T2,1.4ft,0.05s
4.17.2026 14:55:59,T0,T1,2.0ft,0.05s
4.17.2026 14:55:59,T0,T2,2.0ft,0.05s
4.17.2026 14:55:59,T1,T2,1.4ft,0.05s
4.17.2026 14:55:59,T0,T1,1.9ft,0.05s
4.17.2026 14:55:59,T0,T2,2.0ft,0.05s
4.17.2026 14:55:59,T1,T2,1.4ft,0.05s
4.17.2026 14:55:59,T0,T1,1.9ft,0.05s
4.17.2026 14:55:59,T0,T2,2.0ft,0.05s
4.17.2026 14:55:59,T1,T2,1.4ft,0.05s
4.17.2026 14:56:00,T0,T1,1.9ft,0.05s
4.17.2026 14:56:00,T0,T2,2.0ft,0.05s
4.17.2026 14:56:00,T1,T2,1.4ft,0.05s
4.17.2026 14:56:00,T0,T1,1.9ft,0.05s
4.17.2026 14:56:00,T0,T2,1.9ft,0.05s
4.17.2026 14:56:00,T1,T2,1.3ft,0.05s
4.17.2026 14:56:00,T0,T1,1.9ft,0.05s
4.17.2026 14:56:00,T0,T2,1.9ft,0.05s
4.17.2026 14:56:00,T1,T2,1.3ft,0.05s
4.17.2026 14:56:00,T0,T1,1.9ft,0.05s
4.17.2026 14:56:00,T0,T2,1.9ft,0.05s
4.17.2026 14:56:00,T1,T2,1.3ft,0.05s
4.17.2026 14:56:00,T0,T1,1.9ft,0.05s
4.17.2026 14:56:00,T0,T2,1.9ft,0.05s
4.17.2026 14:56:00,T1,T2,1.3ft,0.05s
4.17.2026 14:56:00,T0,T1,1.9ft,0.05s
4.17.2026 14:56:00,T0,T2,1.9ft,0.05s
4.17.2026 14:56:00,T1,T2,1.3ft,0.05s
4.17.2026 14:56:00,T0,T1,1.9ft,0.05s
4.17.2026 14:56:00,T0,T2,1.9ft,0.05s
4.17.2026 14:56:00,T1,T2,1.3ft,0.05s
4.17.2026 14:56:00,T0,T1,2.0ft,0.05s
4.17.2026 14:56:00,T0,T2,1.9ft,0.05s
4.17.2026 14:56:00,T1,T2,1.3ft,0.05s
4.17.2026 14:56:00,T0,T1,2.0ft,0.05s
4.17.2026 14:56:00,T0,T2,1.9ft,0.05s
4.17.2026 14:56:00,T1,T2,1.4ft,0.05s
4.17.2026 14:56:00,T0,T1,2.0ft,0.05s
4.17.2026 14:56:00,T0,T2,1.9ft,0.05s
4.17.2026 14:56:00,T1,T2,1.4ft,0.05s
4.17.2026 14:56:00,T0,T1,2.0ft,0.05s
4.17.2026 14:56:00,T0,T2,2.0ft,0.05s
4.17.2026 14:56:00,T1,T2,1.4ft,0.05s
4.17.2026 14:56:00,T0,T1,2.0ft,0.05s
4.17.2026 14:56:00,T0,T2,2.0ft,0.05s
4.17.2026 14:56:00,T1,T2,1.4ft,0.05s
4.17.2026 14:56:00,T0,T1,2.0ft,0.05s
4.17.2026 14:56:00,T0,T2,2.0ft,0.05s
4.17.2026 14:56:00,T1,T2,1.4ft,0.05s
4.17.2026 14:56:00,T0,T1,2.0ft,0.05s
4.17.2026 14:56:00,T0,T2,2.0ft,0.05s
4.17.2026 14:56:00,T1,T2,1.4ft,0.05s
4.17.2026 14:56:00,T0,T1,2.0ft,0.06s
4.17.2026 14:56:00,T0,T2,2.1ft,0.06s
4.17.2026 14:56:00,T1,T2,1.4ft,0.06s
4.17.2026 14:56:00,T0,T1,2.0ft,0.05s
4.17.2026 14:56:00,T0,T2,2.1ft,0.05s
4.17.2026 14:56:00,T1,T2,1.4ft,0.05s
4.17.2026 14:56:00,T0,T1,2.0ft,0.05s
4.17.2026 14:56:00,T0,T2,2.1ft,0.05s
4.17.2026 14:56:00,T1,T2,1.4ft,0.05s
4.17.2026 14:56:00,T0,T1,2.0ft,0.06s
4.17.2026 14:56:00,T0,T2,2.1ft,0.06s
4.17.2026 14:56:00,T1,T2,1.4ft,0.06s
4.17.2026 14:56:00,T0,T1,2.0ft,0.05s
4.17.2026 14:56:00,T0,T2,2.1ft,0.05s
4.17.2026 14:56:00,T1,T2,1.4ft,0.05s
4.17.2026 14:56:01,T0,T1,2.0ft,0.05s
4.17.2026 14:56:01,T0,T2,2.1ft,0.05s
4.17.2026 14:56:01,T1,T2,1.4ft,0.05s
4.17.2026 14:56:01,T0,T1,2.0ft,0.05s
4.17.2026 14:56:01,T0,T2,2.1ft,0.05s
4.17.2026 14:56:01,T1,T2,1.5ft,0.05s
4.17.2026 14:56:01,T0,T1,2.0ft,0.05s
4.17.2026 14:56:01,T0,T2,2.1ft,0.05s
4.17.2026 14:56:01,T1,T2,1.5ft,0.05s
4.17.2026 14:56:01,T0,T1,2.0ft,0.05s
4.17.2026 14:56:01,T0,T2,2.1ft,0.05s
4.17.2026 14:56:01,T1,T2,1.5ft,0.05s
4.17.2026 14:56:01,T0,T1,2.0ft,0.05s
4.17.2026 14:56:01,T0,T2,2.1ft,0.05s
4.17.2026 14:56:01,T1,T2,1.5ft,0.05s
4.17.2026 14:56:01,T0,T1,2.0ft,0.05s
4.17.2026 14:56:01,T0,T2,2.1ft,0.05s
4.17.2026 14:56:01,T1,T2,1.5ft,0.05s
4.17.2026 14:56:01,T0,T1,2.0ft,0.05s
4.17.2026 14:56:01,T0,T2,2.1ft,0.05s
4.17.2026 14:56:01,T1,T2,1.5ft,0.05s
4.17.2026 14:56:01,T0,T1,2.0ft,0.05s
4.17.2026 14:56:01,T0,T2,2.1ft,0.05s
4.17.2026 14:56:01,T1,T2,1.5ft,0.05s
4.17.2026 14:56:01,T0,T1,2.0ft,0.05s
4.17.2026 14:56:01,T0,T2,2.1ft,0.05s
4.17.2026 14:56:01,T1,T2,1.5ft,0.05s
4.17.2026 14:56:01,T0,T1,2.0ft,0.06s
4.17.2026 14:56:01,T0,T2,2.1ft,0.06s
4.17.2026 14:56:01,T1,T2,1.5ft,0.06s
4.17.2026 14:56:01,T0,T1,2.0ft,0.05s
4.17.2026 14:56:01,T0,T2,2.1ft,0.05s
4.17.2026 14:56:01,T1,T2,1.4ft,0.05s
4.17.2026 14:56:01,T0,T1,2.0ft,0.05s
4.17.2026 14:56:01,T0,T2,2.1ft,0.05s
4.17.2026 14:56:01,T1,T2,1.4ft,0.05s
4.17.2026 14:56:01,T0,T1,2.0ft,0.06s
4.17.2026 14:56:01,T0,T2,2.1ft,0.06s
4.17.2026 14:56:01,T1,T2,1.4ft,0.06s
4.17.2026 14:56:01,T0,T1,2.0ft,0.05s
4.17.2026 14:56:01,T0,T2,2.2ft,0.05s
4.17.2026 14:56:01,T1,T2,1.4ft,0.05s
4.17.2026 14:56:01,T0,T1,2.0ft,0.05s
4.17.2026 14:56:01,T0,T2,2.2ft,0.05s
4.17.2026 14:56:01,T1,T2,1.5ft,0.05s
4.17.2026 14:56:01,T0,T1,2.0ft,0.05s
4.17.2026 14:56:01,T0,T2,2.2ft,0.05s
4.17.2026 14:56:01,T1,T2,1.5ft,0.05s
4.17.2026 14:56:01,T0,T1,2.0ft,0.05s
4.17.2026 14:56:01,T0,T2,2.2ft,0.05s
4.17.2026 14:56:01,T1,T2,1.5ft,0.05s
4.17.2026 14:56:01,T0,T1,2.0ft,0.05s
4.17.2026 14:56:01,T0,T2,2.3ft,0.05s
4.17.2026 14:56:01,T1,T2,1.5ft,0.05s
4.17.2026 14:56:01,T0,T1,2.0ft,0.05s
4.17.2026 14:56:01,T0,T2,2.3ft,0.05s
4.17.2026 14:56:01,T1,T2,1.5ft,0.05s
4.17.2026 14:56:01,T0,T1,2.0ft,0.05s
4.17.2026 14:56:01,T0,T2,2.3ft,0.05s
4.17.2026 14:56:01,T1,T2,1.5ft,0.05s
4.17.2026 14:56:02,T0,T1,2.0ft,0.05s
4.17.2026 14:56:02,T0,T2,2.3ft,0.05s
4.17.2026 14:56:02,T1,T2,1.5ft,0.05s
4.17.2026 14:56:02,T0,T1,2.0ft,0.05s
4.17.2026 14:56:02,T0,T2,2.3ft,0.05s
4.17.2026 14:56:02,T1,T2,1.5ft,0.05s
4.17.2026 14:56:02,T0,T1,2.0ft,0.05s
4.17.2026 14:56:02,T0,T2,2.3ft,0.05s
4.17.2026 14:56:02,T1,T2,1.5ft,0.05s
4.17.2026 14:56:02,T0,T1,2.0ft,0.05s
4.17.2026 14:56:02,T0,T2,2.3ft,0.05s
4.17.2026 14:56:02,T1,T2,1.5ft,0.05s
4.17.2026 14:56:02,T0,T1,2.0ft,0.05s
4.17.2026 14:56:02,T0,T2,2.3ft,0.05s
4.17.2026 14:56:02,T1,T2,1.5ft,0.05s
4.17.2026 14:56:02,T0,T1,2.0ft,0.05s
4.17.2026 14:56:02,T0,T2,2.3ft,0.05s
4.17.2026 14:56:02,T1,T2,1.4ft,0.05s
4.17.2026 14:56:02,T0,T1,2.0ft,0.06s
4.17.2026 14:56:02,T0,T2,2.3ft,0.06s
4.17.2026 14:56:02,T1,T2,1.4ft,0.06s
4.17.2026 14:56:02,T0,T1,2.0ft,0.05s
4.17.2026 14:56:02,T0,T2,2.3ft,0.05s
4.17.2026 14:56:02,T1,T2,1.4ft,0.05s
4.17.2026 14:56:02,T0,T1,2.0ft,0.05s
4.17.2026 14:56:02,T0,T2,2.3ft,0.05s
4.17.2026 14:56:02,T1,T2,1.4ft,0.05s
4.17.2026 14:56:02,T0,T1,2.0ft,0.05s
4.17.2026 14:56:02,T0,T2,2.3ft,0.05s
4.17.2026 14:56:02,T1,T2,1.5ft,0.05s
4.17.2026 14:56:02,T0,T1,2.0ft,0.05s
4.17.2026 14:56:02,T0,T2,2.3ft,0.05s
4.17.2026 14:56:02,T1,T2,1.5ft,0.05s
4.17.2026 14:56:02,T0,T1,2.0ft,0.05s
4.17.2026 14:56:02,T0,T2,2.3ft,0.05s
4.17.2026 14:56:02,T1,T2,1.5ft,0.05s
4.17.2026 14:56:02,T0,T1,2.0ft,0.05s
4.17.2026 14:56:02,T0,T2,2.4ft,0.05s
4.17.2026 14:56:02,T1,T2,1.5ft,0.05s
4.17.2026 14:56:02,T0,T1,2.0ft,0.05s
4.17.2026 14:56:02,T0,T2,2.4ft,0.05s
4.17.2026 14:56:02,T1,T2,1.5ft,0.05s
4.17.2026 14:56:02,T0,T1,2.0ft,0.05s
4.17.2026 14:56:02,T0,T2,2.4ft,0.05s
4.17.2026 14:56:02,T1,T2,1.5ft,0.05s
4.17.2026 14:56:02,T0,T1,2.0ft,0.05s
4.17.2026 14:56:02,T0,T2,2.4ft,0.05s
4.17.2026 14:56:02,T1,T2,1.5ft,0.05s
4.17.2026 14:56:02,T0,T1,2.0ft,0.05s
4.17.2026 14:56:02,T0,T2,2.4ft,0.05s
4.17.2026 14:56:02,T1,T2,1.5ft,0.05s
4.17.2026 14:56:02,T0,T1,2.0ft,0.05s
4.17.2026 14:56:02,T0,T2,2.3ft,0.05s
4.17.2026 14:56:02,T1,T2,1.5ft,0.05s
4.17.2026 14:56:02,T0,T1,2.0ft,0.05s
4.17.2026 14:56:02,T0,T2,2.3ft,0.05s
4.17.2026 14:56:02,T1,T2,1.4ft,0.05s
4.17.2026 14:56:03,T0,T1,2.0ft,0.05s
4.17.2026 14:56:03,T0,T2,2.2ft,0.05s
4.17.2026 14:56:03,T1,T2,1.4ft,0.05s
4.17.2026 14:56:03,T0,T1,2.0ft,0.05s
4.17.2026 14:56:03,T0,T2,2.2ft,0.05s
4.17.2026 14:56:03,T1,T2,1.4ft,0.05s
4.17.2026 14:56:03,T0,T1,2.0ft,0.05s
4.17.2026 14:56:03,T0,T2,2.1ft,0.05s
4.17.2026 14:56:03,T1,T2,1.4ft,0.05s
4.17.2026 14:56:03,T0,T1,2.0ft,0.05s
4.17.2026 14:56:03,T0,T2,2.1ft,0.05s
4.17.2026 14:56:03,T1,T2,1.3ft,0.05s
4.17.2026 14:56:03,T0,T1,2.0ft,0.05s
4.17.2026 14:56:03,T0,T2,2.1ft,0.05s
4.17.2026 14:56:03,T1,T2,1.3ft,0.05s
4.17.2026 14:56:03,T0,T1,2.0ft,0.05s
4.17.2026 14:56:03,T0,T2,2.0ft,0.05s
4.17.2026 14:56:03,T1,T2,1.3ft,0.05s
4.17.2026 14:56:03,T0,T1,2.0ft,0.05s
4.17.2026 14:56:03,T0,T2,2.0ft,0.05s
4.17.2026 14:56:03,T1,T2,1.3ft,0.05s
4.17.2026 14:56:03,T0,T1,2.0ft,0.05s
4.17.2026 14:56:03,T0,T2,2.0ft,0.05s
4.17.2026 14:56:03,T1,T2,1.3ft,0.05s
4.17.2026 14:56:03,T0,T1,2.0ft,0.05s
4.17.2026 14:56:03,T0,T2,1.9ft,0.05s
4.17.2026 14:56:03,T1,T2,1.3ft,0.05s
4.17.2026 14:56:03,T0,T1,2.0ft,0.05s
4.17.2026 14:56:03,T0,T2,1.9ft,0.05s
4.17.2026 14:56:03,T1,T2,1.2ft,0.05s
4.17.2026 14:56:03,T0,T1,2.0ft,0.05s
4.17.2026 14:56:03,T0,T2,1.9ft,0.05s
4.17.2026 14:56:03,T1,T2,1.2ft,0.05s
4.17.2026 14:56:03,T0,T1,2.0ft,0.05s
4.17.2026 14:56:03,T0,T2,1.9ft,0.05s
4.17.2026 14:56:03,T1,T2,1.2ft,0.05s
4.17.2026 14:56:03,T0,T1,2.0ft,0.05s
4.17.2026 14:56:03,T0,T2,1.8ft,0.05s
4.17.2026 14:56:03,T1,T2,1.2ft,0.05s
4.17.2026 14:56:03,T0,T1,2.0ft,0.05s
4.17.2026 14:56:03,T0,T2,1.9ft,0.05s
4.17.2026 14:56:03,T1,T2,1.2ft,0.05s
4.17.2026 14:56:03,T0,T1,2.0ft,0.05s
4.17.2026 14:56:03,T0,T2,1.9ft,0.05s
4.17.2026 14:56:03,T1,T2,1.2ft,0.05s
4.17.2026 14:56:03,T0,T1,2.0ft,0.05s
4.17.2026 14:56:03,T0,T2,1.9ft,0.05s
4.17.2026 14:56:03,T1,T2,1.3ft,0.05s
4.17.2026 14:56:03,T0,T1,2.0ft,0.05s
4.17.2026 14:56:03,T0,T2,1.9ft,0.05s
4.17.2026 14:56:03,T1,T2,1.3ft,0.05s
4.17.2026 14:56:03,T0,T1,2.0ft,0.05s
4.17.2026 14:56:03,T0,T2,1.9ft,0.05s
4.17.2026 14:56:03,T1,T2,1.3ft,0.05s
4.17.2026 14:56:03,T0,T1,2.0ft,0.05s
4.17.2026 14:56:03,T0,T2,1.9ft,0.05s
4.17.2026 14:56:03,T1,T2,1.3ft,0.05s
4.17.2026 14:56:03,T0,T1,2.0ft,0.05s
4.17.2026 14:56:03,T0,T2,1.9ft,0.05s
4.17.2026 14:56:03,T1,T2,1.3ft,0.05s
4.17.2026 14:56:04,T0,T1,2.0ft,0.05s
4.17.2026 14:56:04,T0,T2,1.9ft,0.05s
4.17.2026 14:56:04,T1,T2,1.3ft,0.05s
4.17.2026 14:56:04,T0,T1,2.0ft,0.05s
4.17.2026 14:56:04,T0,T2,1.9ft,0.05s
4.17.2026 14:56:04,T1,T2,1.3ft,0.05s
4.17.2026 14:56:04,T0,T1,2.0ft,0.05s
4.17.2026 14:56:04,T0,T2,2.0ft,0.05s
4.17.2026 14:56:04,T1,T2,1.3ft,0.05s
4.17.2026 14:56:04,T0,T1,2.0ft,0.05s
4.17.2026 14:56:04,T0,T2,2.0ft,0.05s
4.17.2026 14:56:04,T1,T2,1.3ft,0.05s
4.17.2026 14:56:04,T0,T1,2.0ft,0.05s
4.17.2026 14:56:04,T0,T2,2.0ft,0.05s
4.17.2026 14:56:04,T1,T2,1.3ft,0.05s
4.17.2026 14:56:04,T0,T1,2.0ft,0.05s
4.17.2026 14:56:04,T0,T2,2.0ft,0.05s
4.17.2026 14:56:04,T1,T2,1.3ft,0.05s
4.17.2026 14:56:04,T0,T1,2.0ft,0.06s
4.17.2026 14:56:04,T0,T2,2.0ft,0.06s
4.17.2026 14:56:04,T1,T2,1.3ft,0.06s
4.17.2026 14:56:04,T0,T1,2.0ft,0.05s
4.17.2026 14:56:04,T0,T2,2.0ft,0.05s
4.17.2026 14:56:04,T1,T2,1.3ft,0.05s
4.17.2026 14:56:04,T0,T1,2.0ft,0.05s
4.17.2026 14:56:04,T0,T2,1.9ft,0.05s
4.17.2026 14:56:04,T1,T2,1.3ft,0.05s
4.17.2026 14:56:04,T0,T1,2.0ft,0.05s
4.17.2026 14:56:04,T0,T2,1.9ft,0.05s
4.17.2026 14:56:04,T1,T2,1.3ft,0.05s
4.17.2026 14:56:04,T0,T1,2.0ft,0.05s
4.17.2026 14:56:04,T0,T2,1.9ft,0.05s
4.17.2026 14:56:04,T1,T2,1.3ft,0.05s
4.17.2026 14:56:04,T0,T1,2.0ft,0.05s
4.17.2026 14:56:04,T0,T2,1.9ft,0.05s
4.17.2026 14:56:04,T1,T2,1.3ft,0.05s
4.17.2026 14:56:04,T0,T1,2.0ft,0.05s
4.17.2026 14:56:04,T0,T2,1.9ft,0.05s
4.17.2026 14:56:04,T1,T2,1.3ft,0.05s
4.17.2026 14:56:04,T0,T1,2.0ft,0.05s
4.17.2026 14:56:04,T0,T2,1.9ft,0.05s
4.17.2026 14:56:04,T1,T2,1.3ft,0.05s
4.17.2026 14:56:04,T0,T1,2.0ft,0.05s
4.17.2026 14:56:04,T0,T2,1.9ft,0.05s
4.17.2026 14:56:04,T1,T2,1.3ft,0.05s
4.17.2026 14:56:04,T0,T1,2.0ft,0.05s
4.17.2026 14:56:04,T0,T2,2.0ft,0.05s
4.17.2026 14:56:04,T1,T2,1.3ft,0.05s
4.17.2026 14:56:04,T0,T1,2.0ft,0.05s
4.17.2026 14:56:04,T0,T2,2.0ft,0.05s
4.17.2026 14:56:04,T1,T2,1.3ft,0.05s
4.17.2026 14:56:04,T0,T1,2.0ft,0.05s
4.17.2026 14:56:04,T0,T2,2.0ft,0.05s
4.17.2026 14:56:04,T1,T2,1.3ft,0.05s
4.17.2026 14:56:04,T0,T1,2.0ft,0.05s
4.17.2026 14:56:04,T0,T2,2.0ft,0.05s
4.17.2026 14:56:04,T1,T2,1.3ft,0.05s
4.17.2026 14:56:05,T0,T1,2.0ft,0.05s
4.17.2026 14:56:05,T0,T2,2.0ft,0.05s
4.17.2026 14:56:05,T1,T2,1.3ft,0.05s
4.17.2026 14:56:05,T0,T1,2.0ft,0.05s
4.17.2026 14:56:05,T0,T2,2.0ft,0.05s
4.17.2026 14:56:05,T1,T2,1.3ft,0.05s
4.17.2026 14:56:05,T0,T1,2.0ft,0.05s
4.17.2026 14:56:05,T0,T2,2.0ft,0.05s
4.17.2026 14:56:05,T1,T2,1.3ft,0.05s
4.17.2026 14:56:05,T0,T1,2.0ft,0.05s
4.17.2026 14:56:05,T0,T2,2.0ft,0.05s
4.17.2026 14:56:05,T1,T2,1.3ft,0.05s
4.17.2026 14:56:05,T0,T1,2.0ft,0.05s
4.17.2026 14:56:05,T0,T2,2.1ft,0.05s
4.17.2026 14:56:05,T1,T2,1.4ft,0.05s
4.17.2026 14:56:05,T0,T1,2.0ft,0.05s
4.17.2026 14:56:05,T0,T2,2.1ft,0.05s
4.17.2026 14:56:05,T1,T2,1.4ft,0.05s
4.17.2026 14:56:05,T0,T1,2.0ft,0.05s
4.17.2026 14:56:05,T0,T2,2.1ft,0.05s
4.17.2026 14:56:05,T1,T2,1.3ft,0.05s
4.17.2026 14:56:05,T0,T1,2.0ft,0.05s
4.17.2026 14:56:05,T0,T2,2.1ft,0.05s
4.17.2026 14:56:05,T1,T2,1.3ft,0.05s
4.17.2026 14:56:05,T0,T1,2.0ft,0.05s
4.17.2026 14:56:05,T0,T2,2.1ft,0.05s
4.17.2026 14:56:05,T1,T2,1.3ft,0.05s
4.17.2026 14:56:05,T0,T1,2.0ft,0.06s
4.17.2026 14:56:05,T0,T2,2.1ft,0.06s
4.17.2026 14:56:05,T1,T2,1.3ft,0.06s
4.17.2026 14:56:05,T0,T1,2.0ft,0.05s
4.17.2026 14:56:05,T0,T2,2.0ft,0.05s
4.17.2026 14:56:05,T1,T2,1.3ft,0.05s
4.17.2026 14:56:05,T0,T1,2.0ft,0.05s
4.17.2026 14:56:05,T0,T2,2.0ft,0.05s
4.17.2026 14:56:05,T1,T2,1.3ft,0.05s
4.17.2026 14:56:05,T0,T1,2.0ft,0.06s
4.17.2026 14:56:05,T0,T2,2.0ft,0.06s
4.17.2026 14:56:05,T1,T2,1.3ft,0.06s
4.17.2026 14:56:05,T0,T1,2.0ft,0.05s
4.17.2026 14:56:05,T0,T2,2.0ft,0.05s
4.17.2026 14:56:05,T1,T2,1.3ft,0.05s
4.17.2026 14:56:05,T0,T1,2.0ft,0.05s
4.17.2026 14:56:05,T0,T2,2.0ft,0.05s
4.17.2026 14:56:05,T1,T2,1.3ft,0.05s
4.17.2026 14:56:05,T0,T1,2.0ft,0.05s
4.17.2026 14:56:05,T0,T2,2.0ft,0.05s
4.17.2026 14:56:05,T1,T2,1.3ft,0.05s
4.17.2026 14:56:05,T0,T1,2.0ft,0.05s
4.17.2026 14:56:05,T0,T2,2.0ft,0.05s
4.17.2026 14:56:05,T1,T2,1.3ft,0.05s
4.17.2026 14:56:05,T0,T1,2.0ft,0.05s
4.17.2026 14:56:05,T0,T2,2.0ft,0.05s
4.17.2026 14:56:05,T1,T2,1.3ft,0.05s
4.17.2026 14:56:05,T0,T1,2.0ft,0.05s
4.17.2026 14:56:05,T0,T2,2.0ft,0.05s
4.17.2026 14:56:05,T1,T2,1.3ft,0.05s
4.17.2026 14:56:05,T0,T1,2.0ft,0.05s
4.17.2026 14:56:05,T0,T2,2.0ft,0.05s
4.17.2026 14:56:05,T1,T2,1.2ft,0.05s
4.17.2026 14:56:06,T0,T1,2.0ft,0.05s
4.17.2026 14:56:06,T0,T2,1.9ft,0.05s
4.17.2026 14:56:06,T1,T2,1.2ft,0.05s
4.17.2026 14:56:06,T0,T1,2.0ft,0.05s
4.17.2026 14:56:06,T0,T2,1.9ft,0.05s
4.17.2026 14:56:06,T1,T2,1.2ft,0.05s
4.17.2026 14:56:06,T0,T1,2.0ft,0.05s
4.17.2026 14:56:06,T0,T2,1.9ft,0.05s
4.17.2026 14:56:06,T1,T2,1.2ft,0.05s
4.17.2026 14:56:06,T0,T1,2.0ft,0.05s
4.17.2026 14:56:06,T0,T2,1.9ft,0.05s
4.17.2026 14:56:06,T1,T2,1.2ft,0.05s
4.17.2026 14:56:06,T0,T1,2.0ft,0.05s
4.17.2026 14:56:06,T0,T2,1.9ft,0.05s
4.17.2026 14:56:06,T1,T2,1.2ft,0.05s
4.17.2026 14:56:06,T0,T1,2.0ft,0.05s
4.17.2026 14:56:06,T0,T2,1.9ft,0.05s
4.17.2026 14:56:06,T1,T2,1.2ft,0.05s
4.17.2026 14:56:06,T0,T1,2.0ft,0.05s
4.17.2026 14:56:06,T0,T2,1.9ft,0.05s
4.17.2026 14:56:06,T1,T2,1.2ft,0.05s
4.17.2026 14:56:06,T0,T1,2.0ft,0.05s
4.17.2026 14:56:06,T0,T2,1.9ft,0.05s
4.17.2026 14:56:06,T1,T2,1.2ft,0.05s
4.17.2026 14:56:06,T0,T1,2.0ft,0.05s
4.17.2026 14:56:06,T0,T2,1.9ft,0.05s
4.17.2026 14:56:06,T1,T2,1.3ft,0.05s
4.17.2026 14:56:06,T0,T1,2.0ft,0.05s
4.17.2026 14:56:06,T0,T2,1.9ft,0.05s
4.17.2026 14:56:06,T1,T2,1.3ft,0.05s
4.17.2026 14:56:06,T0,T1,2.0ft,0.05s
4.17.2026 14:56:06,T0,T2,1.9ft,0.05s
4.17.2026 14:56:06,T1,T2,1.3ft,0.05s
4.17.2026 14:56:06,T0,T1,2.0ft,0.05s
4.17.2026 14:56:06,T0,T2,1.9ft,0.05s
4.17.2026 14:56:06,T1,T2,1.3ft,0.05s
4.17.2026 14:56:06,T0,T1,2.0ft,0.05s
4.17.2026 14:56:06,T0,T2,1.9ft,0.05s
4.17.2026 14:56:06,T1,T2,1.3ft,0.05s
4.17.2026 14:56:06,T0,T1,2.0ft,0.05s
4.17.2026 14:56:06,T0,T2,2.0ft,0.05s
4.17.2026 14:56:06,T1,T2,1.3ft,0.05s
4.17.2026 14:56:06,T0,T1,2.0ft,0.05s
4.17.2026 14:56:06,T0,T2,2.0ft,0.05s
4.17.2026 14:56:06,T1,T2,1.3ft,0.05s
4.17.2026 14:56:06,T0,T1,2.0ft,0.05s
4.17.2026 14:56:06,T0,T2,2.1ft,0.05s
4.17.2026 14:56:06,T1,T2,1.3ft,0.05s
4.17.2026 14:56:06,T0,T1,2.0ft,0.05s
4.17.2026 14:56:06,T0,T2,2.1ft,0.05s
4.17.2026 14:56:06,T1,T2,1.3ft,0.05s
4.17.2026 14:56:06,T0,T1,2.0ft,0.05s
4.17.2026 14:56:06,T0,T2,2.1ft,0.05s
4.17.2026 14:56:06,T1,T2,1.3ft,0.05s
4.17.2026 14:56:06,T0,T1,2.0ft,0.05s
4.17.2026 14:56:06,T0,T2,2.1ft,0.05s
4.17.2026 14:56:06,T1,T2,1.3ft,0.05s
4.17.2026 14:56:07,T0,T1,2.0ft,0.05s
4.17.2026 14:56:07,T0,T2,2.1ft,0.05s
4.17.2026 14:56:07,T1,T2,1.3ft,0.05s
4.17.2026 14:56:07,T0,T1,2.0ft,0.05s
4.17.2026 14:56:07,T0,T2,2.1ft,0.05s
4.17.2026 14:56:07,T1,T2,1.3ft,0.05s
4.17.2026 14:56:07,T0,T1,2.0ft,0.05s
4.17.2026 14:56:07,T0,T2,2.1ft,0.05s
4.17.2026 14:56:07,T1,T2,1.3ft,0.05s
4.17.2026 14:56:07,T0,T1,2.0ft,0.05s
4.17.2026 14:56:07,T0,T2,2.1ft,0.05s
4.17.2026 14:56:07,T1,T2,1.3ft,0.05s
4.17.2026 14:56:07,T0,T1,2.0ft,0.05s
4.17.2026 14:56:07,T0,T2,2.1ft,0.05s
4.17.2026 14:56:07,T1,T2,1.3ft,0.05s
4.17.2026 14:56:07,T0,T1,2.0ft,0.05s
4.17.2026 14:56:07,T0,T2,2.1ft,0.05s
4.17.2026 14:56:07,T1,T2,1.3ft,0.05s
4.17.2026 14:56:07,T0,T1,2.0ft,0.05s
4.17.2026 14:56:07,T0,T2,2.1ft,0.05s
4.17.2026 14:56:07,T1,T2,1.3ft,0.05s
4.17.2026 14:56:07,T0,T1,2.0ft,0.05s
4.17.2026 14:56:07,T0,T2,2.0ft,0.05s
4.17.2026 14:56:07,T1,T2,1.3ft,0.05s
4.17.2026 14:56:07,T0,T1,2.0ft,0.05s
4.17.2026 14:56:07,T0,T2,2.1ft,0.05s
4.17.2026 14:56:07,T1,T2,1.3ft,0.05s
4.17.2026 14:56:07,T0,T1,2.0ft,0.05s
4.17.2026 14:56:07,T0,T2,2.1ft,0.05s
4.17.2026 14:56:07,T1,T2,1.3ft,0.05s
4.17.2026 14:56:07,T0,T1,2.0ft,0.05s
4.17.2026 14:56:07,T0,T2,2.1ft,0.05s
4.17.2026 14:56:07,T1,T2,1.3ft,0.05s
4.17.2026 14:56:07,T0,T1,2.0ft,0.05s
4.17.2026 14:56:07,T0,T2,2.1ft,0.05s
4.17.2026 14:56:07,T1,T2,1.3ft,0.05s
4.17.2026 14:56:07,T0,T1,2.0ft,0.05s
4.17.2026 14:56:07,T0,T2,2.1ft,0.05s
4.17.2026 14:56:07,T1,T2,1.3ft,0.05s
4.17.2026 14:56:07,T0,T1,2.0ft,0.05s
4.17.2026 14:56:07,T0,T2,2.2ft,0.05s
4.17.2026 14:56:07,T1,T2,1.4ft,0.05s
4.17.2026 14:56:07,T0,T1,2.0ft,0.05s
4.17.2026 14:56:07,T0,T2,2.2ft,0.05s
4.17.2026 14:56:07,T1,T2,1.4ft,0.05s
4.17.2026 14:56:07,T0,T1,2.0ft,0.06s
4.17.2026 14:56:07,T0,T2,2.2ft,0.06s
4.17.2026 14:56:07,T1,T2,1.4ft,0.06s
4.17.2026 14:56:07,T0,T1,2.0ft,0.05s
4.17.2026 14:56:07,T0,T2,2.2ft,0.05s
4.17.2026 14:56:07,T1,T2,1.4ft,0.05s
4.17.2026 14:56:07,T0,T1,2.0ft,0.05s
4.17.2026 14:56:07,T0,T2,2.1ft,0.05s
4.17.2026 14:56:07,T1,T2,1.4ft,0.05s
4.17.2026 14:56:07,T0,T1,2.0ft,0.05s
4.17.2026 14:56:07,T0,T2,2.1ft,0.05s
4.17.2026 14:56:07,T1,T2,1.4ft,0.05s
4.17.2026 14:56:07,T0,T1,2.0ft,0.05s
4.17.2026 14:56:07,T0,T2,2.1ft,0.05s
4.17.2026 14:56:07,T1,T2,1.3ft,0.05s
4.17.2026 14:56:08,T0,T1,2.0ft,0.05s
4.17.2026 14:56:08,T0,T2,2.1ft,0.05s
4.17.2026 14:56:08,T1,T2,1.3ft,0.05s
4.17.2026 14:56:08,T0,T1,2.0ft,0.05s
4.17.2026 14:56:08,T0,T2,2.1ft,0.05s
4.17.2026 14:56:08,T1,T2,1.3ft,0.05s
4.17.2026 14:56:08,T0,T1,2.0ft,0.05s
4.17.2026 14:56:08,T0,T2,2.1ft,0.05s
4.17.2026 14:56:08,T1,T2,1.3ft,0.05s
4.17.2026 14:56:08,T0,T1,2.0ft,0.05s
4.17.2026 14:56:08,T0,T2,2.1ft,0.05s
4.17.2026 14:56:08,T1,T2,1.3ft,0.05s
4.17.2026 14:56:08,T0,T1,2.0ft,0.05s
4.17.2026 14:56:08,T0,T2,2.1ft,0.05s
4.17.2026 14:56:08,T1,T2,1.3ft,0.05s
4.17.2026 14:56:08,T0,T1,2.0ft,0.05s
4.17.2026 14:56:08,T0,T2,2.1ft,0.05s
4.17.2026 14:56:08,T1,T2,1.3ft,0.05s
4.17.2026 14:56:08,T0,T1,2.0ft,0.05s
4.17.2026 14:56:08,T0,T2,2.1ft,0.05s
4.17.2026 14:56:08,T1,T2,1.3ft,0.05s
4.17.2026 14:56:08,T0,T1,2.0ft,0.05s
4.17.2026 14:56:08,T0,T2,2.2ft,0.05s
4.17.2026 14:56:08,T1,T2,1.4ft,0.05s
4.17.2026 14:56:08,T0,T1,2.0ft,0.05s
4.17.2026 14:56:08,T0,T2,2.2ft,0.05s
4.17.2026 14:56:08,T1,T2,1.4ft,0.05s
4.17.2026 14:56:08,T0,T1,2.0ft,0.05s
4.17.2026 14:56:08,T0,T2,2.2ft,0.05s
4.17.2026 14:56:08,T1,T2,1.4ft,0.05s
4.17.2026 14:56:08,T0,T1,2.0ft,0.05s
4.17.2026 14:56:08,T0,T2,2.2ft,0.05s
4.17.2026 14:56:08,T1,T2,1.4ft,0.05s
4.17.2026 14:56:08,T0,T1,2.0ft,0.05s
4.17.2026 14:56:08,T0,T2,2.2ft,0.05s
4.17.2026 14:56:08,T1,T2,1.4ft,0.05s
4.17.2026 14:56:08,T0,T1,2.0ft,0.05s
4.17.2026 14:56:08,T0,T2,2.2ft,0.05s
4.17.2026 14:56:08,T1,T2,1.4ft,0.05s
4.17.2026 14:56:08,T0,T1,2.0ft,0.05s
4.17.2026 14:56:08,T0,T2,2.2ft,0.05s
4.17.2026 14:56:08,T1,T2,1.4ft,0.05s
4.17.2026 14:56:08,T0,T1,2.0ft,0.05s
4.17.2026 14:56:08,T0,T2,2.1ft,0.05s
4.17.2026 14:56:08,T1,T2,1.4ft,0.05s
4.17.2026 14:56:08,T0,T1,2.0ft,0.05s
4.17.2026 14:56:08,T0,T2,2.1ft,0.05s
4.17.2026 14:56:08,T1,T2,1.4ft,0.05s
4.17.2026 14:56:08,T0,T1,2.0ft,0.05s
4.17.2026 14:56:08,T0,T2,2.1ft,0.05s
4.17.2026 14:56:08,T1,T2,1.3ft,0.05s
4.17.2026 14:56:08,T0,T1,2.0ft,0.05s
4.17.2026 14:56:08,T0,T2,2.0ft,0.05s
4.17.2026 14:56:08,T1,T2,1.3ft,0.05s
4.17.2026 14:56:08,T0,T1,2.0ft,0.05s
4.17.2026 14:56:08,T0,T2,2.0ft,0.05s
4.17.2026 14:56:08,T1,T2,1.3ft,0.05s
4.17.2026 14:56:09,T0,T1,2.0ft,0.05s
4.17.2026 14:56:09,T0,T2,2.0ft,0.05s
4.17.2026 14:56:09,T1,T2,1.3ft,0.05s
4.17.2026 14:56:09,T0,T1,2.0ft,0.06s
4.17.2026 14:56:09,T0,T2,2.0ft,0.06s
4.17.2026 14:56:09,T1,T2,1.3ft,0.06s
4.17.2026 14:56:09,T0,T1,2.0ft,0.05s
4.17.2026 14:56:09,T0,T2,1.9ft,0.05s
4.17.2026 14:56:09,T1,T2,1.3ft,0.05s
4.17.2026 14:56:09,T0,T1,2.0ft,0.05s
4.17.2026 14:56:09,T0,T2,1.9ft,0.05s
4.17.2026 14:56:09,T1,T2,1.2ft,0.05s
4.17.2026 14:56:09,T0,T1,2.0ft,0.05s
4.17.2026 14:56:09,T0,T2,1.9ft,0.05s
4.17.2026 14:56:09,T1,T2,1.2ft,0.05s
4.17.2026 14:56:09,T0,T1,2.0ft,0.05s
4.17.2026 14:56:09,T0,T2,1.9ft,0.05s
4.17.2026 14:56:09,T1,T2,1.3ft,0.05s
4.17.2026 14:56:09,T0,T1,2.0ft,0.05s
4.17.2026 14:56:09,T0,T2,1.9ft,0.05s
4.17.2026 14:56:09,T1,T2,1.3ft,0.05s
4.17.2026 14:56:09,T0,T1,2.0ft,0.05s
4.17.2026 14:56:09,T0,T2,1.8ft,0.05s
4.17.2026 14:56:09,T1,T2,1.3ft,0.05s
4.17.2026 14:56:09,T0,T1,2.0ft,0.05s
4.17.2026 14:56:09,T0,T2,1.8ft,0.05s
4.17.2026 14:56:09,T1,T2,1.3ft,0.05s
4.17.2026 14:56:09,T0,T1,2.0ft,0.05s
4.17.2026 14:56:09,T0,T2,1.8ft,0.05s
4.17.2026 14:56:09,T1,T2,1.2ft,0.05s
4.17.2026 14:56:09,T0,T1,2.0ft,0.05s
4.17.2026 14:56:09,T0,T2,1.8ft,0.05s
4.17.2026 14:56:09,T1,T2,1.2ft,0.05s
4.17.2026 14:56:09,T0,T1,2.0ft,0.05s
4.17.2026 14:56:09,T0,T2,1.7ft,0.05s
4.17.2026 14:56:09,T1,T2,1.2ft,0.05s
4.17.2026 14:56:09,T0,T1,2.0ft,0.05s
4.17.2026 14:56:09,T0,T2,1.7ft,0.05s
4.17.2026 14:56:09,T1,T2,1.2ft,0.05s
4.17.2026 14:56:09,T0,T1,2.0ft,0.05s
4.17.2026 14:56:09,T0,T2,1.7ft,0.05s
4.17.2026 14:56:09,T1,T2,1.2ft,0.05s
4.17.2026 14:56:09,T0,T1,2.0ft,0.05s
4.17.2026 14:56:09,T0,T2,1.7ft,0.05s
4.17.2026 14:56:09,T1,T2,1.2ft,0.05s
4.17.2026 14:56:09,T0,T1,2.0ft,0.06s
4.17.2026 14:56:09,T0,T2,1.7ft,0.06s
4.17.2026 14:56:09,T1,T2,1.2ft,0.06s
4.17.2026 14:56:09,T0,T1,2.0ft,0.05s
4.17.2026 14:56:09,T0,T2,1.7ft,0.05s
4.17.2026 14:56:09,T1,T2,1.2ft,0.05s
4.17.2026 14:56:09,T0,T1,2.0ft,0.05s
4.17.2026 14:56:09,T0,T2,1.7ft,0.05s
4.17.2026 14:56:09,T1,T2,1.2ft,0.05s
4.17.2026 14:56:09,T0,T1,2.0ft,0.05s
4.17.2026 14:56:09,T0,T2,1.7ft,0.05s
4.17.2026 14:56:09,T1,T2,1.2ft,0.05s
4.17.2026 14:56:09,T0,T1,2.0ft,0.05s
4.17.2026 14:56:09,T0,T2,1.7ft,0.05s
4.17.2026 14:56:09,T1,T2,1.2ft,0.05s
4.17.2026 14:56:10,T0,T1,2.0ft,0.05s
4.17.2026 14:56:10,T0,T2,1.8ft,0.05s
4.17.2026 14:56:10,T1,T2,1.2ft,0.05s
4.17.2026 14:56:10,T0,T1,2.0ft,0.05s
4.17.2026 14:56:10,T0,T2,1.8ft,0.05s
4.17.2026 14:56:10,T1,T2,1.2ft,0.05s
4.17.2026 14:56:10,T0,T1,2.0ft,0.05s
4.17.2026 14:56:10,T0,T2,1.8ft,0.05s
4.17.2026 14:56:10,T1,T2,1.3ft,0.05s
4.17.2026 14:56:10,T0,T1,2.0ft,0.05s
4.17.2026 14:56:10,T0,T2,1.8ft,0.05s
4.17.2026 14:56:10,T1,T2,1.3ft,0.05s
4.17.2026 14:56:10,T0,T1,2.0ft,0.05s
4.17.2026 14:56:10,T0,T2,1.8ft,0.05s
4.17.2026 14:56:10,T1,T2,1.3ft,0.05s
4.17.2026 14:56:10,T0,T1,2.0ft,0.05s
4.17.2026 14:56:10,T0,T2,1.7ft,0.05s
4.17.2026 14:56:10,T1,T2,1.3ft,0.05s
4.17.2026 14:56:10,T0,T1,2.0ft,0.05s
4.17.2026 14:56:10,T0,T2,1.7ft,0.05s
4.17.2026 14:56:10,T1,T2,1.3ft,0.05s
4.17.2026 14:56:10,T0,T1,2.0ft,0.05s
4.17.2026 14:56:10,T0,T2,1.7ft,0.05s
4.17.2026 14:56:10,T1,T2,1.3ft,0.05s
4.17.2026 14:56:10,T0,T1,2.0ft,0.05s
4.17.2026 14:56:10,T0,T2,1.7ft,0.05s
4.17.2026 14:56:10,T1,T2,1.3ft,0.05s
4.17.2026 14:56:10,T0,T1,2.0ft,0.06s
4.17.2026 14:56:10,T0,T2,1.7ft,0.06s
4.17.2026 14:56:10,T1,T2,1.3ft,0.06s
4.17.2026 14:56:10,T0,T1,2.0ft,0.05s
4.17.2026 14:56:10,T0,T2,1.7ft,0.05s
4.17.2026 14:56:10,T1,T2,1.3ft,0.05s
4.17.2026 14:56:10,T0,T1,2.0ft,0.05s
4.17.2026 14:56:10,T0,T2,1.7ft,0.05s
4.17.2026 14:56:10,T1,T2,1.3ft,0.05s
4.17.2026 14:56:10,T0,T1,2.0ft,0.05s
4.17.2026 14:56:10,T0,T2,1.7ft,0.05s
4.17.2026 14:56:10,T1,T2,1.3ft,0.05s
4.17.2026 14:56:10,T0,T1,2.0ft,0.05s
4.17.2026 14:56:10,T0,T2,1.8ft,0.05s
4.17.2026 14:56:10,T1,T2,1.3ft,0.05s
4.17.2026 14:56:10,T0,T1,2.0ft,0.05s
4.17.2026 14:56:10,T0,T2,1.8ft,0.05s
4.17.2026 14:56:10,T1,T2,1.3ft,0.05s
4.17.2026 14:56:10,T0,T1,2.0ft,0.05s
4.17.2026 14:56:10,T0,T2,1.9ft,0.05s
4.17.2026 14:56:10,T1,T2,1.3ft,0.05s
4.17.2026 14:56:10,T0,T1,2.0ft,0.05s
4.17.2026 14:56:10,T0,T2,1.9ft,0.05s
4.17.2026 14:56:10,T1,T2,1.3ft,0.05s
4.17.2026 14:56:10,T0,T1,2.0ft,0.05s
4.17.2026 14:56:10,T0,T2,1.9ft,0.05s
4.17.2026 14:56:10,T1,T2,1.3ft,0.05s
4.17.2026 14:56:10,T0,T1,2.0ft,0.05s
4.17.2026 14:56:10,T0,T2,1.9ft,0.05s
4.17.2026 14:56:10,T1,T2,1.3ft,0.05s
4.17.2026 14:56:11,T0,T1,2.0ft,0.05s
4.17.2026 14:56:11,T0,T2,2.0ft,0.05s
4.17.2026 14:56:11,T1,T2,1.3ft,0.05s
4.17.2026 14:56:11,T0,T1,2.0ft,0.05s
4.17.2026 14:56:11,T0,T2,2.0ft,0.05s
4.17.2026 14:56:11,T1,T2,1.3ft,0.05s
4.17.2026 14:56:11,T0,T1,2.0ft,0.05s
4.17.2026 14:56:11,T0,T2,2.0ft,0.05s
4.17.2026 14:56:11,T1,T2,1.3ft,0.05s
4.17.2026 14:56:11,T0,T1,2.0ft,0.05s
4.17.2026 14:56:11,T0,T2,2.1ft,0.05s
4.17.2026 14:56:11,T1,T2,1.3ft,0.05s
4.17.2026 14:56:11,T0,T1,2.0ft,0.05s
4.17.2026 14:56:11,T0,T2,2.1ft,0.05s
4.17.2026 14:56:11,T1,T2,1.3ft,0.05s
4.17.2026 14:56:11,T0,T1,2.0ft,0.05s
4.17.2026 14:56:11,T0,T2,2.1ft,0.05s
4.17.2026 14:56:11,T1,T2,1.3ft,0.05s
4.17.2026 14:56:11,T0,T1,2.0ft,0.05s
4.17.2026 14:56:11,T0,T2,2.1ft,0.05s
4.17.2026 14:56:11,T1,T2,1.3ft,0.05s
4.17.2026 14:56:11,T0,T1,2.0ft,0.05s
4.17.2026 14:56:11,T0,T2,2.1ft,0.05s
4.17.2026 14:56:11,T1,T2,1.3ft,0.05s
4.17.2026 14:56:11,T0,T1,2.0ft,0.05s
4.17.2026 14:56:11,T0,T2,2.1ft,0.05s
4.17.2026 14:56:11,T1,T2,1.3ft,0.05s
4.17.2026 14:56:11,T0,T1,2.0ft,0.05s
4.17.2026 14:56:11,T0,T2,2.1ft,0.05s
4.17.2026 14:56:11,T1,T2,1.3ft,0.05s
4.17.2026 14:56:11,T0,T1,2.0ft,0.05s
4.17.2026 14:56:11,T0,T2,2.1ft,0.05s
4.17.2026 14:56:11,T1,T2,1.3ft,0.05s
4.17.2026 14:56:11,T0,T1,2.0ft,0.05s
4.17.2026 14:56:11,T0,T2,2.0ft,0.05s
4.17.2026 14:56:11,T1,T2,1.3ft,0.05s
4.17.2026 14:56:11,T0,T1,2.0ft,0.05s
4.17.2026 14:56:11,T0,T2,2.0ft,0.05s
4.17.2026 14:56:11,T1,T2,1.3ft,0.05s
4.17.2026 14:56:11,T0,T1,2.0ft,0.05s
4.17.2026 14:56:11,T0,T2,2.0ft,0.05s
4.17.2026 14:56:11,T1,T2,1.3ft,0.05s
4.17.2026 14:56:11,T0,T1,2.0ft,0.05s
4.17.2026 14:56:11,T0,T2,2.0ft,0.05s
4.17.2026 14:56:11,T1,T2,1.3ft,0.05s
4.17.2026 14:56:11,T0,T1,2.0ft,0.05s
4.17.2026 14:56:11,T0,T2,2.0ft,0.05s
4.17.2026 14:56:11,T1,T2,1.3ft,0.05s
4.17.2026 14:56:11,T0,T1,2.0ft,0.05s
4.17.2026 14:56:11,T0,T2,1.9ft,0.05s
4.17.2026 14:56:11,T1,T2,1.2ft,0.05s
4.17.2026 14:56:11,T0,T1,2.0ft,0.05s
4.17.2026 14:56:11,T0,T2,1.9ft,0.05s
4.17.2026 14:56:11,T1,T2,1.2ft,0.05s
4.17.2026 14:56:11,T0,T1,2.0ft,0.05s
4.17.2026 14:56:11,T0,T2,1.9ft,0.05s
4.17.2026 14:56:11,T1,T2,1.2ft,0.05s
4.17.2026 14:56:11,T0,T1,2.0ft,0.05s
4.17.2026 14:56:11,T0,T2,1.9ft,0.05s
4.17.2026 14:56:11,T1,T2,1.2ft,0.05s
4.17.2026 14:56:12,T0,T1,2.0ft,0.06s
4.17.2026 14:56:12,T0,T2,1.8ft,0.06s
4.17.2026 14:56:12,T1,T2,1.2ft,0.06s
4.17.2026 14:56:12,T0,T1,2.0ft,0.05s
4.17.2026 14:56:12,T0,T2,1.8ft,0.05s
4.17.2026 14:56:12,T1,T2,1.2ft,0.05s
4.17.2026 14:56:12,T0,T1,2.0ft,0.05s
4.17.2026 14:56:12,T0,T2,1.8ft,0.05s
4.17.2026 14:56:12,T1,T2,1.2ft,0.05s
4.17.2026 14:56:12,T0,T1,2.0ft,0.05s
4.17.2026 14:56:12,T0,T2,1.8ft,0.05s
4.17.2026 14:56:12,T1,T2,1.2ft,0.05s
4.17.2026 14:56:12,T0,T1,2.0ft,0.05s
4.17.2026 14:56:12,T0,T2,1.9ft,0.05s
4.17.2026 14:56:12,T1,T2,1.2ft,0.05s
4.17.2026 14:56:12,T0,T1,2.0ft,0.05s
4.17.2026 14:56:12,T0,T2,1.9ft,0.05s
4.17.2026 14:56:12,T1,T2,1.3ft,0.05s
4.17.2026 14:56:12,T0,T1,2.0ft,0.05s
4.17.2026 14:56:12,T0,T2,1.9ft,0.05s
4.17.2026 14:56:12,T1,T2,1.3ft,0.05s
4.17.2026 14:56:12,T0,T1,2.0ft,0.05s
4.17.2026 14:56:12,T0,T2,1.9ft,0.05s
4.17.2026 14:56:12,T1,T2,1.3ft,0.05s
4.17.2026 14:56:12,T0,T1,2.0ft,0.05s
4.17.2026 14:56:12,T0,T2,1.9ft,0.05s
4.17.2026 14:56:12,T1,T2,1.3ft,0.05s
4.17.2026 14:56:12,T0,T1,2.0ft,0.06s
4.17.2026 14:56:12,T0,T2,1.9ft,0.06s
4.17.2026 14:56:12,T1,T2,1.3ft,0.06s
4.17.2026 14:56:12,T0,T1,2.0ft,0.05s
4.17.2026 14:56:12,T0,T2,2.0ft,0.05s
4.17.2026 14:56:12,T1,T2,1.3ft,0.05s
4.17.2026 14:56:12,T0,T1,2.0ft,0.05s
4.17.2026 14:56:12,T0,T2,2.0ft,0.05s
4.17.2026 14:56:12,T1,T2,1.3ft,0.05s
4.17.2026 14:56:12,T0,T1,2.0ft,0.05s
4.17.2026 14:56:12,T0,T2,2.0ft,0.05s
4.17.2026 14:56:12,T1,T2,1.3ft,0.05s
4.17.2026 14:56:12,T0,T1,2.0ft,0.05s
4.17.2026 14:56:12,T0,T2,2.0ft,0.05s
4.17.2026 14:56:12,T1,T2,1.3ft,0.05s
4.17.2026 14:56:12,T0,T1,2.0ft,0.05s
4.17.2026 14:56:12,T0,T2,1.9ft,0.05s
4.17.2026 14:56:12,T1,T2,1.3ft,0.05s
4.17.2026 14:56:12,T0,T1,2.0ft,0.05s
4.17.2026 14:56:12,T0,T2,1.9ft,0.05s
4.17.2026 14:56:12,T1,T2,1.3ft,0.05s
4.17.2026 14:56:12,T0,T1,2.0ft,0.05s
4.17.2026 14:56:12,T0,T2,1.9ft,0.05s
4.17.2026 14:56:12,T1,T2,1.3ft,0.05s
4.17.2026 14:56:12,T0,T1,2.0ft,0.05s
4.17.2026 14:56:12,T0,T2,1.9ft,0.05s
4.17.2026 14:56:12,T1,T2,1.3ft,0.05s
4.17.2026 14:56:12,T0,T1,2.0ft,0.05s
4.17.2026 14:56:12,T0,T2,1.9ft,0.05s
4.17.2026 14:56:12,T1,T2,1.3ft,0.05s
4.17.2026 14:56:13,T0,T1,2.0ft,0.05s
4.17.2026 14:56:13,T0,T2,1.9ft,0.05s
4.17.2026 14:56:13,T1,T2,1.3ft,0.05s
4.17.2026 14:56:13,T0,T1,2.0ft,0.05s
4.17.2026 14:56:13,T0,T2,1.9ft,0.05s
4.17.2026 14:56:13,T1,T2,1.3ft,0.05s
4.17.2026 14:56:13,T0,T1,2.0ft,0.05s
4.17.2026 14:56:13,T0,T2,1.8ft,0.05s
4.17.2026 14:56:13,T1,T2,1.3ft,0.05s
4.17.2026 14:56:13,T0,T1,2.1ft,0.05s
4.17.2026 14:56:13,T0,T2,1.9ft,0.05s
4.17.2026 14:56:13,T1,T2,1.3ft,0.05s
4.17.2026 14:56:13,T0,T1,2.1ft,0.05s
4.17.2026 14:56:13,T0,T2,1.9ft,0.05s
4.17.2026 14:56:13,T1,T2,1.3ft,0.05s
4.17.2026 14:56:13,T0,T1,2.1ft,0.05s
4.17.2026 14:56:13,T0,T2,1.9ft,0.05s
4.17.2026 14:56:13,T1,T2,1.3ft,0.05s
4.17.2026 14:56:13,T0,T1,2.1ft,0.05s
4.17.2026 14:56:13,T0,T2,1.9ft,0.05s
4.17.2026 14:56:13,T1,T2,1.3ft,0.05s
4.17.2026 14:56:13,T0,T1,2.1ft,0.05s
4.17.2026 14:56:13,T0,T2,1.9ft,0.05s
4.17.2026 14:56:13,T1,T2,1.3ft,0.05s
4.17.2026 14:56:13,T0,T1,2.1ft,0.05s
4.17.2026 14:56:13,T0,T2,1.9ft,0.05s
4.17.2026 14:56:13,T1,T2,1.4ft,0.05s
4.17.2026 14:56:13,T0,T1,2.1ft,0.05s
4.17.2026 14:56:13,T0,T2,1.9ft,0.05s
4.17.2026 14:56:13,T1,T2,1.4ft,0.05s
4.17.2026 14:56:13,T0,T1,2.1ft,0.05s
4.17.2026 14:56:13,T0,T2,1.9ft,0.05s
4.17.2026 14:56:13,T1,T2,1.4ft,0.05s
4.17.2026 14:56:13,T0,T1,2.1ft,0.05s
4.17.2026 14:56:13,T0,T2,1.9ft,0.05s
4.17.2026 14:56:13,T1,T2,1.4ft,0.05s
4.17.2026 14:56:13,T0,T1,2.1ft,0.05s
4.17.2026 14:56:13,T0,T2,1.9ft,0.05s
4.17.2026 14:56:13,T1,T2,1.4ft,0.05s
4.17.2026 14:56:13,T0,T1,2.1ft,0.05s
4.17.2026 14:56:13,T0,T2,1.9ft,0.05s
4.17.2026 14:56:13,T1,T2,1.3ft,0.05s
4.17.2026 14:56:13,T0,T1,2.1ft,0.05s
4.17.2026 14:56:13,T0,T2,1.9ft,0.05s
4.17.2026 14:56:13,T1,T2,1.3ft,0.05s
4.17.2026 14:56:13,T0,T1,2.1ft,0.06s
4.17.2026 14:56:13,T0,T2,2.0ft,0.06s
4.17.2026 14:56:13,T1,T2,1.4ft,0.06s
4.17.2026 14:56:13,T0,T1,2.1ft,0.05s
4.17.2026 14:56:13,T0,T2,2.0ft,0.05s
4.17.2026 14:56:13,T1,T2,1.4ft,0.05s
4.17.2026 14:56:13,T0,T1,2.0ft,0.05s
4.17.2026 14:56:13,T0,T2,2.1ft,0.05s
4.17.2026 14:56:13,T1,T2,1.4ft,0.05s
4.17.2026 14:56:13,T0,T1,2.0ft,0.06s
4.17.2026 14:56:13,T0,T2,2.1ft,0.06s
4.17.2026 14:56:13,T1,T2,1.4ft,0.06s
4.17.2026 14:56:14,T0,T1,2.0ft,0.05s
4.17.2026 14:56:14,T0,T2,2.1ft,0.05s
4.17.2026 14:56:14,T1,T2,1.4ft,0.05s
4.17.2026 14:56:14,T0,T1,2.0ft,0.05s
4.17.2026 14:56:14,T0,T2,2.2ft,0.05s
4.17.2026 14:56:14,T1,T2,1.4ft,0.05s
4.17.2026 14:56:14,T0,T1,2.0ft,0.05s
4.17.2026 14:56:14,T0,T2,2.2ft,0.05s
4.17.2026 14:56:14,T1,T2,1.4ft,0.05s
4.17.2026 14:56:14,T0,T1,2.0ft,0.05s
4.17.2026 14:56:14,T0,T2,2.2ft,0.05s
4.17.2026 14:56:14,T1,T2,1.4ft,0.05s
4.17.2026 14:56:14,T0,T1,2.0ft,0.05s
4.17.2026 14:56:14,T0,T2,2.2ft,0.05s
4.17.2026 14:56:14,T1,T2,1.4ft,0.05s
4.17.2026 14:56:14,T0,T1,2.0ft,0.05s
4.17.2026 14:56:14,T0,T2,2.1ft,0.05s
4.17.2026 14:56:14,T1,T2,1.4ft,0.05s
4.17.2026 14:56:14,T0,T1,2.0ft,0.05s
4.17.2026 14:56:14,T0,T2,2.1ft,0.05s
4.17.2026 14:56:14,T1,T2,1.4ft,0.05s
4.17.2026 14:56:14,T0,T1,2.0ft,0.05s
4.17.2026 14:56:14,T0,T2,2.1ft,0.05s
4.17.2026 14:56:14,T1,T2,1.4ft,0.05s
4.17.2026 14:56:14,T0,T1,2.0ft,0.05s
4.17.2026 14:56:14,T0,T2,2.1ft,0.05s
4.17.2026 14:56:14,T1,T2,1.4ft,0.05s
4.17.2026 14:56:14,T0,T1,2.0ft,0.05s
4.17.2026 14:56:14,T0,T2,2.1ft,0.05s
4.17.2026 14:56:14,T1,T2,1.4ft,0.05s
4.17.2026 14:56:14,T0,T1,2.0ft,0.05s
4.17.2026 14:56:14,T0,T2,2.1ft,0.05s
4.17.2026 14:56:14,T1,T2,1.4ft,0.05s
4.17.2026 14:56:14,T0,T1,2.0ft,0.05s
4.17.2026 14:56:14,T0,T2,2.1ft,0.05s
4.17.2026 14:56:14,T1,T2,1.4ft,0.05s
4.17.2026 14:56:14,T0,T1,2.0ft,0.05s
4.17.2026 14:56:14,T0,T2,2.1ft,0.05s
4.17.2026 14:56:14,T1,T2,1.4ft,0.05s
4.17.2026 14:56:14,T0,T1,2.0ft,0.05s
4.17.2026 14:56:14,T0,T2,2.1ft,0.05s
4.17.2026 14:56:14,T1,T2,1.3ft,0.05s
4.17.2026 14:56:14,T0,T1,2.0ft,0.05s
4.17.2026 14:56:14,T0,T2,2.2ft,0.05s
4.17.2026 14:56:14,T1,T2,1.4ft,0.05s
4.17.2026 14:56:14,T0,T1,2.1ft,0.05s
4.17.2026 14:56:14,T0,T2,2.2ft,0.05s
4.17.2026 14:56:14,T1,T2,1.4ft,0.05s
4.17.2026 14:56:14,T0,T1,2.1ft,0.05s
4.17.2026 14:56:14,T0,T2,2.2ft,0.05s
4.17.2026 14:56:14,T1,T2,1.4ft,0.05s
4.17.2026 14:56:14,T0,T1,2.1ft,0.05s
4.17.2026 14:56:14,T0,T2,2.2ft,0.05s
4.17.2026 14:56:14,T1,T2,1.4ft,0.05s
4.17.2026 14:56:14,T0,T1,2.1ft,0.05s
4.17.2026 14:56:14,T0,T2,2.2ft,0.05s
4.17.2026 14:56:14,T1,T2,1.4ft,0.05s
4.17.2026 14:56:14,T0,T1,2.1ft,0.05s
4.17.2026 14:56:14,T0,T2,2.2ft,0.05s
4.17.2026 14:56:14,T1,T2,1.4ft,0.05s
4.17.2026 14:56:15,T0,T1,2.0ft,0.05s
4.17.2026 14:56:15,T0,T2,2.2ft,0.05s
4.17.2026 14:56:15,T1,T2,1.4ft,0.05s
4.17.2026 14:56:15,T0,T1,2.0ft,0.05s
4.17.2026 14:56:15,T0,T2,2.2ft,0.05s
4.17.2026 14:56:15,T1,T2,1.4ft,0.05s
4.17.2026 14:56:15,T0,T1,2.0ft,0.05s
4.17.2026 14:56:15,T0,T2,2.2ft,0.05s
4.17.2026 14:56:15,T1,T2,1.4ft,0.05s
4.17.2026 14:56:15,T0,T1,2.0ft,0.05s
4.17.2026 14:56:15,T0,T2,2.2ft,0.05s
4.17.2026 14:56:15,T1,T2,1.4ft,0.05s
4.17.2026 14:56:15,T0,T1,2.0ft,0.06s
4.17.2026 14:56:15,T0,T2,2.2ft,0.06s
4.17.2026 14:56:15,T1,T2,1.4ft,0.06s
4.17.2026 14:56:15,T0,T1,2.0ft,0.05s
4.17.2026 14:56:15,T0,T2,2.1ft,0.05s
4.17.2026 14:56:15,T1,T2,1.4ft,0.05s
4.17.2026 14:56:15,T0,T1,2.0ft,0.05s
4.17.2026 14:56:15,T0,T2,2.1ft,0.05s
4.17.2026 14:56:15,T1,T2,1.4ft,0.05s
4.17.2026 14:56:15,T0,T1,2.0ft,0.05s
4.17.2026 14:56:15,T0,T2,2.1ft,0.05s
4.17.2026 14:56:15,T1,T2,1.3ft,0.05s
4.17.2026 14:56:15,T0,T1,2.0ft,0.05s
4.17.2026 14:56:15,T0,T2,2.1ft,0.05s
4.17.2026 14:56:15,T1,T2,1.4ft,0.05s
4.17.2026 14:56:15,T0,T1,2.0ft,0.05s
4.17.2026 14:56:15,T0,T2,2.1ft,0.05s
4.17.2026 14:56:15,T1,T2,1.3ft,0.05s
4.17.2026 14:56:15,T0,T1,2.0ft,0.05s
4.17.2026 14:56:15,T0,T2,2.1ft,0.05s
4.17.2026 14:56:15,T1,T2,1.3ft,0.05s
4.17.2026 14:56:15,T0,T1,2.0ft,0.05s
4.17.2026 14:56:15,T0,T2,2.1ft,0.05s
4.17.2026 14:56:15,T1,T2,1.4ft,0.05s
4.17.2026 14:56:15,T0,T1,2.0ft,0.05s
4.17.2026 14:56:15,T0,T2,2.1ft,0.05s
4.17.2026 14:56:15,T1,T2,1.4ft,0.05s
4.17.2026 14:56:15,T0,T1,2.0ft,0.05s
4.17.2026 14:56:15,T0,T2,2.2ft,0.05s
4.17.2026 14:56:15,T1,T2,1.4ft,0.05s
4.17.2026 14:56:15,T0,T1,2.0ft,0.05s
4.17.2026 14:56:15,T0,T2,2.2ft,0.05s
4.17.2026 14:56:15,T1,T2,1.4ft,0.05s
4.17.2026 14:56:15,T0,T1,2.0ft,0.05s
4.17.2026 14:56:15,T0,T2,2.2ft,0.05s
4.17.2026 14:56:15,T1,T2,1.4ft,0.05s
4.17.2026 14:56:15,T0,T1,2.0ft,0.05s
4.17.2026 14:56:15,T0,T2,2.1ft,0.05s
4.17.2026 14:56:15,T1,T2,1.4ft,0.05s
4.17.2026 14:56:15,T0,T1,2.0ft,0.05s
4.17.2026 14:56:15,T0,T2,2.2ft,0.05s
4.17.2026 14:56:15,T1,T2,1.4ft,0.05s
4.17.2026 14:56:15,T0,T1,2.0ft,0.05s
4.17.2026 14:56:15,T0,T2,2.2ft,0.05s
4.17.2026 14:56:15,T1,T2,1.4ft,0.05s
4.17.2026 14:56:15,T0,T1,2.0ft,0.05s
4.17.2026 14:56:15,T0,T2,2.2ft,0.05s
4.17.2026 14:56:15,T1,T2,1.4ft,0.05s
4.17.2026 14:56:16,T0,T1,2.0ft,0.05s
4.17.2026 14:56:16,T0,T2,2.3ft,0.05s
4.17.2026 14:56:16,T1,T2,1.4ft,0.05s
4.17.2026 14:56:16,T0,T1,2.0ft,0.05s
4.17.2026 14:56:16,T0,T2,2.3ft,0.05s
4.17.2026 14:56:16,T1,T2,1.4ft,0.05s
4.17.2026 14:56:16,T0,T1,2.0ft,0.05s
4.17.2026 14:56:16,T0,T2,2.3ft,0.05s
4.17.2026 14:56:16,T1,T2,1.4ft,0.05s
4.17.2026 14:56:16,T0,T1,2.0ft,0.05s
4.17.2026 14:56:16,T0,T2,2.3ft,0.05s
4.17.2026 14:56:16,T1,T2,1.4ft,0.05s
4.17.2026 14:56:16,T0,T1,2.0ft,0.05s
4.17.2026 14:56:16,T0,T2,2.3ft,0.05s
4.17.2026 14:56:16,T1,T2,1.4ft,0.05s
4.17.2026 14:56:16,T0,T1,2.0ft,0.05s
4.17.2026 14:56:16,T0,T2,2.3ft,0.05s
4.17.2026 14:56:16,T1,T2,1.4ft,0.05s
4.17.2026 14:56:16,T0,T1,2.0ft,0.05s
4.17.2026 14:56:16,T0,T2,2.2ft,0.05s
4.17.2026 14:56:16,T1,T2,1.4ft,0.05s
4.17.2026 14:56:16,T0,T1,2.0ft,0.05s
4.17.2026 14:56:16,T0,T2,2.2ft,0.05s
4.17.2026 14:56:16,T1,T2,1.4ft,0.05s
4.17.2026 14:56:16,T0,T1,2.0ft,0.05s
4.17.2026 14:56:16,T0,T2,2.2ft,0.05s
4.17.2026 14:56:16,T1,T2,1.4ft,0.05s
4.17.2026 14:56:16,T0,T1,2.0ft,0.06s
4.17.2026 14:56:16,T0,T2,2.2ft,0.06s
4.17.2026 14:56:16,T1,T2,1.4ft,0.06s
4.17.2026 14:56:16,T0,T1,2.0ft,0.05s
4.17.2026 14:56:16,T0,T2,2.2ft,0.05s
4.17.2026 14:56:16,T1,T2,1.4ft,0.05s
4.17.2026 14:56:16,T0,T1,2.0ft,0.05s
4.17.2026 14:56:16,T0,T2,2.2ft,0.05s
4.17.2026 14:56:16,T1,T2,1.4ft,0.05s
4.17.2026 14:56:16,T0,T1,2.0ft,0.05s
4.17.2026 14:56:16,T0,T2,2.1ft,0.05s
4.17.2026 14:56:16,T1,T2,1.4ft,0.05s
4.17.2026 14:56:16,T0,T1,2.0ft,0.05s
4.17.2026 14:56:16,T0,T2,2.1ft,0.05s
4.17.2026 14:56:16,T1,T2,1.4ft,0.05s
4.17.2026 14:56:16,T0,T1,2.0ft,0.05s
4.17.2026 14:56:16,T0,T2,2.1ft,0.05s
4.17.2026 14:56:16,T1,T2,1.3ft,0.05s
4.17.2026 14:56:16,T0,T1,2.0ft,0.05s
4.17.2026 14:56:16,T0,T2,2.1ft,0.05s
4.17.2026 14:56:16,T1,T2,1.3ft,0.05s
4.17.2026 14:56:16,T0,T1,2.0ft,0.05s
4.17.2026 14:56:16,T0,T2,2.1ft,0.05s
4.17.2026 14:56:16,T1,T2,1.3ft,0.05s
4.17.2026 14:56:16,T0,T1,2.0ft,0.05s
4.17.2026 14:56:16,T0,T2,2.1ft,0.05s
4.17.2026 14:56:16,T1,T2,1.3ft,0.05s
4.17.2026 14:56:16,T0,T1,2.0ft,0.05s
4.17.2026 14:56:16,T0,T2,2.1ft,0.05s
4.17.2026 14:56:16,T1,T2,1.3ft,0.05s
4.17.2026 14:56:17,T0,T1,2.0ft,0.05s
4.17.2026 14:56:17,T0,T2,2.1ft,0.05s
4.17.2026 14:56:17,T1,T2,1.3ft,0.05s
4.17.2026 14:56:17,T0,T1,2.0ft,0.05s
4.17.2026 14:56:17,T0,T2,2.1ft,0.05s
4.17.2026 14:56:17,T1,T2,1.3ft,0.05s
4.17.2026 14:56:17,T0,T1,2.0ft,0.05s
4.17.2026 14:56:17,T0,T2,2.1ft,0.05s
4.17.2026 14:56:17,T1,T2,1.3ft,0.05s
4.17.2026 14:56:17,T0,T1,2.0ft,0.05s
4.17.2026 14:56:17,T0,T2,2.1ft,0.05s
4.17.2026 14:56:17,T1,T2,1.3ft,0.05s
4.17.2026 14:56:17,T0,T1,2.0ft,0.06s
4.17.2026 14:56:17,T0,T2,2.2ft,0.06s
4.17.2026 14:56:17,T1,T2,1.4ft,0.06s
4.17.2026 14:56:17,T0,T1,2.0ft,0.05s
4.17.2026 14:56:17,T0,T2,2.2ft,0.05s
4.17.2026 14:56:17,T1,T2,1.4ft,0.05s
4.17.2026 14:56:17,T0,T1,2.0ft,0.05s
4.17.2026 14:56:17,T0,T2,2.2ft,0.05s
4.17.2026 14:56:17,T1,T2,1.4ft,0.05s
4.17.2026 14:56:17,T0,T1,2.0ft,0.05s
4.17.2026 14:56:17,T0,T2,2.2ft,0.05s
4.17.2026 14:56:17,T1,T2,1.4ft,0.05s
4.17.2026 14:56:17,T0,T1,2.0ft,0.05s
4.17.2026 14:56:17,T0,T2,2.2ft,0.05s
4.17.2026 14:56:17,T1,T2,1.4ft,0.05s
4.17.2026 14:56:17,T0,T1,2.0ft,0.05s
4.17.2026 14:56:17,T0,T2,2.2ft,0.05s
4.17.2026 14:56:17,T1,T2,1.4ft,0.05s
4.17.2026 14:56:17,T0,T1,2.0ft,0.05s
4.17.2026 14:56:17,T0,T2,2.2ft,0.05s
4.17.2026 14:56:17,T1,T2,1.4ft,0.05s
4.17.2026 14:56:17,T0,T1,2.0ft,0.05s
4.17.2026 14:56:17,T0,T2,2.1ft,0.05s
4.17.2026 14:56:17,T1,T2,1.4ft,0.05s
4.17.2026 14:56:17,T0,T1,2.0ft,0.05s
4.17.2026 14:56:17,T0,T2,2.1ft,0.05s
4.17.2026 14:56:17,T1,T2,1.4ft,0.05s
4.17.2026 14:56:17,T0,T1,2.0ft,0.05s
4.17.2026 14:56:17,T0,T2,2.1ft,0.05s
4.17.2026 14:56:17,T1,T2,1.3ft,0.05s
4.17.2026 14:56:17,T0,T1,2.0ft,0.05s
4.17.2026 14:56:17,T0,T2,2.1ft,0.05s
4.17.2026 14:56:17,T1,T2,1.3ft,0.05s
4.17.2026 14:56:17,T0,T1,2.0ft,0.05s
4.17.2026 14:56:17,T0,T2,2.0ft,0.05s
4.17.2026 14:56:17,T1,T2,1.3ft,0.05s
4.17.2026 14:56:17,T0,T1,2.0ft,0.05s
4.17.2026 14:56:17,T0,T2,2.0ft,0.05s
4.17.2026 14:56:17,T1,T2,1.3ft,0.05s
4.17.2026 14:56:17,T0,T1,2.0ft,0.05s
4.17.2026 14:56:17,T0,T2,2.0ft,0.05s
4.17.2026 14:56:17,T1,T2,1.3ft,0.05s
4.17.2026 14:56:17,T0,T1,2.0ft,0.05s
4.17.2026 14:56:17,T0,T2,2.0ft,0.05s
4.17.2026 14:56:17,T1,T2,1.3ft,0.05s
4.17.2026 14:56:17,T0,T1,2.0ft,0.05s
4.17.2026 14:56:17,T0,T2,2.0ft,0.05s
4.17.2026 14:56:17,T1,T2,1.3ft,0.05s
4.17.2026 14:56:18,T0,T1,2.0ft,0.05s
4.17.2026 14:56:18,T0,T2,1.9ft,0.05s
4.17.2026 14:56:18,T1,T2,1.2ft,0.05s
4.17.2026 14:56:18,T0,T1,2.0ft,0.05s
4.17.2026 14:56:18,T0,T2,1.9ft,0.05s
4.17.2026 14:56:18,T1,T2,1.2ft,0.05s
4.17.2026 14:56:18,T0,T1,2.0ft,0.05s
4.17.2026 14:56:18,T0,T2,1.9ft,0.05s
4.17.2026 14:56:18,T1,T2,1.2ft,0.05s
4.17.2026 14:56:18,T0,T1,2.0ft,0.05s
4.17.2026 14:56:18,T0,T2,1.9ft,0.05s
4.17.2026 14:56:18,T1,T2,1.2ft,0.05s
4.17.2026 14:56:18,T0,T1,2.0ft,0.05s
4.17.2026 14:56:18,T0,T2,1.9ft,0.05s
4.17.2026 14:56:18,T1,T2,1.2ft,0.05s
4.17.2026 14:56:18,T0,T1,2.0ft,0.05s
4.17.2026 14:56:18,T0,T2,1.9ft,0.05s
4.17.2026 14:56:18,T1,T2,1.2ft,0.05s
4.17.2026 14:56:18,T0,T1,2.1ft,0.05s
4.17.2026 14:56:18,T0,T2,2.0ft,0.05s
4.17.2026 14:56:18,T1,T2,1.2ft,0.05s
4.17.2026 14:56:18,T0,T1,2.1ft,0.05s
4.17.2026 14:56:18,T0,T2,2.0ft,0.05s
4.17.2026 14:56:18,T1,T2,1.2ft,0.05s
4.17.2026 14:56:18,T0,T1,2.1ft,0.05s
4.17.2026 14:56:18,T0,T2,2.0ft,0.05s
4.17.2026 14:56:18,T1,T2,1.2ft,0.05s
4.17.2026 14:56:18,T0,T1,2.1ft,0.05s
4.17.2026 14:56:18,T0,T2,2.0ft,0.05s
4.17.2026 14:56:18,T1,T2,1.2ft,0.05s
4.17.2026 14:56:18,T0,T1,2.1ft,0.05s
4.17.2026 14:56:18,T0,T2,2.0ft,0.05s
4.17.2026 14:56:18,T1,T2,1.2ft,0.05s
4.17.2026 14:56:18,T0,T1,2.1ft,0.05s
4.17.2026 14:56:18,T0,T2,2.0ft,0.05s
4.17.2026 14:56:18,T1,T2,1.3ft,0.05s
4.17.2026 14:56:18,T0,T1,2.1ft,0.05s
4.17.2026 14:56:18,T0,T2,2.0ft,0.05s
4.17.2026 14:56:18,T1,T2,1.3ft,0.05s
4.17.2026 14:56:18,T0,T1,2.1ft,0.05s
4.17.2026 14:56:18,T0,T2,2.0ft,0.05s
4.17.2026 14:56:18,T1,T2,1.3ft,0.05s
4.17.2026 14:56:18,T0,T1,2.1ft,0.05s
4.17.2026 14:56:18,T0,T2,2.0ft,0.05s
4.17.2026 14:56:18,T1,T2,1.3ft,0.05s
4.17.2026 14:56:18,T0,T1,2.1ft,0.05s
4.17.2026 14:56:18,T0,T2,2.0ft,0.05s
4.17.2026 14:56:18,T1,T2,1.3ft,0.05s
4.17.2026 14:56:18,T0,T1,2.1ft,0.05s
4.17.2026 14:56:18,T0,T2,2.0ft,0.05s
4.17.2026 14:56:18,T1,T2,1.3ft,0.05s
4.17.2026 14:56:18,T0,T1,2.1ft,0.05s
4.17.2026 14:56:18,T0,T2,2.0ft,0.05s
4.17.2026 14:56:18,T1,T2,1.3ft,0.05s
4.17.2026 14:56:18,T0,T1,2.1ft,0.05s
4.17.2026 14:56:18,T0,T2,2.0ft,0.05s
4.17.2026 14:56:18,T1,T2,1.3ft,0.05s
4.17.2026 14:56:19,T0,T1,2.1ft,0.05s
4.17.2026 14:56:19,T0,T2,2.1ft,0.05s
4.17.2026 14:56:19,T1,T2,1.3ft,0.05s
4.17.2026 14:56:19,T0,T1,2.1ft,0.05s
4.17.2026 14:56:19,T0,T2,2.1ft,0.05s
4.17.2026 14:56:19,T1,T2,1.3ft,0.05s
4.17.2026 14:56:19,T0,T1,2.1ft,0.05s
4.17.2026 14:56:19,T0,T2,2.1ft,0.05s
4.17.2026 14:56:19,T1,T2,1.3ft,0.05s
4.17.2026 14:56:19,T0,T1,2.1ft,0.05s
4.17.2026 14:56:19,T0,T2,2.1ft,0.05s
4.17.2026 14:56:19,T1,T2,1.3ft,0.05s
4.17.2026 14:56:19,T0,T1,2.1ft,0.05s
4.17.2026 14:56:19,T0,T2,2.1ft,0.05s
4.17.2026 14:56:19,T1,T2,1.3ft,0.05s
4.17.2026 14:56:19,T0,T1,2.1ft,0.05s
4.17.2026 14:56:19,T0,T2,2.1ft,0.05s
4.17.2026 14:56:19,T1,T2,1.3ft,0.05s
4.17.2026 14:56:19,T0,T1,2.1ft,0.05s
4.17.2026 14:56:19,T0,T2,2.1ft,0.05s
4.17.2026 14:56:19,T1,T2,1.3ft,0.05s
4.17.2026 14:56:19,T0,T1,2.1ft,0.05s
4.17.2026 14:56:19,T0,T2,2.1ft,0.05s
4.17.2026 14:56:19,T1,T2,1.3ft,0.05s
4.17.2026 14:56:19,T0,T1,2.1ft,0.05s
4.17.2026 14:56:19,T0,T2,2.1ft,0.05s
4.17.2026 14:56:19,T1,T2,1.3ft,0.05s
4.17.2026 14:56:19,T0,T1,2.1ft,0.05s
4.17.2026 14:56:19,T0,T2,2.1ft,0.05s
4.17.2026 14:56:19,T1,T2,1.3ft,0.05s
4.17.2026 14:56:19,T0,T1,2.1ft,0.05s
4.17.2026 14:56:19,T0,T2,2.0ft,0.05s
4.17.2026 14:56:19,T1,T2,1.3ft,0.05s
4.17.2026 14:56:19,T0,T1,2.1ft,0.05s
4.17.2026 14:56:19,T0,T2,2.0ft,0.05s
4.17.2026 14:56:19,T1,T2,1.3ft,0.05s
4.17.2026 14:56:19,T0,T1,2.1ft,0.05s
4.17.2026 14:56:19,T0,T2,2.0ft,0.05s
4.17.2026 14:56:19,T1,T2,1.3ft,0.05s
4.17.2026 14:56:19,T0,T1,2.1ft,0.05s
4.17.2026 14:56:19,T0,T2,2.0ft,0.05s
4.17.2026 14:56:19,T1,T2,1.3ft,0.05s
4.17.2026 14:56:19,T0,T1,2.1ft,0.05s
4.17.2026 14:56:19,T0,T2,2.0ft,0.05s
4.17.2026 14:56:19,T1,T2,1.3ft,0.05s
4.17.2026 14:56:19,T0,T1,2.1ft,0.05s
4.17.2026 14:56:19,T0,T2,2.0ft,0.05s
4.17.2026 14:56:19,T1,T2,1.3ft,0.05s
4.17.2026 14:56:19,T0,T1,2.1ft,0.05s
4.17.2026 14:56:19,T0,T2,1.9ft,0.05s
4.17.2026 14:56:19,T1,T2,1.3ft,0.05s
4.17.2026 14:56:19,T0,T1,2.1ft,0.05s
4.17.2026 14:56:19,T0,T2,1.9ft,0.05s
4.17.2026 14:56:19,T1,T2,1.3ft,0.05s
4.17.2026 14:56:19,T0,T1,2.1ft,0.05s
4.17.2026 14:56:19,T0,T2,1.9ft,0.05s
4.17.2026 14:56:19,T1,T2,1.3ft,0.05s
4.17.2026 14:56:19,T0,T1,2.1ft,0.05s
4.17.2026 14:56:19,T0,T2,1.9ft,0.05s
4.17.2026 14:56:19,T1,T2,1.3ft,0.05s
4.17.2026 14:56:20,T0,T1,2.1ft,0.05s
4.17.2026 14:56:20,T0,T2,1.9ft,0.05s
4.17.2026 14:56:20,T1,T2,1.3ft,0.05s
4.17.2026 14:56:20,T0,T1,2.1ft,0.05s
4.17.2026 14:56:20,T0,T2,1.9ft,0.05s
4.17.2026 14:56:20,T1,T2,1.3ft,0.05s
4.17.2026 14:56:20,T0,T1,2.1ft,0.05s
4.17.2026 14:56:20,T0,T2,1.9ft,0.05s
4.17.2026 14:56:20,T1,T2,1.3ft,0.05s
4.17.2026 14:56:20,T0,T1,2.1ft,0.05s
4.17.2026 14:56:20,T0,T2,2.0ft,0.05s
4.17.2026 14:56:20,T1,T2,1.3ft,0.05s
4.17.2026 14:56:20,T0,T1,2.1ft,0.05s
4.17.2026 14:56:20,T0,T2,2.0ft,0.05s
4.17.2026 14:56:20,T1,T2,1.3ft,0.05s
4.17.2026 14:56:20,T0,T1,2.1ft,0.05s
4.17.2026 14:56:20,T0,T2,2.1ft,0.05s
4.17.2026 14:56:20,T1,T2,1.3ft,0.05s
4.17.2026 14:56:20,T0,T1,2.1ft,0.05s
4.17.2026 14:56:20,T0,T2,2.1ft,0.05s
4.17.2026 14:56:20,T1,T2,1.3ft,0.05s
4.17.2026 14:56:20,T0,T1,2.1ft,0.05s
4.17.2026 14:56:20,T0,T2,2.1ft,0.05s
4.17.2026 14:56:20,T1,T2,1.3ft,0.05s
4.17.2026 14:56:20,T0,T1,2.1ft,0.05s
4.17.2026 14:56:20,T0,T2,2.1ft,0.05s
4.17.2026 14:56:20,T1,T2,1.3ft,0.05s
4.17.2026 14:56:20,T0,T1,2.1ft,0.05s
4.17.2026 14:56:20,T0,T2,2.1ft,0.05s
4.17.2026 14:56:20,T1,T2,1.3ft,0.05s
4.17.2026 14:56:20,T0,T1,2.1ft,0.05s
4.17.2026 14:56:20,T0,T2,2.1ft,0.05s
4.17.2026 14:56:20,T1,T2,1.3ft,0.05s
4.17.2026 14:56:20,T0,T1,2.1ft,0.05s
4.17.2026 14:56:20,T0,T2,2.1ft,0.05s
4.17.2026 14:56:20,T1,T2,1.3ft,0.05s
4.17.2026 14:56:20,T0,T1,2.1ft,0.05s
4.17.2026 14:56:20,T0,T2,2.1ft,0.05s
4.17.2026 14:56:20,T1,T2,1.3ft,0.05s
4.17.2026 14:56:20,T0,T1,2.1ft,0.05s
4.17.2026 14:56:20,T0,T2,2.1ft,0.05s
4.17.2026 14:56:20,T1,T2,1.3ft,0.05s
4.17.2026 14:56:20,T0,T1,2.1ft,0.05s
4.17.2026 14:56:20,T0,T2,2.1ft,0.05s
4.17.2026 14:56:20,T1,T2,1.3ft,0.05s
4.17.2026 14:56:20,T0,T1,2.1ft,0.05s
4.17.2026 14:56:20,T0,T2,2.1ft,0.05s
4.17.2026 14:56:20,T1,T2,1.3ft,0.05s
4.17.2026 14:56:20,T0,T1,2.1ft,0.05s
4.17.2026 14:56:20,T0,T2,2.2ft,0.05s
4.17.2026 14:56:20,T1,T2,1.3ft,0.05s
4.17.2026 14:56:20,T0,T1,2.1ft,0.05s
4.17.2026 14:56:20,T0,T2,2.2ft,0.05s
4.17.2026 14:56:20,T1,T2,1.3ft,0.05s
4.17.2026 14:56:20,T0,T1,2.1ft,0.05s
4.17.2026 14:56:20,T0,T2,2.3ft,0.05s
4.17.2026 14:56:20,T1,T2,1.4ft,0.05s
4.17.2026 14:56:21,T0,T1,2.1ft,0.05s
4.17.2026 14:56:21,T0,T2,2.3ft,0.05s
4.17.2026 14:56:21,T1,T2,1.4ft,0.05s
4.17.2026 14:56:21,T0,T1,2.1ft,0.05s
4.17.2026 14:56:21,T0,T2,2.4ft,0.05s
4.17.2026 14:56:21,T1,T2,1.4ft,0.05s
4.17.2026 14:56:21,T0,T1,2.1ft,0.05s
4.17.2026 14:56:21,T0,T2,2.4ft,0.05s
4.17.2026 14:56:21,T1,T2,1.5ft,0.05s
4.17.2026 14:56:21,T0,T1,2.1ft,0.05s
4.17.2026 14:56:21,T0,T2,2.4ft,0.05s
4.17.2026 14:56:21,T1,T2,1.4ft,0.05s
4.17.2026 14:56:21,T0,T1,2.1ft,0.05s
4.17.2026 14:56:21,T0,T2,2.4ft,0.05s
4.17.2026 14:56:21,T1,T2,1.4ft,0.05s
4.17.2026 14:56:21,T0,T1,2.1ft,0.05s
4.17.2026 14:56:21,T0,T2,2.3ft,0.05s
4.17.2026 14:56:21,T1,T2,1.4ft,0.05s
4.17.2026 14:56:21,T0,T1,2.1ft,0.05s
4.17.2026 14:56:21,T0,T2,2.3ft,0.05s
4.17.2026 14:56:21,T1,T2,1.4ft,0.05s
4.17.2026 14:56:21,T0,T1,2.1ft,0.05s
4.17.2026 14:56:21,T0,T2,2.3ft,0.05s
4.17.2026 14:56:21,T1,T2,1.4ft,0.05s
4.17.2026 14:56:21,T0,T1,2.1ft,0.05s
4.17.2026 14:56:21,T0,T2,2.3ft,0.05s
4.17.2026 14:56:21,T1,T2,1.4ft,0.05s
4.17.2026 14:56:21,T0,T1,2.1ft,0.05s
4.17.2026 14:56:21,T0,T2,2.2ft,0.05s
4.17.2026 14:56:21,T1,T2,1.3ft,0.05s
4.17.2026 14:56:21,T0,T1,2.1ft,0.05s
4.17.2026 14:56:21,T0,T2,2.2ft,0.05s
4.17.2026 14:56:21,T1,T2,1.3ft,0.05s
4.17.2026 14:56:21,T0,T1,2.1ft,0.05s
4.17.2026 14:56:21,T0,T2,2.2ft,0.05s
4.17.2026 14:56:21,T1,T2,1.3ft,0.05s
4.17.2026 14:56:21,T0,T1,2.1ft,0.05s
4.17.2026 14:56:21,T0,T2,2.1ft,0.05s
4.17.2026 14:56:21,T1,T2,1.3ft,0.05s
4.17.2026 14:56:21,T0,T1,2.1ft,0.05s
4.17.2026 14:56:21,T0,T2,2.1ft,0.05s
4.17.2026 14:56:21,T1,T2,1.3ft,0.05s
4.17.2026 14:56:21,T0,T1,2.1ft,0.05s
4.17.2026 14:56:21,T0,T2,2.1ft,0.05s
4.17.2026 14:56:21,T1,T2,1.3ft,0.05s
4.17.2026 14:56:21,T0,T1,2.1ft,0.05s
4.17.2026 14:56:21,T0,T2,2.1ft,0.05s
4.17.2026 14:56:21,T1,T2,1.3ft,0.05s
4.17.2026 14:56:21,T0,T1,2.1ft,0.05s
4.17.2026 14:56:21,T0,T2,2.1ft,0.05s
4.17.2026 14:56:21,T1,T2,1.3ft,0.05s
4.17.2026 14:56:21,T0,T1,2.1ft,0.05s
4.17.2026 14:56:21,T0,T2,2.1ft,0.05s
4.17.2026 14:56:21,T1,T2,1.3ft,0.05s
4.17.2026 14:56:21,T0,T1,2.1ft,0.05s
4.17.2026 14:56:21,T0,T2,2.1ft,0.05s
4.17.2026 14:56:21,T1,T2,1.2ft,0.05s
4.17.2026 14:56:21,T0,T1,2.1ft,0.05s
4.17.2026 14:56:21,T0,T2,2.0ft,0.05s
4.17.2026 14:56:21,T1,T2,1.2ft,0.05s
4.17.2026 14:56:22,T0,T1,2.1ft,0.05s
4.17.2026 14:56:22,T0,T2,2.0ft,0.05s
4.17.2026 14:56:22,T1,T2,1.2ft,0.05s
4.17.2026 14:56:22,T0,T1,2.1ft,0.05s
4.17.2026 14:56:22,T0,T2,2.0ft,0.05s
4.17.2026 14:56:22,T1,T2,1.3ft,0.05s
4.17.2026 14:56:22,T0,T1,2.1ft,0.05s
4.17.2026 14:56:22,T0,T2,2.1ft,0.05s
4.17.2026 14:56:22,T1,T2,1.3ft,0.05s
4.17.2026 14:56:22,T0,T1,2.1ft,0.05s
4.17.2026 14:56:22,T0,T2,2.1ft,0.05s
4.17.2026 14:56:22,T1,T2,1.3ft,0.05s
4.17.2026 14:56:22,T0,T1,2.1ft,0.05s
4.17.2026 14:56:22,T0,T2,2.1ft,0.05s
4.17.2026 14:56:22,T1,T2,1.3ft,0.05s
4.17.2026 14:56:22,T0,T1,2.1ft,0.05s
4.17.2026 14:56:22,T0,T2,2.1ft,0.05s
4.17.2026 14:56:22,T1,T2,1.3ft,0.05s
4.17.2026 14:56:22,T0,T1,2.1ft,0.05s
4.17.2026 14:56:22,T0,T2,2.1ft,0.05s
4.17.2026 14:56:22,T1,T2,1.3ft,0.05s
4.17.2026 14:56:22,T0,T1,2.1ft,0.05s
4.17.2026 14:56:22,T0,T2,2.2ft,0.05s
4.17.2026 14:56:22,T1,T2,1.3ft,0.05s
4.17.2026 14:56:22,T0,T1,2.1ft,0.05s
4.17.2026 14:56:22,T0,T2,2.2ft,0.05s
4.17.2026 14:56:22,T1,T2,1.3ft,0.05s
4.17.2026 14:56:22,T0,T1,2.1ft,0.05s
4.17.2026 14:56:22,T0,T2,2.2ft,0.05s
4.17.2026 14:56:22,T1,T2,1.4ft,0.05s
4.17.2026 14:56:22,T0,T1,2.1ft,0.05s
4.17.2026 14:56:22,T0,T2,2.2ft,0.05s
4.17.2026 14:56:22,T1,T2,1.3ft,0.05s
4.17.2026 14:56:22,T0,T1,2.1ft,0.05s
4.17.2026 14:56:22,T0,T2,2.2ft,0.05s
4.17.2026 14:56:22,T1,T2,1.3ft,0.05s
4.17.2026 14:56:22,T0,T1,2.1ft,0.05s
4.17.2026 14:56:22,T0,T2,2.1ft,0.05s
4.17.2026 14:56:22,T1,T2,1.3ft,0.05s
4.17.2026 14:56:22,T0,T1,2.1ft,0.05s
4.17.2026 14:56:22,T0,T2,2.1ft,0.05s
4.17.2026 14:56:22,T1,T2,1.3ft,0.05s
4.17.2026 14:56:22,T0,T1,2.1ft,0.05s
4.17.2026 14:56:22,T0,T2,2.1ft,0.05s
4.17.2026 14:56:22,T1,T2,1.3ft,0.05s
4.17.2026 14:56:22,T0,T1,2.1ft,0.05s
4.17.2026 14:56:22,T0,T2,2.1ft,0.05s
4.17.2026 14:56:22,T1,T2,1.3ft,0.05s
4.17.2026 14:56:22,T0,T1,2.1ft,0.05s
4.17.2026 14:56:22,T0,T2,2.0ft,0.05s
4.17.2026 14:56:22,T1,T2,1.3ft,0.05s
4.17.2026 14:56:22,T0,T1,2.1ft,0.05s
4.17.2026 14:56:22,T0,T2,2.1ft,0.05s
4.17.2026 14:56:22,T1,T2,1.3ft,0.05s
4.17.2026 14:56:22,T0,T1,2.1ft,0.05s
4.17.2026 14:56:22,T0,T2,2.1ft,0.05s
4.17.2026 14:56:22,T1,T2,1.3ft,0.05s
4.17.2026 14:56:22,T0,T1,2.1ft,0.05s
4.17.2026 14:56:22,T0,T2,2.1ft,0.05s
4.17.2026 14:56:22,T1,T2,1.3ft,0.05s
4.17.2026 14:56:23,T0,T1,2.1ft,0.05s
4.17.2026 14:56:23,T0,T2,2.1ft,0.05s
4.17.2026 14:56:23,T1,T2,1.3ft,0.05s
4.17.2026 14:56:23,T0,T1,2.1ft,0.05s
4.17.2026 14:56:23,T0,T2,2.1ft,0.05s
4.17.2026 14:56:23,T1,T2,1.3ft,0.05s
4.17.2026 14:56:23,T0,T1,2.1ft,0.05s
4.17.2026 14:56:23,T0,T2,2.1ft,0.05s
4.17.2026 14:56:23,T1,T2,1.3ft,0.05s
4.17.2026 14:56:23,T0,T1,2.1ft,0.05s
4.17.2026 14:56:23,T0,T2,2.1ft,0.05s
4.17.2026 14:56:23,T1,T2,1.3ft,0.05s
4.17.2026 14:56:23,T0,T1,2.1ft,0.05s
4.17.2026 14:56:23,T0,T2,2.2ft,0.05s
4.17.2026 14:56:23,T1,T2,1.4ft,0.05s
4.17.2026 14:56:23,T0,T1,2.1ft,0.05s
4.17.2026 14:56:23,T0,T2,2.2ft,0.05s
4.17.2026 14:56:23,T1,T2,1.4ft,0.05s
4.17.2026 14:56:23,T0,T1,2.1ft,0.05s
4.17.2026 14:56:23,T0,T2,2.2ft,0.05s
4.17.2026 14:56:23,T1,T2,1.4ft,0.05s
4.17.2026 14:56:23,T0,T1,2.1ft,0.05s
4.17.2026 14:56:23,T0,T2,2.2ft,0.05s
4.17.2026 14:56:23,T1,T2,1.4ft,0.05s
4.17.2026 14:56:23,T0,T1,2.1ft,0.05s
4.17.2026 14:56:23,T0,T2,2.2ft,0.05s
4.17.2026 14:56:23,T1,T2,1.4ft,0.05s
4.17.2026 14:56:23,T0,T1,2.1ft,0.05s
4.17.2026 14:56:23,T0,T2,2.1ft,0.05s
4.17.2026 14:56:23,T1,T2,1.4ft,0.05s
4.17.2026 14:56:23,T0,T1,2.1ft,0.05s
4.17.2026 14:56:23,T0,T2,2.1ft,0.05s
4.17.2026 14:56:23,T1,T2,1.4ft,0.05s
4.17.2026 14:56:23,T0,T1,2.0ft,0.05s
4.17.2026 14:56:23,T0,T2,2.1ft,0.05s
4.17.2026 14:56:23,T1,T2,1.4ft,0.05s
4.17.2026 14:56:23,T0,T1,2.0ft,0.05s
4.17.2026 14:56:23,T0,T2,2.1ft,0.05s
4.17.2026 14:56:23,T1,T2,1.3ft,0.05s
4.17.2026 14:56:23,T0,T1,2.0ft,0.05s
4.17.2026 14:56:23,T0,T2,2.1ft,0.05s
4.17.2026 14:56:23,T1,T2,1.3ft,0.05s
4.17.2026 14:56:23,T0,T1,2.0ft,0.05s
4.17.2026 14:56:23,T0,T2,2.1ft,0.05s
4.17.2026 14:56:23,T1,T2,1.3ft,0.05s
4.17.2026 14:56:23,T0,T1,2.0ft,0.05s
4.17.2026 14:56:23,T0,T2,2.1ft,0.05s
4.17.2026 14:56:23,T1,T2,1.3ft,0.05s
4.17.2026 14:56:23,T0,T1,2.0ft,0.05s
4.17.2026 14:56:23,T0,T2,2.1ft,0.05s
4.17.2026 14:56:23,T1,T2,1.3ft,0.05s
4.17.2026 14:56:23,T0,T1,2.0ft,0.05s
4.17.2026 14:56:23,T0,T2,2.1ft,0.05s
4.17.2026 14:56:23,T1,T2,1.3ft,0.05s
4.17.2026 14:56:23,T0,T1,2.0ft,0.05s
4.17.2026 14:56:23,T0,T2,2.0ft,0.05s
4.17.2026 14:56:23,T1,T2,1.3ft,0.05s
4.17.2026 14:56:24,T0,T1,2.0ft,0.05s
4.17.2026 14:56:24,T0,T2,2.0ft,0.05s
4.17.2026 14:56:24,T1,T2,1.3ft,0.05s
4.17.2026 14:56:24,T0,T1,2.0ft,0.05s
4.17.2026 14:56:24,T0,T2,2.0ft,0.05s
4.17.2026 14:56:24,T1,T2,1.3ft,0.05s
4.17.2026 14:56:24,T0,T1,2.0ft,0.05s
4.17.2026 14:56:24,T0,T2,2.0ft,0.05s
4.17.2026 14:56:24,T1,T2,1.3ft,0.05s
4.17.2026 14:56:24,T0,T1,2.1ft,0.05s
4.17.2026 14:56:24,T0,T2,2.0ft,0.05s
4.17.2026 14:56:24,T1,T2,1.3ft,0.05s
4.17.2026 14:56:24,T0,T1,2.1ft,0.05s
4.17.2026 14:56:24,T0,T2,2.0ft,0.05s
4.17.2026 14:56:24,T1,T2,1.3ft,0.05s
4.17.2026 14:56:24,T0,T1,2.1ft,0.05s
4.17.2026 14:56:24,T0,T2,2.0ft,0.05s
4.17.2026 14:56:24,T1,T2,1.3ft,0.05s
4.17.2026 14:56:24,T0,T1,2.1ft,0.05s
4.17.2026 14:56:24,T0,T2,2.0ft,0.05s
4.17.2026 14:56:24,T1,T2,1.3ft,0.05s
4.17.2026 14:56:24,T0,T1,2.1ft,0.05s
4.17.2026 14:56:24,T0,T2,2.0ft,0.05s
4.17.2026 14:56:24,T1,T2,1.3ft,0.05s
4.17.2026 14:56:24,T0,T1,2.0ft,0.06s
4.17.2026 14:56:24,T0,T2,2.0ft,0.06s
4.17.2026 14:56:24,T1,T2,1.2ft,0.06s
4.17.2026 14:56:24,T0,T1,2.0ft,0.05s
4.17.2026 14:56:24,T0,T2,2.0ft,0.05s
4.17.2026 14:56:24,T1,T2,1.2ft,0.05s
4.17.2026 14:56:24,T0,T1,2.0ft,0.05s
4.17.2026 14:56:24,T0,T2,2.0ft,0.05s
4.17.2026 14:56:24,T1,T2,1.2ft,0.05s
4.17.2026 14:56:24,T0,T1,2.0ft,0.06s
4.17.2026 14:56:24,T0,T2,2.0ft,0.06s
4.17.2026 14:56:24,T1,T2,1.2ft,0.06s
4.17.2026 14:56:24,T0,T1,2.0ft,0.05s
4.17.2026 14:56:24,T0,T2,2.0ft,0.05s
4.17.2026 14:56:24,T1,T2,1.2ft,0.05s
4.17.2026 14:56:24,T0,T1,2.0ft,0.05s
4.17.2026 14:56:24,T0,T2,2.0ft,0.05s
4.17.2026 14:56:24,T1,T2,1.2ft,0.05s
4.17.2026 14:56:24,T0,T1,2.0ft,0.05s
4.17.2026 14:56:24,T0,T2,2.0ft,0.05s
4.17.2026 14:56:24,T1,T2,1.2ft,0.05s
4.17.2026 14:56:24,T0,T1,2.1ft,0.05s
4.17.2026 14:56:24,T0,T2,2.1ft,0.05s
4.17.2026 14:56:24,T1,T2,1.2ft,0.05s
4.17.2026 14:56:24,T0,T1,2.1ft,0.05s
4.17.2026 14:56:24,T0,T2,2.1ft,0.05s
4.17.2026 14:56:24,T1,T2,1.2ft,0.05s
4.17.2026 14:56:24,T0,T1,2.1ft,0.05s
4.17.2026 14:56:24,T0,T2,2.1ft,0.05s
4.17.2026 14:56:24,T1,T2,1.2ft,0.05s
4.17.2026 14:56:24,T0,T1,2.1ft,0.05s
4.17.2026 14:56:24,T0,T2,2.1ft,0.05s
4.17.2026 14:56:24,T1,T2,1.2ft,0.05s
4.17.2026 14:56:25,T0,T1,2.1ft,0.05s
4.17.2026 14:56:25,T0,T2,2.1ft,0.05s
4.17.2026 14:56:25,T1,T2,1.2ft,0.05s
4.17.2026 14:56:25,T0,T1,2.1ft,0.05s
4.17.2026 14:56:25,T0,T2,2.1ft,0.05s
4.17.2026 14:56:25,T1,T2,1.2ft,0.05s
4.17.2026 14:56:25,T0,T1,2.1ft,0.05s
4.17.2026 14:56:25,T0,T2,2.1ft,0.05s
4.17.2026 14:56:25,T1,T2,1.2ft,0.05s
4.17.2026 14:56:25,T0,T1,2.1ft,0.05s
4.17.2026 14:56:25,T0,T2,2.2ft,0.05s
4.17.2026 14:56:25,T1,T2,1.3ft,0.05s
4.17.2026 14:56:25,T0,T1,2.1ft,0.05s
4.17.2026 14:56:25,T0,T2,2.2ft,0.05s
4.17.2026 14:56:25,T1,T2,1.3ft,0.05s
4.17.2026 14:56:25,T0,T1,2.0ft,0.05s
4.17.2026 14:56:25,T0,T2,2.2ft,0.05s
4.17.2026 14:56:25,T1,T2,1.3ft,0.05s
4.17.2026 14:56:25,T0,T1,2.0ft,0.05s
4.17.2026 14:56:25,T0,T2,2.1ft,0.05s
4.17.2026 14:56:25,T1,T2,1.3ft,0.05s
4.17.2026 14:56:25,T0,T1,2.0ft,0.05s
4.17.2026 14:56:25,T0,T2,2.1ft,0.05s
4.17.2026 14:56:25,T1,T2,1.3ft,0.05s
4.17.2026 14:56:25,T0,T1,2.0ft,0.05s
4.17.2026 14:56:25,T0,T2,2.1ft,0.05s
4.17.2026 14:56:25,T1,T2,1.3ft,0.05s
4.17.2026 14:56:25,T0,T1,2.0ft,0.05s
4.17.2026 14:56:25,T0,T2,2.1ft,0.05s
4.17.2026 14:56:25,T1,T2,1.3ft,0.05s
4.17.2026 14:56:25,T0,T1,2.0ft,0.05s
4.17.2026 14:56:25,T0,T2,2.0ft,0.05s
4.17.2026 14:56:25,T1,T2,1.3ft,0.05s
4.17.2026 14:56:25,T0,T1,2.0ft,0.05s
4.17.2026 14:56:25,T0,T2,2.0ft,0.05s
4.17.2026 14:56:25,T1,T2,1.3ft,0.05s
4.17.2026 14:56:25,T0,T1,2.0ft,0.05s
4.17.2026 14:56:25,T0,T2,1.9ft,0.05s
4.17.2026 14:56:25,T1,T2,1.3ft,0.05s
4.17.2026 14:56:25,T0,T1,2.0ft,0.05s
4.17.2026 14:56:25,T0,T2,2.0ft,0.05s
4.17.2026 14:56:25,T1,T2,1.3ft,0.05s
4.17.2026 14:56:25,T0,T1,2.0ft,0.05s
4.17.2026 14:56:25,T0,T2,2.0ft,0.05s
4.17.2026 14:56:25,T1,T2,1.3ft,0.05s
4.17.2026 14:56:25,T0,T1,2.0ft,0.05s
4.17.2026 14:56:25,T0,T2,2.0ft,0.05s
4.17.2026 14:56:25,T1,T2,1.3ft,0.05s
4.17.2026 14:56:25,T0,T1,2.0ft,0.05s
4.17.2026 14:56:25,T0,T2,2.0ft,0.05s
4.17.2026 14:56:25,T1,T2,1.3ft,0.05s
4.17.2026 14:56:25,T0,T1,2.0ft,0.05s
4.17.2026 14:56:25,T0,T2,2.1ft,0.05s
4.17.2026 14:56:25,T1,T2,1.4ft,0.05s
4.17.2026 14:56:25,T0,T1,2.0ft,0.05s
4.17.2026 14:56:25,T0,T2,2.2ft,0.05s
4.17.2026 14:56:25,T1,T2,1.4ft,0.05s
4.17.2026 14:56:25,T0,T1,2.0ft,0.05s
4.17.2026 14:56:25,T0,T2,2.2ft,0.05s
4.17.2026 14:56:25,T1,T2,1.4ft,0.05s
4.17.2026 14:56:26,T0,T1,2.0ft,0.06s
4.17.2026 14:56:26,T0,T2,2.2ft,0.06s
4.17.2026 14:56:26,T1,T2,1.5ft,0.06s
4.17.2026 14:56:26,T0,T1,2.0ft,0.05s
4.17.2026 14:56:26,T0,T2,2.3ft,0.05s
4.17.2026 14:56:26,T1,T2,1.5ft,0.05s
4.17.2026 14:56:26,T0,T1,2.0ft,0.05s
4.17.2026 14:56:26,T0,T2,2.3ft,0.05s
4.17.2026 14:56:26,T1,T2,1.5ft,0.05s
4.17.2026 14:56:26,T0,T1,2.0ft,0.05s
4.17.2026 14:56:26,T0,T2,2.3ft,0.05s
4.17.2026 14:56:26,T1,T2,1.5ft,0.05s
4.17.2026 14:56:26,T0,T1,2.0ft,0.05s
4.17.2026 14:56:26,T0,T2,2.3ft,0.05s
4.17.2026 14:56:26,T1,T2,1.5ft,0.05s
4.17.2026 14:56:26,T0,T1,2.0ft,0.05s
4.17.2026 14:56:26,T0,T2,2.3ft,0.05s
4.17.2026 14:56:26,T1,T2,1.5ft,0.05s
4.17.2026 14:56:26,T0,T1,2.0ft,0.05s
4.17.2026 14:56:26,T0,T2,2.3ft,0.05s
4.17.2026 14:56:26,T1,T2,1.5ft,0.05s
4.17.2026 14:56:26,T0,T1,2.0ft,0.05s
4.17.2026 14:56:26,T0,T2,2.3ft,0.05s
4.17.2026 14:56:26,T1,T2,1.5ft,0.05s
4.17.2026 14:56:26,T0,T1,2.0ft,0.05s
4.17.2026 14:56:26,T0,T2,2.2ft,0.05s
4.17.2026 14:56:26,T1,T2,1.4ft,0.05s
4.17.2026 14:56:26,T0,T1,2.0ft,0.05s
4.17.2026 14:56:26,T0,T2,2.2ft,0.05s
4.17.2026 14:56:26,T1,T2,1.4ft,0.05s
4.17.2026 14:56:26,T0,T1,2.0ft,0.05s
4.17.2026 14:56:26,T0,T2,2.3ft,0.05s
4.17.2026 14:56:26,T1,T2,1.5ft,0.05s
4.17.2026 14:56:26,T0,T1,2.0ft,0.05s
4.17.2026 14:56:26,T0,T2,2.3ft,0.05s
4.17.2026 14:56:26,T1,T2,1.5ft,0.05s
4.17.2026 14:56:26,T0,T1,2.1ft,0.05s
4.17.2026 14:56:26,T0,T2,2.4ft,0.05s
4.17.2026 14:56:26,T1,T2,1.5ft,0.05s
4.17.2026 14:56:26,T0,T1,2.1ft,0.05s
4.17.2026 14:56:26,T0,T2,2.4ft,0.05s
4.17.2026 14:56:26,T1,T2,1.5ft,0.05s
4.17.2026 14:56:26,T0,T1,2.1ft,0.05s
4.17.2026 14:56:26,T0,T2,2.4ft,0.05s
4.17.2026 14:56:26,T1,T2,1.5ft,0.05s
4.17.2026 14:56:26,T0,T1,2.1ft,0.05s
4.17.2026 14:56:26,T0,T2,2.4ft,0.05s
4.17.2026 14:56:26,T1,T2,1.6ft,0.05s
4.17.2026 14:56:26,T0,T1,2.1ft,0.05s
4.17.2026 14:56:26,T0,T2,2.4ft,0.05s
4.17.2026 14:56:26,T1,T2,1.6ft,0.05s
4.17.2026 14:56:26,T0,T1,2.1ft,0.05s
4.17.2026 14:56:26,T0,T2,2.4ft,0.05s
4.17.2026 14:56:26,T1,T2,1.5ft,0.05s
4.17.2026 14:56:26,T0,T1,2.1ft,0.05s
4.17.2026 14:56:26,T0,T2,2.4ft,0.05s
4.17.2026 14:56:26,T1,T2,1.5ft,0.05s
4.17.2026 14:56:26,T0,T1,2.1ft,0.05s
4.17.2026 14:56:26,T0,T2,2.4ft,0.05s
4.17.2026 14:56:26,T1,T2,1.5ft,0.05s
4.17.2026 14:56:27,T0,T1,2.1ft,0.05s
4.17.2026 14:56:27,T0,T2,2.4ft,0.05s
4.17.2026 14:56:27,T1,T2,1.5ft,0.05s
4.17.2026 14:56:27,T0,T1,2.1ft,0.05s
4.17.2026 14:56:27,T0,T2,2.4ft,0.05s
4.17.2026 14:56:27,T1,T2,1.5ft,0.05s
4.17.2026 14:56:27,T0,T1,2.1ft,0.05s
4.17.2026 14:56:27,T0,T2,2.4ft,0.05s
4.17.2026 14:56:27,T1,T2,1.5ft,0.05s
4.17.2026 14:56:27,T0,T1,2.1ft,0.05s
4.17.2026 14:56:27,T0,T2,2.4ft,0.05s
4.17.2026 14:56:27,T1,T2,1.5ft,0.05s
4.17.2026 14:56:27,T0,T1,2.0ft,0.05s
4.17.2026 14:56:27,T0,T2,2.3ft,0.05s
4.17.2026 14:56:27,T1,T2,1.5ft,0.05s
4.17.2026 14:56:27,T0,T1,2.0ft,0.05s
4.17.2026 14:56:27,T0,T2,2.3ft,0.05s
4.17.2026 14:56:27,T1,T2,1.5ft,0.05s
4.17.2026 14:56:27,T0,T1,2.0ft,0.05s
4.17.2026 14:56:27,T0,T2,2.2ft,0.05s
4.17.2026 14:56:27,T1,T2,1.5ft,0.05s
4.17.2026 14:56:27,T0,T1,2.1ft,0.05s
4.17.2026 14:56:27,T0,T2,2.2ft,0.05s
4.17.2026 14:56:27,T1,T2,1.5ft,0.05s
4.17.2026 14:56:27,T0,T1,2.1ft,0.05s
4.17.2026 14:56:27,T0,T2,2.1ft,0.05s
4.17.2026 14:56:27,T1,T2,1.4ft,0.05s
4.17.2026 14:56:27,T0,T1,2.1ft,0.05s
4.17.2026 14:56:27,T0,T2,2.1ft,0.05s
4.17.2026 14:56:27,T1,T2,1.4ft,0.05s
4.17.2026 14:56:27,T0,T1,2.1ft,0.05s
4.17.2026 14:56:27,T0,T2,2.1ft,0.05s
4.17.2026 14:56:27,T1,T2,1.4ft,0.05s
4.17.2026 14:56:27,T0,T1,2.2ft,0.05s
4.17.2026 14:56:27,T0,T2,2.1ft,0.05s
4.17.2026 14:56:27,T1,T2,1.4ft,0.05s
4.17.2026 14:56:27,T0,T1,2.2ft,0.05s
4.17.2026 14:56:27,T0,T2,2.1ft,0.05s
4.17.2026 14:56:27,T1,T2,1.3ft,0.05s
4.17.2026 14:56:27,T0,T1,2.2ft,0.05s
4.17.2026 14:56:27,T0,T2,2.1ft,0.05s
4.17.2026 14:56:27,T1,T2,1.3ft,0.05s
4.17.2026 14:56:27,T0,T1,2.2ft,0.05s
4.17.2026 14:56:27,T0,T2,2.1ft,0.05s
4.17.2026 14:56:27,T1,T2,1.3ft,0.05s
4.17.2026 14:56:27,T0,T1,2.3ft,0.05s
4.17.2026 14:56:27,T0,T2,2.1ft,0.05s
4.17.2026 14:56:27,T1,T2,1.3ft,0.05s
4.17.2026 14:56:27,T0,T1,2.3ft,0.05s
4.17.2026 14:56:27,T0,T2,2.1ft,0.05s
4.17.2026 14:56:27,T1,T2,1.3ft,0.05s
4.17.2026 14:56:27,T0,T1,2.3ft,0.05s
4.17.2026 14:56:27,T0,T2,2.1ft,0.05s
4.17.2026 14:56:27,T1,T2,1.3ft,0.05s
4.17.2026 14:56:27,T0,T1,2.1ft,0.05s
4.17.2026 14:56:27,T0,T2,1.8ft,0.05s
4.17.2026 14:56:27,T1,T2,1.3ft,0.05s
4.17.2026 14:56:28,T0,T1,1.9ft,0.05s
4.17.2026 14:56:28,T0,T2,1.6ft,0.05s
4.17.2026 14:56:28,T1,T2,1.3ft,0.05s
4.17.2026 14:56:28,T0,T1,1.7ft,0.05s
4.17.2026 14:56:28,T0,T2,1.2ft,0.05s
4.17.2026 14:56:28,T1,T2,1.3ft,0.05s
4.17.2026 14:56:28,T0,T1,1.6ft,0.05s
4.17.2026 14:56:28,T0,T2,1.0ft,0.05s
4.17.2026 14:56:28,T1,T2,1.3ft,0.05s
4.17.2026 14:56:28,T0,T1,1.6ft,0.05s
4.17.2026 14:56:28,T0,T2,0.7ft,0.05s
4.17.2026 14:56:28,T1,T2,1.3ft,0.05s
4.17.2026 14:56:28,T0,T1,1.6ft,0.05s
4.17.2026 14:56:28,T0,T2,0.5ft,0.05s
4.17.2026 14:56:28,T1,T2,1.3ft,0.05s
4.17.2026 14:56:28,T0,T1,1.6ft,0.05s
4.17.2026 14:56:28,T0,T2,0.5ft,0.05s
4.17.2026 14:56:28,T1,T2,1.3ft,0.05s
4.17.2026 14:56:28,T0,T1,1.6ft,0.05s
4.17.2026 14:56:28,T0,T2,0.5ft,0.05s
4.17.2026 14:56:28,T1,T2,1.3ft,0.05s
4.17.2026 14:56:28,T0,T1,1.6ft,0.05s
4.17.2026 14:56:28,T0,T2,0.5ft,0.05s
4.17.2026 14:56:28,T1,T2,1.3ft,0.05s
4.17.2026 14:56:28,T0,T1,1.6ft,0.05s
4.17.2026 14:56:28,T0,T2,0.5ft,0.05s
4.17.2026 14:56:28,T1,T2,1.3ft,0.05s
4.17.2026 14:56:28,T0,T1,1.6ft,0.05s
4.17.2026 14:56:28,T0,T2,0.6ft,0.05s
4.17.2026 14:56:28,T1,T2,1.3ft,0.05s
4.17.2026 14:56:28,T0,T1,1.6ft,0.05s
4.17.2026 14:56:28,T0,T2,0.8ft,0.05s
4.17.2026 14:56:28,T1,T2,1.3ft,0.05s
4.17.2026 14:56:28,T0,T1,1.6ft,0.05s
4.17.2026 14:56:28,T0,T2,1.0ft,0.05s
4.17.2026 14:56:28,T1,T2,1.3ft,0.05s
4.17.2026 14:56:28,T0,T1,1.7ft,0.05s
4.17.2026 14:56:28,T0,T2,1.2ft,0.05s
4.17.2026 14:56:28,T1,T2,1.4ft,0.05s
4.17.2026 14:56:28,T0,T1,1.9ft,0.05s
4.17.2026 14:56:28,T0,T2,1.6ft,0.05s
4.17.2026 14:56:28,T1,T2,1.5ft,0.05s
4.17.2026 14:56:28,T0,T1,2.1ft,0.05s
4.17.2026 14:56:28,T0,T2,2.0ft,0.05s
4.17.2026 14:56:28,T1,T2,1.6ft,0.05s
4.17.2026 14:56:28,T0,T1,2.4ft,0.05s
4.17.2026 14:56:28,T0,T2,2.2ft,0.05s
4.17.2026 14:56:28,T1,T2,1.5ft,0.05s
4.17.2026 14:56:28,T0,T1,2.7ft,0.05s
4.17.2026 14:56:28,T0,T2,2.6ft,0.05s
4.17.2026 14:56:28,T1,T2,1.5ft,0.05s
4.17.2026 14:56:28,T0,T1,2.8ft,0.05s
4.17.2026 14:56:28,T0,T2,2.8ft,0.05s
4.17.2026 14:56:28,T1,T2,1.4ft,0.05s
4.17.2026 14:56:28,T0,T1,3.0ft,0.05s
4.17.2026 14:56:28,T0,T2,2.9ft,0.05s
4.17.2026 14:56:28,T1,T2,1.3ft,0.05s
4.17.2026 14:56:28,T0,T1,3.2ft,0.05s
4.17.2026 14:56:28,T0,T2,3.0ft,0.05s
4.17.2026 14:56:28,T1,T2,1.3ft,0.05s
4.17.2026 14:56:29,T0,T1,3.3ft,0.05s
4.17.2026 14:56:29,T0,T2,3.0ft,0.05s
4.17.2026 14:56:29,T1,T2,1.2ft,0.05s
4.17.2026 14:56:29,T0,T1,3.4ft,0.05s
4.17.2026 14:56:29,T0,T2,3.0ft,0.05s
4.17.2026 14:56:29,T1,T2,1.1ft,0.05s
4.17.2026 14:56:29,T0,T1,3.3ft,0.05s
4.17.2026 14:56:29,T0,T2,2.9ft,0.05s
4.17.2026 14:56:29,T1,T2,1.1ft,0.05s
4.17.2026 14:56:29,T0,T1,3.3ft,0.05s
4.17.2026 14:56:29,T0,T2,2.8ft,0.05s
4.17.2026 14:56:29,T1,T2,1.2ft,0.05s
4.17.2026 14:56:29,T0,T1,3.2ft,0.05s
4.17.2026 14:56:29,T0,T2,2.7ft,0.05s
4.17.2026 14:56:29,T1,T2,1.4ft,0.05s
4.17.2026 14:56:29,T0,T1,3.1ft,0.05s
4.17.2026 14:56:29,T0,T2,2.7ft,0.05s
4.17.2026 14:56:29,T1,T2,1.5ft,0.05s
4.17.2026 14:56:29,T0,T1,2.9ft,0.05s
4.17.2026 14:56:29,T0,T2,2.6ft,0.05s
4.17.2026 14:56:29,T1,T2,1.5ft,0.05s
4.17.2026 14:56:29,T0,T1,2.8ft,0.05s
4.17.2026 14:56:29,T0,T2,2.5ft,0.05s
4.17.2026 14:56:29,T1,T2,1.6ft,0.05s
4.17.2026 14:56:29,T0,T1,2.6ft,0.05s
4.17.2026 14:56:29,T0,T2,2.5ft,0.05s
4.17.2026 14:56:29,T1,T2,1.5ft,0.05s
4.17.2026 14:56:29,T0,T1,2.4ft,0.05s
4.17.2026 14:56:29,T0,T2,2.5ft,0.05s
4.17.2026 14:56:29,T1,T2,1.6ft,0.05s
4.17.2026 14:56:29,T0,T1,2.3ft,0.05s
4.17.2026 14:56:29,T0,T2,2.5ft,0.05s
4.17.2026 14:56:29,T1,T2,1.5ft,0.05s
4.17.2026 14:56:29,T0,T1,2.2ft,0.05s
4.17.2026 14:56:29,T0,T2,2.5ft,0.05s
4.17.2026 14:56:29,T1,T2,1.4ft,0.05s
4.17.2026 14:56:29,T0,T1,2.1ft,0.05s
4.17.2026 14:56:29,T0,T2,2.5ft,0.05s
4.17.2026 14:56:29,T1,T2,1.4ft,0.05s
4.17.2026 14:56:29,T0,T1,2.1ft,0.05s
4.17.2026 14:56:29,T0,T2,2.5ft,0.05s
4.17.2026 14:56:29,T1,T2,1.5ft,0.05s
4.17.2026 14:56:29,T0,T1,2.0ft,0.05s
4.17.2026 14:56:29,T0,T2,2.5ft,0.05s
4.17.2026 14:56:29,T1,T2,1.5ft,0.05s
4.17.2026 14:56:29,T0,T1,2.0ft,0.05s
4.17.2026 14:56:29,T0,T2,2.5ft,0.05s
4.17.2026 14:56:29,T1,T2,1.5ft,0.05s
4.17.2026 14:56:29,T0,T1,2.0ft,0.05s
4.17.2026 14:56:29,T0,T2,2.5ft,0.05s
4.17.2026 14:56:29,T1,T2,1.5ft,0.05s
4.17.2026 14:56:29,T0,T1,2.0ft,0.05s
4.17.2026 14:56:29,T0,T2,2.5ft,0.05s
4.17.2026 14:56:29,T1,T2,1.5ft,0.05s
4.17.2026 14:56:29,T0,T1,2.0ft,0.05s
4.17.2026 14:56:29,T0,T2,2.6ft,0.05s
4.17.2026 14:56:29,T1,T2,1.5ft,0.05s
4.17.2026 14:56:30,T0,T1,2.0ft,0.05s
4.17.2026 14:56:30,T0,T2,2.6ft,0.05s
4.17.2026 14:56:30,T1,T2,1.6ft,0.05s
4.17.2026 14:56:30,T0,T1,2.0ft,0.05s
4.17.2026 14:56:30,T0,T2,2.6ft,0.05s
4.17.2026 14:56:30,T1,T2,1.6ft,0.05s
4.17.2026 14:56:30,T0,T1,2.0ft,0.05s
4.17.2026 14:56:30,T0,T2,2.6ft,0.05s
4.17.2026 14:56:30,T1,T2,1.6ft,0.05s
4.17.2026 14:56:30,T0,T1,2.0ft,0.05s
4.17.2026 14:56:30,T0,T2,2.6ft,0.05s
4.17.2026 14:56:30,T1,T2,1.6ft,0.05s
4.17.2026 14:56:30,T0,T1,2.0ft,0.05s
4.17.2026 14:56:30,T0,T2,2.5ft,0.05s
4.17.2026 14:56:30,T1,T2,1.6ft,0.05s
4.17.2026 14:56:30,T0,T1,2.0ft,0.05s
4.17.2026 14:56:30,T0,T2,2.5ft,0.05s
4.17.2026 14:56:30,T1,T2,1.6ft,0.05s
4.17.2026 14:56:30,T0,T1,2.0ft,0.05s
4.17.2026 14:56:30,T0,T2,2.5ft,0.05s
4.17.2026 14:56:30,T1,T2,1.6ft,0.05s
4.17.2026 14:56:30,T0,T1,2.0ft,0.05s
4.17.2026 14:56:30,T0,T2,2.4ft,0.05s
4.17.2026 14:56:30,T1,T2,1.6ft,0.05s
4.17.2026 14:56:30,T0,T1,2.0ft,0.05s
4.17.2026 14:56:30,T0,T2,2.4ft,0.05s
4.17.2026 14:56:30,T1,T2,1.5ft,0.05s
4.17.2026 14:56:30,T0,T1,2.0ft,0.05s
4.17.2026 14:56:30,T0,T2,2.3ft,0.05s
4.17.2026 14:56:30,T1,T2,1.5ft,0.05s
4.17.2026 14:56:30,T0,T1,2.0ft,0.05s
4.17.2026 14:56:30,T0,T2,2.2ft,0.05s
4.17.2026 14:56:30,T1,T2,1.5ft,0.05s
4.17.2026 14:56:30,T0,T1,2.0ft,0.05s
4.17.2026 14:56:30,T0,T2,2.2ft,0.05s
4.17.2026 14:56:30,T1,T2,1.4ft,0.05s
4.17.2026 14:56:30,T0,T1,2.0ft,0.05s
4.17.2026 14:56:30,T0,T2,2.2ft,0.05s
4.17.2026 14:56:30,T1,T2,1.4ft,0.05s
4.17.2026 14:56:30,T0,T1,2.0ft,0.05s
4.17.2026 14:56:30,T0,T2,2.2ft,0.05s
4.17.2026 14:56:30,T1,T2,1.4ft,0.05s
4.17.2026 14:56:30,T0,T1,2.0ft,0.05s
4.17.2026 14:56:30,T0,T2,2.2ft,0.05s
4.17.2026 14:56:30,T1,T2,1.4ft,0.05s
4.17.2026 14:56:30,T0,T1,2.0ft,0.05s
4.17.2026 14:56:30,T0,T2,2.2ft,0.05s
4.17.2026 14:56:30,T1,T2,1.4ft,0.05s
4.17.2026 14:56:30,T0,T1,2.0ft,0.05s
4.17.2026 14:56:30,T0,T2,2.3ft,0.05s
4.17.2026 14:56:30,T1,T2,1.5ft,0.05s
4.17.2026 14:56:30,T0,T1,2.0ft,0.05s
4.17.2026 14:56:30,T0,T2,2.4ft,0.05s
4.17.2026 14:56:30,T1,T2,1.5ft,0.05s
4.17.2026 14:56:30,T0,T1,2.0ft,0.05s
4.17.2026 14:56:30,T0,T2,2.5ft,0.05s
4.17.2026 14:56:30,T1,T2,1.6ft,0.05s
4.17.2026 14:56:30,T0,T1,2.0ft,0.05s
4.17.2026 14:56:30,T0,T2,2.5ft,0.05s
4.17.2026 14:56:30,T1,T2,1.6ft,0.05s
4.17.2026 14:56:31,T0,T1,2.0ft,0.05s
4.17.2026 14:56:31,T0,T2,2.6ft,0.05s
4.17.2026 14:56:31,T1,T2,1.7ft,0.05s
4.17.2026 14:56:31,T0,T1,2.0ft,0.05s
4.17.2026 14:56:31,T0,T2,2.5ft,0.05s
4.17.2026 14:56:31,T1,T2,1.7ft,0.05s
4.17.2026 14:56:31,T0,T1,2.0ft,0.06s
4.17.2026 14:56:31,T0,T2,2.5ft,0.06s
4.17.2026 14:56:31,T1,T2,1.6ft,0.06s
4.17.2026 14:56:31,T0,T1,2.0ft,0.05s
4.17.2026 14:56:31,T0,T2,2.5ft,0.05s
4.17.2026 14:56:31,T1,T2,1.6ft,0.05s
4.17.2026 14:56:31,T0,T1,2.0ft,0.05s
4.17.2026 14:56:31,T0,T2,2.5ft,0.05s
4.17.2026 14:56:31,T1,T2,1.6ft,0.05s
4.17.2026 14:56:31,T0,T1,2.0ft,0.05s
4.17.2026 14:56:31,T0,T2,2.5ft,0.05s
4.17.2026 14:56:31,T1,T2,1.6ft,0.05s
4.17.2026 14:56:31,T0,T1,2.0ft,0.05s
4.17.2026 14:56:31,T0,T2,2.5ft,0.05s
4.17.2026 14:56:31,T1,T2,1.6ft,0.05s
4.17.2026 14:56:31,T0,T1,2.0ft,0.05s
4.17.2026 14:56:31,T0,T2,2.5ft,0.05s
4.17.2026 14:56:31,T1,T2,1.6ft,0.05s
4.17.2026 14:56:31,T0,T1,2.0ft,0.05s
4.17.2026 14:56:31,T0,T2,2.5ft,0.05s
4.17.2026 14:56:31,T1,T2,1.6ft,0.05s
4.17.2026 14:56:31,T0,T1,2.0ft,0.05s
4.17.2026 14:56:31,T0,T2,2.6ft,0.05s
4.17.2026 14:56:31,T1,T2,1.6ft,0.05s
4.17.2026 14:56:31,T0,T1,2.0ft,0.05s
4.17.2026 14:56:31,T0,T2,2.6ft,0.05s
4.17.2026 14:56:31,T1,T2,1.7ft,0.05s
4.17.2026 14:56:31,T0,T1,2.0ft,0.05s
4.17.2026 14:56:31,T0,T2,2.7ft,0.05s
4.17.2026 14:56:31,T1,T2,1.7ft,0.05s
4.17.2026 14:56:31,T0,T1,2.0ft,0.05s
4.17.2026 14:56:31,T0,T2,2.7ft,0.05s
4.17.2026 14:56:31,T1,T2,1.8ft,0.05s
4.17.2026 14:56:31,T0,T1,2.0ft,0.05s
4.17.2026 14:56:31,T0,T2,2.8ft,0.05s
4.17.2026 14:56:31,T1,T2,1.8ft,0.05s
4.17.2026 14:56:31,T0,T1,2.1ft,0.05s
4.17.2026 14:56:31,T0,T2,2.8ft,0.05s
4.17.2026 14:56:31,T1,T2,1.8ft,0.05s
4.17.2026 14:56:31,T0,T1,2.1ft,0.05s
4.17.2026 14:56:31,T0,T2,2.8ft,0.05s
4.17.2026 14:56:31,T1,T2,1.8ft,0.05s
4.17.2026 14:56:31,T0,T1,2.1ft,0.05s
4.17.2026 14:56:31,T0,T2,2.8ft,0.05s
4.17.2026 14:56:31,T1,T2,1.8ft,0.05s
4.17.2026 14:56:31,T0,T1,2.1ft,0.05s
4.17.2026 14:56:31,T0,T2,2.7ft,0.05s
4.17.2026 14:56:31,T1,T2,1.8ft,0.05s
4.17.2026 14:56:31,T0,T1,2.2ft,0.05s
4.17.2026 14:56:31,T0,T2,2.7ft,0.05s
4.17.2026 14:56:31,T1,T2,1.8ft,0.05s
4.17.2026 14:56:32,T0,T1,2.2ft,0.05s
4.17.2026 14:56:32,T0,T2,2.7ft,0.05s
4.17.2026 14:56:32,T1,T2,1.7ft,0.05s
4.17.2026 14:56:32,T0,T1,2.2ft,0.05s
4.17.2026 14:56:32,T0,T2,2.7ft,0.05s
4.17.2026 14:56:32,T1,T2,1.7ft,0.05s
4.17.2026 14:56:32,T0,T1,2.2ft,0.05s
4.17.2026 14:56:32,T0,T2,2.6ft,0.05s
4.17.2026 14:56:32,T1,T2,1.7ft,0.05s
4.17.2026 14:56:32,T0,T1,2.2ft,0.05s
4.17.2026 14:56:32,T0,T2,2.5ft,0.05s
4.17.2026 14:56:32,T1,T2,1.6ft,0.05s
4.17.2026 14:56:32,T0,T1,2.2ft,0.05s
4.17.2026 14:56:32,T0,T2,2.4ft,0.05s
4.17.2026 14:56:32,T1,T2,1.5ft,0.05s
4.17.2026 14:56:32,T0,T1,2.3ft,0.05s
4.17.2026 14:56:32,T0,T2,2.3ft,0.05s
4.17.2026 14:56:32,T1,T2,1.5ft,0.05s
4.17.2026 14:56:32,T0,T1,2.3ft,0.05s
4.17.2026 14:56:32,T0,T2,2.2ft,0.05s
4.17.2026 14:56:32,T1,T2,1.5ft,0.05s
4.17.2026 14:56:32,T0,T1,2.3ft,0.05s
4.17.2026 14:56:32,T0,T2,2.2ft,0.05s
4.17.2026 14:56:32,T1,T2,1.4ft,0.05s
4.17.2026 14:56:32,T0,T1,2.3ft,0.05s
4.17.2026 14:56:32,T0,T2,2.1ft,0.05s
4.17.2026 14:56:32,T1,T2,1.4ft,0.05s
4.17.2026 14:56:32,T0,T1,2.3ft,0.05s
4.17.2026 14:56:32,T0,T2,2.1ft,0.05s
4.17.2026 14:56:32,T1,T2,1.4ft,0.05s
4.17.2026 14:56:32,T0,T1,2.3ft,0.05s
4.17.2026 14:56:32,T0,T2,2.1ft,0.05s
4.17.2026 14:56:32,T1,T2,1.4ft,0.05s
4.17.2026 14:56:32,T0,T1,2.3ft,0.05s
4.17.2026 14:56:32,T0,T2,2.1ft,0.05s
4.17.2026 14:56:32,T1,T2,1.4ft,0.05s
4.17.2026 14:56:32,T0,T1,2.3ft,0.05s
4.17.2026 14:56:32,T0,T2,2.2ft,0.05s
4.17.2026 14:56:32,T1,T2,1.4ft,0.05s
4.17.2026 14:56:32,T0,T1,2.3ft,0.05s
4.17.2026 14:56:32,T0,T2,2.2ft,0.05s
4.17.2026 14:56:32,T1,T2,1.4ft,0.05s
4.17.2026 14:56:32,T0,T1,2.3ft,0.05s
4.17.2026 14:56:32,T0,T2,2.3ft,0.05s
4.17.2026 14:56:32,T1,T2,1.4ft,0.05s
4.17.2026 14:56:32,T0,T1,2.2ft,0.05s
4.17.2026 14:56:32,T0,T2,2.1ft,0.05s
4.17.2026 14:56:32,T1,T2,1.4ft,0.05s
4.17.2026 14:56:32,T0,T1,2.0ft,0.05s
4.17.2026 14:56:32,T0,T2,1.8ft,0.05s
4.17.2026 14:56:32,T1,T2,1.4ft,0.05s
4.17.2026 14:56:32,T0,T1,1.9ft,0.05s
4.17.2026 14:56:32,T0,T2,1.4ft,0.05s
4.17.2026 14:56:32,T1,T2,1.4ft,0.05s
4.17.2026 14:56:32,T0,T1,1.8ft,0.05s
4.17.2026 14:56:32,T0,T2,1.3ft,0.05s
4.17.2026 14:56:32,T1,T2,1.4ft,0.05s
4.17.2026 14:56:32,T0,T1,1.7ft,0.05s
4.17.2026 14:56:32,T0,T2,1.1ft,0.05s
4.17.2026 14:56:32,T1,T2,1.4ft,0.05s
4.17.2026 14:56:33,T0,T1,1.7ft,0.05s
4.17.2026 14:56:33,T0,T2,1.0ft,0.05s
4.17.2026 14:56:33,T1,T2,1.4ft,0.05s
4.17.2026 14:56:33,T0,T1,1.7ft,0.05s
4.17.2026 14:56:33,T0,T2,1.0ft,0.05s
4.17.2026 14:56:33,T1,T2,1.4ft,0.05s
4.17.2026 14:56:33,T0,T1,1.7ft,0.05s
4.17.2026 14:56:33,T0,T2,1.0ft,0.05s
4.17.2026 14:56:33,T1,T2,1.4ft,0.05s
4.17.2026 14:56:33,T0,T1,1.7ft,0.05s
4.17.2026 14:56:33,T0,T2,1.1ft,0.05s
4.17.2026 14:56:33,T1,T2,1.4ft,0.05s
4.17.2026 14:56:33,T0,T1,1.7ft,0.05s
4.17.2026 14:56:33,T0,T2,1.2ft,0.05s
4.17.2026 14:56:33,T1,T2,1.4ft,0.05s
4.17.2026 14:56:33,T0,T1,1.7ft,0.05s
4.17.2026 14:56:33,T0,T2,1.4ft,0.05s
4.17.2026 14:56:33,T1,T2,1.5ft,0.05s
4.17.2026 14:56:33,T0,T1,1.7ft,0.05s
4.17.2026 14:56:33,T0,T2,1.5ft,0.05s
4.17.2026 14:56:33,T1,T2,1.5ft,0.05s
4.17.2026 14:56:33,T0,T1,1.8ft,0.05s
4.17.2026 14:56:33,T0,T2,1.5ft,0.05s
4.17.2026 14:56:33,T1,T2,1.5ft,0.05s
4.17.2026 14:56:33,T0,T1,1.8ft,0.05s
4.17.2026 14:56:33,T0,T2,1.6ft,0.05s
4.17.2026 14:56:33,T1,T2,1.5ft,0.05s
4.17.2026 14:56:33,T0,T1,1.8ft,0.05s
4.17.2026 14:56:33,T0,T2,1.7ft,0.05s
4.17.2026 14:56:33,T1,T2,1.4ft,0.05s
4.17.2026 14:56:33,T0,T1,1.9ft,0.05s
4.17.2026 14:56:33,T0,T2,1.7ft,0.05s
4.17.2026 14:56:33,T1,T2,1.4ft,0.05s
4.17.2026 14:56:33,T0,T1,2.0ft,0.05s
4.17.2026 14:56:33,T0,T2,1.7ft,0.05s
4.17.2026 14:56:33,T1,T2,1.3ft,0.05s
4.17.2026 14:56:33,T0,T1,2.1ft,0.05s
4.17.2026 14:56:33,T0,T2,1.8ft,0.05s
4.17.2026 14:56:33,T1,T2,1.3ft,0.05s
4.17.2026 14:56:33,T0,T1,2.2ft,0.05s
4.17.2026 14:56:33,T0,T2,1.9ft,0.05s
4.17.2026 14:56:33,T1,T2,1.3ft,0.05s
4.17.2026 14:56:33,T0,T1,2.3ft,0.05s
4.17.2026 14:56:33,T0,T2,2.0ft,0.05s
4.17.2026 14:56:33,T1,T2,1.3ft,0.05s
4.17.2026 14:56:33,T0,T1,2.4ft,0.05s
4.17.2026 14:56:33,T0,T2,2.2ft,0.05s
4.17.2026 14:56:33,T1,T2,1.3ft,0.05s
4.17.2026 14:56:33,T0,T1,2.5ft,0.05s
4.17.2026 14:56:33,T0,T2,2.2ft,0.05s
4.17.2026 14:56:33,T1,T2,1.3ft,0.05s
4.17.2026 14:56:33,T0,T1,2.5ft,0.05s
4.17.2026 14:56:33,T0,T2,2.4ft,0.05s
4.17.2026 14:56:33,T1,T2,1.3ft,0.05s
4.17.2026 14:56:33,T0,T1,2.5ft,0.05s
4.17.2026 14:56:33,T0,T2,2.7ft,0.05s
4.17.2026 14:56:33,T1,T2,1.5ft,0.05s
4.17.2026 14:56:34,T0,T1,2.6ft,0.05s
4.17.2026 14:56:34,T0,T2,2.9ft,0.05s
4.17.2026 14:56:34,T1,T2,1.6ft,0.05s
4.17.2026 14:56:34,T0,T1,2.5ft,0.05s
4.17.2026 14:56:34,T0,T2,3.0ft,0.05s
4.17.2026 14:56:34,T1,T2,1.7ft,0.05s
4.17.2026 14:56:34,T0,T1,2.5ft,0.05s
4.17.2026 14:56:34,T0,T2,3.1ft,0.05s
4.17.2026 14:56:34,T1,T2,1.7ft,0.05s
4.17.2026 14:56:34,T0,T1,2.5ft,0.05s
4.17.2026 14:56:34,T0,T2,3.1ft,0.05s
4.17.2026 14:56:34,T1,T2,1.7ft,0.05s
4.17.2026 14:56:34,T0,T1,2.5ft,0.05s
4.17.2026 14:56:34,T0,T2,3.1ft,0.05s
4.17.2026 14:56:34,T1,T2,1.7ft,0.05s
4.17.2026 14:56:34,T0,T1,2.5ft,0.05s
4.17.2026 14:56:34,T0,T2,3.3ft,0.05s
4.17.2026 14:56:34,T1,T2,1.9ft,0.05s
4.17.2026 14:56:34,T0,T1,2.4ft,0.05s
4.17.2026 14:56:34,T0,T2,3.5ft,0.05s
4.17.2026 14:56:34,T1,T2,2.1ft,0.05s
4.17.2026 14:56:34,T0,T1,2.4ft,0.05s
4.17.2026 14:56:34,T0,T2,3.6ft,0.05s
4.17.2026 14:56:34,T1,T2,2.2ft,0.05s
4.17.2026 14:56:34,T0,T1,2.3ft,0.05s
4.17.2026 14:56:34,T0,T2,3.8ft,0.05s
4.17.2026 14:56:34,T1,T2,2.4ft,0.05s
4.17.2026 14:56:34,T0,T1,2.3ft,0.05s
4.17.2026 14:56:34,T0,T2,3.9ft,0.05s
4.17.2026 14:56:34,T1,T2,2.5ft,0.05s
4.17.2026 14:56:34,T0,T1,2.2ft,0.05s
4.17.2026 14:56:34,T0,T2,3.9ft,0.05s
4.17.2026 14:56:34,T1,T2,2.6ft,0.05s
4.17.2026 14:56:34,T0,T1,2.2ft,0.05s
4.17.2026 14:56:34,T0,T2,4.0ft,0.05s
4.17.2026 14:56:34,T1,T2,2.6ft,0.05s
4.17.2026 14:56:34,T0,T1,2.2ft,0.05s
4.17.2026 14:56:34,T0,T2,3.9ft,0.05s
4.17.2026 14:56:34,T1,T2,2.6ft,0.05s
4.17.2026 14:56:34,T0,T1,2.1ft,0.05s
4.17.2026 14:56:34,T0,T2,3.8ft,0.05s
4.17.2026 14:56:34,T1,T2,2.4ft,0.05s
4.17.2026 14:56:34,T0,T1,2.1ft,0.05s
4.17.2026 14:56:34,T0,T2,3.6ft,0.05s
4.17.2026 14:56:34,T1,T2,2.3ft,0.05s
4.17.2026 14:56:34,T0,T1,2.1ft,0.05s
4.17.2026 14:56:34,T0,T2,3.5ft,0.05s
4.17.2026 14:56:34,T1,T2,2.2ft,0.05s
4.17.2026 14:56:34,T0,T1,2.1ft,0.05s
4.17.2026 14:56:34,T0,T2,3.4ft,0.05s
4.17.2026 14:56:34,T1,T2,2.1ft,0.05s
4.17.2026 14:56:34,T0,T1,2.2ft,0.05s
4.17.2026 14:56:34,T0,T2,3.3ft,0.05s
4.17.2026 14:56:34,T1,T2,2.0ft,0.05s
4.17.2026 14:56:34,T0,T1,2.3ft,0.05s
4.17.2026 14:56:34,T0,T2,3.3ft,0.05s
4.17.2026 14:56:34,T1,T2,1.7ft,0.05s
4.17.2026 14:56:34,T0,T1,2.5ft,0.05s
4.17.2026 14:56:34,T0,T2,3.3ft,0.05s
4.17.2026 14:56:34,T1,T2,1.6ft,0.05s
4.17.2026 14:56:35,T0,T1,2.6ft,0.05s
4.17.2026 14:56:35,T0,T2,3.3ft,0.05s
4.17.2026 14:56:35,T1,T2,1.5ft,0.05s
4.17.2026 14:56:35,T0,T1,2.7ft,0.05s
4.17.2026 14:56:35,T0,T2,3.3ft,0.05s
4.17.2026 14:56:35,T1,T2,1.4ft,0.05s
4.17.2026 14:56:35,T0,T1,2.7ft,0.05s
4.17.2026 14:56:35,T0,T2,3.2ft,0.05s
4.17.2026 14:56:35,T1,T2,1.3ft,0.05s
4.17.2026 14:56:35,T0,T1,2.8ft,0.05s
4.17.2026 14:56:35,T0,T2,3.2ft,0.05s
4.17.2026 14:56:35,T1,T2,1.3ft,0.05s
4.17.2026 14:56:35,T0,T1,2.8ft,0.05s
4.17.2026 14:56:35,T0,T2,3.1ft,0.05s
4.17.2026 14:56:35,T1,T2,1.3ft,0.05s
4.17.2026 14:56:35,T0,T1,2.8ft,0.05s
4.17.2026 14:56:35,T0,T2,3.1ft,0.05s
4.17.2026 14:56:35,T1,T2,1.2ft,0.05s
4.17.2026 14:56:35,T0,T1,2.8ft,0.05s
4.17.2026 14:56:35,T0,T2,3.1ft,0.05s
4.17.2026 14:56:35,T1,T2,1.2ft,0.05s
4.17.2026 14:56:35,T0,T1,2.9ft,0.05s
4.17.2026 14:56:35,T0,T2,3.1ft,0.05s
4.17.2026 14:56:35,T1,T2,1.2ft,0.05s
4.17.2026 14:56:35,T0,T1,2.9ft,0.05s
4.17.2026 14:56:35,T0,T2,3.1ft,0.05s
4.17.2026 14:56:35,T1,T2,1.2ft,0.05s
4.17.2026 14:56:35,T0,T1,2.9ft,0.05s
4.17.2026 14:56:35,T0,T2,3.1ft,0.05s
4.17.2026 14:56:35,T1,T2,1.2ft,0.05s
4.17.2026 14:56:35,T0,T1,3.0ft,0.05s
4.17.2026 14:56:35,T0,T2,3.1ft,0.05s
4.17.2026 14:56:35,T1,T2,1.2ft,0.05s
4.17.2026 14:56:35,T0,T1,2.9ft,0.05s
4.17.2026 14:56:35,T0,T2,3.0ft,0.05s
4.17.2026 14:56:35,T1,T2,1.2ft,0.05s
4.17.2026 14:56:35,T0,T1,2.9ft,0.05s
4.17.2026 14:56:35,T0,T2,3.0ft,0.05s
4.17.2026 14:56:35,T1,T2,1.2ft,0.05s
4.17.2026 14:56:35,T0,T1,2.8ft,0.06s
4.17.2026 14:56:35,T0,T2,2.9ft,0.06s
4.17.2026 14:56:35,T1,T2,1.2ft,0.06s
4.17.2026 14:56:35,T0,T1,2.8ft,0.05s
4.17.2026 14:56:35,T0,T2,2.8ft,0.05s
4.17.2026 14:56:35,T1,T2,1.3ft,0.05s
4.17.2026 14:56:35,T0,T1,2.7ft,0.05s
4.17.2026 14:56:35,T0,T2,2.8ft,0.05s
4.17.2026 14:56:35,T1,T2,1.3ft,0.05s
4.17.2026 14:56:35,T0,T1,2.7ft,0.05s
4.17.2026 14:56:35,T0,T2,2.8ft,0.05s
4.17.2026 14:56:35,T1,T2,1.3ft,0.05s
4.17.2026 14:56:35,T0,T1,2.6ft,0.05s
4.17.2026 14:56:35,T0,T2,2.8ft,0.05s
4.17.2026 14:56:35,T1,T2,1.4ft,0.05s
4.17.2026 14:56:35,T0,T1,2.6ft,0.05s
4.17.2026 14:56:35,T0,T2,2.8ft,0.05s
4.17.2026 14:56:35,T1,T2,1.4ft,0.05s
4.17.2026 14:56:36,T0,T1,2.6ft,0.05s
4.17.2026 14:56:36,T0,T2,2.8ft,0.05s
4.17.2026 14:56:36,T1,T2,1.4ft,0.05s
4.17.2026 14:56:36,T0,T1,2.6ft,0.05s
4.17.2026 14:56:36,T0,T2,2.8ft,0.05s
4.17.2026 14:56:36,T1,T2,1.5ft,0.05s
4.17.2026 14:56:36,T0,T1,2.6ft,0.05s
4.17.2026 14:56:36,T0,T2,2.8ft,0.05s
4.17.2026 14:56:36,T1,T2,1.5ft,0.05s
4.17.2026 14:56:36,T0,T1,2.6ft,0.05s
4.17.2026 14:56:36,T0,T2,2.8ft,0.05s
4.17.2026 14:56:36,T1,T2,1.5ft,0.05s
4.17.2026 14:56:36,T0,T1,2.6ft,0.05s
4.17.2026 14:56:36,T0,T2,2.8ft,0.05s
4.17.2026 14:56:36,T1,T2,1.5ft,0.05s
4.17.2026 14:56:36,T0,T1,2.6ft,0.05s
4.17.2026 14:56:36,T0,T2,2.9ft,0.05s
4.17.2026 14:56:36,T1,T2,1.5ft,0.05s
4.17.2026 14:56:36,T0,T1,2.6ft,0.05s
4.17.2026 14:56:36,T0,T2,2.9ft,0.05s
4.17.2026 14:56:36,T1,T2,1.6ft,0.05s
4.17.2026 14:56:36,T0,T1,2.7ft,0.05s
4.17.2026 14:56:36,T0,T2,2.9ft,0.05s
4.17.2026 14:56:36,T1,T2,1.6ft,0.05s
4.17.2026 14:56:36,T0,T1,2.7ft,0.05s
4.17.2026 14:56:36,T0,T2,2.9ft,0.05s
4.17.2026 14:56:36,T1,T2,1.6ft,0.05s
4.17.2026 14:56:36,T0,T1,2.8ft,0.05s
4.17.2026 14:56:36,T0,T2,2.9ft,0.05s
4.17.2026 14:56:36,T1,T2,1.6ft,0.05s
4.17.2026 14:56:36,T0,T1,2.8ft,0.05s
4.17.2026 14:56:36,T0,T2,2.9ft,0.05s
4.17.2026 14:56:36,T1,T2,1.5ft,0.05s
4.17.2026 14:56:36,T0,T1,2.8ft,0.05s
4.17.2026 14:56:36,T0,T2,2.8ft,0.05s
4.17.2026 14:56:36,T1,T2,1.5ft,0.05s
4.17.2026 14:56:36,T0,T1,2.7ft,0.05s
4.17.2026 14:56:36,T0,T2,2.8ft,0.05s
4.17.2026 14:56:36,T1,T2,1.5ft,0.05s
4.17.2026 14:56:36,T0,T1,2.7ft,0.05s
4.17.2026 14:56:36,T0,T2,2.7ft,0.05s
4.17.2026 14:56:36,T1,T2,1.5ft,0.05s
4.17.2026 14:56:36,T0,T1,2.7ft,0.05s
4.17.2026 14:56:36,T0,T2,2.6ft,0.05s
4.17.2026 14:56:36,T1,T2,1.5ft,0.05s
4.17.2026 14:56:36,T0,T1,2.6ft,0.05s
4.17.2026 14:56:36,T0,T2,2.5ft,0.05s
4.17.2026 14:56:36,T1,T2,1.5ft,0.05s
4.17.2026 14:56:36,T0,T1,2.5ft,0.05s
4.17.2026 14:56:36,T0,T2,2.4ft,0.05s
4.17.2026 14:56:36,T1,T2,1.6ft,0.05s
4.17.2026 14:56:36,T0,T1,2.5ft,0.05s
4.17.2026 14:56:36,T0,T2,2.3ft,0.05s
4.17.2026 14:56:36,T1,T2,1.7ft,0.05s
4.17.2026 14:56:36,T0,T1,2.4ft,0.05s
4.17.2026 14:56:36,T0,T2,2.3ft,0.05s
4.17.2026 14:56:36,T1,T2,1.7ft,0.05s
4.17.2026 14:56:36,T0,T1,2.3ft,0.05s
4.17.2026 14:56:36,T0,T2,2.3ft,0.05s
4.17.2026 14:56:36,T1,T2,1.8ft,0.05s
4.17.2026 14:56:37,T0,T1,2.2ft,0.05s
4.17.2026 14:56:37,T0,T2,2.3ft,0.05s
4.17.2026 14:56:37,T1,T2,1.8ft,0.05s
4.17.2026 14:56:37,T0,T1,2.1ft,0.05s
4.17.2026 14:56:37,T0,T2,2.3ft,0.05s
4.17.2026 14:56:37,T1,T2,1.8ft,0.05s
4.17.2026 14:56:37,T0,T1,2.1ft,0.05s
4.17.2026 14:56:37,T0,T2,2.3ft,0.05s
4.17.2026 14:56:37,T1,T2,1.7ft,0.05s
4.17.2026 14:56:37,T0,T1,2.0ft,0.05s
4.17.2026 14:56:37,T0,T2,2.3ft,0.05s
4.17.2026 14:56:37,T1,T2,1.7ft,0.05s
4.17.2026 14:56:37,T0,T1,2.0ft,0.05s
4.17.2026 14:56:37,T0,T2,2.2ft,0.05s
4.17.2026 14:56:37,T1,T2,1.6ft,0.05s
4.17.2026 14:56:37,T0,T1,2.0ft,0.05s
4.17.2026 14:56:37,T0,T2,2.2ft,0.05s
4.17.2026 14:56:37,T1,T2,1.6ft,0.05s
4.17.2026 14:56:37,T0,T1,1.9ft,0.05s
4.17.2026 14:56:37,T0,T2,2.2ft,0.05s
4.17.2026 14:56:37,T1,T2,1.6ft,0.05s
4.17.2026 14:56:37,T0,T1,1.9ft,0.05s
4.17.2026 14:56:37,T0,T2,2.2ft,0.05s
4.17.2026 14:56:37,T1,T2,1.5ft,0.05s
4.17.2026 14:56:37,T0,T1,2.0ft,0.05s
4.17.2026 14:56:37,T0,T2,2.2ft,0.05s
4.17.2026 14:56:37,T1,T2,1.5ft,0.05s
4.17.2026 14:56:37,T0,T1,2.0ft,0.05s
4.17.2026 14:56:37,T0,T2,2.2ft,0.05s
4.17.2026 14:56:37,T1,T2,1.5ft,0.05s
4.17.2026 14:56:37,T0,T1,2.0ft,0.06s
4.17.2026 14:56:37,T0,T2,2.2ft,0.06s
4.17.2026 14:56:37,T1,T2,1.5ft,0.06s
4.17.2026 14:56:37,T0,T1,2.0ft,0.05s
4.17.2026 14:56:37,T0,T2,2.2ft,0.05s
4.17.2026 14:56:37,T1,T2,1.5ft,0.05s
4.17.2026 14:56:37,T0,T1,2.0ft,0.05s
4.17.2026 14:56:37,T0,T2,2.2ft,0.05s
4.17.2026 14:56:37,T1,T2,1.4ft,0.05s
4.17.2026 14:56:37,T0,T1,2.0ft,0.05s
4.17.2026 14:56:37,T0,T2,2.2ft,0.05s
4.17.2026 14:56:37,T1,T2,1.4ft,0.05s
4.17.2026 14:56:37,T0,T1,2.0ft,0.05s
4.17.2026 14:56:37,T0,T2,2.2ft,0.05s
4.17.2026 14:56:37,T1,T2,1.4ft,0.05s
4.17.2026 14:56:37,T0,T1,2.0ft,0.05s
4.17.2026 14:56:37,T0,T2,2.2ft,0.05s
4.17.2026 14:56:37,T1,T2,1.4ft,0.05s
4.17.2026 14:56:37,T0,T1,2.0ft,0.05s
4.17.2026 14:56:37,T0,T2,2.1ft,0.05s
4.17.2026 14:56:37,T1,T2,1.4ft,0.05s
4.17.2026 14:56:37,T0,T1,2.0ft,0.05s
4.17.2026 14:56:37,T0,T2,2.1ft,0.05s
4.17.2026 14:56:37,T1,T2,1.4ft,0.05s
4.17.2026 14:56:37,T0,T1,2.0ft,0.05s
4.17.2026 14:56:37,T0,T2,2.1ft,0.05s
4.17.2026 14:56:37,T1,T2,1.4ft,0.05s
4.17.2026 14:56:38,T0,T1,2.0ft,0.05s
4.17.2026 14:56:38,T0,T2,2.1ft,0.05s
4.17.2026 14:56:38,T1,T2,1.4ft,0.05s
4.17.2026 14:56:38,T0,T1,2.0ft,0.05s
4.17.2026 14:56:38,T0,T2,2.1ft,0.05s
4.17.2026 14:56:38,T1,T2,1.4ft,0.05s
4.17.2026 14:56:38,T0,T1,2.0ft,0.05s
4.17.2026 14:56:38,T0,T2,2.1ft,0.05s
4.17.2026 14:56:38,T1,T2,1.4ft,0.05s
4.17.2026 14:56:38,T0,T1,2.0ft,0.05s
4.17.2026 14:56:38,T0,T2,2.0ft,0.05s
4.17.2026 14:56:38,T1,T2,1.4ft,0.05s
4.17.2026 14:56:38,T0,T1,2.0ft,0.05s
4.17.2026 14:56:38,T0,T2,2.0ft,0.05s
4.17.2026 14:56:38,T1,T2,1.4ft,0.05s
4.17.2026 14:56:38,T0,T1,2.0ft,0.05s
4.17.2026 14:56:38,T0,T2,2.0ft,0.05s
4.17.2026 14:56:38,T1,T2,1.4ft,0.05s
4.17.2026 14:56:38,T0,T1,2.0ft,0.05s
4.17.2026 14:56:38,T0,T2,2.0ft,0.05s
4.17.2026 14:56:38,T1,T2,1.4ft,0.05s
4.17.2026 14:56:38,T0,T1,2.0ft,0.05s
4.17.2026 14:56:38,T0,T2,2.1ft,0.05s
4.17.2026 14:56:38,T1,T2,1.4ft,0.05s
4.17.2026 14:56:38,T0,T1,2.0ft,0.05s
4.17.2026 14:56:38,T0,T2,2.1ft,0.05s
4.17.2026 14:56:38,T1,T2,1.4ft,0.05s
4.17.2026 14:56:38,T0,T1,2.1ft,0.05s
4.17.2026 14:56:38,T0,T2,2.0ft,0.05s
4.17.2026 14:56:38,T1,T2,1.3ft,0.05s
4.17.2026 14:56:38,T0,T1,2.1ft,0.05s
4.17.2026 14:56:38,T0,T2,2.0ft,0.05s
4.17.2026 14:56:38,T1,T2,1.3ft,0.05s
4.17.2026 14:56:38,T0,T1,2.1ft,0.05s
4.17.2026 14:56:38,T0,T2,2.0ft,0.05s
4.17.2026 14:56:38,T1,T2,1.3ft,0.05s
4.17.2026 14:56:38,T0,T1,2.1ft,0.05s
4.17.2026 14:56:38,T0,T2,2.0ft,0.05s
4.17.2026 14:56:38,T1,T2,1.3ft,0.05s
4.17.2026 14:56:38,T0,T1,2.1ft,0.05s
4.17.2026 14:56:38,T0,T2,2.0ft,0.05s
4.17.2026 14:56:38,T1,T2,1.3ft,0.05s
4.17.2026 14:56:38,T0,T1,2.1ft,0.05s
4.17.2026 14:56:38,T0,T2,2.0ft,0.05s
4.17.2026 14:56:38,T1,T2,1.3ft,0.05s
4.17.2026 14:56:38,T0,T1,2.1ft,0.05s
4.17.2026 14:56:38,T0,T2,2.0ft,0.05s
4.17.2026 14:56:38,T1,T2,1.3ft,0.05s
4.17.2026 14:56:38,T0,T1,2.1ft,0.06s
4.17.2026 14:56:38,T0,T2,1.9ft,0.06s
4.17.2026 14:56:38,T1,T2,1.3ft,0.06s
4.17.2026 14:56:38,T0,T1,2.1ft,0.05s
4.17.2026 14:56:38,T0,T2,1.9ft,0.05s
4.17.2026 14:56:38,T1,T2,1.3ft,0.05s
4.17.2026 14:56:38,T0,T1,2.1ft,0.05s
4.17.2026 14:56:38,T0,T2,1.9ft,0.05s
4.17.2026 14:56:38,T1,T2,1.2ft,0.05s
4.17.2026 14:56:38,T0,T1,2.1ft,0.06s
4.17.2026 14:56:38,T0,T2,1.9ft,0.06s
4.17.2026 14:56:38,T1,T2,1.3ft,0.06s
4.17.2026 14:56:39,T0,T1,2.1ft,0.05s
4.17.2026 14:56:39,T0,T2,2.0ft,0.05s
4.17.2026 14:56:39,T1,T2,1.3ft,0.05s
4.17.2026 14:56:39,T0,T1,2.1ft,0.05s
4.17.2026 14:56:39,T0,T2,2.0ft,0.05s
4.17.2026 14:56:39,T1,T2,1.3ft,0.05s
4.17.2026 14:56:39,T0,T1,2.1ft,0.05s
4.17.2026 14:56:39,T0,T2,2.0ft,0.05s
4.17.2026 14:56:39,T1,T2,1.3ft,0.05s
4.17.2026 14:56:39,T0,T1,2.1ft,0.05s
4.17.2026 14:56:39,T0,T2,1.9ft,0.05s
4.17.2026 14:56:39,T1,T2,1.3ft,0.05s
4.17.2026 14:56:39,T0,T1,2.1ft,0.05s
4.17.2026 14:56:39,T0,T2,1.9ft,0.05s
4.17.2026 14:56:39,T1,T2,1.3ft,0.05s
4.17.2026 14:56:39,T0,T1,2.1ft,0.05s
4.17.2026 14:56:39,T0,T2,1.9ft,0.05s
4.17.2026 14:56:39,T1,T2,1.3ft,0.05s
4.17.2026 14:56:39,T0,T1,2.1ft,0.05s
4.17.2026 14:56:39,T0,T2,1.9ft,0.05s
4.17.2026 14:56:39,T1,T2,1.3ft,0.05s
4.17.2026 14:56:39,T0,T1,2.1ft,0.05s
4.17.2026 14:56:39,T0,T2,1.8ft,0.05s
4.17.2026 14:56:39,T1,T2,1.3ft,0.05s
4.17.2026 14:56:39,T0,T1,2.1ft,0.05s
4.17.2026 14:56:39,T0,T2,1.8ft,0.05s
4.17.2026 14:56:39,T1,T2,1.3ft,0.05s
4.17.2026 14:56:39,T0,T1,2.1ft,0.05s
4.17.2026 14:56:39,T0,T2,1.8ft,0.05s
4.17.2026 14:56:39,T1,T2,1.3ft,0.05s
4.17.2026 14:56:39,T0,T1,2.1ft,0.05s
4.17.2026 14:56:39,T0,T2,1.8ft,0.05s
4.17.2026 14:56:39,T1,T2,1.3ft,0.05s
4.17.2026 14:56:39,T0,T1,2.1ft,0.05s
4.17.2026 14:56:39,T0,T2,1.8ft,0.05s
4.17.2026 14:56:39,T1,T2,1.3ft,0.05s
4.17.2026 14:56:39,T0,T1,2.1ft,0.05s
4.17.2026 14:56:39,T0,T2,1.8ft,0.05s
4.17.2026 14:56:39,T1,T2,1.3ft,0.05s
4.17.2026 14:56:39,T0,T1,2.1ft,0.05s
4.17.2026 14:56:39,T0,T2,1.8ft,0.05s
4.17.2026 14:56:39,T1,T2,1.3ft,0.05s
4.17.2026 14:56:39,T0,T1,2.1ft,0.05s
4.17.2026 14:56:39,T0,T2,1.8ft,0.05s
4.17.2026 14:56:39,T1,T2,1.3ft,0.05s
4.17.2026 14:56:39,T0,T1,2.1ft,0.05s
4.17.2026 14:56:39,T0,T2,1.8ft,0.05s
4.17.2026 14:56:39,T1,T2,1.3ft,0.05s
4.17.2026 14:56:39,T0,T1,2.2ft,0.05s
4.17.2026 14:56:39,T0,T2,1.8ft,0.05s
4.17.2026 14:56:39,T1,T2,1.3ft,0.05s
4.17.2026 14:56:39,T0,T1,2.2ft,0.05s
4.17.2026 14:56:39,T0,T2,1.8ft,0.05s
4.17.2026 14:56:39,T1,T2,1.3ft,0.05s
4.17.2026 14:56:39,T0,T1,2.2ft,0.05s
4.17.2026 14:56:39,T0,T2,1.8ft,0.05s
4.17.2026 14:56:39,T1,T2,1.3ft,0.05s
4.17.2026 14:56:40,T0,T1,2.2ft,0.05s
4.17.2026 14:56:40,T0,T2,1.9ft,0.05s
4.17.2026 14:56:40,T1,T2,1.3ft,0.05s
4.17.2026 14:56:40,T0,T1,2.2ft,0.05s
4.17.2026 14:56:40,T0,T2,1.9ft,0.05s
4.17.2026 14:56:40,T1,T2,1.3ft,0.05s
4.17.2026 14:56:40,T0,T1,2.2ft,0.05s
4.17.2026 14:56:40,T0,T2,1.9ft,0.05s
4.17.2026 14:56:40,T1,T2,1.3ft,0.05s
4.17.2026 14:56:40,T0,T1,2.2ft,0.05s
4.17.2026 14:56:40,T0,T2,1.9ft,0.05s
4.17.2026 14:56:40,T1,T2,1.3ft,0.05s
4.17.2026 14:56:40,T0,T1,2.2ft,0.05s
4.17.2026 14:56:40,T0,T2,2.0ft,0.05s
4.17.2026 14:56:40,T1,T2,1.3ft,0.05s
4.17.2026 14:56:40,T0,T1,2.2ft,0.06s
4.17.2026 14:56:40,T0,T2,2.0ft,0.06s
4.17.2026 14:56:40,T1,T2,1.3ft,0.06s
4.17.2026 14:56:40,T0,T1,2.1ft,0.05s
4.17.2026 14:56:40,T0,T2,2.0ft,0.05s
4.17.2026 14:56:40,T1,T2,1.3ft,0.05s
4.17.2026 14:56:40,T0,T1,2.1ft,0.05s
4.17.2026 14:56:40,T0,T2,2.0ft,0.05s
4.17.2026 14:56:40,T1,T2,1.3ft,0.05s
4.17.2026 14:56:40,T0,T1,2.1ft,0.05s
4.17.2026 14:56:40,T0,T2,2.1ft,0.05s
4.17.2026 14:56:40,T1,T2,1.3ft,0.05s
4.17.2026 14:56:40,T0,T1,2.1ft,0.05s
4.17.2026 14:56:40,T0,T2,2.1ft,0.05s
4.17.2026 14:56:40,T1,T2,1.3ft,0.05s
4.17.2026 14:56:40,T0,T1,2.1ft,0.05s
4.17.2026 14:56:40,T0,T2,2.1ft,0.05s
4.17.2026 14:56:40,T1,T2,1.3ft,0.05s
4.17.2026 14:56:40,T0,T1,2.1ft,0.05s
4.17.2026 14:56:40,T0,T2,2.1ft,0.05s
4.17.2026 14:56:40,T1,T2,1.3ft,0.05s
4.17.2026 14:56:40,T0,T1,2.1ft,0.05s
4.17.2026 14:56:40,T0,T2,2.1ft,0.05s
4.17.2026 14:56:40,T1,T2,1.3ft,0.05s
4.17.2026 14:56:40,T0,T1,2.1ft,0.05s
4.17.2026 14:56:40,T0,T2,2.1ft,0.05s
4.17.2026 14:56:40,T1,T2,1.3ft,0.05s
4.17.2026 14:56:40,T0,T1,2.1ft,0.05s
4.17.2026 14:56:40,T0,T2,2.1ft,0.05s
4.17.2026 14:56:40,T1,T2,1.3ft,0.05s
4.17.2026 14:56:40,T0,T1,2.1ft,0.05s
4.17.2026 14:56:40,T0,T2,2.1ft,0.05s
4.17.2026 14:56:40,T1,T2,1.3ft,0.05s
4.17.2026 14:56:40,T0,T1,2.1ft,0.05s
4.17.2026 14:56:40,T0,T2,2.0ft,0.05s
4.17.2026 14:56:40,T1,T2,1.3ft,0.05s
4.17.2026 14:56:40,T0,T1,2.1ft,0.05s
4.17.2026 14:56:40,T0,T2,2.0ft,0.05s
4.17.2026 14:56:40,T1,T2,1.3ft,0.05s
4.17.2026 14:56:40,T0,T1,2.1ft,0.05s
4.17.2026 14:56:40,T0,T2,2.0ft,0.05s
4.17.2026 14:56:40,T1,T2,1.3ft,0.05s
4.17.2026 14:56:40,T0,T1,2.1ft,0.05s
4.17.2026 14:56:40,T0,T2,2.0ft,0.05s
4.17.2026 14:56:40,T1,T2,1.3ft,0.05s
4.17.2026 14:56:41,T0,T1,2.1ft,0.05s
4.17.2026 14:56:41,T0,T2,2.0ft,0.05s
4.17.2026 14:56:41,T1,T2,1.3ft,0.05s
4.17.2026 14:56:41,T0,T1,2.1ft,0.05s
4.17.2026 14:56:41,T0,T2,2.0ft,0.05s
4.17.2026 14:56:41,T1,T2,1.3ft,0.05s
4.17.2026 14:56:41,T0,T1,2.1ft,0.05s
4.17.2026 14:56:41,T0,T2,2.0ft,0.05s
4.17.2026 14:56:41,T1,T2,1.3ft,0.05s
4.17.2026 14:56:41,T0,T1,2.1ft,0.05s
4.17.2026 14:56:41,T0,T2,2.0ft,0.05s
4.17.2026 14:56:41,T1,T2,1.3ft,0.05s
4.17.2026 14:56:41,T0,T1,2.1ft,0.05s
4.17.2026 14:56:41,T0,T2,2.0ft,0.05s
4.17.2026 14:56:41,T1,T2,1.3ft,0.05s
4.17.2026 14:56:41,T0,T1,2.1ft,0.05s
4.17.2026 14:56:41,T0,T2,2.0ft,0.05s
4.17.2026 14:56:41,T1,T2,1.3ft,0.05s
4.17.2026 14:56:41,T0,T1,2.1ft,0.05s
4.17.2026 14:56:41,T0,T2,2.0ft,0.05s
4.17.2026 14:56:41,T1,T2,1.3ft,0.05s
4.17.2026 14:56:41,T0,T1,2.1ft,0.05s
4.17.2026 14:56:41,T0,T2,2.0ft,0.05s
4.17.2026 14:56:41,T1,T2,1.3ft,0.05s
4.17.2026 14:56:41,T0,T1,2.1ft,0.05s
4.17.2026 14:56:41,T0,T2,2.0ft,0.05s
4.17.2026 14:56:41,T1,T2,1.4ft,0.05s
4.17.2026 14:56:41,T0,T1,2.1ft,0.05s
4.17.2026 14:56:41,T0,T2,2.0ft,0.05s
4.17.2026 14:56:41,T1,T2,1.4ft,0.05s
4.17.2026 14:56:41,T0,T1,2.1ft,0.05s
4.17.2026 14:56:41,T0,T2,2.0ft,0.05s
4.17.2026 14:56:41,T1,T2,1.4ft,0.05s
4.17.2026 14:56:41,T0,T1,2.1ft,0.05s
4.17.2026 14:56:41,T0,T2,2.0ft,0.05s
4.17.2026 14:56:41,T1,T2,1.4ft,0.05s
4.17.2026 14:56:41,T0,T1,2.1ft,0.05s
4.17.2026 14:56:41,T0,T2,2.0ft,0.05s
4.17.2026 14:56:41,T1,T2,1.4ft,0.05s
4.17.2026 14:56:41,T0,T1,2.1ft,0.05s
4.17.2026 14:56:41,T0,T2,2.0ft,0.05s
4.17.2026 14:56:41,T1,T2,1.4ft,0.05s
4.17.2026 14:56:41,T0,T1,2.1ft,0.05s
4.17.2026 14:56:41,T0,T2,2.0ft,0.05s
4.17.2026 14:56:41,T1,T2,1.4ft,0.05s
4.17.2026 14:56:41,T0,T1,2.1ft,0.05s
4.17.2026 14:56:41,T0,T2,2.0ft,0.05s
4.17.2026 14:56:41,T1,T2,1.3ft,0.05s
4.17.2026 14:56:41,T0,T1,2.1ft,0.05s
4.17.2026 14:56:41,T0,T2,2.0ft,0.05s
4.17.2026 14:56:41,T1,T2,1.3ft,0.05s
4.17.2026 14:56:41,T0,T1,2.1ft,0.05s
4.17.2026 14:56:41,T0,T2,2.0ft,0.05s
4.17.2026 14:56:41,T1,T2,1.3ft,0.05s
4.17.2026 14:56:41,T0,T1,2.1ft,0.05s
4.17.2026 14:56:41,T0,T2,2.0ft,0.05s
4.17.2026 14:56:41,T1,T2,1.3ft,0.05s
4.17.2026 14:56:42,T0,T1,2.1ft,0.05s
4.17.2026 14:56:42,T0,T2,2.0ft,0.05s
4.17.2026 14:56:42,T1,T2,1.3ft,0.05s
4.17.2026 14:56:42,T0,T1,2.1ft,0.05s
4.17.2026 14:56:42,T0,T2,2.0ft,0.05s
4.17.2026 14:56:42,T1,T2,1.3ft,0.05s
4.17.2026 14:56:42,T0,T1,2.1ft,0.05s
4.17.2026 14:56:42,T0,T2,2.0ft,0.05s
4.17.2026 14:56:42,T1,T2,1.3ft,0.05s
4.17.2026 14:56:42,T0,T1,2.1ft,0.05s
4.17.2026 14:56:42,T0,T2,2.0ft,0.05s
4.17.2026 14:56:42,T1,T2,1.3ft,0.05s
4.17.2026 14:56:42,T0,T1,2.1ft,0.05s
4.17.2026 14:56:42,T0,T2,2.0ft,0.05s
4.17.2026 14:56:42,T1,T2,1.3ft,0.05s
4.17.2026 14:56:42,T0,T1,2.1ft,0.05s
4.17.2026 14:56:42,T0,T2,2.0ft,0.05s
4.17.2026 14:56:42,T1,T2,1.3ft,0.05s
4.17.2026 14:56:42,T0,T1,2.1ft,0.05s
4.17.2026 14:56:42,T0,T2,2.0ft,0.05s
4.17.2026 14:56:42,T1,T2,1.3ft,0.05s
4.17.2026 14:56:42,T0,T1,2.1ft,0.05s
4.17.2026 14:56:42,T0,T2,2.0ft,0.05s
4.17.2026 14:56:42,T1,T2,1.3ft,0.05s
4.17.2026 14:56:42,T0,T1,2.1ft,0.05s
4.17.2026 14:56:42,T0,T2,2.0ft,0.05s
4.17.2026 14:56:42,T1,T2,1.3ft,0.05s
4.17.2026 14:56:42,T0,T1,2.1ft,0.05s
4.17.2026 14:56:42,T0,T2,2.0ft,0.05s
4.17.2026 14:56:42,T1,T2,1.3ft,0.05s
4.17.2026 14:56:42,T0,T1,2.1ft,0.05s
4.17.2026 14:56:42,T0,T2,2.0ft,0.05s
4.17.2026 14:56:42,T1,T2,1.3ft,0.05s
4.17.2026 14:56:42,T0,T1,2.1ft,0.05s
4.17.2026 14:56:42,T0,T2,2.0ft,0.05s
4.17.2026 14:56:42,T1,T2,1.3ft,0.05s
4.17.2026 14:56:42,T0,T1,2.1ft,0.06s
4.17.2026 14:56:42,T0,T2,2.0ft,0.06s
4.17.2026 14:56:42,T1,T2,1.4ft,0.06s
4.17.2026 14:56:42,T0,T1,2.1ft,0.05s
4.17.2026 14:56:42,T0,T2,2.0ft,0.05s
4.17.2026 14:56:42,T1,T2,1.4ft,0.05s
4.17.2026 14:56:42,T0,T1,2.1ft,0.05s
4.17.2026 14:56:42,T0,T2,2.0ft,0.05s
4.17.2026 14:56:42,T1,T2,1.4ft,0.05s
4.17.2026 14:56:42,T0,T1,2.1ft,0.05s
4.17.2026 14:56:42,T0,T2,1.9ft,0.05s
4.17.2026 14:56:42,T1,T2,1.4ft,0.05s
4.17.2026 14:56:42,T0,T1,2.1ft,0.05s
4.17.2026 14:56:42,T0,T2,1.9ft,0.05s
4.17.2026 14:56:42,T1,T2,1.4ft,0.05s
4.17.2026 14:56:42,T0,T1,2.1ft,0.05s
4.17.2026 14:56:42,T0,T2,1.9ft,0.05s
4.17.2026 14:56:42,T1,T2,1.4ft,0.05s
4.17.2026 14:56:42,T0,T1,2.1ft,0.05s
4.17.2026 14:56:42,T0,T2,1.9ft,0.05s
4.17.2026 14:56:42,T1,T2,1.4ft,0.05s
4.17.2026 14:56:42,T0,T1,2.1ft,0.05s
4.17.2026 14:56:42,T0,T2,1.9ft,0.05s
4.17.2026 14:56:42,T1,T2,1.4ft,0.05s
4.17.2026 14:56:43,T0,T1,2.1ft,0.05s
4.17.2026 14:56:43,T0,T2,1.9ft,0.05s
4.17.2026 14:56:43,T1,T2,1.4ft,0.05s
4.17.2026 14:56:43,T0,T1,2.1ft,0.05s
4.17.2026 14:56:43,T0,T2,1.9ft,0.05s
4.17.2026 14:56:43,T1,T2,1.4ft,0.05s
4.17.2026 14:56:43,T0,T1,2.1ft,0.05s
4.17.2026 14:56:43,T0,T2,1.9ft,0.05s
4.17.2026 14:56:43,T1,T2,1.4ft,0.05s
4.17.2026 14:56:43,T0,T1,2.1ft,0.05s
4.17.2026 14:56:43,T0,T2,1.9ft,0.05s
4.17.2026 14:56:43,T1,T2,1.4ft,0.05s
4.17.2026 14:56:43,T0,T1,2.1ft,0.05s
4.17.2026 14:56:43,T0,T2,1.9ft,0.05s
4.17.2026 14:56:43,T1,T2,1.3ft,0.05s
4.17.2026 14:56:43,T0,T1,2.1ft,0.05s
4.17.2026 14:56:43,T0,T2,1.9ft,0.05s
4.17.2026 14:56:43,T1,T2,1.3ft,0.05s
4.17.2026 14:56:43,T0,T1,2.1ft,0.05s
4.17.2026 14:56:43,T0,T2,1.9ft,0.05s
4.17.2026 14:56:43,T1,T2,1.3ft,0.05s
4.17.2026 14:56:43,T0,T1,2.1ft,0.05s
4.17.2026 14:56:43,T0,T2,1.9ft,0.05s
4.17.2026 14:56:43,T1,T2,1.3ft,0.05s
4.17.2026 14:56:43,T0,T1,2.1ft,0.05s
4.17.2026 14:56:43,T0,T2,1.9ft,0.05s
4.17.2026 14:56:43,T1,T2,1.3ft,0.05s
4.17.2026 14:56:43,T0,T1,2.1ft,0.05s
4.17.2026 14:56:43,T0,T2,1.9ft,0.05s
4.17.2026 14:56:43,T1,T2,1.3ft,0.05s
4.17.2026 14:56:43,T0,T1,2.1ft,0.05s
4.17.2026 14:56:43,T0,T2,1.9ft,0.05s
4.17.2026 14:56:43,T1,T2,1.3ft,0.05s
4.17.2026 14:56:43,T0,T1,2.1ft,0.05s
4.17.2026 14:56:43,T0,T2,1.9ft,0.05s
4.17.2026 14:56:43,T1,T2,1.3ft,0.05s
4.17.2026 14:56:43,T0,T1,2.1ft,0.05s
4.17.2026 14:56:43,T0,T2,1.9ft,0.05s
4.17.2026 14:56:43,T1,T2,1.3ft,0.05s
4.17.2026 14:56:43,T0,T1,2.1ft,0.05s
4.17.2026 14:56:43,T0,T2,1.9ft,0.05s
4.17.2026 14:56:43,T1,T2,1.3ft,0.05s
4.17.2026 14:56:43,T0,T1,2.1ft,0.05s
4.17.2026 14:56:43,T0,T2,1.9ft,0.05s
4.17.2026 14:56:43,T1,T2,1.3ft,0.05s
4.17.2026 14:56:43,T0,T1,2.1ft,0.05s
4.17.2026 14:56:43,T0,T2,1.9ft,0.05s
4.17.2026 14:56:43,T1,T2,1.3ft,0.05s
4.17.2026 14:56:43,T0,T1,2.1ft,0.05s
4.17.2026 14:56:43,T0,T2,1.9ft,0.05s
4.17.2026 14:56:43,T1,T2,1.3ft,0.05s
4.17.2026 14:56:43,T0,T1,2.1ft,0.05s
4.17.2026 14:56:43,T0,T2,2.0ft,0.05s
4.17.2026 14:56:43,T1,T2,1.3ft,0.05s
4.17.2026 14:56:43,T0,T1,2.1ft,0.05s
4.17.2026 14:56:43,T0,T2,2.0ft,0.05s
4.17.2026 14:56:43,T1,T2,1.3ft,0.05s
4.17.2026 14:56:44,T0,T1,2.1ft,0.05s
4.17.2026 14:56:44,T0,T2,2.0ft,0.05s
4.17.2026 14:56:44,T1,T2,1.3ft,0.05s
4.17.2026 14:56:44,T0,T1,2.1ft,0.05s
4.17.2026 14:56:44,T0,T2,2.0ft,0.05s
4.17.2026 14:56:44,T1,T2,1.3ft,0.05s
4.17.2026 14:56:44,T0,T1,2.1ft,0.05s
4.17.2026 14:56:44,T0,T2,2.1ft,0.05s
4.17.2026 14:56:44,T1,T2,1.4ft,0.05s
4.17.2026 14:56:44,T0,T1,2.1ft,0.05s
4.17.2026 14:56:44,T0,T2,2.1ft,0.05s
4.17.2026 14:56:44,T1,T2,1.4ft,0.05s
4.17.2026 14:56:44,T0,T1,2.1ft,0.05s
4.17.2026 14:56:44,T0,T2,2.0ft,0.05s
4.17.2026 14:56:44,T1,T2,1.4ft,0.05s
4.17.2026 14:56:44,T0,T1,2.1ft,0.06s
4.17.2026 14:56:44,T0,T2,2.0ft,0.06s
4.17.2026 14:56:44,T1,T2,1.3ft,0.06s
4.17.2026 14:56:44,T0,T1,2.1ft,0.05s
4.17.2026 14:56:44,T0,T2,2.0ft,0.05s
4.17.2026 14:56:44,T1,T2,1.3ft,0.05s
4.17.2026 14:56:44,T0,T1,2.1ft,0.05s
4.17.2026 14:56:44,T0,T2,2.0ft,0.05s
4.17.2026 14:56:44,T1,T2,1.3ft,0.05s
4.17.2026 14:56:44,T0,T1,2.1ft,0.05s
4.17.2026 14:56:44,T0,T2,2.0ft,0.05s
4.17.2026 14:56:44,T1,T2,1.3ft,0.05s
4.17.2026 14:56:44,T0,T1,2.1ft,0.05s
4.17.2026 14:56:44,T0,T2,2.0ft,0.05s
4.17.2026 14:56:44,T1,T2,1.3ft,0.05s
4.17.2026 14:56:44,T0,T1,2.1ft,0.05s
4.17.2026 14:56:44,T0,T2,2.0ft,0.05s
4.17.2026 14:56:44,T1,T2,1.3ft,0.05s
4.17.2026 14:56:44,T0,T1,2.1ft,0.05s
4.17.2026 14:56:44,T0,T2,2.0ft,0.05s
4.17.2026 14:56:44,T1,T2,1.3ft,0.05s
4.17.2026 14:56:44,T0,T1,2.1ft,0.05s
4.17.2026 14:56:44,T0,T2,2.0ft,0.05s
4.17.2026 14:56:44,T1,T2,1.3ft,0.05s
4.17.2026 14:56:44,T0,T1,2.1ft,0.05s
4.17.2026 14:56:44,T0,T2,2.1ft,0.05s
4.17.2026 14:56:44,T1,T2,1.3ft,0.05s
4.17.2026 14:56:44,T0,T1,2.1ft,0.05s
4.17.2026 14:56:44,T0,T2,2.1ft,0.05s
4.17.2026 14:56:44,T1,T2,1.4ft,0.05s
4.17.2026 14:56:44,T0,T1,2.1ft,0.05s
4.17.2026 14:56:44,T0,T2,2.1ft,0.05s
4.17.2026 14:56:44,T1,T2,1.4ft,0.05s
4.17.2026 14:56:44,T0,T1,2.1ft,0.05s
4.17.2026 14:56:44,T0,T2,2.1ft,0.05s
4.17.2026 14:56:44,T1,T2,1.4ft,0.05s
4.17.2026 14:56:44,T0,T1,2.1ft,0.05s
4.17.2026 14:56:44,T0,T2,2.1ft,0.05s
4.17.2026 14:56:44,T1,T2,1.4ft,0.05s
4.17.2026 14:56:44,T0,T1,2.1ft,0.05s
4.17.2026 14:56:44,T0,T2,2.1ft,0.05s
4.17.2026 14:56:44,T1,T2,1.4ft,0.05s
4.17.2026 14:56:44,T0,T1,2.1ft,0.06s
4.17.2026 14:56:44,T0,T2,2.1ft,0.06s
4.17.2026 14:56:44,T1,T2,1.4ft,0.06s
4.17.2026 14:56:45,T0,T1,2.1ft,0.05s
4.17.2026 14:56:45,T0,T2,2.1ft,0.05s
4.17.2026 14:56:45,T1,T2,1.4ft,0.05s
4.17.2026 14:56:45,T0,T1,2.1ft,0.05s
4.17.2026 14:56:45,T0,T2,2.1ft,0.05s
4.17.2026 14:56:45,T1,T2,1.4ft,0.05s
4.17.2026 14:56:45,T0,T1,2.1ft,0.05s
4.17.2026 14:56:45,T0,T2,2.1ft,0.05s
4.17.2026 14:56:45,T1,T2,1.4ft,0.05s
4.17.2026 14:56:45,T0,T1,2.1ft,0.05s
4.17.2026 14:56:45,T0,T2,2.1ft,0.05s
4.17.2026 14:56:45,T1,T2,1.4ft,0.05s
4.17.2026 14:56:45,T0,T1,2.1ft,0.05s
4.17.2026 14:56:45,T0,T2,2.1ft,0.05s
4.17.2026 14:56:45,T1,T2,1.4ft,0.05s
4.17.2026 14:56:45,T0,T1,2.1ft,0.05s
4.17.2026 14:56:45,T0,T2,2.1ft,0.05s
4.17.2026 14:56:45,T1,T2,1.4ft,0.05s
4.17.2026 14:56:45,T0,T1,2.1ft,0.05s
4.17.2026 14:56:45,T0,T2,2.1ft,0.05s
4.17.2026 14:56:45,T1,T2,1.4ft,0.05s
4.17.2026 14:56:45,T0,T1,2.1ft,0.05s
4.17.2026 14:56:45,T0,T2,2.1ft,0.05s
4.17.2026 14:56:45,T1,T2,1.4ft,0.05s
4.17.2026 14:56:45,T0,T1,2.1ft,0.05s
4.17.2026 14:56:45,T0,T2,2.1ft,0.05s
4.17.2026 14:56:45,T1,T2,1.4ft,0.05s
4.17.2026 14:56:45,T0,T1,2.1ft,0.05s
4.17.2026 14:56:45,T0,T2,2.1ft,0.05s
4.17.2026 14:56:45,T1,T2,1.4ft,0.05s
4.17.2026 14:56:45,T0,T1,2.1ft,0.05s
4.17.2026 14:56:45,T0,T2,2.1ft,0.05s
4.17.2026 14:56:45,T1,T2,1.4ft,0.05s
4.17.2026 14:56:45,T0,T1,2.1ft,0.05s
4.17.2026 14:56:45,T0,T2,2.1ft,0.05s
4.17.2026 14:56:45,T1,T2,1.4ft,0.05s
4.17.2026 14:56:45,T0,T1,2.1ft,0.05s
4.17.2026 14:56:45,T0,T2,2.1ft,0.05s
4.17.2026 14:56:45,T1,T2,1.4ft,0.05s
4.17.2026 14:56:45,T0,T1,2.1ft,0.05s
4.17.2026 14:56:45,T0,T2,2.1ft,0.05s
4.17.2026 14:56:45,T1,T2,1.4ft,0.05s
4.17.2026 14:56:45,T0,T1,2.1ft,0.05s
4.17.2026 14:56:45,T0,T2,2.2ft,0.05s
4.17.2026 14:56:45,T1,T2,1.4ft,0.05s
4.17.2026 14:56:45,T0,T1,2.1ft,0.05s
4.17.2026 14:56:45,T0,T2,2.2ft,0.05s
4.17.2026 14:56:45,T1,T2,1.4ft,0.05s
4.17.2026 14:56:45,T0,T1,2.1ft,0.05s
4.17.2026 14:56:45,T0,T2,2.2ft,0.05s
4.17.2026 14:56:45,T1,T2,1.4ft,0.05s
4.17.2026 14:56:45,T0,T1,2.1ft,0.05s
4.17.2026 14:56:45,T0,T2,2.2ft,0.05s
4.17.2026 14:56:45,T1,T2,1.4ft,0.05s
4.17.2026 14:56:45,T0,T1,2.1ft,0.05s
4.17.2026 14:56:45,T0,T2,2.2ft,0.05s
4.17.2026 14:56:45,T1,T2,1.4ft,0.05s
4.17.2026 14:56:46,T0,T1,2.1ft,0.05s
4.17.2026 14:56:46,T0,T2,2.2ft,0.05s
4.17.2026 14:56:46,T1,T2,1.4ft,0.05s
4.17.2026 14:56:46,T0,T1,2.1ft,0.05s
4.17.2026 14:56:46,T0,T2,2.2ft,0.05s
4.17.2026 14:56:46,T1,T2,1.4ft,0.05s
4.17.2026 14:56:46,T0,T1,2.1ft,0.05s
4.17.2026 14:56:46,T0,T2,2.2ft,0.05s
4.17.2026 14:56:46,T1,T2,1.4ft,0.05s
4.17.2026 14:56:46,T0,T1,2.1ft,0.05s
4.17.2026 14:56:46,T0,T2,2.2ft,0.05s
4.17.2026 14:56:46,T1,T2,1.4ft,0.05s
4.17.2026 14:56:46,T0,T1,2.1ft,0.05s
4.17.2026 14:56:46,T0,T2,2.1ft,0.05s
4.17.2026 14:56:46,T1,T2,1.4ft,0.05s
4.17.2026 14:56:46,T0,T1,2.1ft,0.05s
4.17.2026 14:56:46,T0,T2,2.1ft,0.05s
4.17.2026 14:56:46,T1,T2,1.4ft,0.05s
4.17.2026 14:56:46,T0,T1,2.1ft,0.05s
4.17.2026 14:56:46,T0,T2,2.1ft,0.05s
4.17.2026 14:56:46,T1,T2,1.4ft,0.05s
4.17.2026 14:56:46,T0,T1,2.1ft,0.05s
4.17.2026 14:56:46,T0,T2,2.1ft,0.05s
4.17.2026 14:56:46,T1,T2,1.4ft,0.05s
4.17.2026 14:56:46,T0,T1,2.1ft,0.05s
4.17.2026 14:56:46,T0,T2,2.1ft,0.05s
4.17.2026 14:56:46,T1,T2,1.4ft,0.05s
4.17.2026 14:56:46,T0,T1,2.1ft,0.05s
4.17.2026 14:56:46,T0,T2,2.1ft,0.05s
4.17.2026 14:56:46,T1,T2,1.4ft,0.05s
4.17.2026 14:56:46,T0,T1,2.1ft,0.05s
4.17.2026 14:56:46,T0,T2,2.0ft,0.05s
4.17.2026 14:56:46,T1,T2,1.4ft,0.05s
4.17.2026 14:56:46,T0,T1,2.1ft,0.05s
4.17.2026 14:56:46,T0,T2,2.0ft,0.05s
4.17.2026 14:56:46,T1,T2,1.4ft,0.05s
4.17.2026 14:56:46,T0,T1,2.1ft,0.05s
4.17.2026 14:56:46,T0,T2,2.0ft,0.05s
4.17.2026 14:56:46,T1,T2,1.4ft,0.05s
4.17.2026 14:56:46,T0,T1,2.1ft,0.05s
4.17.2026 14:56:46,T0,T2,2.0ft,0.05s
4.17.2026 14:56:46,T1,T2,1.4ft,0.05s
4.17.2026 14:56:46,T0,T1,2.1ft,0.05s
4.17.2026 14:56:46,T0,T2,2.0ft,0.05s
4.17.2026 14:56:46,T1,T2,1.4ft,0.05s
4.17.2026 14:56:46,T0,T1,2.1ft,0.05s
4.17.2026 14:56:46,T0,T2,2.0ft,0.05s
4.17.2026 14:56:46,T1,T2,1.4ft,0.05s
4.17.2026 14:56:46,T0,T1,2.1ft,0.05s
4.17.2026 14:56:46,T0,T2,2.0ft,0.05s
4.17.2026 14:56:46,T1,T2,1.4ft,0.05s
4.17.2026 14:56:46,T0,T1,2.1ft,0.05s
4.17.2026 14:56:46,T0,T2,1.9ft,0.05s
4.17.2026 14:56:46,T1,T2,1.4ft,0.05s
4.17.2026 14:56:46,T0,T1,2.1ft,0.05s
4.17.2026 14:56:46,T0,T2,1.9ft,0.05s
4.17.2026 14:56:46,T1,T2,1.4ft,0.05s
4.17.2026 14:56:46,T0,T1,2.1ft,0.05s
4.17.2026 14:56:46,T0,T2,1.9ft,0.05s
4.17.2026 14:56:46,T1,T2,1.4ft,0.05s
4.17.2026 14:56:47,T0,T1,2.1ft,0.05s
4.17.2026 14:56:47,T0,T2,1.9ft,0.05s
4.17.2026 14:56:47,T1,T2,1.4ft,0.05s
4.17.2026 14:56:47,T0,T1,2.1ft,0.05s
4.17.2026 14:56:47,T0,T2,1.9ft,0.05s
4.17.2026 14:56:47,T1,T2,1.4ft,0.05s
4.17.2026 14:56:47,T0,T1,2.1ft,0.05s
4.17.2026 14:56:47,T0,T2,1.9ft,0.05s
4.17.2026 14:56:47,T1,T2,1.4ft,0.05s
4.17.2026 14:56:47,T0,T1,2.1ft,0.05s
4.17.2026 14:56:47,T0,T2,1.8ft,0.05s
4.17.2026 14:56:47,T1,T2,1.4ft,0.05s
4.17.2026 14:56:47,T0,T1,2.1ft,0.05s
4.17.2026 14:56:47,T0,T2,1.8ft,0.05s
4.17.2026 14:56:47,T1,T2,1.4ft,0.05s
4.17.2026 14:56:47,T0,T1,2.1ft,0.05s
4.17.2026 14:56:47,T0,T2,1.9ft,0.05s
4.17.2026 14:56:47,T1,T2,1.4ft,0.05s
4.17.2026 14:56:47,T0,T1,2.1ft,0.05s
4.17.2026 14:56:47,T0,T2,1.9ft,0.05s
4.17.2026 14:56:47,T1,T2,1.4ft,0.05s
4.17.2026 14:56:47,T0,T1,2.1ft,0.06s
4.17.2026 14:56:47,T0,T2,1.9ft,0.06s
4.17.2026 14:56:47,T1,T2,1.4ft,0.06s
4.17.2026 14:56:47,T0,T1,2.1ft,0.05s
4.17.2026 14:56:47,T0,T2,1.9ft,0.05s
4.17.2026 14:56:47,T1,T2,1.4ft,0.05s
4.17.2026 14:56:47,T0,T1,2.1ft,0.05s
4.17.2026 14:56:47,T0,T2,1.9ft,0.05s
4.17.2026 14:56:47,T1,T2,1.4ft,0.05s
4.17.2026 14:56:47,T0,T1,2.1ft,0.05s
4.17.2026 14:56:47,T0,T2,1.9ft,0.05s
4.17.2026 14:56:47,T1,T2,1.4ft,0.05s
4.17.2026 14:56:47,T0,T1,2.1ft,0.05s
4.17.2026 14:56:47,T0,T2,1.9ft,0.05s
4.17.2026 14:56:47,T1,T2,1.4ft,0.05s
4.17.2026 14:56:47,T0,T1,2.1ft,0.05s
4.17.2026 14:56:47,T0,T2,1.9ft,0.05s
4.17.2026 14:56:47,T1,T2,1.4ft,0.05s
4.17.2026 14:56:47,T0,T1,2.1ft,0.05s
4.17.2026 14:56:47,T0,T2,1.9ft,0.05s
4.17.2026 14:56:47,T1,T2,1.3ft,0.05s
4.17.2026 14:56:47,T0,T1,2.1ft,0.05s
4.17.2026 14:56:47,T0,T2,1.9ft,0.05s
4.17.2026 14:56:47,T1,T2,1.3ft,0.05s
4.17.2026 14:56:47,T0,T1,2.1ft,0.05s
4.17.2026 14:56:47,T0,T2,1.9ft,0.05s
4.17.2026 14:56:47,T1,T2,1.3ft,0.05s
4.17.2026 14:56:47,T0,T1,2.1ft,0.05s
4.17.2026 14:56:47,T0,T2,1.9ft,0.05s
4.17.2026 14:56:47,T1,T2,1.3ft,0.05s
4.17.2026 14:56:47,T0,T1,2.1ft,0.05s
4.17.2026 14:56:47,T0,T2,1.9ft,0.05s
4.17.2026 14:56:47,T1,T2,1.3ft,0.05s
4.17.2026 14:56:47,T0,T1,2.1ft,0.05s
4.17.2026 14:56:47,T0,T2,1.9ft,0.05s
4.17.2026 14:56:47,T1,T2,1.3ft,0.05s
4.17.2026 14:56:48,T0,T1,2.1ft,0.05s
4.17.2026 14:56:48,T0,T2,1.9ft,0.05s
4.17.2026 14:56:48,T1,T2,1.3ft,0.05s
4.17.2026 14:56:48,T0,T1,2.1ft,0.05s
4.17.2026 14:56:48,T0,T2,1.9ft,0.05s
4.17.2026 14:56:48,T1,T2,1.3ft,0.05s
4.17.2026 14:56:48,T0,T1,2.1ft,0.05s
4.17.2026 14:56:48,T0,T2,1.9ft,0.05s
4.17.2026 14:56:48,T1,T2,1.3ft,0.05s
4.17.2026 14:56:48,T0,T1,2.1ft,0.05s
4.17.2026 14:56:48,T0,T2,1.9ft,0.05s
4.17.2026 14:56:48,T1,T2,1.3ft,0.05s
4.17.2026 14:56:48,T0,T1,2.1ft,0.05s
4.17.2026 14:56:48,T0,T2,1.9ft,0.05s
4.17.2026 14:56:48,T1,T2,1.3ft,0.05s
4.17.2026 14:56:48,T0,T1,2.1ft,0.05s
4.17.2026 14:56:48,T0,T2,2.0ft,0.05s
4.17.2026 14:56:48,T1,T2,1.3ft,0.05s
4.17.2026 14:56:48,T0,T1,2.1ft,0.05s
4.17.2026 14:56:48,T0,T2,2.0ft,0.05s
4.17.2026 14:56:48,T1,T2,1.3ft,0.05s
4.17.2026 14:56:48,T0,T1,2.1ft,0.05s
4.17.2026 14:56:48,T0,T2,2.0ft,0.05s
4.17.2026 14:56:48,T1,T2,1.4ft,0.05s
4.17.2026 14:56:48,T0,T1,2.1ft,0.05s
4.17.2026 14:56:48,T0,T2,2.0ft,0.05s
4.17.2026 14:56:48,T1,T2,1.4ft,0.05s
4.17.2026 14:56:48,T0,T1,2.1ft,0.05s
4.17.2026 14:56:48,T0,T2,2.0ft,0.05s
4.17.2026 14:56:48,T1,T2,1.4ft,0.05s
4.17.2026 14:56:48,T0,T1,2.1ft,0.05s
4.17.2026 14:56:48,T0,T2,1.9ft,0.05s
4.17.2026 14:56:48,T1,T2,1.3ft,0.05s
4.17.2026 14:56:48,T0,T1,2.0ft,0.05s
4.17.2026 14:56:48,T0,T2,1.9ft,0.05s
4.17.2026 14:56:48,T1,T2,1.3ft,0.05s
4.17.2026 14:56:48,T0,T1,2.0ft,0.05s
4.17.2026 14:56:48,T0,T2,1.9ft,0.05s
4.17.2026 14:56:48,T1,T2,1.3ft,0.05s
4.17.2026 14:56:48,T0,T1,2.0ft,0.05s
4.17.2026 14:56:48,T0,T2,1.9ft,0.05s
4.17.2026 14:56:48,T1,T2,1.3ft,0.05s
4.17.2026 14:56:48,T0,T1,2.0ft,0.05s
4.17.2026 14:56:48,T0,T2,1.9ft,0.05s
4.17.2026 14:56:48,T1,T2,1.3ft,0.05s
4.17.2026 14:56:48,T0,T1,2.0ft,0.05s
4.17.2026 14:56:48,T0,T2,1.8ft,0.05s
4.17.2026 14:56:48,T1,T2,1.3ft,0.05s
4.17.2026 14:56:48,T0,T1,2.1ft,0.05s
4.17.2026 14:56:48,T0,T2,1.8ft,0.05s
4.17.2026 14:56:48,T1,T2,1.3ft,0.05s
4.17.2026 14:56:48,T0,T1,2.1ft,0.05s
4.17.2026 14:56:48,T0,T2,1.8ft,0.05s
4.17.2026 14:56:48,T1,T2,1.3ft,0.05s
4.17.2026 14:56:48,T0,T1,2.1ft,0.05s
4.17.2026 14:56:48,T0,T2,1.8ft,0.05s
4.17.2026 14:56:48,T1,T2,1.3ft,0.05s
4.17.2026 14:56:48,T0,T1,2.1ft,0.05s
4.17.2026 14:56:48,T0,T2,1.8ft,0.05s
4.17.2026 14:56:48,T1,T2,1.3ft,0.05s
4.17.2026 14:56:49,T0,T1,2.1ft,0.05s
4.17.2026 14:56:49,T0,T2,1.9ft,0.05s
4.17.2026 14:56:49,T1,T2,1.3ft,0.05s
4.17.2026 14:56:49,T0,T1,2.1ft,0.05s
4.17.2026 14:56:49,T0,T2,1.9ft,0.05s
4.17.2026 14:56:49,T1,T2,1.3ft,0.05s
4.17.2026 14:56:49,T0,T1,2.1ft,0.05s
4.17.2026 14:56:49,T0,T2,1.9ft,0.05s
4.17.2026 14:56:49,T1,T2,1.3ft,0.05s
4.17.2026 14:56:49,T0,T1,2.1ft,0.05s
4.17.2026 14:56:49,T0,T2,1.9ft,0.05s
4.17.2026 14:56:49,T1,T2,1.3ft,0.05s
4.17.2026 14:56:49,T0,T1,2.1ft,0.05s
4.17.2026 14:56:49,T0,T2,1.9ft,0.05s
4.17.2026 14:56:49,T1,T2,1.3ft,0.05s
4.17.2026 14:56:49,T0,T1,2.1ft,0.05s
4.17.2026 14:56:49,T0,T2,1.9ft,0.05s
4.17.2026 14:56:49,T1,T2,1.3ft,0.05s
4.17.2026 14:56:49,T0,T1,2.1ft,0.05s
4.17.2026 14:56:49,T0,T2,1.9ft,0.05s
4.17.2026 14:56:49,T1,T2,1.3ft,0.05s
4.17.2026 14:56:49,T0,T1,2.1ft,0.05s
4.17.2026 14:56:49,T0,T2,1.9ft,0.05s
4.17.2026 14:56:49,T1,T2,1.3ft,0.05s
4.17.2026 14:56:49,T0,T1,2.1ft,0.05s
4.17.2026 14:56:49,T0,T2,1.9ft,0.05s
4.17.2026 14:56:49,T1,T2,1.3ft,0.05s
4.17.2026 14:56:49,T0,T1,2.1ft,0.05s
4.17.2026 14:56:49,T0,T2,1.9ft,0.05s
4.17.2026 14:56:49,T1,T2,1.3ft,0.05s
4.17.2026 14:56:49,T0,T1,2.1ft,0.05s
4.17.2026 14:56:49,T0,T2,1.9ft,0.05s
4.17.2026 14:56:49,T1,T2,1.3ft,0.05s
4.17.2026 14:56:49,T0,T1,2.1ft,0.05s
4.17.2026 14:56:49,T0,T2,1.9ft,0.05s
4.17.2026 14:56:49,T1,T2,1.3ft,0.05s
4.17.2026 14:56:49,T0,T1,2.1ft,0.05s
4.17.2026 14:56:49,T0,T2,1.9ft,0.05s
4.17.2026 14:56:49,T1,T2,1.3ft,0.05s
4.17.2026 14:56:49,T0,T1,2.1ft,0.05s
4.17.2026 14:56:49,T0,T2,1.9ft,0.05s
4.17.2026 14:56:49,T1,T2,1.3ft,0.05s
4.17.2026 14:56:49,T0,T1,2.1ft,0.05s
4.17.2026 14:56:49,T0,T2,1.9ft,0.05s
4.17.2026 14:56:49,T1,T2,1.3ft,0.05s
4.17.2026 14:56:49,T0,T1,2.1ft,0.05s
4.17.2026 14:56:49,T0,T2,1.9ft,0.05s
4.17.2026 14:56:49,T1,T2,1.3ft,0.05s
4.17.2026 14:56:49,T0,T1,2.1ft,0.05s
4.17.2026 14:56:49,T0,T2,2.0ft,0.05s
4.17.2026 14:56:49,T1,T2,1.3ft,0.05s
4.17.2026 14:56:49,T0,T1,2.1ft,0.05s
4.17.2026 14:56:49,T0,T2,2.0ft,0.05s
4.17.2026 14:56:49,T1,T2,1.3ft,0.05s
4.17.2026 14:56:49,T0,T1,2.1ft,0.05s
4.17.2026 14:56:49,T0,T2,2.0ft,0.05s
4.17.2026 14:56:49,T1,T2,1.3ft,0.05s
4.17.2026 14:56:49,T0,T1,2.1ft,0.05s
4.17.2026 14:56:49,T0,T2,2.0ft,0.05s
4.17.2026 14:56:49,T1,T2,1.4ft,0.05s
4.17.2026 14:56:50,T0,T1,2.1ft,0.05s
4.17.2026 14:56:50,T0,T2,2.0ft,0.05s
4.17.2026 14:56:50,T1,T2,1.4ft,0.05s
4.17.2026 14:56:50,T0,T1,2.1ft,0.05s
4.17.2026 14:56:50,T0,T2,2.1ft,0.05s
4.17.2026 14:56:50,T1,T2,1.4ft,0.05s
4.17.2026 14:56:50,T0,T1,2.1ft,0.05s
4.17.2026 14:56:50,T0,T2,2.1ft,0.05s
4.17.2026 14:56:50,T1,T2,1.4ft,0.05s
4.17.2026 14:56:50,T0,T1,2.1ft,0.05s
4.17.2026 14:56:50,T0,T2,2.1ft,0.05s
4.17.2026 14:56:50,T1,T2,1.4ft,0.05s
4.17.2026 14:56:50,T0,T1,2.1ft,0.05s
4.17.2026 14:56:50,T0,T2,2.1ft,0.05s
4.17.2026 14:56:50,T1,T2,1.4ft,0.05s
4.17.2026 14:56:50,T0,T1,2.1ft,0.05s
4.17.2026 14:56:50,T0,T2,2.1ft,0.05s
4.17.2026 14:56:50,T1,T2,1.4ft,0.05s
4.17.2026 14:56:50,T0,T1,2.1ft,0.05s
4.17.2026 14:56:50,T0,T2,2.1ft,0.05s
4.17.2026 14:56:50,T1,T2,1.4ft,0.05s
4.17.2026 14:56:50,T0,T1,2.1ft,0.05s
4.17.2026 14:56:50,T0,T2,2.1ft,0.05s
4.17.2026 14:56:50,T1,T2,1.4ft,0.05s
4.17.2026 14:56:50,T0,T1,2.1ft,0.05s
4.17.2026 14:56:50,T0,T2,2.1ft,0.05s
4.17.2026 14:56:50,T1,T2,1.4ft,0.05s
4.17.2026 14:56:50,T0,T1,2.1ft,0.05s
4.17.2026 14:56:50,T0,T2,2.0ft,0.05s
4.17.2026 14:56:50,T1,T2,1.4ft,0.05s
4.17.2026 14:56:50,T0,T1,2.1ft,0.05s
4.17.2026 14:56:50,T0,T2,2.0ft,0.05s
4.17.2026 14:56:50,T1,T2,1.3ft,0.05s
4.17.2026 14:56:50,T0,T1,2.1ft,0.05s
4.17.2026 14:56:50,T0,T2,2.0ft,0.05s
4.17.2026 14:56:50,T1,T2,1.3ft,0.05s
4.17.2026 14:56:50,T0,T1,2.1ft,0.05s
4.17.2026 14:56:50,T0,T2,2.0ft,0.05s
4.17.2026 14:56:50,T1,T2,1.3ft,0.05s
4.17.2026 14:56:50,T0,T1,2.1ft,0.05s
4.17.2026 14:56:50,T0,T2,1.9ft,0.05s
4.17.2026 14:56:50,T1,T2,1.3ft,0.05s
4.17.2026 14:56:50,T0,T1,2.1ft,0.05s
4.17.2026 14:56:50,T0,T2,1.9ft,0.05s
4.17.2026 14:56:50,T1,T2,1.3ft,0.05s
4.17.2026 14:56:50,T0,T1,2.1ft,0.05s
4.17.2026 14:56:50,T0,T2,1.9ft,0.05s
4.17.2026 14:56:50,T1,T2,1.3ft,0.05s
4.17.2026 14:56:50,T0,T1,2.1ft,0.05s
4.17.2026 14:56:50,T0,T2,1.9ft,0.05s
4.17.2026 14:56:50,T1,T2,1.3ft,0.05s
4.17.2026 14:56:50,T0,T1,2.1ft,0.05s
4.17.2026 14:56:50,T0,T2,1.9ft,0.05s
4.17.2026 14:56:50,T1,T2,1.3ft,0.05s
4.17.2026 14:56:50,T0,T1,2.1ft,0.05s
4.17.2026 14:56:50,T0,T2,1.9ft,0.05s
4.17.2026 14:56:50,T1,T2,1.3ft,0.05s
4.17.2026 14:56:51,T0,T1,2.1ft,0.05s
4.17.2026 14:56:51,T0,T2,1.9ft,0.05s
4.17.2026 14:56:51,T1,T2,1.3ft,0.05s
4.17.2026 14:56:51,T0,T1,2.1ft,0.05s
4.17.2026 14:56:51,T0,T2,1.9ft,0.05s
4.17.2026 14:56:51,T1,T2,1.3ft,0.05s
4.17.2026 14:56:51,T0,T1,2.1ft,0.05s
4.17.2026 14:56:51,T0,T2,1.9ft,0.05s
4.17.2026 14:56:51,T1,T2,1.3ft,0.05s
4.17.2026 14:56:51,T0,T1,2.1ft,0.05s
4.17.2026 14:56:51,T0,T2,1.9ft,0.05s
4.17.2026 14:56:51,T1,T2,1.3ft,0.05s
4.17.2026 14:56:51,T0,T1,2.1ft,0.05s
4.17.2026 14:56:51,T0,T2,1.9ft,0.05s
4.17.2026 14:56:51,T1,T2,1.3ft,0.05s
4.17.2026 14:56:51,T0,T1,2.1ft,0.05s
4.17.2026 14:56:51,T0,T2,1.9ft,0.05s
4.17.2026 14:56:51,T1,T2,1.3ft,0.05s
4.17.2026 14:56:51,T0,T1,2.1ft,0.05s
4.17.2026 14:56:51,T0,T2,1.9ft,0.05s
4.17.2026 14:56:51,T1,T2,1.3ft,0.05s
4.17.2026 14:56:51,T0,T1,2.1ft,0.06s
4.17.2026 14:56:51,T0,T2,1.9ft,0.06s
4.17.2026 14:56:51,T1,T2,1.3ft,0.06s
4.17.2026 14:56:51,T0,T1,2.1ft,0.05s
4.17.2026 14:56:51,T0,T2,1.9ft,0.05s
4.17.2026 14:56:51,T1,T2,1.3ft,0.05s
4.17.2026 14:56:51,T0,T1,2.1ft,0.05s
4.17.2026 14:56:51,T0,T2,1.9ft,0.05s
4.17.2026 14:56:51,T1,T2,1.3ft,0.05s
4.17.2026 14:56:51,T0,T1,2.1ft,0.05s
4.17.2026 14:56:51,T0,T2,1.9ft,0.05s
4.17.2026 14:56:51,T1,T2,1.3ft,0.05s
4.17.2026 14:56:51,T0,T1,2.1ft,0.05s
4.17.2026 14:56:51,T0,T2,1.9ft,0.05s
4.17.2026 14:56:51,T1,T2,1.3ft,0.05s
4.17.2026 14:56:51,T0,T1,2.1ft,0.05s
4.17.2026 14:56:51,T0,T2,1.9ft,0.05s
4.17.2026 14:56:51,T1,T2,1.3ft,0.05s
4.17.2026 14:56:51,T0,T1,2.1ft,0.05s
4.17.2026 14:56:51,T0,T2,1.9ft,0.05s
4.17.2026 14:56:51,T1,T2,1.3ft,0.05s
4.17.2026 14:56:51,T0,T1,2.1ft,0.05s
4.17.2026 14:56:51,T0,T2,1.9ft,0.05s
4.17.2026 14:56:51,T1,T2,1.3ft,0.05s
4.17.2026 14:56:51,T0,T1,2.1ft,0.05s
4.17.2026 14:56:51,T0,T2,1.8ft,0.05s
4.17.2026 14:56:51,T1,T2,1.3ft,0.05s
4.17.2026 14:56:51,T0,T1,2.1ft,0.05s
4.17.2026 14:56:51,T0,T2,1.8ft,0.05s
4.17.2026 14:56:51,T1,T2,1.3ft,0.05s
4.17.2026 14:56:51,T0,T1,2.1ft,0.05s
4.17.2026 14:56:51,T0,T2,1.8ft,0.05s
4.17.2026 14:56:51,T1,T2,1.3ft,0.05s
4.17.2026 14:56:51,T0,T1,2.1ft,0.05s
4.17.2026 14:56:51,T0,T2,1.8ft,0.05s
4.17.2026 14:56:51,T1,T2,1.3ft,0.05s
4.17.2026 14:56:51,T0,T1,2.1ft,0.05s
4.17.2026 14:56:51,T0,T2,1.8ft,0.05s
4.17.2026 14:56:51,T1,T2,1.3ft,0.05s
4.17.2026 14:56:52,T0,T1,2.1ft,0.05s
4.17.2026 14:56:52,T0,T2,1.8ft,0.05s
4.17.2026 14:56:52,T1,T2,1.2ft,0.05s
4.17.2026 14:56:52,T0,T1,2.1ft,0.05s
4.17.2026 14:56:52,T0,T2,1.8ft,0.05s
4.17.2026 14:56:52,T1,T2,1.2ft,0.05s
4.17.2026 14:56:52,T0,T1,2.1ft,0.05s
4.17.2026 14:56:52,T0,T2,1.8ft,0.05s
4.17.2026 14:56:52,T1,T2,1.2ft,0.05s
4.17.2026 14:56:52,T0,T1,2.1ft,0.05s
4.17.2026 14:56:52,T0,T2,1.8ft,0.05s
4.17.2026 14:56:52,T1,T2,1.3ft,0.05s
4.17.2026 14:56:52,T0,T1,2.1ft,0.05s
4.17.2026 14:56:52,T0,T2,1.8ft,0.05s
4.17.2026 14:56:52,T1,T2,1.3ft,0.05s
4.17.2026 14:56:52,T0,T1,2.1ft,0.05s
4.17.2026 14:56:52,T0,T2,1.8ft,0.05s
4.17.2026 14:56:52,T1,T2,1.3ft,0.05s
4.17.2026 14:56:52,T0,T1,2.1ft,0.05s
4.17.2026 14:56:52,T0,T2,1.8ft,0.05s
4.17.2026 14:56:52,T1,T2,1.3ft,0.05s
4.17.2026 14:56:52,T0,T1,2.1ft,0.05s
4.17.2026 14:56:52,T0,T2,1.8ft,0.05s
4.17.2026 14:56:52,T1,T2,1.3ft,0.05s
4.17.2026 14:56:52,T0,T1,2.1ft,0.05s
4.17.2026 14:56:52,T0,T2,1.8ft,0.05s
4.17.2026 14:56:52,T1,T2,1.3ft,0.05s
4.17.2026 14:56:52,T0,T1,2.1ft,0.05s
4.17.2026 14:56:52,T0,T2,1.8ft,0.05s
4.17.2026 14:56:52,T1,T2,1.3ft,0.05s
4.17.2026 14:56:52,T0,T1,2.1ft,0.05s
4.17.2026 14:56:52,T0,T2,1.9ft,0.05s
4.17.2026 14:56:52,T1,T2,1.3ft,0.05s
4.17.2026 14:56:52,T0,T1,2.1ft,0.05s
4.17.2026 14:56:52,T0,T2,1.9ft,0.05s
4.17.2026 14:56:52,T1,T2,1.3ft,0.05s
4.17.2026 14:56:52,T0,T1,2.1ft,0.05s
4.17.2026 14:56:52,T0,T2,1.9ft,0.05s
4.17.2026 14:56:52,T1,T2,1.3ft,0.05s
4.17.2026 14:56:52,T0,T1,2.1ft,0.05s
4.17.2026 14:56:52,T0,T2,2.0ft,0.05s
4.17.2026 14:56:52,T1,T2,1.4ft,0.05s
4.17.2026 14:56:52,T0,T1,2.1ft,0.05s
4.17.2026 14:56:52,T0,T2,2.0ft,0.05s
4.17.2026 14:56:52,T1,T2,1.4ft,0.05s
4.17.2026 14:56:52,T0,T1,2.1ft,0.05s
4.17.2026 14:56:52,T0,T2,2.0ft,0.05s
4.17.2026 14:56:52,T1,T2,1.4ft,0.05s
4.17.2026 14:56:52,T0,T1,2.1ft,0.05s
4.17.2026 14:56:52,T0,T2,2.1ft,0.05s
4.17.2026 14:56:52,T1,T2,1.4ft,0.05s
4.17.2026 14:56:52,T0,T1,2.1ft,0.05s
4.17.2026 14:56:52,T0,T2,2.1ft,0.05s
4.17.2026 14:56:52,T1,T2,1.4ft,0.05s
4.17.2026 14:56:52,T0,T1,2.1ft,0.05s
4.17.2026 14:56:52,T0,T2,2.1ft,0.05s
4.17.2026 14:56:52,T1,T2,1.4ft,0.05s
4.17.2026 14:56:53,T0,T1,2.1ft,0.05s
4.17.2026 14:56:53,T0,T2,2.1ft,0.05s
4.17.2026 14:56:53,T1,T2,1.4ft,0.05s
4.17.2026 14:56:53,T0,T1,2.1ft,0.05s
4.17.2026 14:56:53,T0,T2,2.1ft,0.05s
4.17.2026 14:56:53,T1,T2,1.4ft,0.05s
4.17.2026 14:56:53,T0,T1,2.1ft,0.05s
4.17.2026 14:56:53,T0,T2,2.0ft,0.05s
4.17.2026 14:56:53,T1,T2,1.4ft,0.05s
4.17.2026 14:56:53,T0,T1,2.1ft,0.05s
4.17.2026 14:56:53,T0,T2,2.0ft,0.05s
4.17.2026 14:56:53,T1,T2,1.4ft,0.05s
4.17.2026 14:56:53,T0,T1,2.1ft,0.05s
4.17.2026 14:56:53,T0,T2,2.0ft,0.05s
4.17.2026 14:56:53,T1,T2,1.4ft,0.05s
4.17.2026 14:56:53,T0,T1,2.1ft,0.05s
4.17.2026 14:56:53,T0,T2,2.0ft,0.05s
4.17.2026 14:56:53,T1,T2,1.4ft,0.05s
4.17.2026 14:56:53,T0,T1,2.1ft,0.05s
4.17.2026 14:56:53,T0,T2,2.0ft,0.05s
4.17.2026 14:56:53,T1,T2,1.4ft,0.05s
4.17.2026 14:56:53,T0,T1,2.1ft,0.05s
4.17.2026 14:56:53,T0,T2,2.0ft,0.05s
4.17.2026 14:56:53,T1,T2,1.4ft,0.05s
4.17.2026 14:56:53,T0,T1,2.1ft,0.05s
4.17.2026 14:56:53,T0,T2,2.0ft,0.05s
4.17.2026 14:56:53,T1,T2,1.3ft,0.05s
4.17.2026 14:56:53,T0,T1,2.1ft,0.05s
4.17.2026 14:56:53,T0,T2,2.0ft,0.05s
4.17.2026 14:56:53,T1,T2,1.3ft,0.05s
4.17.2026 14:56:53,T0,T1,2.1ft,0.05s
4.17.2026 14:56:53,T0,T2,2.0ft,0.05s
4.17.2026 14:56:53,T1,T2,1.3ft,0.05s
4.17.2026 14:56:53,T0,T1,2.1ft,0.05s
4.17.2026 14:56:53,T0,T2,2.0ft,0.05s
4.17.2026 14:56:53,T1,T2,1.3ft,0.05s
4.17.2026 14:56:53,T0,T1,2.1ft,0.05s
4.17.2026 14:56:53,T0,T2,2.0ft,0.05s
4.17.2026 14:56:53,T1,T2,1.3ft,0.05s
4.17.2026 14:56:53,T0,T1,2.1ft,0.05s
4.17.2026 14:56:53,T0,T2,2.0ft,0.05s
4.17.2026 14:56:53,T1,T2,1.3ft,0.05s
4.17.2026 14:56:53,T0,T1,2.1ft,0.05s
4.17.2026 14:56:53,T0,T2,2.1ft,0.05s
4.17.2026 14:56:53,T1,T2,1.3ft,0.05s
4.17.2026 14:56:53,T0,T1,2.1ft,0.05s
4.17.2026 14:56:53,T0,T2,2.1ft,0.05s
4.17.2026 14:56:53,T1,T2,1.4ft,0.05s
4.17.2026 14:56:53,T0,T1,2.1ft,0.05s
4.17.2026 14:56:53,T0,T2,2.1ft,0.05s
4.17.2026 14:56:53,T1,T2,1.4ft,0.05s
4.17.2026 14:56:53,T0,T1,2.1ft,0.05s
4.17.2026 14:56:53,T0,T2,2.2ft,0.05s
4.17.2026 14:56:53,T1,T2,1.4ft,0.05s
4.17.2026 14:56:53,T0,T1,2.1ft,0.05s
4.17.2026 14:56:53,T0,T2,2.2ft,0.05s
4.17.2026 14:56:53,T1,T2,1.4ft,0.05s
4.17.2026 14:56:53,T0,T1,2.1ft,0.05s
4.17.2026 14:56:53,T0,T2,2.2ft,0.05s
4.17.2026 14:56:53,T1,T2,1.4ft,0.05s
4.17.2026 14:56:54,T0,T1,2.1ft,0.05s
4.17.2026 14:56:54,T0,T2,2.2ft,0.05s
4.17.2026 14:56:54,T1,T2,1.4ft,0.05s
4.17.2026 14:56:54,T0,T1,2.1ft,0.05s
4.17.2026 14:56:54,T0,T2,2.2ft,0.05s
4.17.2026 14:56:54,T1,T2,1.4ft,0.05s
4.17.2026 14:56:54,T0,T1,2.1ft,0.05s
4.17.2026 14:56:54,T0,T2,2.1ft,0.05s
4.17.2026 14:56:54,T1,T2,1.4ft,0.05s
4.17.2026 14:56:54,T0,T1,2.1ft,0.05s
4.17.2026 14:56:54,T0,T2,2.1ft,0.05s
4.17.2026 14:56:54,T1,T2,1.4ft,0.05s
4.17.2026 14:56:54,T0,T1,2.1ft,0.05s
4.17.2026 14:56:54,T0,T2,2.1ft,0.05s
4.17.2026 14:56:54,T1,T2,1.4ft,0.05s
4.17.2026 14:56:54,T0,T1,2.1ft,0.05s
4.17.2026 14:56:54,T0,T2,2.1ft,0.05s
4.17.2026 14:56:54,T1,T2,1.4ft,0.05s
4.17.2026 14:56:54,T0,T1,2.1ft,0.05s
4.17.2026 14:56:54,T0,T2,2.1ft,0.05s
4.17.2026 14:56:54,T1,T2,1.4ft,0.05s
4.17.2026 14:56:54,T0,T1,2.1ft,0.05s
4.17.2026 14:56:54,T0,T2,2.1ft,0.05s
4.17.2026 14:56:54,T1,T2,1.4ft,0.05s
4.17.2026 14:56:54,T0,T1,2.1ft,0.05s
4.17.2026 14:56:54,T0,T2,2.2ft,0.05s
4.17.2026 14:56:54,T1,T2,1.4ft,0.05s
4.17.2026 14:56:54,T0,T1,2.1ft,0.05s
4.17.2026 14:56:54,T0,T2,2.2ft,0.05s
4.17.2026 14:56:54,T1,T2,1.4ft,0.05s
4.17.2026 14:56:54,T0,T1,2.1ft,0.05s
4.17.2026 14:56:54,T0,T2,2.2ft,0.05s
4.17.2026 14:56:54,T1,T2,1.4ft,0.05s
4.17.2026 14:56:54,T0,T1,2.1ft,0.05s
4.17.2026 14:56:54,T0,T2,2.2ft,0.05s
4.17.2026 14:56:54,T1,T2,1.4ft,0.05s
4.17.2026 14:56:54,T0,T1,2.1ft,0.05s
4.17.2026 14:56:54,T0,T2,2.2ft,0.05s
4.17.2026 14:56:54,T1,T2,1.4ft,0.05s
4.17.2026 14:56:54,T0,T1,2.1ft,0.05s
4.17.2026 14:56:54,T0,T2,2.2ft,0.05s
4.17.2026 14:56:54,T1,T2,1.4ft,0.05s
4.17.2026 14:56:54,T0,T1,2.1ft,0.05s
4.17.2026 14:56:54,T0,T2,2.2ft,0.05s
4.17.2026 14:56:54,T1,T2,1.5ft,0.05s
4.17.2026 14:56:54,T0,T1,2.1ft,0.05s
4.17.2026 14:56:54,T0,T2,2.2ft,0.05s
4.17.2026 14:56:54,T1,T2,1.5ft,0.05s
4.17.2026 14:56:54,T0,T1,2.1ft,0.05s
4.17.2026 14:56:54,T0,T2,2.2ft,0.05s
4.17.2026 14:56:54,T1,T2,1.5ft,0.05s
4.17.2026 14:56:54,T0,T1,2.1ft,0.05s
4.17.2026 14:56:54,T0,T2,2.2ft,0.05s
4.17.2026 14:56:54,T1,T2,1.5ft,0.05s
4.17.2026 14:56:54,T0,T1,2.1ft,0.05s
4.17.2026 14:56:54,T0,T2,2.2ft,0.05s
4.17.2026 14:56:54,T1,T2,1.4ft,0.05s
4.17.2026 14:56:55,T0,T1,2.1ft,0.05s
4.17.2026 14:56:55,T0,T2,2.2ft,0.05s
4.17.2026 14:56:55,T1,T2,1.4ft,0.05s
4.17.2026 14:56:55,T0,T1,2.1ft,0.05s
4.17.2026 14:56:55,T0,T2,2.2ft,0.05s
4.17.2026 14:56:55,T1,T2,1.4ft,0.05s
4.17.2026 14:56:55,T0,T1,2.1ft,0.05s
4.17.2026 14:56:55,T0,T2,2.2ft,0.05s
4.17.2026 14:56:55,T1,T2,1.4ft,0.05s
4.17.2026 14:56:55,T0,T1,2.1ft,0.05s
4.17.2026 14:56:55,T0,T2,2.2ft,0.05s
4.17.2026 14:56:55,T1,T2,1.4ft,0.05s
4.17.2026 14:56:55,T0,T1,2.1ft,0.05s
4.17.2026 14:56:55,T0,T2,2.2ft,0.05s
4.17.2026 14:56:55,T1,T2,1.5ft,0.05s
4.17.2026 14:56:55,T0,T1,2.1ft,0.05s
4.17.2026 14:56:55,T0,T2,2.2ft,0.05s
4.17.2026 14:56:55,T1,T2,1.5ft,0.05s
4.17.2026 14:56:55,T0,T1,2.1ft,0.05s
4.17.2026 14:56:55,T0,T2,2.2ft,0.05s
4.17.2026 14:56:55,T1,T2,1.5ft,0.05s
4.17.2026 14:56:55,T0,T1,2.1ft,0.05s
4.17.2026 14:56:55,T0,T2,2.2ft,0.05s
4.17.2026 14:56:55,T1,T2,1.5ft,0.05s
4.17.2026 14:56:55,T0,T1,2.1ft,0.05s
4.17.2026 14:56:55,T0,T2,2.2ft,0.05s
4.17.2026 14:56:55,T1,T2,1.5ft,0.05s
4.17.2026 14:56:55,T0,T1,2.1ft,0.05s
4.17.2026 14:56:55,T0,T2,2.2ft,0.05s
4.17.2026 14:56:55,T1,T2,1.5ft,0.05s
4.17.2026 14:56:55,T0,T1,2.1ft,0.05s
4.17.2026 14:56:55,T0,T2,2.2ft,0.05s
4.17.2026 14:56:55,T1,T2,1.5ft,0.05s
4.17.2026 14:56:55,T0,T1,2.1ft,0.05s
4.17.2026 14:56:55,T0,T2,2.2ft,0.05s
4.17.2026 14:56:55,T1,T2,1.5ft,0.05s
4.17.2026 14:56:55,T0,T1,2.1ft,0.05s
4.17.2026 14:56:55,T0,T2,2.2ft,0.05s
4.17.2026 14:56:55,T1,T2,1.4ft,0.05s
4.17.2026 14:56:55,T0,T1,2.1ft,0.05s
4.17.2026 14:56:55,T0,T2,2.2ft,0.05s
4.17.2026 14:56:55,T1,T2,1.4ft,0.05s
4.17.2026 14:56:55,T0,T1,2.1ft,0.05s
4.17.2026 14:56:55,T0,T2,2.2ft,0.05s
4.17.2026 14:56:55,T1,T2,1.4ft,0.05s
4.17.2026 14:56:55,T0,T1,2.1ft,0.05s
4.17.2026 14:56:55,T0,T2,2.2ft,0.05s
4.17.2026 14:56:55,T1,T2,1.4ft,0.05s
4.17.2026 14:56:55,T0,T1,2.1ft,0.05s
4.17.2026 14:56:55,T0,T2,2.2ft,0.05s
4.17.2026 14:56:55,T1,T2,1.4ft,0.05s
4.17.2026 14:56:55,T0,T1,2.1ft,0.05s
4.17.2026 14:56:55,T0,T2,2.2ft,0.05s
4.17.2026 14:56:55,T1,T2,1.4ft,0.05s
4.17.2026 14:56:55,T0,T1,2.1ft,0.05s
4.17.2026 14:56:55,T0,T2,2.2ft,0.05s
4.17.2026 14:56:55,T1,T2,1.4ft,0.05s
4.17.2026 14:56:55,T0,T1,2.1ft,0.05s
4.17.2026 14:56:55,T0,T2,2.2ft,0.05s
4.17.2026 14:56:55,T1,T2,1.4ft,0.05s
4.17.2026 14:56:56,T0,T1,2.1ft,0.05s
4.17.2026 14:56:56,T0,T2,2.2ft,0.05s
4.17.2026 14:56:56,T1,T2,1.4ft,0.05s
4.17.2026 14:56:56,T0,T1,2.1ft,0.05s
4.17.2026 14:56:56,T0,T2,2.2ft,0.05s
4.17.2026 14:56:56,T1,T2,1.4ft,0.05s
4.17.2026 14:56:56,T0,T1,2.1ft,0.05s
4.17.2026 14:56:56,T0,T2,2.2ft,0.05s
4.17.2026 14:56:56,T1,T2,1.4ft,0.05s
4.17.2026 14:56:56,T0,T1,2.1ft,0.05s
4.17.2026 14:56:56,T0,T2,2.3ft,0.05s
4.17.2026 14:56:56,T1,T2,1.5ft,0.05s
4.17.2026 14:56:56,T0,T1,2.1ft,0.05s
4.17.2026 14:56:56,T0,T2,2.3ft,0.05s
4.17.2026 14:56:56,T1,T2,1.5ft,0.05s
4.17.2026 14:56:56,T0,T1,2.1ft,0.05s
4.17.2026 14:56:56,T0,T2,2.3ft,0.05s
4.17.2026 14:56:56,T1,T2,1.5ft,0.05s
4.17.2026 14:56:56,T0,T1,2.1ft,0.05s
4.17.2026 14:56:56,T0,T2,2.4ft,0.05s
4.17.2026 14:56:56,T1,T2,1.5ft,0.05s
4.17.2026 14:56:56,T0,T1,2.1ft,0.05s
4.17.2026 14:56:56,T0,T2,2.4ft,0.05s
4.17.2026 14:56:56,T1,T2,1.5ft,0.05s
4.17.2026 14:56:56,T0,T1,2.1ft,0.05s
4.17.2026 14:56:56,T0,T2,2.4ft,0.05s
4.17.2026 14:56:56,T1,T2,1.5ft,0.05s
4.17.2026 14:56:56,T0,T1,2.1ft,0.05s
4.17.2026 14:56:56,T0,T2,2.4ft,0.05s
4.17.2026 14:56:56,T1,T2,1.5ft,0.05s
4.17.2026 14:56:56,T0,T1,2.1ft,0.05s
4.17.2026 14:56:56,T0,T2,2.3ft,0.05s
4.17.2026 14:56:56,T1,T2,1.5ft,0.05s
4.17.2026 14:56:56,T0,T1,2.1ft,0.05s
4.17.2026 14:56:56,T0,T2,2.3ft,0.05s
4.17.2026 14:56:56,T1,T2,1.5ft,0.05s
4.17.2026 14:56:56,T0,T1,2.1ft,0.05s
4.17.2026 14:56:56,T0,T2,2.3ft,0.05s
4.17.2026 14:56:56,T1,T2,1.4ft,0.05s
4.17.2026 14:56:56,T0,T1,1.9ft,0.05s
4.17.2026 14:56:56,T0,T2,2.3ft,0.05s
4.17.2026 14:56:56,T1,T2,1.3ft,0.05s
4.17.2026 14:56:56,T0,T1,1.9ft,0.05s
4.17.2026 14:56:56,T0,T2,2.3ft,0.05s
4.17.2026 14:56:56,T1,T2,1.2ft,0.05s
4.17.2026 14:56:56,T0,T1,1.8ft,0.05s
4.17.2026 14:56:56,T0,T2,2.2ft,0.05s
4.17.2026 14:56:56,T1,T2,1.1ft,0.05s
4.17.2026 14:56:56,T0,T1,1.7ft,0.05s
4.17.2026 14:56:56,T0,T2,2.2ft,0.05s
4.17.2026 14:56:56,T1,T2,1.1ft,0.05s
4.17.2026 14:56:56,T0,T1,1.6ft,0.05s
4.17.2026 14:56:56,T0,T2,2.2ft,0.05s
4.17.2026 14:56:56,T1,T2,1.0ft,0.05s
4.17.2026 14:56:56,T0,T1,1.6ft,0.05s
4.17.2026 14:56:56,T0,T2,2.1ft,0.05s
4.17.2026 14:56:56,T1,T2,1.0ft,0.05s
4.17.2026 14:56:57,T0,T1,1.6ft,0.05s
4.17.2026 14:56:57,T0,T2,2.1ft,0.05s
4.17.2026 14:56:57,T1,T2,1.0ft,0.05s
4.17.2026 14:56:57,T0,T1,1.6ft,0.05s
4.17.2026 14:56:57,T0,T2,2.1ft,0.05s
4.17.2026 14:56:57,T1,T2,1.0ft,0.05s
4.17.2026 14:56:57,T0,T1,1.6ft,0.05s
4.17.2026 14:56:57,T0,T2,2.1ft,0.05s
4.17.2026 14:56:57,T1,T2,0.9ft,0.05s
4.17.2026 14:56:57,T0,T1,1.6ft,0.05s
4.17.2026 14:56:57,T0,T2,2.1ft,0.05s
4.17.2026 14:56:57,T1,T2,0.9ft,0.05s
4.17.2026 14:56:57,T0,T1,1.6ft,0.05s
4.17.2026 14:56:57,T0,T2,2.1ft,0.05s
4.17.2026 14:56:57,T1,T2,0.9ft,0.05s
4.17.2026 14:56:57,T0,T1,1.6ft,0.05s
4.17.2026 14:56:57,T0,T2,2.2ft,0.05s
4.17.2026 14:56:57,T1,T2,1.0ft,0.05s
4.17.2026 14:56:57,T0,T1,1.6ft,0.05s
4.17.2026 14:56:57,T0,T2,2.2ft,0.05s
4.17.2026 14:56:57,T1,T2,1.1ft,0.05s
4.17.2026 14:56:57,T0,T1,1.6ft,0.05s
4.17.2026 14:56:57,T0,T2,2.3ft,0.05s
4.17.2026 14:56:57,T1,T2,1.2ft,0.05s
4.17.2026 14:56:57,T0,T1,1.7ft,0.05s
4.17.2026 14:56:57,T0,T2,2.3ft,0.05s
4.17.2026 14:56:57,T1,T2,1.3ft,0.05s
4.17.2026 14:56:57,T0,T1,1.7ft,0.05s
4.17.2026 14:56:57,T0,T2,2.3ft,0.05s
4.17.2026 14:56:57,T1,T2,1.4ft,0.05s
4.17.2026 14:56:57,T0,T1,1.8ft,0.05s
4.17.2026 14:56:57,T0,T2,2.3ft,0.05s
4.17.2026 14:56:57,T1,T2,1.4ft,0.05s
4.17.2026 14:56:57,T0,T1,1.8ft,0.05s
4.17.2026 14:56:57,T0,T2,2.3ft,0.05s
4.17.2026 14:56:57,T1,T2,1.4ft,0.05s
4.17.2026 14:56:57,T0,T1,1.9ft,0.05s
4.17.2026 14:56:57,T0,T2,2.3ft,0.05s
4.17.2026 14:56:57,T1,T2,1.4ft,0.05s
4.17.2026 14:56:57,T0,T1,1.9ft,0.05s
4.17.2026 14:56:57,T0,T2,2.4ft,0.05s
4.17.2026 14:56:57,T1,T2,1.5ft,0.05s
4.17.2026 14:56:57,T0,T1,1.9ft,0.05s
4.17.2026 14:56:57,T0,T2,2.4ft,0.05s
4.17.2026 14:56:57,T1,T2,1.5ft,0.05s
4.17.2026 14:56:57,T0,T1,2.0ft,0.06s
4.17.2026 14:56:57,T0,T2,2.5ft,0.06s
4.17.2026 14:56:57,T1,T2,1.5ft,0.06s
4.17.2026 14:56:57,T0,T1,2.0ft,0.05s
4.17.2026 14:56:57,T0,T2,2.6ft,0.05s
4.17.2026 14:56:57,T1,T2,1.6ft,0.05s
4.17.2026 14:56:57,T0,T1,2.1ft,0.05s
4.17.2026 14:56:57,T0,T2,2.6ft,0.05s
4.17.2026 14:56:57,T1,T2,1.6ft,0.05s
4.17.2026 14:56:57,T0,T1,2.2ft,0.05s
4.17.2026 14:56:57,T0,T2,2.7ft,0.05s
4.17.2026 14:56:57,T1,T2,1.6ft,0.05s
4.17.2026 14:56:57,T0,T1,2.2ft,0.05s
4.17.2026 14:56:57,T0,T2,2.6ft,0.05s
4.17.2026 14:56:57,T1,T2,1.5ft,0.05s
4.17.2026 14:56:58,T0,T1,2.2ft,0.05s
4.17.2026 14:56:58,T0,T2,2.5ft,0.05s
4.17.2026 14:56:58,T1,T2,1.5ft,0.05s
4.17.2026 14:56:58,T0,T1,2.2ft,0.05s
4.17.2026 14:56:58,T0,T2,2.5ft,0.05s
4.17.2026 14:56:58,T1,T2,1.5ft,0.05s
4.17.2026 14:56:58,T0,T1,2.2ft,0.05s
4.17.2026 14:56:58,T0,T2,2.4ft,0.05s
4.17.2026 14:56:58,T1,T2,1.5ft,0.05s
4.17.2026 14:56:58,T0,T1,2.2ft,0.05s
4.17.2026 14:56:58,T0,T2,2.4ft,0.05s
4.17.2026 14:56:58,T1,T2,1.5ft,0.05s
4.17.2026 14:56:58,T0,T1,2.1ft,0.05s
4.17.2026 14:56:58,T0,T2,2.3ft,0.05s
4.17.2026 14:56:58,T1,T2,1.5ft,0.05s
4.17.2026 14:56:58,T0,T1,2.1ft,0.05s
4.17.2026 14:56:58,T0,T2,2.3ft,0.05s
4.17.2026 14:56:58,T1,T2,1.4ft,0.05s
4.17.2026 14:56:58,T0,T1,2.1ft,0.05s
4.17.2026 14:56:58,T0,T2,2.2ft,0.05s
4.17.2026 14:56:58,T1,T2,1.4ft,0.05s
4.17.2026 14:56:58,T0,T1,2.1ft,0.05s
4.17.2026 14:56:58,T0,T2,2.3ft,0.05s
4.17.2026 14:56:58,T1,T2,1.4ft,0.05s
4.17.2026 14:56:58,T0,T1,2.1ft,0.05s
4.17.2026 14:56:58,T0,T2,2.3ft,0.05s
4.17.2026 14:56:58,T1,T2,1.5ft,0.05s
4.17.2026 14:56:58,T0,T1,2.1ft,0.05s
4.17.2026 14:56:58,T0,T2,2.3ft,0.05s
4.17.2026 14:56:58,T1,T2,1.5ft,0.05s
4.17.2026 14:56:58,T0,T1,2.1ft,0.05s
4.17.2026 14:56:58,T0,T2,2.3ft,0.05s
4.17.2026 14:56:58,T1,T2,1.5ft,0.05s
4.17.2026 14:56:58,T0,T1,2.1ft,0.05s
4.17.2026 14:56:58,T0,T2,2.3ft,0.05s
4.17.2026 14:56:58,T1,T2,1.5ft,0.05s
4.17.2026 14:56:58,T0,T1,2.1ft,0.05s
4.17.2026 14:56:58,T0,T2,2.3ft,0.05s
4.17.2026 14:56:58,T1,T2,1.5ft,0.05s
4.17.2026 14:56:58,T0,T1,2.1ft,0.05s
4.17.2026 14:56:58,T0,T2,2.3ft,0.05s
4.17.2026 14:56:58,T1,T2,1.5ft,0.05s
4.17.2026 14:56:58,T0,T1,2.1ft,0.05s
4.17.2026 14:56:58,T0,T2,2.3ft,0.05s
4.17.2026 14:56:58,T1,T2,1.5ft,0.05s
4.17.2026 14:56:58,T0,T1,2.1ft,0.05s
4.17.2026 14:56:58,T0,T2,2.3ft,0.05s
4.17.2026 14:56:58,T1,T2,1.5ft,0.05s
4.17.2026 14:56:58,T0,T1,2.1ft,0.05s
4.17.2026 14:56:58,T0,T2,2.4ft,0.05s
4.17.2026 14:56:58,T1,T2,1.5ft,0.05s
4.17.2026 14:56:58,T0,T1,2.1ft,0.05s
4.17.2026 14:56:58,T0,T2,2.3ft,0.05s
4.17.2026 14:56:58,T1,T2,1.5ft,0.05s
4.17.2026 14:56:58,T0,T1,2.1ft,0.05s
4.17.2026 14:56:58,T0,T2,2.3ft,0.05s
4.17.2026 14:56:58,T1,T2,1.5ft,0.05s
4.17.2026 14:56:59,T0,T1,2.1ft,0.05s
4.17.2026 14:56:59,T0,T2,2.3ft,0.05s
4.17.2026 14:56:59,T1,T2,1.4ft,0.05s
4.17.2026 14:56:59,T0,T1,2.1ft,0.05s
4.17.2026 14:56:59,T0,T2,2.2ft,0.05s
4.17.2026 14:56:59,T1,T2,1.4ft,0.05s
4.17.2026 14:56:59,T0,T1,2.1ft,0.05s
4.17.2026 14:56:59,T0,T2,2.2ft,0.05s
4.17.2026 14:56:59,T1,T2,1.4ft,0.05s
4.17.2026 14:56:59,T0,T1,2.1ft,0.05s
4.17.2026 14:56:59,T0,T2,2.2ft,0.05s
4.17.2026 14:56:59,T1,T2,1.4ft,0.05s
4.17.2026 14:56:59,T0,T1,2.1ft,0.05s
4.17.2026 14:56:59,T0,T2,2.2ft,0.05s
4.17.2026 14:56:59,T1,T2,1.4ft,0.05s
4.17.2026 14:56:59,T0,T1,2.1ft,0.05s
4.17.2026 14:56:59,T0,T2,2.1ft,0.05s
4.17.2026 14:56:59,T1,T2,1.4ft,0.05s
4.17.2026 14:56:59,T0,T1,2.1ft,0.05s
4.17.2026 14:56:59,T0,T2,2.1ft,0.05s
4.17.2026 14:56:59,T1,T2,1.4ft,0.05s
4.17.2026 14:56:59,T0,T1,2.1ft,0.05s
4.17.2026 14:56:59,T0,T2,2.1ft,0.05s
4.17.2026 14:56:59,T1,T2,1.4ft,0.05s
4.17.2026 14:56:59,T0,T1,2.1ft,0.05s
4.17.2026 14:56:59,T0,T2,2.1ft,0.05s
4.17.2026 14:56:59,T1,T2,1.4ft,0.05s
4.17.2026 14:56:59,T0,T1,2.1ft,0.05s
4.17.2026 14:56:59,T0,T2,2.0ft,0.05s
4.17.2026 14:56:59,T1,T2,1.4ft,0.05s
4.17.2026 14:56:59,T0,T1,2.1ft,0.05s
4.17.2026 14:56:59,T0,T2,2.0ft,0.05s
4.17.2026 14:56:59,T1,T2,1.4ft,0.05s
4.17.2026 14:56:59,T0,T1,2.1ft,0.05s
4.17.2026 14:56:59,T0,T2,2.0ft,0.05s
4.17.2026 14:56:59,T1,T2,1.3ft,0.05s
4.17.2026 14:56:59,T0,T1,2.1ft,0.05s
4.17.2026 14:56:59,T0,T2,2.0ft,0.05s
4.17.2026 14:56:59,T1,T2,1.3ft,0.05s
4.17.2026 14:56:59,T0,T1,2.1ft,0.05s
4.17.2026 14:56:59,T0,T2,2.0ft,0.05s
4.17.2026 14:56:59,T1,T2,1.3ft,0.05s
4.17.2026 14:56:59,T0,T1,2.1ft,0.05s
4.17.2026 14:56:59,T0,T2,2.0ft,0.05s
4.17.2026 14:56:59,T1,T2,1.4ft,0.05s
4.17.2026 14:56:59,T0,T1,2.1ft,0.05s
4.17.2026 14:56:59,T0,T2,2.0ft,0.05s
4.17.2026 14:56:59,T1,T2,1.4ft,0.05s
4.17.2026 14:56:59,T0,T1,2.1ft,0.05s
4.17.2026 14:56:59,T0,T2,2.1ft,0.05s
4.17.2026 14:56:59,T1,T2,1.4ft,0.05s
4.17.2026 14:56:59,T0,T1,2.1ft,0.05s
4.17.2026 14:56:59,T0,T2,2.1ft,0.05s
4.17.2026 14:56:59,T1,T2,1.4ft,0.05s
4.17.2026 14:56:59,T0,T1,2.1ft,0.05s
4.17.2026 14:56:59,T0,T2,2.2ft,0.05s
4.17.2026 14:56:59,T1,T2,1.4ft,0.05s
4.17.2026 14:56:59,T0,T1,2.1ft,0.05s
4.17.2026 14:56:59,T0,T2,2.2ft,0.05s
4.17.2026 14:56:59,T1,T2,1.4ft,0.05s
4.17.2026 14:57:00,T0,T1,2.1ft,0.05s
4.17.2026 14:57:00,T0,T2,2.2ft,0.05s
4.17.2026 14:57:00,T1,T2,1.4ft,0.05s
4.17.2026 14:57:00,T0,T1,2.1ft,0.05s
4.17.2026 14:57:00,T0,T2,2.2ft,0.05s
4.17.2026 14:57:00,T1,T2,1.4ft,0.05s
4.17.2026 14:57:00,T0,T1,2.1ft,0.05s
4.17.2026 14:57:00,T0,T2,2.1ft,0.05s
4.17.2026 14:57:00,T1,T2,1.4ft,0.05s
4.17.2026 14:57:00,T0,T1,2.1ft,0.05s
4.17.2026 14:57:00,T0,T2,2.1ft,0.05s
4.17.2026 14:57:00,T1,T2,1.4ft,0.05s
4.17.2026 14:57:00,T0,T1,2.1ft,0.05s
4.17.2026 14:57:00,T0,T2,2.1ft,0.05s
4.17.2026 14:57:00,T1,T2,1.4ft,0.05s
4.17.2026 14:57:00,T0,T1,2.1ft,0.05s
4.17.2026 14:57:00,T0,T2,2.1ft,0.05s
4.17.2026 14:57:00,T1,T2,1.4ft,0.05s
4.17.2026 14:57:00,T0,T1,2.1ft,0.05s
4.17.2026 14:57:00,T0,T2,2.1ft,0.05s
4.17.2026 14:57:00,T1,T2,1.4ft,0.05s
4.17.2026 14:57:00,T0,T1,2.1ft,0.05s
4.17.2026 14:57:00,T0,T2,2.0ft,0.05s
4.17.2026 14:57:00,T1,T2,1.4ft,0.05s
4.17.2026 14:57:00,T0,T1,2.1ft,0.05s
4.17.2026 14:57:00,T0,T2,2.0ft,0.05s
4.17.2026 14:57:00,T1,T2,1.4ft,0.05s
4.17.2026 14:57:00,T0,T1,2.1ft,0.05s
4.17.2026 14:57:00,T0,T2,2.0ft,0.05s
4.17.2026 14:57:00,T1,T2,1.3ft,0.05s
4.17.2026 14:57:00,T0,T1,2.1ft,0.05s
4.17.2026 14:57:00,T0,T2,1.9ft,0.05s
4.17.2026 14:57:00,T1,T2,1.3ft,0.05s
4.17.2026 14:57:00,T0,T1,2.1ft,0.05s
4.17.2026 14:57:00,T0,T2,2.0ft,0.05s
4.17.2026 14:57:00,T1,T2,1.3ft,0.05s
4.17.2026 14:57:00,T0,T1,2.1ft,0.05s
4.17.2026 14:57:00,T0,T2,2.0ft,0.05s
4.17.2026 14:57:00,T1,T2,1.4ft,0.05s
4.17.2026 14:57:00,T0,T1,2.1ft,0.05s
4.17.2026 14:57:00,T0,T2,2.0ft,0.05s
4.17.2026 14:57:00,T1,T2,1.4ft,0.05s
4.17.2026 14:57:00,T0,T1,2.1ft,0.06s
4.17.2026 14:57:00,T0,T2,2.0ft,0.06s
4.17.2026 14:57:00,T1,T2,1.4ft,0.06s
4.17.2026 14:57:00,T0,T1,2.1ft,0.05s
4.17.2026 14:57:00,T0,T2,2.0ft,0.05s
4.17.2026 14:57:00,T1,T2,1.4ft,0.05s
4.17.2026 14:57:00,T0,T1,2.1ft,0.05s
4.17.2026 14:57:00,T0,T2,2.0ft,0.05s
4.17.2026 14:57:00,T1,T2,1.4ft,0.05s
4.17.2026 14:57:00,T0,T1,2.1ft,0.05s
4.17.2026 14:57:00,T0,T2,2.0ft,0.05s
4.17.2026 14:57:00,T1,T2,1.4ft,0.05s
4.17.2026 14:57:00,T0,T1,2.1ft,0.05s
4.17.2026 14:57:00,T0,T2,2.0ft,0.05s
4.17.2026 14:57:00,T1,T2,1.4ft,0.05s
4.17.2026 14:57:01,T0,T1,2.1ft,0.05s
4.17.2026 14:57:01,T0,T2,2.0ft,0.05s
4.17.2026 14:57:01,T1,T2,1.4ft,0.05s
4.17.2026 14:57:01,T0,T1,2.1ft,0.05s
4.17.2026 14:57:01,T0,T2,2.1ft,0.05s
4.17.2026 14:57:01,T1,T2,1.4ft,0.05s
4.17.2026 14:57:01,T0,T1,2.1ft,0.05s
4.17.2026 14:57:01,T0,T2,2.1ft,0.05s
4.17.2026 14:57:01,T1,T2,1.4ft,0.05s
4.17.2026 14:57:01,T0,T1,2.1ft,0.05s
4.17.2026 14:57:01,T0,T2,2.1ft,0.05s
4.17.2026 14:57:01,T1,T2,1.4ft,0.05s
4.17.2026 14:57:01,T0,T1,2.1ft,0.05s
4.17.2026 14:57:01,T0,T2,2.1ft,0.05s
4.17.2026 14:57:01,T1,T2,1.4ft,0.05s
4.17.2026 14:57:01,T0,T1,2.1ft,0.05s
4.17.2026 14:57:01,T0,T2,2.1ft,0.05s
4.17.2026 14:57:01,T1,T2,1.4ft,0.05s
4.17.2026 14:57:01,T0,T1,2.1ft,0.05s
4.17.2026 14:57:01,T0,T2,2.1ft,0.05s
4.17.2026 14:57:01,T1,T2,1.4ft,0.05s
4.17.2026 14:57:01,T0,T1,2.1ft,0.05s
4.17.2026 14:57:01,T0,T2,2.1ft,0.05s
4.17.2026 14:57:01,T1,T2,1.4ft,0.05s
4.17.2026 14:57:01,T0,T1,2.1ft,0.05s
4.17.2026 14:57:01,T0,T2,2.1ft,0.05s
4.17.2026 14:57:01,T1,T2,1.4ft,0.05s
4.17.2026 14:57:01,T0,T1,2.1ft,0.05s
4.17.2026 14:57:01,T0,T2,2.1ft,0.05s
4.17.2026 14:57:01,T1,T2,1.3ft,0.05s
4.17.2026 14:57:01,T0,T1,2.1ft,0.05s
4.17.2026 14:57:01,T0,T2,2.1ft,0.05s
4.17.2026 14:57:01,T1,T2,1.3ft,0.05s
4.17.2026 14:57:01,T0,T1,2.1ft,0.05s
4.17.2026 14:57:01,T0,T2,2.1ft,0.05s
4.17.2026 14:57:01,T1,T2,1.3ft,0.05s
4.17.2026 14:57:01,T0,T1,2.1ft,0.05s
4.17.2026 14:57:01,T0,T2,2.1ft,0.05s
4.17.2026 14:57:01,T1,T2,1.3ft,0.05s
4.17.2026 14:57:01,T0,T1,2.1ft,0.05s
4.17.2026 14:57:01,T0,T2,2.1ft,0.05s
4.17.2026 14:57:01,T1,T2,1.3ft,0.05s
4.17.2026 14:57:01,T0,T1,2.1ft,0.05s
4.17.2026 14:57:01,T0,T2,2.1ft,0.05s
4.17.2026 14:57:01,T1,T2,1.4ft,0.05s
4.17.2026 14:57:01,T0,T1,2.1ft,0.05s
4.17.2026 14:57:01,T0,T2,2.1ft,0.05s
4.17.2026 14:57:01,T1,T2,1.4ft,0.05s
4.17.2026 14:57:01,T0,T1,2.1ft,0.05s
4.17.2026 14:57:01,T0,T2,2.1ft,0.05s
4.17.2026 14:57:01,T1,T2,1.4ft,0.05s
4.17.2026 14:57:01,T0,T1,2.1ft,0.05s
4.17.2026 14:57:01,T0,T2,2.1ft,0.05s
4.17.2026 14:57:01,T1,T2,1.4ft,0.05s
4.17.2026 14:57:01,T0,T1,2.1ft,0.05s
4.17.2026 14:57:01,T0,T2,2.2ft,0.05s
4.17.2026 14:57:01,T1,T2,1.4ft,0.05s
4.17.2026 14:57:01,T0,T1,2.1ft,0.05s
4.17.2026 14:57:01,T0,T2,2.1ft,0.05s
4.17.2026 14:57:01,T1,T2,1.4ft,0.05s
4.17.2026 14:57:02,T0,T1,2.1ft,0.05s
4.17.2026 14:57:02,T0,T2,2.1ft,0.05s
4.17.2026 14:57:02,T1,T2,1.4ft,0.05s
4.17.2026 14:57:02,T0,T1,2.1ft,0.05s
4.17.2026 14:57:02,T0,T2,2.1ft,0.05s
4.17.2026 14:57:02,T1,T2,1.4ft,0.05s
4.17.2026 14:57:02,T0,T1,2.1ft,0.05s
4.17.2026 14:57:02,T0,T2,2.1ft,0.05s
4.17.2026 14:57:02,T1,T2,1.4ft,0.05s
4.17.2026 14:57:02,T0,T1,2.1ft,0.06s
4.17.2026 14:57:02,T0,T2,2.2ft,0.06s
4.17.2026 14:57:02,T1,T2,1.4ft,0.06s
4.17.2026 14:57:02,T0,T1,2.1ft,0.05s
4.17.2026 14:57:02,T0,T2,2.2ft,0.05s
4.17.2026 14:57:02,T1,T2,1.4ft,0.05s
4.17.2026 14:57:02,T0,T1,2.1ft,0.05s
4.17.2026 14:57:02,T0,T2,2.2ft,0.05s
4.17.2026 14:57:02,T1,T2,1.4ft,0.05s
4.17.2026 14:57:02,T0,T1,2.1ft,0.05s
4.17.2026 14:57:02,T0,T2,2.2ft,0.05s
4.17.2026 14:57:02,T1,T2,1.4ft,0.05s
4.17.2026 14:57:02,T0,T1,2.1ft,0.05s
4.17.2026 14:57:02,T0,T2,2.2ft,0.05s
4.17.2026 14:57:02,T1,T2,1.4ft,0.05s
4.17.2026 14:57:02,T0,T1,2.1ft,0.05s
4.17.2026 14:57:02,T0,T2,2.2ft,0.05s
4.17.2026 14:57:02,T1,T2,1.4ft,0.05s
4.17.2026 14:57:02,T0,T1,2.1ft,0.05s
4.17.2026 14:57:02,T0,T2,2.2ft,0.05s
4.17.2026 14:57:02,T1,T2,1.4ft,0.05s
4.17.2026 14:57:02,T0,T1,2.1ft,0.05s
4.17.2026 14:57:02,T0,T2,2.2ft,0.05s
4.17.2026 14:57:02,T1,T2,1.4ft,0.05s
4.17.2026 14:57:02,T0,T1,2.1ft,0.05s
4.17.2026 14:57:02,T0,T2,2.2ft,0.05s
4.17.2026 14:57:02,T1,T2,1.4ft,0.05s
4.17.2026 14:57:02,T0,T1,2.1ft,0.05s
4.17.2026 14:57:02,T0,T2,2.1ft,0.05s
4.17.2026 14:57:02,T1,T2,1.4ft,0.05s
4.17.2026 14:57:02,T0,T1,2.1ft,0.05s
4.17.2026 14:57:02,T0,T2,2.1ft,0.05s
4.17.2026 14:57:02,T1,T2,1.4ft,0.05s
4.17.2026 14:57:02,T0,T1,2.1ft,0.05s
4.17.2026 14:57:02,T0,T2,2.1ft,0.05s
4.17.2026 14:57:02,T1,T2,1.4ft,0.05s
4.17.2026 14:57:02,T0,T1,2.1ft,0.05s
4.17.2026 14:57:02,T0,T2,2.1ft,0.05s
4.17.2026 14:57:02,T1,T2,1.4ft,0.05s
4.17.2026 14:57:02,T0,T1,2.1ft,0.05s
4.17.2026 14:57:02,T0,T2,2.1ft,0.05s
4.17.2026 14:57:02,T1,T2,1.4ft,0.05s
4.17.2026 14:57:02,T0,T1,2.1ft,0.05s
4.17.2026 14:57:02,T0,T2,2.1ft,0.05s
4.17.2026 14:57:02,T1,T2,1.4ft,0.05s
4.17.2026 14:57:02,T0,T1,2.1ft,0.05s
4.17.2026 14:57:02,T0,T2,2.1ft,0.05s
4.17.2026 14:57:02,T1,T2,1.4ft,0.05s
4.17.2026 14:57:03,T0,T1,2.1ft,0.05s
4.17.2026 14:57:03,T0,T2,2.1ft,0.05s
4.17.2026 14:57:03,T1,T2,1.4ft,0.05s
4.17.2026 14:57:03,T0,T1,2.1ft,0.05s
4.17.2026 14:57:03,T0,T2,2.1ft,0.05s
4.17.2026 14:57:03,T1,T2,1.3ft,0.05s
4.17.2026 14:57:03,T0,T1,2.1ft,0.05s
4.17.2026 14:57:03,T0,T2,2.1ft,0.05s
4.17.2026 14:57:03,T1,T2,1.3ft,0.05s
4.17.2026 14:57:03,T0,T1,2.1ft,0.05s
4.17.2026 14:57:03,T0,T2,2.0ft,0.05s
4.17.2026 14:57:03,T1,T2,1.3ft,0.05s
4.17.2026 14:57:03,T0,T1,2.1ft,0.05s
4.17.2026 14:57:03,T0,T2,2.0ft,0.05s
4.17.2026 14:57:03,T1,T2,1.3ft,0.05s
4.17.2026 14:57:03,T0,T1,2.1ft,0.05s
4.17.2026 14:57:03,T0,T2,2.0ft,0.05s
4.17.2026 14:57:03,T1,T2,1.3ft,0.05s
4.17.2026 14:57:03,T0,T1,2.1ft,0.05s
4.17.2026 14:57:03,T0,T2,2.0ft,0.05s
4.17.2026 14:57:03,T1,T2,1.3ft,0.05s
4.17.2026 14:57:03,T0,T1,2.1ft,0.05s
4.17.2026 14:57:03,T0,T2,2.0ft,0.05s
4.17.2026 14:57:03,T1,T2,1.3ft,0.05s
4.17.2026 14:57:03,T0,T1,2.1ft,0.05s
4.17.2026 14:57:03,T0,T2,2.1ft,0.05s
4.17.2026 14:57:03,T1,T2,1.3ft,0.05s
4.17.2026 14:57:03,T0,T1,2.1ft,0.05s
4.17.2026 14:57:03,T0,T2,2.1ft,0.05s
4.17.2026 14:57:03,T1,T2,1.4ft,0.05s
4.17.2026 14:57:03,T0,T1,2.1ft,0.05s
4.17.2026 14:57:03,T0,T2,2.1ft,0.05s
4.17.2026 14:57:03,T1,T2,1.4ft,0.05s
4.17.2026 14:57:03,T0,T1,2.1ft,0.05s
4.17.2026 14:57:03,T0,T2,2.2ft,0.05s
4.17.2026 14:57:03,T1,T2,1.4ft,0.05s
4.17.2026 14:57:03,T0,T1,2.1ft,0.05s
4.17.2026 14:57:03,T0,T2,2.2ft,0.05s
4.17.2026 14:57:03,T1,T2,1.4ft,0.05s
4.17.2026 14:57:03,T0,T1,2.1ft,0.05s
4.17.2026 14:57:03,T0,T2,2.2ft,0.05s
4.17.2026 14:57:03,T1,T2,1.4ft,0.05s
4.17.2026 14:57:03,T0,T1,2.1ft,0.05s
4.17.2026 14:57:03,T0,T2,2.2ft,0.05s
4.17.2026 14:57:03,T1,T2,1.4ft,0.05s
4.17.2026 14:57:03,T0,T1,2.1ft,0.05s
4.17.2026 14:57:03,T0,T2,2.2ft,0.05s
4.17.2026 14:57:03,T1,T2,1.4ft,0.05s
4.17.2026 14:57:03,T0,T1,2.1ft,0.05s
4.17.2026 14:57:03,T0,T2,2.2ft,0.05s
4.17.2026 14:57:03,T1,T2,1.4ft,0.05s
4.17.2026 14:57:03,T0,T1,2.1ft,0.05s
4.17.2026 14:57:03,T0,T2,2.2ft,0.05s
4.17.2026 14:57:03,T1,T2,1.4ft,0.05s
4.17.2026 14:57:03,T0,T1,2.1ft,0.05s
4.17.2026 14:57:03,T0,T2,2.1ft,0.05s
4.17.2026 14:57:03,T1,T2,1.4ft,0.05s
4.17.2026 14:57:03,T0,T1,2.1ft,0.05s
4.17.2026 14:57:03,T0,T2,2.1ft,0.05s
4.17.2026 14:57:03,T1,T2,1.4ft,0.05s
4.17.2026 14:57:04,T0,T1,2.1ft,0.05s
4.17.2026 14:57:04,T0,T2,2.1ft,0.05s
4.17.2026 14:57:04,T1,T2,1.4ft,0.05s
4.17.2026 14:57:04,T0,T1,2.1ft,0.05s
4.17.2026 14:57:04,T0,T2,2.1ft,0.05s
4.17.2026 14:57:04,T1,T2,1.4ft,0.05s
4.17.2026 14:57:04,T0,T1,2.1ft,0.05s
4.17.2026 14:57:04,T0,T2,2.0ft,0.05s
4.17.2026 14:57:04,T1,T2,1.4ft,0.05s
4.17.2026 14:57:04,T0,T1,2.1ft,0.05s
4.17.2026 14:57:04,T0,T2,2.0ft,0.05s
4.17.2026 14:57:04,T1,T2,1.4ft,0.05s
4.17.2026 14:57:04,T0,T1,2.1ft,0.05s
4.17.2026 14:57:04,T0,T2,2.0ft,0.05s
4.17.2026 14:57:04,T1,T2,1.4ft,0.05s
4.17.2026 14:57:04,T0,T1,2.1ft,0.05s
4.17.2026 14:57:04,T0,T2,2.0ft,0.05s
4.17.2026 14:57:04,T1,T2,1.4ft,0.05s
4.17.2026 14:57:04,T0,T1,2.1ft,0.05s
4.17.2026 14:57:04,T0,T2,2.0ft,0.05s
4.17.2026 14:57:04,T1,T2,1.4ft,0.05s
4.17.2026 14:57:04,T0,T1,2.1ft,0.05s
4.17.2026 14:57:04,T0,T2,2.0ft,0.05s
4.17.2026 14:57:04,T1,T2,1.4ft,0.05s
4.17.2026 14:57:04,T0,T1,2.1ft,0.05s
4.17.2026 14:57:04,T0,T2,2.0ft,0.05s
4.17.2026 14:57:04,T1,T2,1.3ft,0.05s
4.17.2026 14:57:04,T0,T1,2.1ft,0.05s
4.17.2026 14:57:04,T0,T2,2.0ft,0.05s
4.17.2026 14:57:04,T1,T2,1.3ft,0.05s
4.17.2026 14:57:04,T0,T1,2.1ft,0.05s
4.17.2026 14:57:04,T0,T2,2.0ft,0.05s
4.17.2026 14:57:04,T1,T2,1.3ft,0.05s
4.17.2026 14:57:04,T0,T1,2.1ft,0.05s
4.17.2026 14:57:04,T0,T2,2.0ft,0.05s
4.17.2026 14:57:04,T1,T2,1.3ft,0.05s
4.17.2026 14:57:04,T0,T1,2.1ft,0.05s
4.17.2026 14:57:04,T0,T2,2.0ft,0.05s
4.17.2026 14:57:04,T1,T2,1.3ft,0.05s
4.17.2026 14:57:04,T0,T1,2.1ft,0.05s
4.17.2026 14:57:04,T0,T2,2.0ft,0.05s
4.17.2026 14:57:04,T1,T2,1.3ft,0.05s
4.17.2026 14:57:04,T0,T1,2.1ft,0.05s
4.17.2026 14:57:04,T0,T2,1.9ft,0.05s
4.17.2026 14:57:04,T1,T2,1.3ft,0.05s
4.17.2026 14:57:04,T0,T1,2.1ft,0.05s
4.17.2026 14:57:04,T0,T2,1.9ft,0.05s
4.17.2026 14:57:04,T1,T2,1.3ft,0.05s
4.17.2026 14:57:04,T0,T1,2.1ft,0.05s
4.17.2026 14:57:04,T0,T2,1.9ft,0.05s
4.17.2026 14:57:04,T1,T2,1.3ft,0.05s
4.17.2026 14:57:04,T0,T1,2.1ft,0.06s
4.17.2026 14:57:04,T0,T2,1.9ft,0.06s
4.17.2026 14:57:04,T1,T2,1.3ft,0.06s
4.17.2026 14:57:04,T0,T1,2.1ft,0.05s
4.17.2026 14:57:04,T0,T2,1.9ft,0.05s
4.17.2026 14:57:04,T1,T2,1.3ft,0.05s
4.17.2026 14:57:05,T0,T1,2.1ft,0.05s
4.17.2026 14:57:05,T0,T2,1.9ft,0.05s
4.17.2026 14:57:05,T1,T2,1.3ft,0.05s
4.17.2026 14:57:05,T0,T1,2.1ft,0.05s
4.17.2026 14:57:05,T0,T2,1.9ft,0.05s
4.17.2026 14:57:05,T1,T2,1.3ft,0.05s
4.17.2026 14:57:05,T0,T1,2.1ft,0.05s
4.17.2026 14:57:05,T0,T2,2.0ft,0.05s
4.17.2026 14:57:05,T1,T2,1.3ft,0.05s
4.17.2026 14:57:05,T0,T1,2.1ft,0.05s
4.17.2026 14:57:05,T0,T2,2.0ft,0.05s
4.17.2026 14:57:05,T1,T2,1.3ft,0.05s
4.17.2026 14:57:05,T0,T1,2.1ft,0.05s
4.17.2026 14:57:05,T0,T2,2.0ft,0.05s
4.17.2026 14:57:05,T1,T2,1.3ft,0.05s
4.17.2026 14:57:05,T0,T1,2.1ft,0.05s
4.17.2026 14:57:05,T0,T2,2.0ft,0.05s
4.17.2026 14:57:05,T1,T2,1.4ft,0.05s
4.17.2026 14:57:05,T0,T1,2.1ft,0.05s
4.17.2026 14:57:05,T0,T2,2.1ft,0.05s
4.17.2026 14:57:05,T1,T2,1.4ft,0.05s
4.17.2026 14:57:05,T0,T1,2.1ft,0.05s
4.17.2026 14:57:05,T0,T2,2.1ft,0.05s
4.17.2026 14:57:05,T1,T2,1.4ft,0.05s
4.17.2026 14:57:05,T0,T1,2.1ft,0.05s
4.17.2026 14:57:05,T0,T2,2.1ft,0.05s
4.17.2026 14:57:05,T1,T2,1.4ft,0.05s
4.17.2026 14:57:05,T0,T1,2.1ft,0.05s
4.17.2026 14:57:05,T0,T2,2.2ft,0.05s
4.17.2026 14:57:05,T1,T2,1.4ft,0.05s
4.17.2026 14:57:05,T0,T1,2.1ft,0.05s
4.17.2026 14:57:05,T0,T2,2.2ft,0.05s
4.17.2026 14:57:05,T1,T2,1.4ft,0.05s
4.17.2026 14:57:05,T0,T1,2.1ft,0.05s
4.17.2026 14:57:05,T0,T2,2.2ft,0.05s
4.17.2026 14:57:05,T1,T2,1.4ft,0.05s
4.17.2026 14:57:05,T0,T1,2.1ft,0.05s
4.17.2026 14:57:05,T0,T2,2.2ft,0.05s
4.17.2026 14:57:05,T1,T2,1.4ft,0.05s
4.17.2026 14:57:05,T0,T1,2.1ft,0.05s
4.17.2026 14:57:05,T0,T2,2.2ft,0.05s
4.17.2026 14:57:05,T1,T2,1.4ft,0.05s
4.17.2026 14:57:05,T0,T1,2.1ft,0.05s
4.17.2026 14:57:05,T0,T2,2.2ft,0.05s
4.17.2026 14:57:05,T1,T2,1.5ft,0.05s
4.17.2026 14:57:05,T0,T1,2.1ft,0.05s
4.17.2026 14:57:05,T0,T2,2.2ft,0.05s
4.17.2026 14:57:05,T1,T2,1.4ft,0.05s
4.17.2026 14:57:05,T0,T1,2.1ft,0.05s
4.17.2026 14:57:05,T0,T2,2.1ft,0.05s
4.17.2026 14:57:05,T1,T2,1.4ft,0.05s
4.17.2026 14:57:05,T0,T1,2.1ft,0.05s
4.17.2026 14:57:05,T0,T2,2.1ft,0.05s
4.17.2026 14:57:05,T1,T2,1.4ft,0.05s
4.17.2026 14:57:05,T0,T1,2.1ft,0.05s
4.17.2026 14:57:05,T0,T2,2.1ft,0.05s
4.17.2026 14:57:05,T1,T2,1.4ft,0.05s
4.17.2026 14:57:05,T0,T1,2.1ft,0.05s
4.17.2026 14:57:05,T0,T2,2.1ft,0.05s
4.17.2026 14:57:05,T1,T2,1.4ft,0.05s
4.17.2026 14:57:06,T0,T1,2.1ft,0.05s
4.17.2026 14:57:06,T0,T2,2.1ft,0.05s
4.17.2026 14:57:06,T1,T2,1.4ft,0.05s
4.17.2026 14:57:06,T0,T1,2.1ft,0.05s
4.17.2026 14:57:06,T0,T2,2.1ft,0.05s
4.17.2026 14:57:06,T1,T2,1.4ft,0.05s
4.17.2026 14:57:06,T0,T1,2.2ft,0.05s
4.17.2026 14:57:06,T0,T2,2.1ft,0.05s
4.17.2026 14:57:06,T1,T2,1.4ft,0.05s
4.17.2026 14:57:06,T0,T1,2.2ft,0.05s
4.17.2026 14:57:06,T0,T2,2.1ft,0.05s
4.17.2026 14:57:06,T1,T2,1.4ft,0.05s
4.17.2026 14:57:06,T0,T1,2.2ft,0.05s
4.17.2026 14:57:06,T0,T2,2.1ft,0.05s
4.17.2026 14:57:06,T1,T2,1.4ft,0.05s
4.17.2026 14:57:06,T0,T1,2.2ft,0.05s
4.17.2026 14:57:06,T0,T2,2.1ft,0.05s
4.17.2026 14:57:06,T1,T2,1.4ft,0.05s
4.17.2026 14:57:06,T0,T1,2.2ft,0.05s
4.17.2026 14:57:06,T0,T2,2.1ft,0.05s
4.17.2026 14:57:06,T1,T2,1.4ft,0.05s
4.17.2026 14:57:06,T0,T1,2.2ft,0.05s
4.17.2026 14:57:06,T0,T2,2.1ft,0.05s
4.17.2026 14:57:06,T1,T2,1.3ft,0.05s
4.17.2026 14:57:06,T0,T1,2.2ft,0.05s
4.17.2026 14:57:06,T0,T2,2.1ft,0.05s
4.17.2026 14:57:06,T1,T2,1.3ft,0.05s
4.17.2026 14:57:06,T0,T1,2.2ft,0.05s
4.17.2026 14:57:06,T0,T2,2.1ft,0.05s
4.17.2026 14:57:06,T1,T2,1.3ft,0.05s
4.17.2026 14:57:06,T0,T1,2.1ft,0.05s
4.17.2026 14:57:06,T0,T2,2.0ft,0.05s
4.17.2026 14:57:06,T1,T2,1.3ft,0.05s
4.17.2026 14:57:06,T0,T1,2.1ft,0.05s
4.17.2026 14:57:06,T0,T2,2.0ft,0.05s
4.17.2026 14:57:06,T1,T2,1.3ft,0.05s
4.17.2026 14:57:06,T0,T1,2.1ft,0.05s
4.17.2026 14:57:06,T0,T2,2.0ft,0.05s
4.17.2026 14:57:06,T1,T2,1.3ft,0.05s
4.17.2026 14:57:06,T0,T1,2.1ft,0.05s
4.17.2026 14:57:06,T0,T2,2.1ft,0.05s
4.17.2026 14:57:06,T1,T2,1.3ft,0.05s
4.17.2026 14:57:06,T0,T1,2.1ft,0.05s
4.17.2026 14:57:06,T0,T2,2.1ft,0.05s
4.17.2026 14:57:06,T1,T2,1.3ft,0.05s
4.17.2026 14:57:06,T0,T1,2.1ft,0.05s
4.17.2026 14:57:06,T0,T2,2.1ft,0.05s
4.17.2026 14:57:06,T1,T2,1.3ft,0.05s
4.17.2026 14:57:06,T0,T1,2.1ft,0.05s
4.17.2026 14:57:06,T0,T2,2.1ft,0.05s
4.17.2026 14:57:06,T1,T2,1.3ft,0.05s
4.17.2026 14:57:06,T0,T1,2.1ft,0.05s
4.17.2026 14:57:06,T0,T2,2.1ft,0.05s
4.17.2026 14:57:06,T1,T2,1.3ft,0.05s
4.17.2026 14:57:06,T0,T1,2.1ft,0.05s
4.17.2026 14:57:06,T0,T2,2.1ft,0.05s
4.17.2026 14:57:06,T1,T2,1.3ft,0.05s
4.17.2026 14:57:07,T0,T1,2.1ft,0.05s
4.17.2026 14:57:07,T0,T2,2.1ft,0.05s
4.17.2026 14:57:07,T1,T2,1.4ft,0.05s
4.17.2026 14:57:07,T0,T1,2.1ft,0.05s
4.17.2026 14:57:07,T0,T2,2.1ft,0.05s
4.17.2026 14:57:07,T1,T2,1.4ft,0.05s
4.17.2026 14:57:07,T0,T1,2.1ft,0.05s
4.17.2026 14:57:07,T0,T2,2.1ft,0.05s
4.17.2026 14:57:07,T1,T2,1.4ft,0.05s
4.17.2026 14:57:07,T0,T1,2.1ft,0.05s
4.17.2026 14:57:07,T0,T2,2.1ft,0.05s
4.17.2026 14:57:07,T1,T2,1.4ft,0.05s
4.17.2026 14:57:07,T0,T1,2.1ft,0.05s
4.17.2026 14:57:07,T0,T2,2.1ft,0.05s
4.17.2026 14:57:07,T1,T2,1.4ft,0.05s
4.17.2026 14:57:07,T0,T1,2.1ft,0.05s
4.17.2026 14:57:07,T0,T2,2.1ft,0.05s
4.17.2026 14:57:07,T1,T2,1.4ft,0.05s
4.17.2026 14:57:07,T0,T1,2.1ft,0.05s
4.17.2026 14:57:07,T0,T2,2.0ft,0.05s
4.17.2026 14:57:07,T1,T2,1.4ft,0.05s
4.17.2026 14:57:07,T0,T1,2.1ft,0.05s
4.17.2026 14:57:07,T0,T2,2.0ft,0.05s
4.17.2026 14:57:07,T1,T2,1.4ft,0.05s
4.17.2026 14:57:07,T0,T1,2.1ft,0.05s
4.17.2026 14:57:07,T0,T2,2.1ft,0.05s
4.17.2026 14:57:07,T1,T2,1.4ft,0.05s
4.17.2026 14:57:07,T0,T1,2.1ft,0.05s
4.17.2026 14:57:07,T0,T2,2.2ft,0.05s
4.17.2026 14:57:07,T1,T2,1.5ft,0.05s
4.17.2026 14:57:07,T0,T1,2.1ft,0.05s
4.17.2026 14:57:07,T0,T2,2.3ft,0.05s
4.17.2026 14:57:07,T1,T2,1.6ft,0.05s
4.17.2026 14:57:07,T0,T1,2.1ft,0.05s
4.17.2026 14:57:07,T0,T2,2.4ft,0.05s
4.17.2026 14:57:07,T1,T2,1.6ft,0.05s
4.17.2026 14:57:07,T0,T1,2.1ft,0.05s
4.17.2026 14:57:07,T0,T2,2.5ft,0.05s
4.17.2026 14:57:07,T1,T2,1.6ft,0.05s
4.17.2026 14:57:07,T0,T1,2.2ft,0.05s
4.17.2026 14:57:07,T0,T2,2.6ft,0.05s
4.17.2026 14:57:07,T1,T2,1.6ft,0.05s
4.17.2026 14:57:07,T0,T1,2.2ft,0.05s
4.17.2026 14:57:07,T0,T2,2.7ft,0.05s
4.17.2026 14:57:07,T1,T2,1.6ft,0.05s
4.17.2026 14:57:07,T0,T1,2.3ft,0.05s
4.17.2026 14:57:07,T0,T2,2.8ft,0.05s
4.17.2026 14:57:07,T1,T2,1.7ft,0.05s
4.17.2026 14:57:07,T0,T1,2.4ft,0.05s
4.17.2026 14:57:07,T0,T2,2.8ft,0.05s
4.17.2026 14:57:07,T1,T2,1.6ft,0.05s
4.17.2026 14:57:07,T0,T1,2.4ft,0.05s
4.17.2026 14:57:07,T0,T2,2.8ft,0.05s
4.17.2026 14:57:07,T1,T2,1.6ft,0.05s
4.17.2026 14:57:07,T0,T1,2.4ft,0.05s
4.17.2026 14:57:07,T0,T2,2.8ft,0.05s
4.17.2026 14:57:07,T1,T2,1.6ft,0.05s
4.17.2026 14:57:07,T0,T1,2.5ft,0.05s
4.17.2026 14:57:07,T0,T2,2.7ft,0.05s
4.17.2026 14:57:07,T1,T2,1.5ft,0.05s
4.17.2026 14:57:08,T0,T1,2.5ft,0.05s
4.17.2026 14:57:08,T0,T2,2.7ft,0.05s
4.17.2026 14:57:08,T1,T2,1.5ft,0.05s
4.17.2026 14:57:08,T0,T1,2.5ft,0.05s
4.17.2026 14:57:08,T0,T2,2.7ft,0.05s
4.17.2026 14:57:08,T1,T2,1.5ft,0.05s
4.17.2026 14:57:08,T0,T1,2.5ft,0.05s
4.17.2026 14:57:08,T0,T2,2.7ft,0.05s
4.17.2026 14:57:08,T1,T2,1.5ft,0.05s
4.17.2026 14:57:08,T0,T1,2.5ft,0.05s
4.17.2026 14:57:08,T0,T2,2.7ft,0.05s
4.17.2026 14:57:08,T1,T2,1.5ft,0.05s
4.17.2026 14:57:08,T0,T1,2.4ft,0.05s
4.17.2026 14:57:08,T0,T2,2.7ft,0.05s
4.17.2026 14:57:08,T1,T2,1.5ft,0.05s
4.17.2026 14:57:08,T0,T1,2.4ft,0.05s
4.17.2026 14:57:08,T0,T2,2.7ft,0.05s
4.17.2026 14:57:08,T1,T2,1.4ft,0.05s
4.17.2026 14:57:08,T0,T1,2.3ft,0.05s
4.17.2026 14:57:08,T0,T2,2.6ft,0.05s
4.17.2026 14:57:08,T1,T2,1.4ft,0.05s
4.17.2026 14:57:08,T0,T1,2.2ft,0.05s
4.17.2026 14:57:08,T0,T2,2.5ft,0.05s
4.17.2026 14:57:08,T1,T2,1.3ft,0.05s
4.17.2026 14:57:08,T0,T1,2.1ft,0.05s
4.17.2026 14:57:08,T0,T2,2.5ft,0.05s
4.17.2026 14:57:08,T1,T2,1.4ft,0.05s
4.17.2026 14:57:08,T0,T1,2.0ft,0.05s
4.17.2026 14:57:08,T0,T2,2.4ft,0.05s
4.17.2026 14:57:08,T1,T2,1.4ft,0.05s
4.17.2026 14:57:08,T0,T1,1.9ft,0.05s
4.17.2026 14:57:08,T0,T2,2.3ft,0.05s
4.17.2026 14:57:08,T1,T2,1.4ft,0.05s
4.17.2026 14:57:08,T0,T1,1.8ft,0.05s
4.17.2026 14:57:08,T0,T2,2.3ft,0.05s
4.17.2026 14:57:08,T1,T2,1.3ft,0.05s
4.17.2026 14:57:08,T0,T1,1.7ft,0.05s
4.17.2026 14:57:08,T0,T2,2.3ft,0.05s
4.17.2026 14:57:08,T1,T2,1.3ft,0.05s
4.17.2026 14:57:08,T0,T1,1.6ft,0.05s
4.17.2026 14:57:08,T0,T2,2.2ft,0.05s
4.17.2026 14:57:08,T1,T2,1.2ft,0.05s
4.17.2026 14:57:08,T0,T1,1.5ft,0.05s
4.17.2026 14:57:08,T0,T2,2.2ft,0.05s
4.17.2026 14:57:08,T1,T2,1.2ft,0.05s
4.17.2026 14:57:08,T0,T1,1.5ft,0.05s
4.17.2026 14:57:08,T0,T2,2.2ft,0.05s
4.17.2026 14:57:08,T1,T2,1.1ft,0.05s
4.17.2026 14:57:08,T0,T1,1.5ft,0.05s
4.17.2026 14:57:08,T0,T2,2.1ft,0.05s
4.17.2026 14:57:08,T1,T2,1.1ft,0.05s
4.17.2026 14:57:08,T0,T1,1.5ft,0.05s
4.17.2026 14:57:08,T0,T2,2.1ft,0.05s
4.17.2026 14:57:08,T1,T2,1.1ft,0.05s
4.17.2026 14:57:08,T0,T1,1.5ft,0.05s
4.17.2026 14:57:08,T0,T2,2.1ft,0.05s
4.17.2026 14:57:08,T1,T2,1.1ft,0.05s
4.17.2026 14:57:08,T0,T1,1.6ft,0.05s
4.17.2026 14:57:08,T0,T2,2.1ft,0.05s
4.17.2026 14:57:08,T1,T2,1.1ft,0.05s
4.17.2026 14:57:09,T0,T1,1.6ft,0.05s
4.17.2026 14:57:09,T0,T2,2.1ft,0.05s
4.17.2026 14:57:09,T1,T2,1.1ft,0.05s
4.17.2026 14:57:09,T0,T1,1.6ft,0.05s
4.17.2026 14:57:09,T0,T2,2.1ft,0.05s
4.17.2026 14:57:09,T1,T2,1.2ft,0.05s
4.17.2026 14:57:09,T0,T1,1.7ft,0.05s
4.17.2026 14:57:09,T0,T2,2.1ft,0.05s
4.17.2026 14:57:09,T1,T2,1.2ft,0.05s
4.17.2026 14:57:09,T0,T1,1.7ft,0.05s
4.17.2026 14:57:09,T0,T2,2.0ft,0.05s
4.17.2026 14:57:09,T1,T2,1.2ft,0.05s
4.17.2026 14:57:09,T0,T1,1.7ft,0.05s
4.17.2026 14:57:09,T0,T2,2.0ft,0.05s
4.17.2026 14:57:09,T1,T2,1.2ft,0.05s
4.17.2026 14:57:09,T0,T1,1.8ft,0.05s
4.17.2026 14:57:09,T0,T2,2.0ft,0.05s
4.17.2026 14:57:09,T1,T2,1.2ft,0.05s
4.17.2026 14:57:09,T0,T1,1.8ft,0.05s
4.17.2026 14:57:09,T0,T2,1.9ft,0.05s
4.17.2026 14:57:09,T1,T2,1.2ft,0.05s
4.17.2026 14:57:09,T0,T1,1.8ft,0.05s
4.17.2026 14:57:09,T0,T2,1.9ft,0.05s
4.17.2026 14:57:09,T1,T2,1.2ft,0.05s
4.17.2026 14:57:09,T0,T1,1.9ft,0.05s
4.17.2026 14:57:09,T0,T2,1.9ft,0.05s
4.17.2026 14:57:09,T1,T2,1.2ft,0.05s
4.17.2026 14:57:09,T0,T1,1.9ft,0.05s
4.17.2026 14:57:09,T0,T2,1.9ft,0.05s
4.17.2026 14:57:09,T1,T2,1.2ft,0.05s
4.17.2026 14:57:09,T0,T1,1.9ft,0.05s
4.17.2026 14:57:09,T0,T2,1.9ft,0.05s
4.17.2026 14:57:09,T1,T2,1.3ft,0.05s
4.17.2026 14:57:09,T0,T1,1.9ft,0.05s
4.17.2026 14:57:09,T0,T2,1.9ft,0.05s
4.17.2026 14:57:09,T1,T2,1.3ft,0.05s
4.17.2026 14:57:09,T0,T1,2.0ft,0.05s
4.17.2026 14:57:09,T0,T2,1.9ft,0.05s
4.17.2026 14:57:09,T1,T2,1.3ft,0.05s
4.17.2026 14:57:09,T0,T1,2.0ft,0.05s
4.17.2026 14:57:09,T0,T2,1.9ft,0.05s
4.17.2026 14:57:09,T1,T2,1.3ft,0.05s
4.17.2026 14:57:09,T0,T1,2.0ft,0.05s
4.17.2026 14:57:09,T0,T2,1.9ft,0.05s
4.17.2026 14:57:09,T1,T2,1.3ft,0.05s
4.17.2026 14:57:09,T0,T1,2.0ft,0.05s
4.17.2026 14:57:09,T0,T2,1.9ft,0.05s
4.17.2026 14:57:09,T1,T2,1.3ft,0.05s
4.17.2026 14:57:09,T0,T1,2.0ft,0.05s
4.17.2026 14:57:09,T0,T2,1.9ft,0.05s
4.17.2026 14:57:09,T1,T2,1.3ft,0.05s
4.17.2026 14:57:09,T0,T1,2.0ft,0.05s
4.17.2026 14:57:09,T0,T2,1.9ft,0.05s
4.17.2026 14:57:09,T1,T2,1.3ft,0.05s
4.17.2026 14:57:09,T0,T1,2.0ft,0.05s
4.17.2026 14:57:09,T0,T2,1.9ft,0.05s
4.17.2026 14:57:09,T1,T2,1.3ft,0.05s
4.17.2026 14:57:10,T0,T1,2.0ft,0.05s
4.17.2026 14:57:10,T0,T2,1.9ft,0.05s
4.17.2026 14:57:10,T1,T2,1.3ft,0.05s
4.17.2026 14:57:10,T0,T1,2.0ft,0.05s
4.17.2026 14:57:10,T0,T2,2.0ft,0.05s
4.17.2026 14:57:10,T1,T2,1.3ft,0.05s
4.17.2026 14:57:10,T0,T1,2.0ft,0.05s
4.17.2026 14:57:10,T0,T2,2.0ft,0.05s
4.17.2026 14:57:10,T1,T2,1.3ft,0.05s
4.17.2026 14:57:10,T0,T1,2.0ft,0.05s
4.17.2026 14:57:10,T0,T2,2.1ft,0.05s
4.17.2026 14:57:10,T1,T2,1.4ft,0.05s
4.17.2026 14:57:10,T0,T1,2.0ft,0.05s
4.17.2026 14:57:10,T0,T2,2.1ft,0.05s
4.17.2026 14:57:10,T1,T2,1.4ft,0.05s
4.17.2026 14:57:10,T0,T1,2.0ft,0.05s
4.17.2026 14:57:10,T0,T2,2.1ft,0.05s
4.17.2026 14:57:10,T1,T2,1.4ft,0.05s
4.17.2026 14:57:10,T0,T1,2.0ft,0.05s
4.17.2026 14:57:10,T0,T2,2.1ft,0.05s
4.17.2026 14:57:10,T1,T2,1.4ft,0.05s
4.17.2026 14:57:10,T0,T1,2.0ft,0.05s
4.17.2026 14:57:10,T0,T2,2.1ft,0.05s
4.17.2026 14:57:10,T1,T2,1.4ft,0.05s
4.17.2026 14:57:10,T0,T1,2.0ft,0.05s
4.17.2026 14:57:10,T0,T2,2.1ft,0.05s
4.17.2026 14:57:10,T1,T2,1.4ft,0.05s
4.17.2026 14:57:10,T0,T1,2.0ft,0.05s
4.17.2026 14:57:10,T0,T2,2.1ft,0.05s
4.17.2026 14:57:10,T1,T2,1.4ft,0.05s
4.17.2026 14:57:10,T0,T1,2.0ft,0.05s
4.17.2026 14:57:10,T0,T2,2.1ft,0.05s
4.17.2026 14:57:10,T1,T2,1.4ft,0.05s
4.17.2026 14:57:10,T0,T1,2.1ft,0.05s
4.17.2026 14:57:10,T0,T2,2.2ft,0.05s
4.17.2026 14:57:10,T1,T2,1.4ft,0.05s
4.17.2026 14:57:10,T0,T1,2.1ft,0.05s
4.17.2026 14:57:10,T0,T2,2.2ft,0.05s
4.17.2026 14:57:10,T1,T2,1.4ft,0.05s
4.17.2026 14:57:10,T0,T1,2.1ft,0.05s
4.17.2026 14:57:10,T0,T2,2.2ft,0.05s
4.17.2026 14:57:10,T1,T2,1.4ft,0.05s
4.17.2026 14:57:10,T0,T1,2.1ft,0.05s
4.17.2026 14:57:10,T0,T2,2.2ft,0.05s
4.17.2026 14:57:10,T1,T2,1.4ft,0.05s
4.17.2026 14:57:10,T0,T1,2.1ft,0.05s
4.17.2026 14:57:10,T0,T2,2.2ft,0.05s
4.17.2026 14:57:10,T1,T2,1.4ft,0.05s
4.17.2026 14:57:10,T0,T1,2.1ft,0.05s
4.17.2026 14:57:10,T0,T2,2.1ft,0.05s
4.17.2026 14:57:10,T1,T2,1.4ft,0.05s
4.17.2026 14:57:10,T0,T1,2.1ft,0.05s
4.17.2026 14:57:10,T0,T2,2.1ft,0.05s
4.17.2026 14:57:10,T1,T2,1.4ft,0.05s
4.17.2026 14:57:10,T0,T1,2.1ft,0.05s
4.17.2026 14:57:10,T0,T2,2.1ft,0.05s
4.17.2026 14:57:10,T1,T2,1.4ft,0.05s
4.17.2026 14:57:10,T0,T1,2.1ft,0.05s
4.17.2026 14:57:10,T0,T2,2.0ft,0.05s
4.17.2026 14:57:10,T1,T2,1.4ft,0.05s
4.17.2026 14:57:11,T0,T1,2.1ft,0.05s
4.17.2026 14:57:11,T0,T2,2.0ft,0.05s
4.17.2026 14:57:11,T1,T2,1.4ft,0.05s
4.17.2026 14:57:11,T0,T1,2.1ft,0.05s
4.17.2026 14:57:11,T0,T2,2.1ft,0.05s
4.17.2026 14:57:11,T1,T2,1.4ft,0.05s
4.17.2026 14:57:11,T0,T1,2.1ft,0.05s
4.17.2026 14:57:11,T0,T2,2.1ft,0.05s
4.17.2026 14:57:11,T1,T2,1.4ft,0.05s
4.17.2026 14:57:11,T0,T1,2.1ft,0.05s
4.17.2026 14:57:11,T0,T2,2.1ft,0.05s
4.17.2026 14:57:11,T1,T2,1.4ft,0.05s
4.17.2026 14:57:11,T0,T1,2.1ft,0.05s
4.17.2026 14:57:11,T0,T2,2.1ft,0.05s
4.17.2026 14:57:11,T1,T2,1.4ft,0.05s
4.17.2026 14:57:11,T0,T1,2.1ft,0.05s
4.17.2026 14:57:11,T0,T2,2.1ft,0.05s
4.17.2026 14:57:11,T1,T2,1.4ft,0.05s
4.17.2026 14:57:11,T0,T1,2.1ft,0.05s
4.17.2026 14:57:11,T0,T2,2.1ft,0.05s
4.17.2026 14:57:11,T1,T2,1.4ft,0.05s
4.17.2026 14:57:11,T0,T1,2.1ft,0.05s
4.17.2026 14:57:11,T0,T2,2.1ft,0.05s
4.17.2026 14:57:11,T1,T2,1.4ft,0.05s
4.17.2026 14:57:11,T0,T1,2.1ft,0.05s
4.17.2026 14:57:11,T0,T2,2.1ft,0.05s
4.17.2026 14:57:11,T1,T2,1.4ft,0.05s
4.17.2026 14:57:11,T0,T1,2.1ft,0.05s
4.17.2026 14:57:11,T0,T2,2.1ft,0.05s
4.17.2026 14:57:11,T1,T2,1.4ft,0.05s
4.17.2026 14:57:11,T0,T1,2.1ft,0.05s
4.17.2026 14:57:11,T0,T2,2.1ft,0.05s
4.17.2026 14:57:11,T1,T2,1.4ft,0.05s
4.17.2026 14:57:11,T0,T1,2.1ft,0.05s
4.17.2026 14:57:11,T0,T2,2.1ft,0.05s
4.17.2026 14:57:11,T1,T2,1.4ft,0.05s
4.17.2026 14:57:11,T0,T1,2.1ft,0.05s
4.17.2026 14:57:11,T0,T2,2.1ft,0.05s
4.17.2026 14:57:11,T1,T2,1.4ft,0.05s
4.17.2026 14:57:11,T0,T1,2.1ft,0.06s
4.17.2026 14:57:11,T0,T2,2.1ft,0.06s
4.17.2026 14:57:11,T1,T2,1.4ft,0.06s
4.17.2026 14:57:11,T0,T1,2.0ft,0.05s
4.17.2026 14:57:11,T0,T2,2.1ft,0.05s
4.17.2026 14:57:11,T1,T2,1.4ft,0.05s
4.17.2026 14:57:11,T0,T1,2.0ft,0.05s
4.17.2026 14:57:11,T0,T2,2.1ft,0.05s
4.17.2026 14:57:11,T1,T2,1.4ft,0.05s
4.17.2026 14:57:11,T0,T1,2.0ft,0.05s
4.17.2026 14:57:11,T0,T2,2.1ft,0.05s
4.17.2026 14:57:11,T1,T2,1.4ft,0.05s
4.17.2026 14:57:11,T0,T1,2.0ft,0.05s
4.17.2026 14:57:11,T0,T2,2.0ft,0.05s
4.17.2026 14:57:11,T1,T2,1.4ft,0.05s
4.17.2026 14:57:11,T0,T1,2.0ft,0.05s
4.17.2026 14:57:11,T0,T2,2.0ft,0.05s
4.17.2026 14:57:11,T1,T2,1.4ft,0.05s
4.17.2026 14:57:12,T0,T1,2.0ft,0.05s
4.17.2026 14:57:12,T0,T2,2.0ft,0.05s
4.17.2026 14:57:12,T1,T2,1.4ft,0.05s
4.17.2026 14:57:12,T0,T1,2.0ft,0.05s
4.17.2026 14:57:12,T0,T2,2.0ft,0.05s
4.17.2026 14:57:12,T1,T2,1.4ft,0.05s
4.17.2026 14:57:12,T0,T1,2.0ft,0.05s
4.17.2026 14:57:12,T0,T2,2.0ft,0.05s
4.17.2026 14:57:12,T1,T2,1.4ft,0.05s
4.17.2026 14:57:12,T0,T1,2.0ft,0.05s
4.17.2026 14:57:12,T0,T2,1.9ft,0.05s
4.17.2026 14:57:12,T1,T2,1.4ft,0.05s
4.17.2026 14:57:12,T0,T1,2.0ft,0.05s
4.17.2026 14:57:12,T0,T2,1.9ft,0.05s
4.17.2026 14:57:12,T1,T2,1.4ft,0.05s
4.17.2026 14:57:12,T0,T1,2.0ft,0.05s
4.17.2026 14:57:12,T0,T2,1.9ft,0.05s
4.17.2026 14:57:12,T1,T2,1.4ft,0.05s
4.17.2026 14:57:12,T0,T1,2.0ft,0.05s
4.17.2026 14:57:12,T0,T2,1.9ft,0.05s
4.17.2026 14:57:12,T1,T2,1.4ft,0.05s
4.17.2026 14:57:12,T0,T1,2.0ft,0.05s
4.17.2026 14:57:12,T0,T2,1.9ft,0.05s
4.17.2026 14:57:12,T1,T2,1.4ft,0.05s
4.17.2026 14:57:12,T0,T1,2.0ft,0.06s
4.17.2026 14:57:12,T0,T2,1.9ft,0.06s
4.17.2026 14:57:12,T1,T2,1.4ft,0.06s
4.17.2026 14:57:12,T0,T1,2.0ft,0.05s
4.17.2026 14:57:12,T0,T2,1.8ft,0.05s
4.17.2026 14:57:12,T1,T2,1.4ft,0.05s
4.17.2026 14:57:12,T0,T1,2.0ft,0.05s
4.17.2026 14:57:12,T0,T2,1.8ft,0.05s
4.17.2026 14:57:12,T1,T2,1.4ft,0.05s
4.17.2026 14:57:12,T0,T1,2.0ft,0.05s
4.17.2026 14:57:12,T0,T2,1.8ft,0.05s
4.17.2026 14:57:12,T1,T2,1.4ft,0.05s
4.17.2026 14:57:12,T0,T1,2.1ft,0.05s
4.17.2026 14:57:12,T0,T2,1.8ft,0.05s
4.17.2026 14:57:12,T1,T2,1.4ft,0.05s
4.17.2026 14:57:12,T0,T1,2.0ft,0.05s
4.17.2026 14:57:12,T0,T2,1.8ft,0.05s
4.17.2026 14:57:12,T1,T2,1.4ft,0.05s
4.17.2026 14:57:12,T0,T1,2.0ft,0.05s
4.17.2026 14:57:12,T0,T2,1.8ft,0.05s
4.17.2026 14:57:12,T1,T2,1.4ft,0.05s
4.17.2026 14:57:12,T0,T1,2.0ft,0.05s
4.17.2026 14:57:12,T0,T2,1.9ft,0.05s
4.17.2026 14:57:12,T1,T2,1.4ft,0.05s
4.17.2026 14:57:12,T0,T1,2.0ft,0.05s
4.17.2026 14:57:12,T0,T2,2.0ft,0.05s
4.17.2026 14:57:12,T1,T2,1.4ft,0.05s
4.17.2026 14:57:12,T0,T1,2.0ft,0.05s
4.17.2026 14:57:12,T0,T2,2.0ft,0.05s
4.17.2026 14:57:12,T1,T2,1.5ft,0.05s
4.17.2026 14:57:12,T0,T1,2.0ft,0.05s
4.17.2026 14:57:12,T0,T2,2.1ft,0.05s
4.17.2026 14:57:12,T1,T2,1.5ft,0.05s
4.17.2026 14:57:12,T0,T1,2.0ft,0.05s
4.17.2026 14:57:12,T0,T2,2.2ft,0.05s
4.17.2026 14:57:12,T1,T2,1.5ft,0.05s
4.17.2026 14:57:13,T0,T1,2.0ft,0.05s
4.17.2026 14:57:13,T0,T2,2.3ft,0.05s
4.17.2026 14:57:13,T1,T2,1.6ft,0.05s
4.17.2026 14:57:13,T0,T1,2.0ft,0.05s
4.17.2026 14:57:13,T0,T2,2.4ft,0.05s
4.17.2026 14:57:13,T1,T2,1.6ft,0.05s
4.17.2026 14:57:13,T0,T1,2.0ft,0.06s
4.17.2026 14:57:13,T0,T2,2.4ft,0.06s
4.17.2026 14:57:13,T1,T2,1.6ft,0.06s
4.17.2026 14:57:13,T0,T1,2.1ft,0.05s
4.17.2026 14:57:13,T0,T2,2.4ft,0.05s
4.17.2026 14:57:13,T1,T2,1.5ft,0.05s
4.17.2026 14:57:13,T0,T1,2.1ft,0.05s
4.17.2026 14:57:13,T0,T2,2.4ft,0.05s
4.17.2026 14:57:13,T1,T2,1.5ft,0.05s
4.17.2026 14:57:13,T0,T1,2.1ft,0.05s
4.17.2026 14:57:13,T0,T2,2.5ft,0.05s
4.17.2026 14:57:13,T1,T2,1.5ft,0.05s
4.17.2026 14:57:13,T0,T1,2.1ft,0.05s
4.17.2026 14:57:13,T0,T2,2.5ft,0.05s
4.17.2026 14:57:13,T1,T2,1.5ft,0.05s
4.17.2026 14:57:13,T0,T1,2.2ft,0.05s
4.17.2026 14:57:13,T0,T2,2.5ft,0.05s
4.17.2026 14:57:13,T1,T2,1.5ft,0.05s
4.17.2026 14:57:13,T0,T1,2.2ft,0.05s
4.17.2026 14:57:13,T0,T2,2.5ft,0.05s
4.17.2026 14:57:13,T1,T2,1.5ft,0.05s
4.17.2026 14:57:13,T0,T1,2.2ft,0.05s
4.17.2026 14:57:13,T0,T2,2.5ft,0.05s
4.17.2026 14:57:13,T1,T2,1.5ft,0.05s
4.17.2026 14:57:13,T0,T1,2.3ft,0.05s
4.17.2026 14:57:13,T0,T2,2.5ft,0.05s
4.17.2026 14:57:13,T1,T2,1.5ft,0.05s
4.17.2026 14:57:13,T0,T1,2.3ft,0.05s
4.17.2026 14:57:13,T0,T2,2.5ft,0.05s
4.17.2026 14:57:13,T1,T2,1.5ft,0.05s
4.17.2026 14:57:13,T0,T1,2.3ft,0.05s
4.17.2026 14:57:13,T0,T2,2.4ft,0.05s
4.17.2026 14:57:13,T1,T2,1.5ft,0.05s
4.17.2026 14:57:13,T0,T1,2.3ft,0.05s
4.17.2026 14:57:13,T0,T2,2.3ft,0.05s
4.17.2026 14:57:13,T1,T2,1.5ft,0.05s
4.17.2026 14:57:13,T0,T1,2.3ft,0.05s
4.17.2026 14:57:13,T0,T2,2.2ft,0.05s
4.17.2026 14:57:13,T1,T2,1.5ft,0.05s
4.17.2026 14:57:13,T0,T1,2.3ft,0.05s
4.17.2026 14:57:13,T0,T2,2.1ft,0.05s
4.17.2026 14:57:13,T1,T2,1.5ft,0.05s
4.17.2026 14:57:13,T0,T1,2.4ft,0.05s
4.17.2026 14:57:13,T0,T2,2.1ft,0.05s
4.17.2026 14:57:13,T1,T2,1.5ft,0.05s
4.17.2026 14:57:13,T0,T1,2.3ft,0.05s
4.17.2026 14:57:13,T0,T2,2.0ft,0.05s
4.17.2026 14:57:13,T1,T2,1.5ft,0.05s
4.17.2026 14:57:13,T0,T1,2.4ft,0.05s
4.17.2026 14:57:13,T0,T2,2.0ft,0.05s
4.17.2026 14:57:13,T1,T2,1.5ft,0.05s
4.17.2026 14:57:14,T0,T1,2.4ft,0.05s
4.17.2026 14:57:14,T0,T2,2.0ft,0.05s
4.17.2026 14:57:14,T1,T2,1.5ft,0.05s
4.17.2026 14:57:14,T0,T1,2.4ft,0.05s
4.17.2026 14:57:14,T0,T2,2.1ft,0.05s
4.17.2026 14:57:14,T1,T2,1.5ft,0.05s
4.17.2026 14:57:14,T0,T1,2.4ft,0.05s
4.17.2026 14:57:14,T0,T2,2.1ft,0.05s
4.17.2026 14:57:14,T1,T2,1.5ft,0.05s
4.17.2026 14:57:14,T0,T1,2.3ft,0.05s
4.17.2026 14:57:14,T0,T2,2.1ft,0.05s
4.17.2026 14:57:14,T1,T2,1.4ft,0.05s
4.17.2026 14:57:14,T0,T1,2.3ft,0.05s
4.17.2026 14:57:14,T0,T2,2.2ft,0.05s
4.17.2026 14:57:14,T1,T2,1.4ft,0.05s
4.17.2026 14:57:14,T0,T1,2.1ft,0.05s
4.17.2026 14:57:14,T0,T2,2.2ft,0.05s
4.17.2026 14:57:14,T1,T2,1.3ft,0.05s
4.17.2026 14:57:14,T0,T1,2.1ft,0.05s
4.17.2026 14:57:14,T0,T2,2.2ft,0.05s
4.17.2026 14:57:14,T1,T2,1.2ft,0.05s
4.17.2026 14:57:14,T0,T1,2.0ft,0.05s
4.17.2026 14:57:14,T0,T2,2.2ft,0.05s
4.17.2026 14:57:14,T1,T2,1.1ft,0.05s
4.17.2026 14:57:14,T0,T1,2.0ft,0.05s
4.17.2026 14:57:14,T0,T2,2.3ft,0.05s
4.17.2026 14:57:14,T1,T2,1.0ft,0.05s
4.17.2026 14:57:14,T0,T1,2.0ft,0.05s
4.17.2026 14:57:14,T0,T2,2.3ft,0.05s
4.17.2026 14:57:14,T1,T2,0.9ft,0.05s
4.17.2026 14:57:14,T0,T1,1.9ft,0.05s
4.17.2026 14:57:14,T0,T2,2.3ft,0.05s
4.17.2026 14:57:14,T1,T2,0.8ft,0.05s
4.17.2026 14:57:14,T0,T1,1.8ft,0.05s
4.17.2026 14:57:14,T0,T2,2.2ft,0.05s
4.17.2026 14:57:14,T1,T2,0.7ft,0.05s
4.17.2026 14:57:14,T0,T1,1.8ft,0.05s
4.17.2026 14:57:14,T0,T2,2.3ft,0.05s
4.17.2026 14:57:14,T1,T2,0.7ft,0.05s
4.17.2026 14:57:14,T0,T1,1.8ft,0.05s
4.17.2026 14:57:14,T0,T2,2.2ft,0.05s
4.17.2026 14:57:14,T1,T2,0.6ft,0.05s
4.17.2026 14:57:14,T0,T1,1.7ft,0.05s
4.17.2026 14:57:14,T0,T2,2.2ft,0.05s
4.17.2026 14:57:14,T1,T2,0.5ft,0.05s
4.17.2026 14:57:14,T0,T1,1.7ft,0.05s
4.17.2026 14:57:14,T0,T2,2.2ft,0.05s
4.17.2026 14:57:14,T1,T2,0.5ft,0.05s
4.17.2026 14:57:14,T0,T1,1.7ft,0.05s
4.17.2026 14:57:14,T0,T2,2.2ft,0.05s
4.17.2026 14:57:14,T1,T2,0.5ft,0.05s
4.17.2026 14:57:14,T0,T1,1.7ft,0.05s
4.17.2026 14:57:14,T0,T2,2.2ft,0.05s
4.17.2026 14:57:14,T1,T2,0.5ft,0.05s
4.17.2026 14:57:14,T0,T1,1.7ft,0.05s
4.17.2026 14:57:14,T0,T2,2.3ft,0.05s
4.17.2026 14:57:14,T1,T2,0.6ft,0.05s
4.17.2026 14:57:14,T0,T1,1.7ft,0.05s
4.17.2026 14:57:14,T0,T2,2.3ft,0.05s
4.17.2026 14:57:14,T1,T2,0.7ft,0.05s
4.17.2026 14:57:15,T0,T1,1.7ft,0.05s
4.17.2026 14:57:15,T0,T2,2.4ft,0.05s
4.17.2026 14:57:15,T1,T2,0.7ft,0.05s
4.17.2026 14:57:15,T0,T1,1.7ft,0.05s
4.17.2026 14:57:15,T0,T2,2.5ft,0.05s
4.17.2026 14:57:15,T1,T2,0.8ft,0.05s
4.17.2026 14:57:15,T0,T1,1.7ft,0.05s
4.17.2026 14:57:15,T0,T2,2.6ft,0.05s
4.17.2026 14:57:15,T1,T2,0.9ft,0.05s
4.17.2026 14:57:15,T0,T1,1.7ft,0.05s
4.17.2026 14:57:15,T0,T2,2.6ft,0.05s
4.17.2026 14:57:15,T1,T2,1.0ft,0.05s
4.17.2026 14:57:15,T0,T1,1.7ft,0.05s
4.17.2026 14:57:15,T0,T2,2.7ft,0.05s
4.17.2026 14:57:15,T1,T2,1.0ft,0.05s
4.17.2026 14:57:15,T0,T1,1.8ft,0.05s
4.17.2026 14:57:15,T0,T2,2.8ft,0.05s
4.17.2026 14:57:15,T1,T2,1.1ft,0.05s
4.17.2026 14:57:15,T0,T1,1.8ft,0.05s
4.17.2026 14:57:15,T0,T2,2.9ft,0.05s
4.17.2026 14:57:15,T1,T2,1.1ft,0.05s
4.17.2026 14:57:15,T0,T1,1.9ft,0.05s
4.17.2026 14:57:15,T0,T2,2.9ft,0.05s
4.17.2026 14:57:15,T1,T2,1.0ft,0.05s
4.17.2026 14:57:15,T0,T1,1.9ft,0.05s
4.17.2026 14:57:15,T0,T2,2.8ft,0.05s
4.17.2026 14:57:15,T1,T2,1.0ft,0.05s
4.17.2026 14:57:15,T0,T1,2.0ft,0.05s
4.17.2026 14:57:15,T0,T2,2.8ft,0.05s
4.17.2026 14:57:15,T1,T2,0.9ft,0.05s
4.17.2026 14:57:15,T0,T1,2.0ft,0.05s
4.17.2026 14:57:15,T0,T2,2.8ft,0.05s
4.17.2026 14:57:15,T1,T2,0.9ft,0.05s
4.17.2026 14:57:15,T0,T1,2.0ft,0.05s
4.17.2026 14:57:15,T0,T2,2.8ft,0.05s
4.17.2026 14:57:15,T1,T2,0.9ft,0.05s
4.17.2026 14:57:15,T0,T1,2.0ft,0.05s
4.17.2026 14:57:15,T0,T2,2.8ft,0.05s
4.17.2026 14:57:15,T1,T2,0.9ft,0.05s
4.17.2026 14:57:15,T0,T1,2.0ft,0.05s
4.17.2026 14:57:15,T0,T2,2.8ft,0.05s
4.17.2026 14:57:15,T1,T2,0.9ft,0.05s
4.17.2026 14:57:15,T0,T1,2.0ft,0.05s
4.17.2026 14:57:15,T0,T2,2.8ft,0.05s
4.17.2026 14:57:15,T1,T2,0.9ft,0.05s
4.17.2026 14:57:15,T0,T1,2.0ft,0.05s
4.17.2026 14:57:15,T0,T2,2.8ft,0.05s
4.17.2026 14:57:15,T1,T2,0.9ft,0.05s
4.17.2026 14:57:15,T0,T1,2.1ft,0.05s
4.17.2026 14:57:15,T0,T2,2.8ft,0.05s
4.17.2026 14:57:15,T1,T2,0.9ft,0.05s
4.17.2026 14:57:15,T0,T1,2.1ft,0.05s
4.17.2026 14:57:15,T0,T2,2.9ft,0.05s
4.17.2026 14:57:15,T1,T2,0.9ft,0.05s
4.17.2026 14:57:15,T0,T1,2.1ft,0.05s
4.17.2026 14:57:15,T0,T2,2.9ft,0.05s
4.17.2026 14:57:15,T1,T2,0.9ft,0.05s
4.17.2026 14:57:16,T0,T1,2.1ft,0.05s
4.17.2026 14:57:16,T0,T2,3.0ft,0.05s
4.17.2026 14:57:16,T1,T2,0.9ft,0.05s
4.17.2026 14:57:16,T0,T1,2.1ft,0.05s
4.17.2026 14:57:16,T0,T2,3.0ft,0.05s
4.17.2026 14:57:16,T1,T2,1.0ft,0.05s
4.17.2026 14:57:16,T0,T1,2.1ft,0.05s
4.17.2026 14:57:16,T0,T2,3.1ft,0.05s
4.17.2026 14:57:16,T1,T2,1.1ft,0.05s
4.17.2026 14:57:16,T0,T1,2.1ft,0.05s
4.17.2026 14:57:16,T0,T2,3.1ft,0.05s
4.17.2026 14:57:16,T1,T2,1.2ft,0.05s
4.17.2026 14:57:16,T0,T1,2.1ft,0.05s
4.17.2026 14:57:16,T0,T2,3.2ft,0.05s
4.17.2026 14:57:16,T1,T2,1.2ft,0.05s
4.17.2026 14:57:16,T0,T1,2.1ft,0.05s
4.17.2026 14:57:16,T0,T2,3.2ft,0.05s
4.17.2026 14:57:16,T1,T2,1.3ft,0.05s
4.17.2026 14:57:16,T0,T1,2.1ft,0.05s
4.17.2026 14:57:16,T0,T2,3.3ft,0.05s
4.17.2026 14:57:16,T1,T2,1.3ft,0.05s
4.17.2026 14:57:16,T0,T1,2.1ft,0.05s
4.17.2026 14:57:16,T0,T2,3.3ft,0.05s
4.17.2026 14:57:16,T1,T2,1.4ft,0.05s
4.17.2026 14:57:16,T0,T1,2.1ft,0.06s
4.17.2026 14:57:16,T0,T2,3.3ft,0.06s
4.17.2026 14:57:16,T1,T2,1.5ft,0.06s
4.17.2026 14:57:16,T0,T1,2.1ft,0.05s
4.17.2026 14:57:16,T0,T2,3.4ft,0.05s
4.17.2026 14:57:16,T1,T2,1.5ft,0.05s
4.17.2026 14:57:16,T0,T1,2.1ft,0.05s
4.17.2026 14:57:16,T0,T2,3.4ft,0.05s
4.17.2026 14:57:16,T1,T2,1.6ft,0.05s
4.17.2026 14:57:16,T0,T1,2.1ft,0.05s
4.17.2026 14:57:16,T0,T2,3.4ft,0.05s
4.17.2026 14:57:16,T1,T2,1.6ft,0.05s
4.17.2026 14:57:16,T0,T1,2.0ft,0.05s
4.17.2026 14:57:16,T0,T2,3.3ft,0.05s
4.17.2026 14:57:16,T1,T2,1.5ft,0.05s
4.17.2026 14:57:16,T0,T1,2.0ft,0.05s
4.17.2026 14:57:16,T0,T2,3.2ft,0.05s
4.17.2026 14:57:16,T1,T2,1.6ft,0.05s
4.17.2026 14:57:16,T0,T1,2.1ft,0.05s
4.17.2026 14:57:16,T0,T2,3.1ft,0.05s
4.17.2026 14:57:16,T1,T2,1.5ft,0.05s
4.17.2026 14:57:16,T0,T1,2.0ft,0.05s
4.17.2026 14:57:16,T0,T2,2.9ft,0.05s
4.17.2026 14:57:16,T1,T2,1.3ft,0.05s
4.17.2026 14:57:16,T0,T1,2.0ft,0.05s
4.17.2026 14:57:16,T0,T2,2.7ft,0.05s
4.17.2026 14:57:16,T1,T2,1.1ft,0.05s
4.17.2026 14:57:16,T0,T1,2.0ft,0.05s
4.17.2026 14:57:16,T0,T2,2.6ft,0.05s
4.17.2026 14:57:16,T1,T2,0.9ft,0.05s
4.17.2026 14:57:16,T0,T1,2.0ft,0.05s
4.17.2026 14:57:16,T0,T2,2.4ft,0.05s
4.17.2026 14:57:16,T1,T2,0.8ft,0.05s
4.17.2026 14:57:16,T0,T1,2.0ft,0.05s
4.17.2026 14:57:16,T0,T2,2.3ft,0.05s
4.17.2026 14:57:16,T1,T2,0.7ft,0.05s
4.17.2026 14:57:17,T0,T1,2.0ft,0.05s
4.17.2026 14:57:17,T0,T2,2.2ft,0.05s
4.17.2026 14:57:17,T1,T2,0.5ft,0.05s
4.17.2026 14:57:17,T0,T1,1.9ft,0.05s
4.17.2026 14:57:17,T0,T2,2.1ft,0.05s
4.17.2026 14:57:17,T1,T2,0.3ft,0.05s
4.17.2026 14:57:17,T0,T1,1.9ft,0.05s
4.17.2026 14:57:17,T0,T2,2.0ft,0.05s
4.17.2026 14:57:17,T1,T2,0.1ft,0.05s
4.17.2026 14:57:17,T0,T1,1.9ft,0.05s
4.17.2026 14:57:17,T0,T2,1.9ft,0.05s
4.17.2026 14:57:17,T1,T2,0.2ft,0.05s
4.17.2026 14:57:17,T0,T1,1.8ft,0.05s
4.17.2026 14:57:17,T0,T2,1.9ft,0.05s
4.17.2026 14:57:17,T1,T2,0.5ft,0.05s
4.17.2026 14:57:17,T0,T1,1.8ft,0.05s
4.17.2026 14:57:17,T0,T2,1.9ft,0.05s
4.17.2026 14:57:17,T1,T2,0.7ft,0.05s
4.17.2026 14:57:17,T0,T1,1.8ft,0.05s
4.17.2026 14:57:17,T0,T2,1.9ft,0.05s
4.17.2026 14:57:17,T1,T2,0.9ft,0.05s
4.17.2026 14:57:17,T0,T1,1.9ft,0.05s
4.17.2026 14:57:17,T0,T2,1.9ft,0.05s
4.17.2026 14:57:17,T1,T2,1.0ft,0.05s
4.17.2026 14:57:17,T0,T1,1.9ft,0.05s
4.17.2026 14:57:17,T0,T2,1.8ft,0.05s
4.17.2026 14:57:17,T1,T2,1.1ft,0.05s
4.17.2026 14:57:17,T0,T1,2.0ft,0.05s
4.17.2026 14:57:17,T0,T2,1.8ft,0.05s
4.17.2026 14:57:17,T1,T2,1.1ft,0.05s
4.17.2026 14:57:17,T0,T1,2.1ft,0.05s
4.17.2026 14:57:17,T0,T2,1.8ft,0.05s
4.17.2026 14:57:17,T1,T2,1.1ft,0.05s
4.17.2026 14:57:17,T0,T1,2.1ft,0.05s
4.17.2026 14:57:17,T0,T2,1.8ft,0.05s
4.17.2026 14:57:17,T1,T2,1.1ft,0.05s
4.17.2026 14:57:17,T0,T1,2.2ft,0.05s
4.17.2026 14:57:17,T0,T2,1.9ft,0.05s
4.17.2026 14:57:17,T1,T2,1.0ft,0.05s
4.17.2026 14:57:17,T0,T1,2.2ft,0.05s
4.17.2026 14:57:17,T0,T2,2.0ft,0.05s
4.17.2026 14:57:17,T1,T2,0.9ft,0.05s
4.17.2026 14:57:17,T0,T1,2.2ft,0.05s
4.17.2026 14:57:17,T0,T2,2.1ft,0.05s
4.17.2026 14:57:17,T1,T2,0.8ft,0.05s
4.17.2026 14:57:17,T0,T1,2.2ft,0.05s
4.17.2026 14:57:17,T0,T2,2.2ft,0.05s
4.17.2026 14:57:17,T1,T2,0.7ft,0.05s
4.17.2026 14:57:17,T0,T1,2.2ft,0.05s
4.17.2026 14:57:17,T0,T2,2.3ft,0.05s
4.17.2026 14:57:17,T1,T2,0.6ft,0.05s
4.17.2026 14:57:17,T0,T1,2.3ft,0.05s
4.17.2026 14:57:17,T0,T2,2.3ft,0.05s
4.17.2026 14:57:17,T1,T2,0.5ft,0.05s
4.17.2026 14:57:17,T0,T1,2.3ft,0.05s
4.17.2026 14:57:17,T0,T2,2.4ft,0.05s
4.17.2026 14:57:17,T1,T2,0.5ft,0.05s
4.17.2026 14:57:17,T0,T1,2.3ft,0.05s
4.17.2026 14:57:17,T0,T2,2.5ft,0.05s
4.17.2026 14:57:17,T1,T2,0.5ft,0.05s
4.17.2026 14:57:18,T0,T1,2.3ft,0.05s
4.17.2026 14:57:18,T0,T2,2.6ft,0.05s
4.17.2026 14:57:18,T1,T2,0.5ft,0.05s
4.17.2026 14:57:18,T0,T1,2.3ft,0.05s
4.17.2026 14:57:18,T0,T2,2.7ft,0.05s
4.17.2026 14:57:18,T1,T2,0.6ft,0.05s
4.17.2026 14:57:18,T0,T1,2.3ft,0.05s
4.17.2026 14:57:18,T0,T2,2.8ft,0.05s
4.17.2026 14:57:18,T1,T2,0.6ft,0.05s
4.17.2026 14:57:18,T0,T1,2.3ft,0.05s
4.17.2026 14:57:18,T0,T2,2.9ft,0.05s
4.17.2026 14:57:18,T1,T2,0.7ft,0.05s
4.17.2026 14:57:18,T0,T1,2.2ft,0.05s
4.17.2026 14:57:18,T0,T2,2.9ft,0.05s
4.17.2026 14:57:18,T1,T2,0.8ft,0.05s
4.17.2026 14:57:18,T0,T1,2.2ft,0.05s
4.17.2026 14:57:18,T0,T2,3.0ft,0.05s
4.17.2026 14:57:18,T1,T2,0.8ft,0.05s
4.17.2026 14:57:18,T0,T1,2.2ft,0.05s
4.17.2026 14:57:18,T0,T2,3.0ft,0.05s
4.17.2026 14:57:18,T1,T2,0.9ft,0.05s
4.17.2026 14:57:18,T0,T1,2.2ft,0.05s
4.17.2026 14:57:18,T0,T2,3.1ft,0.05s
4.17.2026 14:57:18,T1,T2,1.0ft,0.05s
4.17.2026 14:57:18,T0,T1,2.1ft,0.05s
4.17.2026 14:57:18,T0,T2,3.1ft,0.05s
4.17.2026 14:57:18,T1,T2,1.0ft,0.05s
4.17.2026 14:57:18,T0,T1,2.1ft,0.05s
4.17.2026 14:57:18,T0,T2,3.1ft,0.05s
4.17.2026 14:57:18,T1,T2,1.1ft,0.05s
4.17.2026 14:57:18,T0,T1,2.1ft,0.05s
4.17.2026 14:57:18,T0,T2,3.2ft,0.05s
4.17.2026 14:57:18,T1,T2,1.2ft,0.05s
4.17.2026 14:57:18,T0,T1,2.1ft,0.05s
4.17.2026 14:57:18,T0,T2,3.2ft,0.05s
4.17.2026 14:57:18,T1,T2,1.3ft,0.05s
4.17.2026 14:57:18,T0,T1,2.0ft,0.05s
4.17.2026 14:57:18,T0,T2,3.3ft,0.05s
4.17.2026 14:57:18,T1,T2,1.4ft,0.05s
4.17.2026 14:57:18,T0,T1,1.9ft,0.05s
4.17.2026 14:57:18,T0,T2,3.3ft,0.05s
4.17.2026 14:57:18,T1,T2,1.5ft,0.05s
4.17.2026 14:57:18,T0,T1,1.8ft,0.05s
4.17.2026 14:57:18,T0,T2,3.3ft,0.05s
4.17.2026 14:57:18,T1,T2,1.5ft,0.05s
4.17.2026 14:57:18,T0,T1,1.7ft,0.05s
4.17.2026 14:57:18,T0,T2,3.3ft,0.05s
4.17.2026 14:57:18,T1,T2,1.6ft,0.05s
4.17.2026 14:57:18,T0,T1,1.7ft,0.05s
4.17.2026 14:57:18,T0,T2,3.3ft,0.05s
4.17.2026 14:57:18,T1,T2,1.7ft,0.05s
4.17.2026 14:57:18,T0,T1,1.6ft,0.05s
4.17.2026 14:57:18,T0,T2,3.3ft,0.05s
4.17.2026 14:57:18,T1,T2,1.7ft,0.05s
4.17.2026 14:57:18,T0,T1,1.6ft,0.05s
4.17.2026 14:57:18,T0,T2,3.2ft,0.05s
4.17.2026 14:57:18,T1,T2,1.7ft,0.05s
4.17.2026 14:57:19,T0,T1,1.7ft,0.05s
4.17.2026 14:57:19,T0,T2,3.2ft,0.05s
4.17.2026 14:57:19,T1,T2,1.6ft,0.05s
4.17.2026 14:57:19,T0,T1,1.8ft,0.05s
4.17.2026 14:57:19,T0,T2,3.2ft,0.05s
4.17.2026 14:57:19,T1,T2,1.4ft,0.05s
4.17.2026 14:57:19,T0,T1,1.8ft,0.05s
4.17.2026 14:57:19,T0,T2,3.0ft,0.05s
4.17.2026 14:57:19,T1,T2,1.2ft,0.05s
4.17.2026 14:57:19,T0,T1,1.9ft,0.05s
4.17.2026 14:57:19,T0,T2,2.9ft,0.05s
4.17.2026 14:57:19,T1,T2,1.1ft,0.05s
4.17.2026 14:57:19,T0,T1,1.9ft,0.05s
4.17.2026 14:57:19,T0,T2,2.7ft,0.05s
4.17.2026 14:57:19,T1,T2,1.0ft,0.05s
4.17.2026 14:57:19,T0,T1,1.8ft,0.05s
4.17.2026 14:57:19,T0,T2,2.6ft,0.05s
4.17.2026 14:57:19,T1,T2,0.8ft,0.05s
4.17.2026 14:57:19,T0,T1,1.8ft,0.05s
4.17.2026 14:57:19,T0,T2,2.5ft,0.05s
4.17.2026 14:57:19,T1,T2,0.8ft,0.05s
4.17.2026 14:57:19,T0,T1,1.7ft,0.05s
4.17.2026 14:57:19,T0,T2,2.5ft,0.05s
4.17.2026 14:57:19,T1,T2,0.8ft,0.05s
4.17.2026 14:57:19,T0,T1,1.7ft,0.05s
4.17.2026 14:57:19,T0,T2,2.4ft,0.05s
4.17.2026 14:57:19,T1,T2,0.7ft,0.05s
4.17.2026 14:57:19,T0,T1,1.7ft,0.05s
4.17.2026 14:57:19,T0,T2,2.4ft,0.05s
4.17.2026 14:57:19,T1,T2,0.8ft,0.05s
4.17.2026 14:57:19,T0,T1,1.7ft,0.05s
4.17.2026 14:57:19,T0,T2,2.5ft,0.05s
4.17.2026 14:57:19,T1,T2,0.8ft,0.05s
4.17.2026 14:57:19,T0,T1,1.6ft,0.05s
4.17.2026 14:57:19,T0,T2,2.5ft,0.05s
4.17.2026 14:57:19,T1,T2,0.9ft,0.05s
4.17.2026 14:57:19,T0,T1,1.6ft,0.05s
4.17.2026 14:57:19,T0,T2,2.5ft,0.05s
4.17.2026 14:57:19,T1,T2,0.9ft,0.05s
4.17.2026 14:57:19,T0,T1,1.5ft,0.05s
4.17.2026 14:57:19,T0,T2,2.5ft,0.05s
4.17.2026 14:57:19,T1,T2,1.0ft,0.05s
4.17.2026 14:57:19,T0,T1,1.5ft,0.05s
4.17.2026 14:57:19,T0,T2,2.4ft,0.05s
4.17.2026 14:57:19,T1,T2,1.0ft,0.05s
4.17.2026 14:57:19,T0,T1,1.5ft,0.05s
4.17.2026 14:57:19,T0,T2,2.3ft,0.05s
4.17.2026 14:57:19,T1,T2,0.9ft,0.05s
4.17.2026 14:57:19,T0,T1,1.5ft,0.05s
4.17.2026 14:57:19,T0,T2,2.2ft,0.05s
4.17.2026 14:57:19,T1,T2,0.8ft,0.05s
4.17.2026 14:57:19,T0,T1,1.5ft,0.05s
4.17.2026 14:57:19,T0,T2,2.1ft,0.05s
4.17.2026 14:57:19,T1,T2,0.8ft,0.05s
4.17.2026 14:57:19,T0,T1,1.5ft,0.05s
4.17.2026 14:57:19,T0,T2,2.0ft,0.05s
4.17.2026 14:57:19,T1,T2,0.7ft,0.05s
4.17.2026 14:57:19,T0,T1,1.5ft,0.05s
4.17.2026 14:57:19,T0,T2,2.0ft,0.05s
4.17.2026 14:57:19,T1,T2,0.7ft,0.05s
4.17.2026 14:57:20,T0,T1,1.6ft,0.05s
4.17.2026 14:57:20,T0,T2,2.0ft,0.05s
4.17.2026 14:57:20,T1,T2,0.7ft,0.05s
4.17.2026 14:57:20,T0,T1,1.5ft,0.05s
4.17.2026 14:57:20,T0,T2,2.0ft,0.05s
4.17.2026 14:57:20,T1,T2,0.7ft,0.05s
4.17.2026 14:57:20,T0,T1,1.5ft,0.05s
4.17.2026 14:57:20,T0,T2,2.0ft,0.05s
4.17.2026 14:57:20,T1,T2,0.7ft,0.05s
4.17.2026 14:57:20,T0,T1,1.5ft,0.05s
4.17.2026 14:57:20,T0,T2,2.1ft,0.05s
4.17.2026 14:57:20,T1,T2,0.7ft,0.05s
4.17.2026 14:57:20,T0,T1,1.5ft,0.05s
4.17.2026 14:57:20,T0,T2,2.2ft,0.05s
4.17.2026 14:57:20,T1,T2,0.8ft,0.05s
4.17.2026 14:57:20,T0,T1,1.5ft,0.05s
4.17.2026 14:57:20,T0,T2,2.2ft,0.05s
4.17.2026 14:57:20,T1,T2,0.8ft,0.05s
4.17.2026 14:57:20,T0,T1,1.5ft,0.05s
4.17.2026 14:57:20,T0,T2,2.3ft,0.05s
4.17.2026 14:57:20,T1,T2,0.9ft,0.05s
4.17.2026 14:57:20,T0,T1,1.6ft,0.05s
4.17.2026 14:57:20,T0,T2,2.3ft,0.05s
4.17.2026 14:57:20,T1,T2,0.8ft,0.05s
4.17.2026 14:57:20,T0,T1,1.6ft,0.05s
4.17.2026 14:57:20,T0,T2,2.3ft,0.05s
4.17.2026 14:57:20,T1,T2,0.8ft,0.05s
4.17.2026 14:57:20,T0,T1,1.7ft,0.05s
4.17.2026 14:57:20,T0,T2,2.3ft,0.05s
4.17.2026 14:57:20,T1,T2,0.8ft,0.05s
4.17.2026 14:57:20,T0,T1,1.7ft,0.05s
4.17.2026 14:57:20,T0,T2,2.2ft,0.05s
4.17.2026 14:57:20,T1,T2,0.8ft,0.05s
4.17.2026 14:57:20,T0,T1,1.8ft,0.05s
4.17.2026 14:57:20,T0,T2,2.3ft,0.05s
4.17.2026 14:57:20,T1,T2,0.8ft,0.05s
4.17.2026 14:57:20,T0,T1,1.9ft,0.05s
4.17.2026 14:57:20,T0,T2,2.3ft,0.05s
4.17.2026 14:57:20,T1,T2,0.8ft,0.05s
4.17.2026 14:57:20,T0,T1,2.0ft,0.05s
4.17.2026 14:57:20,T0,T2,2.3ft,0.05s
4.17.2026 14:57:20,T1,T2,0.8ft,0.05s
4.17.2026 14:57:20,T0,T1,2.2ft,0.05s
4.17.2026 14:57:20,T0,T2,2.3ft,0.05s
4.17.2026 14:57:20,T1,T2,0.8ft,0.05s
4.17.2026 14:57:20,T0,T1,2.3ft,0.05s
4.17.2026 14:57:20,T0,T2,2.4ft,0.05s
4.17.2026 14:57:20,T1,T2,0.8ft,0.05s
4.17.2026 14:57:20,T0,T1,2.4ft,0.05s
4.17.2026 14:57:20,T0,T2,2.4ft,0.05s
4.17.2026 14:57:20,T1,T2,0.9ft,0.05s
4.17.2026 14:57:20,T0,T1,2.5ft,0.05s
4.17.2026 14:57:20,T0,T2,2.4ft,0.05s
4.17.2026 14:57:20,T1,T2,1.0ft,0.05s
4.17.2026 14:57:20,T0,T1,2.5ft,0.05s
4.17.2026 14:57:20,T0,T2,2.4ft,0.05s
4.17.2026 14:57:20,T1,T2,1.0ft,0.05s
4.17.2026 14:57:20,T0,T1,2.5ft,0.05s
4.17.2026 14:57:20,T0,T2,2.5ft,0.05s
4.17.2026 14:57:20,T1,T2,1.1ft,0.05s
4.17.2026 14:57:21,T0,T1,2.5ft,0.05s
4.17.2026 14:57:21,T0,T2,2.5ft,0.05s
4.17.2026 14:57:21,T1,T2,1.2ft,0.05s
4.17.2026 14:57:21,T0,T1,2.5ft,0.05s
4.17.2026 14:57:21,T0,T2,2.6ft,0.05s
4.17.2026 14:57:21,T1,T2,1.2ft,0.05s
4.17.2026 14:57:21,T0,T1,2.5ft,0.05s
4.17.2026 14:57:21,T0,T2,2.6ft,0.05s
4.17.2026 14:57:21,T1,T2,1.2ft,0.05s
4.17.2026 14:57:21,T0,T1,2.5ft,0.05s
4.17.2026 14:57:21,T0,T2,2.6ft,0.05s
4.17.2026 14:57:21,T1,T2,1.3ft,0.05s
4.17.2026 14:57:21,T0,T1,2.6ft,0.05s
4.17.2026 14:57:21,T0,T2,2.6ft,0.05s
4.17.2026 14:57:21,T1,T2,1.3ft,0.05s
4.17.2026 14:57:21,T0,T1,2.6ft,0.05s
4.17.2026 14:57:21,T0,T2,2.6ft,0.05s
4.17.2026 14:57:21,T1,T2,1.3ft,0.05s
4.17.2026 14:57:21,T0,T1,2.5ft,0.05s
4.17.2026 14:57:21,T0,T2,2.5ft,0.05s
4.17.2026 14:57:21,T1,T2,1.3ft,0.05s
4.17.2026 14:57:21,T0,T1,2.5ft,0.05s
4.17.2026 14:57:21,T0,T2,2.5ft,0.05s
4.17.2026 14:57:21,T1,T2,1.4ft,0.05s
4.17.2026 14:57:21,T0,T1,2.5ft,0.05s
4.17.2026 14:57:21,T0,T2,2.4ft,0.05s
4.17.2026 14:57:21,T1,T2,1.5ft,0.05s
4.17.2026 14:57:21,T0,T1,2.5ft,0.05s
4.17.2026 14:57:21,T0,T2,2.3ft,0.05s
4.17.2026 14:57:21,T1,T2,1.5ft,0.05s
4.17.2026 14:57:21,T0,T1,2.5ft,0.05s
4.17.2026 14:57:21,T0,T2,2.2ft,0.05s
4.17.2026 14:57:21,T1,T2,1.5ft,0.05s
4.17.2026 14:57:21,T0,T1,2.5ft,0.05s
4.17.2026 14:57:21,T0,T2,2.2ft,0.05s
4.17.2026 14:57:21,T1,T2,1.6ft,0.05s
4.17.2026 14:57:21,T0,T1,2.4ft,0.05s
4.17.2026 14:57:21,T0,T2,2.1ft,0.05s
4.17.2026 14:57:21,T1,T2,1.5ft,0.05s
4.17.2026 14:57:21,T0,T1,2.4ft,0.05s
4.17.2026 14:57:21,T0,T2,2.1ft,0.05s
4.17.2026 14:57:21,T1,T2,1.5ft,0.05s
4.17.2026 14:57:21,T0,T1,2.3ft,0.05s
4.17.2026 14:57:21,T0,T2,2.1ft,0.05s
4.17.2026 14:57:21,T1,T2,1.5ft,0.05s
4.17.2026 14:57:21,T0,T1,2.2ft,0.05s
4.17.2026 14:57:21,T0,T2,2.1ft,0.05s
4.17.2026 14:57:21,T1,T2,1.5ft,0.05s
4.17.2026 14:57:21,T0,T1,2.2ft,0.05s
4.17.2026 14:57:21,T0,T2,2.0ft,0.05s
4.17.2026 14:57:21,T1,T2,1.5ft,0.05s
4.17.2026 14:57:21,T0,T1,2.2ft,0.05s
4.17.2026 14:57:21,T0,T2,2.0ft,0.05s
4.17.2026 14:57:21,T1,T2,1.6ft,0.05s
4.17.2026 14:57:21,T0,T1,2.2ft,0.05s
4.17.2026 14:57:21,T0,T2,2.0ft,0.05s
4.17.2026 14:57:21,T1,T2,1.8ft,0.05s
4.17.2026 14:57:22,T0,T1,2.2ft,0.05s
4.17.2026 14:57:22,T0,T2,2.0ft,0.05s
4.17.2026 14:57:22,T1,T2,1.9ft,0.05s
4.17.2026 14:57:22,T0,T1,2.2ft,0.05s
4.17.2026 14:57:22,T0,T2,2.0ft,0.05s
4.17.2026 14:57:22,T1,T2,2.0ft,0.05s
4.17.2026 14:57:22,T0,T1,2.2ft,0.05s
4.17.2026 14:57:22,T0,T2,1.9ft,0.05s
4.17.2026 14:57:22,T1,T2,2.0ft,0.05s
4.17.2026 14:57:22,T0,T1,2.2ft,0.05s
4.17.2026 14:57:22,T0,T2,1.9ft,0.05s
4.17.2026 14:57:22,T1,T2,2.0ft,0.05s
4.17.2026 14:57:22,T0,T1,2.2ft,0.05s
4.17.2026 14:57:22,T0,T2,1.9ft,0.05s
4.17.2026 14:57:22,T1,T2,2.0ft,0.05s
4.17.2026 14:57:22,T0,T1,2.3ft,0.05s
4.17.2026 14:57:22,T0,T2,1.9ft,0.05s
4.17.2026 14:57:22,T1,T2,2.0ft,0.05s
4.17.2026 14:57:22,T0,T1,2.4ft,0.05s
4.17.2026 14:57:22,T0,T2,2.0ft,0.05s
4.17.2026 14:57:22,T1,T2,1.9ft,0.05s
4.17.2026 14:57:22,T0,T1,2.5ft,0.05s
4.17.2026 14:57:22,T0,T2,2.1ft,0.05s
4.17.2026 14:57:22,T1,T2,1.9ft,0.05s
4.17.2026 14:57:22,T0,T1,2.6ft,0.05s
4.17.2026 14:57:22,T0,T2,2.3ft,0.05s
4.17.2026 14:57:22,T1,T2,1.9ft,0.05s
4.17.2026 14:57:22,T0,T1,2.6ft,0.05s
4.17.2026 14:57:22,T0,T2,2.4ft,0.05s
4.17.2026 14:57:22,T1,T2,1.9ft,0.05s
4.17.2026 14:57:22,T0,T1,2.6ft,0.05s
4.17.2026 14:57:22,T0,T2,2.5ft,0.05s
4.17.2026 14:57:22,T1,T2,1.9ft,0.05s
4.17.2026 14:57:22,T0,T1,2.5ft,0.05s
4.17.2026 14:57:22,T0,T2,2.5ft,0.05s
4.17.2026 14:57:22,T1,T2,1.8ft,0.05s
4.17.2026 14:57:22,T0,T1,2.5ft,0.05s
4.17.2026 14:57:22,T0,T2,2.5ft,0.05s
4.17.2026 14:57:22,T1,T2,1.9ft,0.05s
4.17.2026 14:57:22,T0,T1,2.5ft,0.05s
4.17.2026 14:57:22,T0,T2,2.6ft,0.05s
4.17.2026 14:57:22,T1,T2,1.9ft,0.05s
4.17.2026 14:57:22,T0,T1,2.4ft,0.05s
4.17.2026 14:57:22,T0,T2,2.6ft,0.05s
4.17.2026 14:57:22,T1,T2,1.9ft,0.05s
4.17.2026 14:57:22,T0,T1,2.4ft,0.05s
4.17.2026 14:57:22,T0,T2,2.6ft,0.05s
4.17.2026 14:57:22,T1,T2,1.9ft,0.05s
4.17.2026 14:57:22,T0,T1,2.5ft,0.05s
4.17.2026 14:57:22,T0,T2,2.6ft,0.05s
4.17.2026 14:57:22,T1,T2,1.8ft,0.05s
4.17.2026 14:57:22,T0,T1,2.5ft,0.05s
4.17.2026 14:57:22,T0,T2,2.6ft,0.05s
4.17.2026 14:57:22,T1,T2,1.8ft,0.05s
4.17.2026 14:57:22,T0,T1,2.5ft,0.05s
4.17.2026 14:57:22,T0,T2,2.6ft,0.05s
4.17.2026 14:57:22,T1,T2,1.7ft,0.05s
4.17.2026 14:57:22,T0,T1,2.5ft,0.05s
4.17.2026 14:57:22,T0,T2,2.6ft,0.05s
4.17.2026 14:57:22,T1,T2,1.6ft,0.05s
4.17.2026 14:57:23,T0,T1,2.6ft,0.05s
4.17.2026 14:57:23,T0,T2,2.6ft,0.05s
4.17.2026 14:57:23,T1,T2,1.5ft,0.05s
4.17.2026 14:57:23,T0,T1,2.7ft,0.05s
4.17.2026 14:57:23,T0,T2,2.8ft,0.05s
4.17.2026 14:57:23,T1,T2,1.5ft,0.05s
4.17.2026 14:57:23,T0,T1,2.8ft,0.05s
4.17.2026 14:57:23,T0,T2,2.9ft,0.05s
4.17.2026 14:57:23,T1,T2,1.5ft,0.05s
4.17.2026 14:57:23,T0,T1,2.9ft,0.05s
4.17.2026 14:57:23,T0,T2,3.0ft,0.05s
4.17.2026 14:57:23,T1,T2,1.5ft,0.05s
4.17.2026 14:57:23,T0,T1,2.9ft,0.05s
4.17.2026 14:57:23,T0,T2,3.0ft,0.05s
4.17.2026 14:57:23,T1,T2,1.4ft,0.05s
4.17.2026 14:57:23,T0,T1,2.9ft,0.05s
4.17.2026 14:57:23,T0,T2,3.1ft,0.05s
4.17.2026 14:57:23,T1,T2,1.4ft,0.05s
4.17.2026 14:57:23,T0,T1,2.9ft,0.05s
4.17.2026 14:57:23,T0,T2,3.1ft,0.05s
4.17.2026 14:57:23,T1,T2,1.4ft,0.05s
4.17.2026 14:57:23,T0,T1,2.9ft,0.05s
4.17.2026 14:57:23,T0,T2,3.1ft,0.05s
4.17.2026 14:57:23,T1,T2,1.4ft,0.05s
4.17.2026 14:57:23,T0,T1,3.0ft,0.05s
4.17.2026 14:57:23,T0,T2,3.3ft,0.05s
4.17.2026 14:57:23,T1,T2,1.4ft,0.05s
4.17.2026 14:57:23,T0,T1,3.1ft,0.05s
4.17.2026 14:57:23,T0,T2,3.3ft,0.05s
4.17.2026 14:57:23,T1,T2,1.4ft,0.05s
4.17.2026 14:57:23,T0,T1,3.2ft,0.05s
4.17.2026 14:57:23,T0,T2,3.3ft,0.05s
4.17.2026 14:57:23,T1,T2,1.3ft,0.05s
4.17.2026 14:57:23,T0,T1,3.2ft,0.05s
4.17.2026 14:57:23,T0,T2,3.3ft,0.05s
4.17.2026 14:57:23,T1,T2,1.2ft,0.05s
4.17.2026 14:57:23,T0,T1,3.4ft,0.05s
4.17.2026 14:57:23,T0,T2,3.2ft,0.05s
4.17.2026 14:57:23,T1,T2,1.1ft,0.05s
4.17.2026 14:57:23,T0,T1,3.6ft,0.05s
4.17.2026 14:57:23,T0,T2,3.1ft,0.05s
4.17.2026 14:57:23,T1,T2,1.1ft,0.05s
4.17.2026 14:57:23,T0,T1,3.7ft,0.05s
4.17.2026 14:57:23,T0,T2,3.0ft,0.05s
4.17.2026 14:57:23,T1,T2,1.1ft,0.05s
4.17.2026 14:57:23,T0,T1,3.8ft,0.05s
4.17.2026 14:57:23,T0,T2,2.8ft,0.05s
4.17.2026 14:57:23,T1,T2,1.3ft,0.05s
4.17.2026 14:57:23,T0,T1,3.8ft,0.05s
4.17.2026 14:57:23,T0,T2,2.7ft,0.05s
4.17.2026 14:57:23,T1,T2,1.4ft,0.05s
4.17.2026 14:57:23,T0,T1,3.8ft,0.05s
4.17.2026 14:57:23,T0,T2,2.6ft,0.05s
4.17.2026 14:57:23,T1,T2,1.5ft,0.05s
4.17.2026 14:57:23,T0,T1,3.8ft,0.05s
4.17.2026 14:57:23,T0,T2,2.7ft,0.05s
4.17.2026 14:57:23,T1,T2,1.4ft,0.05s
4.17.2026 14:57:23,T0,T1,3.8ft,0.05s
4.17.2026 14:57:23,T0,T2,2.8ft,0.05s
4.17.2026 14:57:23,T1,T2,1.4ft,0.05s
4.17.2026 14:57:24,T0,T1,3.7ft,0.05s
4.17.2026 14:57:24,T0,T2,2.9ft,0.05s
4.17.2026 14:57:24,T1,T2,1.4ft,0.05s
4.17.2026 14:57:24,T0,T1,3.7ft,0.05s
4.17.2026 14:57:24,T0,T2,2.9ft,0.05s
4.17.2026 14:57:24,T1,T2,1.4ft,0.05s
4.17.2026 14:57:24,T0,T1,3.6ft,0.05s
4.17.2026 14:57:24,T0,T2,2.9ft,0.05s
4.17.2026 14:57:24,T1,T2,1.4ft,0.05s
4.17.2026 14:57:24,T0,T1,3.5ft,0.05s
4.17.2026 14:57:24,T0,T2,2.9ft,0.05s
4.17.2026 14:57:24,T1,T2,1.4ft,0.05s
4.17.2026 14:57:24,T0,T1,3.3ft,0.05s
4.17.2026 14:57:24,T0,T2,2.9ft,0.05s
4.17.2026 14:57:24,T1,T2,1.4ft,0.05s
4.17.2026 14:57:24,T0,T1,3.2ft,0.05s
4.17.2026 14:57:24,T0,T2,2.9ft,0.05s
4.17.2026 14:57:24,T1,T2,1.5ft,0.05s
4.17.2026 14:57:24,T0,T1,3.1ft,0.05s
4.17.2026 14:57:24,T0,T2,2.9ft,0.05s
4.17.2026 14:57:24,T1,T2,1.5ft,0.05s
4.17.2026 14:57:24,T0,T1,3.0ft,0.05s
4.17.2026 14:57:24,T0,T2,2.9ft,0.05s
4.17.2026 14:57:24,T1,T2,1.6ft,0.05s
4.17.2026 14:57:24,T0,T1,2.9ft,0.05s
4.17.2026 14:57:24,T0,T2,2.9ft,0.05s
4.17.2026 14:57:24,T1,T2,1.6ft,0.05s
4.17.2026 14:57:24,T0,T1,2.9ft,0.05s
4.17.2026 14:57:24,T0,T2,3.0ft,0.05s
4.17.2026 14:57:24,T1,T2,1.6ft,0.05s
4.17.2026 14:57:24,T0,T1,2.8ft,0.05s
4.17.2026 14:57:24,T0,T2,3.1ft,0.05s
4.17.2026 14:57:24,T1,T2,1.7ft,0.05s
4.17.2026 14:57:24,T0,T1,2.8ft,0.05s
4.17.2026 14:57:24,T0,T2,3.1ft,0.05s
4.17.2026 14:57:24,T1,T2,1.7ft,0.05s
4.17.2026 14:57:24,T0,T1,2.8ft,0.05s
4.17.2026 14:57:24,T0,T2,3.1ft,0.05s
4.17.2026 14:57:24,T1,T2,1.7ft,0.05s
4.17.2026 14:57:24,T0,T1,2.7ft,0.05s
4.17.2026 14:57:24,T0,T2,3.1ft,0.05s
4.17.2026 14:57:24,T1,T2,1.7ft,0.05s
4.17.2026 14:57:24,T0,T1,2.7ft,0.05s
4.17.2026 14:57:24,T0,T2,3.1ft,0.05s
4.17.2026 14:57:24,T1,T2,1.6ft,0.05s
4.17.2026 14:57:24,T0,T1,2.6ft,0.05s
4.17.2026 14:57:24,T0,T2,3.0ft,0.05s
4.17.2026 14:57:24,T1,T2,1.6ft,0.05s
4.17.2026 14:57:24,T0,T1,2.5ft,0.05s
4.17.2026 14:57:24,T0,T2,2.9ft,0.05s
4.17.2026 14:57:24,T1,T2,1.7ft,0.05s
4.17.2026 14:57:24,T0,T1,2.4ft,0.05s
4.17.2026 14:57:24,T0,T2,2.9ft,0.05s
4.17.2026 14:57:24,T1,T2,1.7ft,0.05s
4.17.2026 14:57:24,T0,T1,2.4ft,0.05s
4.17.2026 14:57:24,T0,T2,2.9ft,0.05s
4.17.2026 14:57:24,T1,T2,1.7ft,0.05s
4.17.2026 14:57:24,T0,T1,2.3ft,0.05s
4.17.2026 14:57:24,T0,T2,2.8ft,0.05s
4.17.2026 14:57:24,T1,T2,1.7ft,0.05s
4.17.2026 14:57:25,T0,T1,2.2ft,0.05s
4.17.2026 14:57:25,T0,T2,2.6ft,0.05s
4.17.2026 14:57:25,T1,T2,1.6ft,0.05s
4.17.2026 14:57:25,T0,T1,2.2ft,0.05s
4.17.2026 14:57:25,T0,T2,2.5ft,0.05s
4.17.2026 14:57:25,T1,T2,1.6ft,0.05s
4.17.2026 14:57:25,T0,T1,2.1ft,0.05s
4.17.2026 14:57:25,T0,T2,2.5ft,0.05s
4.17.2026 14:57:25,T1,T2,1.6ft,0.05s
4.17.2026 14:57:25,T0,T1,2.1ft,0.05s
4.17.2026 14:57:25,T0,T2,2.4ft,0.05s
4.17.2026 14:57:25,T1,T2,1.6ft,0.05s
4.17.2026 14:57:25,T0,T1,2.1ft,0.05s
4.17.2026 14:57:25,T0,T2,2.4ft,0.05s
4.17.2026 14:57:25,T1,T2,1.6ft,0.05s
4.17.2026 14:57:25,T0,T1,2.1ft,0.05s
4.17.2026 14:57:25,T0,T2,2.3ft,0.05s
4.17.2026 14:57:25,T1,T2,1.5ft,0.05s
4.17.2026 14:57:25,T0,T1,2.1ft,0.05s
4.17.2026 14:57:25,T0,T2,2.3ft,0.05s
4.17.2026 14:57:25,T1,T2,1.6ft,0.05s
4.17.2026 14:57:25,T0,T1,2.0ft,0.05s
4.17.2026 14:57:25,T0,T2,2.2ft,0.05s
4.17.2026 14:57:25,T1,T2,1.6ft,0.05s
4.17.2026 14:57:25,T0,T1,1.9ft,0.05s
4.17.2026 14:57:25,T0,T2,2.1ft,0.05s
4.17.2026 14:57:25,T1,T2,1.6ft,0.05s
4.17.2026 14:57:25,T0,T1,1.8ft,0.05s
4.17.2026 14:57:25,T0,T2,1.9ft,0.05s
4.17.2026 14:57:25,T1,T2,1.6ft,0.05s
4.17.2026 14:57:25,T0,T1,1.8ft,0.05s
4.17.2026 14:57:25,T0,T2,1.8ft,0.05s
4.17.2026 14:57:25,T1,T2,1.6ft,0.05s
4.17.2026 14:57:25,T0,T1,1.7ft,0.05s
4.17.2026 14:57:25,T0,T2,1.8ft,0.05s
4.17.2026 14:57:25,T1,T2,1.6ft,0.05s
4.17.2026 14:57:25,T0,T1,1.7ft,0.05s
4.17.2026 14:57:25,T0,T2,1.9ft,0.05s
4.17.2026 14:57:25,T1,T2,1.7ft,0.05s
4.17.2026 14:57:25,T0,T1,1.7ft,0.05s
4.17.2026 14:57:25,T0,T2,1.9ft,0.05s
4.17.2026 14:57:25,T1,T2,1.7ft,0.05s
4.17.2026 14:57:25,T0,T1,1.6ft,0.05s
4.17.2026 14:57:25,T0,T2,2.0ft,0.05s
4.17.2026 14:57:25,T1,T2,1.8ft,0.05s
4.17.2026 14:57:25,T0,T1,1.6ft,0.05s
4.17.2026 14:57:25,T0,T2,2.0ft,0.05s
4.17.2026 14:57:25,T1,T2,1.8ft,0.05s
4.17.2026 14:57:25,T0,T1,1.6ft,0.05s
4.17.2026 14:57:25,T0,T2,2.0ft,0.05s
4.17.2026 14:57:25,T1,T2,1.8ft,0.05s
4.17.2026 14:57:25,T0,T1,1.6ft,0.05s
4.17.2026 14:57:25,T0,T2,2.0ft,0.05s
4.17.2026 14:57:25,T1,T2,1.7ft,0.05s
4.17.2026 14:57:25,T0,T1,1.6ft,0.05s
4.17.2026 14:57:25,T0,T2,2.0ft,0.05s
4.17.2026 14:57:25,T1,T2,1.7ft,0.05s
4.17.2026 14:57:26,T0,T1,1.6ft,0.05s
4.17.2026 14:57:26,T0,T2,2.0ft,0.05s
4.17.2026 14:57:26,T1,T2,1.6ft,0.05s
4.17.2026 14:57:26,T0,T1,1.7ft,0.05s
4.17.2026 14:57:26,T0,T2,2.0ft,0.05s
4.17.2026 14:57:26,T1,T2,1.6ft,0.05s
4.17.2026 14:57:26,T0,T1,1.7ft,0.05s
4.17.2026 14:57:26,T0,T2,2.0ft,0.05s
4.17.2026 14:57:26,T1,T2,1.6ft,0.05s
4.17.2026 14:57:26,T0,T1,1.7ft,0.05s
4.17.2026 14:57:26,T0,T2,1.9ft,0.05s
4.17.2026 14:57:26,T1,T2,1.5ft,0.05s
4.17.2026 14:57:26,T0,T1,1.7ft,0.05s
4.17.2026 14:57:26,T0,T2,1.9ft,0.05s
4.17.2026 14:57:26,T1,T2,1.5ft,0.05s
4.17.2026 14:57:26,T0,T1,1.8ft,0.05s
4.17.2026 14:57:26,T0,T2,1.8ft,0.05s
4.17.2026 14:57:26,T1,T2,1.5ft,0.05s
4.17.2026 14:57:26,T0,T1,1.8ft,0.05s
4.17.2026 14:57:26,T0,T2,1.8ft,0.05s
4.17.2026 14:57:26,T1,T2,1.5ft,0.05s
4.17.2026 14:57:26,T0,T1,1.8ft,0.05s
4.17.2026 14:57:26,T0,T2,1.7ft,0.05s
4.17.2026 14:57:26,T1,T2,1.5ft,0.05s
4.17.2026 14:57:26,T0,T1,1.7ft,0.05s
4.17.2026 14:57:26,T0,T2,1.7ft,0.05s
4.17.2026 14:57:26,T1,T2,1.5ft,0.05s
4.17.2026 14:57:26,T0,T1,1.7ft,0.05s
4.17.2026 14:57:26,T0,T2,1.7ft,0.05s
4.17.2026 14:57:26,T1,T2,1.5ft,0.05s
4.17.2026 14:57:26,T0,T1,1.7ft,0.05s
4.17.2026 14:57:26,T0,T2,1.6ft,0.05s
4.17.2026 14:57:26,T1,T2,1.5ft,0.05s
4.17.2026 14:57:26,T0,T1,1.7ft,0.05s
4.17.2026 14:57:26,T0,T2,1.5ft,0.05s
4.17.2026 14:57:26,T1,T2,1.5ft,0.05s
4.17.2026 14:57:26,T0,T1,1.7ft,0.05s
4.17.2026 14:57:26,T0,T2,1.4ft,0.05s
4.17.2026 14:57:26,T1,T2,1.4ft,0.05s
4.17.2026 14:57:26,T0,T1,1.6ft,0.05s
4.17.2026 14:57:26,T0,T2,1.2ft,0.05s
4.17.2026 14:57:26,T1,T2,1.4ft,0.05s
4.17.2026 14:57:26,T0,T1,1.6ft,0.05s
4.17.2026 14:57:26,T0,T2,1.0ft,0.05s
4.17.2026 14:57:26,T1,T2,1.4ft,0.05s
4.17.2026 14:57:26,T0,T1,1.6ft,0.05s
4.17.2026 14:57:26,T0,T2,0.9ft,0.05s
4.17.2026 14:57:26,T1,T2,1.4ft,0.05s
4.17.2026 14:57:26,T0,T1,1.6ft,0.05s
4.17.2026 14:57:26,T0,T2,0.6ft,0.05s
4.17.2026 14:57:26,T1,T2,1.4ft,0.05s
4.17.2026 14:57:26,T0,T1,1.5ft,0.05s
4.17.2026 14:57:26,T0,T2,0.4ft,0.05s
4.17.2026 14:57:26,T1,T2,1.4ft,0.05s
4.17.2026 14:57:26,T0,T1,1.5ft,0.05s
4.17.2026 14:57:26,T0,T2,0.3ft,0.05s
4.17.2026 14:57:26,T1,T2,1.3ft,0.05s
4.17.2026 14:57:26,T0,T1,1.5ft,0.05s
4.17.2026 14:57:26,T0,T2,0.2ft,0.05s
4.17.2026 14:57:26,T1,T2,1.3ft,0.05s
4.17.2026 14:57:27,T0,T1,1.4ft,0.05s
4.17.2026 14:57:27,T0,T2,0.2ft,0.05s
4.17.2026 14:57:27,T1,T2,1.3ft,0.05s
4.17.2026 14:57:27,T0,T1,1.4ft,0.05s
4.17.2026 14:57:27,T0,T2,0.1ft,0.05s
4.17.2026 14:57:27,T1,T2,1.3ft,0.05s
4.17.2026 14:57:27,T0,T1,1.4ft,0.05s
4.17.2026 14:57:27,T0,T2,0.1ft,0.05s
4.17.2026 14:57:27,T1,T2,1.3ft,0.05s
4.17.2026 14:57:27,T0,T1,1.4ft,0.05s
4.17.2026 14:57:27,T0,T2,0.3ft,0.05s
4.17.2026 14:57:27,T1,T2,1.3ft,0.05s
4.17.2026 14:57:27,T0,T1,1.3ft,0.05s
4.17.2026 14:57:27,T0,T2,0.4ft,0.05s
4.17.2026 14:57:27,T1,T2,1.3ft,0.05s
4.17.2026 14:57:27,T0,T1,1.3ft,0.05s
4.17.2026 14:57:27,T0,T2,0.5ft,0.05s
4.17.2026 14:57:27,T1,T2,1.3ft,0.05s
4.17.2026 14:57:27,T0,T1,1.3ft,0.05s
4.17.2026 14:57:27,T0,T2,0.5ft,0.05s
4.17.2026 14:57:27,T1,T2,1.3ft,0.05s
4.17.2026 14:57:27,T0,T1,1.3ft,0.05s
4.17.2026 14:57:27,T0,T2,0.6ft,0.05s
4.17.2026 14:57:27,T1,T2,1.3ft,0.05s
4.17.2026 14:57:27,T0,T1,1.3ft,0.05s
4.17.2026 14:57:27,T0,T2,0.6ft,0.05s
4.17.2026 14:57:27,T1,T2,1.3ft,0.05s
4.17.2026 14:57:27,T0,T1,1.3ft,0.05s
4.17.2026 14:57:27,T0,T2,0.5ft,0.05s
4.17.2026 14:57:27,T1,T2,1.2ft,0.05s
4.17.2026 14:57:27,T0,T1,1.3ft,0.05s
4.17.2026 14:57:27,T0,T2,0.5ft,0.05s
4.17.2026 14:57:27,T1,T2,1.2ft,0.05s
4.17.2026 14:57:27,T0,T1,1.2ft,0.05s
4.17.2026 14:57:27,T0,T2,0.4ft,0.05s
4.17.2026 14:57:27,T1,T2,1.2ft,0.05s
4.17.2026 14:57:27,T0,T1,1.2ft,0.05s
4.17.2026 14:57:27,T0,T2,0.4ft,0.05s
4.17.2026 14:57:27,T1,T2,1.3ft,0.05s
4.17.2026 14:57:27,T0,T1,1.2ft,0.05s
4.17.2026 14:57:27,T0,T2,0.4ft,0.05s
4.17.2026 14:57:27,T1,T2,1.3ft,0.05s
4.17.2026 14:57:27,T0,T1,1.3ft,0.05s
4.17.2026 14:57:27,T0,T2,0.5ft,0.05s
4.17.2026 14:57:27,T1,T2,1.3ft,0.05s
4.17.2026 14:57:27,T0,T1,1.3ft,0.05s
4.17.2026 14:57:27,T0,T2,0.6ft,0.05s
4.17.2026 14:57:27,T1,T2,1.3ft,0.05s
4.17.2026 14:57:27,T0,T1,1.4ft,0.05s
4.17.2026 14:57:27,T0,T2,0.6ft,0.05s
4.17.2026 14:57:27,T1,T2,1.4ft,0.05s
4.17.2026 14:57:27,T0,T1,1.5ft,0.05s
4.17.2026 14:57:27,T0,T2,0.7ft,0.05s
4.17.2026 14:57:27,T1,T2,1.4ft,0.05s
4.17.2026 14:57:27,T0,T1,1.5ft,0.05s
4.17.2026 14:57:27,T0,T2,0.7ft,0.05s
4.17.2026 14:57:27,T1,T2,1.4ft,0.05s
4.17.2026 14:57:27,T0,T1,1.6ft,0.05s
4.17.2026 14:57:27,T0,T2,0.8ft,0.05s
4.17.2026 14:57:27,T1,T2,1.4ft,0.05s
4.17.2026 14:57:28,T0,T1,1.6ft,0.05s
4.17.2026 14:57:28,T0,T2,0.8ft,0.05s
4.17.2026 14:57:28,T1,T2,1.4ft,0.05s
4.17.2026 14:57:28,T0,T1,1.6ft,0.05s
4.17.2026 14:57:28,T0,T2,0.8ft,0.05s
4.17.2026 14:57:28,T1,T2,1.4ft,0.05s
4.17.2026 14:57:28,T0,T1,1.7ft,0.05s
4.17.2026 14:57:28,T0,T2,0.9ft,0.05s
4.17.2026 14:57:28,T1,T2,1.4ft,0.05s
4.17.2026 14:57:28,T0,T1,1.8ft,0.05s
4.17.2026 14:57:28,T0,T2,0.9ft,0.05s
4.17.2026 14:57:28,T1,T2,1.4ft,0.05s
4.17.2026 14:57:28,T0,T1,1.9ft,0.05s
4.17.2026 14:57:28,T0,T2,1.0ft,0.05s
4.17.2026 14:57:28,T1,T2,1.4ft,0.05s
4.17.2026 14:57:28,T0,T1,1.9ft,0.05s
4.17.2026 14:57:28,T0,T2,1.0ft,0.05s
4.17.2026 14:57:28,T1,T2,1.4ft,0.05s
4.17.2026 14:57:28,T0,T1,2.0ft,0.05s
4.17.2026 14:57:28,T0,T2,1.1ft,0.05s
4.17.2026 14:57:28,T1,T2,1.4ft,0.05s
4.17.2026 14:57:28,T0,T1,2.0ft,0.05s
4.17.2026 14:57:28,T0,T2,1.1ft,0.05s
4.17.2026 14:57:28,T1,T2,1.4ft,0.05s
4.17.2026 14:57:28,T0,T1,2.0ft,0.05s
4.17.2026 14:57:28,T0,T2,1.2ft,0.05s
4.17.2026 14:57:28,T1,T2,1.4ft,0.05s
4.17.2026 14:57:28,T0,T1,2.1ft,0.05s
4.17.2026 14:57:28,T0,T2,1.3ft,0.05s
4.17.2026 14:57:28,T1,T2,1.4ft,0.05s
4.17.2026 14:57:28,T0,T1,2.0ft,0.05s
4.17.2026 14:57:28,T0,T2,1.4ft,0.05s
4.17.2026 14:57:28,T1,T2,1.3ft,0.05s
4.17.2026 14:57:28,T0,T1,2.0ft,0.05s
4.17.2026 14:57:28,T0,T2,1.4ft,0.05s
4.17.2026 14:57:28,T1,T2,1.3ft,0.05s
4.17.2026 14:57:28,T0,T1,2.0ft,0.05s
4.17.2026 14:57:28,T0,T2,1.5ft,0.05s
4.17.2026 14:57:28,T1,T2,1.2ft,0.05s
4.17.2026 14:57:28,T0,T1,2.0ft,0.05s
4.17.2026 14:57:28,T0,T2,1.5ft,0.05s
4.17.2026 14:57:28,T1,T2,1.2ft,0.05s
4.17.2026 14:57:28,T0,T1,1.9ft,0.05s
4.17.2026 14:57:28,T0,T2,1.5ft,0.05s
4.17.2026 14:57:28,T1,T2,1.1ft,0.05s
4.17.2026 14:57:28,T0,T1,1.9ft,0.05s
4.17.2026 14:57:28,T0,T2,1.5ft,0.05s
4.17.2026 14:57:28,T1,T2,1.0ft,0.05s
4.17.2026 14:57:28,T0,T1,1.9ft,0.05s
4.17.2026 14:57:28,T0,T2,1.5ft,0.05s
4.17.2026 14:57:28,T1,T2,1.0ft,0.05s
4.17.2026 14:57:28,T0,T1,1.9ft,0.05s
4.17.2026 14:57:28,T0,T2,1.5ft,0.05s
4.17.2026 14:57:28,T1,T2,1.0ft,0.05s
4.17.2026 14:57:28,T0,T1,1.9ft,0.05s
4.17.2026 14:57:28,T0,T2,1.5ft,0.05s
4.17.2026 14:57:28,T1,T2,1.0ft,0.05s
4.17.2026 14:57:29,T0,T1,1.9ft,0.05s
4.17.2026 14:57:29,T0,T2,1.4ft,0.05s
4.17.2026 14:57:29,T1,T2,1.1ft,0.05s
4.17.2026 14:57:29,T0,T1,1.8ft,0.05s
4.17.2026 14:57:29,T0,T2,1.4ft,0.05s
4.17.2026 14:57:29,T1,T2,1.0ft,0.05s
4.17.2026 14:57:29,T0,T1,1.7ft,0.05s
4.17.2026 14:57:29,T0,T2,1.3ft,0.05s
4.17.2026 14:57:29,T1,T2,0.9ft,0.05s
4.17.2026 14:57:29,T0,T1,1.7ft,0.05s
4.17.2026 14:57:29,T0,T2,1.3ft,0.05s
4.17.2026 14:57:29,T1,T2,0.7ft,0.05s
4.17.2026 14:57:29,T0,T1,1.6ft,0.05s
4.17.2026 14:57:29,T0,T2,1.3ft,0.05s
4.17.2026 14:57:29,T1,T2,0.6ft,0.05s
4.17.2026 14:57:29,T0,T1,1.5ft,0.05s
4.17.2026 14:57:29,T0,T2,1.3ft,0.05s
4.17.2026 14:57:29,T1,T2,0.5ft,0.05s
4.17.2026 14:57:29,T0,T1,1.5ft,0.05s
4.17.2026 14:57:29,T0,T2,1.2ft,0.05s
4.17.2026 14:57:29,T1,T2,0.4ft,0.05s
4.17.2026 14:57:29,T0,T1,1.5ft,0.05s
4.17.2026 14:57:29,T0,T2,1.2ft,0.05s
4.17.2026 14:57:29,T1,T2,0.3ft,0.05s
4.17.2026 14:57:29,T0,T1,1.5ft,0.05s
4.17.2026 14:57:29,T0,T2,1.3ft,0.05s
4.17.2026 14:57:29,T1,T2,0.2ft,0.05s
4.17.2026 14:57:29,T0,T1,1.5ft,0.05s
4.17.2026 14:57:29,T0,T2,1.4ft,0.05s
4.17.2026 14:57:29,T1,T2,0.1ft,0.05s
4.17.2026 14:57:29,T0,T1,1.4ft,0.05s
4.17.2026 14:57:29,T0,T2,1.5ft,0.05s
4.17.2026 14:57:29,T1,T2,0.1ft,0.05s
4.17.2026 14:57:29,T0,T1,1.5ft,0.05s
4.17.2026 14:57:29,T0,T2,1.6ft,0.05s
4.17.2026 14:57:29,T1,T2,0.1ft,0.05s
4.17.2026 14:57:29,T0,T1,1.5ft,0.05s
4.17.2026 14:57:29,T0,T2,1.7ft,0.05s
4.17.2026 14:57:29,T1,T2,0.2ft,0.05s
4.17.2026 14:57:29,T0,T1,1.5ft,0.05s
4.17.2026 14:57:29,T0,T2,1.7ft,0.05s
4.17.2026 14:57:29,T1,T2,0.2ft,0.05s
4.17.2026 14:57:29,T0,T1,1.6ft,0.05s
4.17.2026 14:57:29,T0,T2,1.8ft,0.05s
4.17.2026 14:57:29,T1,T2,0.3ft,0.05s
4.17.2026 14:57:29,T0,T1,1.7ft,0.05s
4.17.2026 14:57:29,T0,T2,1.9ft,0.05s
4.17.2026 14:57:29,T1,T2,0.3ft,0.05s
4.17.2026 14:57:29,T0,T1,1.8ft,0.05s
4.17.2026 14:57:29,T0,T2,1.9ft,0.05s
4.17.2026 14:57:29,T1,T2,0.4ft,0.05s
4.17.2026 14:57:29,T0,T1,1.9ft,0.05s
4.17.2026 14:57:29,T0,T2,2.0ft,0.05s
4.17.2026 14:57:29,T1,T2,0.5ft,0.05s
4.17.2026 14:57:29,T0,T1,2.0ft,0.05s
4.17.2026 14:57:29,T0,T2,2.1ft,0.05s
4.17.2026 14:57:29,T1,T2,0.5ft,0.05s
4.17.2026 14:57:29,T0,T1,2.1ft,0.05s
4.17.2026 14:57:29,T0,T2,2.1ft,0.05s
4.17.2026 14:57:29,T1,T2,0.6ft,0.05s
4.17.2026 14:57:30,T0,T1,2.2ft,0.05s
4.17.2026 14:57:30,T0,T2,2.2ft,0.05s
4.17.2026 14:57:30,T1,T2,0.6ft,0.05s
4.17.2026 14:57:30,T0,T1,2.3ft,0.05s
4.17.2026 14:57:30,T0,T2,2.3ft,0.05s
4.17.2026 14:57:30,T1,T2,0.7ft,0.05s
4.17.2026 14:57:30,T0,T1,2.3ft,0.05s
4.17.2026 14:57:30,T0,T2,2.3ft,0.05s
4.17.2026 14:57:30,T1,T2,0.7ft,0.05s
4.17.2026 14:57:30,T0,T1,2.4ft,0.05s
4.17.2026 14:57:30,T0,T2,2.3ft,0.05s
4.17.2026 14:57:30,T1,T2,0.8ft,0.05s
4.17.2026 14:57:30,T0,T1,2.5ft,0.05s
4.17.2026 14:57:30,T0,T2,2.3ft,0.05s
4.17.2026 14:57:30,T1,T2,0.8ft,0.05s
4.17.2026 14:57:30,T0,T1,2.5ft,0.05s
4.17.2026 14:57:30,T0,T2,2.4ft,0.05s
4.17.2026 14:57:30,T1,T2,0.8ft,0.05s
4.17.2026 14:57:30,T0,T1,2.6ft,0.05s
4.17.2026 14:57:30,T0,T2,2.4ft,0.05s
4.17.2026 14:57:30,T1,T2,0.9ft,0.05s
4.17.2026 14:57:30,T0,T1,2.6ft,0.05s
4.17.2026 14:57:30,T0,T2,2.4ft,0.05s
4.17.2026 14:57:30,T1,T2,0.9ft,0.05s
4.17.2026 14:57:30,T0,T1,2.7ft,0.05s
4.17.2026 14:57:30,T0,T2,2.5ft,0.05s
4.17.2026 14:57:30,T1,T2,0.9ft,0.05s
4.17.2026 14:57:30,T0,T1,2.7ft,0.05s
4.17.2026 14:57:30,T0,T2,2.5ft,0.05s
4.17.2026 14:57:30,T1,T2,1.0ft,0.05s
4.17.2026 14:57:30,T0,T1,2.8ft,0.05s
4.17.2026 14:57:30,T0,T2,2.6ft,0.05s
4.17.2026 14:57:30,T1,T2,1.0ft,0.05s
4.17.2026 14:57:30,T0,T1,2.8ft,0.05s
4.17.2026 14:57:30,T0,T2,2.7ft,0.05s
4.17.2026 14:57:30,T1,T2,1.0ft,0.05s
4.17.2026 14:57:30,T0,T1,2.8ft,0.05s
4.17.2026 14:57:30,T0,T2,2.7ft,0.05s
4.17.2026 14:57:30,T1,T2,1.1ft,0.05s
4.17.2026 14:57:30,T0,T1,2.9ft,0.05s
4.17.2026 14:57:30,T0,T2,2.8ft,0.05s
4.17.2026 14:57:30,T1,T2,1.1ft,0.05s
4.17.2026 14:57:30,T0,T1,2.9ft,0.05s
4.17.2026 14:57:30,T0,T2,2.8ft,0.05s
4.17.2026 14:57:30,T1,T2,1.2ft,0.05s
4.17.2026 14:57:30,T0,T1,2.9ft,0.05s
4.17.2026 14:57:30,T0,T2,2.9ft,0.05s
4.17.2026 14:57:30,T1,T2,1.2ft,0.05s
4.17.2026 14:57:30,T0,T1,2.9ft,0.05s
4.17.2026 14:57:30,T0,T2,2.9ft,0.05s
4.17.2026 14:57:30,T1,T2,1.3ft,0.05s
4.17.2026 14:57:30,T0,T1,3.0ft,0.05s
4.17.2026 14:57:30,T0,T2,2.9ft,0.05s
4.17.2026 14:57:30,T1,T2,1.3ft,0.05s
4.17.2026 14:57:30,T0,T1,3.0ft,0.05s
4.17.2026 14:57:30,T0,T2,2.9ft,0.05s
4.17.2026 14:57:30,T1,T2,1.3ft,0.05s
4.17.2026 14:57:30,T0,T1,3.0ft,0.05s
4.17.2026 14:57:30,T0,T2,2.9ft,0.05s
4.17.2026 14:57:30,T1,T2,1.4ft,0.05s
4.17.2026 14:57:31,T0,T1,3.1ft,0.05s
4.17.2026 14:57:31,T0,T2,2.9ft,0.05s
4.17.2026 14:57:31,T1,T2,1.4ft,0.05s
4.17.2026 14:57:31,T0,T1,3.1ft,0.05s
4.17.2026 14:57:31,T0,T2,2.9ft,0.05s
4.17.2026 14:57:31,T1,T2,1.4ft,0.05s
4.17.2026 14:57:31,T0,T1,3.1ft,0.05s
4.17.2026 14:57:31,T0,T2,3.0ft,0.05s
4.17.2026 14:57:31,T1,T2,1.4ft,0.05s
4.17.2026 14:57:31,T0,T1,3.0ft,0.05s
4.17.2026 14:57:31,T0,T2,3.0ft,0.05s
4.17.2026 14:57:31,T1,T2,1.4ft,0.05s
4.17.2026 14:57:31,T0,T1,3.0ft,0.05s
4.17.2026 14:57:31,T0,T2,3.0ft,0.05s
4.17.2026 14:57:31,T1,T2,1.4ft,0.05s
4.17.2026 14:57:31,T0,T1,2.9ft,0.05s
4.17.2026 14:57:31,T0,T2,3.0ft,0.05s
4.17.2026 14:57:31,T1,T2,1.4ft,0.05s
4.17.2026 14:57:31,T0,T1,2.9ft,0.05s
4.17.2026 14:57:31,T0,T2,3.0ft,0.05s
4.17.2026 14:57:31,T1,T2,1.5ft,0.05s
4.17.2026 14:57:31,T0,T1,2.9ft,0.05s
4.17.2026 14:57:31,T0,T2,3.0ft,0.05s
4.17.2026 14:57:31,T1,T2,1.5ft,0.05s
4.17.2026 14:57:31,T0,T1,2.9ft,0.05s
4.17.2026 14:57:31,T0,T2,3.1ft,0.05s
4.17.2026 14:57:31,T1,T2,1.5ft,0.05s
4.17.2026 14:57:31,T0,T1,2.9ft,0.05s
4.17.2026 14:57:31,T0,T2,3.1ft,0.05s
4.17.2026 14:57:31,T1,T2,1.5ft,0.05s
4.17.2026 14:57:31,T0,T1,2.9ft,0.05s
4.17.2026 14:57:31,T0,T2,3.1ft,0.05s
4.17.2026 14:57:31,T1,T2,1.5ft,0.05s
4.17.2026 14:57:31,T0,T1,2.8ft,0.05s
4.17.2026 14:57:31,T0,T2,3.1ft,0.05s
4.17.2026 14:57:31,T1,T2,1.5ft,0.05s
4.17.2026 14:57:31,T0,T1,2.8ft,0.05s
4.17.2026 14:57:31,T0,T2,3.1ft,0.05s
4.17.2026 14:57:31,T1,T2,1.5ft,0.05s
4.17.2026 14:57:31,T0,T1,2.8ft,0.05s
4.17.2026 14:57:31,T0,T2,3.1ft,0.05s
4.17.2026 14:57:31,T1,T2,1.5ft,0.05s
4.17.2026 14:57:31,T0,T1,2.8ft,0.05s
4.17.2026 14:57:31,T0,T2,3.0ft,0.05s
4.17.2026 14:57:31,T1,T2,1.5ft,0.05s
4.17.2026 14:57:31,T0,T1,2.8ft,0.05s
4.17.2026 14:57:31,T0,T2,3.0ft,0.05s
4.17.2026 14:57:31,T1,T2,1.5ft,0.05s
4.17.2026 14:57:31,T0,T1,2.8ft,0.05s
4.17.2026 14:57:31,T0,T2,3.0ft,0.05s
4.17.2026 14:57:31,T1,T2,1.5ft,0.05s
4.17.2026 14:57:31,T0,T1,2.7ft,0.05s
4.17.2026 14:57:31,T0,T2,2.9ft,0.05s
4.17.2026 14:57:31,T1,T2,1.5ft,0.05s
4.17.2026 14:57:31,T0,T1,2.7ft,0.05s
4.17.2026 14:57:31,T0,T2,2.9ft,0.05s
4.17.2026 14:57:31,T1,T2,1.5ft,0.05s
4.17.2026 14:57:31,T0,T1,2.7ft,0.05s
4.17.2026 14:57:31,T0,T2,2.9ft,0.05s
4.17.2026 14:57:31,T1,T2,1.5ft,0.05s
4.17.2026 14:57:32,T0,T1,2.7ft,0.05s
4.17.2026 14:57:32,T0,T2,2.9ft,0.05s
4.17.2026 14:57:32,T1,T2,1.5ft,0.05s
4.17.2026 14:57:32,T0,T1,2.7ft,0.05s
4.17.2026 14:57:32,T0,T2,2.8ft,0.05s
4.17.2026 14:57:32,T1,T2,1.5ft,0.05s
4.17.2026 14:57:32,T0,T1,2.7ft,0.05s
4.17.2026 14:57:32,T0,T2,2.8ft,0.05s
4.17.2026 14:57:32,T1,T2,1.5ft,0.05s
4.17.2026 14:57:32,T0,T1,2.7ft,0.05s
4.17.2026 14:57:32,T0,T2,2.8ft,0.05s
4.17.2026 14:57:32,T1,T2,1.5ft,0.05s
4.17.2026 14:57:32,T0,T1,2.7ft,0.05s
4.17.2026 14:57:32,T0,T2,2.8ft,0.05s
4.17.2026 14:57:32,T1,T2,1.5ft,0.05s
4.17.2026 14:57:32,T0,T1,2.7ft,0.05s
4.17.2026 14:57:32,T0,T2,2.8ft,0.05s
4.17.2026 14:57:32,T1,T2,1.5ft,0.05s
4.17.2026 14:57:32,T0,T1,2.8ft,0.05s
4.17.2026 14:57:32,T0,T2,2.7ft,0.05s
4.17.2026 14:57:32,T1,T2,1.5ft,0.05s
4.17.2026 14:57:32,T0,T1,2.8ft,0.05s
4.17.2026 14:57:32,T0,T2,2.7ft,0.05s
4.17.2026 14:57:32,T1,T2,1.6ft,0.05s
4.17.2026 14:57:32,T0,T1,2.8ft,0.05s
4.17.2026 14:57:32,T0,T2,2.7ft,0.05s
4.17.2026 14:57:32,T1,T2,1.6ft,0.05s
4.17.2026 14:57:32,T0,T1,2.7ft,0.05s
4.17.2026 14:57:32,T0,T2,2.7ft,0.05s
4.17.2026 14:57:32,T1,T2,1.5ft,0.05s
4.17.2026 14:57:32,T0,T1,2.7ft,0.05s
4.17.2026 14:57:32,T0,T2,2.7ft,0.05s
4.17.2026 14:57:32,T1,T2,1.4ft,0.05s
4.17.2026 14:57:32,T0,T1,2.6ft,0.05s
4.17.2026 14:57:32,T0,T2,2.7ft,0.05s
4.17.2026 14:57:32,T1,T2,1.4ft,0.05s
4.17.2026 14:57:32,T0,T1,2.5ft,0.05s
4.17.2026 14:57:32,T0,T2,2.7ft,0.05s
4.17.2026 14:57:32,T1,T2,1.2ft,0.05s
4.17.2026 14:57:32,T0,T1,2.4ft,0.05s
4.17.2026 14:57:32,T0,T2,2.7ft,0.05s
4.17.2026 14:57:32,T1,T2,0.9ft,0.05s
4.17.2026 14:57:32,T0,T1,2.3ft,0.05s
4.17.2026 14:57:32,T0,T2,2.7ft,0.05s
4.17.2026 14:57:32,T1,T2,0.7ft,0.05s
4.17.2026 14:57:32,T0,T1,2.1ft,0.05s
4.17.2026 14:57:32,T0,T2,2.6ft,0.05s
4.17.2026 14:57:32,T1,T2,0.6ft,0.05s
4.17.2026 14:57:32,T0,T1,2.1ft,0.05s
4.17.2026 14:57:32,T0,T2,2.5ft,0.05s
4.17.2026 14:57:32,T1,T2,0.6ft,0.05s
4.17.2026 14:57:32,T0,T1,2.0ft,0.05s
4.17.2026 14:57:32,T0,T2,2.5ft,0.05s
4.17.2026 14:57:32,T1,T2,0.5ft,0.05s
4.17.2026 14:57:32,T0,T1,1.9ft,0.05s
4.17.2026 14:57:32,T0,T2,2.4ft,0.05s
4.17.2026 14:57:32,T1,T2,0.5ft,0.05s
4.17.2026 14:57:33,T0,T1,1.9ft,0.05s
4.17.2026 14:57:33,T0,T2,2.3ft,0.05s
4.17.2026 14:57:33,T1,T2,0.5ft,0.05s
4.17.2026 14:57:33,T0,T1,1.9ft,0.05s
4.17.2026 14:57:33,T0,T2,2.3ft,0.05s
4.17.2026 14:57:33,T1,T2,0.5ft,0.05s
4.17.2026 14:57:33,T0,T1,1.9ft,0.05s
4.17.2026 14:57:33,T0,T2,2.2ft,0.05s
4.17.2026 14:57:33,T1,T2,0.5ft,0.05s
4.17.2026 14:57:33,T0,T1,1.9ft,0.05s
4.17.2026 14:57:33,T0,T2,2.2ft,0.05s
4.17.2026 14:57:33,T1,T2,0.6ft,0.05s
4.17.2026 14:57:33,T0,T1,2.0ft,0.05s
4.17.2026 14:57:33,T0,T2,2.2ft,0.05s
4.17.2026 14:57:33,T1,T2,0.7ft,0.05s
4.17.2026 14:57:33,T0,T1,2.0ft,0.05s
4.17.2026 14:57:33,T0,T2,2.2ft,0.05s
4.17.2026 14:57:33,T1,T2,0.8ft,0.05s
4.17.2026 14:57:33,T0,T1,2.1ft,0.05s
4.17.2026 14:57:33,T0,T2,2.3ft,0.05s
4.17.2026 14:57:33,T1,T2,0.9ft,0.05s
4.17.2026 14:57:33,T0,T1,2.1ft,0.05s
4.17.2026 14:57:33,T0,T2,2.3ft,0.05s
4.17.2026 14:57:33,T1,T2,1.0ft,0.05s
4.17.2026 14:57:33,T0,T1,2.1ft,0.05s
4.17.2026 14:57:33,T0,T2,2.4ft,0.05s
4.17.2026 14:57:33,T1,T2,1.1ft,0.05s
4.17.2026 14:57:33,T0,T1,2.1ft,0.05s
4.17.2026 14:57:33,T0,T2,2.4ft,0.05s
4.17.2026 14:57:33,T1,T2,1.2ft,0.05s
4.17.2026 14:57:33,T0,T1,2.2ft,0.05s
4.17.2026 14:57:33,T0,T2,2.5ft,0.05s
4.17.2026 14:57:33,T1,T2,1.3ft,0.05s
4.17.2026 14:57:33,T0,T1,2.2ft,0.05s
4.17.2026 14:57:33,T0,T2,2.5ft,0.05s
4.17.2026 14:57:33,T1,T2,1.3ft,0.05s
4.17.2026 14:57:33,T0,T1,2.2ft,0.05s
4.17.2026 14:57:33,T0,T2,2.6ft,0.05s
4.17.2026 14:57:33,T1,T2,1.4ft,0.05s
4.17.2026 14:57:33,T0,T1,2.2ft,0.05s
4.17.2026 14:57:33,T0,T2,2.6ft,0.05s
4.17.2026 14:57:33,T1,T2,1.5ft,0.05s
4.17.2026 14:57:33,T0,T1,2.2ft,0.05s
4.17.2026 14:57:33,T0,T2,2.6ft,0.05s
4.17.2026 14:57:33,T1,T2,1.5ft,0.05s
4.17.2026 14:57:33,T0,T1,2.2ft,0.05s
4.17.2026 14:57:33,T0,T2,2.6ft,0.05s
4.17.2026 14:57:33,T1,T2,1.5ft,0.05s
4.17.2026 14:57:33,T0,T1,2.2ft,0.05s
4.17.2026 14:57:33,T0,T2,2.5ft,0.05s
4.17.2026 14:57:33,T1,T2,1.5ft,0.05s
4.17.2026 14:57:33,T0,T1,2.2ft,0.05s
4.17.2026 14:57:33,T0,T2,2.4ft,0.05s
4.17.2026 14:57:33,T1,T2,1.4ft,0.05s
4.17.2026 14:57:33,T0,T1,2.2ft,0.05s
4.17.2026 14:57:33,T0,T2,2.3ft,0.05s
4.17.2026 14:57:33,T1,T2,1.4ft,0.05s
4.17.2026 14:57:33,T0,T1,2.2ft,0.05s
4.17.2026 14:57:33,T0,T2,2.2ft,0.05s
4.17.2026 14:57:33,T1,T2,1.3ft,0.05s
4.17.2026 14:57:34,T0,T1,2.1ft,0.05s
4.17.2026 14:57:34,T0,T2,2.0ft,0.05s
4.17.2026 14:57:34,T1,T2,1.3ft,0.05s
4.17.2026 14:57:34,T0,T1,2.1ft,0.05s
4.17.2026 14:57:34,T0,T2,1.9ft,0.05s
4.17.2026 14:57:34,T1,T2,1.2ft,0.05s
4.17.2026 14:57:34,T0,T1,2.1ft,0.05s
4.17.2026 14:57:34,T0,T2,1.8ft,0.05s
4.17.2026 14:57:34,T1,T2,1.1ft,0.05s
4.17.2026 14:57:34,T0,T1,2.1ft,0.05s
4.17.2026 14:57:34,T0,T2,1.7ft,0.05s
4.17.2026 14:57:34,T1,T2,1.1ft,0.05s
4.17.2026 14:57:34,T0,T1,2.1ft,0.05s
4.17.2026 14:57:34,T0,T2,1.6ft,0.05s
4.17.2026 14:57:34,T1,T2,1.0ft,0.05s
4.17.2026 14:57:34,T0,T1,2.1ft,0.05s
4.17.2026 14:57:34,T0,T2,1.6ft,0.05s
4.17.2026 14:57:34,T1,T2,1.0ft,0.05s
4.17.2026 14:57:34,T0,T1,2.1ft,0.05s
4.17.2026 14:57:34,T0,T2,1.6ft,0.05s
4.17.2026 14:57:34,T1,T2,0.9ft,0.05s
4.17.2026 14:57:34,T0,T1,2.1ft,0.05s
4.17.2026 14:57:34,T0,T2,1.6ft,0.05s
4.17.2026 14:57:34,T1,T2,0.8ft,0.05s
4.17.2026 14:57:34,T0,T1,1.9ft,0.05s
4.17.2026 14:57:34,T0,T2,1.6ft,0.05s
4.17.2026 14:57:34,T1,T2,0.6ft,0.05s
4.17.2026 14:57:34,T0,T1,1.7ft,0.05s
4.17.2026 14:57:34,T0,T2,1.7ft,0.05s
4.17.2026 14:57:34,T1,T2,0.4ft,0.05s
4.17.2026 14:57:34,T0,T1,1.6ft,0.05s
4.17.2026 14:57:34,T0,T2,1.7ft,0.05s
4.17.2026 14:57:34,T1,T2,0.4ft,0.05s
4.17.2026 14:57:34,T0,T1,1.4ft,0.05s
4.17.2026 14:57:34,T0,T2,1.8ft,0.05s
4.17.2026 14:57:34,T1,T2,0.5ft,0.05s
4.17.2026 14:57:34,T0,T1,1.2ft,0.05s
4.17.2026 14:57:34,T0,T2,1.8ft,0.05s
4.17.2026 14:57:34,T1,T2,0.6ft,0.05s
4.17.2026 14:57:34,T0,T1,1.0ft,0.05s
4.17.2026 14:57:34,T0,T2,1.8ft,0.05s
4.17.2026 14:57:34,T1,T2,0.8ft,0.05s
4.17.2026 14:57:34,T0,T1,0.9ft,0.05s
4.17.2026 14:57:34,T0,T2,1.9ft,0.05s
4.17.2026 14:57:34,T1,T2,1.0ft,0.05s
4.17.2026 14:57:34,T0,T1,0.7ft,0.05s
4.17.2026 14:57:34,T0,T2,1.9ft,0.05s
4.17.2026 14:57:34,T1,T2,1.2ft,0.05s
4.17.2026 14:57:34,T0,T1,0.7ft,0.05s
4.17.2026 14:57:34,T0,T2,1.9ft,0.05s
4.17.2026 14:57:34,T1,T2,1.4ft,0.05s
4.17.2026 14:57:34,T0,T1,0.7ft,0.05s
4.17.2026 14:57:34,T0,T2,1.9ft,0.05s
4.17.2026 14:57:34,T1,T2,1.5ft,0.05s
4.17.2026 14:57:34,T0,T1,0.7ft,0.05s
4.17.2026 14:57:34,T0,T2,1.9ft,0.05s
4.17.2026 14:57:34,T1,T2,1.6ft,0.05s
4.17.2026 14:57:34,T0,T1,0.7ft,0.05s
4.17.2026 14:57:34,T0,T2,2.0ft,0.05s
4.17.2026 14:57:34,T1,T2,1.7ft,0.05s
4.17.2026 14:57:35,T0,T1,0.7ft,0.05s
4.17.2026 14:57:35,T0,T2,2.0ft,0.05s
4.17.2026 14:57:35,T1,T2,1.8ft,0.05s
4.17.2026 14:57:35,T0,T1,0.7ft,0.05s
4.17.2026 14:57:35,T0,T2,2.0ft,0.05s
4.17.2026 14:57:35,T1,T2,1.8ft,0.05s
4.17.2026 14:57:35,T0,T1,0.7ft,0.05s
4.17.2026 14:57:35,T0,T2,2.1ft,0.05s
4.17.2026 14:57:35,T1,T2,1.8ft,0.05s
4.17.2026 14:57:35,T0,T1,0.7ft,0.05s
4.17.2026 14:57:35,T0,T2,2.1ft,0.05s
4.17.2026 14:57:35,T1,T2,1.8ft,0.05s
4.17.2026 14:57:35,T0,T1,0.6ft,0.05s
4.17.2026 14:57:35,T0,T2,2.1ft,0.05s
4.17.2026 14:57:35,T1,T2,1.8ft,0.05s
4.17.2026 14:57:35,T0,T1,0.6ft,0.05s
4.17.2026 14:57:35,T0,T2,2.2ft,0.05s
4.17.2026 14:57:35,T1,T2,1.8ft,0.05s
4.17.2026 14:57:35,T0,T1,0.6ft,0.05s
4.17.2026 14:57:35,T0,T2,2.2ft,0.05s
4.17.2026 14:57:35,T1,T2,1.7ft,0.05s
4.17.2026 14:57:35,T0,T1,0.6ft,0.05s
4.17.2026 14:57:35,T0,T2,2.2ft,0.05s
4.17.2026 14:57:35,T1,T2,1.7ft,0.05s
4.17.2026 14:57:35,T0,T1,0.6ft,0.05s
4.17.2026 14:57:35,T0,T2,2.3ft,0.05s
4.17.2026 14:57:35,T1,T2,1.7ft,0.05s
4.17.2026 14:57:35,T0,T1,0.6ft,0.05s
4.17.2026 14:57:35,T0,T2,2.4ft,0.05s
4.17.2026 14:57:35,T1,T2,1.8ft,0.05s
4.17.2026 14:57:35,T0,T1,0.6ft,0.05s
4.17.2026 14:57:35,T0,T2,2.5ft,0.05s
4.17.2026 14:57:35,T1,T2,1.9ft,0.05s
4.17.2026 14:57:35,T0,T1,0.6ft,0.05s
4.17.2026 14:57:35,T0,T2,2.5ft,0.05s
4.17.2026 14:57:35,T1,T2,1.9ft,0.05s
4.17.2026 14:57:35,T0,T1,0.5ft,0.05s
4.17.2026 14:57:35,T0,T2,2.6ft,0.05s
4.17.2026 14:57:35,T1,T2,2.1ft,0.05s
4.17.2026 14:57:35,T0,T1,0.5ft,0.05s
4.17.2026 14:57:35,T0,T2,2.6ft,0.05s
4.17.2026 14:57:35,T1,T2,2.1ft,0.05s
4.17.2026 14:57:35,T0,T1,0.6ft,0.05s
4.17.2026 14:57:35,T0,T2,2.6ft,0.05s
4.17.2026 14:57:35,T1,T2,2.0ft,0.05s
4.17.2026 14:57:35,T0,T1,0.6ft,0.05s
4.17.2026 14:57:35,T0,T2,2.6ft,0.05s
4.17.2026 14:57:35,T1,T2,2.0ft,0.05s
4.17.2026 14:57:35,T0,T1,0.7ft,0.05s
4.17.2026 14:57:35,T0,T2,2.5ft,0.05s
4.17.2026 14:57:35,T1,T2,1.9ft,0.05s
4.17.2026 14:57:35,T0,T1,0.7ft,0.05s
4.17.2026 14:57:35,T0,T2,2.4ft,0.05s
4.17.2026 14:57:35,T1,T2,1.8ft,0.05s
4.17.2026 14:57:35,T0,T1,0.7ft,0.05s
4.17.2026 14:57:35,T0,T2,2.4ft,0.05s
4.17.2026 14:57:35,T1,T2,1.8ft,0.05s
4.17.2026 14:57:36,T0,T1,0.7ft,0.05s
4.17.2026 14:57:36,T0,T2,2.3ft,0.05s
4.17.2026 14:57:36,T1,T2,1.8ft,0.05s
4.17.2026 14:57:36,T0,T1,0.7ft,0.05s
4.17.2026 14:57:36,T0,T2,2.2ft,0.05s
4.17.2026 14:57:36,T1,T2,1.7ft,0.05s
4.17.2026 14:57:36,T0,T1,0.7ft,0.05s
4.17.2026 14:57:36,T0,T2,2.2ft,0.05s
4.17.2026 14:57:36,T1,T2,1.6ft,0.05s
4.17.2026 14:57:36,T0,T1,0.7ft,0.05s
4.17.2026 14:57:36,T0,T2,2.1ft,0.05s
4.17.2026 14:57:36,T1,T2,1.6ft,0.05s
4.17.2026 14:57:36,T0,T1,0.7ft,0.05s
4.17.2026 14:57:36,T0,T2,2.0ft,0.05s
4.17.2026 14:57:36,T1,T2,1.5ft,0.05s
4.17.2026 14:57:36,T0,T1,0.8ft,0.05s
4.17.2026 14:57:36,T0,T2,1.9ft,0.05s
4.17.2026 14:57:36,T1,T2,1.3ft,0.05s
4.17.2026 14:57:36,T0,T1,0.8ft,0.05s
4.17.2026 14:57:36,T0,T2,1.9ft,0.05s
4.17.2026 14:57:36,T1,T2,1.1ft,0.05s
4.17.2026 14:57:36,T0,T1,0.8ft,0.05s
4.17.2026 14:57:36,T0,T2,1.8ft,0.05s
4.17.2026 14:57:36,T1,T2,1.0ft,0.05s
4.17.2026 14:57:36,T0,T1,0.8ft,0.05s
4.17.2026 14:57:36,T0,T2,1.7ft,0.05s
4.17.2026 14:57:36,T1,T2,0.9ft,0.05s
4.17.2026 14:57:36,T0,T1,0.9ft,0.05s
4.17.2026 14:57:36,T0,T2,1.6ft,0.05s
4.17.2026 14:57:36,T1,T2,0.8ft,0.05s
4.17.2026 14:57:36,T0,T1,1.0ft,0.05s
4.17.2026 14:57:36,T0,T2,1.6ft,0.05s
4.17.2026 14:57:36,T1,T2,0.7ft,0.05s
4.17.2026 14:57:36,T0,T1,1.0ft,0.05s
4.17.2026 14:57:36,T0,T2,1.6ft,0.05s
4.17.2026 14:57:36,T1,T2,0.7ft,0.05s
4.17.2026 14:57:36,T0,T1,1.1ft,0.05s
4.17.2026 14:57:36,T0,T2,1.5ft,0.05s
4.17.2026 14:57:36,T1,T2,0.7ft,0.05s
4.17.2026 14:57:36,T0,T1,1.2ft,0.05s
4.17.2026 14:57:36,T0,T2,1.5ft,0.05s
4.17.2026 14:57:36,T1,T2,0.7ft,0.05s
4.17.2026 14:57:36,T0,T1,1.2ft,0.05s
4.17.2026 14:57:36,T0,T2,1.5ft,0.05s
4.17.2026 14:57:36,T1,T2,0.8ft,0.05s
4.17.2026 14:57:36,T0,T1,1.3ft,0.05s
4.17.2026 14:57:36,T0,T2,1.5ft,0.05s
4.17.2026 14:57:36,T1,T2,0.8ft,0.05s
4.17.2026 14:57:36,T0,T1,1.4ft,0.05s
4.17.2026 14:57:36,T0,T2,1.5ft,0.05s
4.17.2026 14:57:36,T1,T2,0.9ft,0.05s
4.17.2026 14:57:36,T0,T1,1.4ft,0.05s
4.17.2026 14:57:36,T0,T2,1.5ft,0.05s
4.17.2026 14:57:36,T1,T2,0.9ft,0.05s
4.17.2026 14:57:36,T0,T1,1.5ft,0.05s
4.17.2026 14:57:36,T0,T2,1.5ft,0.05s
4.17.2026 14:57:36,T1,T2,1.0ft,0.05s
4.17.2026 14:57:36,T0,T1,1.5ft,0.05s
4.17.2026 14:57:36,T0,T2,1.5ft,0.05s
4.17.2026 14:57:36,T1,T2,1.0ft,0.05s
4.17.2026 14:57:37,T0,T1,1.6ft,0.05s
4.17.2026 14:57:37,T0,T2,1.5ft,0.05s
4.17.2026 14:57:37,T1,T2,1.1ft,0.05s
4.17.2026 14:57:37,T0,T1,1.6ft,0.05s
4.17.2026 14:57:37,T0,T2,1.5ft,0.05s
4.17.2026 14:57:37,T1,T2,1.1ft,0.05s
4.17.2026 14:57:37,T0,T1,1.6ft,0.05s
4.17.2026 14:57:37,T0,T2,1.5ft,0.05s
4.17.2026 14:57:37,T1,T2,1.1ft,0.05s
4.17.2026 14:57:37,T0,T1,1.6ft,0.05s
4.17.2026 14:57:37,T0,T2,1.5ft,0.05s
4.17.2026 14:57:37,T1,T2,1.1ft,0.05s
4.17.2026 14:57:37,T0,T1,1.7ft,0.05s
4.17.2026 14:57:37,T0,T2,1.4ft,0.05s
4.17.2026 14:57:37,T1,T2,1.1ft,0.05s
4.17.2026 14:57:37,T0,T1,1.7ft,0.05s
4.17.2026 14:57:37,T0,T2,1.4ft,0.05s
4.17.2026 14:57:37,T1,T2,1.1ft,0.05s
4.17.2026 14:57:37,T0,T1,1.7ft,0.05s
4.17.2026 14:57:37,T0,T2,1.4ft,0.05s
4.17.2026 14:57:37,T1,T2,1.1ft,0.05s
4.17.2026 14:57:37,T0,T1,1.7ft,0.05s
4.17.2026 14:57:37,T0,T2,1.4ft,0.05s
4.17.2026 14:57:37,T1,T2,1.1ft,0.05s
4.17.2026 14:57:37,T0,T1,1.8ft,0.05s
4.17.2026 14:57:37,T0,T2,1.4ft,0.05s
4.17.2026 14:57:37,T1,T2,1.1ft,0.05s
4.17.2026 14:57:37,T0,T1,1.8ft,0.05s
4.17.2026 14:57:37,T0,T2,1.4ft,0.05s
4.17.2026 14:57:37,T1,T2,1.1ft,0.05s
4.17.2026 14:57:37,T0,T1,1.8ft,0.05s
4.17.2026 14:57:37,T0,T2,1.4ft,0.05s
4.17.2026 14:57:37,T1,T2,1.2ft,0.05s
4.17.2026 14:57:37,T0,T1,1.8ft,0.05s
4.17.2026 14:57:37,T0,T2,1.4ft,0.05s
4.17.2026 14:57:37,T1,T2,1.2ft,0.05s
4.17.2026 14:57:37,T0,T1,1.9ft,0.05s
4.17.2026 14:57:37,T0,T2,1.5ft,0.05s
4.17.2026 14:57:37,T1,T2,1.2ft,0.05s
4.17.2026 14:57:37,T0,T1,1.9ft,0.05s
4.17.2026 14:57:37,T0,T2,1.6ft,0.05s
4.17.2026 14:57:37,T1,T2,1.2ft,0.05s
4.17.2026 14:57:37,T0,T1,1.9ft,0.05s
4.17.2026 14:57:37,T0,T2,1.6ft,0.05s
4.17.2026 14:57:37,T1,T2,1.2ft,0.05s
4.17.2026 14:57:37,T0,T1,1.9ft,0.05s
4.17.2026 14:57:37,T0,T2,1.7ft,0.05s
4.17.2026 14:57:37,T1,T2,1.3ft,0.05s
4.17.2026 14:57:37,T0,T1,2.0ft,0.05s
4.17.2026 14:57:37,T0,T2,1.7ft,0.05s
4.17.2026 14:57:37,T1,T2,1.2ft,0.05s
4.17.2026 14:57:37,T0,T1,2.0ft,0.05s
4.17.2026 14:57:37,T0,T2,1.7ft,0.05s
4.17.2026 14:57:37,T1,T2,1.2ft,0.05s
4.17.2026 14:57:37,T0,T1,2.0ft,0.05s
4.17.2026 14:57:37,T0,T2,1.7ft,0.05s
4.17.2026 14:57:37,T1,T2,1.2ft,0.05s
4.17.2026 14:57:37,T0,T1,2.0ft,0.05s
4.17.2026 14:57:37,T0,T2,1.7ft,0.05s
4.17.2026 14:57:37,T1,T2,1.2ft,0.05s
4.17.2026 14:57:38,T0,T1,2.1ft,0.05s
4.17.2026 14:57:38,T0,T2,1.7ft,0.05s
4.17.2026 14:57:38,T1,T2,1.2ft,0.05s
4.17.2026 14:57:38,T0,T1,2.1ft,0.05s
4.17.2026 14:57:38,T0,T2,1.8ft,0.05s
4.17.2026 14:57:38,T1,T2,1.2ft,0.05s
4.17.2026 14:57:38,T0,T1,2.1ft,0.05s
4.17.2026 14:57:38,T0,T2,1.8ft,0.05s
4.17.2026 14:57:38,T1,T2,1.2ft,0.05s
4.17.2026 14:57:38,T0,T1,2.1ft,0.05s
4.17.2026 14:57:38,T0,T2,1.8ft,0.05s
4.17.2026 14:57:38,T1,T2,1.1ft,0.05s
4.17.2026 14:57:38,T0,T1,2.1ft,0.05s
4.17.2026 14:57:38,T0,T2,1.9ft,0.05s
4.17.2026 14:57:38,T1,T2,1.1ft,0.05s
4.17.2026 14:57:38,T0,T1,2.1ft,0.05s
4.17.2026 14:57:38,T0,T2,1.9ft,0.05s
4.17.2026 14:57:38,T1,T2,1.2ft,0.05s
4.17.2026 14:57:38,T0,T1,2.2ft,0.05s
4.17.2026 14:57:38,T0,T2,2.0ft,0.05s
4.17.2026 14:57:38,T1,T2,1.2ft,0.05s
4.17.2026 14:57:38,T0,T1,2.2ft,0.05s
4.17.2026 14:57:38,T0,T2,2.0ft,0.05s
4.17.2026 14:57:38,T1,T2,1.2ft,0.05s
4.17.2026 14:57:38,T0,T1,2.2ft,0.05s
4.17.2026 14:57:38,T0,T2,2.1ft,0.05s
4.17.2026 14:57:38,T1,T2,1.2ft,0.05s
4.17.2026 14:57:38,T0,T1,2.2ft,0.05s
4.17.2026 14:57:38,T0,T2,2.1ft,0.05s
4.17.2026 14:57:38,T1,T2,1.2ft,0.05s
4.17.2026 14:57:38,T0,T1,2.1ft,0.05s
4.17.2026 14:57:38,T0,T2,2.2ft,0.05s
4.17.2026 14:57:38,T1,T2,1.3ft,0.05s
4.17.2026 14:57:38,T0,T1,2.1ft,0.05s
4.17.2026 14:57:38,T0,T2,2.2ft,0.05s
4.17.2026 14:57:38,T1,T2,1.3ft,0.05s
4.17.2026 14:57:38,T0,T1,2.1ft,0.05s
4.17.2026 14:57:38,T0,T2,2.2ft,0.05s
4.17.2026 14:57:38,T1,T2,1.3ft,0.05s
4.17.2026 14:57:38,T0,T1,2.1ft,0.05s
4.17.2026 14:57:38,T0,T2,2.2ft,0.05s
4.17.2026 14:57:38,T1,T2,1.3ft,0.05s
4.17.2026 14:57:38,T0,T1,2.2ft,0.05s
4.17.2026 14:57:38,T0,T2,2.3ft,0.05s
4.17.2026 14:57:38,T1,T2,1.4ft,0.05s
4.17.2026 14:57:38,T0,T1,2.2ft,0.05s
4.17.2026 14:57:38,T0,T2,2.4ft,0.05s
4.17.2026 14:57:38,T1,T2,1.4ft,0.05s
4.17.2026 14:57:38,T0,T1,2.2ft,0.05s
4.17.2026 14:57:38,T0,T2,2.4ft,0.05s
4.17.2026 14:57:38,T1,T2,1.4ft,0.05s
4.17.2026 14:57:38,T0,T1,2.2ft,0.05s
4.17.2026 14:57:38,T0,T2,2.4ft,0.05s
4.17.2026 14:57:38,T1,T2,1.4ft,0.05s
4.17.2026 14:57:38,T0,T1,2.2ft,0.05s
4.17.2026 14:57:38,T0,T2,2.4ft,0.05s
4.17.2026 14:57:38,T1,T2,1.4ft,0.05s
4.17.2026 14:57:38,T0,T1,2.3ft,0.05s
4.17.2026 14:57:38,T0,T2,2.4ft,0.05s
4.17.2026 14:57:38,T1,T2,1.3ft,0.05s
4.17.2026 14:57:39,T0,T1,2.3ft,0.05s
4.17.2026 14:57:39,T0,T2,2.4ft,0.05s
4.17.2026 14:57:39,T1,T2,1.3ft,0.05s
4.17.2026 14:57:39,T0,T1,2.3ft,0.05s
4.17.2026 14:57:39,T0,T2,2.5ft,0.05s
4.17.2026 14:57:39,T1,T2,1.3ft,0.05s
4.17.2026 14:57:39,T0,T1,2.4ft,0.05s
4.17.2026 14:57:39,T0,T2,2.6ft,0.05s
4.17.2026 14:57:39,T1,T2,1.4ft,0.05s
4.17.2026 14:57:39,T0,T1,2.4ft,0.05s
4.17.2026 14:57:39,T0,T2,2.7ft,0.05s
4.17.2026 14:57:39,T1,T2,1.4ft,0.05s
4.17.2026 14:57:39,T0,T1,2.4ft,0.05s
4.17.2026 14:57:39,T0,T2,2.8ft,0.05s
4.17.2026 14:57:39,T1,T2,1.5ft,0.05s
4.17.2026 14:57:39,T0,T1,2.3ft,0.05s
4.17.2026 14:57:39,T0,T2,2.9ft,0.05s
4.17.2026 14:57:39,T1,T2,1.6ft,0.05s
4.17.2026 14:57:39,T0,T1,2.3ft,0.05s
4.17.2026 14:57:39,T0,T2,3.1ft,0.05s
4.17.2026 14:57:39,T1,T2,1.7ft,0.05s
4.17.2026 14:57:39,T0,T1,2.3ft,0.05s
4.17.2026 14:57:39,T0,T2,3.1ft,0.05s
4.17.2026 14:57:39,T1,T2,1.8ft,0.05s
4.17.2026 14:57:39,T0,T1,2.3ft,0.05s
4.17.2026 14:57:39,T0,T2,3.1ft,0.05s
4.17.2026 14:57:39,T1,T2,1.7ft,0.05s
4.17.2026 14:57:39,T0,T1,2.3ft,0.05s
4.17.2026 14:57:39,T0,T2,3.0ft,0.05s
4.17.2026 14:57:39,T1,T2,1.7ft,0.05s
4.17.2026 14:57:39,T0,T1,2.3ft,0.05s
4.17.2026 14:57:39,T0,T2,3.0ft,0.05s
4.17.2026 14:57:39,T1,T2,1.7ft,0.05s
4.17.2026 14:57:39,T0,T1,2.3ft,0.05s
4.17.2026 14:57:39,T0,T2,2.9ft,0.05s
4.17.2026 14:57:39,T1,T2,1.7ft,0.05s
4.17.2026 14:57:39,T0,T1,2.3ft,0.05s
4.17.2026 14:57:39,T0,T2,2.9ft,0.05s
4.17.2026 14:57:39,T1,T2,1.7ft,0.05s
4.17.2026 14:57:39,T0,T1,2.3ft,0.05s
4.17.2026 14:57:39,T0,T2,2.9ft,0.05s
4.17.2026 14:57:39,T1,T2,1.7ft,0.05s
4.17.2026 14:57:39,T0,T1,2.3ft,0.05s
4.17.2026 14:57:39,T0,T2,2.9ft,0.05s
4.17.2026 14:57:39,T1,T2,1.6ft,0.05s
4.17.2026 14:57:39,T0,T1,2.3ft,0.05s
4.17.2026 14:57:39,T0,T2,2.9ft,0.05s
4.17.2026 14:57:39,T1,T2,1.6ft,0.05s
4.17.2026 14:57:39,T0,T1,2.3ft,0.05s
4.17.2026 14:57:39,T0,T2,2.9ft,0.05s
4.17.2026 14:57:39,T1,T2,1.6ft,0.05s
4.17.2026 14:57:39,T0,T1,2.4ft,0.05s
4.17.2026 14:57:39,T0,T2,2.9ft,0.05s
4.17.2026 14:57:39,T1,T2,1.6ft,0.05s
4.17.2026 14:57:39,T0,T1,2.4ft,0.05s
4.17.2026 14:57:39,T0,T2,2.8ft,0.05s
4.17.2026 14:57:39,T1,T2,1.6ft,0.05s
4.17.2026 14:57:40,T0,T1,2.4ft,0.05s
4.17.2026 14:57:40,T0,T2,2.8ft,0.05s
4.17.2026 14:57:40,T1,T2,1.5ft,0.05s
4.17.2026 14:57:40,T0,T1,2.4ft,0.05s
4.17.2026 14:57:40,T0,T2,2.7ft,0.05s
4.17.2026 14:57:40,T1,T2,1.5ft,0.05s
4.17.2026 14:57:40,T0,T1,2.4ft,0.05s
4.17.2026 14:57:40,T0,T2,2.8ft,0.05s
4.17.2026 14:57:40,T1,T2,1.5ft,0.05s
4.17.2026 14:57:40,T0,T1,2.5ft,0.05s
4.17.2026 14:57:40,T0,T2,2.8ft,0.05s
4.17.2026 14:57:40,T1,T2,1.5ft,0.05s
4.17.2026 14:57:40,T0,T1,2.5ft,0.05s
4.17.2026 14:57:40,T0,T2,2.8ft,0.05s
4.17.2026 14:57:40,T1,T2,1.4ft,0.05s
4.17.2026 14:57:40,T0,T1,2.5ft,0.05s
4.17.2026 14:57:40,T0,T2,2.8ft,0.05s
4.17.2026 14:57:40,T1,T2,1.4ft,0.05s
4.17.2026 14:57:40,T0,T1,2.5ft,0.05s
4.17.2026 14:57:40,T0,T2,2.9ft,0.05s
4.17.2026 14:57:40,T1,T2,1.4ft,0.05s
4.17.2026 14:57:40,T0,T1,2.4ft,0.05s
4.17.2026 14:57:40,T0,T2,2.9ft,0.05s
4.17.2026 14:57:40,T1,T2,1.3ft,0.05s
4.17.2026 14:57:40,T0,T1,2.2ft,0.05s
4.17.2026 14:57:40,T0,T2,2.9ft,0.05s
4.17.2026 14:57:40,T1,T2,1.3ft,0.05s
4.17.2026 14:57:40,T0,T1,2.1ft,0.05s
4.17.2026 14:57:40,T0,T2,2.9ft,0.05s
4.17.2026 14:57:40,T1,T2,1.3ft,0.05s
4.17.2026 14:57:40,T0,T1,2.0ft,0.05s
4.17.2026 14:57:40,T0,T2,3.0ft,0.05s
4.17.2026 14:57:40,T1,T2,1.4ft,0.05s
4.17.2026 14:57:40,T0,T1,1.9ft,0.05s
4.17.2026 14:57:40,T0,T2,3.0ft,0.05s
4.17.2026 14:57:40,T1,T2,1.4ft,0.05s
4.17.2026 14:57:40,T0,T1,1.9ft,0.05s
4.17.2026 14:57:40,T0,T2,3.0ft,0.05s
4.17.2026 14:57:40,T1,T2,1.4ft,0.05s
4.17.2026 14:57:40,T0,T1,1.8ft,0.05s
4.17.2026 14:57:40,T0,T2,3.0ft,0.05s
4.17.2026 14:57:40,T1,T2,1.5ft,0.05s
4.17.2026 14:57:40,T0,T1,1.8ft,0.05s
4.17.2026 14:57:40,T0,T2,2.9ft,0.05s
4.17.2026 14:57:40,T1,T2,1.5ft,0.05s
4.17.2026 14:57:40,T0,T1,1.7ft,0.05s
4.17.2026 14:57:40,T0,T2,2.9ft,0.05s
4.17.2026 14:57:40,T1,T2,1.5ft,0.05s
4.17.2026 14:57:40,T0,T1,1.7ft,0.05s
4.17.2026 14:57:40,T0,T2,2.9ft,0.05s
4.17.2026 14:57:40,T1,T2,1.5ft,0.05s
4.17.2026 14:57:40,T0,T1,1.7ft,0.05s
4.17.2026 14:57:40,T0,T2,2.9ft,0.05s
4.17.2026 14:57:40,T1,T2,1.6ft,0.05s
4.17.2026 14:57:40,T0,T1,1.6ft,0.05s
4.17.2026 14:57:40,T0,T2,2.9ft,0.05s
4.17.2026 14:57:40,T1,T2,1.6ft,0.05s
4.17.2026 14:57:40,T0,T1,1.6ft,0.05s
4.17.2026 14:57:40,T0,T2,2.9ft,0.05s
4.17.2026 14:57:40,T1,T2,1.6ft,0.05s
4.17.2026 14:57:41,T0,T1,1.6ft,0.05s
4.17.2026 14:57:41,T0,T2,2.9ft,0.05s
4.17.2026 14:57:41,T1,T2,1.7ft,0.05s
4.17.2026 14:57:41,T0,T1,1.6ft,0.05s
4.17.2026 14:57:41,T0,T2,2.9ft,0.05s
4.17.2026 14:57:41,T1,T2,1.8ft,0.05s
4.17.2026 14:57:41,T0,T1,1.7ft,0.05s
4.17.2026 14:57:41,T0,T2,2.9ft,0.05s
4.17.2026 14:57:41,T1,T2,1.8ft,0.05s
4.17.2026 14:57:41,T0,T1,1.7ft,0.05s
4.17.2026 14:57:41,T0,T2,3.0ft,0.05s
4.17.2026 14:57:41,T1,T2,1.8ft,0.05s
4.17.2026 14:57:41,T0,T1,1.7ft,0.05s
4.17.2026 14:57:41,T0,T2,3.0ft,0.05s
4.17.2026 14:57:41,T1,T2,1.9ft,0.05s
4.17.2026 14:57:41,T0,T1,1.7ft,0.05s
4.17.2026 14:57:41,T0,T2,3.0ft,0.05s
4.17.2026 14:57:41,T1,T2,1.9ft,0.05s
4.17.2026 14:57:41,T0,T1,1.8ft,0.05s
4.17.2026 14:57:41,T0,T2,2.9ft,0.05s
4.17.2026 14:57:41,T1,T2,1.8ft,0.05s
4.17.2026 14:57:41,T0,T1,1.9ft,0.05s
4.17.2026 14:57:41,T0,T2,2.9ft,0.05s
4.17.2026 14:57:41,T1,T2,1.8ft,0.05s
4.17.2026 14:57:41,T0,T1,1.9ft,0.05s
4.17.2026 14:57:41,T0,T2,2.9ft,0.05s
4.17.2026 14:57:41,T1,T2,1.8ft,0.05s
4.17.2026 14:57:41,T0,T1,2.0ft,0.05s
4.17.2026 14:57:41,T0,T2,2.9ft,0.05s
4.17.2026 14:57:41,T1,T2,1.7ft,0.05s
4.17.2026 14:57:41,T0,T1,2.0ft,0.05s
4.17.2026 14:57:41,T0,T2,2.9ft,0.05s
4.17.2026 14:57:41,T1,T2,1.6ft,0.05s
4.17.2026 14:57:41,T0,T1,2.0ft,0.05s
4.17.2026 14:57:41,T0,T2,2.9ft,0.05s
4.17.2026 14:57:41,T1,T2,1.5ft,0.05s
4.17.2026 14:57:41,T0,T1,1.9ft,0.05s
4.17.2026 14:57:41,T0,T2,2.9ft,0.05s
4.17.2026 14:57:41,T1,T2,1.4ft,0.05s
4.17.2026 14:57:41,T0,T1,1.9ft,0.05s
4.17.2026 14:57:41,T0,T2,2.9ft,0.05s
4.17.2026 14:57:41,T1,T2,1.4ft,0.05s
4.17.2026 14:57:41,T0,T1,1.8ft,0.05s
4.17.2026 14:57:41,T0,T2,2.8ft,0.05s
4.17.2026 14:57:41,T1,T2,1.4ft,0.05s
4.17.2026 14:57:41,T0,T1,1.8ft,0.05s
4.17.2026 14:57:41,T0,T2,2.8ft,0.05s
4.17.2026 14:57:41,T1,T2,1.4ft,0.05s
4.17.2026 14:57:41,T0,T1,1.8ft,0.05s
4.17.2026 14:57:41,T0,T2,2.8ft,0.05s
4.17.2026 14:57:41,T1,T2,1.3ft,0.05s
4.17.2026 14:57:41,T0,T1,1.8ft,0.05s
4.17.2026 14:57:41,T0,T2,2.7ft,0.05s
4.17.2026 14:57:41,T1,T2,1.3ft,0.05s
4.17.2026 14:57:41,T0,T1,1.8ft,0.05s
4.17.2026 14:57:41,T0,T2,2.7ft,0.05s
4.17.2026 14:57:41,T1,T2,1.3ft,0.05s
4.17.2026 14:57:41,T0,T1,1.9ft,0.05s
4.17.2026 14:57:41,T0,T2,2.7ft,0.05s
4.17.2026 14:57:41,T1,T2,1.3ft,0.05s
4.17.2026 14:57:42,T0,T1,1.9ft,0.05s
4.17.2026 14:57:42,T0,T2,2.7ft,0.05s
4.17.2026 14:57:42,T1,T2,1.3ft,0.05s
4.17.2026 14:57:42,T0,T1,2.0ft,0.05s
4.17.2026 14:57:42,T0,T2,2.7ft,0.05s
4.17.2026 14:57:42,T1,T2,1.2ft,0.05s
4.17.2026 14:57:42,T0,T1,2.0ft,0.05s
4.17.2026 14:57:42,T0,T2,2.7ft,0.05s
4.17.2026 14:57:42,T1,T2,1.2ft,0.05s
4.17.2026 14:57:42,T0,T1,2.1ft,0.05s
4.17.2026 14:57:42,T0,T2,2.7ft,0.05s
4.17.2026 14:57:42,T1,T2,1.2ft,0.05s
4.17.2026 14:57:42,T0,T1,2.1ft,0.05s
4.17.2026 14:57:42,T0,T2,2.7ft,0.05s
4.17.2026 14:57:42,T1,T2,1.2ft,0.05s
4.17.2026 14:57:42,T0,T1,2.1ft,0.05s
4.17.2026 14:57:42,T0,T2,2.6ft,0.05s
4.17.2026 14:57:42,T1,T2,1.2ft,0.05s
4.17.2026 14:57:42,T0,T1,2.1ft,0.05s
4.17.2026 14:57:42,T0,T2,2.6ft,0.05s
4.17.2026 14:57:42,T1,T2,1.2ft,0.05s
4.17.2026 14:57:42,T0,T1,2.0ft,0.05s
4.17.2026 14:57:42,T0,T2,2.6ft,0.05s
4.17.2026 14:57:42,T1,T2,1.2ft,0.05s
4.17.2026 14:57:42,T0,T1,2.0ft,0.05s
4.17.2026 14:57:42,T0,T2,2.6ft,0.05s
4.17.2026 14:57:42,T1,T2,1.2ft,0.05s
4.17.2026 14:57:42,T0,T1,1.9ft,0.05s
4.17.2026 14:57:42,T0,T2,2.6ft,0.05s
4.17.2026 14:57:42,T1,T2,1.2ft,0.05s
4.17.2026 14:57:42,T0,T1,1.8ft,0.05s
4.17.2026 14:57:42,T0,T2,2.6ft,0.05s
4.17.2026 14:57:42,T1,T2,1.2ft,0.05s
4.17.2026 14:57:42,T0,T1,1.7ft,0.05s
4.17.2026 14:57:42,T0,T2,2.6ft,0.05s
4.17.2026 14:57:42,T1,T2,1.2ft,0.05s
4.17.2026 14:57:42,T0,T1,1.6ft,0.05s
4.17.2026 14:57:42,T0,T2,2.5ft,0.05s
4.17.2026 14:57:42,T1,T2,1.2ft,0.05s
4.17.2026 14:57:42,T0,T1,1.5ft,0.05s
4.17.2026 14:57:42,T0,T2,2.5ft,0.05s
4.17.2026 14:57:42,T1,T2,1.1ft,0.05s
4.17.2026 14:57:42,T0,T1,1.5ft,0.06s
4.17.2026 14:57:42,T0,T2,2.4ft,0.06s
4.17.2026 14:57:42,T1,T2,1.1ft,0.06s
4.17.2026 14:57:42,T0,T1,1.5ft,0.05s
4.17.2026 14:57:42,T0,T2,2.4ft,0.05s
4.17.2026 14:57:42,T1,T2,1.0ft,0.05s
4.17.2026 14:57:42,T0,T1,1.5ft,0.05s
4.17.2026 14:57:42,T0,T2,2.4ft,0.05s
4.17.2026 14:57:42,T1,T2,0.9ft,0.05s
4.17.2026 14:57:42,T0,T1,1.4ft,0.05s
4.17.2026 14:57:42,T0,T2,2.4ft,0.05s
4.17.2026 14:57:42,T1,T2,1.0ft,0.05s
4.17.2026 14:57:42,T0,T1,1.4ft,0.05s
4.17.2026 14:57:42,T0,T2,2.4ft,0.05s
4.17.2026 14:57:42,T1,T2,1.0ft,0.05s
4.17.2026 14:57:43,T0,T1,1.4ft,0.05s
4.17.2026 14:57:43,T0,T2,2.4ft,0.05s
4.17.2026 14:57:43,T1,T2,1.1ft,0.05s
4.17.2026 14:57:43,T0,T1,1.4ft,0.05s
4.17.2026 14:57:43,T0,T2,2.4ft,0.05s
4.17.2026 14:57:43,T1,T2,1.1ft,0.05s
4.17.2026 14:57:43,T0,T1,1.4ft,0.05s
4.17.2026 14:57:43,T0,T2,2.4ft,0.05s
4.17.2026 14:57:43,T1,T2,1.1ft,0.05s
4.17.2026 14:57:43,T0,T1,1.4ft,0.05s
4.17.2026 14:57:43,T0,T2,2.4ft,0.05s
4.17.2026 14:57:43,T1,T2,1.0ft,0.05s
4.17.2026 14:57:43,T0,T1,1.4ft,0.05s
4.17.2026 14:57:43,T0,T2,2.5ft,0.05s
4.17.2026 14:57:43,T1,T2,1.1ft,0.05s
4.17.2026 14:57:43,T0,T1,1.4ft,0.05s
4.17.2026 14:57:43,T0,T2,2.5ft,0.05s
4.17.2026 14:57:43,T1,T2,1.2ft,0.05s
4.17.2026 14:57:43,T0,T1,1.4ft,0.05s
4.17.2026 14:57:43,T0,T2,2.6ft,0.05s
4.17.2026 14:57:43,T1,T2,1.3ft,0.05s
4.17.2026 14:57:43,T0,T1,1.3ft,0.05s
4.17.2026 14:57:43,T0,T2,2.7ft,0.05s
4.17.2026 14:57:43,T1,T2,1.4ft,0.05s
4.17.2026 14:57:43,T0,T1,1.4ft,0.05s
4.17.2026 14:57:43,T0,T2,2.8ft,0.05s
4.17.2026 14:57:43,T1,T2,1.5ft,0.05s
4.17.2026 14:57:43,T0,T1,1.4ft,0.05s
4.17.2026 14:57:43,T0,T2,2.8ft,0.05s
4.17.2026 14:57:43,T1,T2,1.7ft,0.05s
4.17.2026 14:57:43,T0,T1,1.4ft,0.05s
4.17.2026 14:57:43,T0,T2,2.9ft,0.05s
4.17.2026 14:57:43,T1,T2,1.8ft,0.05s
4.17.2026 14:57:43,T0,T1,1.5ft,0.05s
4.17.2026 14:57:43,T0,T2,2.9ft,0.05s
4.17.2026 14:57:43,T1,T2,1.8ft,0.05s
4.17.2026 14:57:43,T0,T1,1.5ft,0.05s
4.17.2026 14:57:43,T0,T2,2.9ft,0.05s
4.17.2026 14:57:43,T1,T2,1.9ft,0.05s
4.17.2026 14:57:43,T0,T1,1.5ft,0.05s
4.17.2026 14:57:43,T0,T2,2.9ft,0.05s
4.17.2026 14:57:43,T1,T2,1.8ft,0.05s
4.17.2026 14:57:43,T0,T1,1.4ft,0.05s
4.17.2026 14:57:43,T0,T2,2.9ft,0.05s
4.17.2026 14:57:43,T1,T2,1.8ft,0.05s
4.17.2026 14:57:43,T0,T1,1.4ft,0.05s
4.17.2026 14:57:43,T0,T2,2.9ft,0.05s
4.17.2026 14:57:43,T1,T2,1.8ft,0.05s
4.17.2026 14:57:43,T0,T1,1.5ft,0.05s
4.17.2026 14:57:43,T0,T2,2.9ft,0.05s
4.17.2026 14:57:43,T1,T2,1.7ft,0.05s
4.17.2026 14:57:43,T0,T1,1.6ft,0.05s
4.17.2026 14:57:43,T0,T2,2.9ft,0.05s
4.17.2026 14:57:43,T1,T2,1.5ft,0.05s
4.17.2026 14:57:43,T0,T1,1.6ft,0.05s
4.17.2026 14:57:43,T0,T2,2.9ft,0.05s
4.17.2026 14:57:43,T1,T2,1.4ft,0.05s
4.17.2026 14:57:43,T0,T1,1.6ft,0.05s
4.17.2026 14:57:43,T0,T2,2.9ft,0.05s
4.17.2026 14:57:43,T1,T2,1.3ft,0.05s
4.17.2026 14:57:44,T0,T1,1.6ft,0.05s
4.17.2026 14:57:44,T0,T2,2.9ft,0.05s
4.17.2026 14:57:44,T1,T2,1.3ft,0.05s
4.17.2026 14:57:44,T0,T1,1.6ft,0.05s
4.17.2026 14:57:44,T0,T2,2.8ft,0.05s
4.17.2026 14:57:44,T1,T2,1.2ft,0.05s
4.17.2026 14:57:44,T0,T1,1.6ft,0.05s
4.17.2026 14:57:44,T0,T2,2.7ft,0.05s
4.17.2026 14:57:44,T1,T2,1.1ft,0.05s
4.17.2026 14:57:44,T0,T1,1.5ft,0.05s
4.17.2026 14:57:44,T0,T2,2.6ft,0.05s
4.17.2026 14:57:44,T1,T2,1.1ft,0.05s
4.17.2026 14:57:44,T0,T1,1.5ft,0.05s
4.17.2026 14:57:44,T0,T2,2.6ft,0.05s
4.17.2026 14:57:44,T1,T2,1.1ft,0.05s
4.17.2026 14:57:44,T0,T1,1.5ft,0.05s
4.17.2026 14:57:44,T0,T2,2.5ft,0.05s
4.17.2026 14:57:44,T1,T2,1.0ft,0.05s
4.17.2026 14:57:44,T0,T1,1.5ft,0.05s
4.17.2026 14:57:44,T0,T2,2.5ft,0.05s
4.17.2026 14:57:44,T1,T2,1.0ft,0.05s
4.17.2026 14:57:44,T0,T1,1.5ft,0.05s
4.17.2026 14:57:44,T0,T2,2.5ft,0.05s
4.17.2026 14:57:44,T1,T2,1.0ft,0.05s
4.17.2026 14:57:44,T0,T1,1.5ft,0.05s
4.17.2026 14:57:44,T0,T2,2.4ft,0.05s
4.17.2026 14:57:44,T1,T2,0.9ft,0.05s
4.17.2026 14:57:44,T0,T1,1.5ft,0.05s
4.17.2026 14:57:44,T0,T2,2.4ft,0.05s
4.17.2026 14:57:44,T1,T2,0.9ft,0.05s
4.17.2026 14:57:44,T0,T1,1.5ft,0.05s
4.17.2026 14:57:44,T0,T2,2.3ft,0.05s
4.17.2026 14:57:44,T1,T2,0.8ft,0.05s
4.17.2026 14:57:44,T0,T1,1.5ft,0.05s
4.17.2026 14:57:44,T0,T2,2.3ft,0.05s
4.17.2026 14:57:44,T1,T2,0.8ft,0.05s
4.17.2026 14:57:44,T0,T1,1.5ft,0.05s
4.17.2026 14:57:44,T0,T2,2.3ft,0.05s
4.17.2026 14:57:44,T1,T2,0.8ft,0.05s
4.17.2026 14:57:44,T0,T1,1.5ft,0.05s
4.17.2026 14:57:44,T0,T2,2.3ft,0.05s
4.17.2026 14:57:44,T1,T2,0.8ft,0.05s
4.17.2026 14:57:44,T0,T1,1.5ft,0.05s
4.17.2026 14:57:44,T0,T2,2.3ft,0.05s
4.17.2026 14:57:44,T1,T2,0.8ft,0.05s
4.17.2026 14:57:44,T0,T1,1.4ft,0.05s
4.17.2026 14:57:44,T0,T2,2.2ft,0.05s
4.17.2026 14:57:44,T1,T2,0.8ft,0.05s
4.17.2026 14:57:44,T0,T1,1.4ft,0.05s
4.17.2026 14:57:44,T0,T2,2.2ft,0.05s
4.17.2026 14:57:44,T1,T2,0.8ft,0.05s
4.17.2026 14:57:44,T0,T1,1.4ft,0.05s
4.17.2026 14:57:44,T0,T2,2.2ft,0.05s
4.17.2026 14:57:44,T1,T2,0.9ft,0.05s
4.17.2026 14:57:44,T0,T1,1.4ft,0.05s
4.17.2026 14:57:44,T0,T2,2.2ft,0.05s
4.17.2026 14:57:44,T1,T2,0.9ft,0.05s
4.17.2026 14:57:44,T0,T1,1.4ft,0.05s
4.17.2026 14:57:44,T0,T2,2.3ft,0.05s
4.17.2026 14:57:44,T1,T2,1.0ft,0.05s
4.17.2026 14:57:45,T0,T1,1.4ft,0.05s
4.17.2026 14:57:45,T0,T2,2.3ft,0.05s
4.17.2026 14:57:45,T1,T2,1.0ft,0.05s
4.17.2026 14:57:45,T0,T1,1.4ft,0.05s
4.17.2026 14:57:45,T0,T2,2.4ft,0.05s
4.17.2026 14:57:45,T1,T2,1.0ft,0.05s
4.17.2026 14:57:45,T0,T1,1.5ft,0.05s
4.17.2026 14:57:45,T0,T2,2.4ft,0.05s
4.17.2026 14:57:45,T1,T2,1.0ft,0.05s
4.17.2026 14:57:45,T0,T1,1.5ft,0.05s
4.17.2026 14:57:45,T0,T2,2.3ft,0.05s
4.17.2026 14:57:45,T1,T2,0.9ft,0.05s
4.17.2026 14:57:45,T0,T1,1.6ft,0.05s
4.17.2026 14:57:45,T0,T2,2.3ft,0.05s
4.17.2026 14:57:45,T1,T2,0.8ft,0.05s
4.17.2026 14:57:45,T0,T1,1.6ft,0.05s
4.17.2026 14:57:45,T0,T2,2.3ft,0.05s
4.17.2026 14:57:45,T1,T2,0.7ft,0.05s
4.17.2026 14:57:45,T0,T1,1.6ft,0.05s
4.17.2026 14:57:45,T0,T2,2.3ft,0.05s
4.17.2026 14:57:45,T1,T2,0.7ft,0.05s
4.17.2026 14:57:45,T0,T1,1.6ft,0.05s
4.17.2026 14:57:45,T0,T2,2.4ft,0.05s
4.17.2026 14:57:45,T1,T2,0.7ft,0.05s
4.17.2026 14:57:45,T0,T1,1.6ft,0.05s
4.17.2026 14:57:45,T0,T2,2.4ft,0.05s
4.17.2026 14:57:45,T1,T2,0.8ft,0.05s
4.17.2026 14:57:45,T0,T1,1.6ft,0.05s
4.17.2026 14:57:45,T0,T2,2.4ft,0.05s
4.17.2026 14:57:45,T1,T2,0.8ft,0.05s
4.17.2026 14:57:45,T0,T1,1.7ft,0.05s
4.17.2026 14:57:45,T0,T2,2.5ft,0.05s
4.17.2026 14:57:45,T1,T2,0.9ft,0.05s
4.17.2026 14:57:45,T0,T1,1.7ft,0.05s
4.17.2026 14:57:45,T0,T2,2.5ft,0.05s
4.17.2026 14:57:45,T1,T2,0.9ft,0.05s
4.17.2026 14:57:45,T0,T1,1.7ft,0.05s
4.17.2026 14:57:45,T0,T2,2.4ft,0.05s
4.17.2026 14:57:45,T1,T2,0.9ft,0.05s
4.17.2026 14:57:45,T0,T1,1.7ft,0.05s
4.17.2026 14:57:45,T0,T2,2.5ft,0.05s
4.17.2026 14:57:45,T1,T2,0.9ft,0.05s
4.17.2026 14:57:45,T0,T1,1.7ft,0.05s
4.17.2026 14:57:45,T0,T2,2.4ft,0.05s
4.17.2026 14:57:45,T1,T2,0.9ft,0.05s
4.17.2026 14:57:45,T0,T1,1.8ft,0.05s
4.17.2026 14:57:45,T0,T2,2.4ft,0.05s
4.17.2026 14:57:45,T1,T2,0.8ft,0.05s
4.17.2026 14:57:45,T0,T1,1.8ft,0.05s
4.17.2026 14:57:45,T0,T2,2.3ft,0.05s
4.17.2026 14:57:45,T1,T2,0.6ft,0.05s
4.17.2026 14:57:45,T0,T1,1.9ft,0.05s
4.17.2026 14:57:45,T0,T2,2.3ft,0.05s
4.17.2026 14:57:45,T1,T2,0.5ft,0.05s
4.17.2026 14:57:45,T0,T1,1.9ft,0.05s
4.17.2026 14:57:45,T0,T2,2.2ft,0.05s
4.17.2026 14:57:45,T1,T2,0.5ft,0.05s
4.17.2026 14:57:46,T0,T1,1.9ft,0.05s
4.17.2026 14:57:46,T0,T2,2.2ft,0.05s
4.17.2026 14:57:46,T1,T2,0.6ft,0.05s
4.17.2026 14:57:46,T0,T1,1.9ft,0.05s
4.17.2026 14:57:46,T0,T2,2.1ft,0.05s
4.17.2026 14:57:46,T1,T2,0.7ft,0.05s
4.17.2026 14:57:46,T0,T1,1.8ft,0.05s
4.17.2026 14:57:46,T0,T2,2.1ft,0.05s
4.17.2026 14:57:46,T1,T2,0.9ft,0.05s
4.17.2026 14:57:46,T0,T1,1.8ft,0.05s
4.17.2026 14:57:46,T0,T2,2.1ft,0.05s
4.17.2026 14:57:46,T1,T2,1.1ft,0.05s
4.17.2026 14:57:46,T0,T1,1.8ft,0.05s
4.17.2026 14:57:46,T0,T2,2.1ft,0.05s
4.17.2026 14:57:46,T1,T2,1.1ft,0.05s
4.17.2026 14:57:46,T0,T1,1.8ft,0.05s
4.17.2026 14:57:46,T0,T2,2.2ft,0.05s
4.17.2026 14:57:46,T1,T2,1.1ft,0.05s
4.17.2026 14:57:46,T0,T1,1.8ft,0.05s
4.17.2026 14:57:46,T0,T2,2.2ft,0.05s
4.17.2026 14:57:46,T1,T2,1.0ft,0.05s
4.17.2026 14:57:46,T0,T1,1.8ft,0.05s
4.17.2026 14:57:46,T0,T2,2.3ft,0.05s
4.17.2026 14:57:46,T1,T2,1.0ft,0.05s
4.17.2026 14:57:46,T0,T1,1.7ft,0.05s
4.17.2026 14:57:46,T0,T2,2.4ft,0.05s
4.17.2026 14:57:46,T1,T2,1.0ft,0.05s
4.17.2026 14:57:46,T0,T1,1.7ft,0.05s
4.17.2026 14:57:46,T0,T2,2.4ft,0.05s
4.17.2026 14:57:46,T1,T2,1.0ft,0.05s
4.17.2026 14:57:46,T0,T1,1.6ft,0.05s
4.17.2026 14:57:46,T0,T2,2.5ft,0.05s
4.17.2026 14:57:46,T1,T2,1.1ft,0.05s
4.17.2026 14:57:46,T0,T1,1.6ft,0.05s
4.17.2026 14:57:46,T0,T2,2.5ft,0.05s
4.17.2026 14:57:46,T1,T2,1.1ft,0.05s
4.17.2026 14:57:46,T0,T1,1.5ft,0.05s
4.17.2026 14:57:46,T0,T2,2.6ft,0.05s
4.17.2026 14:57:46,T1,T2,1.2ft,0.05s
4.17.2026 14:57:46,T0,T1,1.5ft,0.05s
4.17.2026 14:57:46,T0,T2,2.7ft,0.05s
4.17.2026 14:57:46,T1,T2,1.3ft,0.05s
4.17.2026 14:57:46,T0,T1,1.4ft,0.05s
4.17.2026 14:57:46,T0,T2,2.8ft,0.05s
4.17.2026 14:57:46,T1,T2,1.4ft,0.05s
4.17.2026 14:57:46,T0,T1,1.4ft,0.05s
4.17.2026 14:57:46,T0,T2,2.8ft,0.05s
4.17.2026 14:57:46,T1,T2,1.5ft,0.05s
4.17.2026 14:57:46,T0,T1,1.4ft,0.05s
4.17.2026 14:57:46,T0,T2,2.9ft,0.05s
4.17.2026 14:57:46,T1,T2,1.6ft,0.05s
4.17.2026 14:57:46,T0,T1,1.4ft,0.05s
4.17.2026 14:57:46,T0,T2,2.9ft,0.05s
4.17.2026 14:57:46,T1,T2,1.7ft,0.05s
4.17.2026 14:57:46,T0,T1,1.4ft,0.05s
4.17.2026 14:57:46,T0,T2,3.0ft,0.05s
4.17.2026 14:57:46,T1,T2,1.8ft,0.05s
4.17.2026 14:57:46,T0,T1,1.4ft,0.05s
4.17.2026 14:57:46,T0,T2,3.0ft,0.05s
4.17.2026 14:57:46,T1,T2,1.8ft,0.05s
4.17.2026 14:57:47,T0,T1,1.4ft,0.05s
4.17.2026 14:57:47,T0,T2,3.0ft,0.05s
4.17.2026 14:57:47,T1,T2,1.9ft,0.05s
4.17.2026 14:57:47,T0,T1,1.4ft,0.05s
4.17.2026 14:57:47,T0,T2,3.0ft,0.05s
4.17.2026 14:57:47,T1,T2,1.9ft,0.05s
4.17.2026 14:57:47,T0,T1,1.5ft,0.05s
4.17.2026 14:57:47,T0,T2,3.0ft,0.05s
4.17.2026 14:57:47,T1,T2,1.9ft,0.05s
4.17.2026 14:57:47,T0,T1,1.5ft,0.05s
4.17.2026 14:57:47,T0,T2,3.0ft,0.05s
4.17.2026 14:57:47,T1,T2,1.9ft,0.05s
4.17.2026 14:57:47,T0,T1,1.5ft,0.05s
4.17.2026 14:57:47,T0,T2,2.9ft,0.05s
4.17.2026 14:57:47,T1,T2,1.9ft,0.05s
4.17.2026 14:57:47,T0,T1,1.6ft,0.05s
4.17.2026 14:57:47,T0,T2,2.9ft,0.05s
4.17.2026 14:57:47,T1,T2,1.8ft,0.05s
4.17.2026 14:57:47,T0,T1,1.6ft,0.05s
4.17.2026 14:57:47,T0,T2,2.8ft,0.05s
4.17.2026 14:57:47,T1,T2,1.8ft,0.05s
4.17.2026 14:57:47,T0,T1,1.6ft,0.05s
4.17.2026 14:57:47,T0,T2,2.8ft,0.05s
4.17.2026 14:57:47,T1,T2,1.8ft,0.05s
4.17.2026 14:57:47,T0,T1,1.6ft,0.05s
4.17.2026 14:57:47,T0,T2,2.7ft,0.05s
4.17.2026 14:57:47,T1,T2,1.7ft,0.05s
4.17.2026 14:57:47,T0,T1,1.7ft,0.05s
4.17.2026 14:57:47,T0,T2,2.6ft,0.05s
4.17.2026 14:57:47,T1,T2,1.7ft,0.05s
4.17.2026 14:57:47,T0,T1,1.7ft,0.05s
4.17.2026 14:57:47,T0,T2,2.6ft,0.05s
4.17.2026 14:57:47,T1,T2,1.6ft,0.05s
4.17.2026 14:57:47,T0,T1,1.6ft,0.05s
4.17.2026 14:57:47,T0,T2,2.5ft,0.05s
4.17.2026 14:57:47,T1,T2,1.6ft,0.05s
4.17.2026 14:57:47,T0,T1,1.6ft,0.05s
4.17.2026 14:57:47,T0,T2,2.5ft,0.05s
4.17.2026 14:57:47,T1,T2,1.5ft,0.05s
4.17.2026 14:57:47,T0,T1,1.6ft,0.05s
4.17.2026 14:57:47,T0,T2,2.6ft,0.05s
4.17.2026 14:57:47,T1,T2,1.5ft,0.05s
4.17.2026 14:57:47,T0,T1,1.6ft,0.05s
4.17.2026 14:57:47,T0,T2,2.6ft,0.05s
4.17.2026 14:57:47,T1,T2,1.5ft,0.05s
4.17.2026 14:57:47,T0,T1,1.5ft,0.05s
4.17.2026 14:57:47,T0,T2,2.6ft,0.05s
4.17.2026 14:57:47,T1,T2,1.4ft,0.05s
4.17.2026 14:57:47,T0,T1,1.4ft,0.05s
4.17.2026 14:57:47,T0,T2,2.6ft,0.05s
4.17.2026 14:57:47,T1,T2,1.4ft,0.05s
4.17.2026 14:57:47,T0,T1,1.3ft,0.05s
4.17.2026 14:57:47,T0,T2,2.5ft,0.05s
4.17.2026 14:57:47,T1,T2,1.4ft,0.05s
4.17.2026 14:57:47,T0,T1,1.3ft,0.05s
4.17.2026 14:57:47,T0,T2,2.5ft,0.05s
4.17.2026 14:57:47,T1,T2,1.3ft,0.05s
4.17.2026 14:57:47,T0,T1,1.2ft,0.05s
4.17.2026 14:57:47,T0,T2,2.4ft,0.05s
4.17.2026 14:57:47,T1,T2,1.2ft,0.05s
4.17.2026 14:57:48,T0,T1,1.3ft,0.05s
4.17.2026 14:57:48,T0,T2,2.4ft,0.05s
4.17.2026 14:57:48,T1,T2,1.2ft,0.05s
4.17.2026 14:57:48,T0,T1,1.3ft,0.05s
4.17.2026 14:57:48,T0,T2,2.3ft,0.05s
4.17.2026 14:57:48,T1,T2,1.1ft,0.05s
4.17.2026 14:57:48,T0,T1,1.3ft,0.05s
4.17.2026 14:57:48,T0,T2,2.4ft,0.05s
4.17.2026 14:57:48,T1,T2,1.1ft,0.05s
4.17.2026 14:57:48,T0,T1,1.4ft,0.05s
4.17.2026 14:57:48,T0,T2,2.4ft,0.05s
4.17.2026 14:57:48,T1,T2,1.0ft,0.05s
4.17.2026 14:57:48,T0,T1,1.4ft,0.05s
4.17.2026 14:57:48,T0,T2,2.4ft,0.05s
4.17.2026 14:57:48,T1,T2,1.0ft,0.05s
4.17.2026 14:57:48,T0,T1,1.4ft,0.05s
4.17.2026 14:57:48,T0,T2,2.4ft,0.05s
4.17.2026 14:57:48,T1,T2,1.0ft,0.05s
4.17.2026 14:57:48,T0,T1,1.4ft,0.05s
4.17.2026 14:57:48,T0,T2,2.4ft,0.05s
4.17.2026 14:57:48,T1,T2,0.9ft,0.05s
4.17.2026 14:57:48,T0,T1,1.5ft,0.05s
4.17.2026 14:57:48,T0,T2,2.3ft,0.05s
4.17.2026 14:57:48,T1,T2,0.9ft,0.05s
4.17.2026 14:57:48,T0,T1,1.5ft,0.05s
4.17.2026 14:57:48,T0,T2,2.3ft,0.05s
4.17.2026 14:57:48,T1,T2,0.8ft,0.05s
4.17.2026 14:57:48,T0,T1,1.5ft,0.05s
4.17.2026 14:57:48,T0,T2,2.2ft,0.05s
4.17.2026 14:57:48,T1,T2,0.8ft,0.05s
4.17.2026 14:57:48,T0,T1,1.5ft,0.05s
4.17.2026 14:57:48,T0,T2,2.1ft,0.05s
4.17.2026 14:57:48,T1,T2,0.7ft,0.05s
4.17.2026 14:57:48,T0,T1,1.5ft,0.05s
4.17.2026 14:57:48,T0,T2,2.1ft,0.05s
4.17.2026 14:57:48,T1,T2,0.7ft,0.05s
4.17.2026 14:57:48,T0,T1,1.6ft,0.05s
4.17.2026 14:57:48,T0,T2,2.1ft,0.05s
4.17.2026 14:57:48,T1,T2,0.6ft,0.05s
4.17.2026 14:57:48,T0,T1,1.7ft,0.05s
4.17.2026 14:57:48,T0,T2,2.2ft,0.05s
4.17.2026 14:57:48,T1,T2,0.5ft,0.05s
4.17.2026 14:57:48,T0,T1,1.8ft,0.05s
4.17.2026 14:57:48,T0,T2,2.2ft,0.05s
4.17.2026 14:57:48,T1,T2,0.4ft,0.05s
4.17.2026 14:57:48,T0,T1,1.9ft,0.05s
4.17.2026 14:57:48,T0,T2,2.2ft,0.05s
4.17.2026 14:57:48,T1,T2,0.4ft,0.05s
4.17.2026 14:57:48,T0,T1,1.9ft,0.05s
4.17.2026 14:57:48,T0,T2,2.2ft,0.05s
4.17.2026 14:57:48,T1,T2,0.3ft,0.05s
4.17.2026 14:57:48,T0,T1,2.0ft,0.05s
4.17.2026 14:57:48,T0,T2,2.2ft,0.05s
4.17.2026 14:57:48,T1,T2,0.3ft,0.05s
4.17.2026 14:57:48,T0,T1,2.0ft,0.05s
4.17.2026 14:57:48,T0,T2,2.2ft,0.05s
4.17.2026 14:57:48,T1,T2,0.3ft,0.05s
4.17.2026 14:57:48,T0,T1,2.1ft,0.05s
4.17.2026 14:57:48,T0,T2,2.1ft,0.05s
4.17.2026 14:57:48,T1,T2,0.3ft,0.05s
4.17.2026 14:57:49,T0,T1,2.2ft,0.05s
4.17.2026 14:57:49,T0,T2,2.1ft,0.05s
4.17.2026 14:57:49,T1,T2,0.4ft,0.05s
4.17.2026 14:57:49,T0,T1,2.3ft,0.05s
4.17.2026 14:57:49,T0,T2,2.1ft,0.05s
4.17.2026 14:57:49,T1,T2,0.5ft,0.05s
4.17.2026 14:57:49,T0,T1,2.5ft,0.05s
4.17.2026 14:57:49,T0,T2,2.1ft,0.05s
4.17.2026 14:57:49,T1,T2,0.6ft,0.05s
4.17.2026 14:57:49,T0,T1,2.5ft,0.05s
4.17.2026 14:57:49,T0,T2,2.0ft,0.05s
4.17.2026 14:57:49,T1,T2,0.6ft,0.05s
4.17.2026 14:57:49,T0,T1,2.4ft,0.05s
4.17.2026 14:57:49,T0,T2,2.0ft,0.05s
4.17.2026 14:57:49,T1,T2,0.5ft,0.05s
4.17.2026 14:57:49,T0,T1,2.4ft,0.05s
4.17.2026 14:57:49,T0,T2,2.1ft,0.05s
4.17.2026 14:57:49,T1,T2,0.5ft,0.05s
4.17.2026 14:57:49,T0,T1,2.3ft,0.05s
4.17.2026 14:57:49,T0,T2,2.1ft,0.05s
4.17.2026 14:57:49,T1,T2,0.4ft,0.05s
4.17.2026 14:57:49,T0,T1,2.3ft,0.05s
4.17.2026 14:57:49,T0,T2,2.1ft,0.05s
4.17.2026 14:57:49,T1,T2,0.4ft,0.05s
4.17.2026 14:57:49,T0,T1,2.4ft,0.05s
4.17.2026 14:57:49,T0,T2,2.1ft,0.05s
4.17.2026 14:57:49,T1,T2,0.5ft,0.05s
4.17.2026 14:57:49,T0,T1,2.5ft,0.05s
4.17.2026 14:57:49,T0,T2,2.1ft,0.05s
4.17.2026 14:57:49,T1,T2,0.6ft,0.05s
4.17.2026 14:57:49,T0,T1,2.5ft,0.05s
4.17.2026 14:57:49,T0,T2,2.2ft,0.05s
4.17.2026 14:57:49,T1,T2,0.8ft,0.05s
4.17.2026 14:57:49,T0,T1,2.4ft,0.05s
4.17.2026 14:57:49,T0,T2,2.3ft,0.05s
4.17.2026 14:57:49,T1,T2,0.8ft,0.05s
4.17.2026 14:57:49,T0,T1,2.4ft,0.05s
4.17.2026 14:57:49,T0,T2,2.4ft,0.05s
4.17.2026 14:57:49,T1,T2,0.9ft,0.05s
4.17.2026 14:57:49,T0,T1,2.3ft,0.05s
4.17.2026 14:57:49,T0,T2,2.5ft,0.05s
4.17.2026 14:57:49,T1,T2,1.0ft,0.05s
4.17.2026 14:57:49,T0,T1,2.3ft,0.05s
4.17.2026 14:57:49,T0,T2,2.5ft,0.05s
4.17.2026 14:57:49,T1,T2,1.2ft,0.05s
4.17.2026 14:57:49,T0,T1,2.4ft,0.05s
4.17.2026 14:57:49,T0,T2,2.6ft,0.05s
4.17.2026 14:57:49,T1,T2,1.3ft,0.05s
4.17.2026 14:57:49,T0,T1,2.4ft,0.05s
4.17.2026 14:57:49,T0,T2,2.7ft,0.05s
4.17.2026 14:57:49,T1,T2,1.3ft,0.05s
4.17.2026 14:57:49,T0,T1,2.4ft,0.05s
4.17.2026 14:57:49,T0,T2,2.7ft,0.05s
4.17.2026 14:57:49,T1,T2,1.3ft,0.05s
4.17.2026 14:57:49,T0,T1,2.4ft,0.05s
4.17.2026 14:57:49,T0,T2,2.7ft,0.05s
4.17.2026 14:57:49,T1,T2,1.2ft,0.05s
4.17.2026 14:57:50,T0,T1,2.4ft,0.05s
4.17.2026 14:57:50,T0,T2,2.7ft,0.05s
4.17.2026 14:57:50,T1,T2,1.3ft,0.05s
4.17.2026 14:57:50,T0,T1,2.4ft,0.05s
4.17.2026 14:57:50,T0,T2,2.7ft,0.05s
4.17.2026 14:57:50,T1,T2,1.3ft,0.05s
4.17.2026 14:57:50,T0,T1,2.4ft,0.05s
4.17.2026 14:57:50,T0,T2,2.7ft,0.05s
4.17.2026 14:57:50,T1,T2,1.4ft,0.05s
4.17.2026 14:57:50,T0,T1,2.4ft,0.05s
4.17.2026 14:57:50,T0,T2,2.7ft,0.05s
4.17.2026 14:57:50,T1,T2,1.5ft,0.05s
4.17.2026 14:57:50,T0,T1,2.4ft,0.05s
4.17.2026 14:57:50,T0,T2,2.6ft,0.05s
4.17.2026 14:57:50,T1,T2,1.5ft,0.05s
4.17.2026 14:57:50,T0,T1,2.4ft,0.05s
4.17.2026 14:57:50,T0,T2,2.5ft,0.05s
4.17.2026 14:57:50,T1,T2,1.5ft,0.05s
4.17.2026 14:57:50,T0,T1,2.4ft,0.05s
4.17.2026 14:57:50,T0,T2,2.4ft,0.05s
4.17.2026 14:57:50,T1,T2,1.5ft,0.05s
4.17.2026 14:57:50,T0,T1,2.3ft,0.05s
4.17.2026 14:57:50,T0,T2,2.3ft,0.05s
4.17.2026 14:57:50,T1,T2,1.5ft,0.05s
4.17.2026 14:57:50,T0,T1,2.3ft,0.05s
4.17.2026 14:57:50,T0,T2,2.2ft,0.05s
4.17.2026 14:57:50,T1,T2,1.3ft,0.05s
4.17.2026 14:57:50,T0,T1,2.2ft,0.05s
4.17.2026 14:57:50,T0,T2,2.1ft,0.05s
4.17.2026 14:57:50,T1,T2,1.2ft,0.05s
4.17.2026 14:57:50,T0,T1,2.1ft,0.05s
4.17.2026 14:57:50,T0,T2,1.9ft,0.05s
4.17.2026 14:57:50,T1,T2,1.1ft,0.05s
4.17.2026 14:57:50,T0,T1,2.0ft,0.05s
4.17.2026 14:57:50,T0,T2,1.8ft,0.05s
4.17.2026 14:57:50,T1,T2,1.0ft,0.05s
4.17.2026 14:57:50,T0,T1,1.9ft,0.05s
4.17.2026 14:57:50,T0,T2,1.7ft,0.05s
4.17.2026 14:57:50,T1,T2,0.9ft,0.05s
4.17.2026 14:57:50,T0,T1,1.9ft,0.05s
4.17.2026 14:57:50,T0,T2,1.6ft,0.05s
4.17.2026 14:57:50,T1,T2,0.8ft,0.05s
4.17.2026 14:57:50,T0,T1,1.9ft,0.05s
4.17.2026 14:57:50,T0,T2,1.5ft,0.05s
4.17.2026 14:57:50,T1,T2,0.8ft,0.05s
4.17.2026 14:57:50,T0,T1,2.0ft,0.05s
4.17.2026 14:57:50,T0,T2,1.5ft,0.05s
4.17.2026 14:57:50,T1,T2,0.9ft,0.05s
4.17.2026 14:57:50,T0,T1,2.0ft,0.05s
4.17.2026 14:57:50,T0,T2,1.4ft,0.05s
4.17.2026 14:57:50,T1,T2,0.9ft,0.05s
4.17.2026 14:57:50,T0,T1,2.0ft,0.05s
4.17.2026 14:57:50,T0,T2,1.4ft,0.05s
4.17.2026 14:57:50,T1,T2,0.9ft,0.05s
4.17.2026 14:57:50,T0,T1,2.1ft,0.05s
4.17.2026 14:57:50,T0,T2,1.3ft,0.05s
4.17.2026 14:57:50,T1,T2,0.9ft,0.05s
4.17.2026 14:57:50,T0,T1,2.1ft,0.05s
4.17.2026 14:57:50,T0,T2,1.3ft,0.05s
4.17.2026 14:57:50,T1,T2,0.9ft,0.05s
4.17.2026 14:57:51,T0,T1,2.2ft,0.05s
4.17.2026 14:57:51,T0,T2,1.3ft,0.05s
4.17.2026 14:57:51,T1,T2,1.0ft,0.05s
4.17.2026 14:57:51,T0,T1,2.3ft,0.05s
4.17.2026 14:57:51,T0,T2,1.3ft,0.05s
4.17.2026 14:57:51,T1,T2,1.1ft,0.05s
4.17.2026 14:57:51,T0,T1,2.4ft,0.05s
4.17.2026 14:57:51,T0,T2,1.3ft,0.05s
4.17.2026 14:57:51,T1,T2,1.1ft,0.05s
4.17.2026 14:57:51,T0,T1,2.5ft,0.05s
4.17.2026 14:57:51,T0,T2,1.2ft,0.05s
4.17.2026 14:57:51,T1,T2,1.2ft,0.05s
4.17.2026 14:57:51,T0,T1,2.6ft,0.05s
4.17.2026 14:57:51,T0,T2,1.2ft,0.05s
4.17.2026 14:57:51,T1,T2,1.3ft,0.05s
4.17.2026 14:57:51,T0,T1,2.6ft,0.05s
4.17.2026 14:57:51,T0,T2,1.2ft,0.05s
4.17.2026 14:57:51,T1,T2,1.4ft,0.05s
4.17.2026 14:57:51,T0,T1,2.7ft,0.05s
4.17.2026 14:57:51,T0,T2,1.2ft,0.05s
4.17.2026 14:57:51,T1,T2,1.5ft,0.05s
4.17.2026 14:57:51,T0,T1,2.7ft,0.05s
4.17.2026 14:57:51,T0,T2,1.2ft,0.05s
4.17.2026 14:57:51,T1,T2,1.6ft,0.05s
4.17.2026 14:57:51,T0,T1,2.8ft,0.05s
4.17.2026 14:57:51,T0,T2,1.2ft,0.05s
4.17.2026 14:57:51,T1,T2,1.7ft,0.05s
4.17.2026 14:57:51,T0,T1,2.8ft,0.05s
4.17.2026 14:57:51,T0,T2,1.2ft,0.05s
4.17.2026 14:57:51,T1,T2,1.7ft,0.05s
4.17.2026 14:57:51,T0,T1,2.8ft,0.05s
4.17.2026 14:57:51,T0,T2,1.2ft,0.05s
4.17.2026 14:57:51,T1,T2,1.7ft,0.05s
4.17.2026 14:57:51,T0,T1,2.9ft,0.05s
4.17.2026 14:57:51,T0,T2,1.2ft,0.05s
4.17.2026 14:57:51,T1,T2,1.8ft,0.05s
4.17.2026 14:57:51,T0,T1,2.9ft,0.05s
4.17.2026 14:57:51,T0,T2,1.2ft,0.05s
4.17.2026 14:57:51,T1,T2,1.8ft,0.05s
4.17.2026 14:57:51,T0,T1,2.9ft,0.05s
4.17.2026 14:57:51,T0,T2,1.2ft,0.05s
4.17.2026 14:57:51,T1,T2,1.9ft,0.05s
4.17.2026 14:57:51,T0,T1,3.0ft,0.05s
4.17.2026 14:57:51,T0,T2,1.2ft,0.05s
4.17.2026 14:57:51,T1,T2,1.9ft,0.05s
4.17.2026 14:57:51,T0,T1,3.0ft,0.05s
4.17.2026 14:57:51,T0,T2,1.1ft,0.05s
4.17.2026 14:57:51,T1,T2,2.0ft,0.05s
4.17.2026 14:57:51,T0,T1,3.0ft,0.05s
4.17.2026 14:57:51,T0,T2,1.1ft,0.05s
4.17.2026 14:57:51,T1,T2,2.0ft,0.05s
4.17.2026 14:57:51,T0,T1,3.0ft,0.05s
4.17.2026 14:57:51,T0,T2,1.0ft,0.05s
4.17.2026 14:57:51,T1,T2,2.0ft,0.05s
4.17.2026 14:57:51,T0,T1,3.1ft,0.05s
4.17.2026 14:57:51,T0,T2,1.0ft,0.05s
4.17.2026 14:57:51,T1,T2,2.1ft,0.05s
4.17.2026 14:57:51,T0,T1,3.1ft,0.05s
4.17.2026 14:57:51,T0,T2,1.0ft,0.05s
4.17.2026 14:57:51,T1,T2,2.1ft,0.05s
4.17.2026 14:57:52,T0,T1,3.1ft,0.05s
4.17.2026 14:57:52,T0,T2,1.0ft,0.05s
4.17.2026 14:57:52,T1,T2,2.1ft,0.05s
4.17.2026 14:57:52,T0,T1,3.1ft,0.05s
4.17.2026 14:57:52,T0,T2,1.0ft,0.05s
4.17.2026 14:57:52,T1,T2,2.1ft,0.05s
4.17.2026 14:57:52,T0,T1,3.1ft,0.05s
4.17.2026 14:57:52,T0,T2,1.0ft,0.05s
4.17.2026 14:57:52,T1,T2,2.1ft,0.05s
4.17.2026 14:57:52,T0,T1,3.1ft,0.05s
4.17.2026 14:57:52,T0,T2,1.0ft,0.05s
4.17.2026 14:57:52,T1,T2,2.1ft,0.05s
4.17.2026 14:57:52,T0,T1,3.2ft,0.05s
4.17.2026 14:57:52,T0,T2,1.1ft,0.05s
4.17.2026 14:57:52,T1,T2,2.2ft,0.05s
4.17.2026 14:57:52,T0,T1,3.2ft,0.05s
4.17.2026 14:57:52,T0,T2,1.1ft,0.05s
4.17.2026 14:57:52,T1,T2,2.2ft,0.05s
4.17.2026 14:57:52,T0,T1,3.2ft,0.05s
4.17.2026 14:57:52,T0,T2,1.1ft,0.05s
4.17.2026 14:57:52,T1,T2,2.2ft,0.05s
4.17.2026 14:57:52,T0,T1,3.2ft,0.05s
4.17.2026 14:57:52,T0,T2,1.1ft,0.05s
4.17.2026 14:57:52,T1,T2,2.2ft,0.05s
4.17.2026 14:57:52,T0,T1,3.3ft,0.05s
4.17.2026 14:57:52,T0,T2,1.1ft,0.05s
4.17.2026 14:57:52,T1,T2,2.2ft,0.05s
4.17.2026 14:57:52,T0,T1,3.3ft,0.05s
4.17.2026 14:57:52,T0,T2,1.1ft,0.05s
4.17.2026 14:57:52,T1,T2,2.2ft,0.05s
4.17.2026 14:57:52,T0,T1,3.2ft,0.05s
4.17.2026 14:57:52,T0,T2,1.1ft,0.05s
4.17.2026 14:57:52,T1,T2,2.1ft,0.05s
4.17.2026 14:57:52,T0,T1,3.2ft,0.05s
4.17.2026 14:57:52,T0,T2,1.2ft,0.05s
4.17.2026 14:57:52,T1,T2,2.1ft,0.05s
4.17.2026 14:57:52,T0,T1,3.2ft,0.05s
4.17.2026 14:57:52,T0,T2,1.2ft,0.05s
4.17.2026 14:57:52,T1,T2,2.1ft,0.05s
4.17.2026 14:57:52,T0,T1,3.1ft,0.05s
4.17.2026 14:57:52,T0,T2,1.2ft,0.05s
4.17.2026 14:57:52,T1,T2,1.9ft,0.05s
4.17.2026 14:57:52,T0,T1,3.1ft,0.05s
4.17.2026 14:57:52,T0,T2,1.3ft,0.05s
4.17.2026 14:57:52,T1,T2,1.8ft,0.05s
4.17.2026 14:57:52,T0,T1,2.9ft,0.05s
4.17.2026 14:57:52,T0,T2,1.5ft,0.05s
4.17.2026 14:57:52,T1,T2,1.5ft,0.05s
4.17.2026 14:57:52,T0,T1,2.8ft,0.05s
4.17.2026 14:57:52,T0,T2,1.6ft,0.05s
4.17.2026 14:57:52,T1,T2,1.3ft,0.05s
4.17.2026 14:57:52,T0,T1,2.7ft,0.05s
4.17.2026 14:57:52,T0,T2,1.8ft,0.05s
4.17.2026 14:57:52,T1,T2,1.0ft,0.05s
4.17.2026 14:57:52,T0,T1,2.7ft,0.05s
4.17.2026 14:57:52,T0,T2,1.9ft,0.05s
4.17.2026 14:57:52,T1,T2,0.8ft,0.05s
4.17.2026 14:57:52,T0,T1,2.6ft,0.05s
4.17.2026 14:57:52,T0,T2,2.1ft,0.05s
4.17.2026 14:57:52,T1,T2,0.6ft,0.05s
4.17.2026 14:57:53,T0,T1,2.5ft,0.05s
4.17.2026 14:57:53,T0,T2,2.2ft,0.05s
4.17.2026 14:57:53,T1,T2,0.3ft,0.05s
4.17.2026 14:57:53,T0,T1,2.4ft,0.05s
4.17.2026 14:57:53,T0,T2,2.3ft,0.05s
4.17.2026 14:57:53,T1,T2,0.2ft,0.05s
4.17.2026 14:57:53,T0,T1,2.3ft,0.05s
4.17.2026 14:57:53,T0,T2,2.2ft,0.05s
4.17.2026 14:57:53,T1,T2,0.2ft,0.05s
4.17.2026 14:57:53,T0,T1,2.2ft,0.05s
4.17.2026 14:57:53,T0,T2,2.2ft,0.05s
4.17.2026 14:57:53,T1,T2,0.2ft,0.05s
4.17.2026 14:57:53,T0,T1,2.2ft,0.05s
4.17.2026 14:57:53,T0,T2,2.3ft,0.05s
4.17.2026 14:57:53,T1,T2,0.4ft,0.05s
4.17.2026 14:57:53,T0,T1,2.1ft,0.05s
4.17.2026 14:57:53,T0,T2,2.3ft,0.05s
4.17.2026 14:57:53,T1,T2,0.5ft,0.05s
4.17.2026 14:57:53,T0,T1,2.2ft,0.05s
4.17.2026 14:57:53,T0,T2,2.4ft,0.05s
4.17.2026 14:57:53,T1,T2,0.7ft,0.05s
4.17.2026 14:57:53,T0,T1,2.2ft,0.05s
4.17.2026 14:57:53,T0,T2,2.5ft,0.05s
4.17.2026 14:57:53,T1,T2,0.9ft,0.05s
4.17.2026 14:57:53,T0,T1,2.3ft,0.05s
4.17.2026 14:57:53,T0,T2,2.6ft,0.05s
4.17.2026 14:57:53,T1,T2,1.0ft,0.05s
4.17.2026 14:57:53,T0,T1,2.4ft,0.05s
4.17.2026 14:57:53,T0,T2,2.7ft,0.05s
4.17.2026 14:57:53,T1,T2,1.2ft,0.05s
4.17.2026 14:57:53,T0,T1,2.5ft,0.05s
4.17.2026 14:57:53,T0,T2,2.8ft,0.05s
4.17.2026 14:57:53,T1,T2,1.3ft,0.05s
4.17.2026 14:57:53,T0,T1,2.6ft,0.05s
4.17.2026 14:57:53,T0,T2,2.8ft,0.05s
4.17.2026 14:57:53,T1,T2,1.4ft,0.05s
4.17.2026 14:57:53,T0,T1,2.6ft,0.05s
4.17.2026 14:57:53,T0,T2,2.9ft,0.05s
4.17.2026 14:57:53,T1,T2,1.6ft,0.05s
4.17.2026 14:57:53,T0,T1,2.8ft,0.05s
4.17.2026 14:57:53,T0,T2,3.0ft,0.05s
4.17.2026 14:57:53,T1,T2,1.7ft,0.05s
4.17.2026 14:57:53,T0,T1,2.9ft,0.05s
4.17.2026 14:57:53,T0,T2,3.1ft,0.05s
4.17.2026 14:57:53,T1,T2,1.8ft,0.05s
4.17.2026 14:57:53,T0,T1,3.0ft,0.05s
4.17.2026 14:57:53,T0,T2,3.1ft,0.05s
4.17.2026 14:57:53,T1,T2,2.0ft,0.05s
4.17.2026 14:57:53,T0,T1,3.1ft,0.05s
4.17.2026 14:57:53,T0,T2,3.1ft,0.05s
4.17.2026 14:57:53,T1,T2,2.0ft,0.05s
4.17.2026 14:57:53,T0,T1,3.2ft,0.05s
4.17.2026 14:57:53,T0,T2,3.0ft,0.05s
4.17.2026 14:57:53,T1,T2,2.1ft,0.05s
4.17.2026 14:57:53,T0,T1,3.3ft,0.05s
4.17.2026 14:57:53,T0,T2,3.0ft,0.05s
4.17.2026 14:57:53,T1,T2,2.1ft,0.05s
4.17.2026 14:57:54,T0,T1,3.3ft,0.05s
4.17.2026 14:57:54,T0,T2,3.0ft,0.05s
4.17.2026 14:57:54,T1,T2,2.1ft,0.05s
4.17.2026 14:57:54,T0,T1,3.3ft,0.05s
4.17.2026 14:57:54,T0,T2,3.0ft,0.05s
4.17.2026 14:57:54,T1,T2,2.1ft,0.05s
4.17.2026 14:57:54,T0,T1,3.2ft,0.05s
4.17.2026 14:57:54,T0,T2,3.0ft,0.05s
4.17.2026 14:57:54,T1,T2,2.0ft,0.05s
4.17.2026 14:57:54,T0,T1,3.1ft,0.05s
4.17.2026 14:57:54,T0,T2,3.0ft,0.05s
4.17.2026 14:57:54,T1,T2,1.9ft,0.05s
4.17.2026 14:57:54,T0,T1,3.0ft,0.05s
4.17.2026 14:57:54,T0,T2,2.8ft,0.05s
4.17.2026 14:57:54,T1,T2,1.7ft,0.05s
4.17.2026 14:57:54,T0,T1,2.9ft,0.05s
4.17.2026 14:57:54,T0,T2,2.8ft,0.05s
4.17.2026 14:57:54,T1,T2,1.6ft,0.05s
4.17.2026 14:57:54,T0,T1,2.9ft,0.05s
4.17.2026 14:57:54,T0,T2,2.7ft,0.05s
4.17.2026 14:57:54,T1,T2,1.5ft,0.05s
4.17.2026 14:57:54,T0,T1,2.9ft,0.05s
4.17.2026 14:57:54,T0,T2,2.7ft,0.05s
4.17.2026 14:57:54,T1,T2,1.5ft,0.05s
4.17.2026 14:57:54,T0,T1,2.9ft,0.05s
4.17.2026 14:57:54,T0,T2,2.6ft,0.05s
4.17.2026 14:57:54,T1,T2,1.4ft,0.05s
4.17.2026 14:57:54,T0,T1,3.0ft,0.05s
4.17.2026 14:57:54,T0,T2,2.6ft,0.05s
4.17.2026 14:57:54,T1,T2,1.4ft,0.05s
4.17.2026 14:57:54,T0,T1,3.1ft,0.05s
4.17.2026 14:57:54,T0,T2,2.6ft,0.05s
4.17.2026 14:57:54,T1,T2,1.4ft,0.05s
4.17.2026 14:57:54,T0,T1,3.1ft,0.05s
4.17.2026 14:57:54,T0,T2,2.5ft,0.05s
4.17.2026 14:57:54,T1,T2,1.4ft,0.05s
4.17.2026 14:57:54,T0,T1,3.1ft,0.05s
4.17.2026 14:57:54,T0,T2,2.4ft,0.05s
4.17.2026 14:57:54,T1,T2,1.3ft,0.05s
4.17.2026 14:57:54,T0,T1,2.9ft,0.05s
4.17.2026 14:57:54,T0,T2,2.4ft,0.05s
4.17.2026 14:57:54,T1,T2,1.2ft,0.05s
4.17.2026 14:57:54,T0,T1,2.8ft,0.05s
4.17.2026 14:57:54,T0,T2,2.4ft,0.05s
4.17.2026 14:57:54,T1,T2,1.1ft,0.05s
4.17.2026 14:57:54,T0,T1,2.7ft,0.05s
4.17.2026 14:57:54,T0,T2,2.5ft,0.05s
4.17.2026 14:57:54,T1,T2,1.0ft,0.05s
4.17.2026 14:57:54,T0,T1,2.6ft,0.05s
4.17.2026 14:57:54,T0,T2,2.6ft,0.05s
4.17.2026 14:57:54,T1,T2,1.0ft,0.05s
4.17.2026 14:57:54,T0,T1,2.5ft,0.05s
4.17.2026 14:57:54,T0,T2,2.6ft,0.05s
4.17.2026 14:57:54,T1,T2,1.0ft,0.05s
4.17.2026 14:57:54,T0,T1,2.4ft,0.05s
4.17.2026 14:57:54,T0,T2,2.6ft,0.05s
4.17.2026 14:57:54,T1,T2,1.0ft,0.05s
4.17.2026 14:57:54,T0,T1,2.4ft,0.05s
4.17.2026 14:57:54,T0,T2,2.7ft,0.05s
4.17.2026 14:57:54,T1,T2,1.0ft,0.05s
4.17.2026 14:57:55,T0,T1,2.4ft,0.05s
4.17.2026 14:57:55,T0,T2,2.7ft,0.05s
4.17.2026 14:57:55,T1,T2,1.0ft,0.05s
4.17.2026 14:57:55,T0,T1,2.4ft,0.05s
4.17.2026 14:57:55,T0,T2,2.6ft,0.05s
4.17.2026 14:57:55,T1,T2,0.9ft,0.05s
4.17.2026 14:57:55,T0,T1,2.3ft,0.05s
4.17.2026 14:57:55,T0,T2,2.5ft,0.05s
4.17.2026 14:57:55,T1,T2,0.9ft,0.05s
4.17.2026 14:57:55,T0,T1,2.3ft,0.05s
4.17.2026 14:57:55,T0,T2,2.4ft,0.05s
4.17.2026 14:57:55,T1,T2,0.9ft,0.05s
4.17.2026 14:57:55,T0,T1,2.3ft,0.05s
4.17.2026 14:57:55,T0,T2,2.4ft,0.05s
4.17.2026 14:57:55,T1,T2,0.9ft,0.05s
4.17.2026 14:57:55,T0,T1,2.3ft,0.05s
4.17.2026 14:57:55,T0,T2,2.3ft,0.05s
4.17.2026 14:57:55,T1,T2,0.9ft,0.05s
4.17.2026 14:57:55,T0,T1,2.3ft,0.05s
4.17.2026 14:57:55,T0,T2,2.2ft,0.05s
4.17.2026 14:57:55,T1,T2,0.9ft,0.05s
4.17.2026 14:57:55,T0,T1,2.2ft,0.05s
4.17.2026 14:57:55,T0,T2,2.1ft,0.05s
4.17.2026 14:57:55,T1,T2,0.8ft,0.05s
4.17.2026 14:57:55,T0,T1,2.2ft,0.05s
4.17.2026 14:57:55,T0,T2,2.0ft,0.05s
4.17.2026 14:57:55,T1,T2,0.8ft,0.05s
4.17.2026 14:57:55,T0,T1,2.1ft,0.05s
4.17.2026 14:57:55,T0,T2,2.0ft,0.05s
4.17.2026 14:57:55,T1,T2,0.7ft,0.05s
4.17.2026 14:57:55,T0,T1,1.9ft,0.05s
4.17.2026 14:57:55,T0,T2,2.0ft,0.05s
4.17.2026 14:57:55,T1,T2,0.6ft,0.05s
4.17.2026 14:57:55,T0,T1,1.8ft,0.05s
4.17.2026 14:57:55,T0,T2,1.9ft,0.05s
4.17.2026 14:57:55,T1,T2,0.5ft,0.05s
4.17.2026 14:57:55,T0,T1,1.7ft,0.05s
4.17.2026 14:57:55,T0,T2,1.9ft,0.05s
4.17.2026 14:57:55,T1,T2,0.4ft,0.05s
4.17.2026 14:57:55,T0,T1,1.6ft,0.05s
4.17.2026 14:57:55,T0,T2,1.9ft,0.05s
4.17.2026 14:57:55,T1,T2,0.3ft,0.05s
4.17.2026 14:57:55,T0,T1,1.6ft,0.05s
4.17.2026 14:57:55,T0,T2,2.0ft,0.05s
4.17.2026 14:57:55,T1,T2,0.4ft,0.05s
4.17.2026 14:57:55,T0,T1,1.5ft,0.05s
4.17.2026 14:57:55,T0,T2,2.0ft,0.05s
4.17.2026 14:57:55,T1,T2,0.5ft,0.05s
4.17.2026 14:57:55,T0,T1,1.5ft,0.05s
4.17.2026 14:57:55,T0,T2,2.1ft,0.05s
4.17.2026 14:57:55,T1,T2,0.8ft,0.05s
4.17.2026 14:57:55,T0,T1,1.4ft,0.05s
4.17.2026 14:57:55,T0,T2,2.2ft,0.05s
4.17.2026 14:57:55,T1,T2,1.0ft,0.05s
4.17.2026 14:57:55,T0,T1,1.4ft,0.05s
4.17.2026 14:57:55,T0,T2,2.3ft,0.05s
4.17.2026 14:57:55,T1,T2,1.2ft,0.05s
4.17.2026 14:57:55,T0,T1,1.4ft,0.05s
4.17.2026 14:57:55,T0,T2,2.4ft,0.05s
4.17.2026 14:57:55,T1,T2,1.4ft,0.05s
4.17.2026 14:57:56,T0,T1,1.4ft,0.05s
4.17.2026 14:57:56,T0,T2,2.5ft,0.05s
4.17.2026 14:57:56,T1,T2,1.7ft,0.05s
4.17.2026 14:57:56,T0,T1,1.5ft,0.05s
4.17.2026 14:57:56,T0,T2,2.6ft,0.05s
4.17.2026 14:57:56,T1,T2,1.9ft,0.05s
4.17.2026 14:57:56,T0,T1,1.5ft,0.05s
4.17.2026 14:57:56,T0,T2,2.7ft,0.05s
4.17.2026 14:57:56,T1,T2,2.1ft,0.05s
4.17.2026 14:57:56,T0,T1,1.5ft,0.05s
4.17.2026 14:57:56,T0,T2,2.8ft,0.05s
4.17.2026 14:57:56,T1,T2,2.3ft,0.05s
4.17.2026 14:57:56,T0,T1,1.5ft,0.05s
4.17.2026 14:57:56,T0,T2,2.8ft,0.05s
4.17.2026 14:57:56,T1,T2,2.5ft,0.05s
4.17.2026 14:57:56,T0,T1,1.4ft,0.05s
4.17.2026 14:57:56,T0,T2,2.9ft,0.05s
4.17.2026 14:57:56,T1,T2,2.5ft,0.05s
4.17.2026 14:57:56,T0,T1,1.4ft,0.05s
4.17.2026 14:57:56,T0,T2,2.9ft,0.05s
4.17.2026 14:57:56,T1,T2,2.4ft,0.05s
4.17.2026 14:57:56,T0,T1,1.3ft,0.05s
4.17.2026 14:57:56,T0,T2,2.9ft,0.05s
4.17.2026 14:57:56,T1,T2,2.4ft,0.05s
4.17.2026 14:57:56,T0,T1,1.2ft,0.05s
4.17.2026 14:57:56,T0,T2,3.0ft,0.05s
4.17.2026 14:57:56,T1,T2,2.3ft,0.05s
4.17.2026 14:57:56,T0,T1,1.1ft,0.05s
4.17.2026 14:57:56,T0,T2,3.0ft,0.05s
4.17.2026 14:57:56,T1,T2,2.2ft,0.05s
4.17.2026 14:57:56,T0,T1,1.1ft,0.05s
4.17.2026 14:57:56,T0,T2,2.9ft,0.05s
4.17.2026 14:57:56,T1,T2,2.1ft,0.05s
4.17.2026 14:57:56,T0,T1,1.1ft,0.05s
4.17.2026 14:57:56,T0,T2,2.9ft,0.05s
4.17.2026 14:57:56,T1,T2,2.0ft,0.05s
4.17.2026 14:57:56,T0,T1,1.0ft,0.05s
4.17.2026 14:57:56,T0,T2,2.9ft,0.05s
4.17.2026 14:57:56,T1,T2,1.9ft,0.05s
4.17.2026 14:57:56,T0,T1,1.0ft,0.05s
4.17.2026 14:57:56,T0,T2,2.9ft,0.05s
4.17.2026 14:57:56,T1,T2,1.9ft,0.05s
4.17.2026 14:57:56,T0,T1,1.0ft,0.05s
4.17.2026 14:57:56,T0,T2,2.9ft,0.05s
4.17.2026 14:57:56,T1,T2,1.9ft,0.05s
4.17.2026 14:57:56,T0,T1,1.1ft,0.05s
4.17.2026 14:57:56,T0,T2,2.9ft,0.05s
4.17.2026 14:57:56,T1,T2,1.9ft,0.05s
4.17.2026 14:57:56,T0,T1,1.1ft,0.05s
4.17.2026 14:57:56,T0,T2,2.9ft,0.05s
4.17.2026 14:57:56,T1,T2,1.9ft,0.05s
4.17.2026 14:57:56,T0,T1,1.1ft,0.05s
4.17.2026 14:57:56,T0,T2,2.9ft,0.05s
4.17.2026 14:57:56,T1,T2,1.9ft,0.05s
4.17.2026 14:57:56,T0,T1,1.2ft,0.05s
4.17.2026 14:57:56,T0,T2,3.0ft,0.05s
4.17.2026 14:57:56,T1,T2,1.8ft,0.05s
4.17.2026 14:57:57,T0,T1,1.4ft,0.05s
4.17.2026 14:57:57,T0,T2,3.0ft,0.05s
4.17.2026 14:57:57,T1,T2,1.7ft,0.05s
4.17.2026 14:57:57,T0,T1,1.5ft,0.05s
4.17.2026 14:57:57,T0,T2,3.0ft,0.05s
4.17.2026 14:57:57,T1,T2,1.5ft,0.05s
4.17.2026 14:57:57,T0,T1,1.5ft,0.05s
4.17.2026 14:57:57,T0,T2,3.0ft,0.05s
4.17.2026 14:57:57,T1,T2,1.5ft,0.05s
4.17.2026 14:57:57,T0,T1,1.5ft,0.05s
4.17.2026 14:57:57,T0,T2,3.0ft,0.05s
4.17.2026 14:57:57,T1,T2,1.5ft,0.05s
4.17.2026 14:57:57,T0,T1,1.4ft,0.05s
4.17.2026 14:57:57,T0,T2,3.0ft,0.05s
4.17.2026 14:57:57,T1,T2,1.5ft,0.05s
4.17.2026 14:57:57,T0,T1,1.4ft,0.05s
4.17.2026 14:57:57,T0,T2,3.0ft,0.05s
4.17.2026 14:57:57,T1,T2,1.5ft,0.05s
4.17.2026 14:57:57,T0,T1,1.4ft,0.05s
4.17.2026 14:57:57,T0,T2,2.9ft,0.05s
4.17.2026 14:57:57,T1,T2,1.5ft,0.05s
4.17.2026 14:57:57,T0,T1,1.4ft,0.05s
4.17.2026 14:57:57,T0,T2,2.8ft,0.05s
4.17.2026 14:57:57,T1,T2,1.4ft,0.05s
4.17.2026 14:57:57,T0,T1,1.3ft,0.05s
4.17.2026 14:57:57,T0,T2,2.7ft,0.05s
4.17.2026 14:57:57,T1,T2,1.3ft,0.05s
4.17.2026 14:57:57,T0,T1,1.3ft,0.05s
4.17.2026 14:57:57,T0,T2,2.5ft,0.05s
4.17.2026 14:57:57,T1,T2,1.2ft,0.05s
4.17.2026 14:57:57,T0,T1,1.2ft,0.05s
4.17.2026 14:57:57,T0,T2,2.4ft,0.05s
4.17.2026 14:57:57,T1,T2,1.1ft,0.05s
4.17.2026 14:57:57,T0,T1,1.2ft,0.05s
4.17.2026 14:57:57,T0,T2,2.3ft,0.05s
4.17.2026 14:57:57,T1,T2,1.1ft,0.05s
4.17.2026 14:57:57,T0,T1,1.2ft,0.05s
4.17.2026 14:57:57,T0,T2,2.1ft,0.05s
4.17.2026 14:57:57,T1,T2,1.0ft,0.05s
4.17.2026 14:57:57,T0,T1,1.1ft,0.05s
4.17.2026 14:57:57,T0,T2,2.0ft,0.05s
4.17.2026 14:57:57,T1,T2,0.9ft,0.05s
4.17.2026 14:57:57,T0,T1,1.1ft,0.05s
4.17.2026 14:57:57,T0,T2,1.9ft,0.05s
4.17.2026 14:57:57,T1,T2,0.9ft,0.05s
4.17.2026 14:57:57,T0,T1,1.1ft,0.05s
4.17.2026 14:57:57,T0,T2,1.8ft,0.05s
4.17.2026 14:57:57,T1,T2,0.8ft,0.05s
4.17.2026 14:57:57,T0,T1,1.1ft,0.05s
4.17.2026 14:57:57,T0,T2,1.7ft,0.05s
4.17.2026 14:57:57,T1,T2,0.8ft,0.05s
4.17.2026 14:57:57,T0,T1,1.1ft,0.05s
4.17.2026 14:57:57,T0,T2,1.7ft,0.05s
4.17.2026 14:57:57,T1,T2,0.7ft,0.05s
4.17.2026 14:57:57,T0,T1,1.1ft,0.05s
4.17.2026 14:57:57,T0,T2,1.6ft,0.05s
4.17.2026 14:57:57,T1,T2,0.7ft,0.05s
4.17.2026 14:57:57,T0,T1,1.1ft,0.05s
4.17.2026 14:57:57,T0,T2,1.5ft,0.05s
4.17.2026 14:57:57,T1,T2,0.7ft,0.05s
4.17.2026 14:57:58,T0,T1,1.0ft,0.05s
4.17.2026 14:57:58,T0,T2,1.5ft,0.05s
4.17.2026 14:57:58,T1,T2,0.7ft,0.05s
4.17.2026 14:57:58,T0,T1,1.0ft,0.05s
4.17.2026 14:57:58,T0,T2,1.5ft,0.05s
4.17.2026 14:57:58,T1,T2,0.6ft,0.05s
4.17.2026 14:57:58,T0,T1,1.0ft,0.05s
4.17.2026 14:57:58,T0,T2,1.5ft,0.05s
4.17.2026 14:57:58,T1,T2,0.6ft,0.05s
4.17.2026 14:57:58,T0,T1,1.0ft,0.05s
4.17.2026 14:57:58,T0,T2,1.4ft,0.05s
4.17.2026 14:57:58,T1,T2,0.6ft,0.05s
4.17.2026 14:57:58,T0,T1,0.9ft,0.05s
4.17.2026 14:57:58,T0,T2,1.4ft,0.05s
4.17.2026 14:57:58,T1,T2,0.6ft,0.05s
4.17.2026 14:57:58,T0,T1,1.0ft,0.05s
4.17.2026 14:57:58,T0,T2,1.4ft,0.05s
4.17.2026 14:57:58,T1,T2,0.5ft,0.05s
4.17.2026 14:57:58,T0,T1,1.0ft,0.05s
4.17.2026 14:57:58,T0,T2,1.4ft,0.05s
4.17.2026 14:57:58,T1,T2,0.5ft,0.05s
4.17.2026 14:57:58,T0,T1,1.1ft,0.05s
4.17.2026 14:57:58,T0,T2,1.4ft,0.05s
4.17.2026 14:57:58,T1,T2,0.4ft,0.05s
4.17.2026 14:57:58,T0,T1,1.3ft,0.05s
4.17.2026 14:57:58,T0,T2,1.4ft,0.05s
4.17.2026 14:57:58,T1,T2,0.3ft,0.05s
4.17.2026 14:57:58,T0,T1,1.4ft,0.05s
4.17.2026 14:57:58,T0,T2,1.3ft,0.05s
4.17.2026 14:57:58,T1,T2,0.2ft,0.05s
4.17.2026 14:57:58,T0,T1,1.5ft,0.05s
4.17.2026 14:57:58,T0,T2,1.3ft,0.05s
4.17.2026 14:57:58,T1,T2,0.3ft,0.05s
4.17.2026 14:57:58,T0,T1,1.6ft,0.05s
4.17.2026 14:57:58,T0,T2,1.3ft,0.05s
4.17.2026 14:57:58,T1,T2,0.3ft,0.05s
4.17.2026 14:57:58,T0,T1,1.6ft,0.05s
4.17.2026 14:57:58,T0,T2,1.3ft,0.05s
4.17.2026 14:57:58,T1,T2,0.4ft,0.05s
4.17.2026 14:57:58,T0,T1,1.6ft,0.05s
4.17.2026 14:57:58,T0,T2,1.3ft,0.05s
4.17.2026 14:57:58,T1,T2,0.4ft,0.05s
4.17.2026 14:57:58,T0,T1,1.6ft,0.05s
4.17.2026 14:57:58,T0,T2,1.3ft,0.05s
4.17.2026 14:57:58,T1,T2,0.4ft,0.05s
4.17.2026 14:57:58,T0,T1,1.6ft,0.05s
4.17.2026 14:57:58,T0,T2,1.3ft,0.05s
4.17.2026 14:57:58,T1,T2,0.4ft,0.05s
4.17.2026 14:57:58,T0,T1,1.5ft,0.05s
4.17.2026 14:57:58,T0,T2,1.3ft,0.05s
4.17.2026 14:57:58,T1,T2,0.4ft,0.05s
4.17.2026 14:57:58,T0,T1,1.5ft,0.05s
4.17.2026 14:57:58,T0,T2,1.3ft,0.05s
4.17.2026 14:57:58,T1,T2,0.4ft,0.05s
4.17.2026 14:57:58,T0,T1,1.5ft,0.05s
4.17.2026 14:57:58,T0,T2,1.3ft,0.05s
4.17.2026 14:57:58,T1,T2,0.5ft,0.05s
4.17.2026 14:57:58,T0,T1,1.4ft,0.05s
4.17.2026 14:57:58,T0,T2,1.3ft,0.05s
4.17.2026 14:57:58,T1,T2,0.4ft,0.05s
4.17.2026 14:57:59,T0,T1,1.4ft,0.05s
4.17.2026 14:57:59,T0,T2,1.3ft,0.05s
4.17.2026 14:57:59,T1,T2,0.3ft,0.05s
4.17.2026 14:57:59,T0,T1,1.3ft,0.05s
4.17.2026 14:57:59,T0,T2,1.3ft,0.05s
4.17.2026 14:57:59,T1,T2,0.2ft,0.05s
4.17.2026 14:57:59,T0,T1,1.3ft,0.05s
4.17.2026 14:57:59,T0,T2,1.3ft,0.05s
4.17.2026 14:57:59,T1,T2,0.1ft,0.05s
4.17.2026 14:57:59,T0,T1,1.3ft,0.05s
4.17.2026 14:57:59,T0,T2,1.3ft,0.05s
4.17.2026 14:57:59,T1,T2,0.1ft,0.05s
4.17.2026 14:57:59,T0,T1,1.4ft,0.05s
4.17.2026 14:57:59,T0,T2,1.3ft,0.05s
4.17.2026 14:57:59,T1,T2,0.2ft,0.05s
4.17.2026 14:57:59,T0,T1,1.5ft,0.05s
4.17.2026 14:57:59,T0,T2,1.3ft,0.05s
4.17.2026 14:57:59,T1,T2,0.3ft,0.05s
4.17.2026 14:57:59,T0,T1,1.5ft,0.05s
4.17.2026 14:57:59,T0,T2,1.3ft,0.05s
4.17.2026 14:57:59,T1,T2,0.3ft,0.05s
4.17.2026 14:57:59,T0,T1,1.6ft,0.05s
4.17.2026 14:57:59,T0,T2,1.3ft,0.05s
4.17.2026 14:57:59,T1,T2,0.3ft,0.05s
4.17.2026 14:57:59,T0,T1,1.6ft,0.05s
4.17.2026 14:57:59,T0,T2,1.3ft,0.05s
4.17.2026 14:57:59,T1,T2,0.3ft,0.05s
4.17.2026 14:57:59,T0,T1,1.7ft,0.05s
4.17.2026 14:57:59,T0,T2,1.3ft,0.05s
4.17.2026 14:57:59,T1,T2,0.4ft,0.05s
4.17.2026 14:57:59,T0,T1,1.7ft,0.05s
4.17.2026 14:57:59,T0,T2,1.3ft,0.05s
4.17.2026 14:57:59,T1,T2,0.4ft,0.05s
4.17.2026 14:57:59,T0,T1,1.7ft,0.05s
4.17.2026 14:57:59,T0,T2,1.3ft,0.05s
4.17.2026 14:57:59,T1,T2,0.4ft,0.05s
4.17.2026 14:57:59,T0,T1,1.7ft,0.05s
4.17.2026 14:57:59,T0,T2,1.3ft,0.05s
4.17.2026 14:57:59,T1,T2,0.4ft,0.05s
4.17.2026 14:57:59,T0,T1,1.6ft,0.05s
4.17.2026 14:57:59,T0,T2,1.3ft,0.05s
4.17.2026 14:57:59,T1,T2,0.4ft,0.05s
4.17.2026 14:57:59,T0,T1,1.6ft,0.05s
4.17.2026 14:57:59,T0,T2,1.5ft,0.05s
4.17.2026 14:57:59,T1,T2,0.5ft,0.05s
4.17.2026 14:57:59,T0,T1,1.6ft,0.05s
4.17.2026 14:57:59,T0,T2,1.7ft,0.05s
4.17.2026 14:57:59,T1,T2,0.7ft,0.05s
4.17.2026 14:57:59,T0,T1,1.6ft,0.05s
4.17.2026 14:57:59,T0,T2,1.9ft,0.05s
4.17.2026 14:57:59,T1,T2,0.9ft,0.05s
4.17.2026 14:57:59,T0,T1,1.5ft,0.05s
4.17.2026 14:57:59,T0,T2,2.0ft,0.05s
4.17.2026 14:57:59,T1,T2,1.1ft,0.05s
4.17.2026 14:57:59,T0,T1,1.5ft,0.05s
4.17.2026 14:57:59,T0,T2,2.1ft,0.05s
4.17.2026 14:57:59,T1,T2,1.2ft,0.05s
4.17.2026 14:57:59,T0,T1,1.5ft,0.05s
4.17.2026 14:57:59,T0,T2,2.2ft,0.05s
4.17.2026 14:57:59,T1,T2,1.3ft,0.05s
4.17.2026 14:58:00,T0,T1,1.5ft,0.05s
4.17.2026 14:58:00,T0,T2,2.2ft,0.05s
4.17.2026 14:58:00,T1,T2,1.4ft,0.05s
4.17.2026 14:58:00,T0,T1,1.5ft,0.05s
4.17.2026 14:58:00,T0,T2,2.2ft,0.05s
4.17.2026 14:58:00,T1,T2,1.4ft,0.05s
4.17.2026 14:58:00,T0,T1,1.4ft,0.05s
4.17.2026 14:58:00,T0,T2,2.1ft,0.05s
4.17.2026 14:58:00,T1,T2,1.4ft,0.05s
4.17.2026 14:58:00,T0,T1,1.4ft,0.05s
4.17.2026 14:58:00,T0,T2,2.1ft,0.05s
4.17.2026 14:58:00,T1,T2,1.4ft,0.05s
4.17.2026 14:58:00,T0,T1,1.4ft,0.05s
4.17.2026 14:58:00,T0,T2,2.1ft,0.05s
4.17.2026 14:58:00,T1,T2,1.3ft,0.05s
4.17.2026 14:58:00,T0,T1,1.3ft,0.05s
4.17.2026 14:58:00,T0,T2,2.0ft,0.05s
4.17.2026 14:58:00,T1,T2,1.3ft,0.05s
4.17.2026 14:58:00,T0,T1,1.3ft,0.05s
4.17.2026 14:58:00,T0,T2,2.0ft,0.05s
4.17.2026 14:58:00,T1,T2,1.2ft,0.05s
4.17.2026 14:58:00,T0,T1,1.2ft,0.05s
4.17.2026 14:58:00,T0,T2,1.9ft,0.05s
4.17.2026 14:58:00,T1,T2,1.1ft,0.05s
4.17.2026 14:58:00,T0,T1,1.2ft,0.05s
4.17.2026 14:58:00,T0,T2,1.9ft,0.05s
4.17.2026 14:58:00,T1,T2,1.0ft,0.05s
4.17.2026 14:58:00,T0,T1,1.2ft,0.05s
4.17.2026 14:58:00,T0,T2,1.8ft,0.05s
4.17.2026 14:58:00,T1,T2,1.0ft,0.05s
4.17.2026 14:58:00,T0,T1,1.2ft,0.05s
4.17.2026 14:58:00,T0,T2,1.8ft,0.05s
4.17.2026 14:58:00,T1,T2,1.0ft,0.05s
4.17.2026 14:58:00,T0,T1,1.1ft,0.05s
4.17.2026 14:58:00,T0,T2,1.9ft,0.05s
4.17.2026 14:58:00,T1,T2,1.0ft,0.05s
4.17.2026 14:58:00,T0,T1,1.1ft,0.05s
4.17.2026 14:58:00,T0,T2,1.9ft,0.05s
4.17.2026 14:58:00,T1,T2,0.9ft,0.05s
4.17.2026 14:58:00,T0,T1,1.1ft,0.05s
4.17.2026 14:58:00,T0,T2,1.9ft,0.05s
4.17.2026 14:58:00,T1,T2,1.0ft,0.05s
4.17.2026 14:58:00,T0,T1,1.1ft,0.05s
4.17.2026 14:58:00,T0,T2,2.0ft,0.05s
4.17.2026 14:58:00,T1,T2,1.0ft,0.05s
4.17.2026 14:58:00,T0,T1,1.1ft,0.05s
4.17.2026 14:58:00,T0,T2,2.0ft,0.05s
4.17.2026 14:58:00,T1,T2,1.0ft,0.05s
4.17.2026 14:58:00,T0,T1,1.1ft,0.05s
4.17.2026 14:58:00,T0,T2,2.1ft,0.05s
4.17.2026 14:58:00,T1,T2,1.1ft,0.05s
4.17.2026 14:58:00,T0,T1,1.1ft,0.05s
4.17.2026 14:58:00,T0,T2,2.2ft,0.05s
4.17.2026 14:58:00,T1,T2,1.1ft,0.05s
4.17.2026 14:58:00,T0,T1,1.1ft,0.05s
4.17.2026 14:58:00,T0,T2,2.2ft,0.05s
4.17.2026 14:58:00,T1,T2,1.2ft,0.05s
4.17.2026 14:58:01,T0,T1,1.1ft,0.05s
4.17.2026 14:58:01,T0,T2,2.3ft,0.05s
4.17.2026 14:58:01,T1,T2,1.3ft,0.05s
4.17.2026 14:58:01,T0,T1,1.1ft,0.05s
4.17.2026 14:58:01,T0,T2,2.3ft,0.05s
4.17.2026 14:58:01,T1,T2,1.3ft,0.05s
4.17.2026 14:58:01,T0,T1,1.1ft,0.05s
4.17.2026 14:58:01,T0,T2,2.4ft,0.05s
4.17.2026 14:58:01,T1,T2,1.4ft,0.05s
4.17.2026 14:58:01,T0,T1,1.1ft,0.05s
4.17.2026 14:58:01,T0,T2,2.4ft,0.05s
4.17.2026 14:58:01,T1,T2,1.5ft,0.05s
4.17.2026 14:58:01,T0,T1,1.1ft,0.05s
4.17.2026 14:58:01,T0,T2,2.4ft,0.05s
4.17.2026 14:58:01,T1,T2,1.5ft,0.05s
4.17.2026 14:58:01,T0,T1,1.1ft,0.05s
4.17.2026 14:58:01,T0,T2,2.4ft,0.05s
4.17.2026 14:58:01,T1,T2,1.5ft,0.05s
4.17.2026 14:58:01,T0,T1,1.1ft,0.05s
4.17.2026 14:58:01,T0,T2,2.4ft,0.05s
4.17.2026 14:58:01,T1,T2,1.4ft,0.05s
4.17.2026 14:58:01,T0,T1,1.2ft,0.05s
4.17.2026 14:58:01,T0,T2,2.4ft,0.05s
4.17.2026 14:58:01,T1,T2,1.3ft,0.05s
4.17.2026 14:58:01,T0,T1,1.2ft,0.05s
4.17.2026 14:58:01,T0,T2,2.4ft,0.05s
4.17.2026 14:58:01,T1,T2,1.3ft,0.05s
4.17.2026 14:58:01,T0,T1,1.3ft,0.05s
4.17.2026 14:58:01,T0,T2,2.4ft,0.05s
4.17.2026 14:58:01,T1,T2,1.1ft,0.05s
4.17.2026 14:58:01,T0,T1,1.3ft,0.05s
4.17.2026 14:58:01,T0,T2,2.4ft,0.05s
4.17.2026 14:58:01,T1,T2,1.1ft,0.05s
4.17.2026 14:58:01,T0,T1,1.3ft,0.05s
4.17.2026 14:58:01,T0,T2,2.5ft,0.05s
4.17.2026 14:58:01,T1,T2,1.2ft,0.05s
4.17.2026 14:58:01,T0,T1,1.3ft,0.05s
4.17.2026 14:58:01,T0,T2,2.5ft,0.05s
4.17.2026 14:58:01,T1,T2,1.3ft,0.05s
4.17.2026 14:58:01,T0,T1,1.3ft,0.05s
4.17.2026 14:58:01,T0,T2,2.6ft,0.05s
4.17.2026 14:58:01,T1,T2,1.6ft,0.05s
4.17.2026 14:58:01,T0,T1,1.3ft,0.05s
4.17.2026 14:58:01,T0,T2,2.7ft,0.05s
4.17.2026 14:58:01,T1,T2,1.8ft,0.05s
4.17.2026 14:58:01,T0,T1,1.3ft,0.05s
4.17.2026 14:58:01,T0,T2,2.8ft,0.05s
4.17.2026 14:58:01,T1,T2,2.1ft,0.05s
4.17.2026 14:58:01,T0,T1,1.3ft,0.05s
4.17.2026 14:58:01,T0,T2,2.9ft,0.05s
4.17.2026 14:58:01,T1,T2,2.3ft,0.05s
4.17.2026 14:58:01,T0,T1,1.3ft,0.05s
4.17.2026 14:58:01,T0,T2,3.0ft,0.05s
4.17.2026 14:58:01,T1,T2,2.6ft,0.05s
4.17.2026 14:58:01,T0,T1,1.3ft,0.05s
4.17.2026 14:58:01,T0,T2,3.1ft,0.05s
4.17.2026 14:58:01,T1,T2,2.8ft,0.05s
4.17.2026 14:58:01,T0,T1,1.4ft,0.05s
4.17.2026 14:58:01,T0,T2,3.2ft,0.05s
4.17.2026 14:58:01,T1,T2,3.0ft,0.05s
4.17.2026 14:58:02,T0,T1,1.4ft,0.05s
4.17.2026 14:58:02,T0,T2,3.2ft,0.05s
4.17.2026 14:58:02,T1,T2,3.2ft,0.05s
4.17.2026 14:58:02,T0,T1,1.5ft,0.05s
4.17.2026 14:58:02,T0,T2,3.3ft,0.05s
4.17.2026 14:58:02,T1,T2,3.5ft,0.05s
4.17.2026 14:58:02,T0,T1,1.5ft,0.05s
4.17.2026 14:58:02,T0,T2,3.4ft,0.05s
4.17.2026 14:58:02,T1,T2,3.6ft,0.05s
4.17.2026 14:58:02,T0,T1,1.6ft,0.05s
4.17.2026 14:58:02,T0,T2,3.4ft,0.05s
4.17.2026 14:58:02,T1,T2,3.8ft,0.05s
4.17.2026 14:58:02,T0,T1,1.6ft,0.05s
4.17.2026 14:58:02,T0,T2,3.5ft,0.05s
4.17.2026 14:58:02,T1,T2,3.8ft,0.05s
4.17.2026 14:58:02,T0,T1,1.6ft,0.05s
4.17.2026 14:58:02,T0,T2,3.5ft,0.05s
4.17.2026 14:58:02,T1,T2,3.9ft,0.05s
4.17.2026 14:58:02,T0,T1,1.6ft,0.05s
4.17.2026 14:58:02,T0,T2,3.6ft,0.05s
4.17.2026 14:58:02,T1,T2,3.9ft,0.05s
4.17.2026 14:58:02,T0,T1,1.6ft,0.05s
4.17.2026 14:58:02,T0,T2,3.7ft,0.05s
4.17.2026 14:58:02,T1,T2,4.0ft,0.05s
4.17.2026 14:58:02,T0,T1,1.7ft,0.05s
4.17.2026 14:58:02,T0,T2,3.7ft,0.05s
4.17.2026 14:58:02,T1,T2,4.0ft,0.05s
4.17.2026 14:58:02,T0,T1,1.8ft,0.05s
4.17.2026 14:58:02,T0,T2,3.8ft,0.05s
4.17.2026 14:58:02,T1,T2,4.1ft,0.05s
4.17.2026 14:58:02,T0,T1,2.0ft,0.05s
4.17.2026 14:58:02,T0,T2,3.9ft,0.05s
4.17.2026 14:58:02,T1,T2,4.2ft,0.05s
4.17.2026 14:58:02,T0,T1,2.2ft,0.05s
4.17.2026 14:58:02,T0,T2,3.9ft,0.05s
4.17.2026 14:58:02,T1,T2,4.3ft,0.05s
4.17.2026 14:58:02,T0,T1,2.4ft,0.05s
4.17.2026 14:58:02,T0,T2,3.8ft,0.05s
4.17.2026 14:58:02,T1,T2,4.2ft,0.05s
4.17.2026 14:58:02,T0,T1,2.6ft,0.05s
4.17.2026 14:58:02,T0,T2,3.6ft,0.05s
4.17.2026 14:58:02,T1,T2,4.0ft,0.05s
4.17.2026 14:58:02,T0,T1,2.7ft,0.05s
4.17.2026 14:58:02,T0,T2,3.5ft,0.05s
4.17.2026 14:58:02,T1,T2,3.8ft,0.05s
4.17.2026 14:58:02,T0,T1,2.8ft,0.05s
4.17.2026 14:58:02,T0,T2,3.4ft,0.05s
4.17.2026 14:58:02,T1,T2,3.6ft,0.05s
4.17.2026 14:58:02,T0,T1,2.8ft,0.05s
4.17.2026 14:58:02,T0,T2,3.3ft,0.05s
4.17.2026 14:58:02,T1,T2,3.4ft,0.05s
4.17.2026 14:58:02,T0,T1,2.8ft,0.05s
4.17.2026 14:58:02,T0,T2,3.2ft,0.05s
4.17.2026 14:58:02,T1,T2,3.1ft,0.05s
4.17.2026 14:58:02,T0,T1,2.7ft,0.05s
4.17.2026 14:58:02,T0,T2,3.1ft,0.05s
4.17.2026 14:58:02,T1,T2,2.9ft,0.05s
4.17.2026 14:58:02,T0,T1,2.6ft,0.05s
4.17.2026 14:58:02,T0,T2,3.0ft,0.05s
4.17.2026 14:58:02,T1,T2,2.7ft,0.05s
4.17.2026 14:58:03,T0,T1,2.5ft,0.05s
4.17.2026 14:58:03,T0,T2,2.9ft,0.05s
4.17.2026 14:58:03,T1,T2,2.5ft,0.05s
4.17.2026 14:58:03,T0,T1,2.4ft,0.05s
4.17.2026 14:58:03,T0,T2,2.9ft,0.05s
4.17.2026 14:58:03,T1,T2,2.3ft,0.05s
4.17.2026 14:58:03,T0,T1,2.3ft,0.05s
4.17.2026 14:58:03,T0,T2,2.9ft,0.05s
4.17.2026 14:58:03,T1,T2,2.2ft,0.05s
4.17.2026 14:58:03,T0,T1,2.3ft,0.05s
4.17.2026 14:58:03,T0,T2,2.9ft,0.05s
4.17.2026 14:58:03,T1,T2,2.1ft,0.05s
4.17.2026 14:58:03,T0,T1,2.2ft,0.05s
4.17.2026 14:58:03,T0,T2,2.9ft,0.05s
4.17.2026 14:58:03,T1,T2,2.1ft,0.05s
4.17.2026 14:58:03,T0,T1,2.1ft,0.05s
4.17.2026 14:58:03,T0,T2,2.9ft,0.05s
4.17.2026 14:58:03,T1,T2,2.0ft,0.05s
4.17.2026 14:58:03,T0,T1,2.0ft,0.05s
4.17.2026 14:58:03,T0,T2,2.8ft,0.05s
4.17.2026 14:58:03,T1,T2,1.9ft,0.05s
4.17.2026 14:58:03,T0,T1,1.9ft,0.05s
4.17.2026 14:58:03,T0,T2,2.7ft,0.05s
4.17.2026 14:58:03,T1,T2,1.9ft,0.05s
4.17.2026 14:58:03,T0,T1,1.9ft,0.05s
4.17.2026 14:58:03,T0,T2,2.6ft,0.05s
4.17.2026 14:58:03,T1,T2,1.8ft,0.05s
4.17.2026 14:58:03,T0,T1,1.7ft,0.05s
4.17.2026 14:58:03,T0,T2,2.5ft,0.05s
4.17.2026 14:58:03,T1,T2,1.6ft,0.05s
4.17.2026 14:58:03,T0,T1,1.6ft,0.05s
4.17.2026 14:58:03,T0,T2,2.4ft,0.05s
4.17.2026 14:58:03,T1,T2,1.5ft,0.05s
4.17.2026 14:58:03,T0,T1,1.5ft,0.05s
4.17.2026 14:58:03,T0,T2,2.2ft,0.05s
4.17.2026 14:58:03,T1,T2,1.3ft,0.05s
4.17.2026 14:58:03,T0,T1,1.5ft,0.05s
4.17.2026 14:58:03,T0,T2,2.1ft,0.05s
4.17.2026 14:58:03,T1,T2,1.0ft,0.05s
4.17.2026 14:58:03,T0,T1,1.5ft,0.05s
4.17.2026 14:58:03,T0,T2,2.0ft,0.05s
4.17.2026 14:58:03,T1,T2,0.7ft,0.05s
4.17.2026 14:58:03,T0,T1,1.6ft,0.05s
4.17.2026 14:58:03,T0,T2,1.9ft,0.05s
4.17.2026 14:58:03,T1,T2,0.5ft,0.05s
4.17.2026 14:58:03,T0,T1,1.6ft,0.05s
4.17.2026 14:58:03,T0,T2,1.9ft,0.05s
4.17.2026 14:58:03,T1,T2,0.3ft,0.05s
4.17.2026 14:58:03,T0,T1,1.7ft,0.05s
4.17.2026 14:58:03,T0,T2,1.8ft,0.05s
4.17.2026 14:58:03,T1,T2,0.1ft,0.05s
4.17.2026 14:58:03,T0,T1,1.8ft,0.05s
4.17.2026 14:58:03,T0,T2,1.9ft,0.05s
4.17.2026 14:58:03,T1,T2,0.2ft,0.05s
4.17.2026 14:58:03,T0,T1,1.9ft,0.05s
4.17.2026 14:58:03,T0,T2,1.9ft,0.05s
4.17.2026 14:58:03,T1,T2,0.3ft,0.05s
4.17.2026 14:58:04,T0,T1,2.0ft,0.05s
4.17.2026 14:58:04,T0,T2,2.0ft,0.05s
4.17.2026 14:58:04,T1,T2,0.3ft,0.05s
4.17.2026 14:58:04,T0,T1,2.0ft,0.05s
4.17.2026 14:58:04,T0,T2,2.1ft,0.05s
4.17.2026 14:58:04,T1,T2,0.3ft,0.05s
4.17.2026 14:58:04,T0,T1,2.1ft,0.05s
4.17.2026 14:58:04,T0,T2,2.1ft,0.05s
4.17.2026 14:58:04,T1,T2,0.3ft,0.05s
4.17.2026 14:58:04,T0,T1,2.2ft,0.05s
4.17.2026 14:58:04,T0,T2,2.2ft,0.05s
4.17.2026 14:58:04,T1,T2,0.2ft,0.05s
4.17.2026 14:58:04,T0,T1,2.3ft,0.05s
4.17.2026 14:58:04,T0,T2,2.2ft,0.05s
4.17.2026 14:58:04,T1,T2,0.1ft,0.05s
4.17.2026 14:58:04,T0,T1,2.4ft,0.05s
4.17.2026 14:58:04,T0,T2,2.2ft,0.05s
4.17.2026 14:58:04,T1,T2,0.3ft,0.05s
4.17.2026 14:58:04,T0,T1,2.6ft,0.05s
4.17.2026 14:58:04,T0,T2,2.1ft,0.05s
4.17.2026 14:58:04,T1,T2,0.5ft,0.05s
4.17.2026 14:58:04,T0,T1,2.6ft,0.05s
4.17.2026 14:58:04,T0,T2,2.1ft,0.05s
4.17.2026 14:58:04,T1,T2,0.7ft,0.05s
4.17.2026 14:58:04,T0,T1,2.7ft,0.05s
4.17.2026 14:58:04,T0,T2,2.0ft,0.05s
4.17.2026 14:58:04,T1,T2,0.9ft,0.05s
4.17.2026 14:58:04,T0,T1,2.8ft,0.05s
4.17.2026 14:58:04,T0,T2,1.9ft,0.05s
4.17.2026 14:58:04,T1,T2,1.0ft,0.05s
4.17.2026 14:58:04,T0,T1,2.8ft,0.05s
4.17.2026 14:58:04,T0,T2,1.8ft,0.05s
4.17.2026 14:58:04,T1,T2,1.1ft,0.05s
4.17.2026 14:58:04,T0,T1,2.8ft,0.05s
4.17.2026 14:58:04,T0,T2,1.8ft,0.05s
4.17.2026 14:58:04,T1,T2,1.1ft,0.05s
4.17.2026 14:58:04,T0,T1,2.8ft,0.05s
4.17.2026 14:58:04,T0,T2,1.9ft,0.05s
4.17.2026 14:58:04,T1,T2,1.0ft,0.05s
4.17.2026 14:58:04,T0,T1,2.7ft,0.05s
4.17.2026 14:58:04,T0,T2,2.0ft,0.05s
4.17.2026 14:58:04,T1,T2,1.0ft,0.05s
4.17.2026 14:58:04,T0,T1,2.6ft,0.05s
4.17.2026 14:58:04,T0,T2,2.1ft,0.05s
4.17.2026 14:58:04,T1,T2,0.9ft,0.05s
4.17.2026 14:58:04,T0,T1,2.6ft,0.05s
4.17.2026 14:58:04,T0,T2,2.2ft,0.05s
4.17.2026 14:58:04,T1,T2,0.9ft,0.05s
4.17.2026 14:58:04,T0,T1,2.6ft,0.05s
4.17.2026 14:58:04,T0,T2,2.3ft,0.05s
4.17.2026 14:58:04,T1,T2,1.0ft,0.05s
4.17.2026 14:58:04,T0,T1,2.6ft,0.05s
4.17.2026 14:58:04,T0,T2,2.4ft,0.05s
4.17.2026 14:58:04,T1,T2,1.0ft,0.05s
4.17.2026 14:58:04,T0,T1,2.6ft,0.05s
4.17.2026 14:58:04,T0,T2,2.5ft,0.05s
4.17.2026 14:58:04,T1,T2,1.1ft,0.05s
4.17.2026 14:58:04,T0,T1,2.6ft,0.05s
4.17.2026 14:58:04,T0,T2,2.6ft,0.05s
4.17.2026 14:58:04,T1,T2,1.1ft,0.05s
4.17.2026 14:58:05,T0,T1,2.6ft,0.05s
4.17.2026 14:58:05,T0,T2,2.7ft,0.05s
4.17.2026 14:58:05,T1,T2,1.2ft,0.05s
4.17.2026 14:58:05,T0,T1,2.6ft,0.05s
4.17.2026 14:58:05,T0,T2,2.8ft,0.05s
4.17.2026 14:58:05,T1,T2,1.2ft,0.05s
4.17.2026 14:58:05,T0,T1,2.6ft,0.05s
4.17.2026 14:58:05,T0,T2,2.8ft,0.05s
4.17.2026 14:58:05,T1,T2,1.3ft,0.05s
4.17.2026 14:58:05,T0,T1,2.6ft,0.05s
4.17.2026 14:58:05,T0,T2,2.9ft,0.05s
4.17.2026 14:58:05,T1,T2,1.3ft,0.05s
4.17.2026 14:58:05,T0,T1,2.6ft,0.05s
4.17.2026 14:58:05,T0,T2,2.9ft,0.05s
4.17.2026 14:58:05,T1,T2,1.4ft,0.05s
4.17.2026 14:58:05,T0,T1,2.6ft,0.05s
4.17.2026 14:58:05,T0,T2,2.9ft,0.05s
4.17.2026 14:58:05,T1,T2,1.4ft,0.05s
4.17.2026 14:58:05,T0,T1,2.6ft,0.05s
4.17.2026 14:58:05,T0,T2,3.0ft,0.05s
4.17.2026 14:58:05,T1,T2,1.5ft,0.05s
4.17.2026 14:58:05,T0,T1,2.5ft,0.05s
4.17.2026 14:58:05,T0,T2,3.0ft,0.05s
4.17.2026 14:58:05,T1,T2,1.6ft,0.05s
4.17.2026 14:58:05,T0,T1,2.5ft,0.05s
4.17.2026 14:58:05,T0,T2,3.1ft,0.05s
4.17.2026 14:58:05,T1,T2,1.6ft,0.05s
4.17.2026 14:58:05,T0,T1,2.5ft,0.05s
4.17.2026 14:58:05,T0,T2,3.1ft,0.05s
4.17.2026 14:58:05,T1,T2,1.7ft,0.05s
4.17.2026 14:58:05,T0,T1,2.5ft,0.05s
4.17.2026 14:58:05,T0,T2,3.1ft,0.05s
4.17.2026 14:58:05,T1,T2,1.7ft,0.05s
4.17.2026 14:58:05,T0,T1,2.6ft,0.05s
4.17.2026 14:58:05,T0,T2,3.1ft,0.05s
4.17.2026 14:58:05,T1,T2,1.5ft,0.05s
4.17.2026 14:58:05,T0,T1,2.8ft,0.05s
4.17.2026 14:58:05,T0,T2,3.0ft,0.05s
4.17.2026 14:58:05,T1,T2,1.4ft,0.05s
4.17.2026 14:58:05,T0,T1,2.9ft,0.05s
4.17.2026 14:58:05,T0,T2,2.9ft,0.05s
4.17.2026 14:58:05,T1,T2,1.3ft,0.05s
4.17.2026 14:58:05,T0,T1,2.9ft,0.05s
4.17.2026 14:58:05,T0,T2,2.8ft,0.05s
4.17.2026 14:58:05,T1,T2,1.2ft,0.05s
4.17.2026 14:58:05,T0,T1,3.0ft,0.05s
4.17.2026 14:58:05,T0,T2,2.7ft,0.05s
4.17.2026 14:58:05,T1,T2,1.2ft,0.05s
4.17.2026 14:58:05,T0,T1,3.1ft,0.05s
4.17.2026 14:58:05,T0,T2,2.6ft,0.05s
4.17.2026 14:58:05,T1,T2,1.2ft,0.05s
4.17.2026 14:58:05,T0,T1,3.2ft,0.05s
4.17.2026 14:58:05,T0,T2,2.6ft,0.05s
4.17.2026 14:58:05,T1,T2,1.2ft,0.05s
4.17.2026 14:58:05,T0,T1,3.2ft,0.05s
4.17.2026 14:58:05,T0,T2,2.6ft,0.05s
4.17.2026 14:58:05,T1,T2,1.2ft,0.05s
4.17.2026 14:58:05,T0,T1,3.3ft,0.05s
4.17.2026 14:58:05,T0,T2,2.6ft,0.05s
4.17.2026 14:58:05,T1,T2,1.3ft,0.05s
4.17.2026 14:58:06,T0,T1,3.4ft,0.05s
4.17.2026 14:58:06,T0,T2,2.6ft,0.05s
4.17.2026 14:58:06,T1,T2,1.3ft,0.05s
4.17.2026 14:58:06,T0,T1,3.4ft,0.05s
4.17.2026 14:58:06,T0,T2,2.6ft,0.05s
4.17.2026 14:58:06,T1,T2,1.3ft,0.05s
4.17.2026 14:58:06,T0,T1,3.4ft,0.05s
4.17.2026 14:58:06,T0,T2,2.6ft,0.05s
4.17.2026 14:58:06,T1,T2,1.3ft,0.05s
4.17.2026 14:58:06,T0,T1,3.5ft,0.05s
4.17.2026 14:58:06,T0,T2,2.6ft,0.05s
4.17.2026 14:58:06,T1,T2,1.3ft,0.05s
4.17.2026 14:58:06,T0,T1,3.5ft,0.05s
4.17.2026 14:58:06,T0,T2,2.6ft,0.05s
4.17.2026 14:58:06,T1,T2,1.3ft,0.05s
4.17.2026 14:58:06,T0,T1,3.5ft,0.05s
4.17.2026 14:58:06,T0,T2,2.6ft,0.05s
4.17.2026 14:58:06,T1,T2,1.4ft,0.05s
4.17.2026 14:58:06,T0,T1,3.4ft,0.05s
4.17.2026 14:58:06,T0,T2,2.5ft,0.05s
4.17.2026 14:58:06,T1,T2,1.4ft,0.05s
4.17.2026 14:58:06,T0,T1,3.4ft,0.05s
4.17.2026 14:58:06,T0,T2,2.5ft,0.05s
4.17.2026 14:58:06,T1,T2,1.4ft,0.05s
4.17.2026 14:58:06,T0,T1,3.4ft,0.05s
4.17.2026 14:58:06,T0,T2,2.4ft,0.05s
4.17.2026 14:58:06,T1,T2,1.4ft,0.05s
4.17.2026 14:58:06,T0,T1,3.3ft,0.05s
4.17.2026 14:58:06,T0,T2,2.3ft,0.05s
4.17.2026 14:58:06,T1,T2,1.4ft,0.05s
4.17.2026 14:58:06,T0,T1,3.3ft,0.05s
4.17.2026 14:58:06,T0,T2,2.2ft,0.05s
4.17.2026 14:58:06,T1,T2,1.4ft,0.05s
4.17.2026 14:58:06,T0,T1,3.2ft,0.05s
4.17.2026 14:58:06,T0,T2,2.2ft,0.05s
4.17.2026 14:58:06,T1,T2,1.4ft,0.05s
4.17.2026 14:58:06,T0,T1,3.3ft,0.05s
4.17.2026 14:58:06,T0,T2,2.1ft,0.05s
4.17.2026 14:58:06,T1,T2,1.5ft,0.05s
4.17.2026 14:58:06,T0,T1,3.3ft,0.05s
4.17.2026 14:58:06,T0,T2,2.0ft,0.05s
4.17.2026 14:58:06,T1,T2,1.5ft,0.05s
4.17.2026 14:58:06,T0,T1,3.3ft,0.05s
4.17.2026 14:58:06,T0,T2,1.9ft,0.05s
4.17.2026 14:58:06,T1,T2,1.6ft,0.05s
4.17.2026 14:58:06,T0,T1,3.3ft,0.05s
4.17.2026 14:58:06,T0,T2,1.9ft,0.05s
4.17.2026 14:58:06,T1,T2,1.6ft,0.05s
4.17.2026 14:58:06,T0,T1,3.3ft,0.05s
4.17.2026 14:58:06,T0,T2,1.8ft,0.05s
4.17.2026 14:58:06,T1,T2,1.6ft,0.05s
4.17.2026 14:58:06,T0,T1,3.3ft,0.05s
4.17.2026 14:58:06,T0,T2,1.8ft,0.05s
4.17.2026 14:58:06,T1,T2,1.7ft,0.05s
4.17.2026 14:58:06,T0,T1,3.4ft,0.05s
4.17.2026 14:58:06,T0,T2,1.8ft,0.05s
4.17.2026 14:58:06,T1,T2,1.7ft,0.05s
4.17.2026 14:58:06,T0,T1,3.4ft,0.05s
4.17.2026 14:58:06,T0,T2,1.8ft,0.05s
4.17.2026 14:58:06,T1,T2,1.7ft,0.05s
4.17.2026 14:58:07,T0,T1,3.5ft,0.05s
4.17.2026 14:58:07,T0,T2,1.8ft,0.05s
4.17.2026 14:58:07,T1,T2,1.8ft,0.05s
4.17.2026 14:58:07,T0,T1,3.6ft,0.05s
4.17.2026 14:58:07,T0,T2,1.9ft,0.05s
4.17.2026 14:58:07,T1,T2,1.9ft,0.05s
4.17.2026 14:58:07,T0,T1,3.7ft,0.05s
4.17.2026 14:58:07,T0,T2,1.9ft,0.05s
4.17.2026 14:58:07,T1,T2,2.0ft,0.05s
4.17.2026 14:58:07,T0,T1,3.9ft,0.05s
4.17.2026 14:58:07,T0,T2,1.9ft,0.05s
4.17.2026 14:58:07,T1,T2,2.1ft,0.05s
4.17.2026 14:58:07,T0,T1,4.0ft,0.05s
4.17.2026 14:58:07,T0,T2,1.9ft,0.05s
4.17.2026 14:58:07,T1,T2,2.2ft,0.05s
4.17.2026 14:58:07,T0,T1,4.2ft,0.05s
4.17.2026 14:58:07,T0,T2,2.0ft,0.05s
4.17.2026 14:58:07,T1,T2,2.3ft,0.05s
4.17.2026 14:58:07,T0,T1,4.3ft,0.05s
4.17.2026 14:58:07,T0,T2,2.1ft,0.05s
4.17.2026 14:58:07,T1,T2,2.3ft,0.05s
4.17.2026 14:58:07,T0,T1,4.4ft,0.05s
4.17.2026 14:58:07,T0,T2,2.2ft,0.05s
4.17.2026 14:58:07,T1,T2,2.3ft,0.05s
4.17.2026 14:58:07,T0,T1,4.3ft,0.05s
4.17.2026 14:58:07,T0,T2,2.2ft,0.05s
4.17.2026 14:58:07,T1,T2,2.3ft,0.05s
4.17.2026 14:58:07,T0,T1,4.3ft,0.05s
4.17.2026 14:58:07,T0,T2,2.3ft,0.05s
4.17.2026 14:58:07,T1,T2,2.2ft,0.05s
4.17.2026 14:58:07,T0,T1,4.3ft,0.05s
4.17.2026 14:58:07,T0,T2,2.3ft,0.05s
4.17.2026 14:58:07,T1,T2,2.2ft,0.05s
4.17.2026 14:58:07,T0,T1,4.2ft,0.05s
4.17.2026 14:58:07,T0,T2,2.4ft,0.05s
4.17.2026 14:58:07,T1,T2,2.1ft,0.05s
4.17.2026 14:58:07,T0,T1,4.1ft,0.05s
4.17.2026 14:58:07,T0,T2,2.4ft,0.05s
4.17.2026 14:58:07,T1,T2,2.0ft,0.05s
4.17.2026 14:58:07,T0,T1,4.0ft,0.05s
4.17.2026 14:58:07,T0,T2,2.4ft,0.05s
4.17.2026 14:58:07,T1,T2,1.9ft,0.05s
4.17.2026 14:58:07,T0,T1,3.9ft,0.05s
4.17.2026 14:58:07,T0,T2,2.4ft,0.05s
4.17.2026 14:58:07,T1,T2,1.9ft,0.05s
4.17.2026 14:58:07,T0,T1,3.9ft,0.05s
4.17.2026 14:58:07,T0,T2,2.4ft,0.05s
4.17.2026 14:58:07,T1,T2,1.8ft,0.05s
4.17.2026 14:58:07,T0,T1,3.8ft,0.05s
4.17.2026 14:58:07,T0,T2,2.4ft,0.05s
4.17.2026 14:58:07,T1,T2,1.8ft,0.05s
4.17.2026 14:58:07,T0,T1,3.7ft,0.05s
4.17.2026 14:58:07,T0,T2,2.3ft,0.05s
4.17.2026 14:58:07,T1,T2,1.8ft,0.05s
4.17.2026 14:58:07,T0,T1,3.7ft,0.05s
4.17.2026 14:58:07,T0,T2,2.3ft,0.05s
4.17.2026 14:58:07,T1,T2,1.8ft,0.05s
4.17.2026 14:58:08,T0,T1,3.6ft,0.05s
4.17.2026 14:58:08,T0,T2,2.2ft,0.05s
4.17.2026 14:58:08,T1,T2,1.8ft,0.05s
4.17.2026 14:58:08,T0,T1,3.6ft,0.05s
4.17.2026 14:58:08,T0,T2,2.2ft,0.05s
4.17.2026 14:58:08,T1,T2,1.8ft,0.05s
4.17.2026 14:58:08,T0,T1,3.5ft,0.05s
4.17.2026 14:58:08,T0,T2,2.2ft,0.05s
4.17.2026 14:58:08,T1,T2,1.8ft,0.05s
4.17.2026 14:58:08,T0,T1,3.5ft,0.05s
4.17.2026 14:58:08,T0,T2,2.1ft,0.05s
4.17.2026 14:58:08,T1,T2,1.8ft,0.05s
4.17.2026 14:58:08,T0,T1,3.5ft,0.05s
4.17.2026 14:58:08,T0,T2,2.1ft,0.05s
4.17.2026 14:58:08,T1,T2,1.8ft,0.05s
4.17.2026 14:58:08,T0,T1,3.4ft,0.05s
4.17.2026 14:58:08,T0,T2,2.1ft,0.05s
4.17.2026 14:58:08,T1,T2,1.8ft,0.05s
4.17.2026 14:58:08,T0,T1,3.4ft,0.05s
4.17.2026 14:58:08,T0,T2,2.1ft,0.05s
4.17.2026 14:58:08,T1,T2,1.8ft,0.05s
4.17.2026 14:58:08,T0,T1,3.3ft,0.05s
4.17.2026 14:58:08,T0,T2,2.1ft,0.05s
4.17.2026 14:58:08,T1,T2,1.7ft,0.05s
4.17.2026 14:58:08,T0,T1,3.3ft,0.05s
4.17.2026 14:58:08,T0,T2,2.1ft,0.05s
4.17.2026 14:58:08,T1,T2,1.7ft,0.05s
4.17.2026 14:58:08,T0,T1,3.3ft,0.05s
4.17.2026 14:58:08,T0,T2,2.1ft,0.05s
4.17.2026 14:58:08,T1,T2,1.7ft,0.05s
4.17.2026 14:58:08,T0,T1,3.2ft,0.05s
4.17.2026 14:58:08,T0,T2,2.1ft,0.05s
4.17.2026 14:58:08,T1,T2,1.7ft,0.05s
4.17.2026 14:58:08,T0,T1,3.2ft,0.05s
4.17.2026 14:58:08,T0,T2,2.1ft,0.05s
4.17.2026 14:58:08,T1,T2,1.6ft,0.05s
4.17.2026 14:58:08,T0,T1,3.2ft,0.05s
4.17.2026 14:58:08,T0,T2,2.1ft,0.05s
4.17.2026 14:58:08,T1,T2,1.6ft,0.05s
4.17.2026 14:58:08,T0,T1,3.2ft,0.05s
4.17.2026 14:58:08,T0,T2,2.1ft,0.05s
4.17.2026 14:58:08,T1,T2,1.6ft,0.05s
4.17.2026 14:58:08,T0,T1,3.2ft,0.05s
4.17.2026 14:58:08,T0,T2,2.2ft,0.05s
4.17.2026 14:58:08,T1,T2,1.5ft,0.05s
4.17.2026 14:58:08,T0,T1,3.3ft,0.05s
4.17.2026 14:58:08,T0,T2,2.3ft,0.05s
4.17.2026 14:58:08,T1,T2,1.5ft,0.05s
4.17.2026 14:58:08,T0,T1,3.3ft,0.05s
4.17.2026 14:58:08,T0,T2,2.4ft,0.05s
4.17.2026 14:58:08,T1,T2,1.5ft,0.05s
4.17.2026 14:58:08,T0,T1,3.3ft,0.05s
4.17.2026 14:58:08,T0,T2,2.4ft,0.05s
4.17.2026 14:58:08,T1,T2,1.5ft,0.05s
4.17.2026 14:58:08,T0,T1,3.3ft,0.05s
4.17.2026 14:58:08,T0,T2,2.5ft,0.05s
4.17.2026 14:58:08,T1,T2,1.4ft,0.05s
4.17.2026 14:58:08,T0,T1,3.3ft,0.05s
4.17.2026 14:58:08,T0,T2,2.6ft,0.05s
4.17.2026 14:58:08,T1,T2,1.4ft,0.05s
4.17.2026 14:58:09,T0,T1,3.4ft,0.05s
4.17.2026 14:58:09,T0,T2,2.6ft,0.05s
4.17.2026 14:58:09,T1,T2,1.4ft,0.05s
4.17.2026 14:58:09,T0,T1,3.4ft,0.05s
4.17.2026 14:58:09,T0,T2,2.7ft,0.05s
4.17.2026 14:58:09,T1,T2,1.4ft,0.05s
4.17.2026 14:58:09,T0,T1,3.4ft,0.05s
4.17.2026 14:58:09,T0,T2,2.6ft,0.05s
4.17.2026 14:58:09,T1,T2,1.4ft,0.05s
4.17.2026 14:58:09,T0,T1,3.4ft,0.05s
4.17.2026 14:58:09,T0,T2,2.6ft,0.05s
4.17.2026 14:58:09,T1,T2,1.5ft,0.05s
4.17.2026 14:58:09,T0,T1,3.5ft,0.05s
4.17.2026 14:58:09,T0,T2,2.5ft,0.05s
4.17.2026 14:58:09,T1,T2,1.5ft,0.05s
4.17.2026 14:58:09,T0,T1,3.5ft,0.05s
4.17.2026 14:58:09,T0,T2,2.4ft,0.05s
4.17.2026 14:58:09,T1,T2,1.5ft,0.05s
4.17.2026 14:58:09,T0,T1,3.5ft,0.05s
4.17.2026 14:58:09,T0,T2,2.3ft,0.05s
4.17.2026 14:58:09,T1,T2,1.6ft,0.05s
4.17.2026 14:58:09,T0,T1,3.5ft,0.05s
4.17.2026 14:58:09,T0,T2,2.3ft,0.05s
4.17.2026 14:58:09,T1,T2,1.6ft,0.05s
4.17.2026 14:58:09,T0,T1,3.5ft,0.05s
4.17.2026 14:58:09,T0,T2,2.2ft,0.05s
4.17.2026 14:58:09,T1,T2,1.7ft,0.05s
4.17.2026 14:58:09,T0,T1,3.6ft,0.05s
4.17.2026 14:58:09,T0,T2,2.1ft,0.05s
4.17.2026 14:58:09,T1,T2,1.8ft,0.05s
4.17.2026 14:58:09,T0,T1,3.5ft,0.05s
4.17.2026 14:58:09,T0,T2,2.0ft,0.05s
4.17.2026 14:58:09,T1,T2,1.8ft,0.05s
4.17.2026 14:58:09,T0,T1,3.5ft,0.05s
4.17.2026 14:58:09,T0,T2,1.9ft,0.05s
4.17.2026 14:58:09,T1,T2,1.9ft,0.05s
4.17.2026 14:58:09,T0,T1,3.5ft,0.05s
4.17.2026 14:58:09,T0,T2,1.9ft,0.05s
4.17.2026 14:58:09,T1,T2,1.9ft,0.05s
4.17.2026 14:58:09,T0,T1,3.5ft,0.05s
4.17.2026 14:58:09,T0,T2,1.8ft,0.05s
4.17.2026 14:58:09,T1,T2,1.9ft,0.05s
4.17.2026 14:58:09,T0,T1,3.5ft,0.05s
4.17.2026 14:58:09,T0,T2,1.8ft,0.05s
4.17.2026 14:58:09,T1,T2,1.9ft,0.05s
4.17.2026 14:58:09,T0,T1,3.5ft,0.05s
4.17.2026 14:58:09,T0,T2,1.8ft,0.05s
4.17.2026 14:58:09,T1,T2,1.9ft,0.05s
4.17.2026 14:58:09,T0,T1,3.5ft,0.05s
4.17.2026 14:58:09,T0,T2,1.7ft,0.05s
4.17.2026 14:58:09,T1,T2,1.9ft,0.05s
4.17.2026 14:58:09,T0,T1,3.5ft,0.05s
4.17.2026 14:58:09,T0,T2,1.7ft,0.05s
4.17.2026 14:58:09,T1,T2,1.9ft,0.05s
4.17.2026 14:58:09,T0,T1,3.4ft,0.05s
4.17.2026 14:58:09,T0,T2,1.7ft,0.05s
4.17.2026 14:58:09,T1,T2,1.9ft,0.05s
4.17.2026 14:58:09,T0,T1,3.4ft,0.05s
4.17.2026 14:58:09,T0,T2,1.7ft,0.05s
4.17.2026 14:58:09,T1,T2,1.9ft,0.05s
4.17.2026 14:58:10,T0,T1,3.4ft,0.05s
4.17.2026 14:58:10,T0,T2,1.7ft,0.05s
4.17.2026 14:58:10,T1,T2,1.9ft,0.05s
4.17.2026 14:58:10,T0,T1,3.4ft,0.05s
4.17.2026 14:58:10,T0,T2,1.7ft,0.05s
4.17.2026 14:58:10,T1,T2,1.9ft,0.05s
4.17.2026 14:58:10,T0,T1,3.4ft,0.05s
4.17.2026 14:58:10,T0,T2,1.7ft,0.05s
4.17.2026 14:58:10,T1,T2,1.9ft,0.05s
4.17.2026 14:58:10,T0,T1,3.4ft,0.05s
4.17.2026 14:58:10,T0,T2,1.7ft,0.05s
4.17.2026 14:58:10,T1,T2,1.9ft,0.05s
4.17.2026 14:58:10,T0,T1,3.4ft,0.05s
4.17.2026 14:58:10,T0,T2,1.7ft,0.05s
4.17.2026 14:58:10,T1,T2,1.9ft,0.05s
4.17.2026 14:58:10,T0,T1,3.4ft,0.05s
4.17.2026 14:58:10,T0,T2,1.7ft,0.05s
4.17.2026 14:58:10,T1,T2,1.9ft,0.05s
4.17.2026 14:58:10,T0,T1,3.4ft,0.05s
4.17.2026 14:58:10,T0,T2,1.6ft,0.05s
4.17.2026 14:58:10,T1,T2,1.9ft,0.05s
4.17.2026 14:58:10,T0,T1,3.4ft,0.05s
4.17.2026 14:58:10,T0,T2,1.6ft,0.05s
4.17.2026 14:58:10,T1,T2,1.9ft,0.05s
4.17.2026 14:58:10,T0,T1,3.4ft,0.05s
4.17.2026 14:58:10,T0,T2,1.6ft,0.05s
4.17.2026 14:58:10,T1,T2,1.9ft,0.05s
4.17.2026 14:58:10,T0,T1,3.4ft,0.05s
4.17.2026 14:58:10,T0,T2,1.7ft,0.05s
4.17.2026 14:58:10,T1,T2,1.9ft,0.05s
4.17.2026 14:58:10,T0,T1,3.3ft,0.05s
4.17.2026 14:58:10,T0,T2,1.7ft,0.05s
4.17.2026 14:58:10,T1,T2,1.9ft,0.05s
4.17.2026 14:58:10,T0,T1,3.3ft,0.05s
4.17.2026 14:58:10,T0,T2,1.7ft,0.05s
4.17.2026 14:58:10,T1,T2,1.8ft,0.05s
4.17.2026 14:58:10,T0,T1,3.3ft,0.05s
4.17.2026 14:58:10,T0,T2,1.7ft,0.05s
4.17.2026 14:58:10,T1,T2,1.8ft,0.05s
4.17.2026 14:58:10,T0,T1,3.3ft,0.05s
4.17.2026 14:58:10,T0,T2,1.7ft,0.05s
4.17.2026 14:58:10,T1,T2,1.8ft,0.05s
4.17.2026 14:58:10,T0,T1,3.2ft,0.05s
4.17.2026 14:58:10,T0,T2,1.7ft,0.05s
4.17.2026 14:58:10,T1,T2,1.7ft,0.05s
4.17.2026 14:58:10,T0,T1,3.2ft,0.05s
4.17.2026 14:58:10,T0,T2,1.7ft,0.05s
4.17.2026 14:58:10,T1,T2,1.7ft,0.05s
4.17.2026 14:58:10,T0,T1,3.2ft,0.05s
4.17.2026 14:58:10,T0,T2,1.7ft,0.05s
4.17.2026 14:58:10,T1,T2,1.6ft,0.05s
4.17.2026 14:58:10,T0,T1,3.2ft,0.05s
4.17.2026 14:58:10,T0,T2,1.7ft,0.05s
4.17.2026 14:58:10,T1,T2,1.6ft,0.05s
4.17.2026 14:58:10,T0,T1,3.2ft,0.05s
4.17.2026 14:58:10,T0,T2,1.7ft,0.05s
4.17.2026 14:58:10,T1,T2,1.6ft,0.05s
4.17.2026 14:58:11,T0,T1,3.2ft,0.05s
4.17.2026 14:58:11,T0,T2,1.7ft,0.05s
4.17.2026 14:58:11,T1,T2,1.6ft,0.05s
4.17.2026 14:58:11,T0,T1,3.2ft,0.05s
4.17.2026 14:58:11,T0,T2,1.8ft,0.05s
4.17.2026 14:58:11,T1,T2,1.6ft,0.05s
4.17.2026 14:58:11,T0,T1,3.2ft,0.05s
4.17.2026 14:58:11,T0,T2,1.8ft,0.05s
4.17.2026 14:58:11,T1,T2,1.6ft,0.05s
4.17.2026 14:58:11,T0,T1,3.2ft,0.05s
4.17.2026 14:58:11,T0,T2,1.8ft,0.05s
4.17.2026 14:58:11,T1,T2,1.6ft,0.05s
4.17.2026 14:58:11,T0,T1,3.3ft,0.05s
4.17.2026 14:58:11,T0,T2,1.8ft,0.05s
4.17.2026 14:58:11,T1,T2,1.6ft,0.05s
4.17.2026 14:58:11,T0,T1,3.3ft,0.05s
4.17.2026 14:58:11,T0,T2,1.9ft,0.05s
4.17.2026 14:58:11,T1,T2,1.6ft,0.05s
4.17.2026 14:58:11,T0,T1,3.3ft,0.05s
4.17.2026 14:58:11,T0,T2,2.0ft,0.05s
4.17.2026 14:58:11,T1,T2,1.5ft,0.05s
4.17.2026 14:58:11,T0,T1,3.3ft,0.05s
4.17.2026 14:58:11,T0,T2,2.1ft,0.05s
4.17.2026 14:58:11,T1,T2,1.5ft,0.05s
4.17.2026 14:58:11,T0,T1,3.3ft,0.05s
4.17.2026 14:58:11,T0,T2,2.1ft,0.05s
4.17.2026 14:58:11,T1,T2,1.4ft,0.05s
4.17.2026 14:58:11,T0,T1,3.3ft,0.05s
4.17.2026 14:58:11,T0,T2,2.2ft,0.05s
4.17.2026 14:58:11,T1,T2,1.4ft,0.05s
4.17.2026 14:58:11,T0,T1,3.3ft,0.05s
4.17.2026 14:58:11,T0,T2,2.2ft,0.05s
4.17.2026 14:58:11,T1,T2,1.4ft,0.05s
4.17.2026 14:58:11,T0,T1,3.3ft,0.05s
4.17.2026 14:58:11,T0,T2,2.2ft,0.05s
4.17.2026 14:58:11,T1,T2,1.3ft,0.05s
4.17.2026 14:58:11,T0,T1,3.2ft,0.05s
4.17.2026 14:58:11,T0,T2,2.3ft,0.05s
4.17.2026 14:58:11,T1,T2,1.3ft,0.05s
4.17.2026 14:58:11,T0,T1,3.2ft,0.05s
4.17.2026 14:58:11,T0,T2,2.3ft,0.05s
4.17.2026 14:58:11,T1,T2,1.2ft,0.05s
4.17.2026 14:58:11,T0,T1,3.2ft,0.05s
4.17.2026 14:58:11,T0,T2,2.3ft,0.05s
4.17.2026 14:58:11,T1,T2,1.2ft,0.05s
4.17.2026 14:58:11,T0,T1,3.1ft,0.05s
4.17.2026 14:58:11,T0,T2,2.4ft,0.05s
4.17.2026 14:58:11,T1,T2,1.1ft,0.05s
4.17.2026 14:58:11,T0,T1,3.1ft,0.05s
4.17.2026 14:58:11,T0,T2,2.3ft,0.05s
4.17.2026 14:58:11,T1,T2,1.1ft,0.05s
4.17.2026 14:58:11,T0,T1,3.1ft,0.05s
4.17.2026 14:58:11,T0,T2,2.3ft,0.05s
4.17.2026 14:58:11,T1,T2,1.1ft,0.05s
4.17.2026 14:58:11,T0,T1,3.1ft,0.05s
4.17.2026 14:58:11,T0,T2,2.3ft,0.05s
4.17.2026 14:58:11,T1,T2,1.2ft,0.05s
4.17.2026 14:58:11,T0,T1,3.2ft,0.05s
4.17.2026 14:58:11,T0,T2,2.3ft,0.05s
4.17.2026 14:58:11,T1,T2,1.2ft,0.05s
4.17.2026 14:58:12,T0,T1,3.2ft,0.05s
4.17.2026 14:58:12,T0,T2,2.4ft,0.05s
4.17.2026 14:58:12,T1,T2,1.2ft,0.05s
4.17.2026 14:58:12,T0,T1,3.2ft,0.05s
4.17.2026 14:58:12,T0,T2,2.5ft,0.05s
4.17.2026 14:58:12,T1,T2,1.1ft,0.05s
4.17.2026 14:58:12,T0,T1,3.2ft,0.05s
4.17.2026 14:58:12,T0,T2,2.6ft,0.05s
4.17.2026 14:58:12,T1,T2,1.1ft,0.05s
4.17.2026 14:58:12,T0,T1,3.3ft,0.05s
4.17.2026 14:58:12,T0,T2,2.6ft,0.05s
4.17.2026 14:58:12,T1,T2,1.2ft,0.05s
4.17.2026 14:58:12,T0,T1,3.3ft,0.05s
4.17.2026 14:58:12,T0,T2,2.7ft,0.05s
4.17.2026 14:58:12,T1,T2,1.1ft,0.05s
4.17.2026 14:58:12,T0,T1,3.3ft,0.05s
4.17.2026 14:58:12,T0,T2,2.8ft,0.05s
4.17.2026 14:58:12,T1,T2,1.1ft,0.05s
4.17.2026 14:58:12,T0,T1,3.3ft,0.05s
4.17.2026 14:58:12,T0,T2,2.8ft,0.05s
4.17.2026 14:58:12,T1,T2,1.1ft,0.05s
4.17.2026 14:58:12,T0,T1,3.3ft,0.05s
4.17.2026 14:58:12,T0,T2,2.9ft,0.05s
4.17.2026 14:58:12,T1,T2,1.1ft,0.05s
4.17.2026 14:58:12,T0,T1,3.3ft,0.05s
4.17.2026 14:58:12,T0,T2,2.9ft,0.05s
4.17.2026 14:58:12,T1,T2,1.1ft,0.05s
4.17.2026 14:58:12,T0,T1,3.3ft,0.05s
4.17.2026 14:58:12,T0,T2,2.9ft,0.05s
4.17.2026 14:58:12,T1,T2,1.2ft,0.05s
4.17.2026 14:58:12,T0,T1,3.3ft,0.05s
4.17.2026 14:58:12,T0,T2,2.8ft,0.05s
4.17.2026 14:58:12,T1,T2,1.2ft,0.05s
4.17.2026 14:58:12,T0,T1,3.4ft,0.05s
4.17.2026 14:58:12,T0,T2,2.8ft,0.05s
4.17.2026 14:58:12,T1,T2,1.2ft,0.05s
4.17.2026 14:58:12,T0,T1,3.4ft,0.05s
4.17.2026 14:58:12,T0,T2,2.7ft,0.05s
4.17.2026 14:58:12,T1,T2,1.3ft,0.05s
4.17.2026 14:58:12,T0,T1,3.3ft,0.05s
4.17.2026 14:58:12,T0,T2,2.7ft,0.05s
4.17.2026 14:58:12,T1,T2,1.3ft,0.05s
4.17.2026 14:58:12,T0,T1,3.3ft,0.05s
4.17.2026 14:58:12,T0,T2,2.6ft,0.05s
4.17.2026 14:58:12,T1,T2,1.3ft,0.05s
4.17.2026 14:58:12,T0,T1,3.2ft,0.05s
4.17.2026 14:58:12,T0,T2,2.6ft,0.05s
4.17.2026 14:58:12,T1,T2,1.3ft,0.05s
4.17.2026 14:58:12,T0,T1,3.1ft,0.05s
4.17.2026 14:58:12,T0,T2,2.5ft,0.05s
4.17.2026 14:58:12,T1,T2,1.3ft,0.05s
4.17.2026 14:58:12,T0,T1,3.0ft,0.05s
4.17.2026 14:58:12,T0,T2,2.5ft,0.05s
4.17.2026 14:58:12,T1,T2,1.3ft,0.05s
4.17.2026 14:58:12,T0,T1,3.0ft,0.05s
4.17.2026 14:58:12,T0,T2,2.5ft,0.05s
4.17.2026 14:58:12,T1,T2,1.3ft,0.05s
4.17.2026 14:58:12,T0,T1,2.9ft,0.05s
4.17.2026 14:58:12,T0,T2,2.5ft,0.05s
4.17.2026 14:58:12,T1,T2,1.4ft,0.05s
4.17.2026 14:58:13,T0,T1,2.9ft,0.05s
4.17.2026 14:58:13,T0,T2,2.6ft,0.05s
4.17.2026 14:58:13,T1,T2,1.4ft,0.05s
4.17.2026 14:58:13,T0,T1,2.8ft,0.05s
4.17.2026 14:58:13,T0,T2,2.5ft,0.05s
4.17.2026 14:58:13,T1,T2,1.4ft,0.05s
4.17.2026 14:58:13,T0,T1,2.8ft,0.05s
4.17.2026 14:58:13,T0,T2,2.5ft,0.05s
4.17.2026 14:58:13,T1,T2,1.4ft,0.05s
4.17.2026 14:58:13,T0,T1,2.7ft,0.05s
4.17.2026 14:58:13,T0,T2,2.5ft,0.05s
4.17.2026 14:58:13,T1,T2,1.4ft,0.05s
4.17.2026 14:58:13,T0,T1,2.6ft,0.05s
4.17.2026 14:58:13,T0,T2,2.4ft,0.05s
4.17.2026 14:58:13,T1,T2,1.4ft,0.05s
4.17.2026 14:58:13,T0,T1,2.6ft,0.05s
4.17.2026 14:58:13,T0,T2,2.4ft,0.05s
4.17.2026 14:58:13,T1,T2,1.4ft,0.05s
4.17.2026 14:58:13,T0,T1,2.5ft,0.05s
4.17.2026 14:58:13,T0,T2,2.3ft,0.05s
4.17.2026 14:58:13,T1,T2,1.4ft,0.05s
4.17.2026 14:58:13,T0,T1,2.5ft,0.05s
4.17.2026 14:58:13,T0,T2,2.3ft,0.05s
4.17.2026 14:58:13,T1,T2,1.4ft,0.05s
4.17.2026 14:58:13,T0,T1,2.4ft,0.05s
4.17.2026 14:58:13,T0,T2,2.3ft,0.05s
4.17.2026 14:58:13,T1,T2,1.4ft,0.05s
4.17.2026 14:58:13,T0,T1,2.4ft,0.05s
4.17.2026 14:58:13,T0,T2,2.4ft,0.05s
4.17.2026 14:58:13,T1,T2,1.4ft,0.05s
4.17.2026 14:58:13,T0,T1,2.5ft,0.05s
4.17.2026 14:58:13,T0,T2,2.5ft,0.05s
4.17.2026 14:58:13,T1,T2,1.4ft,0.05s
4.17.2026 14:58:13,T0,T1,2.5ft,0.05s
4.17.2026 14:58:13,T0,T2,2.5ft,0.05s
4.17.2026 14:58:13,T1,T2,1.5ft,0.05s
4.17.2026 14:58:13,T0,T1,2.5ft,0.05s
4.17.2026 14:58:13,T0,T2,2.6ft,0.05s
4.17.2026 14:58:13,T1,T2,1.5ft,0.05s
4.17.2026 14:58:13,T0,T1,2.6ft,0.05s
4.17.2026 14:58:13,T0,T2,2.5ft,0.05s
4.17.2026 14:58:13,T1,T2,1.4ft,0.05s
4.17.2026 14:58:13,T0,T1,2.7ft,0.05s
4.17.2026 14:58:13,T0,T2,2.5ft,0.05s
4.17.2026 14:58:13,T1,T2,1.3ft,0.05s
4.17.2026 14:58:13,T0,T1,2.8ft,0.05s
4.17.2026 14:58:13,T0,T2,2.4ft,0.05s
4.17.2026 14:58:13,T1,T2,1.3ft,0.05s
4.17.2026 14:58:13,T0,T1,3.0ft,0.05s
4.17.2026 14:58:13,T0,T2,2.3ft,0.05s
4.17.2026 14:58:13,T1,T2,1.3ft,0.05s
4.17.2026 14:58:13,T0,T1,3.1ft,0.05s
4.17.2026 14:58:13,T0,T2,2.2ft,0.05s
4.17.2026 14:58:13,T1,T2,1.4ft,0.05s
4.17.2026 14:58:13,T0,T1,3.2ft,0.05s
4.17.2026 14:58:13,T0,T2,2.2ft,0.05s
4.17.2026 14:58:13,T1,T2,1.5ft,0.05s
4.17.2026 14:58:13,T0,T1,3.3ft,0.05s
4.17.2026 14:58:13,T0,T2,2.2ft,0.05s
4.17.2026 14:58:13,T1,T2,1.5ft,0.05s
4.17.2026 14:58:14,T0,T1,3.4ft,0.05s
4.17.2026 14:58:14,T0,T2,2.1ft,0.05s
4.17.2026 14:58:14,T1,T2,1.6ft,0.05s
4.17.2026 14:58:14,T0,T1,3.4ft,0.05s
4.17.2026 14:58:14,T0,T2,2.1ft,0.05s
4.17.2026 14:58:14,T1,T2,1.6ft,0.05s
4.17.2026 14:58:14,T0,T1,3.4ft,0.05s
4.17.2026 14:58:14,T0,T2,2.2ft,0.05s
4.17.2026 14:58:14,T1,T2,1.6ft,0.05s
4.17.2026 14:58:14,T0,T1,3.5ft,0.05s
4.17.2026 14:58:14,T0,T2,2.2ft,0.05s
4.17.2026 14:58:14,T1,T2,1.6ft,0.05s
4.17.2026 14:58:14,T0,T1,3.5ft,0.05s
4.17.2026 14:58:14,T0,T2,2.4ft,0.05s
4.17.2026 14:58:14,T1,T2,1.6ft,0.05s
4.17.2026 14:58:14,T0,T1,3.6ft,0.05s
4.17.2026 14:58:14,T0,T2,2.5ft,0.05s
4.17.2026 14:58:14,T1,T2,1.5ft,0.05s
4.17.2026 14:58:14,T0,T1,3.6ft,0.05s
4.17.2026 14:58:14,T0,T2,2.6ft,0.05s
4.17.2026 14:58:14,T1,T2,1.5ft,0.05s
4.17.2026 14:58:14,T0,T1,3.6ft,0.05s
4.17.2026 14:58:14,T0,T2,2.7ft,0.05s
4.17.2026 14:58:14,T1,T2,1.5ft,0.05s
4.17.2026 14:58:14,T0,T1,3.7ft,0.05s
4.17.2026 14:58:14,T0,T2,2.7ft,0.05s
4.17.2026 14:58:14,T1,T2,1.5ft,0.05s
4.17.2026 14:58:14,T0,T1,3.8ft,0.05s
4.17.2026 14:58:14,T0,T2,2.7ft,0.05s
4.17.2026 14:58:14,T1,T2,1.5ft,0.05s
4.17.2026 14:58:14,T0,T1,3.9ft,0.05s
4.17.2026 14:58:14,T0,T2,2.7ft,0.05s
4.17.2026 14:58:14,T1,T2,1.6ft,0.05s
4.17.2026 14:58:14,T0,T1,3.9ft,0.05s
4.17.2026 14:58:14,T0,T2,2.6ft,0.05s
4.17.2026 14:58:14,T1,T2,1.6ft,0.05s
4.17.2026 14:58:14,T0,T1,3.9ft,0.05s
4.17.2026 14:58:14,T0,T2,2.6ft,0.05s
4.17.2026 14:58:14,T1,T2,1.6ft,0.05s
4.17.2026 14:58:14,T0,T1,3.8ft,0.05s
4.17.2026 14:58:14,T0,T2,2.5ft,0.05s
4.17.2026 14:58:14,T1,T2,1.6ft,0.05s
4.17.2026 14:58:14,T0,T1,3.8ft,0.05s
4.17.2026 14:58:14,T0,T2,2.4ft,0.05s
4.17.2026 14:58:14,T1,T2,1.6ft,0.05s
4.17.2026 14:58:14,T0,T1,3.7ft,0.05s
4.17.2026 14:58:14,T0,T2,2.4ft,0.05s
4.17.2026 14:58:14,T1,T2,1.6ft,0.05s
4.17.2026 14:58:14,T0,T1,3.7ft,0.05s
4.17.2026 14:58:14,T0,T2,2.4ft,0.05s
4.17.2026 14:58:14,T1,T2,1.6ft,0.05s
4.17.2026 14:58:14,T0,T1,3.6ft,0.05s
4.17.2026 14:58:14,T0,T2,2.5ft,0.05s
4.17.2026 14:58:14,T1,T2,1.6ft,0.05s
4.17.2026 14:58:14,T0,T1,3.5ft,0.05s
4.17.2026 14:58:14,T0,T2,2.5ft,0.05s
4.17.2026 14:58:14,T1,T2,1.5ft,0.05s
4.17.2026 14:58:15,T0,T1,3.4ft,0.05s
4.17.2026 14:58:15,T0,T2,2.5ft,0.05s
4.17.2026 14:58:15,T1,T2,1.5ft,0.05s
4.17.2026 14:58:15,T0,T1,3.4ft,0.05s
4.17.2026 14:58:15,T0,T2,2.5ft,0.05s
4.17.2026 14:58:15,T1,T2,1.5ft,0.05s
4.17.2026 14:58:15,T0,T1,3.3ft,0.05s
4.17.2026 14:58:15,T0,T2,2.6ft,0.05s
4.17.2026 14:58:15,T1,T2,1.6ft,0.05s
4.17.2026 14:58:15,T0,T1,3.2ft,0.05s
4.17.2026 14:58:15,T0,T2,2.7ft,0.05s
4.17.2026 14:58:15,T1,T2,1.7ft,0.05s
4.17.2026 14:58:15,T0,T1,3.1ft,0.05s
4.17.2026 14:58:15,T0,T2,2.7ft,0.05s
4.17.2026 14:58:15,T1,T2,1.7ft,0.05s
4.17.2026 14:58:15,T0,T1,3.0ft,0.05s
4.17.2026 14:58:15,T0,T2,2.7ft,0.05s
4.17.2026 14:58:15,T1,T2,1.8ft,0.05s
4.17.2026 14:58:15,T0,T1,2.9ft,0.05s
4.17.2026 14:58:15,T0,T2,2.7ft,0.05s
4.17.2026 14:58:15,T1,T2,1.8ft,0.05s
4.17.2026 14:58:15,T0,T1,2.9ft,0.05s
4.17.2026 14:58:15,T0,T2,2.7ft,0.05s
4.17.2026 14:58:15,T1,T2,1.8ft,0.05s
4.17.2026 14:58:15,T0,T1,2.8ft,0.05s
4.17.2026 14:58:15,T0,T2,2.7ft,0.05s
4.17.2026 14:58:15,T1,T2,1.9ft,0.05s
4.17.2026 14:58:15,T0,T1,2.8ft,0.05s
4.17.2026 14:58:15,T0,T2,2.6ft,0.05s
4.17.2026 14:58:15,T1,T2,1.9ft,0.05s
4.17.2026 14:58:15,T0,T1,2.8ft,0.05s
4.17.2026 14:58:15,T0,T2,2.6ft,0.05s
4.17.2026 14:58:15,T1,T2,1.9ft,0.05s
4.17.2026 14:58:15,T0,T1,2.7ft,0.05s
4.17.2026 14:58:15,T0,T2,2.5ft,0.05s
4.17.2026 14:58:15,T1,T2,1.9ft,0.05s
4.17.2026 14:58:15,T0,T1,2.7ft,0.05s
4.17.2026 14:58:15,T0,T2,2.5ft,0.05s
4.17.2026 14:58:15,T1,T2,1.9ft,0.05s
4.17.2026 14:58:15,T0,T1,2.7ft,0.05s
4.17.2026 14:58:15,T0,T2,2.5ft,0.05s
4.17.2026 14:58:15,T1,T2,2.0ft,0.05s
4.17.2026 14:58:15,T0,T1,2.7ft,0.05s
4.17.2026 14:58:15,T0,T2,2.5ft,0.05s
4.17.2026 14:58:15,T1,T2,2.0ft,0.05s
4.17.2026 14:58:15,T0,T1,2.7ft,0.05s
4.17.2026 14:58:15,T0,T2,2.5ft,0.05s
4.17.2026 14:58:15,T1,T2,2.0ft,0.05s
4.17.2026 14:58:15,T0,T1,2.7ft,0.05s
4.17.2026 14:58:15,T0,T2,2.5ft,0.05s
4.17.2026 14:58:15,T1,T2,2.0ft,0.05s
4.17.2026 14:58:15,T0,T1,2.8ft,0.05s
4.17.2026 14:58:15,T0,T2,2.4ft,0.05s
4.17.2026 14:58:15,T1,T2,2.0ft,0.05s
4.17.2026 14:58:15,T0,T1,2.8ft,0.05s
4.17.2026 14:58:15,T0,T2,2.4ft,0.05s
4.17.2026 14:58:15,T1,T2,2.1ft,0.05s
4.17.2026 14:58:15,T0,T1,2.8ft,0.05s
4.17.2026 14:58:15,T0,T2,2.3ft,0.05s
4.17.2026 14:58:15,T1,T2,2.1ft,0.05s
4.17.2026 14:58:16,T0,T1,2.8ft,0.05s
4.17.2026 14:58:16,T0,T2,2.2ft,0.05s
4.17.2026 14:58:16,T1,T2,2.1ft,0.05s
4.17.2026 14:58:16,T0,T1,2.8ft,0.05s
4.17.2026 14:58:16,T0,T2,2.2ft,0.05s
4.17.2026 14:58:16,T1,T2,2.1ft,0.05s
4.17.2026 14:58:16,T0,T1,2.8ft,0.05s
4.17.2026 14:58:16,T0,T2,2.1ft,0.05s
4.17.2026 14:58:16,T1,T2,2.0ft,0.05s
4.17.2026 14:58:16,T0,T1,2.8ft,0.05s
4.17.2026 14:58:16,T0,T2,2.0ft,0.05s
4.17.2026 14:58:16,T1,T2,2.0ft,0.05s
4.17.2026 14:58:16,T0,T1,2.8ft,0.05s
4.17.2026 14:58:16,T0,T2,2.0ft,0.05s
4.17.2026 14:58:16,T1,T2,1.9ft,0.05s
4.17.2026 14:58:16,T0,T1,2.8ft,0.05s
4.17.2026 14:58:16,T0,T2,1.9ft,0.05s
4.17.2026 14:58:16,T1,T2,1.9ft,0.05s
4.17.2026 14:58:16,T0,T1,2.8ft,0.05s
4.17.2026 14:58:16,T0,T2,1.9ft,0.05s
4.17.2026 14:58:16,T1,T2,1.8ft,0.05s
4.17.2026 14:58:16,T0,T1,2.7ft,0.05s
4.17.2026 14:58:16,T0,T2,1.9ft,0.05s
4.17.2026 14:58:16,T1,T2,1.8ft,0.05s
4.17.2026 14:58:16,T0,T1,2.7ft,0.05s
4.17.2026 14:58:16,T0,T2,1.8ft,0.05s
4.17.2026 14:58:16,T1,T2,1.8ft,0.05s
4.17.2026 14:58:16,T0,T1,2.7ft,0.05s
4.17.2026 14:58:16,T0,T2,1.8ft,0.05s
4.17.2026 14:58:16,T1,T2,1.7ft,0.05s
4.17.2026 14:58:16,T0,T1,2.7ft,0.05s
4.17.2026 14:58:16,T0,T2,1.8ft,0.05s
4.17.2026 14:58:16,T1,T2,1.7ft,0.05s
4.17.2026 14:58:16,T0,T1,2.6ft,0.05s
4.17.2026 14:58:16,T0,T2,1.8ft,0.05s
4.17.2026 14:58:16,T1,T2,1.6ft,0.05s
4.17.2026 14:58:16,T0,T1,2.6ft,0.05s
4.17.2026 14:58:16,T0,T2,1.8ft,0.05s
4.17.2026 14:58:16,T1,T2,1.6ft,0.05s
4.17.2026 14:58:16,T0,T1,2.6ft,0.05s
4.17.2026 14:58:16,T0,T2,1.8ft,0.05s
4.17.2026 14:58:16,T1,T2,1.5ft,0.05s
4.17.2026 14:58:16,T0,T1,2.6ft,0.05s
4.17.2026 14:58:16,T0,T2,1.8ft,0.05s
4.17.2026 14:58:16,T1,T2,1.5ft,0.05s
4.17.2026 14:58:16,T0,T1,2.6ft,0.05s
4.17.2026 14:58:16,T0,T2,1.8ft,0.05s
4.17.2026 14:58:16,T1,T2,1.5ft,0.05s
4.17.2026 14:58:16,T0,T1,2.7ft,0.05s
4.17.2026 14:58:16,T0,T2,1.8ft,0.05s
4.17.2026 14:58:16,T1,T2,1.5ft,0.05s
4.17.2026 14:58:16,T0,T1,2.7ft,0.05s
4.17.2026 14:58:16,T0,T2,1.9ft,0.05s
4.17.2026 14:58:16,T1,T2,1.5ft,0.05s
4.17.2026 14:58:16,T0,T1,2.7ft,0.05s
4.17.2026 14:58:16,T0,T2,2.0ft,0.05s
4.17.2026 14:58:16,T1,T2,1.5ft,0.05s
4.17.2026 14:58:16,T0,T1,2.7ft,0.05s
4.17.2026 14:58:16,T0,T2,2.1ft,0.05s
4.17.2026 14:58:16,T1,T2,1.5ft,0.05s
4.17.2026 14:58:17,T0,T1,2.8ft,0.05s
4.17.2026 14:58:17,T0,T2,2.1ft,0.05s
4.17.2026 14:58:17,T1,T2,1.4ft,0.05s
4.17.2026 14:58:17,T0,T1,2.8ft,0.05s
4.17.2026 14:58:17,T0,T2,2.2ft,0.05s
4.17.2026 14:58:17,T1,T2,1.4ft,0.05s
4.17.2026 14:58:17,T0,T1,3.0ft,0.05s
4.17.2026 14:58:17,T0,T2,2.3ft,0.05s
4.17.2026 14:58:17,T1,T2,1.4ft,0.05s
4.17.2026 14:58:17,T0,T1,3.1ft,0.05s
4.17.2026 14:58:17,T0,T2,2.3ft,0.05s
4.17.2026 14:58:17,T1,T2,1.4ft,0.05s
4.17.2026 14:58:17,T0,T1,3.2ft,0.05s
4.17.2026 14:58:17,T0,T2,2.2ft,0.05s
4.17.2026 14:58:17,T1,T2,1.5ft,0.05s
4.17.2026 14:58:17,T0,T1,3.4ft,0.05s
4.17.2026 14:58:17,T0,T2,2.2ft,0.05s
4.17.2026 14:58:17,T1,T2,1.5ft,0.05s
4.17.2026 14:58:17,T0,T1,3.5ft,0.05s
4.17.2026 14:58:17,T0,T2,2.2ft,0.05s
4.17.2026 14:58:17,T1,T2,1.6ft,0.05s
4.17.2026 14:58:17,T0,T1,3.6ft,0.05s
4.17.2026 14:58:17,T0,T2,2.1ft,0.05s
4.17.2026 14:58:17,T1,T2,1.7ft,0.05s
4.17.2026 14:58:17,T0,T1,3.7ft,0.05s
4.17.2026 14:58:17,T0,T2,2.1ft,0.05s
4.17.2026 14:58:17,T1,T2,1.8ft,0.05s
4.17.2026 14:58:17,T0,T1,3.7ft,0.05s
4.17.2026 14:58:17,T0,T2,2.1ft,0.05s
4.17.2026 14:58:17,T1,T2,1.8ft,0.05s
4.17.2026 14:58:17,T0,T1,3.7ft,0.05s
4.17.2026 14:58:17,T0,T2,2.0ft,0.05s
4.17.2026 14:58:17,T1,T2,1.7ft,0.05s
4.17.2026 14:58:17,T0,T1,3.6ft,0.05s
4.17.2026 14:58:17,T0,T2,2.0ft,0.05s
4.17.2026 14:58:17,T1,T2,1.7ft,0.05s
4.17.2026 14:58:17,T0,T1,3.5ft,0.05s
4.17.2026 14:58:17,T0,T2,2.1ft,0.05s
4.17.2026 14:58:17,T1,T2,1.6ft,0.05s
4.17.2026 14:58:17,T0,T1,3.4ft,0.05s
4.17.2026 14:58:17,T0,T2,2.1ft,0.05s
4.17.2026 14:58:17,T1,T2,1.5ft,0.05s
4.17.2026 14:58:17,T0,T1,3.3ft,0.05s
4.17.2026 14:58:17,T0,T2,2.2ft,0.05s
4.17.2026 14:58:17,T1,T2,1.4ft,0.05s
4.17.2026 14:58:17,T0,T1,3.2ft,0.05s
4.17.2026 14:58:17,T0,T2,2.2ft,0.05s
4.17.2026 14:58:17,T1,T2,1.3ft,0.05s
4.17.2026 14:58:17,T0,T1,3.2ft,0.05s
4.17.2026 14:58:17,T0,T2,2.2ft,0.05s
4.17.2026 14:58:17,T1,T2,1.3ft,0.05s
4.17.2026 14:58:17,T0,T1,3.1ft,0.05s
4.17.2026 14:58:17,T0,T2,2.2ft,0.05s
4.17.2026 14:58:17,T1,T2,1.3ft,0.05s
4.17.2026 14:58:17,T0,T1,3.0ft,0.05s
4.17.2026 14:58:17,T0,T2,2.2ft,0.05s
4.17.2026 14:58:17,T1,T2,1.3ft,0.05s
4.17.2026 14:58:18,T0,T1,3.0ft,0.05s
4.17.2026 14:58:18,T0,T2,2.2ft,0.05s
4.17.2026 14:58:18,T1,T2,1.3ft,0.05s
4.17.2026 14:58:18,T0,T1,3.0ft,0.05s
4.17.2026 14:58:18,T0,T2,2.2ft,0.05s
4.17.2026 14:58:18,T1,T2,1.3ft,0.05s
4.17.2026 14:58:18,T0,T1,3.0ft,0.05s
4.17.2026 14:58:18,T0,T2,2.1ft,0.05s
4.17.2026 14:58:18,T1,T2,1.4ft,0.05s
4.17.2026 14:58:18,T0,T1,3.0ft,0.05s
4.17.2026 14:58:18,T0,T2,2.2ft,0.05s
4.17.2026 14:58:18,T1,T2,1.3ft,0.05s
4.17.2026 14:58:18,T0,T1,3.0ft,0.05s
4.17.2026 14:58:18,T0,T2,2.3ft,0.05s
4.17.2026 14:58:18,T1,T2,1.3ft,0.05s
4.17.2026 14:58:18,T0,T1,2.9ft,0.05s
4.17.2026 14:58:18,T0,T2,2.3ft,0.05s
4.17.2026 14:58:18,T1,T2,1.3ft,0.05s
4.17.2026 14:58:18,T0,T1,2.9ft,0.05s
4.17.2026 14:58:18,T0,T2,2.4ft,0.05s
4.17.2026 14:58:18,T1,T2,1.3ft,0.05s
4.17.2026 14:58:18,T0,T1,2.8ft,0.05s
4.17.2026 14:58:18,T0,T2,2.4ft,0.05s
4.17.2026 14:58:18,T1,T2,1.3ft,0.05s
4.17.2026 14:58:18,T0,T1,2.8ft,0.05s
4.17.2026 14:58:18,T0,T2,2.4ft,0.05s
4.17.2026 14:58:18,T1,T2,1.2ft,0.05s
4.17.2026 14:58:18,T0,T1,2.7ft,0.05s
4.17.2026 14:58:18,T0,T2,2.3ft,0.05s
4.17.2026 14:58:18,T1,T2,1.2ft,0.05s
4.17.2026 14:58:18,T0,T1,2.7ft,0.05s
4.17.2026 14:58:18,T0,T2,2.3ft,0.05s
4.17.2026 14:58:18,T1,T2,1.2ft,0.05s
4.17.2026 14:58:18,T0,T1,2.6ft,0.05s
4.17.2026 14:58:18,T0,T2,2.2ft,0.05s
4.17.2026 14:58:18,T1,T2,1.2ft,0.05s
4.17.2026 14:58:18,T0,T1,2.6ft,0.05s
4.17.2026 14:58:18,T0,T2,2.1ft,0.05s
4.17.2026 14:58:18,T1,T2,1.2ft,0.05s
4.17.2026 14:58:18,T0,T1,2.6ft,0.05s
4.17.2026 14:58:18,T0,T2,2.1ft,0.05s
4.17.2026 14:58:18,T1,T2,1.2ft,0.05s
4.17.2026 14:58:18,T0,T1,2.6ft,0.05s
4.17.2026 14:58:18,T0,T2,2.1ft,0.05s
4.17.2026 14:58:18,T1,T2,1.2ft,0.05s
4.17.2026 14:58:18,T0,T1,2.6ft,0.05s
4.17.2026 14:58:18,T0,T2,2.1ft,0.05s
4.17.2026 14:58:18,T1,T2,1.3ft,0.05s
4.17.2026 14:58:18,T0,T1,2.6ft,0.05s
4.17.2026 14:58:18,T0,T2,2.1ft,0.05s
4.17.2026 14:58:18,T1,T2,1.3ft,0.05s
4.17.2026 14:58:18,T0,T1,2.6ft,0.05s
4.17.2026 14:58:18,T0,T2,2.1ft,0.05s
4.17.2026 14:58:18,T1,T2,1.3ft,0.05s
4.17.2026 14:58:18,T0,T1,2.6ft,0.05s
4.17.2026 14:58:18,T0,T2,2.1ft,0.05s
4.17.2026 14:58:18,T1,T2,1.3ft,0.05s
4.17.2026 14:58:18,T0,T1,2.6ft,0.05s
4.17.2026 14:58:18,T0,T2,2.0ft,0.05s
4.17.2026 14:58:18,T1,T2,1.4ft,0.05s
4.17.2026 14:58:19,T0,T1,2.6ft,0.05s
4.17.2026 14:58:19,T0,T2,2.0ft,0.05s
4.17.2026 14:58:19,T1,T2,1.4ft,0.05s
4.17.2026 14:58:19,T0,T1,2.5ft,0.05s
4.17.2026 14:58:19,T0,T2,2.1ft,0.05s
4.17.2026 14:58:19,T1,T2,1.4ft,0.05s
4.17.2026 14:58:19,T0,T1,2.5ft,0.05s
4.17.2026 14:58:19,T0,T2,2.2ft,0.05s
4.17.2026 14:58:19,T1,T2,1.4ft,0.05s
4.17.2026 14:58:19,T0,T1,2.5ft,0.05s
4.17.2026 14:58:19,T0,T2,2.3ft,0.05s
4.17.2026 14:58:19,T1,T2,1.4ft,0.05s
4.17.2026 14:58:19,T0,T1,2.5ft,0.05s
4.17.2026 14:58:19,T0,T2,2.4ft,0.05s
4.17.2026 14:58:19,T1,T2,1.4ft,0.05s
4.17.2026 14:58:19,T0,T1,2.4ft,0.05s
4.17.2026 14:58:19,T0,T2,2.5ft,0.05s
4.17.2026 14:58:19,T1,T2,1.5ft,0.05s
4.17.2026 14:58:19,T0,T1,2.4ft,0.05s
4.17.2026 14:58:19,T0,T2,2.6ft,0.05s
4.17.2026 14:58:19,T1,T2,1.6ft,0.05s
4.17.2026 14:58:19,T0,T1,2.3ft,0.05s
4.17.2026 14:58:19,T0,T2,2.7ft,0.05s
4.17.2026 14:58:19,T1,T2,1.6ft,0.05s
4.17.2026 14:58:19,T0,T1,2.4ft,0.05s
4.17.2026 14:58:19,T0,T2,2.8ft,0.05s
4.17.2026 14:58:19,T1,T2,1.7ft,0.05s
4.17.2026 14:58:19,T0,T1,2.5ft,0.05s
4.17.2026 14:58:19,T0,T2,2.9ft,0.05s
4.17.2026 14:58:19,T1,T2,1.7ft,0.05s
4.17.2026 14:58:19,T0,T1,2.6ft,0.05s
4.17.2026 14:58:19,T0,T2,3.0ft,0.05s
4.17.2026 14:58:19,T1,T2,1.7ft,0.05s
4.17.2026 14:58:19,T0,T1,2.7ft,0.05s
4.17.2026 14:58:19,T0,T2,3.0ft,0.05s
4.17.2026 14:58:19,T1,T2,1.7ft,0.05s
4.17.2026 14:58:19,T0,T1,2.8ft,0.05s
4.17.2026 14:58:19,T0,T2,3.1ft,0.05s
4.17.2026 14:58:19,T1,T2,1.6ft,0.05s
4.17.2026 14:58:19,T0,T1,2.9ft,0.05s
4.17.2026 14:58:19,T0,T2,3.1ft,0.05s
4.17.2026 14:58:19,T1,T2,1.6ft,0.05s
4.17.2026 14:58:19,T0,T1,3.0ft,0.05s
4.17.2026 14:58:19,T0,T2,3.1ft,0.05s
4.17.2026 14:58:19,T1,T2,1.6ft,0.05s
4.17.2026 14:58:19,T0,T1,3.1ft,0.05s
4.17.2026 14:58:19,T0,T2,3.1ft,0.05s
4.17.2026 14:58:19,T1,T2,1.5ft,0.05s
4.17.2026 14:58:19,T0,T1,3.1ft,0.06s
4.17.2026 14:58:19,T0,T2,3.0ft,0.06s
4.17.2026 14:58:19,T1,T2,1.5ft,0.06s
4.17.2026 14:58:19,T0,T1,3.1ft,0.05s
4.17.2026 14:58:19,T0,T2,2.9ft,0.05s
4.17.2026 14:58:19,T1,T2,1.5ft,0.05s
4.17.2026 14:58:19,T0,T1,3.1ft,0.05s
4.17.2026 14:58:19,T0,T2,2.8ft,0.05s
4.17.2026 14:58:19,T1,T2,1.5ft,0.05s
4.17.2026 14:58:19,T0,T1,3.1ft,0.05s
4.17.2026 14:58:19,T0,T2,2.7ft,0.05s
4.17.2026 14:58:19,T1,T2,1.4ft,0.05s
4.17.2026 14:58:20,T0,T1,3.0ft,0.05s
4.17.2026 14:58:20,T0,T2,2.7ft,0.05s
4.17.2026 14:58:20,T1,T2,1.4ft,0.05s
4.17.2026 14:58:20,T0,T1,3.0ft,0.05s
4.17.2026 14:58:20,T0,T2,2.7ft,0.05s
4.17.2026 14:58:20,T1,T2,1.4ft,0.05s
4.17.2026 14:58:20,T0,T1,3.0ft,0.05s
4.17.2026 14:58:20,T0,T2,2.7ft,0.05s
4.17.2026 14:58:20,T1,T2,1.4ft,0.05s
4.17.2026 14:58:20,T0,T1,3.0ft,0.05s
4.17.2026 14:58:20,T0,T2,2.8ft,0.05s
4.17.2026 14:58:20,T1,T2,1.5ft,0.05s
4.17.2026 14:58:20,T0,T1,3.0ft,0.05s
4.17.2026 14:58:20,T0,T2,2.9ft,0.05s
4.17.2026 14:58:20,T1,T2,1.5ft,0.05s
4.17.2026 14:58:20,T0,T1,3.0ft,0.05s
4.17.2026 14:58:20,T0,T2,2.9ft,0.05s
4.17.2026 14:58:20,T1,T2,1.5ft,0.05s
4.17.2026 14:58:20,T0,T1,3.0ft,0.05s
4.17.2026 14:58:20,T0,T2,3.0ft,0.05s
4.17.2026 14:58:20,T1,T2,1.6ft,0.05s
4.17.2026 14:58:20,T0,T1,3.0ft,0.05s
4.17.2026 14:58:20,T0,T2,3.1ft,0.05s
4.17.2026 14:58:20,T1,T2,1.6ft,0.05s
4.17.2026 14:58:20,T0,T1,3.0ft,0.05s
4.17.2026 14:58:20,T0,T2,3.1ft,0.05s
4.17.2026 14:58:20,T1,T2,1.7ft,0.05s
4.17.2026 14:58:20,T0,T1,2.9ft,0.05s
4.17.2026 14:58:20,T0,T2,3.2ft,0.05s
4.17.2026 14:58:20,T1,T2,1.7ft,0.05s
4.17.2026 14:58:20,T0,T1,3.0ft,0.05s
4.17.2026 14:58:20,T0,T2,3.3ft,0.05s
4.17.2026 14:58:20,T1,T2,1.7ft,0.05s
4.17.2026 14:58:20,T0,T1,3.0ft,0.05s
4.17.2026 14:58:20,T0,T2,3.4ft,0.05s
4.17.2026 14:58:20,T1,T2,1.8ft,0.05s
4.17.2026 14:58:20,T0,T1,3.0ft,0.05s
4.17.2026 14:58:20,T0,T2,3.6ft,0.05s
4.17.2026 14:58:20,T1,T2,1.9ft,0.05s
4.17.2026 14:58:20,T0,T1,3.0ft,0.05s
4.17.2026 14:58:20,T0,T2,3.7ft,0.05s
4.17.2026 14:58:20,T1,T2,1.9ft,0.05s
4.17.2026 14:58:20,T0,T1,3.0ft,0.05s
4.17.2026 14:58:20,T0,T2,3.8ft,0.05s
4.17.2026 14:58:20,T1,T2,1.9ft,0.05s
4.17.2026 14:58:20,T0,T1,3.0ft,0.05s
4.17.2026 14:58:20,T0,T2,3.7ft,0.05s
4.17.2026 14:58:20,T1,T2,1.9ft,0.05s
4.17.2026 14:58:20,T0,T1,2.9ft,0.05s
4.17.2026 14:58:20,T0,T2,3.6ft,0.05s
4.17.2026 14:58:20,T1,T2,1.8ft,0.05s
4.17.2026 14:58:20,T0,T1,2.9ft,0.05s
4.17.2026 14:58:20,T0,T2,3.6ft,0.05s
4.17.2026 14:58:20,T1,T2,1.8ft,0.05s
4.17.2026 14:58:20,T0,T1,2.8ft,0.05s
4.17.2026 14:58:20,T0,T2,3.6ft,0.05s
4.17.2026 14:58:20,T1,T2,1.8ft,0.05s
4.17.2026 14:58:21,T0,T1,2.7ft,0.05s
4.17.2026 14:58:21,T0,T2,3.5ft,0.05s
4.17.2026 14:58:21,T1,T2,1.7ft,0.05s
4.17.2026 14:58:21,T0,T1,2.7ft,0.05s
4.17.2026 14:58:21,T0,T2,3.4ft,0.05s
4.17.2026 14:58:21,T1,T2,1.7ft,0.05s
4.17.2026 14:58:21,T0,T1,2.6ft,0.05s
4.17.2026 14:58:21,T0,T2,3.3ft,0.05s
4.17.2026 14:58:21,T1,T2,1.7ft,0.05s
4.17.2026 14:58:21,T0,T1,2.5ft,0.05s
4.17.2026 14:58:21,T0,T2,3.3ft,0.05s
4.17.2026 14:58:21,T1,T2,1.7ft,0.05s
4.17.2026 14:58:21,T0,T1,2.5ft,0.05s
4.17.2026 14:58:21,T0,T2,3.2ft,0.05s
4.17.2026 14:58:21,T1,T2,1.7ft,0.05s
4.17.2026 14:58:21,T0,T1,2.4ft,0.05s
4.17.2026 14:58:21,T0,T2,3.1ft,0.05s
4.17.2026 14:58:21,T1,T2,1.7ft,0.05s
4.17.2026 14:58:21,T0,T1,2.4ft,0.05s
4.17.2026 14:58:21,T0,T2,3.1ft,0.05s
4.17.2026 14:58:21,T1,T2,1.7ft,0.05s
4.17.2026 14:58:21,T0,T1,2.4ft,0.05s
4.17.2026 14:58:21,T0,T2,3.0ft,0.05s
4.17.2026 14:58:21,T1,T2,1.7ft,0.05s
4.17.2026 14:58:21,T0,T1,2.4ft,0.05s
4.17.2026 14:58:21,T0,T2,3.0ft,0.05s
4.17.2026 14:58:21,T1,T2,1.7ft,0.05s
4.17.2026 14:58:21,T0,T1,2.4ft,0.05s
4.17.2026 14:58:21,T0,T2,3.0ft,0.05s
4.17.2026 14:58:21,T1,T2,1.7ft,0.05s
4.17.2026 14:58:21,T0,T1,2.4ft,0.05s
4.17.2026 14:58:21,T0,T2,3.0ft,0.05s
4.17.2026 14:58:21,T1,T2,1.7ft,0.05s
4.17.2026 14:58:21,T0,T1,2.4ft,0.05s
4.17.2026 14:58:21,T0,T2,2.9ft,0.05s
4.17.2026 14:58:21,T1,T2,1.7ft,0.05s
4.17.2026 14:58:21,T0,T1,2.5ft,0.05s
4.17.2026 14:58:21,T0,T2,2.9ft,0.05s
4.17.2026 14:58:21,T1,T2,1.6ft,0.05s
4.17.2026 14:58:21,T0,T1,2.5ft,0.05s
4.17.2026 14:58:21,T0,T2,2.9ft,0.05s
4.17.2026 14:58:21,T1,T2,1.6ft,0.05s
4.17.2026 14:58:21,T0,T1,2.6ft,0.05s
4.17.2026 14:58:21,T0,T2,2.8ft,0.05s
4.17.2026 14:58:21,T1,T2,1.5ft,0.05s
4.17.2026 14:58:21,T0,T1,2.7ft,0.05s
4.17.2026 14:58:21,T0,T2,2.7ft,0.05s
4.17.2026 14:58:21,T1,T2,1.5ft,0.05s
4.17.2026 14:58:21,T0,T1,2.7ft,0.05s
4.17.2026 14:58:21,T0,T2,2.7ft,0.05s
4.17.2026 14:58:21,T1,T2,1.4ft,0.05s
4.17.2026 14:58:21,T0,T1,2.8ft,0.05s
4.17.2026 14:58:21,T0,T2,2.6ft,0.05s
4.17.2026 14:58:21,T1,T2,1.4ft,0.05s
4.17.2026 14:58:21,T0,T1,2.8ft,0.05s
4.17.2026 14:58:21,T0,T2,2.5ft,0.05s
4.17.2026 14:58:21,T1,T2,1.3ft,0.05s
4.17.2026 14:58:21,T0,T1,2.8ft,0.05s
4.17.2026 14:58:21,T0,T2,2.4ft,0.05s
4.17.2026 14:58:21,T1,T2,1.3ft,0.05s
4.17.2026 14:58:22,T0,T1,2.8ft,0.05s
4.17.2026 14:58:22,T0,T2,2.3ft,0.05s
4.17.2026 14:58:22,T1,T2,1.2ft,0.05s
4.17.2026 14:58:22,T0,T1,2.8ft,0.05s
4.17.2026 14:58:22,T0,T2,2.3ft,0.05s
4.17.2026 14:58:22,T1,T2,1.2ft,0.05s
4.17.2026 14:58:22,T0,T1,2.8ft,0.05s
4.17.2026 14:58:22,T0,T2,2.2ft,0.05s
4.17.2026 14:58:22,T1,T2,1.2ft,0.05s
4.17.2026 14:58:22,T0,T1,2.9ft,0.05s
4.17.2026 14:58:22,T0,T2,2.2ft,0.05s
4.17.2026 14:58:22,T1,T2,1.1ft,0.05s
4.17.2026 14:58:22,T0,T1,2.9ft,0.05s
4.17.2026 14:58:22,T0,T2,2.1ft,0.05s
4.17.2026 14:58:22,T1,T2,1.2ft,0.05s
4.17.2026 14:58:22,T0,T1,2.9ft,0.05s
4.17.2026 14:58:22,T0,T2,2.1ft,0.05s
4.17.2026 14:58:22,T1,T2,1.2ft,0.05s
4.17.2026 14:58:22,T0,T1,2.9ft,0.05s
4.17.2026 14:58:22,T0,T2,2.1ft,0.05s
4.17.2026 14:58:22,T1,T2,1.2ft,0.05s
4.17.2026 14:58:22,T0,T1,3.0ft,0.05s
4.17.2026 14:58:22,T0,T2,2.0ft,0.05s
4.17.2026 14:58:22,T1,T2,1.3ft,0.05s
4.17.2026 14:58:22,T0,T1,3.0ft,0.05s
4.17.2026 14:58:22,T0,T2,2.0ft,0.05s
4.17.2026 14:58:22,T1,T2,1.3ft,0.05s
4.17.2026 14:58:22,T0,T1,3.1ft,0.05s
4.17.2026 14:58:22,T0,T2,2.0ft,0.05s
4.17.2026 14:58:22,T1,T2,1.4ft,0.05s
4.17.2026 14:58:22,T0,T1,3.1ft,0.05s
4.17.2026 14:58:22,T0,T2,2.0ft,0.05s
4.17.2026 14:58:22,T1,T2,1.4ft,0.05s
4.17.2026 14:58:22,T0,T1,3.1ft,0.05s
4.17.2026 14:58:22,T0,T2,2.0ft,0.05s
4.17.2026 14:58:22,T1,T2,1.4ft,0.05s
4.17.2026 14:58:22,T0,T1,3.1ft,0.05s
4.17.2026 14:58:22,T0,T2,1.9ft,0.05s
4.17.2026 14:58:22,T1,T2,1.5ft,0.05s
4.17.2026 14:58:22,T0,T1,3.0ft,0.05s
4.17.2026 14:58:22,T0,T2,1.9ft,0.05s
4.17.2026 14:58:22,T1,T2,1.5ft,0.05s
4.17.2026 14:58:22,T0,T1,3.0ft,0.05s
4.17.2026 14:58:22,T0,T2,1.9ft,0.05s
4.17.2026 14:58:22,T1,T2,1.5ft,0.05s
4.17.2026 14:58:22,T0,T1,2.9ft,0.05s
4.17.2026 14:58:22,T0,T2,1.9ft,0.05s
4.17.2026 14:58:22,T1,T2,1.5ft,0.05s
4.17.2026 14:58:22,T0,T1,2.9ft,0.05s
4.17.2026 14:58:22,T0,T2,1.8ft,0.05s
4.17.2026 14:58:22,T1,T2,1.6ft,0.05s
4.17.2026 14:58:22,T0,T1,2.8ft,0.05s
4.17.2026 14:58:22,T0,T2,1.8ft,0.05s
4.17.2026 14:58:22,T1,T2,1.8ft,0.05s
4.17.2026 14:58:22,T0,T1,2.8ft,0.05s
4.17.2026 14:58:22,T0,T2,1.8ft,0.05s
4.17.2026 14:58:22,T1,T2,1.9ft,0.05s
4.17.2026 14:58:22,T0,T1,2.8ft,0.05s
4.17.2026 14:58:22,T0,T2,1.8ft,0.05s
4.17.2026 14:58:22,T1,T2,2.0ft,0.05s
4.17.2026 14:58:23,T0,T1,2.8ft,0.05s
4.17.2026 14:58:23,T0,T2,1.8ft,0.05s
4.17.2026 14:58:23,T1,T2,2.0ft,0.05s
4.17.2026 14:58:23,T0,T1,2.8ft,0.05s
4.17.2026 14:58:23,T0,T2,1.8ft,0.05s
4.17.2026 14:58:23,T1,T2,2.1ft,0.05s
4.17.2026 14:58:23,T0,T1,2.8ft,0.05s
4.17.2026 14:58:23,T0,T2,1.8ft,0.05s
4.17.2026 14:58:23,T1,T2,2.1ft,0.05s
4.17.2026 14:58:23,T0,T1,2.7ft,0.05s
4.17.2026 14:58:23,T0,T2,1.9ft,0.05s
4.17.2026 14:58:23,T1,T2,2.1ft,0.05s
4.17.2026 14:58:23,T0,T1,2.7ft,0.05s
4.17.2026 14:58:23,T0,T2,1.9ft,0.05s
4.17.2026 14:58:23,T1,T2,2.1ft,0.05s
4.17.2026 14:58:23,T0,T1,2.7ft,0.05s
4.17.2026 14:58:23,T0,T2,1.9ft,0.05s
4.17.2026 14:58:23,T1,T2,2.1ft,0.05s
4.17.2026 14:58:23,T0,T1,2.7ft,0.05s
4.17.2026 14:58:23,T0,T2,1.9ft,0.05s
4.17.2026 14:58:23,T1,T2,2.1ft,0.05s
4.17.2026 14:58:23,T0,T1,2.7ft,0.05s
4.17.2026 14:58:23,T0,T2,1.9ft,0.05s
4.17.2026 14:58:23,T1,T2,2.1ft,0.05s
4.17.2026 14:58:23,T0,T1,2.7ft,0.05s
4.17.2026 14:58:23,T0,T2,1.9ft,0.05s
4.17.2026 14:58:23,T1,T2,2.1ft,0.05s
4.17.2026 14:58:23,T0,T1,2.7ft,0.05s
4.17.2026 14:58:23,T0,T2,2.1ft,0.05s
4.17.2026 14:58:23,T1,T2,2.0ft,0.05s
4.17.2026 14:58:23,T0,T1,2.7ft,0.05s
4.17.2026 14:58:23,T0,T2,2.1ft,0.05s
4.17.2026 14:58:23,T1,T2,2.0ft,0.05s
4.17.2026 14:58:23,T0,T1,2.7ft,0.05s
4.17.2026 14:58:23,T0,T2,2.2ft,0.05s
4.17.2026 14:58:23,T1,T2,1.9ft,0.05s
4.17.2026 14:58:23,T0,T1,2.7ft,0.05s
4.17.2026 14:58:23,T0,T2,2.2ft,0.05s
4.17.2026 14:58:23,T1,T2,1.9ft,0.05s
4.17.2026 14:58:23,T0,T1,2.7ft,0.05s
4.17.2026 14:58:23,T0,T2,2.2ft,0.05s
4.17.2026 14:58:23,T1,T2,1.8ft,0.05s
4.17.2026 14:58:23,T0,T1,2.7ft,0.05s
4.17.2026 14:58:23,T0,T2,2.2ft,0.05s
4.17.2026 14:58:23,T1,T2,1.8ft,0.05s
4.17.2026 14:58:23,T0,T1,2.9ft,0.05s
4.17.2026 14:58:23,T0,T2,2.2ft,0.05s
4.17.2026 14:58:23,T1,T2,1.8ft,0.05s
4.17.2026 14:58:23,T0,T1,3.0ft,0.05s
4.17.2026 14:58:23,T0,T2,2.2ft,0.05s
4.17.2026 14:58:23,T1,T2,1.8ft,0.05s
4.17.2026 14:58:23,T0,T1,3.1ft,0.05s
4.17.2026 14:58:23,T0,T2,2.2ft,0.05s
4.17.2026 14:58:23,T1,T2,1.8ft,0.05s
4.17.2026 14:58:23,T0,T1,3.2ft,0.05s
4.17.2026 14:58:23,T0,T2,2.2ft,0.05s
4.17.2026 14:58:23,T1,T2,1.8ft,0.05s
4.17.2026 14:58:24,T0,T1,3.2ft,0.05s
4.17.2026 14:58:24,T0,T2,2.2ft,0.05s
4.17.2026 14:58:24,T1,T2,1.8ft,0.05s
4.17.2026 14:58:24,T0,T1,3.3ft,0.05s
4.17.2026 14:58:24,T0,T2,2.2ft,0.05s
4.17.2026 14:58:24,T1,T2,1.8ft,0.05s
4.17.2026 14:58:24,T0,T1,3.3ft,0.05s
4.17.2026 14:58:24,T0,T2,2.1ft,0.05s
4.17.2026 14:58:24,T1,T2,1.8ft,0.05s
4.17.2026 14:58:24,T0,T1,3.2ft,0.05s
4.17.2026 14:58:24,T0,T2,2.1ft,0.05s
4.17.2026 14:58:24,T1,T2,1.8ft,0.05s
4.17.2026 14:58:24,T0,T1,3.2ft,0.05s
4.17.2026 14:58:24,T0,T2,2.0ft,0.05s
4.17.2026 14:58:24,T1,T2,1.8ft,0.05s
4.17.2026 14:58:24,T0,T1,3.2ft,0.05s
4.17.2026 14:58:24,T0,T2,2.0ft,0.05s
4.17.2026 14:58:24,T1,T2,1.8ft,0.05s
4.17.2026 14:58:24,T0,T1,3.2ft,0.05s
4.17.2026 14:58:24,T0,T2,2.0ft,0.05s
4.17.2026 14:58:24,T1,T2,1.7ft,0.05s
4.17.2026 14:58:24,T0,T1,3.1ft,0.05s
4.17.2026 14:58:24,T0,T2,1.9ft,0.05s
4.17.2026 14:58:24,T1,T2,1.7ft,0.05s
4.17.2026 14:58:24,T0,T1,3.1ft,0.05s
4.17.2026 14:58:24,T0,T2,1.9ft,0.05s
4.17.2026 14:58:24,T1,T2,1.6ft,0.05s
4.17.2026 14:58:24,T0,T1,3.1ft,0.05s
4.17.2026 14:58:24,T0,T2,1.9ft,0.05s
4.17.2026 14:58:24,T1,T2,1.6ft,0.05s
4.17.2026 14:58:24,T0,T1,3.1ft,0.05s
4.17.2026 14:58:24,T0,T2,2.0ft,0.05s
4.17.2026 14:58:24,T1,T2,1.6ft,0.05s
4.17.2026 14:58:24,T0,T1,3.1ft,0.05s
4.17.2026 14:58:24,T0,T2,2.0ft,0.05s
4.17.2026 14:58:24,T1,T2,1.6ft,0.05s
4.17.2026 14:58:24,T0,T1,3.1ft,0.05s
4.17.2026 14:58:24,T0,T2,2.0ft,0.05s
4.17.2026 14:58:24,T1,T2,1.5ft,0.05s
4.17.2026 14:58:24,T0,T1,3.1ft,0.05s
4.17.2026 14:58:24,T0,T2,2.0ft,0.05s
4.17.2026 14:58:24,T1,T2,1.5ft,0.05s
4.17.2026 14:58:24,T0,T1,3.0ft,0.05s
4.17.2026 14:58:24,T0,T2,2.1ft,0.05s
4.17.2026 14:58:24,T1,T2,1.4ft,0.05s
4.17.2026 14:58:24,T0,T1,3.0ft,0.05s
4.17.2026 14:58:24,T0,T2,2.2ft,0.05s
4.17.2026 14:58:24,T1,T2,1.4ft,0.05s
4.17.2026 14:58:24,T0,T1,2.9ft,0.05s
4.17.2026 14:58:24,T0,T2,2.3ft,0.05s
4.17.2026 14:58:24,T1,T2,1.3ft,0.05s
4.17.2026 14:58:24,T0,T1,2.8ft,0.05s
4.17.2026 14:58:24,T0,T2,2.3ft,0.05s
4.17.2026 14:58:24,T1,T2,1.3ft,0.05s
4.17.2026 14:58:24,T0,T1,2.8ft,0.05s
4.17.2026 14:58:24,T0,T2,2.4ft,0.05s
4.17.2026 14:58:24,T1,T2,1.3ft,0.05s
4.17.2026 14:58:24,T0,T1,2.7ft,0.05s
4.17.2026 14:58:24,T0,T2,2.5ft,0.05s
4.17.2026 14:58:24,T1,T2,1.3ft,0.05s
4.17.2026 14:58:25,T0,T1,2.7ft,0.05s
4.17.2026 14:58:25,T0,T2,2.6ft,0.05s
4.17.2026 14:58:25,T1,T2,1.3ft,0.05s
4.17.2026 14:58:25,T0,T1,2.6ft,0.05s
4.17.2026 14:58:25,T0,T2,2.6ft,0.05s
4.17.2026 14:58:25,T1,T2,1.4ft,0.05s
4.17.2026 14:58:25,T0,T1,2.6ft,0.05s
4.17.2026 14:58:25,T0,T2,2.7ft,0.05s
4.17.2026 14:58:25,T1,T2,1.4ft,0.05s
4.17.2026 14:58:25,T0,T1,2.5ft,0.05s
4.17.2026 14:58:25,T0,T2,2.7ft,0.05s
4.17.2026 14:58:25,T1,T2,1.5ft,0.05s
4.17.2026 14:58:25,T0,T1,2.5ft,0.05s
4.17.2026 14:58:25,T0,T2,2.7ft,0.05s
4.17.2026 14:58:25,T1,T2,1.6ft,0.05s
4.17.2026 14:58:25,T0,T1,2.5ft,0.05s
4.17.2026 14:58:25,T0,T2,2.7ft,0.05s
4.17.2026 14:58:25,T1,T2,1.6ft,0.05s
4.17.2026 14:58:25,T0,T1,2.5ft,0.05s
4.17.2026 14:58:25,T0,T2,2.8ft,0.05s
4.17.2026 14:58:25,T1,T2,1.6ft,0.05s
4.17.2026 14:58:25,T0,T1,2.5ft,0.05s
4.17.2026 14:58:25,T0,T2,2.7ft,0.05s
4.17.2026 14:58:25,T1,T2,1.6ft,0.05s
4.17.2026 14:58:25,T0,T1,2.5ft,0.05s
4.17.2026 14:58:25,T0,T2,2.7ft,0.05s
4.17.2026 14:58:25,T1,T2,1.6ft,0.05s
4.17.2026 14:58:25,T0,T1,2.5ft,0.05s
4.17.2026 14:58:25,T0,T2,2.6ft,0.05s
4.17.2026 14:58:25,T1,T2,1.6ft,0.05s
4.17.2026 14:58:25,T0,T1,2.5ft,0.05s
4.17.2026 14:58:25,T0,T2,2.5ft,0.05s
4.17.2026 14:58:25,T1,T2,1.6ft,0.05s
4.17.2026 14:58:25,T0,T1,2.5ft,0.05s
4.17.2026 14:58:25,T0,T2,2.4ft,0.05s
4.17.2026 14:58:25,T1,T2,1.6ft,0.05s
4.17.2026 14:58:25,T0,T1,2.5ft,0.05s
4.17.2026 14:58:25,T0,T2,2.4ft,0.05s
4.17.2026 14:58:25,T1,T2,1.5ft,0.05s
4.17.2026 14:58:25,T0,T1,2.4ft,0.05s
4.17.2026 14:58:25,T0,T2,2.4ft,0.05s
4.17.2026 14:58:25,T1,T2,1.5ft,0.05s
4.17.2026 14:58:25,T0,T1,2.4ft,0.05s
4.17.2026 14:58:25,T0,T2,2.4ft,0.05s
4.17.2026 14:58:25,T1,T2,1.6ft,0.05s
4.17.2026 14:58:25,T0,T1,2.4ft,0.05s
4.17.2026 14:58:25,T0,T2,2.4ft,0.05s
4.17.2026 14:58:25,T1,T2,1.6ft,0.05s
4.17.2026 14:58:25,T0,T1,2.4ft,0.05s
4.17.2026 14:58:25,T0,T2,2.5ft,0.05s
4.17.2026 14:58:25,T1,T2,1.6ft,0.05s
4.17.2026 14:58:25,T0,T1,2.4ft,0.05s
4.17.2026 14:58:25,T0,T2,2.5ft,0.05s
4.17.2026 14:58:25,T1,T2,1.6ft,0.05s
4.17.2026 14:58:25,T0,T1,2.4ft,0.05s
4.17.2026 14:58:25,T0,T2,2.6ft,0.05s
4.17.2026 14:58:25,T1,T2,1.7ft,0.05s
4.17.2026 14:58:25,T0,T1,2.3ft,0.05s
4.17.2026 14:58:25,T0,T2,2.6ft,0.05s
4.17.2026 14:58:25,T1,T2,1.7ft,0.05s
4.17.2026 14:58:26,T0,T1,2.3ft,0.05s
4.17.2026 14:58:26,T0,T2,2.7ft,0.05s
4.17.2026 14:58:26,T1,T2,1.7ft,0.05s
4.17.2026 14:58:26,T0,T1,2.3ft,0.05s
4.17.2026 14:58:26,T0,T2,2.7ft,0.05s
4.17.2026 14:58:26,T1,T2,1.8ft,0.05s
4.17.2026 14:58:26,T0,T1,2.3ft,0.05s
4.17.2026 14:58:26,T0,T2,2.7ft,0.05s
4.17.2026 14:58:26,T1,T2,1.8ft,0.05s
4.17.2026 14:58:26,T0,T1,2.3ft,0.05s
4.17.2026 14:58:26,T0,T2,2.7ft,0.05s
4.17.2026 14:58:26,T1,T2,1.8ft,0.05s
4.17.2026 14:58:26,T0,T1,2.3ft,0.05s
4.17.2026 14:58:26,T0,T2,2.7ft,0.05s
4.17.2026 14:58:26,T1,T2,1.8ft,0.05s
4.17.2026 14:58:26,T0,T1,2.3ft,0.05s
4.17.2026 14:58:26,T0,T2,2.7ft,0.05s
4.17.2026 14:58:26,T1,T2,1.7ft,0.05s
4.17.2026 14:58:26,T0,T1,2.3ft,0.05s
4.17.2026 14:58:26,T0,T2,2.6ft,0.05s
4.17.2026 14:58:26,T1,T2,1.7ft,0.05s
4.17.2026 14:58:26,T0,T1,2.4ft,0.05s
4.17.2026 14:58:26,T0,T2,2.5ft,0.05s
4.17.2026 14:58:26,T1,T2,1.7ft,0.05s
4.17.2026 14:58:26,T0,T1,2.4ft,0.05s
4.17.2026 14:58:26,T0,T2,2.4ft,0.05s
4.17.2026 14:58:26,T1,T2,1.6ft,0.05s
4.17.2026 14:58:26,T0,T1,2.5ft,0.05s
4.17.2026 14:58:26,T0,T2,2.3ft,0.05s
4.17.2026 14:58:26,T1,T2,1.6ft,0.05s
4.17.2026 14:58:26,T0,T1,2.5ft,0.05s
4.17.2026 14:58:26,T0,T2,2.2ft,0.05s
4.17.2026 14:58:26,T1,T2,1.6ft,0.05s
4.17.2026 14:58:26,T0,T1,2.5ft,0.05s
4.17.2026 14:58:26,T0,T2,2.1ft,0.05s
4.17.2026 14:58:26,T1,T2,1.5ft,0.05s
4.17.2026 14:58:26,T0,T1,2.6ft,0.05s
4.17.2026 14:58:26,T0,T2,2.0ft,0.05s
4.17.2026 14:58:26,T1,T2,1.5ft,0.05s
4.17.2026 14:58:26,T0,T1,2.6ft,0.05s
4.17.2026 14:58:26,T0,T2,2.0ft,0.05s
4.17.2026 14:58:26,T1,T2,1.5ft,0.05s
4.17.2026 14:58:26,T0,T1,2.6ft,0.05s
4.17.2026 14:58:26,T0,T2,1.9ft,0.05s
4.17.2026 14:58:26,T1,T2,1.5ft,0.05s
4.17.2026 14:58:26,T0,T1,2.6ft,0.05s
4.17.2026 14:58:26,T0,T2,1.8ft,0.05s
4.17.2026 14:58:26,T1,T2,1.5ft,0.05s
4.17.2026 14:58:26,T0,T1,2.6ft,0.05s
4.17.2026 14:58:26,T0,T2,1.7ft,0.05s
4.17.2026 14:58:26,T1,T2,1.5ft,0.05s
4.17.2026 14:58:26,T0,T1,2.6ft,0.05s
4.17.2026 14:58:26,T0,T2,1.7ft,0.05s
4.17.2026 14:58:26,T1,T2,1.5ft,0.05s
4.17.2026 14:58:26,T0,T1,2.6ft,0.05s
4.17.2026 14:58:26,T0,T2,1.6ft,0.05s
4.17.2026 14:58:26,T1,T2,1.5ft,0.05s
4.17.2026 14:58:26,T0,T1,2.7ft,0.05s
4.17.2026 14:58:26,T0,T2,1.6ft,0.05s
4.17.2026 14:58:26,T1,T2,1.6ft,0.05s
4.17.2026 14:58:27,T0,T1,2.7ft,0.05s
4.17.2026 14:58:27,T0,T2,1.6ft,0.05s
4.17.2026 14:58:27,T1,T2,1.6ft,0.05s
4.17.2026 14:58:27,T0,T1,2.7ft,0.05s
4.17.2026 14:58:27,T0,T2,1.6ft,0.05s
4.17.2026 14:58:27,T1,T2,1.6ft,0.05s
4.17.2026 14:58:27,T0,T1,2.7ft,0.05s
4.17.2026 14:58:27,T0,T2,1.6ft,0.05s
4.17.2026 14:58:27,T1,T2,1.5ft,0.05s
4.17.2026 14:58:27,T0,T1,2.7ft,0.05s
4.17.2026 14:58:27,T0,T2,1.6ft,0.05s
4.17.2026 14:58:27,T1,T2,1.5ft,0.05s
4.17.2026 14:58:27,T0,T1,2.8ft,0.05s
4.17.2026 14:58:27,T0,T2,1.6ft,0.05s
4.17.2026 14:58:27,T1,T2,1.5ft,0.05s
4.17.2026 14:58:27,T0,T1,2.8ft,0.05s
4.17.2026 14:58:27,T0,T2,1.6ft,0.05s
4.17.2026 14:58:27,T1,T2,1.5ft,0.05s
4.17.2026 14:58:27,T0,T1,2.9ft,0.05s
4.17.2026 14:58:27,T0,T2,1.6ft,0.05s
4.17.2026 14:58:27,T1,T2,1.5ft,0.05s
4.17.2026 14:58:27,T0,T1,3.0ft,0.05s
4.17.2026 14:58:27,T0,T2,1.6ft,0.05s
4.17.2026 14:58:27,T1,T2,1.5ft,0.05s
4.17.2026 14:58:27,T0,T1,3.0ft,0.05s
4.17.2026 14:58:27,T0,T2,1.6ft,0.05s
4.17.2026 14:58:27,T1,T2,1.6ft,0.05s
4.17.2026 14:58:27,T0,T1,3.1ft,0.05s
4.17.2026 14:58:27,T0,T2,1.5ft,0.05s
4.17.2026 14:58:27,T1,T2,1.7ft,0.05s
4.17.2026 14:58:27,T0,T1,3.1ft,0.05s
4.17.2026 14:58:27,T0,T2,1.5ft,0.05s
4.17.2026 14:58:27,T1,T2,1.7ft,0.05s
4.17.2026 14:58:27,T0,T1,3.0ft,0.05s
4.17.2026 14:58:27,T0,T2,1.5ft,0.05s
4.17.2026 14:58:27,T1,T2,1.7ft,0.05s
4.17.2026 14:58:27,T0,T1,3.0ft,0.05s
4.17.2026 14:58:27,T0,T2,1.5ft,0.05s
4.17.2026 14:58:27,T1,T2,1.7ft,0.05s
4.17.2026 14:58:27,T0,T1,3.0ft,0.05s
4.17.2026 14:58:27,T0,T2,1.5ft,0.05s
4.17.2026 14:58:27,T1,T2,1.7ft,0.05s
4.17.2026 14:58:27,T0,T1,2.9ft,0.05s
4.17.2026 14:58:27,T0,T2,1.4ft,0.05s
4.17.2026 14:58:27,T1,T2,1.7ft,0.05s
4.17.2026 14:58:27,T0,T1,2.9ft,0.05s
4.17.2026 14:58:27,T0,T2,1.4ft,0.05s
4.17.2026 14:58:27,T1,T2,1.7ft,0.05s
4.17.2026 14:58:27,T0,T1,2.9ft,0.05s
4.17.2026 14:58:27,T0,T2,1.4ft,0.05s
4.17.2026 14:58:27,T1,T2,1.6ft,0.05s
4.17.2026 14:58:27,T0,T1,2.8ft,0.05s
4.17.2026 14:58:27,T0,T2,1.4ft,0.05s
4.17.2026 14:58:27,T1,T2,1.7ft,0.05s
4.17.2026 14:58:27,T0,T1,2.9ft,0.05s
4.17.2026 14:58:27,T0,T2,1.4ft,0.05s
4.17.2026 14:58:27,T1,T2,1.7ft,0.05s
4.17.2026 14:58:28,T0,T1,2.9ft,0.05s
4.17.2026 14:58:28,T0,T2,1.4ft,0.05s
4.17.2026 14:58:28,T1,T2,1.7ft,0.05s
4.17.2026 14:58:28,T0,T1,2.8ft,0.05s
4.17.2026 14:58:28,T0,T2,1.3ft,0.05s
4.17.2026 14:58:28,T1,T2,1.8ft,0.05s
4.17.2026 14:58:28,T0,T1,2.8ft,0.05s
4.17.2026 14:58:28,T0,T2,1.3ft,0.05s
4.17.2026 14:58:28,T1,T2,1.8ft,0.05s
4.17.2026 14:58:28,T0,T1,2.7ft,0.05s
4.17.2026 14:58:28,T0,T2,1.3ft,0.05s
4.17.2026 14:58:28,T1,T2,1.8ft,0.05s
4.17.2026 14:58:28,T0,T1,2.7ft,0.05s
4.17.2026 14:58:28,T0,T2,1.3ft,0.05s
4.17.2026 14:58:28,T1,T2,1.8ft,0.05s
4.17.2026 14:58:28,T0,T1,2.6ft,0.05s
4.17.2026 14:58:28,T0,T2,1.3ft,0.05s
4.17.2026 14:58:28,T1,T2,1.8ft,0.05s
4.17.2026 14:58:28,T0,T1,2.6ft,0.05s
4.17.2026 14:58:28,T0,T2,1.3ft,0.05s
4.17.2026 14:58:28,T1,T2,1.9ft,0.05s
4.17.2026 14:58:28,T0,T1,2.7ft,0.05s
4.17.2026 14:58:28,T0,T2,1.3ft,0.05s
4.17.2026 14:58:28,T1,T2,1.9ft,0.05s
4.17.2026 14:58:28,T0,T1,2.7ft,0.05s
4.17.2026 14:58:28,T0,T2,1.3ft,0.05s
4.17.2026 14:58:28,T1,T2,2.0ft,0.05s
4.17.2026 14:58:28,T0,T1,2.7ft,0.05s
4.17.2026 14:58:28,T0,T2,1.4ft,0.05s
4.17.2026 14:58:28,T1,T2,2.0ft,0.05s
4.17.2026 14:58:28,T0,T1,2.8ft,0.05s
4.17.2026 14:58:28,T0,T2,1.4ft,0.05s
4.17.2026 14:58:28,T1,T2,2.0ft,0.05s
4.17.2026 14:58:28,T0,T1,2.8ft,0.05s
4.17.2026 14:58:28,T0,T2,1.4ft,0.05s
4.17.2026 14:58:28,T1,T2,2.0ft,0.05s
4.17.2026 14:58:28,T0,T1,2.9ft,0.05s
4.17.2026 14:58:28,T0,T2,1.5ft,0.05s
4.17.2026 14:58:28,T1,T2,2.0ft,0.05s
4.17.2026 14:58:28,T0,T1,2.9ft,0.05s
4.17.2026 14:58:28,T0,T2,1.5ft,0.05s
4.17.2026 14:58:28,T1,T2,2.0ft,0.05s
4.17.2026 14:58:28,T0,T1,2.9ft,0.05s
4.17.2026 14:58:28,T0,T2,1.6ft,0.05s
4.17.2026 14:58:28,T1,T2,1.9ft,0.05s
4.17.2026 14:58:28,T0,T1,2.9ft,0.05s
4.17.2026 14:58:28,T0,T2,1.6ft,0.05s
4.17.2026 14:58:28,T1,T2,1.9ft,0.05s
4.17.2026 14:58:28,T0,T1,2.9ft,0.05s
4.17.2026 14:58:28,T0,T2,1.6ft,0.05s
4.17.2026 14:58:28,T1,T2,1.9ft,0.05s
4.17.2026 14:58:28,T0,T1,2.9ft,0.05s
4.17.2026 14:58:28,T0,T2,1.6ft,0.05s
4.17.2026 14:58:28,T1,T2,1.9ft,0.05s
4.17.2026 14:58:28,T0,T1,2.9ft,0.05s
4.17.2026 14:58:28,T0,T2,1.6ft,0.05s
4.17.2026 14:58:28,T1,T2,1.8ft,0.05s
4.17.2026 14:58:28,T0,T1,3.0ft,0.05s
4.17.2026 14:58:28,T0,T2,1.6ft,0.05s
4.17.2026 14:58:28,T1,T2,1.9ft,0.05s
4.17.2026 14:58:29,T0,T1,3.2ft,0.05s
4.17.2026 14:58:29,T0,T2,1.6ft,0.05s
4.17.2026 14:58:29,T1,T2,2.0ft,0.05s
4.17.2026 14:58:29,T0,T1,3.4ft,0.05s
4.17.2026 14:58:29,T0,T2,1.7ft,0.05s
4.17.2026 14:58:29,T1,T2,2.0ft,0.05s
4.17.2026 14:58:29,T0,T1,3.5ft,0.05s
4.17.2026 14:58:29,T0,T2,1.7ft,0.05s
4.17.2026 14:58:29,T1,T2,2.1ft,0.05s
4.17.2026 14:58:29,T0,T1,3.7ft,0.05s
4.17.2026 14:58:29,T0,T2,1.7ft,0.05s
4.17.2026 14:58:29,T1,T2,2.2ft,0.05s
4.17.2026 14:58:29,T0,T1,3.9ft,0.05s
4.17.2026 14:58:29,T0,T2,1.7ft,0.05s
4.17.2026 14:58:29,T1,T2,2.3ft,0.05s
4.17.2026 14:58:29,T0,T1,4.0ft,0.05s
4.17.2026 14:58:29,T0,T2,1.7ft,0.05s
4.17.2026 14:58:29,T1,T2,2.4ft,0.05s
4.17.2026 14:58:29,T0,T1,4.2ft,0.05s
4.17.2026 14:58:29,T0,T2,1.8ft,0.05s
4.17.2026 14:58:29,T1,T2,2.6ft,0.05s
4.17.2026 14:58:29,T0,T1,4.4ft,0.05s
4.17.2026 14:58:29,T0,T2,1.8ft,0.05s
4.17.2026 14:58:29,T1,T2,2.7ft,0.05s
4.17.2026 14:58:29,T0,T1,4.7ft,0.05s
4.17.2026 14:58:29,T0,T2,1.9ft,0.05s
4.17.2026 14:58:29,T1,T2,2.8ft,0.05s
4.17.2026 14:58:29,T0,T1,4.8ft,0.05s
4.17.2026 14:58:29,T0,T2,2.0ft,0.05s
4.17.2026 14:58:29,T1,T2,2.9ft,0.05s
4.17.2026 14:58:29,T0,T1,4.8ft,0.05s
4.17.2026 14:58:29,T0,T2,2.0ft,0.05s
4.17.2026 14:58:29,T1,T2,2.8ft,0.05s
4.17.2026 14:58:29,T0,T1,4.7ft,0.05s
4.17.2026 14:58:29,T0,T2,2.1ft,0.05s
4.17.2026 14:58:29,T1,T2,2.6ft,0.05s
4.17.2026 14:58:29,T0,T1,4.5ft,0.05s
4.17.2026 14:58:29,T0,T2,2.2ft,0.05s
4.17.2026 14:58:29,T1,T2,2.3ft,0.05s
4.17.2026 14:58:29,T0,T1,4.4ft,0.05s
4.17.2026 14:58:29,T0,T2,2.4ft,0.05s
4.17.2026 14:58:29,T1,T2,2.1ft,0.05s
4.17.2026 14:58:29,T0,T1,4.2ft,0.05s
4.17.2026 14:58:29,T0,T2,2.5ft,0.05s
4.17.2026 14:58:29,T1,T2,1.9ft,0.05s
4.17.2026 14:58:29,T0,T1,4.1ft,0.05s
4.17.2026 14:58:29,T0,T2,2.6ft,0.05s
4.17.2026 14:58:29,T1,T2,1.7ft,0.05s
4.17.2026 14:58:29,T0,T1,4.0ft,0.05s
4.17.2026 14:58:29,T0,T2,2.7ft,0.05s
4.17.2026 14:58:29,T1,T2,1.5ft,0.05s
4.17.2026 14:58:29,T0,T1,3.9ft,0.05s
4.17.2026 14:58:29,T0,T2,2.8ft,0.05s
4.17.2026 14:58:29,T1,T2,1.4ft,0.05s
4.17.2026 14:58:29,T0,T1,3.8ft,0.05s
4.17.2026 14:58:29,T0,T2,2.9ft,0.05s
4.17.2026 14:58:29,T1,T2,1.3ft,0.05s
4.17.2026 14:58:29,T0,T1,3.7ft,0.05s
4.17.2026 14:58:29,T0,T2,2.9ft,0.05s
4.17.2026 14:58:29,T1,T2,1.2ft,0.05s
4.17.2026 14:58:30,T0,T1,3.6ft,0.05s
4.17.2026 14:58:30,T0,T2,3.0ft,0.05s
4.17.2026 14:58:30,T1,T2,1.2ft,0.05s
4.17.2026 14:58:30,T0,T1,3.6ft,0.05s
4.17.2026 14:58:30,T0,T2,3.1ft,0.05s
4.17.2026 14:58:30,T1,T2,1.2ft,0.05s
4.17.2026 14:58:30,T0,T1,3.5ft,0.05s
4.17.2026 14:58:30,T0,T2,3.1ft,0.05s
4.17.2026 14:58:30,T1,T2,1.2ft,0.05s
4.17.2026 14:58:30,T0,T1,3.5ft,0.05s
4.17.2026 14:58:30,T0,T2,3.2ft,0.05s
4.17.2026 14:58:30,T1,T2,1.2ft,0.05s
4.17.2026 14:58:30,T0,T1,3.5ft,0.05s
4.17.2026 14:58:30,T0,T2,3.2ft,0.05s
4.17.2026 14:58:30,T1,T2,1.2ft,0.05s
4.17.2026 14:58:30,T0,T1,3.5ft,0.05s
4.17.2026 14:58:30,T0,T2,3.3ft,0.05s
4.17.2026 14:58:30,T1,T2,1.2ft,0.05s
4.17.2026 14:58:30,T0,T1,3.5ft,0.05s
4.17.2026 14:58:30,T0,T2,3.3ft,0.05s
4.17.2026 14:58:30,T1,T2,1.2ft,0.05s
4.17.2026 14:58:30,T0,T1,3.5ft,0.05s
4.17.2026 14:58:30,T0,T2,3.2ft,0.05s
4.17.2026 14:58:30,T1,T2,1.2ft,0.05s
4.17.2026 14:58:30,T0,T1,3.5ft,0.05s
4.17.2026 14:58:30,T0,T2,3.1ft,0.05s
4.17.2026 14:58:30,T1,T2,1.1ft,0.05s
4.17.2026 14:58:30,T0,T1,3.6ft,0.05s
4.17.2026 14:58:30,T0,T2,3.0ft,0.05s
4.17.2026 14:58:30,T1,T2,1.2ft,0.05s
4.17.2026 14:58:30,T0,T1,3.6ft,0.05s
4.17.2026 14:58:30,T0,T2,2.9ft,0.05s
4.17.2026 14:58:30,T1,T2,1.2ft,0.05s
4.17.2026 14:58:30,T0,T1,3.7ft,0.05s
4.17.2026 14:58:30,T0,T2,2.8ft,0.05s
4.17.2026 14:58:30,T1,T2,1.3ft,0.05s
4.17.2026 14:58:30,T0,T1,3.8ft,0.05s
4.17.2026 14:58:30,T0,T2,2.7ft,0.05s
4.17.2026 14:58:30,T1,T2,1.4ft,0.05s
4.17.2026 14:58:30,T0,T1,3.9ft,0.05s
4.17.2026 14:58:30,T0,T2,2.7ft,0.05s
4.17.2026 14:58:30,T1,T2,1.4ft,0.05s
4.17.2026 14:58:30,T0,T1,4.0ft,0.05s
4.17.2026 14:58:30,T0,T2,2.7ft,0.05s
4.17.2026 14:58:30,T1,T2,1.5ft,0.05s
4.17.2026 14:58:30,T0,T1,4.0ft,0.05s
4.17.2026 14:58:30,T0,T2,2.7ft,0.05s
4.17.2026 14:58:30,T1,T2,1.5ft,0.05s
4.17.2026 14:58:30,T0,T1,3.9ft,0.05s
4.17.2026 14:58:30,T0,T2,2.7ft,0.05s
4.17.2026 14:58:30,T1,T2,1.4ft,0.05s
4.17.2026 14:58:30,T0,T1,3.9ft,0.05s
4.17.2026 14:58:30,T0,T2,2.7ft,0.05s
4.17.2026 14:58:30,T1,T2,1.4ft,0.05s
4.17.2026 14:58:30,T0,T1,3.8ft,0.05s
4.17.2026 14:58:30,T0,T2,2.8ft,0.05s
4.17.2026 14:58:30,T1,T2,1.3ft,0.05s
4.17.2026 14:58:31,T0,T1,3.8ft,0.05s
4.17.2026 14:58:31,T0,T2,2.8ft,0.05s
4.17.2026 14:58:31,T1,T2,1.3ft,0.05s
4.17.2026 14:58:31,T0,T1,3.8ft,0.05s
4.17.2026 14:58:31,T0,T2,2.9ft,0.05s
4.17.2026 14:58:31,T1,T2,1.3ft,0.05s
4.17.2026 14:58:31,T0,T1,3.9ft,0.05s
4.17.2026 14:58:31,T0,T2,3.0ft,0.05s
4.17.2026 14:58:31,T1,T2,1.3ft,0.05s
4.17.2026 14:58:31,T0,T1,4.0ft,0.05s
4.17.2026 14:58:31,T0,T2,3.0ft,0.05s
4.17.2026 14:58:31,T1,T2,1.3ft,0.05s
4.17.2026 14:58:31,T0,T1,4.1ft,0.05s
4.17.2026 14:58:31,T0,T2,3.1ft,0.05s
4.17.2026 14:58:31,T1,T2,1.3ft,0.05s
4.17.2026 14:58:31,T0,T1,4.2ft,0.05s
4.17.2026 14:58:31,T0,T2,3.1ft,0.05s
4.17.2026 14:58:31,T1,T2,1.4ft,0.05s
4.17.2026 14:58:31,T0,T1,4.3ft,0.05s
4.17.2026 14:58:31,T0,T2,3.2ft,0.05s
4.17.2026 14:58:31,T1,T2,1.4ft,0.05s
4.17.2026 14:58:31,T0,T1,4.4ft,0.05s
4.17.2026 14:58:31,T0,T2,3.2ft,0.05s
4.17.2026 14:58:31,T1,T2,1.4ft,0.05s
4.17.2026 14:58:31,T0,T1,4.4ft,0.05s
4.17.2026 14:58:31,T0,T2,3.1ft,0.05s
4.17.2026 14:58:31,T1,T2,1.5ft,0.05s
4.17.2026 14:58:31,T0,T1,4.5ft,0.05s
4.17.2026 14:58:31,T0,T2,3.1ft,0.05s
4.17.2026 14:58:31,T1,T2,1.6ft,0.05s
4.17.2026 14:58:31,T0,T1,4.5ft,0.05s
4.17.2026 14:58:31,T0,T2,3.0ft,0.05s
4.17.2026 14:58:31,T1,T2,1.6ft,0.05s
4.17.2026 14:58:31,T0,T1,4.3ft,0.05s
4.17.2026 14:58:31,T0,T2,3.0ft,0.05s
4.17.2026 14:58:31,T1,T2,1.5ft,0.05s
4.17.2026 14:58:31,T0,T1,4.2ft,0.05s
4.17.2026 14:58:31,T0,T2,3.0ft,0.05s
4.17.2026 14:58:31,T1,T2,1.5ft,0.05s
4.17.2026 14:58:31,T0,T1,4.1ft,0.05s
4.17.2026 14:58:31,T0,T2,3.0ft,0.05s
4.17.2026 14:58:31,T1,T2,1.4ft,0.05s
4.17.2026 14:58:31,T0,T1,4.0ft,0.05s
4.17.2026 14:58:31,T0,T2,3.0ft,0.05s
4.17.2026 14:58:31,T1,T2,1.3ft,0.05s
4.17.2026 14:58:31,T0,T1,3.8ft,0.05s
4.17.2026 14:58:31,T0,T2,3.0ft,0.05s
4.17.2026 14:58:31,T1,T2,1.2ft,0.05s
4.17.2026 14:58:31,T0,T1,3.7ft,0.05s
4.17.2026 14:58:31,T0,T2,3.0ft,0.05s
4.17.2026 14:58:31,T1,T2,1.2ft,0.05s
4.17.2026 14:58:31,T0,T1,3.6ft,0.05s
4.17.2026 14:58:31,T0,T2,2.9ft,0.05s
4.17.2026 14:58:31,T1,T2,1.2ft,0.05s
4.17.2026 14:58:31,T0,T1,3.5ft,0.05s
4.17.2026 14:58:31,T0,T2,2.9ft,0.05s
4.17.2026 14:58:31,T1,T2,1.2ft,0.05s
4.17.2026 14:58:31,T0,T1,3.3ft,0.05s
4.17.2026 14:58:31,T0,T2,2.7ft,0.05s
4.17.2026 14:58:31,T1,T2,1.2ft,0.05s
4.17.2026 14:58:32,T0,T1,3.3ft,0.05s
4.17.2026 14:58:32,T0,T2,2.6ft,0.05s
4.17.2026 14:58:32,T1,T2,1.2ft,0.05s
4.17.2026 14:58:32,T0,T1,3.2ft,0.05s
4.17.2026 14:58:32,T0,T2,2.5ft,0.05s
4.17.2026 14:58:32,T1,T2,1.2ft,0.05s
4.17.2026 14:58:32,T0,T1,3.1ft,0.05s
4.17.2026 14:58:32,T0,T2,2.4ft,0.05s
4.17.2026 14:58:32,T1,T2,1.3ft,0.05s
4.17.2026 14:58:32,T0,T1,3.1ft,0.05s
4.17.2026 14:58:32,T0,T2,2.3ft,0.05s
4.17.2026 14:58:32,T1,T2,1.3ft,0.05s
4.17.2026 14:58:32,T0,T1,3.0ft,0.05s
4.17.2026 14:58:32,T0,T2,2.2ft,0.05s
4.17.2026 14:58:32,T1,T2,1.3ft,0.05s
4.17.2026 14:58:32,T0,T1,3.0ft,0.05s
4.17.2026 14:58:32,T0,T2,2.1ft,0.05s
4.17.2026 14:58:32,T1,T2,1.3ft,0.05s
4.17.2026 14:58:32,T0,T1,3.0ft,0.05s
4.17.2026 14:58:32,T0,T2,2.0ft,0.05s
4.17.2026 14:58:32,T1,T2,1.4ft,0.05s
4.17.2026 14:58:32,T0,T1,2.9ft,0.05s
4.17.2026 14:58:32,T0,T2,1.9ft,0.05s
4.17.2026 14:58:32,T1,T2,1.4ft,0.05s
4.17.2026 14:58:32,T0,T1,2.9ft,0.05s
4.17.2026 14:58:32,T0,T2,1.9ft,0.05s
4.17.2026 14:58:32,T1,T2,1.4ft,0.05s
4.17.2026 14:58:32,T0,T1,2.8ft,0.05s
4.17.2026 14:58:32,T0,T2,1.8ft,0.05s
4.17.2026 14:58:32,T1,T2,1.4ft,0.05s
4.17.2026 14:58:32,T0,T1,2.8ft,0.05s
4.17.2026 14:58:32,T0,T2,1.7ft,0.05s
4.17.2026 14:58:32,T1,T2,1.4ft,0.05s
4.17.2026 14:58:32,T0,T1,2.8ft,0.05s
4.17.2026 14:58:32,T0,T2,1.7ft,0.05s
4.17.2026 14:58:32,T1,T2,1.4ft,0.05s
4.17.2026 14:58:32,T0,T1,2.8ft,0.05s
4.17.2026 14:58:32,T0,T2,1.7ft,0.05s
4.17.2026 14:58:32,T1,T2,1.5ft,0.05s
4.17.2026 14:58:32,T0,T1,2.9ft,0.05s
4.17.2026 14:58:32,T0,T2,1.8ft,0.05s
4.17.2026 14:58:32,T1,T2,1.5ft,0.05s
4.17.2026 14:58:32,T0,T1,2.9ft,0.05s
4.17.2026 14:58:32,T0,T2,1.8ft,0.05s
4.17.2026 14:58:32,T1,T2,1.7ft,0.05s
4.17.2026 14:58:32,T0,T1,2.9ft,0.05s
4.17.2026 14:58:32,T0,T2,1.8ft,0.05s
4.17.2026 14:58:32,T1,T2,1.8ft,0.05s
4.17.2026 14:58:32,T0,T1,2.8ft,0.05s
4.17.2026 14:58:32,T0,T2,1.8ft,0.05s
4.17.2026 14:58:32,T1,T2,1.8ft,0.05s
4.17.2026 14:58:32,T0,T1,2.8ft,0.05s
4.17.2026 14:58:32,T0,T2,1.8ft,0.05s
4.17.2026 14:58:32,T1,T2,1.9ft,0.05s
4.17.2026 14:58:32,T0,T1,2.7ft,0.05s
4.17.2026 14:58:32,T0,T2,1.8ft,0.05s
4.17.2026 14:58:32,T1,T2,1.8ft,0.05s
4.17.2026 14:58:32,T0,T1,2.6ft,0.05s
4.17.2026 14:58:32,T0,T2,1.7ft,0.05s
4.17.2026 14:58:32,T1,T2,1.7ft,0.05s
4.17.2026 14:58:33,T0,T1,2.5ft,0.05s
4.17.2026 14:58:33,T0,T2,1.7ft,0.05s
4.17.2026 14:58:33,T1,T2,1.6ft,0.05s
4.17.2026 14:58:33,T0,T1,2.4ft,0.05s
4.17.2026 14:58:33,T0,T2,1.7ft,0.05s
4.17.2026 14:58:33,T1,T2,1.6ft,0.05s
4.17.2026 14:58:33,T0,T1,2.4ft,0.05s
4.17.2026 14:58:33,T0,T2,1.6ft,0.05s
4.17.2026 14:58:33,T1,T2,1.7ft,0.05s
4.17.2026 14:58:33,T0,T1,2.3ft,0.05s
4.17.2026 14:58:33,T0,T2,1.6ft,0.05s
4.17.2026 14:58:33,T1,T2,1.8ft,0.05s
4.17.2026 14:58:33,T0,T1,2.2ft,0.05s
4.17.2026 14:58:33,T0,T2,1.7ft,0.05s
4.17.2026 14:58:33,T1,T2,1.9ft,0.05s
4.17.2026 14:58:33,T0,T1,2.1ft,0.05s
4.17.2026 14:58:33,T0,T2,1.8ft,0.05s
4.17.2026 14:58:33,T1,T2,2.1ft,0.05s
4.17.2026 14:58:33,T0,T1,2.1ft,0.05s
4.17.2026 14:58:33,T0,T2,1.9ft,0.05s
4.17.2026 14:58:33,T1,T2,2.2ft,0.05s
4.17.2026 14:58:33,T0,T1,2.1ft,0.05s
4.17.2026 14:58:33,T0,T2,2.0ft,0.05s
4.17.2026 14:58:33,T1,T2,2.4ft,0.05s
4.17.2026 14:58:33,T0,T1,2.1ft,0.05s
4.17.2026 14:58:33,T0,T2,2.2ft,0.05s
4.17.2026 14:58:33,T1,T2,2.6ft,0.05s
4.17.2026 14:58:33,T0,T1,2.2ft,0.05s
4.17.2026 14:58:33,T0,T2,2.4ft,0.05s
4.17.2026 14:58:33,T1,T2,2.8ft,0.05s
4.17.2026 14:58:33,T0,T1,2.3ft,0.05s
4.17.2026 14:58:33,T0,T2,2.5ft,0.05s
4.17.2026 14:58:33,T1,T2,3.0ft,0.05s
4.17.2026 14:58:33,T0,T1,2.4ft,0.05s
4.17.2026 14:58:33,T0,T2,2.7ft,0.05s
4.17.2026 14:58:33,T1,T2,3.2ft,0.05s
4.17.2026 14:58:33,T0,T1,2.4ft,0.05s
4.17.2026 14:58:33,T0,T2,2.8ft,0.05s
4.17.2026 14:58:33,T1,T2,3.3ft,0.05s
4.17.2026 14:58:33,T0,T1,2.4ft,0.05s
4.17.2026 14:58:33,T0,T2,2.9ft,0.05s
4.17.2026 14:58:33,T1,T2,3.4ft,0.05s
4.17.2026 14:58:33,T0,T1,2.3ft,0.05s
4.17.2026 14:58:33,T0,T2,3.0ft,0.05s
4.17.2026 14:58:33,T1,T2,3.5ft,0.05s
4.17.2026 14:58:33,T0,T1,2.2ft,0.05s
4.17.2026 14:58:33,T0,T2,3.1ft,0.05s
4.17.2026 14:58:33,T1,T2,3.5ft,0.05s
4.17.2026 14:58:33,T0,T1,2.2ft,0.05s
4.17.2026 14:58:33,T0,T2,3.0ft,0.05s
4.17.2026 14:58:33,T1,T2,3.3ft,0.05s
4.17.2026 14:58:33,T0,T1,2.1ft,0.05s
4.17.2026 14:58:33,T0,T2,3.0ft,0.05s
4.17.2026 14:58:33,T1,T2,3.1ft,0.05s
4.17.2026 14:58:33,T0,T1,2.0ft,0.05s
4.17.2026 14:58:33,T0,T2,2.8ft,0.05s
4.17.2026 14:58:33,T1,T2,2.8ft,0.05s
4.17.2026 14:58:33,T0,T1,2.0ft,0.05s
4.17.2026 14:58:33,T0,T2,2.6ft,0.05s
4.17.2026 14:58:33,T1,T2,2.5ft,0.05s
4.17.2026 14:58:34,T0,T1,1.9ft,0.05s
4.17.2026 14:58:34,T0,T2,2.4ft,0.05s
4.17.2026 14:58:34,T1,T2,2.2ft,0.05s
4.17.2026 14:58:34,T0,T1,1.9ft,0.05s
4.17.2026 14:58:34,T0,T2,2.3ft,0.05s
4.17.2026 14:58:34,T1,T2,1.9ft,0.05s
4.17.2026 14:58:34,T0,T1,1.9ft,0.05s
4.17.2026 14:58:34,T0,T2,2.1ft,0.05s
4.17.2026 14:58:34,T1,T2,1.7ft,0.05s
4.17.2026 14:58:34,T0,T1,1.8ft,0.05s
4.17.2026 14:58:34,T0,T2,2.1ft,0.05s
4.17.2026 14:58:34,T1,T2,1.4ft,0.05s
4.17.2026 14:58:34,T0,T1,1.8ft,0.05s
4.17.2026 14:58:34,T0,T2,2.1ft,0.05s
4.17.2026 14:58:34,T1,T2,1.2ft,0.05s
4.17.2026 14:58:34,T0,T1,1.8ft,0.05s
4.17.2026 14:58:34,T0,T2,2.1ft,0.05s
4.17.2026 14:58:34,T1,T2,1.1ft,0.05s
4.17.2026 14:58:34,T0,T1,1.8ft,0.05s
4.17.2026 14:58:34,T0,T2,2.1ft,0.05s
4.17.2026 14:58:34,T1,T2,1.0ft,0.05s
4.17.2026 14:58:34,T0,T1,1.8ft,0.05s
4.17.2026 14:58:34,T0,T2,2.1ft,0.05s
4.17.2026 14:58:34,T1,T2,1.0ft,0.05s
4.17.2026 14:58:34,T0,T1,1.8ft,0.05s
4.17.2026 14:58:34,T0,T2,2.1ft,0.05s
4.17.2026 14:58:34,T1,T2,1.0ft,0.05s
4.17.2026 14:58:34,T0,T1,1.8ft,0.05s
4.17.2026 14:58:34,T0,T2,2.1ft,0.05s
4.17.2026 14:58:34,T1,T2,1.0ft,0.05s
4.17.2026 14:58:34,T0,T1,1.8ft,0.05s
4.17.2026 14:58:34,T0,T2,2.1ft,0.05s
4.17.2026 14:58:34,T1,T2,1.0ft,0.05s
4.17.2026 14:58:34,T0,T1,1.9ft,0.05s
4.17.2026 14:58:34,T0,T2,2.1ft,0.05s
4.17.2026 14:58:34,T1,T2,1.1ft,0.05s
4.17.2026 14:58:34,T0,T1,1.9ft,0.05s
4.17.2026 14:58:34,T0,T2,2.0ft,0.05s
4.17.2026 14:58:34,T1,T2,1.1ft,0.05s
4.17.2026 14:58:34,T0,T1,2.0ft,0.05s
4.17.2026 14:58:34,T0,T2,2.0ft,0.05s
4.17.2026 14:58:34,T1,T2,1.1ft,0.05s
4.17.2026 14:58:34,T0,T1,2.1ft,0.05s
4.17.2026 14:58:34,T0,T2,1.9ft,0.05s
4.17.2026 14:58:34,T1,T2,1.2ft,0.05s
4.17.2026 14:58:34,T0,T1,2.2ft,0.05s
4.17.2026 14:58:34,T0,T2,1.9ft,0.05s
4.17.2026 14:58:34,T1,T2,1.3ft,0.05s
4.17.2026 14:58:34,T0,T1,2.3ft,0.05s
4.17.2026 14:58:34,T0,T2,1.8ft,0.05s
4.17.2026 14:58:34,T1,T2,1.4ft,0.05s
4.17.2026 14:58:34,T0,T1,2.3ft,0.05s
4.17.2026 14:58:34,T0,T2,1.8ft,0.05s
4.17.2026 14:58:34,T1,T2,1.5ft,0.05s
4.17.2026 14:58:34,T0,T1,2.4ft,0.05s
4.17.2026 14:58:34,T0,T2,1.7ft,0.05s
4.17.2026 14:58:34,T1,T2,1.6ft,0.05s
4.17.2026 14:58:35,T0,T1,2.4ft,0.05s
4.17.2026 14:58:35,T0,T2,1.7ft,0.05s
4.17.2026 14:58:35,T1,T2,1.7ft,0.05s
4.17.2026 14:58:35,T0,T1,2.4ft,0.05s
4.17.2026 14:58:35,T0,T2,1.7ft,0.05s
4.17.2026 14:58:35,T1,T2,1.8ft,0.05s
4.17.2026 14:58:35,T0,T1,2.5ft,0.05s
4.17.2026 14:58:35,T0,T2,1.7ft,0.05s
4.17.2026 14:58:35,T1,T2,1.8ft,0.05s
4.17.2026 14:58:35,T0,T1,2.5ft,0.05s
4.17.2026 14:58:35,T0,T2,1.7ft,0.05s
4.17.2026 14:58:35,T1,T2,1.8ft,0.05s
4.17.2026 14:58:35,T0,T1,2.5ft,0.05s
4.17.2026 14:58:35,T0,T2,1.7ft,0.05s
4.17.2026 14:58:35,T1,T2,1.8ft,0.05s
4.17.2026 14:58:35,T0,T1,2.5ft,0.05s
4.17.2026 14:58:35,T0,T2,1.8ft,0.05s
4.17.2026 14:58:35,T1,T2,1.8ft,0.05s
4.17.2026 14:58:35,T0,T1,2.6ft,0.05s
4.17.2026 14:58:35,T0,T2,1.8ft,0.05s
4.17.2026 14:58:35,T1,T2,1.8ft,0.05s
4.17.2026 14:58:35,T0,T1,2.6ft,0.05s
4.17.2026 14:58:35,T0,T2,1.8ft,0.05s
4.17.2026 14:58:35,T1,T2,1.8ft,0.05s
4.17.2026 14:58:35,T0,T1,2.6ft,0.05s
4.17.2026 14:58:35,T0,T2,1.9ft,0.05s
4.17.2026 14:58:35,T1,T2,1.8ft,0.05s
4.17.2026 14:58:35,T0,T1,2.7ft,0.05s
4.17.2026 14:58:35,T0,T2,1.8ft,0.05s
4.17.2026 14:58:35,T1,T2,1.8ft,0.05s
4.17.2026 14:58:35,T0,T1,2.8ft,0.05s
4.17.2026 14:58:35,T0,T2,1.8ft,0.05s
4.17.2026 14:58:35,T1,T2,1.9ft,0.05s
4.17.2026 14:58:35,T0,T1,2.9ft,0.05s
4.17.2026 14:58:35,T0,T2,1.8ft,0.05s
4.17.2026 14:58:35,T1,T2,1.9ft,0.05s
4.17.2026 14:58:35,T0,T1,3.0ft,0.05s
4.17.2026 14:58:35,T0,T2,1.8ft,0.05s
4.17.2026 14:58:35,T1,T2,1.9ft,0.05s
4.17.2026 14:58:35,T0,T1,3.1ft,0.05s
4.17.2026 14:58:35,T0,T2,1.8ft,0.05s
4.17.2026 14:58:35,T1,T2,2.0ft,0.05s
4.17.2026 14:58:35,T0,T1,3.3ft,0.05s
4.17.2026 14:58:35,T0,T2,1.8ft,0.05s
4.17.2026 14:58:35,T1,T2,2.1ft,0.05s
4.17.2026 14:58:35,T0,T1,3.4ft,0.05s
4.17.2026 14:58:35,T0,T2,1.7ft,0.05s
4.17.2026 14:58:35,T1,T2,2.2ft,0.05s
4.17.2026 14:58:35,T0,T1,3.5ft,0.05s
4.17.2026 14:58:35,T0,T2,1.7ft,0.05s
4.17.2026 14:58:35,T1,T2,2.3ft,0.05s
4.17.2026 14:58:35,T0,T1,3.6ft,0.05s
4.17.2026 14:58:35,T0,T2,1.6ft,0.05s
4.17.2026 14:58:35,T1,T2,2.4ft,0.05s
4.17.2026 14:58:35,T0,T1,3.6ft,0.05s
4.17.2026 14:58:35,T0,T2,1.6ft,0.05s
4.17.2026 14:58:35,T1,T2,2.4ft,0.05s
4.17.2026 14:58:35,T0,T1,3.6ft,0.05s
4.17.2026 14:58:35,T0,T2,1.6ft,0.05s
4.17.2026 14:58:35,T1,T2,2.4ft,0.05s
4.17.2026 14:58:36,T0,T1,3.6ft,0.05s
4.17.2026 14:58:36,T0,T2,1.7ft,0.05s
4.17.2026 14:58:36,T1,T2,2.4ft,0.05s
4.17.2026 14:58:36,T0,T1,3.6ft,0.05s
4.17.2026 14:58:36,T0,T2,1.7ft,0.05s
4.17.2026 14:58:36,T1,T2,2.3ft,0.05s
4.17.2026 14:58:36,T0,T1,3.5ft,0.05s
4.17.2026 14:58:36,T0,T2,1.6ft,0.05s
4.17.2026 14:58:36,T1,T2,2.3ft,0.05s
4.17.2026 14:58:36,T0,T1,3.5ft,0.05s
4.17.2026 14:58:36,T0,T2,1.7ft,0.05s
4.17.2026 14:58:36,T1,T2,2.2ft,0.05s
4.17.2026 14:58:36,T0,T1,3.3ft,0.05s
4.17.2026 14:58:36,T0,T2,1.8ft,0.05s
4.17.2026 14:58:36,T1,T2,2.1ft,0.05s
4.17.2026 14:58:36,T0,T1,3.3ft,0.05s
4.17.2026 14:58:36,T0,T2,1.8ft,0.05s
4.17.2026 14:58:36,T1,T2,2.0ft,0.05s
4.17.2026 14:58:36,T0,T1,3.2ft,0.05s
4.17.2026 14:58:36,T0,T2,2.0ft,0.05s
4.17.2026 14:58:36,T1,T2,1.9ft,0.05s
4.17.2026 14:58:36,T0,T1,3.1ft,0.05s
4.17.2026 14:58:36,T0,T2,2.1ft,0.05s
4.17.2026 14:58:36,T1,T2,1.8ft,0.05s
4.17.2026 14:58:36,T0,T1,3.0ft,0.05s
4.17.2026 14:58:36,T0,T2,2.1ft,0.05s
4.17.2026 14:58:36,T1,T2,1.7ft,0.05s
4.17.2026 14:58:36,T0,T1,3.0ft,0.05s
4.17.2026 14:58:36,T0,T2,2.2ft,0.05s
4.17.2026 14:58:36,T1,T2,1.7ft,0.05s
4.17.2026 14:58:36,T0,T1,2.9ft,0.05s
4.17.2026 14:58:36,T0,T2,2.4ft,0.05s
4.17.2026 14:58:36,T1,T2,1.6ft,0.05s
4.17.2026 14:58:36,T0,T1,2.9ft,0.05s
4.17.2026 14:58:36,T0,T2,2.5ft,0.05s
4.17.2026 14:58:36,T1,T2,1.6ft,0.05s
4.17.2026 14:58:36,T0,T1,2.9ft,0.05s
4.17.2026 14:58:36,T0,T2,2.5ft,0.05s
4.17.2026 14:58:36,T1,T2,1.6ft,0.05s
4.17.2026 14:58:36,T0,T1,2.9ft,0.05s
4.17.2026 14:58:36,T0,T2,2.5ft,0.05s
4.17.2026 14:58:36,T1,T2,1.6ft,0.05s
4.17.2026 14:58:36,T0,T1,2.9ft,0.05s
4.17.2026 14:58:36,T0,T2,2.4ft,0.05s
4.17.2026 14:58:36,T1,T2,1.6ft,0.05s
4.17.2026 14:58:36,T0,T1,2.9ft,0.05s
4.17.2026 14:58:36,T0,T2,2.4ft,0.05s
4.17.2026 14:58:36,T1,T2,1.6ft,0.05s
4.17.2026 14:58:36,T0,T1,2.9ft,0.05s
4.17.2026 14:58:36,T0,T2,2.3ft,0.05s
4.17.2026 14:58:36,T1,T2,1.6ft,0.05s
4.17.2026 14:58:36,T0,T1,2.9ft,0.05s
4.17.2026 14:58:36,T0,T2,2.2ft,0.05s
4.17.2026 14:58:36,T1,T2,1.7ft,0.05s
4.17.2026 14:58:36,T0,T1,2.9ft,0.05s
4.17.2026 14:58:36,T0,T2,2.2ft,0.05s
4.17.2026 14:58:36,T1,T2,1.7ft,0.05s
4.17.2026 14:58:37,T0,T1,2.9ft,0.13s
4.17.2026 14:58:37,T0,T2,2.1ft,0.13s
4.17.2026 14:58:37,T1,T2,1.8ft,0.13s
4.17.2026 14:58:37,T0,T1,2.9ft,0.05s
4.17.2026 14:58:37,T0,T2,2.1ft,0.05s
4.17.2026 14:58:37,T1,T2,1.8ft,0.05s
4.17.2026 14:58:37,T0,T1,3.0ft,0.05s
4.17.2026 14:58:37,T0,T2,2.1ft,0.05s
4.17.2026 14:58:37,T1,T2,1.8ft,0.05s
4.17.2026 14:58:37,T0,T1,3.0ft,0.05s
4.17.2026 14:58:37,T0,T2,2.0ft,0.05s
4.17.2026 14:58:37,T1,T2,1.8ft,0.05s
4.17.2026 14:58:37,T0,T1,3.0ft,0.05s
4.17.2026 14:58:37,T0,T2,2.1ft,0.05s
4.17.2026 14:58:37,T1,T2,1.8ft,0.05s
4.17.2026 14:58:37,T0,T1,3.1ft,0.05s
4.17.2026 14:58:37,T0,T2,2.1ft,0.05s
4.17.2026 14:58:37,T1,T2,1.7ft,0.05s
4.17.2026 14:58:37,T0,T1,3.1ft,0.05s
4.17.2026 14:58:37,T0,T2,2.3ft,0.05s
4.17.2026 14:58:37,T1,T2,1.7ft,0.05s
4.17.2026 14:58:37,T0,T1,3.1ft,0.05s
4.17.2026 14:58:37,T0,T2,2.5ft,0.05s
4.17.2026 14:58:37,T1,T2,1.6ft,0.05s
4.17.2026 14:58:37,T0,T1,3.1ft,0.05s
4.17.2026 14:58:37,T0,T2,2.6ft,0.05s
4.17.2026 14:58:37,T1,T2,1.5ft,0.05s
4.17.2026 14:58:37,T0,T1,3.1ft,0.05s
4.17.2026 14:58:37,T0,T2,2.8ft,0.05s
4.17.2026 14:58:37,T1,T2,1.5ft,0.05s
4.17.2026 14:58:37,T0,T1,3.1ft,0.05s
4.17.2026 14:58:37,T0,T2,3.0ft,0.05s
4.17.2026 14:58:37,T1,T2,1.5ft,0.05s
4.17.2026 14:58:37,T0,T1,3.1ft,0.05s
4.17.2026 14:58:37,T0,T2,3.1ft,0.05s
4.17.2026 14:58:37,T1,T2,1.6ft,0.05s
4.17.2026 14:58:37,T0,T1,3.1ft,0.05s
4.17.2026 14:58:37,T0,T2,3.2ft,0.05s
4.17.2026 14:58:37,T1,T2,1.6ft,0.05s
4.17.2026 14:58:37,T0,T1,3.1ft,0.05s
4.17.2026 14:58:37,T0,T2,3.3ft,0.05s
4.17.2026 14:58:37,T1,T2,1.7ft,0.05s
4.17.2026 14:58:37,T0,T1,3.1ft,0.05s
4.17.2026 14:58:37,T0,T2,3.3ft,0.05s
4.17.2026 14:58:37,T1,T2,1.8ft,0.05s
4.17.2026 14:58:37,T0,T1,3.1ft,0.05s
4.17.2026 14:58:37,T0,T2,3.3ft,0.05s
4.17.2026 14:58:37,T1,T2,1.8ft,0.05s
4.17.2026 14:58:37,T0,T1,3.2ft,0.05s
4.17.2026 14:58:37,T0,T2,3.3ft,0.05s
4.17.2026 14:58:37,T1,T2,1.9ft,0.05s
4.17.2026 14:58:37,T0,T1,3.3ft,0.05s
4.17.2026 14:58:37,T0,T2,3.3ft,0.05s
4.17.2026 14:58:37,T1,T2,1.9ft,0.05s
4.17.2026 14:58:37,T0,T1,3.4ft,0.05s
4.17.2026 14:58:37,T0,T2,3.4ft,0.05s
4.17.2026 14:58:37,T1,T2,1.9ft,0.05s
4.17.2026 14:58:38,T0,T1,3.5ft,0.05s
4.17.2026 14:58:38,T0,T2,3.4ft,0.05s
4.17.2026 14:58:38,T1,T2,1.9ft,0.05s
4.17.2026 14:58:38,T0,T1,3.6ft,0.05s
4.17.2026 14:58:38,T0,T2,3.4ft,0.05s
4.17.2026 14:58:38,T1,T2,2.0ft,0.05s
4.17.2026 14:58:38,T0,T1,3.7ft,0.05s
4.17.2026 14:58:38,T0,T2,3.4ft,0.05s
4.17.2026 14:58:38,T1,T2,2.0ft,0.05s
4.17.2026 14:58:38,T0,T1,3.7ft,0.05s
4.17.2026 14:58:38,T0,T2,3.4ft,0.05s
4.17.2026 14:58:38,T1,T2,2.1ft,0.05s
4.17.2026 14:58:38,T0,T1,3.6ft,0.05s
4.17.2026 14:58:38,T0,T2,3.5ft,0.05s
4.17.2026 14:58:38,T1,T2,2.1ft,0.05s
4.17.2026 14:58:38,T0,T1,3.5ft,0.05s
4.17.2026 14:58:38,T0,T2,3.5ft,0.05s
4.17.2026 14:58:38,T1,T2,2.1ft,0.05s
4.17.2026 14:58:38,T0,T1,3.3ft,0.05s
4.17.2026 14:58:38,T0,T2,3.5ft,0.05s
4.17.2026 14:58:38,T1,T2,2.2ft,0.05s
4.17.2026 14:58:38,T0,T1,3.2ft,0.05s
4.17.2026 14:58:38,T0,T2,3.5ft,0.05s
4.17.2026 14:58:38,T1,T2,2.2ft,0.05s
4.17.2026 14:58:38,T0,T1,3.1ft,0.05s
4.17.2026 14:58:38,T0,T2,3.4ft,0.05s
4.17.2026 14:58:38,T1,T2,2.2ft,0.05s
4.17.2026 14:58:38,T0,T1,3.0ft,0.05s
4.17.2026 14:58:38,T0,T2,3.3ft,0.05s
4.17.2026 14:58:38,T1,T2,2.1ft,0.05s
4.17.2026 14:58:38,T0,T1,3.1ft,0.05s
4.17.2026 14:58:38,T0,T2,3.2ft,0.05s
4.17.2026 14:58:38,T1,T2,2.0ft,0.05s
4.17.2026 14:58:38,T0,T1,3.1ft,0.05s
4.17.2026 14:58:38,T0,T2,3.1ft,0.05s
4.17.2026 14:58:38,T1,T2,2.0ft,0.05s
4.17.2026 14:58:38,T0,T1,3.1ft,0.05s
4.17.2026 14:58:38,T0,T2,3.0ft,0.05s
4.17.2026 14:58:38,T1,T2,1.9ft,0.05s
4.17.2026 14:58:38,T0,T1,3.1ft,0.05s
4.17.2026 14:58:38,T0,T2,2.9ft,0.05s
4.17.2026 14:58:38,T1,T2,1.9ft,0.05s
4.17.2026 14:58:38,T0,T1,3.1ft,0.05s
4.17.2026 14:58:38,T0,T2,2.8ft,0.05s
4.17.2026 14:58:38,T1,T2,1.9ft,0.05s
4.17.2026 14:58:38,T0,T1,3.1ft,0.05s
4.17.2026 14:58:38,T0,T2,2.8ft,0.05s
4.17.2026 14:58:38,T1,T2,1.9ft,0.05s
4.17.2026 14:58:38,T0,T1,3.1ft,0.05s
4.17.2026 14:58:38,T0,T2,2.7ft,0.05s
4.17.2026 14:58:38,T1,T2,1.9ft,0.05s
4.17.2026 14:58:38,T0,T1,3.1ft,0.05s
4.17.2026 14:58:38,T0,T2,2.6ft,0.05s
4.17.2026 14:58:38,T1,T2,1.9ft,0.05s
4.17.2026 14:58:38,T0,T1,3.1ft,0.05s
4.17.2026 14:58:38,T0,T2,2.5ft,0.05s
4.17.2026 14:58:38,T1,T2,1.8ft,0.05s
4.17.2026 14:58:38,T0,T1,3.1ft,0.05s
4.17.2026 14:58:38,T0,T2,2.4ft,0.05s
4.17.2026 14:58:38,T1,T2,1.8ft,0.05s
4.17.2026 14:58:39,T0,T1,3.1ft,0.05s
4.17.2026 14:58:39,T0,T2,2.3ft,0.05s
4.17.2026 14:58:39,T1,T2,1.9ft,0.05s
4.17.2026 14:58:39,T0,T1,3.1ft,0.05s
4.17.2026 14:58:39,T0,T2,2.2ft,0.05s
4.17.2026 14:58:39,T1,T2,1.9ft,0.05s
4.17.2026 14:58:39,T0,T1,3.1ft,0.05s
4.17.2026 14:58:39,T0,T2,2.2ft,0.05s
4.17.2026 14:58:39,T1,T2,2.0ft,0.05s
4.17.2026 14:58:39,T0,T1,3.1ft,0.05s
4.17.2026 14:58:39,T0,T2,2.1ft,0.05s
4.17.2026 14:58:39,T1,T2,2.0ft,0.05s
4.17.2026 14:58:39,T0,T1,3.1ft,0.05s
4.17.2026 14:58:39,T0,T2,2.0ft,0.05s
4.17.2026 14:58:39,T1,T2,2.0ft,0.05s
4.17.2026 14:58:39,T0,T1,3.1ft,0.05s
4.17.2026 14:58:39,T0,T2,1.9ft,0.05s
4.17.2026 14:58:39,T1,T2,2.0ft,0.05s
4.17.2026 14:58:39,T0,T1,3.1ft,0.05s
4.17.2026 14:58:39,T0,T2,1.9ft,0.05s
4.17.2026 14:58:39,T1,T2,1.9ft,0.05s
4.17.2026 14:58:39,T0,T1,3.0ft,0.05s
4.17.2026 14:58:39,T0,T2,1.8ft,0.05s
4.17.2026 14:58:39,T1,T2,1.9ft,0.05s
4.17.2026 14:58:39,T0,T1,3.0ft,0.05s
4.17.2026 14:58:39,T0,T2,1.8ft,0.05s
4.17.2026 14:58:39,T1,T2,1.8ft,0.05s
4.17.2026 14:58:39,T0,T1,3.0ft,0.05s
4.17.2026 14:58:39,T0,T2,1.8ft,0.05s
4.17.2026 14:58:39,T1,T2,1.8ft,0.05s
4.17.2026 14:58:39,T0,T1,3.0ft,0.05s
4.17.2026 14:58:39,T0,T2,1.8ft,0.05s
4.17.2026 14:58:39,T1,T2,1.7ft,0.05s
4.17.2026 14:58:39,T0,T1,3.0ft,0.05s
4.17.2026 14:58:39,T0,T2,1.7ft,0.05s
4.17.2026 14:58:39,T1,T2,1.7ft,0.05s
4.17.2026 14:58:39,T0,T1,2.9ft,0.05s
4.17.2026 14:58:39,T0,T2,1.7ft,0.05s
4.17.2026 14:58:39,T1,T2,1.7ft,0.05s
4.17.2026 14:58:39,T0,T1,2.9ft,0.05s
4.17.2026 14:58:39,T0,T2,1.7ft,0.05s
4.17.2026 14:58:39,T1,T2,1.7ft,0.05s
4.17.2026 14:58:39,T0,T1,2.9ft,0.05s
4.17.2026 14:58:39,T0,T2,1.7ft,0.05s
4.17.2026 14:58:39,T1,T2,1.6ft,0.05s
4.17.2026 14:58:39,T0,T1,2.8ft,0.05s
4.17.2026 14:58:39,T0,T2,1.7ft,0.05s
4.17.2026 14:58:39,T1,T2,1.6ft,0.05s
4.17.2026 14:58:39,T0,T1,2.8ft,0.05s
4.17.2026 14:58:39,T0,T2,1.8ft,0.05s
4.17.2026 14:58:39,T1,T2,1.6ft,0.05s
4.17.2026 14:58:39,T0,T1,2.8ft,0.05s
4.17.2026 14:58:39,T0,T2,1.8ft,0.05s
4.17.2026 14:58:39,T1,T2,1.6ft,0.05s
4.17.2026 14:58:39,T0,T1,2.8ft,0.05s
4.17.2026 14:58:39,T0,T2,1.8ft,0.05s
4.17.2026 14:58:39,T1,T2,1.7ft,0.05s
4.17.2026 14:58:40,T0,T1,2.8ft,0.05s
4.17.2026 14:58:40,T0,T2,1.8ft,0.05s
4.17.2026 14:58:40,T1,T2,1.7ft,0.05s
4.17.2026 14:58:40,T0,T1,2.8ft,0.05s
4.17.2026 14:58:40,T0,T2,1.9ft,0.05s
4.17.2026 14:58:40,T1,T2,1.8ft,0.05s
4.17.2026 14:58:40,T0,T1,2.7ft,0.05s
4.17.2026 14:58:40,T0,T2,2.1ft,0.05s
4.17.2026 14:58:40,T1,T2,1.8ft,0.05s
4.17.2026 14:58:40,T0,T1,2.7ft,0.05s
4.17.2026 14:58:40,T0,T2,2.2ft,0.05s
4.17.2026 14:58:40,T1,T2,1.8ft,0.05s
4.17.2026 14:58:40,T0,T1,2.6ft,0.05s
4.17.2026 14:58:40,T0,T2,2.3ft,0.05s
4.17.2026 14:58:40,T1,T2,1.6ft,0.05s
4.17.2026 14:58:40,T0,T1,2.4ft,0.05s
4.17.2026 14:58:40,T0,T2,2.3ft,0.05s
4.17.2026 14:58:40,T1,T2,1.5ft,0.05s
4.17.2026 14:58:40,T0,T1,2.3ft,0.05s
4.17.2026 14:58:40,T0,T2,2.3ft,0.05s
4.17.2026 14:58:40,T1,T2,1.4ft,0.05s
4.17.2026 14:58:40,T0,T1,2.2ft,0.05s
4.17.2026 14:58:40,T0,T2,2.2ft,0.05s
4.17.2026 14:58:40,T1,T2,1.3ft,0.05s
4.17.2026 14:58:40,T0,T1,2.1ft,0.05s
4.17.2026 14:58:40,T0,T2,2.1ft,0.05s
4.17.2026 14:58:40,T1,T2,1.3ft,0.05s
4.17.2026 14:58:40,T0,T1,2.1ft,0.05s
4.17.2026 14:58:40,T0,T2,2.0ft,0.05s
4.17.2026 14:58:40,T1,T2,1.3ft,0.05s
4.17.2026 14:58:40,T0,T1,2.0ft,0.05s
4.17.2026 14:58:40,T0,T2,2.0ft,0.05s
4.17.2026 14:58:40,T1,T2,1.2ft,0.05s
4.17.2026 14:58:40,T0,T1,1.9ft,0.05s
4.17.2026 14:58:40,T0,T2,1.9ft,0.05s
4.17.2026 14:58:40,T1,T2,1.2ft,0.05s
4.17.2026 14:58:40,T0,T1,1.9ft,0.05s
4.17.2026 14:58:40,T0,T2,1.9ft,0.05s
4.17.2026 14:58:40,T1,T2,1.2ft,0.05s
4.17.2026 14:58:40,T0,T1,1.8ft,0.05s
4.17.2026 14:58:40,T0,T2,1.9ft,0.05s
4.17.2026 14:58:40,T1,T2,1.2ft,0.05s
4.17.2026 14:58:40,T0,T1,1.8ft,0.05s
4.17.2026 14:58:40,T0,T2,1.9ft,0.05s
4.17.2026 14:58:40,T1,T2,1.1ft,0.05s
4.17.2026 14:58:40,T0,T1,1.7ft,0.05s
4.17.2026 14:58:40,T0,T2,2.0ft,0.05s
4.17.2026 14:58:40,T1,T2,1.1ft,0.05s
4.17.2026 14:58:40,T0,T1,1.7ft,0.05s
4.17.2026 14:58:40,T0,T2,2.0ft,0.05s
4.17.2026 14:58:40,T1,T2,1.1ft,0.05s
4.17.2026 14:58:40,T0,T1,1.6ft,0.05s
4.17.2026 14:58:40,T0,T2,2.0ft,0.05s
4.17.2026 14:58:40,T1,T2,1.1ft,0.05s
4.17.2026 14:58:40,T0,T1,1.4ft,0.05s
4.17.2026 14:58:40,T0,T2,2.1ft,0.05s
4.17.2026 14:58:40,T1,T2,1.1ft,0.05s
4.17.2026 14:58:40,T0,T1,1.3ft,0.05s
4.17.2026 14:58:40,T0,T2,2.2ft,0.05s
4.17.2026 14:58:40,T1,T2,1.2ft,0.05s
4.17.2026 14:58:41,T0,T1,1.3ft,0.05s
4.17.2026 14:58:41,T0,T2,2.3ft,0.05s
4.17.2026 14:58:41,T1,T2,1.3ft,0.05s
4.17.2026 14:58:41,T0,T1,1.3ft,0.05s
4.17.2026 14:58:41,T0,T2,2.4ft,0.05s
4.17.2026 14:58:41,T1,T2,1.3ft,0.05s
4.17.2026 14:58:41,T0,T1,1.3ft,0.05s
4.17.2026 14:58:41,T0,T2,2.6ft,0.05s
4.17.2026 14:58:41,T1,T2,1.4ft,0.05s
4.17.2026 14:58:41,T0,T1,1.3ft,0.05s
4.17.2026 14:58:41,T0,T2,2.7ft,0.05s
4.17.2026 14:58:41,T1,T2,1.4ft,0.05s
4.17.2026 14:58:41,T0,T1,1.4ft,0.05s
4.17.2026 14:58:41,T0,T2,2.7ft,0.05s
4.17.2026 14:58:41,T1,T2,1.4ft,0.05s
4.17.2026 14:58:41,T0,T1,1.5ft,0.05s
4.17.2026 14:58:41,T0,T2,2.8ft,0.05s
4.17.2026 14:58:41,T1,T2,1.3ft,0.05s
4.17.2026 14:58:41,T0,T1,1.5ft,0.05s
4.17.2026 14:58:41,T0,T2,2.8ft,0.05s
4.17.2026 14:58:41,T1,T2,1.3ft,0.05s
4.17.2026 14:58:41,T0,T1,1.6ft,0.05s
4.17.2026 14:58:41,T0,T2,2.9ft,0.05s
4.17.2026 14:58:41,T1,T2,1.3ft,0.05s
4.17.2026 14:58:41,T0,T1,1.7ft,0.05s
4.17.2026 14:58:41,T0,T2,3.0ft,0.05s
4.17.2026 14:58:41,T1,T2,1.3ft,0.05s
4.17.2026 14:58:41,T0,T1,1.8ft,0.05s
4.17.2026 14:58:41,T0,T2,3.0ft,0.05s
4.17.2026 14:58:41,T1,T2,1.3ft,0.05s
4.17.2026 14:58:41,T0,T1,1.9ft,0.05s
4.17.2026 14:58:41,T0,T2,3.1ft,0.05s
4.17.2026 14:58:41,T1,T2,1.3ft,0.05s
4.17.2026 14:58:41,T0,T1,2.0ft,0.05s
4.17.2026 14:58:41,T0,T2,3.1ft,0.05s
4.17.2026 14:58:41,T1,T2,1.3ft,0.05s
4.17.2026 14:58:41,T0,T1,2.0ft,0.05s
4.17.2026 14:58:41,T0,T2,3.1ft,0.05s
4.17.2026 14:58:41,T1,T2,1.3ft,0.05s
4.17.2026 14:58:41,T0,T1,2.1ft,0.05s
4.17.2026 14:58:41,T0,T2,3.1ft,0.05s
4.17.2026 14:58:41,T1,T2,1.2ft,0.05s
4.17.2026 14:58:41,T0,T1,2.1ft,0.05s
4.17.2026 14:58:41,T0,T2,3.1ft,0.05s
4.17.2026 14:58:41,T1,T2,1.1ft,0.05s
4.17.2026 14:58:41,T0,T1,2.2ft,0.05s
4.17.2026 14:58:41,T0,T2,3.1ft,0.05s
4.17.2026 14:58:41,T1,T2,1.0ft,0.05s
4.17.2026 14:58:41,T0,T1,2.1ft,0.05s
4.17.2026 14:58:41,T0,T2,3.1ft,0.05s
4.17.2026 14:58:41,T1,T2,0.9ft,0.05s
4.17.2026 14:58:41,T0,T1,2.1ft,0.05s
4.17.2026 14:58:41,T0,T2,3.0ft,0.05s
4.17.2026 14:58:41,T1,T2,0.9ft,0.05s
4.17.2026 14:58:41,T0,T1,2.1ft,0.05s
4.17.2026 14:58:41,T0,T2,3.0ft,0.05s
4.17.2026 14:58:41,T1,T2,0.9ft,0.05s
4.17.2026 14:58:41,T0,T1,2.1ft,0.05s
4.17.2026 14:58:41,T0,T2,2.9ft,0.05s
4.17.2026 14:58:41,T1,T2,0.9ft,0.05s
4.17.2026 14:58:42,T0,T1,2.1ft,0.05s
4.17.2026 14:58:42,T0,T2,2.9ft,0.05s
4.17.2026 14:58:42,T1,T2,1.0ft,0.05s
4.17.2026 14:58:42,T0,T1,2.1ft,0.05s
4.17.2026 14:58:42,T0,T2,2.8ft,0.05s
4.17.2026 14:58:42,T1,T2,1.0ft,0.05s
4.17.2026 14:58:42,T0,T1,2.1ft,0.05s
4.17.2026 14:58:42,T0,T2,2.7ft,0.05s
4.17.2026 14:58:42,T1,T2,1.0ft,0.05s
4.17.2026 14:58:42,T0,T1,2.1ft,0.05s
4.17.2026 14:58:42,T0,T2,2.7ft,0.05s
4.17.2026 14:58:42,T1,T2,1.0ft,0.05s
4.17.2026 14:58:42,T0,T1,2.1ft,0.05s
4.17.2026 14:58:42,T0,T2,2.6ft,0.05s
4.17.2026 14:58:42,T1,T2,1.0ft,0.05s
4.17.2026 14:58:42,T0,T1,2.1ft,0.05s
4.17.2026 14:58:42,T0,T2,2.6ft,0.05s
4.17.2026 14:58:42,T1,T2,0.8ft,0.05s
4.17.2026 14:58:42,T0,T1,2.1ft,0.05s
4.17.2026 14:58:42,T0,T2,2.6ft,0.05s
4.17.2026 14:58:42,T1,T2,0.6ft,0.05s
4.17.2026 14:58:42,T0,T1,2.1ft,0.05s
4.17.2026 14:58:42,T0,T2,2.6ft,0.05s
4.17.2026 14:58:42,T1,T2,0.5ft,0.05s
4.17.2026 14:58:42,T0,T1,2.1ft,0.05s
4.17.2026 14:58:42,T0,T2,2.6ft,0.05s
4.17.2026 14:58:42,T1,T2,0.5ft,0.05s
4.17.2026 14:58:42,T0,T1,2.1ft,0.05s
4.17.2026 14:58:42,T0,T2,2.5ft,0.05s
4.17.2026 14:58:42,T1,T2,0.4ft,0.05s
4.17.2026 14:58:42,T0,T1,2.1ft,0.05s
4.17.2026 14:58:42,T0,T2,2.5ft,0.05s
4.17.2026 14:58:42,T1,T2,0.4ft,0.05s
4.17.2026 14:58:42,T0,T1,2.1ft,0.05s
4.17.2026 14:58:42,T0,T2,2.6ft,0.05s
4.17.2026 14:58:42,T1,T2,0.5ft,0.05s
4.17.2026 14:58:42,T0,T1,2.1ft,0.05s
4.17.2026 14:58:42,T0,T2,2.6ft,0.05s
4.17.2026 14:58:42,T1,T2,0.5ft,0.05s
4.17.2026 14:58:42,T0,T1,2.1ft,0.05s
4.17.2026 14:58:42,T0,T2,2.7ft,0.05s
4.17.2026 14:58:42,T1,T2,0.6ft,0.05s
4.17.2026 14:58:42,T0,T1,2.1ft,0.05s
4.17.2026 14:58:42,T0,T2,2.7ft,0.05s
4.17.2026 14:58:42,T1,T2,0.6ft,0.05s
4.17.2026 14:58:42,T0,T1,2.1ft,0.05s
4.17.2026 14:58:42,T0,T2,2.7ft,0.05s
4.17.2026 14:58:42,T1,T2,0.7ft,0.05s
4.17.2026 14:58:42,T0,T1,2.2ft,0.05s
4.17.2026 14:58:42,T0,T2,2.7ft,0.05s
4.17.2026 14:58:42,T1,T2,0.6ft,0.05s
4.17.2026 14:58:42,T0,T1,2.4ft,0.05s
4.17.2026 14:58:42,T0,T2,2.7ft,0.05s
4.17.2026 14:58:42,T1,T2,0.6ft,0.05s
4.17.2026 14:58:42,T0,T1,2.6ft,0.05s
4.17.2026 14:58:42,T0,T2,2.7ft,0.05s
4.17.2026 14:58:42,T1,T2,0.7ft,0.05s
4.17.2026 14:58:42,T0,T1,2.7ft,0.05s
4.17.2026 14:58:42,T0,T2,2.6ft,0.05s
4.17.2026 14:58:42,T1,T2,0.7ft,0.05s
4.17.2026 14:58:43,T0,T1,2.8ft,0.05s
4.17.2026 14:58:43,T0,T2,2.6ft,0.05s
4.17.2026 14:58:43,T1,T2,0.8ft,0.05s
4.17.2026 14:58:43,T0,T1,2.8ft,0.05s
4.17.2026 14:58:43,T0,T2,2.5ft,0.05s
4.17.2026 14:58:43,T1,T2,0.9ft,0.05s
4.17.2026 14:58:43,T0,T1,2.9ft,0.05s
4.17.2026 14:58:43,T0,T2,2.5ft,0.05s
4.17.2026 14:58:43,T1,T2,0.9ft,0.05s
4.17.2026 14:58:43,T0,T1,2.9ft,0.05s
4.17.2026 14:58:43,T0,T2,2.4ft,0.05s
4.17.2026 14:58:43,T1,T2,0.9ft,0.05s
4.17.2026 14:58:43,T0,T1,2.9ft,0.05s
4.17.2026 14:58:43,T0,T2,2.4ft,0.05s
4.17.2026 14:58:43,T1,T2,1.0ft,0.05s
4.17.2026 14:58:43,T0,T1,2.9ft,0.05s
4.17.2026 14:58:43,T0,T2,2.3ft,0.05s
4.17.2026 14:58:43,T1,T2,1.0ft,0.05s
4.17.2026 14:58:43,T0,T1,3.0ft,0.05s
4.17.2026 14:58:43,T0,T2,2.3ft,0.05s
4.17.2026 14:58:43,T1,T2,1.0ft,0.05s
4.17.2026 14:58:43,T0,T1,3.0ft,0.05s
4.17.2026 14:58:43,T0,T2,2.2ft,0.05s
4.17.2026 14:58:43,T1,T2,1.1ft,0.05s
4.17.2026 14:58:43,T0,T1,3.0ft,0.05s
4.17.2026 14:58:43,T0,T2,2.2ft,0.05s
4.17.2026 14:58:43,T1,T2,1.1ft,0.05s
4.17.2026 14:58:43,T0,T1,3.0ft,0.05s
4.17.2026 14:58:43,T0,T2,2.1ft,0.05s
4.17.2026 14:58:43,T1,T2,1.1ft,0.05s
4.17.2026 14:58:43,T0,T1,2.9ft,0.05s
4.17.2026 14:58:43,T0,T2,2.1ft,0.05s
4.17.2026 14:58:43,T1,T2,1.1ft,0.05s
4.17.2026 14:58:43,T0,T1,2.9ft,0.05s
4.17.2026 14:58:43,T0,T2,2.1ft,0.05s
4.17.2026 14:58:43,T1,T2,1.2ft,0.05s
4.17.2026 14:58:43,T0,T1,3.0ft,0.05s
4.17.2026 14:58:43,T0,T2,2.0ft,0.05s
4.17.2026 14:58:43,T1,T2,1.2ft,0.05s
4.17.2026 14:58:43,T0,T1,2.9ft,0.05s
4.17.2026 14:58:43,T0,T2,2.0ft,0.05s
4.17.2026 14:58:43,T1,T2,1.2ft,0.05s
4.17.2026 14:58:43,T0,T1,2.9ft,0.05s
4.17.2026 14:58:43,T0,T2,2.0ft,0.05s
4.17.2026 14:58:43,T1,T2,1.2ft,0.05s
4.17.2026 14:58:43,T0,T1,2.9ft,0.05s
4.17.2026 14:58:43,T0,T2,2.0ft,0.05s
4.17.2026 14:58:43,T1,T2,1.2ft,0.05s
4.17.2026 14:58:43,T0,T1,2.8ft,0.05s
4.17.2026 14:58:43,T0,T2,2.0ft,0.05s
4.17.2026 14:58:43,T1,T2,1.2ft,0.05s
4.17.2026 14:58:43,T0,T1,2.8ft,0.05s
4.17.2026 14:58:43,T0,T2,2.0ft,0.05s
4.17.2026 14:58:43,T1,T2,1.2ft,0.05s
4.17.2026 14:58:43,T0,T1,2.8ft,0.05s
4.17.2026 14:58:43,T0,T2,2.0ft,0.05s
4.17.2026 14:58:43,T1,T2,1.2ft,0.05s
4.17.2026 14:58:44,T0,T1,2.8ft,0.05s
4.17.2026 14:58:44,T0,T2,2.0ft,0.05s
4.17.2026 14:58:44,T1,T2,1.2ft,0.05s
4.17.2026 14:58:44,T0,T1,2.8ft,0.05s
4.17.2026 14:58:44,T0,T2,1.9ft,0.05s
4.17.2026 14:58:44,T1,T2,1.3ft,0.05s
4.17.2026 14:58:44,T0,T1,2.8ft,0.05s
4.17.2026 14:58:44,T0,T2,1.9ft,0.05s
4.17.2026 14:58:44,T1,T2,1.3ft,0.05s
4.17.2026 14:58:44,T0,T1,3.0ft,0.05s
4.17.2026 14:58:44,T0,T2,1.9ft,0.05s
4.17.2026 14:58:44,T1,T2,1.4ft,0.05s
4.17.2026 14:58:44,T0,T1,3.1ft,0.05s
4.17.2026 14:58:44,T0,T2,1.9ft,0.05s
4.17.2026 14:58:44,T1,T2,1.5ft,0.05s
4.17.2026 14:58:44,T0,T1,3.2ft,0.05s
4.17.2026 14:58:44,T0,T2,1.8ft,0.05s
4.17.2026 14:58:44,T1,T2,1.6ft,0.05s
4.17.2026 14:58:44,T0,T1,3.3ft,0.05s
4.17.2026 14:58:44,T0,T2,1.7ft,0.05s
4.17.2026 14:58:44,T1,T2,1.8ft,0.05s
4.17.2026 14:58:44,T0,T1,3.3ft,0.05s
4.17.2026 14:58:44,T0,T2,1.7ft,0.05s
4.17.2026 14:58:44,T1,T2,2.0ft,0.05s
4.17.2026 14:58:44,T0,T1,3.4ft,0.05s
4.17.2026 14:58:44,T0,T2,1.6ft,0.05s
4.17.2026 14:58:44,T1,T2,2.2ft,0.05s
4.17.2026 14:58:44,T0,T1,3.5ft,0.05s
4.17.2026 14:58:44,T0,T2,1.6ft,0.05s
4.17.2026 14:58:44,T1,T2,2.4ft,0.05s
4.17.2026 14:58:44,T0,T1,3.6ft,0.05s
4.17.2026 14:58:44,T0,T2,1.6ft,0.05s
4.17.2026 14:58:44,T1,T2,2.5ft,0.05s
4.17.2026 14:58:44,T0,T1,3.6ft,0.05s
4.17.2026 14:58:44,T0,T2,1.6ft,0.05s
4.17.2026 14:58:44,T1,T2,2.6ft,0.05s
4.17.2026 14:58:44,T0,T1,3.7ft,0.05s
4.17.2026 14:58:44,T0,T2,1.7ft,0.05s
4.17.2026 14:58:44,T1,T2,2.6ft,0.05s
4.17.2026 14:58:44,T0,T1,3.7ft,0.05s
4.17.2026 14:58:44,T0,T2,1.8ft,0.05s
4.17.2026 14:58:44,T1,T2,2.6ft,0.05s
4.17.2026 14:58:44,T0,T1,3.8ft,0.05s
4.17.2026 14:58:44,T0,T2,1.9ft,0.05s
4.17.2026 14:58:44,T1,T2,2.7ft,0.05s
4.17.2026 14:58:44,T0,T1,3.7ft,0.05s
4.17.2026 14:58:44,T0,T2,2.0ft,0.05s
4.17.2026 14:58:44,T1,T2,2.6ft,0.05s
4.17.2026 14:58:44,T0,T1,3.8ft,0.05s
4.17.2026 14:58:44,T0,T2,2.1ft,0.05s
4.17.2026 14:58:44,T1,T2,2.6ft,0.05s
4.17.2026 14:58:44,T0,T1,3.8ft,0.05s
4.17.2026 14:58:44,T0,T2,2.2ft,0.05s
4.17.2026 14:58:44,T1,T2,2.6ft,0.05s
4.17.2026 14:58:44,T0,T1,3.9ft,0.05s
4.17.2026 14:58:44,T0,T2,2.3ft,0.05s
4.17.2026 14:58:44,T1,T2,2.5ft,0.05s
4.17.2026 14:58:44,T0,T1,4.0ft,0.05s
4.17.2026 14:58:44,T0,T2,2.4ft,0.05s
4.17.2026 14:58:44,T1,T2,2.5ft,0.05s
4.17.2026 14:58:45,T0,T1,4.1ft,0.05s
4.17.2026 14:58:45,T0,T2,2.5ft,0.05s
4.17.2026 14:58:45,T1,T2,2.5ft,0.05s
4.17.2026 14:58:45,T0,T1,4.2ft,0.05s
4.17.2026 14:58:45,T0,T2,2.6ft,0.05s
4.17.2026 14:58:45,T1,T2,2.5ft,0.05s
4.17.2026 14:58:45,T0,T1,4.3ft,0.05s
4.17.2026 14:58:45,T0,T2,2.6ft,0.05s
4.17.2026 14:58:45,T1,T2,2.5ft,0.05s
4.17.2026 14:58:45,T0,T1,4.3ft,0.05s
4.17.2026 14:58:45,T0,T2,2.6ft,0.05s
4.17.2026 14:58:45,T1,T2,2.5ft,0.05s
4.17.2026 14:58:45,T0,T1,4.4ft,0.05s
4.17.2026 14:58:45,T0,T2,2.6ft,0.05s
4.17.2026 14:58:45,T1,T2,2.5ft,0.05s
4.17.2026 14:58:45,T0,T1,4.5ft,0.05s
4.17.2026 14:58:45,T0,T2,2.5ft,0.05s
4.17.2026 14:58:45,T1,T2,2.6ft,0.05s
4.17.2026 14:58:45,T0,T1,4.5ft,0.05s
4.17.2026 14:58:45,T0,T2,2.5ft,0.05s
4.17.2026 14:58:45,T1,T2,2.6ft,0.05s
4.17.2026 14:58:45,T0,T1,4.6ft,0.05s
4.17.2026 14:58:45,T0,T2,2.4ft,0.05s
4.17.2026 14:58:45,T1,T2,2.7ft,0.05s
4.17.2026 14:58:45,T0,T1,4.6ft,0.05s
4.17.2026 14:58:45,T0,T2,2.4ft,0.05s
4.17.2026 14:58:45,T1,T2,2.7ft,0.05s
4.17.2026 14:58:45,T0,T1,4.7ft,0.05s
4.17.2026 14:58:45,T0,T2,2.3ft,0.05s
4.17.2026 14:58:45,T1,T2,2.7ft,0.05s
4.17.2026 14:58:45,T0,T1,4.7ft,0.05s
4.17.2026 14:58:45,T0,T2,2.3ft,0.05s
4.17.2026 14:58:45,T1,T2,2.8ft,0.05s
4.17.2026 14:58:45,T0,T1,4.7ft,0.05s
4.17.2026 14:58:45,T0,T2,2.3ft,0.05s
4.17.2026 14:58:45,T1,T2,2.8ft,0.05s
4.17.2026 14:58:45,T0,T1,4.7ft,0.05s
4.17.2026 14:58:45,T0,T2,2.3ft,0.05s
4.17.2026 14:58:45,T1,T2,2.7ft,0.05s
4.17.2026 14:58:45,T0,T1,4.8ft,0.05s
4.17.2026 14:58:45,T0,T2,2.3ft,0.05s
4.17.2026 14:58:45,T1,T2,2.7ft,0.05s
4.17.2026 14:58:45,T0,T1,4.7ft,0.05s
4.17.2026 14:58:45,T0,T2,2.3ft,0.05s
4.17.2026 14:58:45,T1,T2,2.6ft,0.05s
4.17.2026 14:58:45,T0,T1,4.6ft,0.05s
4.17.2026 14:58:45,T0,T2,2.3ft,0.05s
4.17.2026 14:58:45,T1,T2,2.5ft,0.05s
4.17.2026 14:58:45,T0,T1,4.5ft,0.05s
4.17.2026 14:58:45,T0,T2,2.2ft,0.05s
4.17.2026 14:58:45,T1,T2,2.4ft,0.05s
4.17.2026 14:58:45,T0,T1,4.5ft,0.05s
4.17.2026 14:58:45,T0,T2,2.2ft,0.05s
4.17.2026 14:58:45,T1,T2,2.5ft,0.05s
4.17.2026 14:58:45,T0,T1,4.5ft,0.05s
4.17.2026 14:58:45,T0,T2,2.2ft,0.05s
4.17.2026 14:58:45,T1,T2,2.5ft,0.05s
4.17.2026 14:58:45,T0,T1,4.6ft,0.05s
4.17.2026 14:58:45,T0,T2,2.1ft,0.05s
4.17.2026 14:58:45,T1,T2,2.6ft,0.05s
4.17.2026 14:58:46,T0,T1,4.6ft,0.05s
4.17.2026 14:58:46,T0,T2,2.1ft,0.05s
4.17.2026 14:58:46,T1,T2,2.6ft,0.05s
4.17.2026 14:58:46,T0,T1,4.6ft,0.05s
4.17.2026 14:58:46,T0,T2,2.0ft,0.05s
4.17.2026 14:58:46,T1,T2,2.7ft,0.05s
4.17.2026 14:58:46,T0,T1,4.7ft,0.05s
4.17.2026 14:58:46,T0,T2,2.0ft,0.05s
4.17.2026 14:58:46,T1,T2,2.8ft,0.05s
4.17.2026 14:58:46,T0,T1,4.7ft,0.05s
4.17.2026 14:58:46,T0,T2,1.9ft,0.05s
4.17.2026 14:58:46,T1,T2,2.8ft,0.05s
4.17.2026 14:58:46,T0,T1,4.7ft,0.05s
4.17.2026 14:58:46,T0,T2,1.9ft,0.05s
4.17.2026 14:58:46,T1,T2,2.9ft,0.05s
4.17.2026 14:58:46,T0,T1,4.7ft,0.05s
4.17.2026 14:58:46,T0,T2,1.8ft,0.05s
4.17.2026 14:58:46,T1,T2,2.9ft,0.05s
4.17.2026 14:58:46,T0,T1,4.7ft,0.05s
4.17.2026 14:58:46,T0,T2,1.8ft,0.05s
4.17.2026 14:58:46,T1,T2,3.0ft,0.05s
4.17.2026 14:58:46,T0,T1,4.7ft,0.05s
4.17.2026 14:58:46,T0,T2,1.8ft,0.05s
4.17.2026 14:58:46,T1,T2,3.0ft,0.05s
4.17.2026 14:58:46,T0,T1,4.7ft,0.05s
4.17.2026 14:58:46,T0,T2,1.8ft,0.05s
4.17.2026 14:58:46,T1,T2,3.0ft,0.05s
4.17.2026 14:58:46,T0,T1,4.8ft,0.05s
4.17.2026 14:58:46,T0,T2,1.8ft,0.05s
4.17.2026 14:58:46,T1,T2,3.0ft,0.05s
4.17.2026 14:58:46,T0,T1,4.8ft,0.05s
4.17.2026 14:58:46,T0,T2,1.8ft,0.05s
4.17.2026 14:58:46,T1,T2,3.0ft,0.05s
4.17.2026 14:58:46,T0,T1,4.8ft,0.05s
4.17.2026 14:58:46,T0,T2,1.9ft,0.05s
4.17.2026 14:58:46,T1,T2,3.0ft,0.05s
4.17.2026 14:58:46,T0,T1,4.8ft,0.05s
4.17.2026 14:58:46,T0,T2,1.9ft,0.05s
4.17.2026 14:58:46,T1,T2,3.0ft,0.05s
4.17.2026 14:58:46,T0,T1,4.9ft,0.05s
4.17.2026 14:58:46,T0,T2,2.0ft,0.05s
4.17.2026 14:58:46,T1,T2,2.9ft,0.05s
4.17.2026 14:58:46,T0,T1,4.9ft,0.05s
4.17.2026 14:58:46,T0,T2,2.0ft,0.05s
4.17.2026 14:58:46,T1,T2,2.9ft,0.05s
4.17.2026 14:58:46,T0,T1,5.0ft,0.05s
4.17.2026 14:58:46,T0,T2,2.0ft,0.05s
4.17.2026 14:58:46,T1,T2,3.1ft,0.05s
4.17.2026 14:58:46,T0,T1,5.0ft,0.05s
4.17.2026 14:58:46,T0,T2,2.0ft,0.05s
4.17.2026 14:58:46,T1,T2,3.0ft,0.05s
4.17.2026 14:58:46,T0,T1,4.9ft,0.05s
4.17.2026 14:58:46,T0,T2,2.0ft,0.05s
4.17.2026 14:58:46,T1,T2,3.0ft,0.05s
4.17.2026 14:58:46,T0,T1,4.9ft,0.05s
4.17.2026 14:58:46,T0,T2,2.0ft,0.05s
4.17.2026 14:58:46,T1,T2,3.0ft,0.05s
4.17.2026 14:58:46,T0,T1,4.8ft,0.05s
4.17.2026 14:58:46,T0,T2,2.0ft,0.05s
4.17.2026 14:58:46,T1,T2,2.9ft,0.05s
4.17.2026 14:58:47,T0,T1,4.7ft,0.05s
4.17.2026 14:58:47,T0,T2,2.0ft,0.05s
4.17.2026 14:58:47,T1,T2,2.8ft,0.05s
4.17.2026 14:58:47,T0,T1,4.6ft,0.05s
4.17.2026 14:58:47,T0,T2,1.9ft,0.05s
4.17.2026 14:58:47,T1,T2,2.7ft,0.05s
4.17.2026 14:58:47,T0,T1,4.5ft,0.05s
4.17.2026 14:58:47,T0,T2,1.9ft,0.05s
4.17.2026 14:58:47,T1,T2,2.7ft,0.05s
4.17.2026 14:58:47,T0,T1,4.3ft,0.05s
4.17.2026 14:58:47,T0,T2,1.9ft,0.05s
4.17.2026 14:58:47,T1,T2,2.6ft,0.05s
4.17.2026 14:58:47,T0,T1,4.2ft,0.05s
4.17.2026 14:58:47,T0,T2,1.9ft,0.05s
4.17.2026 14:58:47,T1,T2,2.5ft,0.05s
4.17.2026 14:58:47,T0,T1,4.2ft,0.05s
4.17.2026 14:58:47,T0,T2,1.8ft,0.05s
4.17.2026 14:58:47,T1,T2,2.5ft,0.05s
4.17.2026 14:58:47,T0,T1,4.1ft,0.05s
4.17.2026 14:58:47,T0,T2,1.8ft,0.05s
4.17.2026 14:58:47,T1,T2,2.4ft,0.05s
4.17.2026 14:58:47,T0,T1,4.0ft,0.05s
4.17.2026 14:58:47,T0,T2,1.8ft,0.05s
4.17.2026 14:58:47,T1,T2,2.4ft,0.05s
4.17.2026 14:58:47,T0,T1,3.9ft,0.05s
4.17.2026 14:58:47,T0,T2,1.7ft,0.05s
4.17.2026 14:58:47,T1,T2,2.4ft,0.05s
4.17.2026 14:58:47,T0,T1,3.9ft,0.05s
4.17.2026 14:58:47,T0,T2,1.7ft,0.05s
4.17.2026 14:58:47,T1,T2,2.3ft,0.05s
4.17.2026 14:58:47,T0,T1,3.8ft,0.05s
4.17.2026 14:58:47,T0,T2,1.7ft,0.05s
4.17.2026 14:58:47,T1,T2,2.3ft,0.05s
4.17.2026 14:58:47,T0,T1,3.8ft,0.05s
4.17.2026 14:58:47,T0,T2,1.7ft,0.05s
4.17.2026 14:58:47,T1,T2,2.3ft,0.05s
4.17.2026 14:58:47,T0,T1,3.7ft,0.05s
4.17.2026 14:58:47,T0,T2,1.6ft,0.05s
4.17.2026 14:58:47,T1,T2,2.3ft,0.05s
4.17.2026 14:58:47,T0,T1,3.7ft,0.05s
4.17.2026 14:58:47,T0,T2,1.6ft,0.05s
4.17.2026 14:58:47,T1,T2,2.5ft,0.05s
4.17.2026 14:58:47,T0,T1,3.6ft,0.05s
4.17.2026 14:58:47,T0,T2,1.5ft,0.05s
4.17.2026 14:58:47,T1,T2,2.6ft,0.05s
4.17.2026 14:58:47,T0,T1,3.6ft,0.05s
4.17.2026 14:58:47,T0,T2,1.5ft,0.05s
4.17.2026 14:58:47,T1,T2,2.7ft,0.05s
4.17.2026 14:58:47,T0,T1,3.6ft,0.05s
4.17.2026 14:58:47,T0,T2,1.6ft,0.05s
4.17.2026 14:58:47,T1,T2,2.9ft,0.05s
4.17.2026 14:58:47,T0,T1,3.6ft,0.05s
4.17.2026 14:58:47,T0,T2,1.6ft,0.05s
4.17.2026 14:58:47,T1,T2,3.0ft,0.05s
4.17.2026 14:58:47,T0,T1,3.5ft,0.05s
4.17.2026 14:58:47,T0,T2,1.7ft,0.05s
4.17.2026 14:58:47,T1,T2,3.1ft,0.05s
4.17.2026 14:58:48,T0,T1,3.4ft,0.05s
4.17.2026 14:58:48,T0,T2,1.7ft,0.05s
4.17.2026 14:58:48,T1,T2,3.2ft,0.05s
4.17.2026 14:58:48,T0,T1,3.4ft,0.05s
4.17.2026 14:58:48,T0,T2,1.7ft,0.05s
4.17.2026 14:58:48,T1,T2,3.1ft,0.05s
4.17.2026 14:58:48,T0,T1,3.3ft,0.05s
4.17.2026 14:58:48,T0,T2,1.7ft,0.05s
4.17.2026 14:58:48,T1,T2,3.1ft,0.05s
4.17.2026 14:58:48,T0,T1,3.3ft,0.05s
4.17.2026 14:58:48,T0,T2,1.7ft,0.05s
4.17.2026 14:58:48,T1,T2,3.0ft,0.05s
4.17.2026 14:58:48,T0,T1,3.2ft,0.05s
4.17.2026 14:58:48,T0,T2,1.7ft,0.05s
4.17.2026 14:58:48,T1,T2,2.9ft,0.05s
4.17.2026 14:58:48,T0,T1,3.2ft,0.05s
4.17.2026 14:58:48,T0,T2,1.7ft,0.05s
4.17.2026 14:58:48,T1,T2,2.9ft,0.05s
4.17.2026 14:58:48,T0,T1,3.2ft,0.05s
4.17.2026 14:58:48,T0,T2,1.6ft,0.05s
4.17.2026 14:58:48,T1,T2,2.8ft,0.05s
4.17.2026 14:58:48,T0,T1,3.2ft,0.05s
4.17.2026 14:58:48,T0,T2,1.6ft,0.05s
4.17.2026 14:58:48,T1,T2,2.7ft,0.05s
4.17.2026 14:58:48,T0,T1,3.1ft,0.05s
4.17.2026 14:58:48,T0,T2,1.6ft,0.05s
4.17.2026 14:58:48,T1,T2,2.7ft,0.05s
4.17.2026 14:58:48,T0,T1,3.1ft,0.05s
4.17.2026 14:58:48,T0,T2,1.6ft,0.05s
4.17.2026 14:58:48,T1,T2,2.6ft,0.05s
4.17.2026 14:58:48,T0,T1,3.1ft,0.05s
4.17.2026 14:58:48,T0,T2,1.5ft,0.05s
4.17.2026 14:58:48,T1,T2,2.6ft,0.05s
4.17.2026 14:58:48,T0,T1,3.0ft,0.05s
4.17.2026 14:58:48,T0,T2,1.5ft,0.05s
4.17.2026 14:58:48,T1,T2,2.5ft,0.05s
4.17.2026 14:58:48,T0,T1,3.0ft,0.05s
4.17.2026 14:58:48,T0,T2,1.5ft,0.05s
4.17.2026 14:58:48,T1,T2,2.5ft,0.05s
4.17.2026 14:58:48,T0,T1,2.9ft,0.05s
4.17.2026 14:58:48,T0,T2,1.5ft,0.05s
4.17.2026 14:58:48,T1,T2,2.5ft,0.05s
4.17.2026 14:58:48,T0,T1,2.9ft,0.05s
4.17.2026 14:58:48,T0,T2,1.4ft,0.05s
4.17.2026 14:58:48,T1,T2,2.4ft,0.05s
4.17.2026 14:58:48,T0,T1,2.8ft,0.05s
4.17.2026 14:58:48,T0,T2,1.5ft,0.05s
4.17.2026 14:58:48,T1,T2,2.4ft,0.05s
4.17.2026 14:58:48,T0,T1,2.8ft,0.05s
4.17.2026 14:58:48,T0,T2,1.5ft,0.05s
4.17.2026 14:58:48,T1,T2,2.3ft,0.05s
4.17.2026 14:58:48,T0,T1,2.8ft,0.05s
4.17.2026 14:58:48,T0,T2,1.5ft,0.05s
4.17.2026 14:58:48,T1,T2,2.3ft,0.05s
4.17.2026 14:58:48,T0,T1,2.7ft,0.05s
4.17.2026 14:58:48,T0,T2,1.5ft,0.05s
4.17.2026 14:58:48,T1,T2,2.2ft,0.05s
4.17.2026 14:58:48,T0,T1,2.7ft,0.05s
4.17.2026 14:58:48,T0,T2,1.5ft,0.05s
4.17.2026 14:58:48,T1,T2,2.1ft,0.05s
4.17.2026 14:58:49,T0,T1,2.7ft,0.05s
4.17.2026 14:58:49,T0,T2,1.6ft,0.05s
4.17.2026 14:58:49,T1,T2,2.1ft,0.05s
4.17.2026 14:58:49,T0,T1,2.7ft,0.05s
4.17.2026 14:58:49,T0,T2,1.6ft,0.05s
4.17.2026 14:58:49,T1,T2,2.0ft,0.05s
4.17.2026 14:58:49,T0,T1,2.7ft,0.05s
4.17.2026 14:58:49,T0,T2,1.6ft,0.05s
4.17.2026 14:58:49,T1,T2,2.0ft,0.05s
4.17.2026 14:58:49,T0,T1,2.7ft,0.05s
4.17.2026 14:58:49,T0,T2,1.6ft,0.05s
4.17.2026 14:58:49,T1,T2,2.0ft,0.05s
4.17.2026 14:58:49,T0,T1,2.8ft,0.05s
4.17.2026 14:58:49,T0,T2,1.6ft,0.05s
4.17.2026 14:58:49,T1,T2,2.0ft,0.05s
4.17.2026 14:58:49,T0,T1,2.9ft,0.05s
4.17.2026 14:58:49,T0,T2,1.6ft,0.05s
4.17.2026 14:58:49,T1,T2,2.0ft,0.05s
4.17.2026 14:58:49,T0,T1,2.9ft,0.05s
4.17.2026 14:58:49,T0,T2,1.6ft,0.05s
4.17.2026 14:58:49,T1,T2,2.1ft,0.05s
4.17.2026 14:58:49,T0,T1,3.1ft,0.05s
4.17.2026 14:58:49,T0,T2,1.6ft,0.05s
4.17.2026 14:58:49,T1,T2,2.1ft,0.05s
4.17.2026 14:58:49,T0,T1,3.2ft,0.05s
4.17.2026 14:58:49,T0,T2,1.6ft,0.05s
4.17.2026 14:58:49,T1,T2,2.2ft,0.05s
4.17.2026 14:58:49,T0,T1,3.3ft,0.05s
4.17.2026 14:58:49,T0,T2,1.6ft,0.05s
4.17.2026 14:58:49,T1,T2,2.2ft,0.05s
4.17.2026 14:58:49,T0,T1,3.4ft,0.05s
4.17.2026 14:58:49,T0,T2,1.6ft,0.05s
4.17.2026 14:58:49,T1,T2,2.3ft,0.05s
4.17.2026 14:58:49,T0,T1,3.4ft,0.05s
4.17.2026 14:58:49,T0,T2,1.6ft,0.05s
4.17.2026 14:58:49,T1,T2,2.3ft,0.05s
4.17.2026 14:58:49,T0,T1,3.5ft,0.05s
4.17.2026 14:58:49,T0,T2,1.6ft,0.05s
4.17.2026 14:58:49,T1,T2,2.3ft,0.05s
4.17.2026 14:58:49,T0,T1,3.5ft,0.05s
4.17.2026 14:58:49,T0,T2,1.6ft,0.05s
4.17.2026 14:58:49,T1,T2,2.4ft,0.05s
4.17.2026 14:58:49,T0,T1,3.5ft,0.05s
4.17.2026 14:58:49,T0,T2,1.6ft,0.05s
4.17.2026 14:58:49,T1,T2,2.4ft,0.05s
4.17.2026 14:58:49,T0,T1,3.5ft,0.05s
4.17.2026 14:58:49,T0,T2,1.6ft,0.05s
4.17.2026 14:58:49,T1,T2,2.4ft,0.05s
4.17.2026 14:58:49,T0,T1,3.5ft,0.05s
4.17.2026 14:58:49,T0,T2,1.6ft,0.05s
4.17.2026 14:58:49,T1,T2,2.4ft,0.05s
4.17.2026 14:58:49,T0,T1,3.5ft,0.05s
4.17.2026 14:58:49,T0,T2,1.6ft,0.05s
4.17.2026 14:58:49,T1,T2,2.4ft,0.05s
4.17.2026 14:58:49,T0,T1,3.5ft,0.05s
4.17.2026 14:58:49,T0,T2,1.5ft,0.05s
4.17.2026 14:58:49,T1,T2,2.4ft,0.05s
4.17.2026 14:58:49,T0,T1,3.5ft,0.05s
4.17.2026 14:58:49,T0,T2,1.5ft,0.05s
4.17.2026 14:58:49,T1,T2,2.4ft,0.05s
4.17.2026 14:58:50,T0,T1,3.5ft,0.05s
4.17.2026 14:58:50,T0,T2,1.5ft,0.05s
4.17.2026 14:58:50,T1,T2,2.4ft,0.05s
4.17.2026 14:58:50,T0,T1,3.5ft,0.05s
4.17.2026 14:58:50,T0,T2,1.5ft,0.05s
4.17.2026 14:58:50,T1,T2,2.4ft,0.05s
4.17.2026 14:58:50,T0,T1,3.5ft,0.05s
4.17.2026 14:58:50,T0,T2,1.5ft,0.05s
4.17.2026 14:58:50,T1,T2,2.4ft,0.05s
4.17.2026 14:58:50,T0,T1,3.4ft,0.05s
4.17.2026 14:58:50,T0,T2,1.5ft,0.05s
4.17.2026 14:58:50,T1,T2,2.4ft,0.05s
4.17.2026 14:58:50,T0,T1,3.4ft,0.05s
4.17.2026 14:58:50,T0,T2,1.5ft,0.05s
4.17.2026 14:58:50,T1,T2,2.4ft,0.05s
4.17.2026 14:58:50,T0,T1,3.4ft,0.05s
4.17.2026 14:58:50,T0,T2,1.5ft,0.05s
4.17.2026 14:58:50,T1,T2,2.4ft,0.05s
4.17.2026 14:58:50,T0,T1,3.3ft,0.05s
4.17.2026 14:58:50,T0,T2,1.5ft,0.05s
4.17.2026 14:58:50,T1,T2,2.4ft,0.05s
4.17.2026 14:58:50,T0,T1,3.3ft,0.05s
4.17.2026 14:58:50,T0,T2,1.5ft,0.05s
4.17.2026 14:58:50,T1,T2,2.3ft,0.05s
4.17.2026 14:58:50,T0,T1,3.2ft,0.05s
4.17.2026 14:58:50,T0,T2,1.6ft,0.05s
4.17.2026 14:58:50,T1,T2,2.2ft,0.05s
4.17.2026 14:58:50,T0,T1,3.1ft,0.05s
4.17.2026 14:58:50,T0,T2,1.6ft,0.05s
4.17.2026 14:58:50,T1,T2,2.2ft,0.05s
4.17.2026 14:58:50,T0,T1,3.1ft,0.05s
4.17.2026 14:58:50,T0,T2,1.6ft,0.05s
4.17.2026 14:58:50,T1,T2,2.1ft,0.05s
4.17.2026 14:58:50,T0,T1,3.0ft,0.05s
4.17.2026 14:58:50,T0,T2,1.6ft,0.05s
4.17.2026 14:58:50,T1,T2,2.0ft,0.05s
4.17.2026 14:58:50,T0,T1,3.0ft,0.05s
4.17.2026 14:58:50,T0,T2,1.7ft,0.05s
4.17.2026 14:58:50,T1,T2,2.0ft,0.05s
4.17.2026 14:58:50,T0,T1,3.0ft,0.05s
4.17.2026 14:58:50,T0,T2,1.7ft,0.05s
4.17.2026 14:58:50,T1,T2,1.9ft,0.05s
4.17.2026 14:58:50,T0,T1,3.0ft,0.05s
4.17.2026 14:58:50,T0,T2,1.7ft,0.05s
4.17.2026 14:58:50,T1,T2,1.9ft,0.05s
4.17.2026 14:58:50,T0,T1,3.0ft,0.05s
4.17.2026 14:58:50,T0,T2,1.8ft,0.05s
4.17.2026 14:58:50,T1,T2,1.9ft,0.05s
4.17.2026 14:58:50,T0,T1,3.0ft,0.05s
4.17.2026 14:58:50,T0,T2,1.8ft,0.05s
4.17.2026 14:58:50,T1,T2,1.9ft,0.05s
4.17.2026 14:58:50,T0,T1,3.1ft,0.05s
4.17.2026 14:58:50,T0,T2,1.8ft,0.05s
4.17.2026 14:58:50,T1,T2,1.9ft,0.05s
4.17.2026 14:58:50,T0,T1,3.0ft,0.05s
4.17.2026 14:58:50,T0,T2,1.8ft,0.05s
4.17.2026 14:58:50,T1,T2,1.9ft,0.05s
4.17.2026 14:58:50,T0,T1,3.0ft,0.05s
4.17.2026 14:58:50,T0,T2,1.8ft,0.05s
4.17.2026 14:58:50,T1,T2,1.9ft,0.05s
4.17.2026 14:58:51,T0,T1,3.1ft,0.05s
4.17.2026 14:58:51,T0,T2,1.8ft,0.05s
4.17.2026 14:58:51,T1,T2,1.9ft,0.05s
4.17.2026 14:58:51,T0,T1,3.1ft,0.05s
4.17.2026 14:58:51,T0,T2,1.7ft,0.05s
4.17.2026 14:58:51,T1,T2,2.1ft,0.05s
4.17.2026 14:58:51,T0,T1,3.1ft,0.05s
4.17.2026 14:58:51,T0,T2,1.7ft,0.05s
4.17.2026 14:58:51,T1,T2,2.2ft,0.05s
4.17.2026 14:58:51,T0,T1,3.2ft,0.05s
4.17.2026 14:58:51,T0,T2,1.7ft,0.05s
4.17.2026 14:58:51,T1,T2,2.4ft,0.05s
4.17.2026 14:58:51,T0,T1,3.3ft,0.05s
4.17.2026 14:58:51,T0,T2,1.8ft,0.05s
4.17.2026 14:58:51,T1,T2,2.5ft,0.05s
4.17.2026 14:58:51,T0,T1,3.3ft,0.05s
4.17.2026 14:58:51,T0,T2,1.8ft,0.05s
4.17.2026 14:58:51,T1,T2,2.6ft,0.05s
4.17.2026 14:58:51,T0,T1,3.3ft,0.05s
4.17.2026 14:58:51,T0,T2,1.8ft,0.05s
4.17.2026 14:58:51,T1,T2,2.7ft,0.05s
4.17.2026 14:58:51,T0,T1,3.4ft,0.05s
4.17.2026 14:58:51,T0,T2,1.8ft,0.05s
4.17.2026 14:58:51,T1,T2,2.8ft,0.05s
4.17.2026 14:58:51,T0,T1,3.4ft,0.05s
4.17.2026 14:58:51,T0,T2,1.8ft,0.05s
4.17.2026 14:58:51,T1,T2,2.9ft,0.05s
4.17.2026 14:58:51,T0,T1,3.4ft,0.05s
4.17.2026 14:58:51,T0,T2,1.8ft,0.05s
4.17.2026 14:58:51,T1,T2,2.9ft,0.05s
4.17.2026 14:58:51,T0,T1,3.4ft,0.05s
4.17.2026 14:58:51,T0,T2,1.8ft,0.05s
4.17.2026 14:58:51,T1,T2,3.0ft,0.05s
4.17.2026 14:58:51,T0,T1,3.5ft,0.05s
4.17.2026 14:58:51,T0,T2,1.8ft,0.05s
4.17.2026 14:58:51,T1,T2,3.0ft,0.05s
4.17.2026 14:58:51,T0,T1,3.4ft,0.05s
4.17.2026 14:58:51,T0,T2,1.8ft,0.05s
4.17.2026 14:58:51,T1,T2,3.0ft,0.05s
4.17.2026 14:58:51,T0,T1,3.4ft,0.05s
4.17.2026 14:58:51,T0,T2,1.7ft,0.05s
4.17.2026 14:58:51,T1,T2,2.9ft,0.05s
4.17.2026 14:58:51,T0,T1,3.3ft,0.05s
4.17.2026 14:58:51,T0,T2,1.7ft,0.05s
4.17.2026 14:58:51,T1,T2,2.9ft,0.05s
4.17.2026 14:58:51,T0,T1,3.3ft,0.05s
4.17.2026 14:58:51,T0,T2,1.7ft,0.05s
4.17.2026 14:58:51,T1,T2,2.8ft,0.05s
4.17.2026 14:58:51,T0,T1,3.3ft,0.05s
4.17.2026 14:58:51,T0,T2,1.6ft,0.05s
4.17.2026 14:58:51,T1,T2,2.7ft,0.05s
4.17.2026 14:58:51,T0,T1,3.3ft,0.05s
4.17.2026 14:58:51,T0,T2,1.6ft,0.05s
4.17.2026 14:58:51,T1,T2,2.7ft,0.05s
4.17.2026 14:58:51,T0,T1,3.3ft,0.05s
4.17.2026 14:58:51,T0,T2,1.6ft,0.05s
4.17.2026 14:58:51,T1,T2,2.6ft,0.05s
4.17.2026 14:58:52,T0,T1,3.4ft,0.05s
4.17.2026 14:58:52,T0,T2,1.6ft,0.05s
4.17.2026 14:58:52,T1,T2,2.6ft,0.05s
4.17.2026 14:58:52,T0,T1,3.4ft,0.05s
4.17.2026 14:58:52,T0,T2,1.5ft,0.05s
4.17.2026 14:58:52,T1,T2,2.6ft,0.05s
4.17.2026 14:58:52,T0,T1,3.5ft,0.05s
4.17.2026 14:58:52,T0,T2,1.6ft,0.05s
4.17.2026 14:58:52,T1,T2,2.6ft,0.05s
4.17.2026 14:58:52,T0,T1,3.5ft,0.05s
4.17.2026 14:58:52,T0,T2,1.6ft,0.05s
4.17.2026 14:58:52,T1,T2,2.5ft,0.05s
4.17.2026 14:58:52,T0,T1,3.5ft,0.05s
4.17.2026 14:58:52,T0,T2,1.7ft,0.05s
4.17.2026 14:58:52,T1,T2,2.4ft,0.05s
4.17.2026 14:58:52,T0,T1,3.4ft,0.05s
4.17.2026 14:58:52,T0,T2,1.8ft,0.05s
4.17.2026 14:58:52,T1,T2,2.2ft,0.05s
4.17.2026 14:58:52,T0,T1,3.4ft,0.05s
4.17.2026 14:58:52,T0,T2,2.0ft,0.05s
4.17.2026 14:58:52,T1,T2,2.1ft,0.05s
4.17.2026 14:58:52,T0,T1,3.3ft,0.05s
4.17.2026 14:58:52,T0,T2,2.1ft,0.05s
4.17.2026 14:58:52,T1,T2,2.0ft,0.05s
4.17.2026 14:58:52,T0,T1,3.2ft,0.05s
4.17.2026 14:58:52,T0,T2,2.2ft,0.05s
4.17.2026 14:58:52,T1,T2,1.9ft,0.05s
4.17.2026 14:58:52,T0,T1,3.1ft,0.05s
4.17.2026 14:58:52,T0,T2,2.2ft,0.05s
4.17.2026 14:58:52,T1,T2,1.8ft,0.05s
4.17.2026 14:58:52,T0,T1,3.1ft,0.05s
4.17.2026 14:58:52,T0,T2,2.2ft,0.05s
4.17.2026 14:58:52,T1,T2,1.8ft,0.05s
4.17.2026 14:58:52,T0,T1,3.0ft,0.05s
4.17.2026 14:58:52,T0,T2,2.2ft,0.05s
4.17.2026 14:58:52,T1,T2,1.7ft,0.05s
4.17.2026 14:58:52,T0,T1,3.0ft,0.05s
4.17.2026 14:58:52,T0,T2,2.2ft,0.05s
4.17.2026 14:58:52,T1,T2,1.7ft,0.05s
4.17.2026 14:58:52,T0,T1,2.9ft,0.05s
4.17.2026 14:58:52,T0,T2,2.2ft,0.05s
4.17.2026 14:58:52,T1,T2,1.7ft,0.05s
4.17.2026 14:58:52,T0,T1,2.8ft,0.05s
4.17.2026 14:58:52,T0,T2,2.2ft,0.05s
4.17.2026 14:58:52,T1,T2,1.7ft,0.05s
4.17.2026 14:58:52,T0,T1,2.8ft,0.05s
4.17.2026 14:58:52,T0,T2,2.2ft,0.05s
4.17.2026 14:58:52,T1,T2,1.7ft,0.05s
4.17.2026 14:58:52,T0,T1,2.8ft,0.05s
4.17.2026 14:58:52,T0,T2,2.3ft,0.05s
4.17.2026 14:58:52,T1,T2,1.7ft,0.05s
4.17.2026 14:58:52,T0,T1,2.7ft,0.05s
4.17.2026 14:58:52,T0,T2,2.3ft,0.05s
4.17.2026 14:58:52,T1,T2,1.7ft,0.05s
4.17.2026 14:58:52,T0,T1,2.7ft,0.05s
4.17.2026 14:58:52,T0,T2,2.6ft,0.05s
4.17.2026 14:58:52,T1,T2,1.7ft,0.05s
4.17.2026 14:58:52,T0,T1,2.8ft,0.05s
4.17.2026 14:58:52,T0,T2,2.8ft,0.05s
4.17.2026 14:58:52,T1,T2,1.8ft,0.05s
4.17.2026 14:58:53,T0,T1,2.9ft,0.05s
4.17.2026 14:58:53,T0,T2,3.0ft,0.05s
4.17.2026 14:58:53,T1,T2,1.8ft,0.05s
4.17.2026 14:58:53,T0,T1,2.9ft,0.05s
4.17.2026 14:58:53,T0,T2,3.3ft,0.05s
4.17.2026 14:58:53,T1,T2,1.9ft,0.05s
4.17.2026 14:58:53,T0,T1,3.0ft,0.05s
4.17.2026 14:58:53,T0,T2,3.5ft,0.05s
4.17.2026 14:58:53,T1,T2,2.0ft,0.05s
4.17.2026 14:58:53,T0,T1,3.1ft,0.05s
4.17.2026 14:58:53,T0,T2,3.8ft,0.05s
4.17.2026 14:58:53,T1,T2,2.0ft,0.05s
4.17.2026 14:58:53,T0,T1,3.1ft,0.05s
4.17.2026 14:58:53,T0,T2,4.0ft,0.05s
4.17.2026 14:58:53,T1,T2,2.1ft,0.05s
4.17.2026 14:58:53,T0,T1,3.1ft,0.05s
4.17.2026 14:58:53,T0,T2,4.2ft,0.05s
4.17.2026 14:58:53,T1,T2,2.3ft,0.05s
4.17.2026 14:58:53,T0,T1,3.1ft,0.05s
4.17.2026 14:58:53,T0,T2,4.4ft,0.05s
4.17.2026 14:58:53,T1,T2,2.4ft,0.05s
4.17.2026 14:58:53,T0,T1,3.1ft,0.05s
4.17.2026 14:58:53,T0,T2,4.5ft,0.05s
4.17.2026 14:58:53,T1,T2,2.5ft,0.05s
4.17.2026 14:58:53,T0,T1,3.1ft,0.05s
4.17.2026 14:58:53,T0,T2,4.7ft,0.05s
4.17.2026 14:58:53,T1,T2,2.7ft,0.05s
4.17.2026 14:58:53,T0,T1,3.0ft,0.05s
4.17.2026 14:58:53,T0,T2,4.9ft,0.05s
4.17.2026 14:58:53,T1,T2,2.8ft,0.05s
4.17.2026 14:58:53,T0,T1,3.0ft,0.05s
4.17.2026 14:58:53,T0,T2,5.0ft,0.05s
4.17.2026 14:58:53,T1,T2,3.0ft,0.05s
4.17.2026 14:58:53,T0,T1,2.9ft,0.05s
4.17.2026 14:58:53,T0,T2,5.0ft,0.05s
4.17.2026 14:58:53,T1,T2,3.0ft,0.05s
4.17.2026 14:58:53,T0,T1,2.9ft,0.05s
4.17.2026 14:58:53,T0,T2,5.0ft,0.05s
4.17.2026 14:58:53,T1,T2,3.0ft,0.05s
4.17.2026 14:58:53,T0,T1,2.8ft,0.05s
4.17.2026 14:58:53,T0,T2,4.9ft,0.05s
4.17.2026 14:58:53,T1,T2,3.1ft,0.05s
4.17.2026 14:58:53,T0,T1,2.8ft,0.05s
4.17.2026 14:58:53,T0,T2,4.9ft,0.05s
4.17.2026 14:58:53,T1,T2,3.1ft,0.05s
4.17.2026 14:58:53,T0,T1,2.8ft,0.05s
4.17.2026 14:58:53,T0,T2,4.8ft,0.05s
4.17.2026 14:58:53,T1,T2,3.1ft,0.05s
4.17.2026 14:58:53,T0,T1,2.7ft,0.05s
4.17.2026 14:58:53,T0,T2,4.6ft,0.05s
4.17.2026 14:58:53,T1,T2,3.1ft,0.05s
4.17.2026 14:58:53,T0,T1,2.7ft,0.05s
4.17.2026 14:58:53,T0,T2,4.5ft,0.05s
4.17.2026 14:58:53,T1,T2,3.1ft,0.05s
4.17.2026 14:58:53,T0,T1,2.7ft,0.05s
4.17.2026 14:58:53,T0,T2,4.3ft,0.05s
4.17.2026 14:58:53,T1,T2,3.0ft,0.05s
4.17.2026 14:58:53,T0,T1,2.7ft,0.05s
4.17.2026 14:58:53,T0,T2,4.1ft,0.05s
4.17.2026 14:58:53,T1,T2,2.9ft,0.05s
4.17.2026 14:58:54,T0,T1,2.7ft,0.05s
4.17.2026 14:58:54,T0,T2,4.0ft,0.05s
4.17.2026 14:58:54,T1,T2,2.8ft,0.05s
4.17.2026 14:58:54,T0,T1,2.7ft,0.05s
4.17.2026 14:58:54,T0,T2,3.8ft,0.05s
4.17.2026 14:58:54,T1,T2,2.7ft,0.05s
4.17.2026 14:58:54,T0,T1,2.7ft,0.05s
4.17.2026 14:58:54,T0,T2,3.7ft,0.05s
4.17.2026 14:58:54,T1,T2,2.6ft,0.05s
4.17.2026 14:58:54,T0,T1,2.8ft,0.05s
4.17.2026 14:58:54,T0,T2,3.5ft,0.05s
4.17.2026 14:58:54,T1,T2,2.5ft,0.05s
4.17.2026 14:58:54,T0,T1,2.9ft,0.05s
4.17.2026 14:58:54,T0,T2,3.5ft,0.05s
4.17.2026 14:58:54,T1,T2,2.4ft,0.05s
4.17.2026 14:58:54,T0,T1,3.1ft,0.05s
4.17.2026 14:58:54,T0,T2,3.3ft,0.05s
4.17.2026 14:58:54,T1,T2,2.2ft,0.05s
4.17.2026 14:58:54,T0,T1,3.2ft,0.05s
4.17.2026 14:58:54,T0,T2,3.2ft,0.05s
4.17.2026 14:58:54,T1,T2,2.2ft,0.05s
4.17.2026 14:58:54,T0,T1,3.3ft,0.05s
4.17.2026 14:58:54,T0,T2,3.1ft,0.05s
4.17.2026 14:58:54,T1,T2,2.1ft,0.05s
4.17.2026 14:58:54,T0,T1,3.4ft,0.05s
4.17.2026 14:58:54,T0,T2,3.1ft,0.05s
4.17.2026 14:58:54,T1,T2,2.1ft,0.05s
4.17.2026 14:58:54,T0,T1,3.4ft,0.05s
4.17.2026 14:58:54,T0,T2,3.0ft,0.05s
4.17.2026 14:58:54,T1,T2,2.0ft,0.05s
4.17.2026 14:58:54,T0,T1,3.4ft,0.05s
4.17.2026 14:58:54,T0,T2,3.1ft,0.05s
4.17.2026 14:58:54,T1,T2,2.0ft,0.05s
4.17.2026 14:58:54,T0,T1,3.4ft,0.05s
4.17.2026 14:58:54,T0,T2,3.2ft,0.05s
4.17.2026 14:58:54,T1,T2,2.0ft,0.05s
4.17.2026 14:58:54,T0,T1,3.3ft,0.05s
4.17.2026 14:58:54,T0,T2,3.2ft,0.05s
4.17.2026 14:58:54,T1,T2,1.9ft,0.05s
4.17.2026 14:58:54,T0,T1,3.3ft,0.05s
4.17.2026 14:58:54,T0,T2,3.2ft,0.05s
4.17.2026 14:58:54,T1,T2,1.9ft,0.05s
4.17.2026 14:58:54,T0,T1,3.3ft,0.05s
4.17.2026 14:58:54,T0,T2,3.2ft,0.05s
4.17.2026 14:58:54,T1,T2,1.8ft,0.05s
4.17.2026 14:58:54,T0,T1,3.2ft,0.05s
4.17.2026 14:58:54,T0,T2,3.1ft,0.05s
4.17.2026 14:58:54,T1,T2,1.7ft,0.05s
4.17.2026 14:58:54,T0,T1,3.2ft,0.05s
4.17.2026 14:58:54,T0,T2,3.1ft,0.05s
4.17.2026 14:58:54,T1,T2,1.7ft,0.05s
4.17.2026 14:58:54,T0,T1,3.2ft,0.05s
4.17.2026 14:58:54,T0,T2,2.9ft,0.05s
4.17.2026 14:58:54,T1,T2,1.6ft,0.05s
4.17.2026 14:58:54,T0,T1,3.1ft,0.05s
4.17.2026 14:58:54,T0,T2,2.9ft,0.05s
4.17.2026 14:58:54,T1,T2,1.6ft,0.05s
4.17.2026 14:58:55,T0,T1,3.1ft,0.05s
4.17.2026 14:58:55,T0,T2,2.8ft,0.05s
4.17.2026 14:58:55,T1,T2,1.5ft,0.05s
4.17.2026 14:58:55,T0,T1,3.1ft,0.05s
4.17.2026 14:58:55,T0,T2,2.7ft,0.05s
4.17.2026 14:58:55,T1,T2,1.5ft,0.05s
4.17.2026 14:58:55,T0,T1,3.1ft,0.05s
4.17.2026 14:58:55,T0,T2,2.6ft,0.05s
4.17.2026 14:58:55,T1,T2,1.4ft,0.05s
4.17.2026 14:58:55,T0,T1,3.1ft,0.05s
4.17.2026 14:58:55,T0,T2,2.6ft,0.05s
4.17.2026 14:58:55,T1,T2,1.4ft,0.05s
4.17.2026 14:58:55,T0,T1,3.1ft,0.05s
4.17.2026 14:58:55,T0,T2,2.5ft,0.05s
4.17.2026 14:58:55,T1,T2,1.4ft,0.05s
4.17.2026 14:58:55,T0,T1,3.1ft,0.05s
4.17.2026 14:58:55,T0,T2,2.5ft,0.05s
4.17.2026 14:58:55,T1,T2,1.3ft,0.05s
4.17.2026 14:58:55,T0,T1,3.3ft,0.05s
4.17.2026 14:58:55,T0,T2,2.5ft,0.05s
4.17.2026 14:58:55,T1,T2,1.3ft,0.05s
4.17.2026 14:58:55,T0,T1,3.4ft,0.05s
4.17.2026 14:58:55,T0,T2,2.5ft,0.05s
4.17.2026 14:58:55,T1,T2,1.3ft,0.05s
4.17.2026 14:58:55,T0,T1,3.6ft,0.05s
4.17.2026 14:58:55,T0,T2,2.5ft,0.05s
4.17.2026 14:58:55,T1,T2,1.4ft,0.05s
4.17.2026 14:58:55,T0,T1,3.7ft,0.05s
4.17.2026 14:58:55,T0,T2,2.5ft,0.05s
4.17.2026 14:58:55,T1,T2,1.4ft,0.05s
4.17.2026 14:58:55,T0,T1,3.8ft,0.05s
4.17.2026 14:58:55,T0,T2,2.5ft,0.05s
4.17.2026 14:58:55,T1,T2,1.5ft,0.05s
4.17.2026 14:58:55,T0,T1,4.0ft,0.05s
4.17.2026 14:58:55,T0,T2,2.6ft,0.05s
4.17.2026 14:58:55,T1,T2,1.5ft,0.05s
4.17.2026 14:58:55,T0,T1,4.0ft,0.05s
4.17.2026 14:58:55,T0,T2,2.6ft,0.05s
4.17.2026 14:58:55,T1,T2,1.5ft,0.05s
4.17.2026 14:58:55,T0,T1,4.0ft,0.05s
4.17.2026 14:58:55,T0,T2,2.6ft,0.05s
4.17.2026 14:58:55,T1,T2,1.5ft,0.05s
4.17.2026 14:58:55,T0,T1,4.0ft,0.05s
4.17.2026 14:58:55,T0,T2,2.5ft,0.05s
4.17.2026 14:58:55,T1,T2,1.6ft,0.05s
4.17.2026 14:58:55,T0,T1,4.0ft,0.05s
4.17.2026 14:58:55,T0,T2,2.5ft,0.05s
4.17.2026 14:58:55,T1,T2,1.7ft,0.05s
4.17.2026 14:58:55,T0,T1,3.9ft,0.05s
4.17.2026 14:58:55,T0,T2,2.4ft,0.05s
4.17.2026 14:58:55,T1,T2,1.8ft,0.05s
4.17.2026 14:58:55,T0,T1,3.8ft,0.05s
4.17.2026 14:58:55,T0,T2,2.3ft,0.05s
4.17.2026 14:58:55,T1,T2,1.9ft,0.05s
4.17.2026 14:58:55,T0,T1,3.7ft,0.05s
4.17.2026 14:58:55,T0,T2,2.3ft,0.05s
4.17.2026 14:58:55,T1,T2,1.9ft,0.05s
4.17.2026 14:58:55,T0,T1,3.6ft,0.05s
4.17.2026 14:58:55,T0,T2,2.3ft,0.05s
4.17.2026 14:58:55,T1,T2,1.8ft,0.05s
4.17.2026 14:58:56,T0,T1,3.5ft,0.05s
4.17.2026 14:58:56,T0,T2,2.3ft,0.05s
4.17.2026 14:58:56,T1,T2,1.7ft,0.05s
4.17.2026 14:58:56,T0,T1,3.4ft,0.05s
4.17.2026 14:58:56,T0,T2,2.4ft,0.05s
4.17.2026 14:58:56,T1,T2,1.6ft,0.05s
4.17.2026 14:58:56,T0,T1,3.3ft,0.05s
4.17.2026 14:58:56,T0,T2,2.4ft,0.05s
4.17.2026 14:58:56,T1,T2,1.5ft,0.05s
4.17.2026 14:58:56,T0,T1,3.1ft,0.05s
4.17.2026 14:58:56,T0,T2,2.4ft,0.05s
4.17.2026 14:58:56,T1,T2,1.4ft,0.05s
4.17.2026 14:58:56,T0,T1,2.9ft,0.05s
4.17.2026 14:58:56,T0,T2,2.5ft,0.05s
4.17.2026 14:58:56,T1,T2,1.3ft,0.05s
4.17.2026 14:58:56,T0,T1,2.7ft,0.05s
4.17.2026 14:58:56,T0,T2,2.5ft,0.05s
4.17.2026 14:58:56,T1,T2,1.4ft,0.05s
4.17.2026 14:58:56,T0,T1,2.6ft,0.05s
4.17.2026 14:58:56,T0,T2,2.4ft,0.05s
4.17.2026 14:58:56,T1,T2,1.6ft,0.05s
4.17.2026 14:58:56,T0,T1,2.5ft,0.05s
4.17.2026 14:58:56,T0,T2,2.4ft,0.05s
4.17.2026 14:58:56,T1,T2,1.7ft,0.05s
4.17.2026 14:58:56,T0,T1,2.4ft,0.05s
4.17.2026 14:58:56,T0,T2,2.4ft,0.05s
4.17.2026 14:58:56,T1,T2,2.0ft,0.05s
4.17.2026 14:58:56,T0,T1,2.3ft,0.05s
4.17.2026 14:58:56,T0,T2,2.5ft,0.05s
4.17.2026 14:58:56,T1,T2,2.1ft,0.05s
4.17.2026 14:58:56,T0,T1,2.2ft,0.05s
4.17.2026 14:58:56,T0,T2,2.7ft,0.05s
4.17.2026 14:58:56,T1,T2,2.4ft,0.05s
4.17.2026 14:58:56,T0,T1,2.2ft,0.05s
4.17.2026 14:58:56,T0,T2,2.8ft,0.05s
4.17.2026 14:58:56,T1,T2,2.6ft,0.05s
4.17.2026 14:58:56,T0,T1,2.2ft,0.05s
4.17.2026 14:58:56,T0,T2,3.0ft,0.05s
4.17.2026 14:58:56,T1,T2,2.7ft,0.05s
4.17.2026 14:58:56,T0,T1,2.1ft,0.05s
4.17.2026 14:58:56,T0,T2,3.2ft,0.05s
4.17.2026 14:58:56,T1,T2,2.6ft,0.05s
4.17.2026 14:58:56,T0,T1,2.0ft,0.05s
4.17.2026 14:58:56,T0,T2,3.3ft,0.05s
4.17.2026 14:58:56,T1,T2,2.5ft,0.05s
4.17.2026 14:58:56,T0,T1,2.0ft,0.05s
4.17.2026 14:58:56,T0,T2,3.4ft,0.05s
4.17.2026 14:58:56,T1,T2,2.5ft,0.05s
4.17.2026 14:58:56,T0,T1,1.9ft,0.05s
4.17.2026 14:58:56,T0,T2,3.4ft,0.05s
4.17.2026 14:58:56,T1,T2,2.5ft,0.05s
4.17.2026 14:58:56,T0,T1,1.9ft,0.05s
4.17.2026 14:58:56,T0,T2,3.3ft,0.05s
4.17.2026 14:58:56,T1,T2,2.5ft,0.05s
4.17.2026 14:58:56,T0,T1,1.9ft,0.05s
4.17.2026 14:58:56,T0,T2,3.2ft,0.05s
4.17.2026 14:58:56,T1,T2,2.4ft,0.05s
4.17.2026 14:58:56,T0,T1,2.0ft,0.05s
4.17.2026 14:58:56,T0,T2,3.1ft,0.05s
4.17.2026 14:58:56,T1,T2,2.3ft,0.05s
4.17.2026 14:58:57,T0,T1,2.0ft,0.05s
4.17.2026 14:58:57,T0,T2,3.0ft,0.05s
4.17.2026 14:58:57,T1,T2,2.2ft,0.05s
4.17.2026 14:58:57,T0,T1,2.1ft,0.05s
4.17.2026 14:58:57,T0,T2,2.9ft,0.05s
4.17.2026 14:58:57,T1,T2,2.1ft,0.05s
4.17.2026 14:58:57,T0,T1,2.4ft,0.05s
4.17.2026 14:58:57,T0,T2,2.9ft,0.05s
4.17.2026 14:58:57,T1,T2,1.9ft,0.05s
4.17.2026 14:58:57,T0,T1,2.7ft,0.05s
4.17.2026 14:58:57,T0,T2,2.9ft,0.05s
4.17.2026 14:58:57,T1,T2,1.8ft,0.05s
4.17.2026 14:58:57,T0,T1,2.8ft,0.05s
4.17.2026 14:58:57,T0,T2,2.8ft,0.05s
4.17.2026 14:58:57,T1,T2,1.7ft,0.05s
4.17.2026 14:58:57,T0,T1,2.9ft,0.05s
4.17.2026 14:58:57,T0,T2,2.8ft,0.05s
4.17.2026 14:58:57,T1,T2,1.6ft,0.05s
4.17.2026 14:58:57,T0,T1,3.0ft,0.05s
4.17.2026 14:58:57,T0,T2,2.9ft,0.05s
4.17.2026 14:58:57,T1,T2,1.6ft,0.05s
4.17.2026 14:58:57,T0,T1,3.0ft,0.05s
4.17.2026 14:58:57,T0,T2,2.9ft,0.05s
4.17.2026 14:58:57,T1,T2,1.5ft,0.05s
4.17.2026 14:58:57,T0,T1,3.2ft,0.05s
4.17.2026 14:58:57,T0,T2,2.9ft,0.05s
4.17.2026 14:58:57,T1,T2,1.5ft,0.05s
4.17.2026 14:58:57,T0,T1,3.4ft,0.05s
4.17.2026 14:58:57,T0,T2,2.8ft,0.05s
4.17.2026 14:58:57,T1,T2,1.5ft,0.05s
4.17.2026 14:58:57,T0,T1,3.7ft,0.05s
4.17.2026 14:58:57,T0,T2,2.8ft,0.05s
4.17.2026 14:58:57,T1,T2,1.5ft,0.05s
4.17.2026 14:58:57,T0,T1,3.7ft,0.05s
4.17.2026 14:58:57,T0,T2,2.7ft,0.05s
4.17.2026 14:58:57,T1,T2,1.5ft,0.05s
4.17.2026 14:58:57,T0,T1,3.6ft,0.05s
4.17.2026 14:58:57,T0,T2,2.7ft,0.05s
4.17.2026 14:58:57,T1,T2,1.5ft,0.05s
4.17.2026 14:58:57,T0,T1,3.5ft,0.05s
4.17.2026 14:58:57,T0,T2,2.6ft,0.05s
4.17.2026 14:58:57,T1,T2,1.4ft,0.05s
4.17.2026 14:58:57,T0,T1,3.5ft,0.05s
4.17.2026 14:58:57,T0,T2,2.6ft,0.05s
4.17.2026 14:58:57,T1,T2,1.4ft,0.05s
4.17.2026 14:58:57,T0,T1,3.5ft,0.05s
4.17.2026 14:58:57,T0,T2,2.5ft,0.05s
4.17.2026 14:58:57,T1,T2,1.4ft,0.05s
4.17.2026 14:58:57,T0,T1,3.6ft,0.05s
4.17.2026 14:58:57,T0,T2,2.5ft,0.05s
4.17.2026 14:58:57,T1,T2,1.5ft,0.05s
4.17.2026 14:58:57,T0,T1,3.7ft,0.05s
4.17.2026 14:58:57,T0,T2,2.5ft,0.05s
4.17.2026 14:58:57,T1,T2,1.5ft,0.05s
4.17.2026 14:58:57,T0,T1,3.8ft,0.05s
4.17.2026 14:58:57,T0,T2,2.5ft,0.05s
4.17.2026 14:58:57,T1,T2,1.6ft,0.05s
4.17.2026 14:58:57,T0,T1,3.8ft,0.05s
4.17.2026 14:58:57,T0,T2,2.5ft,0.05s
4.17.2026 14:58:57,T1,T2,1.5ft,0.05s
4.17.2026 14:58:58,T0,T1,3.8ft,0.05s
4.17.2026 14:58:58,T0,T2,2.6ft,0.05s
4.17.2026 14:58:58,T1,T2,1.5ft,0.05s
4.17.2026 14:58:58,T0,T1,3.8ft,0.05s
4.17.2026 14:58:58,T0,T2,2.6ft,0.05s
4.17.2026 14:58:58,T1,T2,1.4ft,0.05s
4.17.2026 14:58:58,T0,T1,3.8ft,0.05s
4.17.2026 14:58:58,T0,T2,2.7ft,0.05s
4.17.2026 14:58:58,T1,T2,1.3ft,0.05s
4.17.2026 14:58:58,T0,T1,3.8ft,0.05s
4.17.2026 14:58:58,T0,T2,2.8ft,0.05s
4.17.2026 14:58:58,T1,T2,1.3ft,0.05s
4.17.2026 14:58:58,T0,T1,3.7ft,0.05s
4.17.2026 14:58:58,T0,T2,2.9ft,0.05s
4.17.2026 14:58:58,T1,T2,1.2ft,0.05s
4.17.2026 14:58:58,T0,T1,3.7ft,0.05s
4.17.2026 14:58:58,T0,T2,2.8ft,0.05s
4.17.2026 14:58:58,T1,T2,1.2ft,0.05s
4.17.2026 14:58:58,T0,T1,3.7ft,0.05s
4.17.2026 14:58:58,T0,T2,2.8ft,0.05s
4.17.2026 14:58:58,T1,T2,1.2ft,0.05s
4.17.2026 14:58:58,T0,T1,3.6ft,0.05s
4.17.2026 14:58:58,T0,T2,2.8ft,0.05s
4.17.2026 14:58:58,T1,T2,1.1ft,0.05s
4.17.2026 14:58:58,T0,T1,3.6ft,0.05s
4.17.2026 14:58:58,T0,T2,2.8ft,0.05s
4.17.2026 14:58:58,T1,T2,1.1ft,0.05s
4.17.2026 14:58:58,T0,T1,3.6ft,0.05s
4.17.2026 14:58:58,T0,T2,2.8ft,0.05s
4.17.2026 14:58:58,T1,T2,1.1ft,0.05s
4.17.2026 14:58:58,T0,T1,3.6ft,0.05s
4.17.2026 14:58:58,T0,T2,2.8ft,0.05s
4.17.2026 14:58:58,T1,T2,1.1ft,0.05s
4.17.2026 14:58:58,T0,T1,3.6ft,0.05s
4.17.2026 14:58:58,T0,T2,2.9ft,0.05s
4.17.2026 14:58:58,T1,T2,1.1ft,0.05s
4.17.2026 14:58:58,T0,T1,3.6ft,0.05s
4.17.2026 14:58:58,T0,T2,2.9ft,0.05s
4.17.2026 14:58:58,T1,T2,1.1ft,0.05s
4.17.2026 14:58:58,T0,T1,3.5ft,0.05s
4.17.2026 14:58:58,T0,T2,3.0ft,0.05s
4.17.2026 14:58:58,T1,T2,1.1ft,0.05s
4.17.2026 14:58:58,T0,T1,3.5ft,0.05s
4.17.2026 14:58:58,T0,T2,3.0ft,0.05s
4.17.2026 14:58:58,T1,T2,1.1ft,0.05s
4.17.2026 14:58:58,T0,T1,3.5ft,0.05s
4.17.2026 14:58:58,T0,T2,3.0ft,0.05s
4.17.2026 14:58:58,T1,T2,1.1ft,0.05s
4.17.2026 14:58:58,T0,T1,3.5ft,0.05s
4.17.2026 14:58:58,T0,T2,3.1ft,0.05s
4.17.2026 14:58:58,T1,T2,1.1ft,0.05s
4.17.2026 14:58:58,T0,T1,3.5ft,0.05s
4.17.2026 14:58:58,T0,T2,3.2ft,0.05s
4.17.2026 14:58:58,T1,T2,1.1ft,0.05s
4.17.2026 14:58:58,T0,T1,3.4ft,0.05s
4.17.2026 14:58:58,T0,T2,3.2ft,0.05s
4.17.2026 14:58:58,T1,T2,1.2ft,0.05s
4.17.2026 14:58:59,T0,T1,3.4ft,0.05s
4.17.2026 14:58:59,T0,T2,3.2ft,0.05s
4.17.2026 14:58:59,T1,T2,1.2ft,0.05s
4.17.2026 14:58:59,T0,T1,3.4ft,0.05s
4.17.2026 14:58:59,T0,T2,3.2ft,0.05s
4.17.2026 14:58:59,T1,T2,1.2ft,0.05s
4.17.2026 14:58:59,T0,T1,3.5ft,0.05s
4.17.2026 14:58:59,T0,T2,3.3ft,0.05s
4.17.2026 14:58:59,T1,T2,1.2ft,0.05s
4.17.2026 14:58:59,T0,T1,3.6ft,0.05s
4.17.2026 14:58:59,T0,T2,3.5ft,0.05s
4.17.2026 14:58:59,T1,T2,1.3ft,0.05s
4.17.2026 14:58:59,T0,T1,3.7ft,0.05s
4.17.2026 14:58:59,T0,T2,3.6ft,0.05s
4.17.2026 14:58:59,T1,T2,1.3ft,0.05s
4.17.2026 14:58:59,T0,T1,3.8ft,0.05s
4.17.2026 14:58:59,T0,T2,3.7ft,0.05s
4.17.2026 14:58:59,T1,T2,1.3ft,0.05s
4.17.2026 14:58:59,T0,T1,3.9ft,0.05s
4.17.2026 14:58:59,T0,T2,3.7ft,0.05s
4.17.2026 14:58:59,T1,T2,1.2ft,0.05s
4.17.2026 14:58:59,T0,T1,3.9ft,0.05s
4.17.2026 14:58:59,T0,T2,3.7ft,0.05s
4.17.2026 14:58:59,T1,T2,1.2ft,0.05s
4.17.2026 14:58:59,T0,T1,3.9ft,0.05s
4.17.2026 14:58:59,T0,T2,3.6ft,0.05s
4.17.2026 14:58:59,T1,T2,1.2ft,0.05s
4.17.2026 14:58:59,T0,T1,3.9ft,0.05s
4.17.2026 14:58:59,T0,T2,3.6ft,0.05s
4.17.2026 14:58:59,T1,T2,1.2ft,0.05s
4.17.2026 14:58:59,T0,T1,4.0ft,0.05s
4.17.2026 14:58:59,T0,T2,3.6ft,0.05s
4.17.2026 14:58:59,T1,T2,1.1ft,0.05s
4.17.2026 14:58:59,T0,T1,4.0ft,0.05s
4.17.2026 14:58:59,T0,T2,3.6ft,0.05s
4.17.2026 14:58:59,T1,T2,1.1ft,0.05s
4.17.2026 14:58:59,T0,T1,4.2ft,0.05s
4.17.2026 14:58:59,T0,T2,3.6ft,0.05s
4.17.2026 14:58:59,T1,T2,1.1ft,0.05s
4.17.2026 14:58:59,T0,T1,4.3ft,0.05s
4.17.2026 14:58:59,T0,T2,3.7ft,0.05s
4.17.2026 14:58:59,T1,T2,1.1ft,0.05s
4.17.2026 14:58:59,T0,T1,4.4ft,0.05s
4.17.2026 14:58:59,T0,T2,3.7ft,0.05s
4.17.2026 14:58:59,T1,T2,1.1ft,0.05s
4.17.2026 14:58:59,T0,T1,4.5ft,0.05s
4.17.2026 14:58:59,T0,T2,3.7ft,0.05s
4.17.2026 14:58:59,T1,T2,1.1ft,0.05s
4.17.2026 14:58:59,T0,T1,4.5ft,0.05s
4.17.2026 14:58:59,T0,T2,3.7ft,0.05s
4.17.2026 14:58:59,T1,T2,1.1ft,0.05s
4.17.2026 14:58:59,T0,T1,4.5ft,0.05s
4.17.2026 14:58:59,T0,T2,3.7ft,0.05s
4.17.2026 14:58:59,T1,T2,1.2ft,0.05s
4.17.2026 14:58:59,T0,T1,4.6ft,0.05s
4.17.2026 14:58:59,T0,T2,3.7ft,0.05s
4.17.2026 14:58:59,T1,T2,1.2ft,0.05s
4.17.2026 14:58:59,T0,T1,4.6ft,0.05s
4.17.2026 14:58:59,T0,T2,3.7ft,0.05s
4.17.2026 14:58:59,T1,T2,1.2ft,0.05s
4.17.2026 14:59:00,T0,T1,4.6ft,0.05s
4.17.2026 14:59:00,T0,T2,3.7ft,0.05s
4.17.2026 14:59:00,T1,T2,1.2ft,0.05s
4.17.2026 14:59:00,T0,T1,4.6ft,0.05s
4.17.2026 14:59:00,T0,T2,3.7ft,0.05s
4.17.2026 14:59:00,T1,T2,1.2ft,0.05s
4.17.2026 14:59:00,T0,T1,4.6ft,0.05s
4.17.2026 14:59:00,T0,T2,3.8ft,0.05s
4.17.2026 14:59:00,T1,T2,1.2ft,0.05s
4.17.2026 14:59:00,T0,T1,4.7ft,0.05s
4.17.2026 14:59:00,T0,T2,4.0ft,0.05s
4.17.2026 14:59:00,T1,T2,1.2ft,0.05s
4.17.2026 14:59:00,T0,T1,4.7ft,0.05s
4.17.2026 14:59:00,T0,T2,4.2ft,0.05s
4.17.2026 14:59:00,T1,T2,1.1ft,0.05s
4.17.2026 14:59:00,T0,T1,4.7ft,0.05s
4.17.2026 14:59:00,T0,T2,4.3ft,0.05s
4.17.2026 14:59:00,T1,T2,1.1ft,0.05s
4.17.2026 14:59:00,T0,T1,4.7ft,0.05s
4.17.2026 14:59:00,T0,T2,4.5ft,0.05s
4.17.2026 14:59:00,T1,T2,1.1ft,0.05s
4.17.2026 14:59:00,T0,T1,4.7ft,0.05s
4.17.2026 14:59:00,T0,T2,4.7ft,0.05s
4.17.2026 14:59:00,T1,T2,1.2ft,0.05s
4.17.2026 14:59:00,T0,T1,4.6ft,0.05s
4.17.2026 14:59:00,T0,T2,4.9ft,0.05s
4.17.2026 14:59:00,T1,T2,1.3ft,0.05s
4.17.2026 14:59:00,T0,T1,4.6ft,0.05s
4.17.2026 14:59:00,T0,T2,5.1ft,0.05s
4.17.2026 14:59:00,T1,T2,1.4ft,0.05s
4.17.2026 14:59:00,T0,T1,4.5ft,0.05s
4.17.2026 14:59:00,T0,T2,5.3ft,0.05s
4.17.2026 14:59:00,T1,T2,1.7ft,0.05s
4.17.2026 14:59:00,T0,T1,4.4ft,0.05s
4.17.2026 14:59:00,T0,T2,5.4ft,0.05s
4.17.2026 14:59:00,T1,T2,1.8ft,0.05s
4.17.2026 14:59:00,T0,T1,4.3ft,0.05s
4.17.2026 14:59:00,T0,T2,5.3ft,0.05s
4.17.2026 14:59:00,T1,T2,1.7ft,0.05s
4.17.2026 14:59:00,T0,T1,4.3ft,0.05s
4.17.2026 14:59:00,T0,T2,5.2ft,0.05s
4.17.2026 14:59:00,T1,T2,1.7ft,0.05s
4.17.2026 14:59:00,T0,T1,4.4ft,0.05s
4.17.2026 14:59:00,T0,T2,5.1ft,0.05s
4.17.2026 14:59:00,T1,T2,1.5ft,0.05s
4.17.2026 14:59:00,T0,T1,4.4ft,0.05s
4.17.2026 14:59:00,T0,T2,4.9ft,0.05s
4.17.2026 14:59:00,T1,T2,1.4ft,0.05s
4.17.2026 14:59:00,T0,T1,4.5ft,0.05s
4.17.2026 14:59:00,T0,T2,4.6ft,0.05s
4.17.2026 14:59:00,T1,T2,1.2ft,0.05s
4.17.2026 14:59:00,T0,T1,4.3ft,0.05s
4.17.2026 14:59:00,T0,T2,4.4ft,0.05s
4.17.2026 14:59:00,T1,T2,1.2ft,0.05s
4.17.2026 14:59:00,T0,T1,4.2ft,0.05s
4.17.2026 14:59:00,T0,T2,4.2ft,0.05s
4.17.2026 14:59:00,T1,T2,1.2ft,0.05s
4.17.2026 14:59:00,T0,T1,4.1ft,0.05s
4.17.2026 14:59:00,T0,T2,4.0ft,0.05s
4.17.2026 14:59:00,T1,T2,1.2ft,0.05s
4.17.2026 14:59:01,T0,T1,4.0ft,0.05s
4.17.2026 14:59:01,T0,T2,3.8ft,0.05s
4.17.2026 14:59:01,T1,T2,1.1ft,0.05s
4.17.2026 14:59:01,T0,T1,3.8ft,0.05s
4.17.2026 14:59:01,T0,T2,3.7ft,0.05s
4.17.2026 14:59:01,T1,T2,1.1ft,0.05s
4.17.2026 14:59:01,T0,T1,3.7ft,0.05s
4.17.2026 14:59:01,T0,T2,3.6ft,0.05s
4.17.2026 14:59:01,T1,T2,1.2ft,0.05s
4.17.2026 14:59:01,T0,T1,3.6ft,0.05s
4.17.2026 14:59:01,T0,T2,3.6ft,0.05s
4.17.2026 14:59:01,T1,T2,1.2ft,0.05s
4.17.2026 14:59:01,T0,T1,3.5ft,0.05s
4.17.2026 14:59:01,T0,T2,3.6ft,0.05s
4.17.2026 14:59:01,T1,T2,1.3ft,0.05s
4.17.2026 14:59:01,T0,T1,3.4ft,0.05s
4.17.2026 14:59:01,T0,T2,3.6ft,0.05s
4.17.2026 14:59:01,T1,T2,1.3ft,0.05s
4.17.2026 14:59:01,T0,T1,3.3ft,0.05s
4.17.2026 14:59:01,T0,T2,3.7ft,0.05s
4.17.2026 14:59:01,T1,T2,1.5ft,0.05s
4.17.2026 14:59:01,T0,T1,3.2ft,0.05s
4.17.2026 14:59:01,T0,T2,3.9ft,0.05s
4.17.2026 14:59:01,T1,T2,1.6ft,0.05s
4.17.2026 14:59:01,T0,T1,3.1ft,0.05s
4.17.2026 14:59:01,T0,T2,4.0ft,0.05s
4.17.2026 14:59:01,T1,T2,1.8ft,0.05s
4.17.2026 14:59:01,T0,T1,3.1ft,0.05s
4.17.2026 14:59:01,T0,T2,4.0ft,0.05s
4.17.2026 14:59:01,T1,T2,1.9ft,0.05s
4.17.2026 14:59:01,T0,T1,3.0ft,0.05s
4.17.2026 14:59:01,T0,T2,4.0ft,0.05s
4.17.2026 14:59:01,T1,T2,1.9ft,0.05s
4.17.2026 14:59:01,T0,T1,2.9ft,0.05s
4.17.2026 14:59:01,T0,T2,3.9ft,0.05s
4.17.2026 14:59:01,T1,T2,1.9ft,0.05s
4.17.2026 14:59:01,T0,T1,2.9ft,0.05s
4.17.2026 14:59:01,T0,T2,3.8ft,0.05s
4.17.2026 14:59:01,T1,T2,1.9ft,0.05s
4.17.2026 14:59:01,T0,T1,2.9ft,0.05s
4.17.2026 14:59:01,T0,T2,3.7ft,0.05s
4.17.2026 14:59:01,T1,T2,1.8ft,0.05s
4.17.2026 14:59:01,T0,T1,2.8ft,0.05s
4.17.2026 14:59:01,T0,T2,3.6ft,0.05s
4.17.2026 14:59:01,T1,T2,1.7ft,0.05s
4.17.2026 14:59:01,T0,T1,2.8ft,0.05s
4.17.2026 14:59:01,T0,T2,3.4ft,0.05s
4.17.2026 14:59:01,T1,T2,1.6ft,0.05s
4.17.2026 14:59:01,T0,T1,2.9ft,0.05s
4.17.2026 14:59:01,T0,T2,3.3ft,0.05s
4.17.2026 14:59:01,T1,T2,1.5ft,0.05s
4.17.2026 14:59:01,T0,T1,2.9ft,0.05s
4.17.2026 14:59:01,T0,T2,3.1ft,0.05s
4.17.2026 14:59:01,T1,T2,1.3ft,0.05s
4.17.2026 14:59:01,T0,T1,2.9ft,0.05s
4.17.2026 14:59:01,T0,T2,3.0ft,0.05s
4.17.2026 14:59:01,T1,T2,1.2ft,0.05s
4.17.2026 14:59:02,T0,T1,2.9ft,0.05s
4.17.2026 14:59:02,T0,T2,2.8ft,0.05s
4.17.2026 14:59:02,T1,T2,1.1ft,0.05s
4.17.2026 14:59:02,T0,T1,3.0ft,0.05s
4.17.2026 14:59:02,T0,T2,2.7ft,0.05s
4.17.2026 14:59:02,T1,T2,1.1ft,0.05s
4.17.2026 14:59:02,T0,T1,2.9ft,0.05s
4.17.2026 14:59:02,T0,T2,2.6ft,0.05s
4.17.2026 14:59:02,T1,T2,1.1ft,0.05s
4.17.2026 14:59:02,T0,T1,2.9ft,0.05s
4.17.2026 14:59:02,T0,T2,2.5ft,0.05s
4.17.2026 14:59:02,T1,T2,1.1ft,0.05s
4.17.2026 14:59:02,T0,T1,2.9ft,0.05s
4.17.2026 14:59:02,T0,T2,2.4ft,0.05s
4.17.2026 14:59:02,T1,T2,1.1ft,0.05s
4.17.2026 14:59:02,T0,T1,2.9ft,0.05s
4.17.2026 14:59:02,T0,T2,2.3ft,0.05s
4.17.2026 14:59:02,T1,T2,1.2ft,0.05s
4.17.2026 14:59:02,T0,T1,3.0ft,0.05s
4.17.2026 14:59:02,T0,T2,2.2ft,0.05s
4.17.2026 14:59:02,T1,T2,1.2ft,0.05s
4.17.2026 14:59:02,T0,T1,2.9ft,0.05s
4.17.2026 14:59:02,T0,T2,2.2ft,0.05s
4.17.2026 14:59:02,T1,T2,1.2ft,0.05s
4.17.2026 14:59:02,T0,T1,2.9ft,0.05s
4.17.2026 14:59:02,T0,T2,2.1ft,0.05s
4.17.2026 14:59:02,T1,T2,1.2ft,0.05s
4.17.2026 14:59:02,T0,T1,2.9ft,0.05s
4.17.2026 14:59:02,T0,T2,2.0ft,0.05s
4.17.2026 14:59:02,T1,T2,1.2ft,0.05s
4.17.2026 14:59:02,T0,T1,2.8ft,0.05s
4.17.2026 14:59:02,T0,T2,2.0ft,0.05s
4.17.2026 14:59:02,T1,T2,1.2ft,0.05s
4.17.2026 14:59:02,T0,T1,2.8ft,0.05s
4.17.2026 14:59:02,T0,T2,2.2ft,0.05s
4.17.2026 14:59:02,T1,T2,1.2ft,0.05s
4.17.2026 14:59:02,T0,T1,2.7ft,0.05s
4.17.2026 14:59:02,T0,T2,2.4ft,0.05s
4.17.2026 14:59:02,T1,T2,1.2ft,0.05s
4.17.2026 14:59:02,T0,T1,2.7ft,0.05s
4.17.2026 14:59:02,T0,T2,2.6ft,0.05s
4.17.2026 14:59:02,T1,T2,1.3ft,0.05s
4.17.2026 14:59:02,T0,T1,2.7ft,0.05s
4.17.2026 14:59:02,T0,T2,2.8ft,0.05s
4.17.2026 14:59:02,T1,T2,1.3ft,0.05s
4.17.2026 14:59:02,T0,T1,2.6ft,0.05s
4.17.2026 14:59:02,T0,T2,2.8ft,0.05s
4.17.2026 14:59:02,T1,T2,1.4ft,0.05s
4.17.2026 14:59:02,T0,T1,2.6ft,0.05s
4.17.2026 14:59:02,T0,T2,2.8ft,0.05s
4.17.2026 14:59:02,T1,T2,1.4ft,0.05s
4.17.2026 14:59:02,T0,T1,2.6ft,0.05s
4.17.2026 14:59:02,T0,T2,2.8ft,0.05s
4.17.2026 14:59:02,T1,T2,1.4ft,0.05s
4.17.2026 14:59:02,T0,T1,2.6ft,0.05s
4.17.2026 14:59:02,T0,T2,2.8ft,0.05s
4.17.2026 14:59:02,T1,T2,1.4ft,0.05s
4.17.2026 14:59:02,T0,T1,2.5ft,0.05s
4.17.2026 14:59:02,T0,T2,2.7ft,0.05s
4.17.2026 14:59:02,T1,T2,1.4ft,0.05s
4.17.2026 14:59:03,T0,T1,2.5ft,0.06s
4.17.2026 14:59:03,T0,T2,2.7ft,0.06s
4.17.2026 14:59:03,T1,T2,1.4ft,0.06s
4.17.2026 14:59:03,T0,T1,2.5ft,0.05s
4.17.2026 14:59:03,T0,T2,2.7ft,0.05s
4.17.2026 14:59:03,T1,T2,1.4ft,0.05s
4.17.2026 14:59:03,T0,T1,2.4ft,0.05s
4.17.2026 14:59:03,T0,T2,2.6ft,0.05s
4.17.2026 14:59:03,T1,T2,1.4ft,0.05s
4.17.2026 14:59:03,T0,T1,2.4ft,0.05s
4.17.2026 14:59:03,T0,T2,2.6ft,0.05s
4.17.2026 14:59:03,T1,T2,1.4ft,0.05s
4.17.2026 14:59:03,T0,T1,2.4ft,0.05s
4.17.2026 14:59:03,T0,T2,2.6ft,0.05s
4.17.2026 14:59:03,T1,T2,1.4ft,0.05s
4.17.2026 14:59:03,T0,T1,2.4ft,0.05s
4.17.2026 14:59:03,T0,T2,2.6ft,0.05s
4.17.2026 14:59:03,T1,T2,1.4ft,0.05s
4.17.2026 14:59:03,T0,T1,2.4ft,0.05s
4.17.2026 14:59:03,T0,T2,2.5ft,0.05s
4.17.2026 14:59:03,T1,T2,1.4ft,0.05s
4.17.2026 14:59:03,T0,T1,2.3ft,0.05s
4.17.2026 14:59:03,T0,T2,2.5ft,0.05s
4.17.2026 14:59:03,T1,T2,1.4ft,0.05s
4.17.2026 14:59:03,T0,T1,2.3ft,0.05s
4.17.2026 14:59:03,T0,T2,2.5ft,0.05s
4.17.2026 14:59:03,T1,T2,1.4ft,0.05s
4.17.2026 14:59:03,T0,T1,2.3ft,0.05s
4.17.2026 14:59:03,T0,T2,2.4ft,0.05s
4.17.2026 14:59:03,T1,T2,1.4ft,0.05s
4.17.2026 14:59:03,T0,T1,2.3ft,0.05s
4.17.2026 14:59:03,T0,T2,2.4ft,0.05s
4.17.2026 14:59:03,T1,T2,1.4ft,0.05s
4.17.2026 14:59:03,T0,T1,2.2ft,0.05s
4.17.2026 14:59:03,T0,T2,2.4ft,0.05s
4.17.2026 14:59:03,T1,T2,1.4ft,0.05s
4.17.2026 14:59:03,T0,T1,2.2ft,0.05s
4.17.2026 14:59:03,T0,T2,2.3ft,0.05s
4.17.2026 14:59:03,T1,T2,1.4ft,0.05s
4.17.2026 14:59:03,T0,T1,2.1ft,0.05s
4.17.2026 14:59:03,T0,T2,2.3ft,0.05s
4.17.2026 14:59:03,T1,T2,1.4ft,0.05s
4.17.2026 14:59:03,T0,T1,2.1ft,0.05s
4.17.2026 14:59:03,T0,T2,2.3ft,0.05s
4.17.2026 14:59:03,T1,T2,1.5ft,0.05s
4.17.2026 14:59:03,T0,T1,2.0ft,0.05s
4.17.2026 14:59:03,T0,T2,2.3ft,0.05s
4.17.2026 14:59:03,T1,T2,1.4ft,0.05s
4.17.2026 14:59:03,T0,T1,2.0ft,0.05s
4.17.2026 14:59:03,T0,T2,2.3ft,0.05s
4.17.2026 14:59:03,T1,T2,1.4ft,0.05s
4.17.2026 14:59:03,T0,T1,2.0ft,0.05s
4.17.2026 14:59:03,T0,T2,2.3ft,0.05s
4.17.2026 14:59:03,T1,T2,1.4ft,0.05s
4.17.2026 14:59:03,T0,T1,2.1ft,0.05s
4.17.2026 14:59:03,T0,T2,2.2ft,0.05s
4.17.2026 14:59:03,T1,T2,1.4ft,0.05s
4.17.2026 14:59:03,T0,T1,2.2ft,0.05s
4.17.2026 14:59:03,T0,T2,2.2ft,0.05s
4.17.2026 14:59:03,T1,T2,1.4ft,0.05s
4.17.2026 14:59:04,T0,T1,2.2ft,0.05s
4.17.2026 14:59:04,T0,T2,2.2ft,0.05s
4.17.2026 14:59:04,T1,T2,1.4ft,0.05s
4.17.2026 14:59:04,T0,T1,2.3ft,0.05s
4.17.2026 14:59:04,T0,T2,2.2ft,0.05s
4.17.2026 14:59:04,T1,T2,1.3ft,0.05s
4.17.2026 14:59:04,T0,T1,2.3ft,0.05s
4.17.2026 14:59:04,T0,T2,2.2ft,0.05s
4.17.2026 14:59:04,T1,T2,1.3ft,0.05s
4.17.2026 14:59:04,T0,T1,2.4ft,0.05s
4.17.2026 14:59:04,T0,T2,2.2ft,0.05s
4.17.2026 14:59:04,T1,T2,1.3ft,0.05s
4.17.2026 14:59:04,T0,T1,2.4ft,0.05s
4.17.2026 14:59:04,T0,T2,2.2ft,0.05s
4.17.2026 14:59:04,T1,T2,1.3ft,0.05s
4.17.2026 14:59:04,T0,T1,2.5ft,0.05s
4.17.2026 14:59:04,T0,T2,2.2ft,0.05s
4.17.2026 14:59:04,T1,T2,1.3ft,0.05s
4.17.2026 14:59:04,T0,T1,2.5ft,0.05s
4.17.2026 14:59:04,T0,T2,2.2ft,0.05s
4.17.2026 14:59:04,T1,T2,1.3ft,0.05s
4.17.2026 14:59:04,T0,T1,2.5ft,0.05s
4.17.2026 14:59:04,T0,T2,2.1ft,0.05s
4.17.2026 14:59:04,T1,T2,1.3ft,0.05s
4.17.2026 14:59:04,T0,T1,2.6ft,0.05s
4.17.2026 14:59:04,T0,T2,2.1ft,0.05s
4.17.2026 14:59:04,T1,T2,1.3ft,0.05s
4.17.2026 14:59:04,T0,T1,2.5ft,0.05s
4.17.2026 14:59:04,T0,T2,2.0ft,0.05s
4.17.2026 14:59:04,T1,T2,1.3ft,0.05s
4.17.2026 14:59:04,T0,T1,2.5ft,0.05s
4.17.2026 14:59:04,T0,T2,1.9ft,0.05s
4.17.2026 14:59:04,T1,T2,1.3ft,0.05s
4.17.2026 14:59:04,T0,T1,2.4ft,0.05s
4.17.2026 14:59:04,T0,T2,1.9ft,0.05s
4.17.2026 14:59:04,T1,T2,1.3ft,0.05s
4.17.2026 14:59:04,T0,T1,2.3ft,0.05s
4.17.2026 14:59:04,T0,T2,1.8ft,0.05s
4.17.2026 14:59:04,T1,T2,1.3ft,0.05s
4.17.2026 14:59:04,T0,T1,2.3ft,0.05s
4.17.2026 14:59:04,T0,T2,1.8ft,0.05s
4.17.2026 14:59:04,T1,T2,1.4ft,0.05s
4.17.2026 14:59:04,T0,T1,2.3ft,0.05s
4.17.2026 14:59:04,T0,T2,1.7ft,0.05s
4.17.2026 14:59:04,T1,T2,1.4ft,0.05s
4.17.2026 14:59:04,T0,T1,2.2ft,0.05s
4.17.2026 14:59:04,T0,T2,1.7ft,0.05s
4.17.2026 14:59:04,T1,T2,1.4ft,0.05s
4.17.2026 14:59:04,T0,T1,2.2ft,0.05s
4.17.2026 14:59:04,T0,T2,1.6ft,0.05s
4.17.2026 14:59:04,T1,T2,1.3ft,0.05s
4.17.2026 14:59:04,T0,T1,2.2ft,0.05s
4.17.2026 14:59:04,T0,T2,1.6ft,0.05s
4.17.2026 14:59:04,T1,T2,1.3ft,0.05s
4.17.2026 14:59:04,T0,T1,2.2ft,0.05s
4.17.2026 14:59:04,T0,T2,1.6ft,0.05s
4.17.2026 14:59:04,T1,T2,1.3ft,0.05s
4.17.2026 14:59:05,T0,T1,2.2ft,0.05s
4.17.2026 14:59:05,T0,T2,1.7ft,0.05s
4.17.2026 14:59:05,T1,T2,1.4ft,0.05s
4.17.2026 14:59:05,T0,T1,2.2ft,0.05s
4.17.2026 14:59:05,T0,T2,1.7ft,0.05s
4.17.2026 14:59:05,T1,T2,1.4ft,0.05s
4.17.2026 14:59:05,T0,T1,2.2ft,0.05s
4.17.2026 14:59:05,T0,T2,1.8ft,0.05s
4.17.2026 14:59:05,T1,T2,1.4ft,0.05s
4.17.2026 14:59:05,T0,T1,2.2ft,0.05s
4.17.2026 14:59:05,T0,T2,1.8ft,0.05s
4.17.2026 14:59:05,T1,T2,1.4ft,0.05s
4.17.2026 14:59:05,T0,T1,2.2ft,0.05s
4.17.2026 14:59:05,T0,T2,1.8ft,0.05s
4.17.2026 14:59:05,T1,T2,1.4ft,0.05s
4.17.2026 14:59:05,T0,T1,2.2ft,0.05s
4.17.2026 14:59:05,T0,T2,1.8ft,0.05s
4.17.2026 14:59:05,T1,T2,1.4ft,0.05s
4.17.2026 14:59:05,T0,T1,2.2ft,0.05s
4.17.2026 14:59:05,T0,T2,1.8ft,0.05s
4.17.2026 14:59:05,T1,T2,1.4ft,0.05s
4.17.2026 14:59:05,T0,T1,2.2ft,0.05s
4.17.2026 14:59:05,T0,T2,1.9ft,0.05s
4.17.2026 14:59:05,T1,T2,1.4ft,0.05s
4.17.2026 14:59:05,T0,T1,2.2ft,0.05s
4.17.2026 14:59:05,T0,T2,1.9ft,0.05s
4.17.2026 14:59:05,T1,T2,1.4ft,0.05s
4.17.2026 14:59:05,T0,T1,2.2ft,0.05s
4.17.2026 14:59:05,T0,T2,2.0ft,0.05s
4.17.2026 14:59:05,T1,T2,1.4ft,0.05s
4.17.2026 14:59:05,T0,T1,2.2ft,0.05s
4.17.2026 14:59:05,T0,T2,2.1ft,0.05s
4.17.2026 14:59:05,T1,T2,1.5ft,0.05s
4.17.2026 14:59:05,T0,T1,2.2ft,0.05s
4.17.2026 14:59:05,T0,T2,2.2ft,0.05s
4.17.2026 14:59:05,T1,T2,1.5ft,0.05s
4.17.2026 14:59:05,T0,T1,2.2ft,0.05s
4.17.2026 14:59:05,T0,T2,2.4ft,0.05s
4.17.2026 14:59:05,T1,T2,1.6ft,0.05s
4.17.2026 14:59:05,T0,T1,2.2ft,0.05s
4.17.2026 14:59:05,T0,T2,2.5ft,0.05s
4.17.2026 14:59:05,T1,T2,1.6ft,0.05s
4.17.2026 14:59:05,T0,T1,2.2ft,0.05s
4.17.2026 14:59:05,T0,T2,2.7ft,0.05s
4.17.2026 14:59:05,T1,T2,1.7ft,0.05s
4.17.2026 14:59:05,T0,T1,2.2ft,0.05s
4.17.2026 14:59:05,T0,T2,2.8ft,0.05s
4.17.2026 14:59:05,T1,T2,1.8ft,0.05s
4.17.2026 14:59:05,T0,T1,2.3ft,0.05s
4.17.2026 14:59:05,T0,T2,2.9ft,0.05s
4.17.2026 14:59:05,T1,T2,1.8ft,0.05s
4.17.2026 14:59:05,T0,T1,2.3ft,0.05s
4.17.2026 14:59:05,T0,T2,2.9ft,0.05s
4.17.2026 14:59:05,T1,T2,1.9ft,0.05s
4.17.2026 14:59:05,T0,T1,2.3ft,0.05s
4.17.2026 14:59:05,T0,T2,3.0ft,0.05s
4.17.2026 14:59:05,T1,T2,1.9ft,0.05s
4.17.2026 14:59:05,T0,T1,2.3ft,0.05s
4.17.2026 14:59:05,T0,T2,3.0ft,0.05s
4.17.2026 14:59:05,T1,T2,1.9ft,0.05s
4.17.2026 14:59:06,T0,T1,2.3ft,0.05s
4.17.2026 14:59:06,T0,T2,3.0ft,0.05s
4.17.2026 14:59:06,T1,T2,1.9ft,0.05s
4.17.2026 14:59:06,T0,T1,2.3ft,0.05s
4.17.2026 14:59:06,T0,T2,2.9ft,0.05s
4.17.2026 14:59:06,T1,T2,1.8ft,0.05s
4.17.2026 14:59:06,T0,T1,2.3ft,0.05s
4.17.2026 14:59:06,T0,T2,2.9ft,0.05s
4.17.2026 14:59:06,T1,T2,1.8ft,0.05s
4.17.2026 14:59:06,T0,T1,2.3ft,0.05s
4.17.2026 14:59:06,T0,T2,2.9ft,0.05s
4.17.2026 14:59:06,T1,T2,1.8ft,0.05s
4.17.2026 14:59:06,T0,T1,2.3ft,0.05s
4.17.2026 14:59:06,T0,T2,2.8ft,0.05s
4.17.2026 14:59:06,T1,T2,1.7ft,0.05s
4.17.2026 14:59:06,T0,T1,2.2ft,0.05s
4.17.2026 14:59:06,T0,T2,2.7ft,0.05s
4.17.2026 14:59:06,T1,T2,1.7ft,0.05s
4.17.2026 14:59:06,T0,T1,2.2ft,0.05s
4.17.2026 14:59:06,T0,T2,2.7ft,0.05s
4.17.2026 14:59:06,T1,T2,1.7ft,0.05s
4.17.2026 14:59:06,T0,T1,2.2ft,0.05s
4.17.2026 14:59:06,T0,T2,2.7ft,0.05s
4.17.2026 14:59:06,T1,T2,1.6ft,0.05s
4.17.2026 14:59:06,T0,T1,2.2ft,0.05s
4.17.2026 14:59:06,T0,T2,2.6ft,0.05s
4.17.2026 14:59:06,T1,T2,1.6ft,0.05s
4.17.2026 14:59:06,T0,T1,2.2ft,0.05s
4.17.2026 14:59:06,T0,T2,2.6ft,0.05s
4.17.2026 14:59:06,T1,T2,1.6ft,0.05s
4.17.2026 14:59:06,T0,T1,2.2ft,0.05s
4.17.2026 14:59:06,T0,T2,2.5ft,0.05s
4.17.2026 14:59:06,T1,T2,1.6ft,0.05s
4.17.2026 14:59:06,T0,T1,2.2ft,0.05s
4.17.2026 14:59:06,T0,T2,2.5ft,0.05s
4.17.2026 14:59:06,T1,T2,1.6ft,0.05s
4.17.2026 14:59:06,T0,T1,2.2ft,0.05s
4.17.2026 14:59:06,T0,T2,2.5ft,0.05s
4.17.2026 14:59:06,T1,T2,1.6ft,0.05s
4.17.2026 14:59:06,T0,T1,2.2ft,0.05s
4.17.2026 14:59:06,T0,T2,2.4ft,0.05s
4.17.2026 14:59:06,T1,T2,1.5ft,0.05s
4.17.2026 14:59:06,T0,T1,2.2ft,0.05s
4.17.2026 14:59:06,T0,T2,2.4ft,0.05s
4.17.2026 14:59:06,T1,T2,1.5ft,0.05s
4.17.2026 14:59:06,T0,T1,2.2ft,0.05s
4.17.2026 14:59:06,T0,T2,2.4ft,0.05s
4.17.2026 14:59:06,T1,T2,1.5ft,0.05s
4.17.2026 14:59:06,T0,T1,2.2ft,0.05s
4.17.2026 14:59:06,T0,T2,2.4ft,0.05s
4.17.2026 14:59:06,T1,T2,1.5ft,0.05s
4.17.2026 14:59:06,T0,T1,2.2ft,0.05s
4.17.2026 14:59:06,T0,T2,2.4ft,0.05s
4.17.2026 14:59:06,T1,T2,1.5ft,0.05s
4.17.2026 14:59:06,T0,T1,2.2ft,0.05s
4.17.2026 14:59:06,T0,T2,2.3ft,0.05s
4.17.2026 14:59:06,T1,T2,1.4ft,0.05s
4.17.2026 14:59:06,T0,T1,2.2ft,0.05s
4.17.2026 14:59:06,T0,T2,2.3ft,0.05s
4.17.2026 14:59:06,T1,T2,1.4ft,0.05s
4.17.2026 14:59:07,T0,T1,2.2ft,0.05s
4.17.2026 14:59:07,T0,T2,2.3ft,0.05s
4.17.2026 14:59:07,T1,T2,1.4ft,0.05s
4.17.2026 14:59:07,T0,T1,2.2ft,0.05s
4.17.2026 14:59:07,T0,T2,2.2ft,0.05s
4.17.2026 14:59:07,T1,T2,1.4ft,0.05s
4.17.2026 14:59:07,T0,T1,2.2ft,0.05s
4.17.2026 14:59:07,T0,T2,2.1ft,0.05s
4.17.2026 14:59:07,T1,T2,1.3ft,0.05s
4.17.2026 14:59:07,T0,T1,2.2ft,0.05s
4.17.2026 14:59:07,T0,T2,2.1ft,0.05s
4.17.2026 14:59:07,T1,T2,1.3ft,0.05s
4.17.2026 14:59:07,T0,T1,2.2ft,0.05s
4.17.2026 14:59:07,T0,T2,2.0ft,0.05s
4.17.2026 14:59:07,T1,T2,1.3ft,0.05s
4.17.2026 14:59:07,T0,T1,2.2ft,0.05s
4.17.2026 14:59:07,T0,T2,2.0ft,0.05s
4.17.2026 14:59:07,T1,T2,1.3ft,0.05s
4.17.2026 14:59:07,T0,T1,2.2ft,0.05s
4.17.2026 14:59:07,T0,T2,2.0ft,0.05s
4.17.2026 14:59:07,T1,T2,1.3ft,0.05s
4.17.2026 14:59:07,T0,T1,2.2ft,0.05s
4.17.2026 14:59:07,T0,T2,2.0ft,0.05s
4.17.2026 14:59:07,T1,T2,1.3ft,0.05s
4.17.2026 14:59:07,T0,T1,2.2ft,0.05s
4.17.2026 14:59:07,T0,T2,2.0ft,0.05s
4.17.2026 14:59:07,T1,T2,1.3ft,0.05s
4.17.2026 14:59:07,T0,T1,2.2ft,0.05s
4.17.2026 14:59:07,T0,T2,2.0ft,0.05s
4.17.2026 14:59:07,T1,T2,1.3ft,0.05s
4.17.2026 14:59:07,T0,T1,2.2ft,0.05s
4.17.2026 14:59:07,T0,T2,2.0ft,0.05s
4.17.2026 14:59:07,T1,T2,1.3ft,0.05s
4.17.2026 14:59:07,T0,T1,2.2ft,0.05s
4.17.2026 14:59:07,T0,T2,1.9ft,0.05s
4.17.2026 14:59:07,T1,T2,1.3ft,0.05s
4.17.2026 14:59:07,T0,T1,2.1ft,0.05s
4.17.2026 14:59:07,T0,T2,1.9ft,0.05s
4.17.2026 14:59:07,T1,T2,1.3ft,0.05s
4.17.2026 14:59:07,T0,T1,2.1ft,0.05s
4.17.2026 14:59:07,T0,T2,1.9ft,0.05s
4.17.2026 14:59:07,T1,T2,1.3ft,0.05s
4.17.2026 14:59:07,T0,T1,2.1ft,0.05s
4.17.2026 14:59:07,T0,T2,1.9ft,0.05s
4.17.2026 14:59:07,T1,T2,1.3ft,0.05s
4.17.2026 14:59:07,T0,T1,2.1ft,0.05s
4.17.2026 14:59:07,T0,T2,1.9ft,0.05s
4.17.2026 14:59:07,T1,T2,1.3ft,0.05s
4.17.2026 14:59:07,T0,T1,2.0ft,0.05s
4.17.2026 14:59:07,T0,T2,1.9ft,0.05s
4.17.2026 14:59:07,T1,T2,1.3ft,0.05s
4.17.2026 14:59:07,T0,T1,2.0ft,0.05s
4.17.2026 14:59:07,T0,T2,1.9ft,0.05s
4.17.2026 14:59:07,T1,T2,1.3ft,0.05s
4.17.2026 14:59:07,T0,T1,2.0ft,0.05s
4.17.2026 14:59:07,T0,T2,1.9ft,0.05s
4.17.2026 14:59:07,T1,T2,1.3ft,0.05s
4.17.2026 14:59:07,T0,T1,2.0ft,0.05s
4.17.2026 14:59:07,T0,T2,1.9ft,0.05s
4.17.2026 14:59:07,T1,T2,1.3ft,0.05s
4.17.2026 14:59:08,T0,T1,2.0ft,0.05s
4.17.2026 14:59:08,T0,T2,1.9ft,0.05s
4.17.2026 14:59:08,T1,T2,1.3ft,0.05s
4.17.2026 14:59:08,T0,T1,2.0ft,0.05s
4.17.2026 14:59:08,T0,T2,2.0ft,0.05s
4.17.2026 14:59:08,T1,T2,1.3ft,0.05s
4.17.2026 14:59:08,T0,T1,1.9ft,0.05s
4.17.2026 14:59:08,T0,T2,2.0ft,0.05s
4.17.2026 14:59:08,T1,T2,1.3ft,0.05s
4.17.2026 14:59:08,T0,T1,1.9ft,0.05s
4.17.2026 14:59:08,T0,T2,2.0ft,0.05s
4.17.2026 14:59:08,T1,T2,1.3ft,0.05s
4.17.2026 14:59:08,T0,T1,1.9ft,0.05s
4.17.2026 14:59:08,T0,T2,2.0ft,0.05s
4.17.2026 14:59:08,T1,T2,1.4ft,0.05s
4.17.2026 14:59:08,T0,T1,1.9ft,0.05s
4.17.2026 14:59:08,T0,T2,2.0ft,0.05s
4.17.2026 14:59:08,T1,T2,1.4ft,0.05s
4.17.2026 14:59:08,T0,T1,1.9ft,0.05s
4.17.2026 14:59:08,T0,T2,2.0ft,0.05s
4.17.2026 14:59:08,T1,T2,1.4ft,0.05s
4.17.2026 14:59:08,T0,T1,1.9ft,0.05s
4.17.2026 14:59:08,T0,T2,2.1ft,0.05s
4.17.2026 14:59:08,T1,T2,1.4ft,0.05s
4.17.2026 14:59:08,T0,T1,1.9ft,0.05s
4.17.2026 14:59:08,T0,T2,2.1ft,0.05s
4.17.2026 14:59:08,T1,T2,1.4ft,0.05s
4.17.2026 14:59:08,T0,T1,1.9ft,0.05s
4.17.2026 14:59:08,T0,T2,2.1ft,0.05s
4.17.2026 14:59:08,T1,T2,1.5ft,0.05s
4.17.2026 14:59:08,T0,T1,1.9ft,0.05s
4.17.2026 14:59:08,T0,T2,2.3ft,0.05s
4.17.2026 14:59:08,T1,T2,1.6ft,0.05s
4.17.2026 14:59:08,T0,T1,1.9ft,0.05s
4.17.2026 14:59:08,T0,T2,2.4ft,0.05s
4.17.2026 14:59:08,T1,T2,1.6ft,0.05s
4.17.2026 14:59:08,T0,T1,1.9ft,0.05s
4.17.2026 14:59:08,T0,T2,2.4ft,0.05s
4.17.2026 14:59:08,T1,T2,1.7ft,0.05s
4.17.2026 14:59:08,T0,T1,2.0ft,0.05s
4.17.2026 14:59:08,T0,T2,2.5ft,0.05s
4.17.2026 14:59:08,T1,T2,1.8ft,0.05s
4.17.2026 14:59:08,T0,T1,2.0ft,0.05s
4.17.2026 14:59:08,T0,T2,2.6ft,0.05s
4.17.2026 14:59:08,T1,T2,1.8ft,0.05s
4.17.2026 14:59:08,T0,T1,2.0ft,0.05s
4.17.2026 14:59:08,T0,T2,2.7ft,0.05s
4.17.2026 14:59:08,T1,T2,1.8ft,0.05s
4.17.2026 14:59:08,T0,T1,2.0ft,0.05s
4.17.2026 14:59:08,T0,T2,2.7ft,0.05s
4.17.2026 14:59:08,T1,T2,1.8ft,0.05s
4.17.2026 14:59:08,T0,T1,2.0ft,0.05s
4.17.2026 14:59:08,T0,T2,2.7ft,0.05s
4.17.2026 14:59:08,T1,T2,1.8ft,0.05s
4.17.2026 14:59:08,T0,T1,2.0ft,0.05s
4.17.2026 14:59:08,T0,T2,2.6ft,0.05s
4.17.2026 14:59:08,T1,T2,1.8ft,0.05s
4.17.2026 14:59:09,T0,T1,2.0ft,0.05s
4.17.2026 14:59:09,T0,T2,2.6ft,0.05s
4.17.2026 14:59:09,T1,T2,1.8ft,0.05s
4.17.2026 14:59:09,T0,T1,1.9ft,0.05s
4.17.2026 14:59:09,T0,T2,2.6ft,0.05s
4.17.2026 14:59:09,T1,T2,1.8ft,0.05s
4.17.2026 14:59:09,T0,T1,1.9ft,0.05s
4.17.2026 14:59:09,T0,T2,2.6ft,0.05s
4.17.2026 14:59:09,T1,T2,1.8ft,0.05s
4.17.2026 14:59:09,T0,T1,1.9ft,0.05s
4.17.2026 14:59:09,T0,T2,2.6ft,0.05s
4.17.2026 14:59:09,T1,T2,1.8ft,0.05s
4.17.2026 14:59:09,T0,T1,1.9ft,0.05s
4.17.2026 14:59:09,T0,T2,2.5ft,0.05s
4.17.2026 14:59:09,T1,T2,1.8ft,0.05s
4.17.2026 14:59:09,T0,T1,1.9ft,0.05s
4.17.2026 14:59:09,T0,T2,2.5ft,0.05s
4.17.2026 14:59:09,T1,T2,1.7ft,0.05s
4.17.2026 14:59:09,T0,T1,1.9ft,0.05s
4.17.2026 14:59:09,T0,T2,2.5ft,0.05s
4.17.2026 14:59:09,T1,T2,1.7ft,0.05s
4.17.2026 14:59:09,T0,T1,2.0ft,0.05s
4.17.2026 14:59:09,T0,T2,2.4ft,0.05s
4.17.2026 14:59:09,T1,T2,1.7ft,0.05s
4.17.2026 14:59:09,T0,T1,2.0ft,0.05s
4.17.2026 14:59:09,T0,T2,2.4ft,0.05s
4.17.2026 14:59:09,T1,T2,1.7ft,0.05s
4.17.2026 14:59:09,T0,T1,2.0ft,0.05s
4.17.2026 14:59:09,T0,T2,2.4ft,0.05s
4.17.2026 14:59:09,T1,T2,1.7ft,0.05s
4.17.2026 14:59:09,T0,T1,2.0ft,0.05s
4.17.2026 14:59:09,T0,T2,2.5ft,0.05s
4.17.2026 14:59:09,T1,T2,1.7ft,0.05s
4.17.2026 14:59:09,T0,T1,2.0ft,0.05s
4.17.2026 14:59:09,T0,T2,2.5ft,0.05s
4.17.2026 14:59:09,T1,T2,1.7ft,0.05s
4.17.2026 14:59:09,T0,T1,2.0ft,0.05s
4.17.2026 14:59:09,T0,T2,2.5ft,0.05s
4.17.2026 14:59:09,T1,T2,1.7ft,0.05s
4.17.2026 14:59:09,T0,T1,2.0ft,0.05s
4.17.2026 14:59:09,T0,T2,2.5ft,0.05s
4.17.2026 14:59:09,T1,T2,1.7ft,0.05s
4.17.2026 14:59:09,T0,T1,2.1ft,0.05s
4.17.2026 14:59:09,T0,T2,2.5ft,0.05s
4.17.2026 14:59:09,T1,T2,1.7ft,0.05s
4.17.2026 14:59:09,T0,T1,2.1ft,0.05s
4.17.2026 14:59:09,T0,T2,2.5ft,0.05s
4.17.2026 14:59:09,T1,T2,1.7ft,0.05s
4.17.2026 14:59:09,T0,T1,2.1ft,0.05s
4.17.2026 14:59:09,T0,T2,2.5ft,0.05s
4.17.2026 14:59:09,T1,T2,1.7ft,0.05s
4.17.2026 14:59:09,T0,T1,2.1ft,0.05s
4.17.2026 14:59:09,T0,T2,2.5ft,0.05s
4.17.2026 14:59:09,T1,T2,1.7ft,0.05s
4.17.2026 14:59:09,T0,T1,2.1ft,0.05s
4.17.2026 14:59:09,T0,T2,2.5ft,0.05s
4.17.2026 14:59:09,T1,T2,1.7ft,0.05s
4.17.2026 14:59:09,T0,T1,2.1ft,0.05s
4.17.2026 14:59:09,T0,T2,2.5ft,0.05s
4.17.2026 14:59:09,T1,T2,1.6ft,0.05s
4.17.2026 14:59:10,T0,T1,2.1ft,0.05s
4.17.2026 14:59:10,T0,T2,2.4ft,0.05s
4.17.2026 14:59:10,T1,T2,1.6ft,0.05s
4.17.2026 14:59:10,T0,T1,2.1ft,0.05s
4.17.2026 14:59:10,T0,T2,2.4ft,0.05s
4.17.2026 14:59:10,T1,T2,1.6ft,0.05s
4.17.2026 14:59:10,T0,T1,2.1ft,0.05s
4.17.2026 14:59:10,T0,T2,2.4ft,0.05s
4.17.2026 14:59:10,T1,T2,1.6ft,0.05s
4.17.2026 14:59:10,T0,T1,2.1ft,0.05s
4.17.2026 14:59:10,T0,T2,2.3ft,0.05s
4.17.2026 14:59:10,T1,T2,1.5ft,0.05s
4.17.2026 14:59:10,T0,T1,2.1ft,0.05s
4.17.2026 14:59:10,T0,T2,2.3ft,0.05s
4.17.2026 14:59:10,T1,T2,1.5ft,0.05s
4.17.2026 14:59:10,T0,T1,2.1ft,0.05s
4.17.2026 14:59:10,T0,T2,2.3ft,0.05s
4.17.2026 14:59:10,T1,T2,1.5ft,0.05s
4.17.2026 14:59:10,T0,T1,2.2ft,0.05s
4.17.2026 14:59:10,T0,T2,2.2ft,0.05s
4.17.2026 14:59:10,T1,T2,1.5ft,0.05s
4.17.2026 14:59:10,T0,T1,2.2ft,0.05s
4.17.2026 14:59:10,T0,T2,2.2ft,0.05s
4.17.2026 14:59:10,T1,T2,1.5ft,0.05s
4.17.2026 14:59:10,T0,T1,2.2ft,0.05s
4.17.2026 14:59:10,T0,T2,2.2ft,0.05s
4.17.2026 14:59:10,T1,T2,1.5ft,0.05s
4.17.2026 14:59:10,T0,T1,2.2ft,0.05s
4.17.2026 14:59:10,T0,T2,2.2ft,0.05s
4.17.2026 14:59:10,T1,T2,1.4ft,0.05s
4.17.2026 14:59:10,T0,T1,2.2ft,0.05s
4.17.2026 14:59:10,T0,T2,2.1ft,0.05s
4.17.2026 14:59:10,T1,T2,1.4ft,0.05s
4.17.2026 14:59:10,T0,T1,2.3ft,0.05s
4.17.2026 14:59:10,T0,T2,2.1ft,0.05s
4.17.2026 14:59:10,T1,T2,1.4ft,0.05s
4.17.2026 14:59:10,T0,T1,2.3ft,0.05s
4.17.2026 14:59:10,T0,T2,2.1ft,0.05s
4.17.2026 14:59:10,T1,T2,1.4ft,0.05s
4.17.2026 14:59:10,T0,T1,2.3ft,0.05s
4.17.2026 14:59:10,T0,T2,2.0ft,0.05s
4.17.2026 14:59:10,T1,T2,1.4ft,0.05s
4.17.2026 14:59:10,T0,T1,2.3ft,0.05s
4.17.2026 14:59:10,T0,T2,2.0ft,0.05s
4.17.2026 14:59:10,T1,T2,1.4ft,0.05s
4.17.2026 14:59:10,T0,T1,2.3ft,0.05s
4.17.2026 14:59:10,T0,T2,2.0ft,0.05s
4.17.2026 14:59:10,T1,T2,1.4ft,0.05s
4.17.2026 14:59:10,T0,T1,2.3ft,0.05s
4.17.2026 14:59:10,T0,T2,2.0ft,0.05s
4.17.2026 14:59:10,T1,T2,1.4ft,0.05s
4.17.2026 14:59:10,T0,T1,2.3ft,0.05s
4.17.2026 14:59:10,T0,T2,2.0ft,0.05s
4.17.2026 14:59:10,T1,T2,1.4ft,0.05s
4.17.2026 14:59:10,T0,T1,2.3ft,0.05s
4.17.2026 14:59:10,T0,T2,2.0ft,0.05s
4.17.2026 14:59:10,T1,T2,1.4ft,0.05s
4.17.2026 14:59:10,T0,T1,2.3ft,0.05s
4.17.2026 14:59:10,T0,T2,2.0ft,0.05s
4.17.2026 14:59:10,T1,T2,1.4ft,0.05s
4.17.2026 14:59:11,T0,T1,2.2ft,0.05s
4.17.2026 14:59:11,T0,T2,2.0ft,0.05s
4.17.2026 14:59:11,T1,T2,1.4ft,0.05s
4.17.2026 14:59:11,T0,T1,2.2ft,0.05s
4.17.2026 14:59:11,T0,T2,2.1ft,0.05s
4.17.2026 14:59:11,T1,T2,1.4ft,0.05s
4.17.2026 14:59:11,T0,T1,2.2ft,0.05s
4.17.2026 14:59:11,T0,T2,2.1ft,0.05s
4.17.2026 14:59:11,T1,T2,1.4ft,0.05s
4.17.2026 14:59:11,T0,T1,2.2ft,0.05s
4.17.2026 14:59:11,T0,T2,2.1ft,0.05s
4.17.2026 14:59:11,T1,T2,1.4ft,0.05s
4.17.2026 14:59:11,T0,T1,2.1ft,0.05s
4.17.2026 14:59:11,T0,T2,2.1ft,0.05s
4.17.2026 14:59:11,T1,T2,1.5ft,0.05s
4.17.2026 14:59:11,T0,T1,2.1ft,0.05s
4.17.2026 14:59:11,T0,T2,2.1ft,0.05s
4.17.2026 14:59:11,T1,T2,1.5ft,0.05s
4.17.2026 14:59:11,T0,T1,2.1ft,0.05s
4.17.2026 14:59:11,T0,T2,2.1ft,0.05s
4.17.2026 14:59:11,T1,T2,1.5ft,0.05s
4.17.2026 14:59:11,T0,T1,2.1ft,0.05s
4.17.2026 14:59:11,T0,T2,2.1ft,0.05s
4.17.2026 14:59:11,T1,T2,1.5ft,0.05s
4.17.2026 14:59:11,T0,T1,2.1ft,0.05s
4.17.2026 14:59:11,T0,T2,2.1ft,0.05s
4.17.2026 14:59:11,T1,T2,1.5ft,0.05s
4.17.2026 14:59:11,T0,T1,2.1ft,0.05s
4.17.2026 14:59:11,T0,T2,2.1ft,0.05s
4.17.2026 14:59:11,T1,T2,1.5ft,0.05s
4.17.2026 14:59:11,T0,T1,2.1ft,0.05s
4.17.2026 14:59:11,T0,T2,2.2ft,0.05s
4.17.2026 14:59:11,T1,T2,1.5ft,0.05s
4.17.2026 14:59:11,T0,T1,2.1ft,0.05s
4.17.2026 14:59:11,T0,T2,2.2ft,0.05s
4.17.2026 14:59:11,T1,T2,1.6ft,0.05s
4.17.2026 14:59:11,T0,T1,2.1ft,0.05s
4.17.2026 14:59:11,T0,T2,2.2ft,0.05s
4.17.2026 14:59:11,T1,T2,1.6ft,0.05s
4.17.2026 14:59:11,T0,T1,2.1ft,0.05s
4.17.2026 14:59:11,T0,T2,2.2ft,0.05s
4.17.2026 14:59:11,T1,T2,1.6ft,0.05s
4.17.2026 14:59:11,T0,T1,2.1ft,0.05s
4.17.2026 14:59:11,T0,T2,2.2ft,0.05s
4.17.2026 14:59:11,T1,T2,1.6ft,0.05s
4.17.2026 14:59:11,T0,T1,2.1ft,0.05s
4.17.2026 14:59:11,T0,T2,2.2ft,0.05s
4.17.2026 14:59:11,T1,T2,1.6ft,0.05s
4.17.2026 14:59:11,T0,T1,2.1ft,0.05s
4.17.2026 14:59:11,T0,T2,2.2ft,0.05s
4.17.2026 14:59:11,T1,T2,1.6ft,0.05s
4.17.2026 14:59:11,T0,T1,2.1ft,0.05s
4.17.2026 14:59:11,T0,T2,2.2ft,0.05s
4.17.2026 14:59:11,T1,T2,1.6ft,0.05s
4.17.2026 14:59:11,T0,T1,2.1ft,0.05s
4.17.2026 14:59:11,T0,T2,2.2ft,0.05s
4.17.2026 14:59:11,T1,T2,1.6ft,0.05s
4.17.2026 14:59:11,T0,T1,2.1ft,0.05s
4.17.2026 14:59:11,T0,T2,2.1ft,0.05s
4.17.2026 14:59:11,T1,T2,1.5ft,0.05s
4.17.2026 14:59:12,T0,T1,2.1ft,0.05s
4.17.2026 14:59:12,T0,T2,2.1ft,0.05s
4.17.2026 14:59:12,T1,T2,1.5ft,0.05s
4.17.2026 14:59:12,T0,T1,2.1ft,0.05s
4.17.2026 14:59:12,T0,T2,2.1ft,0.05s
4.17.2026 14:59:12,T1,T2,1.5ft,0.05s
4.17.2026 14:59:12,T0,T1,2.1ft,0.05s
4.17.2026 14:59:12,T0,T2,2.0ft,0.05s
4.17.2026 14:59:12,T1,T2,1.4ft,0.05s
4.17.2026 14:59:12,T0,T1,2.2ft,0.05s
4.17.2026 14:59:12,T0,T2,2.0ft,0.05s
4.17.2026 14:59:12,T1,T2,1.4ft,0.05s
4.17.2026 14:59:12,T0,T1,2.2ft,0.05s
4.17.2026 14:59:12,T0,T2,2.0ft,0.05s
4.17.2026 14:59:12,T1,T2,1.4ft,0.05s
4.17.2026 14:59:12,T0,T1,2.2ft,0.05s
4.17.2026 14:59:12,T0,T2,2.0ft,0.05s
4.17.2026 14:59:12,T1,T2,1.4ft,0.05s
4.17.2026 14:59:12,T0,T1,2.2ft,0.05s
4.17.2026 14:59:12,T0,T2,2.1ft,0.05s
4.17.2026 14:59:12,T1,T2,1.4ft,0.05s
4.17.2026 14:59:12,T0,T1,2.2ft,0.05s
4.17.2026 14:59:12,T0,T2,2.2ft,0.05s
4.17.2026 14:59:12,T1,T2,1.5ft,0.05s
4.17.2026 14:59:12,T0,T1,2.2ft,0.05s
4.17.2026 14:59:12,T0,T2,2.3ft,0.05s
4.17.2026 14:59:12,T1,T2,1.5ft,0.05s
4.17.2026 14:59:12,T0,T1,2.2ft,0.05s
4.17.2026 14:59:12,T0,T2,2.4ft,0.05s
4.17.2026 14:59:12,T1,T2,1.5ft,0.05s
4.17.2026 14:59:12,T0,T1,2.2ft,0.05s
4.17.2026 14:59:12,T0,T2,2.4ft,0.05s
4.17.2026 14:59:12,T1,T2,1.6ft,0.05s
4.17.2026 14:59:12,T0,T1,2.2ft,0.05s
4.17.2026 14:59:12,T0,T2,2.5ft,0.05s
4.17.2026 14:59:12,T1,T2,1.6ft,0.05s
4.17.2026 14:59:12,T0,T1,2.2ft,0.05s
4.17.2026 14:59:12,T0,T2,2.5ft,0.05s
4.17.2026 14:59:12,T1,T2,1.6ft,0.05s
4.17.2026 14:59:12,T0,T1,2.2ft,0.05s
4.17.2026 14:59:12,T0,T2,2.6ft,0.05s
4.17.2026 14:59:12,T1,T2,1.7ft,0.05s
4.17.2026 14:59:12,T0,T1,2.2ft,0.05s
4.17.2026 14:59:12,T0,T2,2.7ft,0.05s
4.17.2026 14:59:12,T1,T2,1.8ft,0.05s
4.17.2026 14:59:12,T0,T1,2.2ft,0.05s
4.17.2026 14:59:12,T0,T2,2.8ft,0.05s
4.17.2026 14:59:12,T1,T2,1.8ft,0.05s
4.17.2026 14:59:12,T0,T1,2.2ft,0.05s
4.17.2026 14:59:12,T0,T2,2.9ft,0.05s
4.17.2026 14:59:12,T1,T2,1.9ft,0.05s
4.17.2026 14:59:12,T0,T1,2.2ft,0.05s
4.17.2026 14:59:12,T0,T2,3.0ft,0.05s
4.17.2026 14:59:12,T1,T2,2.0ft,0.05s
4.17.2026 14:59:12,T0,T1,2.2ft,0.05s
4.17.2026 14:59:12,T0,T2,3.2ft,0.05s
4.17.2026 14:59:12,T1,T2,2.1ft,0.05s
4.17.2026 14:59:13,T0,T1,2.2ft,0.05s
4.17.2026 14:59:13,T0,T2,3.2ft,0.05s
4.17.2026 14:59:13,T1,T2,2.1ft,0.05s
4.17.2026 14:59:13,T0,T1,2.2ft,0.05s
4.17.2026 14:59:13,T0,T2,3.1ft,0.05s
4.17.2026 14:59:13,T1,T2,2.0ft,0.05s
4.17.2026 14:59:13,T0,T1,2.2ft,0.05s
4.17.2026 14:59:13,T0,T2,3.0ft,0.05s
4.17.2026 14:59:13,T1,T2,2.0ft,0.05s
4.17.2026 14:59:13,T0,T1,2.2ft,0.05s
4.17.2026 14:59:13,T0,T2,3.0ft,0.05s
4.17.2026 14:59:13,T1,T2,1.9ft,0.05s
4.17.2026 14:59:13,T0,T1,2.2ft,0.05s
4.17.2026 14:59:13,T0,T2,2.9ft,0.05s
4.17.2026 14:59:13,T1,T2,1.8ft,0.05s
4.17.2026 14:59:13,T0,T1,2.2ft,0.05s
4.17.2026 14:59:13,T0,T2,2.8ft,0.05s
4.17.2026 14:59:13,T1,T2,1.7ft,0.05s
4.17.2026 14:59:13,T0,T1,2.3ft,0.05s
4.17.2026 14:59:13,T0,T2,2.7ft,0.05s
4.17.2026 14:59:13,T1,T2,1.6ft,0.05s
4.17.2026 14:59:13,T0,T1,2.3ft,0.05s
4.17.2026 14:59:13,T0,T2,2.7ft,0.05s
4.17.2026 14:59:13,T1,T2,1.6ft,0.05s
4.17.2026 14:59:13,T0,T1,2.3ft,0.05s
4.17.2026 14:59:13,T0,T2,2.8ft,0.05s
4.17.2026 14:59:13,T1,T2,1.6ft,0.05s
4.17.2026 14:59:13,T0,T1,2.3ft,0.05s
4.17.2026 14:59:13,T0,T2,2.8ft,0.05s
4.17.2026 14:59:13,T1,T2,1.6ft,0.05s
4.17.2026 14:59:13,T0,T1,2.3ft,0.05s
4.17.2026 14:59:13,T0,T2,2.9ft,0.05s
4.17.2026 14:59:13,T1,T2,1.7ft,0.05s
4.17.2026 14:59:13,T0,T1,2.3ft,0.05s
4.17.2026 14:59:13,T0,T2,2.8ft,0.05s
4.17.2026 14:59:13,T1,T2,1.6ft,0.05s
4.17.2026 14:59:13,T0,T1,2.3ft,0.05s
4.17.2026 14:59:13,T0,T2,2.7ft,0.05s
4.17.2026 14:59:13,T1,T2,1.6ft,0.05s
4.17.2026 14:59:13,T0,T1,2.3ft,0.05s
4.17.2026 14:59:13,T0,T2,2.7ft,0.05s
4.17.2026 14:59:13,T1,T2,1.6ft,0.05s
4.17.2026 14:59:13,T0,T1,2.3ft,0.05s
4.17.2026 14:59:13,T0,T2,2.6ft,0.05s
4.17.2026 14:59:13,T1,T2,1.5ft,0.05s
4.17.2026 14:59:13,T0,T1,2.3ft,0.05s
4.17.2026 14:59:13,T0,T2,2.6ft,0.05s
4.17.2026 14:59:13,T1,T2,1.5ft,0.05s
4.17.2026 14:59:13,T0,T1,2.3ft,0.05s
4.17.2026 14:59:13,T0,T2,2.6ft,0.05s
4.17.2026 14:59:13,T1,T2,1.5ft,0.05s
4.17.2026 14:59:13,T0,T1,2.3ft,0.05s
4.17.2026 14:59:13,T0,T2,2.6ft,0.05s
4.17.2026 14:59:13,T1,T2,1.6ft,0.05s
4.17.2026 14:59:13,T0,T1,2.3ft,0.05s
4.17.2026 14:59:13,T0,T2,2.6ft,0.05s
4.17.2026 14:59:13,T1,T2,1.6ft,0.05s
4.17.2026 14:59:13,T0,T1,2.3ft,0.05s
4.17.2026 14:59:13,T0,T2,2.6ft,0.05s
4.17.2026 14:59:13,T1,T2,1.6ft,0.05s
4.17.2026 14:59:14,T0,T1,2.3ft,0.05s
4.17.2026 14:59:14,T0,T2,2.6ft,0.05s
4.17.2026 14:59:14,T1,T2,1.6ft,0.05s
4.17.2026 14:59:14,T0,T1,2.2ft,0.05s
4.17.2026 14:59:14,T0,T2,2.5ft,0.05s
4.17.2026 14:59:14,T1,T2,1.5ft,0.05s
4.17.2026 14:59:14,T0,T1,2.2ft,0.05s
4.17.2026 14:59:14,T0,T2,2.5ft,0.05s
4.17.2026 14:59:14,T1,T2,1.5ft,0.05s
4.17.2026 14:59:14,T0,T1,2.2ft,0.05s
4.17.2026 14:59:14,T0,T2,2.4ft,0.05s
4.17.2026 14:59:14,T1,T2,1.5ft,0.05s
4.17.2026 14:59:14,T0,T1,2.2ft,0.05s
4.17.2026 14:59:14,T0,T2,2.4ft,0.05s
4.17.2026 14:59:14,T1,T2,1.5ft,0.05s
4.17.2026 14:59:14,T0,T1,2.2ft,0.05s
4.17.2026 14:59:14,T0,T2,2.3ft,0.05s
4.17.2026 14:59:14,T1,T2,1.4ft,0.05s
4.17.2026 14:59:14,T0,T1,2.2ft,0.05s
4.17.2026 14:59:14,T0,T2,2.3ft,0.05s
4.17.2026 14:59:14,T1,T2,1.4ft,0.05s
4.17.2026 14:59:14,T0,T1,2.2ft,0.05s
4.17.2026 14:59:14,T0,T2,2.2ft,0.05s
4.17.2026 14:59:14,T1,T2,1.4ft,0.05s
4.17.2026 14:59:14,T0,T1,2.2ft,0.05s
4.17.2026 14:59:14,T0,T2,2.3ft,0.05s
4.17.2026 14:59:14,T1,T2,1.4ft,0.05s
4.17.2026 14:59:14,T0,T1,2.2ft,0.05s
4.17.2026 14:59:14,T0,T2,2.3ft,0.05s
4.17.2026 14:59:14,T1,T2,1.4ft,0.05s
4.17.2026 14:59:14,T0,T1,2.3ft,0.05s
4.17.2026 14:59:14,T0,T2,2.4ft,0.05s
4.17.2026 14:59:14,T1,T2,1.5ft,0.05s
4.17.2026 14:59:14,T0,T1,2.2ft,0.05s
4.17.2026 14:59:14,T0,T2,2.4ft,0.05s
4.17.2026 14:59:14,T1,T2,1.5ft,0.05s
4.17.2026 14:59:14,T0,T1,2.2ft,0.05s
4.17.2026 14:59:14,T0,T2,2.6ft,0.05s
4.17.2026 14:59:14,T1,T2,1.6ft,0.05s
4.17.2026 14:59:14,T0,T1,2.2ft,0.05s
4.17.2026 14:59:14,T0,T2,2.9ft,0.05s
4.17.2026 14:59:14,T1,T2,1.8ft,0.05s
4.17.2026 14:59:14,T0,T1,2.2ft,0.05s
4.17.2026 14:59:14,T0,T2,3.2ft,0.05s
4.17.2026 14:59:14,T1,T2,2.0ft,0.05s
4.17.2026 14:59:14,T0,T1,2.2ft,0.05s
4.17.2026 14:59:14,T0,T2,3.2ft,0.05s
4.17.2026 14:59:14,T1,T2,2.1ft,0.05s
4.17.2026 14:59:14,T0,T1,2.2ft,0.05s
4.17.2026 14:59:14,T0,T2,3.3ft,0.05s
4.17.2026 14:59:14,T1,T2,2.1ft,0.05s
4.17.2026 14:59:14,T0,T1,2.2ft,0.05s
4.17.2026 14:59:14,T0,T2,3.2ft,0.05s
4.17.2026 14:59:14,T1,T2,2.0ft,0.05s
4.17.2026 14:59:14,T0,T1,2.2ft,0.05s
4.17.2026 14:59:14,T0,T2,3.2ft,0.05s
4.17.2026 14:59:14,T1,T2,2.0ft,0.05s
4.17.2026 14:59:14,T0,T1,2.2ft,0.05s
4.17.2026 14:59:14,T0,T2,3.1ft,0.05s
4.17.2026 14:59:14,T1,T2,1.9ft,0.05s
4.17.2026 14:59:15,T0,T1,2.2ft,0.05s
4.17.2026 14:59:15,T0,T2,3.0ft,0.05s
4.17.2026 14:59:15,T1,T2,1.8ft,0.05s
4.17.2026 14:59:15,T0,T1,2.2ft,0.05s
4.17.2026 14:59:15,T0,T2,2.9ft,0.05s
4.17.2026 14:59:15,T1,T2,1.7ft,0.05s
4.17.2026 14:59:15,T0,T1,2.2ft,0.05s
4.17.2026 14:59:15,T0,T2,2.8ft,0.05s
4.17.2026 14:59:15,T1,T2,1.6ft,0.05s
4.17.2026 14:59:15,T0,T1,2.2ft,0.05s
4.17.2026 14:59:15,T0,T2,2.7ft,0.05s
4.17.2026 14:59:15,T1,T2,1.6ft,0.05s
4.17.2026 14:59:15,T0,T1,2.2ft,0.05s
4.17.2026 14:59:15,T0,T2,2.6ft,0.05s
4.17.2026 14:59:15,T1,T2,1.5ft,0.05s
4.17.2026 14:59:15,T0,T1,2.2ft,0.05s
4.17.2026 14:59:15,T0,T2,2.6ft,0.05s
4.17.2026 14:59:15,T1,T2,1.4ft,0.05s
4.17.2026 14:59:15,T0,T1,2.2ft,0.05s
4.17.2026 14:59:15,T0,T2,2.5ft,0.05s
4.17.2026 14:59:15,T1,T2,1.3ft,0.05s
4.17.2026 14:59:15,T0,T1,2.2ft,0.05s
4.17.2026 14:59:15,T0,T2,2.4ft,0.05s
4.17.2026 14:59:15,T1,T2,1.3ft,0.05s
4.17.2026 14:59:15,T0,T1,2.2ft,0.05s
4.17.2026 14:59:15,T0,T2,2.3ft,0.05s
4.17.2026 14:59:15,T1,T2,1.2ft,0.05s
4.17.2026 14:59:15,T0,T1,2.2ft,0.05s
4.17.2026 14:59:15,T0,T2,2.3ft,0.05s
4.17.2026 14:59:15,T1,T2,1.2ft,0.05s
4.17.2026 14:59:15,T0,T1,2.2ft,0.05s
4.17.2026 14:59:15,T0,T2,2.2ft,0.05s
4.17.2026 14:59:15,T1,T2,1.1ft,0.05s
4.17.2026 14:59:15,T0,T1,2.2ft,0.05s
4.17.2026 14:59:15,T0,T2,2.2ft,0.05s
4.17.2026 14:59:15,T1,T2,1.1ft,0.05s
4.17.2026 14:59:15,T0,T1,2.3ft,0.05s
4.17.2026 14:59:15,T0,T2,2.2ft,0.05s
4.17.2026 14:59:15,T1,T2,1.1ft,0.05s
4.17.2026 14:59:15,T0,T1,2.3ft,0.05s
4.17.2026 14:59:15,T0,T2,2.1ft,0.05s
4.17.2026 14:59:15,T1,T2,1.1ft,0.05s
4.17.2026 14:59:15,T0,T1,2.3ft,0.05s
4.17.2026 14:59:15,T0,T2,2.1ft,0.05s
4.17.2026 14:59:15,T1,T2,1.1ft,0.05s
4.17.2026 14:59:15,T0,T1,2.3ft,0.05s
4.17.2026 14:59:15,T0,T2,2.1ft,0.05s
4.17.2026 14:59:15,T1,T2,1.1ft,0.05s
4.17.2026 14:59:15,T0,T1,2.3ft,0.05s
4.17.2026 14:59:15,T0,T2,2.0ft,0.05s
4.17.2026 14:59:15,T1,T2,1.1ft,0.05s
4.17.2026 14:59:15,T0,T1,2.3ft,0.05s
4.17.2026 14:59:15,T0,T2,2.0ft,0.05s
4.17.2026 14:59:15,T1,T2,1.1ft,0.05s
4.17.2026 14:59:15,T0,T1,2.3ft,0.05s
4.17.2026 14:59:15,T0,T2,2.0ft,0.05s
4.17.2026 14:59:15,T1,T2,1.1ft,0.05s
4.17.2026 14:59:16,T0,T1,2.2ft,0.05s
4.17.2026 14:59:16,T0,T2,2.0ft,0.05s
4.17.2026 14:59:16,T1,T2,1.1ft,0.05s
4.17.2026 14:59:16,T0,T1,2.2ft,0.05s
4.17.2026 14:59:16,T0,T2,1.9ft,0.05s
4.17.2026 14:59:16,T1,T2,1.1ft,0.05s
4.17.2026 14:59:16,T0,T1,2.2ft,0.05s
4.17.2026 14:59:16,T0,T2,1.9ft,0.05s
4.17.2026 14:59:16,T1,T2,1.1ft,0.05s
4.17.2026 14:59:16,T0,T1,2.2ft,0.05s
4.17.2026 14:59:16,T0,T2,1.9ft,0.05s
4.17.2026 14:59:16,T1,T2,1.1ft,0.05s
4.17.2026 14:59:16,T0,T1,2.2ft,0.05s
4.17.2026 14:59:16,T0,T2,1.9ft,0.05s
4.17.2026 14:59:16,T1,T2,1.1ft,0.05s
4.17.2026 14:59:16,T0,T1,2.2ft,0.05s
4.17.2026 14:59:16,T0,T2,1.8ft,0.05s
4.17.2026 14:59:16,T1,T2,1.1ft,0.05s
4.17.2026 14:59:16,T0,T1,2.2ft,0.05s
4.17.2026 14:59:16,T0,T2,1.8ft,0.05s
4.17.2026 14:59:16,T1,T2,1.1ft,0.05s
4.17.2026 14:59:16,T0,T1,2.2ft,0.05s
4.17.2026 14:59:16,T0,T2,1.8ft,0.05s
4.17.2026 14:59:16,T1,T2,1.1ft,0.05s
4.17.2026 14:59:16,T0,T1,2.2ft,0.05s
4.17.2026 14:59:16,T0,T2,1.8ft,0.05s
4.17.2026 14:59:16,T1,T2,1.1ft,0.05s
4.17.2026 14:59:16,T0,T1,2.2ft,0.05s
4.17.2026 14:59:16,T0,T2,1.8ft,0.05s
4.17.2026 14:59:16,T1,T2,1.1ft,0.05s
4.17.2026 14:59:16,T0,T1,2.2ft,0.05s
4.17.2026 14:59:16,T0,T2,1.8ft,0.05s
4.17.2026 14:59:16,T1,T2,1.1ft,0.05s
4.17.2026 14:59:16,T0,T1,2.2ft,0.05s
4.17.2026 14:59:16,T0,T2,1.8ft,0.05s
4.17.2026 14:59:16,T1,T2,1.1ft,0.05s
4.17.2026 14:59:16,T0,T1,2.2ft,0.05s
4.17.2026 14:59:16,T0,T2,1.8ft,0.05s
4.17.2026 14:59:16,T1,T2,1.1ft,0.05s
4.17.2026 14:59:16,T0,T1,2.2ft,0.05s
4.17.2026 14:59:16,T0,T2,1.8ft,0.05s
4.17.2026 14:59:16,T1,T2,1.1ft,0.05s
4.17.2026 14:59:16,T0,T1,2.2ft,0.05s
4.17.2026 14:59:16,T0,T2,1.8ft,0.05s
4.17.2026 14:59:16,T1,T2,1.1ft,0.05s
4.17.2026 14:59:16,T0,T1,2.2ft,0.05s
4.17.2026 14:59:16,T0,T2,1.8ft,0.05s
4.17.2026 14:59:16,T1,T2,1.1ft,0.05s
4.17.2026 14:59:16,T0,T1,2.2ft,0.05s
4.17.2026 14:59:16,T0,T2,1.8ft,0.05s
4.17.2026 14:59:16,T1,T2,1.1ft,0.05s
4.17.2026 14:59:16,T0,T1,2.2ft,0.05s
4.17.2026 14:59:16,T0,T2,1.8ft,0.05s
4.17.2026 14:59:16,T1,T2,1.1ft,0.05s
4.17.2026 14:59:16,T0,T1,2.2ft,0.05s
4.17.2026 14:59:16,T0,T2,1.8ft,0.05s
4.17.2026 14:59:16,T1,T2,1.1ft,0.05s
4.17.2026 14:59:16,T0,T1,2.2ft,0.05s
4.17.2026 14:59:16,T0,T2,1.8ft,0.05s
4.17.2026 14:59:16,T1,T2,1.1ft,0.05s
4.17.2026 14:59:17,T0,T1,2.2ft,0.05s
4.17.2026 14:59:17,T0,T2,1.8ft,0.05s
4.17.2026 14:59:17,T1,T2,1.1ft,0.05s
4.17.2026 14:59:17,T0,T1,2.2ft,0.05s
4.17.2026 14:59:17,T0,T2,1.7ft,0.05s
4.17.2026 14:59:17,T1,T2,1.1ft,0.05s
4.17.2026 14:59:17,T0,T1,2.2ft,0.05s
4.17.2026 14:59:17,T0,T2,1.7ft,0.05s
4.17.2026 14:59:17,T1,T2,1.1ft,0.05s
4.17.2026 14:59:17,T0,T1,2.2ft,0.05s
4.17.2026 14:59:17,T0,T2,1.7ft,0.05s
4.17.2026 14:59:17,T1,T2,1.1ft,0.05s
4.17.2026 14:59:17,T0,T1,2.2ft,0.05s
4.17.2026 14:59:17,T0,T2,1.7ft,0.05s
4.17.2026 14:59:17,T1,T2,1.1ft,0.05s
4.17.2026 14:59:17,T0,T1,2.3ft,0.05s
4.17.2026 14:59:17,T0,T2,1.7ft,0.05s
4.17.2026 14:59:17,T1,T2,1.1ft,0.05s
4.17.2026 14:59:17,T0,T1,2.3ft,0.05s
4.17.2026 14:59:17,T0,T2,1.7ft,0.05s
4.17.2026 14:59:17,T1,T2,1.1ft,0.05s
4.17.2026 14:59:17,T0,T1,2.3ft,0.05s
4.17.2026 14:59:17,T0,T2,1.7ft,0.05s
4.17.2026 14:59:17,T1,T2,1.1ft,0.05s
4.17.2026 14:59:17,T0,T1,2.3ft,0.05s
4.17.2026 14:59:17,T0,T2,1.7ft,0.05s
4.17.2026 14:59:17,T1,T2,1.1ft,0.05s
4.17.2026 14:59:17,T0,T1,2.3ft,0.05s
4.17.2026 14:59:17,T0,T2,1.7ft,0.05s
4.17.2026 14:59:17,T1,T2,1.1ft,0.05s
4.17.2026 14:59:17,T0,T1,2.3ft,0.05s
4.17.2026 14:59:17,T0,T2,1.7ft,0.05s
4.17.2026 14:59:17,T1,T2,1.1ft,0.05s
4.17.2026 14:59:17,T0,T1,2.3ft,0.05s
4.17.2026 14:59:17,T0,T2,1.7ft,0.05s
4.17.2026 14:59:17,T1,T2,1.2ft,0.05s
4.17.2026 14:59:17,T0,T1,2.3ft,0.05s
4.17.2026 14:59:17,T0,T2,1.8ft,0.05s
4.17.2026 14:59:17,T1,T2,1.2ft,0.05s
4.17.2026 14:59:17,T0,T1,2.3ft,0.05s
4.17.2026 14:59:17,T0,T2,1.9ft,0.05s
4.17.2026 14:59:17,T1,T2,1.2ft,0.05s
4.17.2026 14:59:17,T0,T1,2.3ft,0.05s
4.17.2026 14:59:17,T0,T2,1.9ft,0.05s
4.17.2026 14:59:17,T1,T2,1.2ft,0.05s
4.17.2026 14:59:17,T0,T1,2.3ft,0.05s
4.17.2026 14:59:17,T0,T2,2.0ft,0.05s
4.17.2026 14:59:17,T1,T2,1.2ft,0.05s
4.17.2026 14:59:17,T0,T1,2.3ft,0.05s
4.17.2026 14:59:17,T0,T2,2.0ft,0.05s
4.17.2026 14:59:17,T1,T2,1.2ft,0.05s
4.17.2026 14:59:17,T0,T1,2.3ft,0.05s
4.17.2026 14:59:17,T0,T2,2.1ft,0.05s
4.17.2026 14:59:17,T1,T2,1.2ft,0.05s
4.17.2026 14:59:17,T0,T1,2.3ft,0.05s
4.17.2026 14:59:17,T0,T2,2.1ft,0.05s
4.17.2026 14:59:17,T1,T2,1.2ft,0.05s
4.17.2026 14:59:17,T0,T1,2.3ft,0.05s
4.17.2026 14:59:17,T0,T2,2.1ft,0.05s
4.17.2026 14:59:17,T1,T2,1.3ft,0.05s
4.17.2026 14:59:18,T0,T1,2.3ft,0.05s
4.17.2026 14:59:18,T0,T2,2.2ft,0.05s
4.17.2026 14:59:18,T1,T2,1.3ft,0.05s
4.17.2026 14:59:18,T0,T1,2.3ft,0.05s
4.17.2026 14:59:18,T0,T2,2.3ft,0.05s
4.17.2026 14:59:18,T1,T2,1.3ft,0.05s
4.17.2026 14:59:18,T0,T1,2.3ft,0.05s
4.17.2026 14:59:18,T0,T2,2.3ft,0.05s
4.17.2026 14:59:18,T1,T2,1.3ft,0.05s
4.17.2026 14:59:18,T0,T1,2.3ft,0.05s
4.17.2026 14:59:18,T0,T2,2.4ft,0.05s
4.17.2026 14:59:18,T1,T2,1.3ft,0.05s
4.17.2026 14:59:18,T0,T1,2.3ft,0.05s
4.17.2026 14:59:18,T0,T2,2.4ft,0.05s
4.17.2026 14:59:18,T1,T2,1.3ft,0.05s
4.17.2026 14:59:18,T0,T1,2.3ft,0.05s
4.17.2026 14:59:18,T0,T2,2.5ft,0.05s
4.17.2026 14:59:18,T1,T2,1.4ft,0.05s
4.17.2026 14:59:18,T0,T1,2.3ft,0.05s
4.17.2026 14:59:18,T0,T2,2.5ft,0.05s
4.17.2026 14:59:18,T1,T2,1.4ft,0.05s
4.17.2026 14:59:18,T0,T1,2.3ft,0.05s
4.17.2026 14:59:18,T0,T2,2.6ft,0.05s
4.17.2026 14:59:18,T1,T2,1.4ft,0.05s
4.17.2026 14:59:18,T0,T1,2.3ft,0.05s
4.17.2026 14:59:18,T0,T2,2.6ft,0.05s
4.17.2026 14:59:18,T1,T2,1.5ft,0.05s
4.17.2026 14:59:18,T0,T1,2.3ft,0.05s
4.17.2026 14:59:18,T0,T2,2.6ft,0.05s
4.17.2026 14:59:18,T1,T2,1.5ft,0.05s
4.17.2026 14:59:18,T0,T1,2.3ft,0.05s
4.17.2026 14:59:18,T0,T2,2.6ft,0.05s
4.17.2026 14:59:18,T1,T2,1.5ft,0.05s
4.17.2026 14:59:18,T0,T1,2.3ft,0.05s
4.17.2026 14:59:18,T0,T2,2.6ft,0.05s
4.17.2026 14:59:18,T1,T2,1.5ft,0.05s
4.17.2026 14:59:18,T0,T1,2.3ft,0.05s
4.17.2026 14:59:18,T0,T2,2.6ft,0.05s
4.17.2026 14:59:18,T1,T2,1.5ft,0.05s
4.17.2026 14:59:18,T0,T1,2.2ft,0.05s
4.17.2026 14:59:18,T0,T2,2.6ft,0.05s
4.17.2026 14:59:18,T1,T2,1.5ft,0.05s
4.17.2026 14:59:18,T0,T1,2.2ft,0.05s
4.17.2026 14:59:18,T0,T2,2.5ft,0.05s
4.17.2026 14:59:18,T1,T2,1.4ft,0.05s
4.17.2026 14:59:18,T0,T1,2.2ft,0.05s
4.17.2026 14:59:18,T0,T2,2.5ft,0.05s
4.17.2026 14:59:18,T1,T2,1.4ft,0.05s
4.17.2026 14:59:18,T0,T1,2.2ft,0.05s
4.17.2026 14:59:18,T0,T2,2.5ft,0.05s
4.17.2026 14:59:18,T1,T2,1.4ft,0.05s
4.17.2026 14:59:18,T0,T1,2.2ft,0.05s
4.17.2026 14:59:18,T0,T2,2.5ft,0.05s
4.17.2026 14:59:18,T1,T2,1.4ft,0.05s
4.17.2026 14:59:18,T0,T1,2.2ft,0.05s
4.17.2026 14:59:18,T0,T2,2.5ft,0.05s
4.17.2026 14:59:18,T1,T2,1.4ft,0.05s
4.17.2026 14:59:18,T0,T1,2.2ft,0.05s
4.17.2026 14:59:18,T0,T2,2.5ft,0.05s
4.17.2026 14:59:18,T1,T2,1.4ft,0.05s
4.17.2026 14:59:19,T0,T1,2.2ft,0.05s
4.17.2026 14:59:19,T0,T2,2.6ft,0.05s
4.17.2026 14:59:19,T1,T2,1.4ft,0.05s
4.17.2026 14:59:19,T0,T1,2.3ft,0.05s
4.17.2026 14:59:19,T0,T2,2.6ft,0.05s
4.17.2026 14:59:19,T1,T2,1.5ft,0.05s
4.17.2026 14:59:19,T0,T1,2.3ft,0.05s
4.17.2026 14:59:19,T0,T2,2.7ft,0.05s
4.17.2026 14:59:19,T1,T2,1.5ft,0.05s
4.17.2026 14:59:19,T0,T1,2.3ft,0.05s
4.17.2026 14:59:19,T0,T2,2.7ft,0.05s
4.17.2026 14:59:19,T1,T2,1.5ft,0.05s
4.17.2026 14:59:19,T0,T1,2.3ft,0.05s
4.17.2026 14:59:19,T0,T2,2.7ft,0.05s
4.17.2026 14:59:19,T1,T2,1.6ft,0.05s
4.17.2026 14:59:19,T0,T1,2.3ft,0.05s
4.17.2026 14:59:19,T0,T2,2.8ft,0.05s
4.17.2026 14:59:19,T1,T2,1.6ft,0.05s
4.17.2026 14:59:19,T0,T1,2.3ft,0.05s
4.17.2026 14:59:19,T0,T2,2.8ft,0.05s
4.17.2026 14:59:19,T1,T2,1.6ft,0.05s
4.17.2026 14:59:19,T0,T1,2.3ft,0.05s
4.17.2026 14:59:19,T0,T2,2.8ft,0.05s
4.17.2026 14:59:19,T1,T2,1.6ft,0.05s
4.17.2026 14:59:19,T0,T1,2.3ft,0.05s
4.17.2026 14:59:19,T0,T2,2.8ft,0.05s
4.17.2026 14:59:19,T1,T2,1.6ft,0.05s
4.17.2026 14:59:19,T0,T1,2.3ft,0.05s
4.17.2026 14:59:19,T0,T2,2.8ft,0.05s
4.17.2026 14:59:19,T1,T2,1.7ft,0.05s
4.17.2026 14:59:19,T0,T1,2.3ft,0.05s
4.17.2026 14:59:19,T0,T2,2.9ft,0.05s
4.17.2026 14:59:19,T1,T2,1.7ft,0.05s
4.17.2026 14:59:19,T0,T1,2.3ft,0.05s
4.17.2026 14:59:19,T0,T2,2.9ft,0.05s
4.17.2026 14:59:19,T1,T2,1.7ft,0.05s
4.17.2026 14:59:19,T0,T1,2.3ft,0.05s
4.17.2026 14:59:19,T0,T2,2.9ft,0.05s
4.17.2026 14:59:19,T1,T2,1.7ft,0.05s
4.17.2026 14:59:19,T0,T1,2.3ft,0.05s
4.17.2026 14:59:19,T0,T2,2.8ft,0.05s
4.17.2026 14:59:19,T1,T2,1.7ft,0.05s
4.17.2026 14:59:19,T0,T1,2.3ft,0.05s
4.17.2026 14:59:19,T0,T2,2.8ft,0.05s
4.17.2026 14:59:19,T1,T2,1.6ft,0.05s
4.17.2026 14:59:19,T0,T1,2.3ft,0.05s
4.17.2026 14:59:19,T0,T2,2.8ft,0.05s
4.17.2026 14:59:19,T1,T2,1.6ft,0.05s
4.17.2026 14:59:19,T0,T1,2.3ft,0.05s
4.17.2026 14:59:19,T0,T2,2.7ft,0.05s
4.17.2026 14:59:19,T1,T2,1.6ft,0.05s
4.17.2026 14:59:19,T0,T1,2.3ft,0.05s
4.17.2026 14:59:19,T0,T2,2.7ft,0.05s
4.17.2026 14:59:19,T1,T2,1.6ft,0.05s
4.17.2026 14:59:19,T0,T1,2.3ft,0.05s
4.17.2026 14:59:19,T0,T2,2.7ft,0.05s
4.17.2026 14:59:19,T1,T2,1.6ft,0.05s
4.17.2026 14:59:20,T0,T1,2.3ft,0.05s
4.17.2026 14:59:20,T0,T2,2.7ft,0.05s
4.17.2026 14:59:20,T1,T2,1.6ft,0.05s
4.17.2026 14:59:20,T0,T1,2.3ft,0.05s
4.17.2026 14:59:20,T0,T2,2.7ft,0.05s
4.17.2026 14:59:20,T1,T2,1.6ft,0.05s
4.17.2026 14:59:20,T0,T1,2.3ft,0.05s
4.17.2026 14:59:20,T0,T2,2.7ft,0.05s
4.17.2026 14:59:20,T1,T2,1.6ft,0.05s
4.17.2026 14:59:20,T0,T1,2.3ft,0.05s
4.17.2026 14:59:20,T0,T2,2.7ft,0.05s
4.17.2026 14:59:20,T1,T2,1.6ft,0.05s
4.17.2026 14:59:20,T0,T1,2.3ft,0.05s
4.17.2026 14:59:20,T0,T2,2.7ft,0.05s
4.17.2026 14:59:20,T1,T2,1.6ft,0.05s
4.17.2026 14:59:20,T0,T1,2.3ft,0.05s
4.17.2026 14:59:20,T0,T2,2.7ft,0.05s
4.17.2026 14:59:20,T1,T2,1.6ft,0.05s
4.17.2026 14:59:20,T0,T1,2.3ft,0.05s
4.17.2026 14:59:20,T0,T2,2.7ft,0.05s
4.17.2026 14:59:20,T1,T2,1.6ft,0.05s
4.17.2026 14:59:20,T0,T1,2.3ft,0.05s
4.17.2026 14:59:20,T0,T2,2.7ft,0.05s
4.17.2026 14:59:20,T1,T2,1.6ft,0.05s
4.17.2026 14:59:20,T0,T1,2.3ft,0.05s
4.17.2026 14:59:20,T0,T2,2.6ft,0.05s
4.17.2026 14:59:20,T1,T2,1.5ft,0.05s
4.17.2026 14:59:20,T0,T1,2.3ft,0.05s
4.17.2026 14:59:20,T0,T2,2.6ft,0.05s
4.17.2026 14:59:20,T1,T2,1.5ft,0.05s
4.17.2026 14:59:20,T0,T1,2.3ft,0.05s
4.17.2026 14:59:20,T0,T2,2.6ft,0.05s
4.17.2026 14:59:20,T1,T2,1.5ft,0.05s
4.17.2026 14:59:20,T0,T1,2.3ft,0.05s
4.17.2026 14:59:20,T0,T2,2.5ft,0.05s
4.17.2026 14:59:20,T1,T2,1.5ft,0.05s
4.17.2026 14:59:20,T0,T1,2.3ft,0.05s
4.17.2026 14:59:20,T0,T2,2.6ft,0.05s
4.17.2026 14:59:20,T1,T2,1.5ft,0.05s
4.17.2026 14:59:20,T0,T1,2.3ft,0.05s
4.17.2026 14:59:20,T0,T2,2.6ft,0.05s
4.17.2026 14:59:20,T1,T2,1.5ft,0.05s
4.17.2026 14:59:20,T0,T1,2.3ft,0.05s
4.17.2026 14:59:20,T0,T2,2.6ft,0.05s
4.17.2026 14:59:20,T1,T2,1.5ft,0.05s
4.17.2026 14:59:20,T0,T1,2.2ft,0.05s
4.17.2026 14:59:20,T0,T2,2.6ft,0.05s
4.17.2026 14:59:20,T1,T2,1.5ft,0.05s
4.17.2026 14:59:20,T0,T1,2.2ft,0.05s
4.17.2026 14:59:20,T0,T2,2.6ft,0.05s
4.17.2026 14:59:20,T1,T2,1.5ft,0.05s
4.17.2026 14:59:20,T0,T1,2.2ft,0.05s
4.17.2026 14:59:20,T0,T2,2.6ft,0.05s
4.17.2026 14:59:20,T1,T2,1.5ft,0.05s
4.17.2026 14:59:20,T0,T1,2.2ft,0.05s
4.17.2026 14:59:20,T0,T2,2.7ft,0.05s
4.17.2026 14:59:20,T1,T2,1.6ft,0.05s
4.17.2026 14:59:20,T0,T1,2.2ft,0.05s
4.17.2026 14:59:20,T0,T2,2.6ft,0.05s
4.17.2026 14:59:20,T1,T2,1.5ft,0.05s
4.17.2026 14:59:21,T0,T1,2.2ft,0.05s
4.17.2026 14:59:21,T0,T2,2.6ft,0.05s
4.17.2026 14:59:21,T1,T2,1.5ft,0.05s
4.17.2026 14:59:21,T0,T1,2.2ft,0.05s
4.17.2026 14:59:21,T0,T2,2.6ft,0.05s
4.17.2026 14:59:21,T1,T2,1.5ft,0.05s
4.17.2026 14:59:21,T0,T1,2.2ft,0.05s
4.17.2026 14:59:21,T0,T2,2.6ft,0.05s
4.17.2026 14:59:21,T1,T2,1.5ft,0.05s
4.17.2026 14:59:21,T0,T1,2.2ft,0.05s
4.17.2026 14:59:21,T0,T2,2.6ft,0.05s
4.17.2026 14:59:21,T1,T2,1.5ft,0.05s
4.17.2026 14:59:21,T0,T1,2.3ft,0.05s
4.17.2026 14:59:21,T0,T2,2.6ft,0.05s
4.17.2026 14:59:21,T1,T2,1.5ft,0.05s
4.17.2026 14:59:21,T0,T1,2.3ft,0.05s
4.17.2026 14:59:21,T0,T2,2.6ft,0.05s
4.17.2026 14:59:21,T1,T2,1.4ft,0.05s
4.17.2026 14:59:21,T0,T1,2.3ft,0.05s
4.17.2026 14:59:21,T0,T2,2.6ft,0.05s
4.17.2026 14:59:21,T1,T2,1.4ft,0.05s
4.17.2026 14:59:21,T0,T1,2.3ft,0.05s
4.17.2026 14:59:21,T0,T2,2.6ft,0.05s
4.17.2026 14:59:21,T1,T2,1.4ft,0.05s
4.17.2026 14:59:21,T0,T1,2.2ft,0.05s
4.17.2026 14:59:21,T0,T2,2.6ft,0.05s
4.17.2026 14:59:21,T1,T2,1.5ft,0.05s
4.17.2026 14:59:21,T0,T1,2.2ft,0.05s
4.17.2026 14:59:21,T0,T2,2.6ft,0.05s
4.17.2026 14:59:21,T1,T2,1.5ft,0.05s
4.17.2026 14:59:21,T0,T1,2.2ft,0.05s
4.17.2026 14:59:21,T0,T2,2.6ft,0.05s
4.17.2026 14:59:21,T1,T2,1.5ft,0.05s
4.17.2026 14:59:21,T0,T1,2.2ft,0.05s
4.17.2026 14:59:21,T0,T2,2.6ft,0.05s
4.17.2026 14:59:21,T1,T2,1.5ft,0.05s
4.17.2026 14:59:21,T0,T1,2.2ft,0.05s
4.17.2026 14:59:21,T0,T2,2.7ft,0.05s
4.17.2026 14:59:21,T1,T2,1.6ft,0.05s
4.17.2026 14:59:21,T0,T1,2.2ft,0.05s
4.17.2026 14:59:21,T0,T2,2.7ft,0.05s
4.17.2026 14:59:21,T1,T2,1.6ft,0.05s
4.17.2026 14:59:21,T0,T1,2.2ft,0.05s
4.17.2026 14:59:21,T0,T2,2.8ft,0.05s
4.17.2026 14:59:21,T1,T2,1.7ft,0.05s
4.17.2026 14:59:21,T0,T1,2.2ft,0.05s
4.17.2026 14:59:21,T0,T2,2.8ft,0.05s
4.17.2026 14:59:21,T1,T2,1.7ft,0.05s
4.17.2026 14:59:21,T0,T1,2.2ft,0.05s
4.17.2026 14:59:21,T0,T2,2.8ft,0.05s
4.17.2026 14:59:21,T1,T2,1.7ft,0.05s
4.17.2026 14:59:21,T0,T1,2.2ft,0.05s
4.17.2026 14:59:21,T0,T2,2.9ft,0.05s
4.17.2026 14:59:21,T1,T2,1.8ft,0.05s
4.17.2026 14:59:21,T0,T1,2.2ft,0.05s
4.17.2026 14:59:21,T0,T2,2.9ft,0.05s
4.17.2026 14:59:21,T1,T2,1.8ft,0.05s
4.17.2026 14:59:21,T0,T1,2.2ft,0.05s
4.17.2026 14:59:21,T0,T2,3.0ft,0.05s
4.17.2026 14:59:21,T1,T2,1.8ft,0.05s
4.17.2026 14:59:22,T0,T1,2.2ft,0.05s
4.17.2026 14:59:22,T0,T2,3.0ft,0.05s
4.17.2026 14:59:22,T1,T2,1.8ft,0.05s
4.17.2026 14:59:22,T0,T1,2.2ft,0.05s
4.17.2026 14:59:22,T0,T2,3.0ft,0.05s
4.17.2026 14:59:22,T1,T2,1.8ft,0.05s
4.17.2026 14:59:22,T0,T1,2.2ft,0.05s
4.17.2026 14:59:22,T0,T2,3.1ft,0.05s
4.17.2026 14:59:22,T1,T2,1.9ft,0.05s
4.17.2026 14:59:22,T0,T1,2.2ft,0.05s
4.17.2026 14:59:22,T0,T2,3.1ft,0.05s
4.17.2026 14:59:22,T1,T2,1.9ft,0.05s
4.17.2026 14:59:22,T0,T1,2.2ft,0.05s
4.17.2026 14:59:22,T0,T2,3.1ft,0.05s
4.17.2026 14:59:22,T1,T2,1.9ft,0.05s
4.17.2026 14:59:22,T0,T1,2.2ft,0.05s
4.17.2026 14:59:22,T0,T2,3.1ft,0.05s
4.17.2026 14:59:22,T1,T2,1.9ft,0.05s
4.17.2026 14:59:22,T0,T1,2.2ft,0.05s
4.17.2026 14:59:22,T0,T2,3.1ft,0.05s
4.17.2026 14:59:22,T1,T2,1.9ft,0.05s
4.17.2026 14:59:22,T0,T1,2.2ft,0.05s
4.17.2026 14:59:22,T0,T2,3.1ft,0.05s
4.17.2026 14:59:22,T1,T2,1.9ft,0.05s
4.17.2026 14:59:22,T0,T1,2.2ft,0.05s
4.17.2026 14:59:22,T0,T2,3.1ft,0.05s
4.17.2026 14:59:22,T1,T2,1.9ft,0.05s
4.17.2026 14:59:22,T0,T1,2.2ft,0.05s
4.17.2026 14:59:22,T0,T2,3.1ft,0.05s
4.17.2026 14:59:22,T1,T2,1.9ft,0.05s
4.17.2026 14:59:22,T0,T1,2.2ft,0.05s
4.17.2026 14:59:22,T0,T2,3.2ft,0.05s
4.17.2026 14:59:22,T1,T2,2.0ft,0.05s
4.17.2026 14:59:22,T0,T1,2.2ft,0.05s
4.17.2026 14:59:22,T0,T2,3.2ft,0.05s
4.17.2026 14:59:22,T1,T2,2.0ft,0.05s
4.17.2026 14:59:22,T0,T1,2.1ft,0.05s
4.17.2026 14:59:22,T0,T2,3.2ft,0.05s
4.17.2026 14:59:22,T1,T2,2.0ft,0.05s
4.17.2026 14:59:22,T0,T1,2.1ft,0.05s
4.17.2026 14:59:22,T0,T2,3.2ft,0.05s
4.17.2026 14:59:22,T1,T2,2.0ft,0.05s
4.17.2026 14:59:22,T0,T1,2.1ft,0.05s
4.17.2026 14:59:22,T0,T2,3.2ft,0.05s
4.17.2026 14:59:22,T1,T2,2.0ft,0.05s
4.17.2026 14:59:22,T0,T1,2.1ft,0.05s
4.17.2026 14:59:22,T0,T2,3.2ft,0.05s
4.17.2026 14:59:22,T1,T2,2.0ft,0.05s
4.17.2026 14:59:22,T0,T1,2.1ft,0.05s
4.17.2026 14:59:22,T0,T2,3.2ft,0.05s
4.17.2026 14:59:22,T1,T2,2.1ft,0.05s
4.17.2026 14:59:22,T0,T1,2.1ft,0.05s
4.17.2026 14:59:22,T0,T2,3.2ft,0.05s
4.17.2026 14:59:22,T1,T2,2.1ft,0.05s
4.17.2026 14:59:22,T0,T1,2.1ft,0.05s
4.17.2026 14:59:22,T0,T2,3.2ft,0.05s
4.17.2026 14:59:22,T1,T2,2.1ft,0.05s
4.17.2026 14:59:23,T0,T1,2.1ft,0.05s
4.17.2026 14:59:23,T0,T2,3.3ft,0.05s
4.17.2026 14:59:23,T1,T2,2.1ft,0.05s
4.17.2026 14:59:23,T0,T1,2.1ft,0.05s
4.17.2026 14:59:23,T0,T2,3.3ft,0.05s
4.17.2026 14:59:23,T1,T2,2.1ft,0.05s
4.17.2026 14:59:23,T0,T1,2.1ft,0.05s
4.17.2026 14:59:23,T0,T2,3.3ft,0.05s
4.17.2026 14:59:23,T1,T2,2.1ft,0.05s
4.17.2026 14:59:23,T0,T1,2.1ft,0.05s
4.17.2026 14:59:23,T0,T2,3.3ft,0.05s
4.17.2026 14:59:23,T1,T2,2.1ft,0.05s
4.17.2026 14:59:23,T0,T1,2.1ft,0.05s
4.17.2026 14:59:23,T0,T2,3.3ft,0.05s
4.17.2026 14:59:23,T1,T2,2.1ft,0.05s
4.17.2026 14:59:23,T0,T1,2.1ft,0.05s
4.17.2026 14:59:23,T0,T2,3.3ft,0.05s
4.17.2026 14:59:23,T1,T2,2.1ft,0.05s
4.17.2026 14:59:23,T0,T1,2.1ft,0.05s
4.17.2026 14:59:23,T0,T2,3.3ft,0.05s
4.17.2026 14:59:23,T1,T2,2.1ft,0.05s
4.17.2026 14:59:23,T0,T1,2.1ft,0.05s
4.17.2026 14:59:23,T0,T2,3.3ft,0.05s
4.17.2026 14:59:23,T1,T2,2.0ft,0.05s
4.17.2026 14:59:23,T0,T1,2.2ft,0.05s
4.17.2026 14:59:23,T0,T2,3.3ft,0.05s
4.17.2026 14:59:23,T1,T2,2.0ft,0.05s
4.17.2026 14:59:23,T0,T1,2.2ft,0.05s
4.17.2026 14:59:23,T0,T2,3.3ft,0.05s
4.17.2026 14:59:23,T1,T2,2.0ft,0.05s
4.17.2026 14:59:23,T0,T1,2.2ft,0.05s
4.17.2026 14:59:23,T0,T2,3.2ft,0.05s
4.17.2026 14:59:23,T1,T2,1.9ft,0.05s
4.17.2026 14:59:23,T0,T1,2.3ft,0.05s
4.17.2026 14:59:23,T0,T2,3.2ft,0.05s
4.17.2026 14:59:23,T1,T2,1.8ft,0.05s
4.17.2026 14:59:23,T0,T1,2.3ft,0.05s
4.17.2026 14:59:23,T0,T2,3.2ft,0.05s
4.17.2026 14:59:23,T1,T2,1.8ft,0.05s
4.17.2026 14:59:23,T0,T1,2.4ft,0.05s
4.17.2026 14:59:23,T0,T2,3.1ft,0.05s
4.17.2026 14:59:23,T1,T2,1.7ft,0.05s
4.17.2026 14:59:23,T0,T1,2.4ft,0.05s
4.17.2026 14:59:23,T0,T2,3.0ft,0.05s
4.17.2026 14:59:23,T1,T2,1.6ft,0.05s
4.17.2026 14:59:23,T0,T1,2.4ft,0.05s
4.17.2026 14:59:23,T0,T2,3.0ft,0.05s
4.17.2026 14:59:23,T1,T2,1.6ft,0.05s
4.17.2026 14:59:23,T0,T1,2.4ft,0.05s
4.17.2026 14:59:23,T0,T2,3.0ft,0.05s
4.17.2026 14:59:23,T1,T2,1.5ft,0.05s
4.17.2026 14:59:23,T0,T1,2.4ft,0.05s
4.17.2026 14:59:23,T0,T2,2.9ft,0.05s
4.17.2026 14:59:23,T1,T2,1.5ft,0.05s
4.17.2026 14:59:23,T0,T1,2.4ft,0.05s
4.17.2026 14:59:23,T0,T2,2.9ft,0.05s
4.17.2026 14:59:23,T1,T2,1.5ft,0.05s
4.17.2026 14:59:23,T0,T1,2.4ft,0.05s
4.17.2026 14:59:23,T0,T2,2.9ft,0.05s
4.17.2026 14:59:23,T1,T2,1.5ft,0.05s
4.17.2026 14:59:24,T0,T1,2.4ft,0.05s
4.17.2026 14:59:24,T0,T2,2.8ft,0.05s
4.17.2026 14:59:24,T1,T2,1.5ft,0.05s
4.17.2026 14:59:24,T0,T1,2.4ft,0.05s
4.17.2026 14:59:24,T0,T2,2.9ft,0.05s
4.17.2026 14:59:24,T1,T2,1.5ft,0.05s
4.17.2026 14:59:24,T0,T1,2.4ft,0.05s
4.17.2026 14:59:24,T0,T2,2.9ft,0.05s
4.17.2026 14:59:24,T1,T2,1.5ft,0.05s
4.17.2026 14:59:24,T0,T1,2.3ft,0.05s
4.17.2026 14:59:24,T0,T2,2.9ft,0.05s
4.17.2026 14:59:24,T1,T2,1.6ft,0.05s
4.17.2026 14:59:24,T0,T1,2.3ft,0.05s
4.17.2026 14:59:24,T0,T2,2.9ft,0.05s
4.17.2026 14:59:24,T1,T2,1.6ft,0.05s
4.17.2026 14:59:24,T0,T1,2.3ft,0.05s
4.17.2026 14:59:24,T0,T2,3.0ft,0.05s
4.17.2026 14:59:24,T1,T2,1.7ft,0.05s
4.17.2026 14:59:24,T0,T1,2.3ft,0.05s
4.17.2026 14:59:24,T0,T2,3.0ft,0.05s
4.17.2026 14:59:24,T1,T2,1.7ft,0.05s
4.17.2026 14:59:24,T0,T1,2.3ft,0.05s
4.17.2026 14:59:24,T0,T2,3.0ft,0.05s
4.17.2026 14:59:24,T1,T2,1.7ft,0.05s
4.17.2026 14:59:24,T0,T1,2.3ft,0.05s
4.17.2026 14:59:24,T0,T2,2.9ft,0.05s
4.17.2026 14:59:24,T1,T2,1.6ft,0.05s
4.17.2026 14:59:24,T0,T1,2.3ft,0.05s
4.17.2026 14:59:24,T0,T2,2.8ft,0.05s
4.17.2026 14:59:24,T1,T2,1.6ft,0.05s
4.17.2026 14:59:24,T0,T1,2.3ft,0.05s
4.17.2026 14:59:24,T0,T2,2.8ft,0.05s
4.17.2026 14:59:24,T1,T2,1.6ft,0.05s
4.17.2026 14:59:24,T0,T1,2.3ft,0.05s
4.17.2026 14:59:24,T0,T2,2.8ft,0.05s
4.17.2026 14:59:24,T1,T2,1.6ft,0.05s
4.17.2026 14:59:24,T0,T1,2.3ft,0.05s
4.17.2026 14:59:24,T0,T2,2.8ft,0.05s
4.17.2026 14:59:24,T1,T2,1.6ft,0.05s
4.17.2026 14:59:24,T0,T1,2.3ft,0.05s
4.17.2026 14:59:24,T0,T2,2.8ft,0.05s
4.17.2026 14:59:24,T1,T2,1.6ft,0.05s
4.17.2026 14:59:24,T0,T1,2.3ft,0.05s
4.17.2026 14:59:24,T0,T2,2.7ft,0.05s
4.17.2026 14:59:24,T1,T2,1.6ft,0.05s
4.17.2026 14:59:24,T0,T1,2.3ft,0.05s
4.17.2026 14:59:24,T0,T2,2.7ft,0.05s
4.17.2026 14:59:24,T1,T2,1.5ft,0.05s
4.17.2026 14:59:24,T0,T1,2.3ft,0.05s
4.17.2026 14:59:24,T0,T2,2.7ft,0.05s
4.17.2026 14:59:24,T1,T2,1.5ft,0.05s
4.17.2026 14:59:24,T0,T1,2.3ft,0.05s
4.17.2026 14:59:24,T0,T2,2.6ft,0.05s
4.17.2026 14:59:24,T1,T2,1.5ft,0.05s
4.17.2026 14:59:24,T0,T1,2.3ft,0.05s
4.17.2026 14:59:24,T0,T2,2.6ft,0.05s
4.17.2026 14:59:24,T1,T2,1.5ft,0.05s
4.17.2026 14:59:24,T0,T1,2.3ft,0.05s
4.17.2026 14:59:24,T0,T2,2.6ft,0.05s
4.17.2026 14:59:24,T1,T2,1.5ft,0.05s
4.17.2026 14:59:25,T0,T1,2.3ft,0.05s
4.17.2026 14:59:25,T0,T2,2.6ft,0.05s
4.17.2026 14:59:25,T1,T2,1.5ft,0.05s
4.17.2026 14:59:25,T0,T1,2.3ft,0.05s
4.17.2026 14:59:25,T0,T2,2.6ft,0.05s
4.17.2026 14:59:25,T1,T2,1.5ft,0.05s
4.17.2026 14:59:25,T0,T1,2.3ft,0.05s
4.17.2026 14:59:25,T0,T2,2.6ft,0.05s
4.17.2026 14:59:25,T1,T2,1.5ft,0.05s
4.17.2026 14:59:25,T0,T1,2.3ft,0.05s
4.17.2026 14:59:25,T0,T2,2.6ft,0.05s
4.17.2026 14:59:25,T1,T2,1.5ft,0.05s
4.17.2026 14:59:25,T0,T1,2.3ft,0.05s
4.17.2026 14:59:25,T0,T2,2.6ft,0.05s
4.17.2026 14:59:25,T1,T2,1.5ft,0.05s
4.17.2026 14:59:25,T0,T1,2.3ft,0.05s
4.17.2026 14:59:25,T0,T2,2.5ft,0.05s
4.17.2026 14:59:25,T1,T2,1.4ft,0.05s
4.17.2026 14:59:25,T0,T1,2.3ft,0.05s
4.17.2026 14:59:25,T0,T2,2.5ft,0.05s
4.17.2026 14:59:25,T1,T2,1.4ft,0.05s
4.17.2026 14:59:25,T0,T1,2.3ft,0.05s
4.17.2026 14:59:25,T0,T2,2.5ft,0.05s
4.17.2026 14:59:25,T1,T2,1.4ft,0.05s
4.17.2026 14:59:25,T0,T1,2.3ft,0.05s
4.17.2026 14:59:25,T0,T2,2.5ft,0.05s
4.17.2026 14:59:25,T1,T2,1.4ft,0.05s
4.17.2026 14:59:25,T0,T1,2.3ft,0.05s
4.17.2026 14:59:25,T0,T2,2.5ft,0.05s
4.17.2026 14:59:25,T1,T2,1.4ft,0.05s
4.17.2026 14:59:25,T0,T1,2.3ft,0.05s
4.17.2026 14:59:25,T0,T2,2.4ft,0.05s
4.17.2026 14:59:25,T1,T2,1.4ft,0.05s
4.17.2026 14:59:25,T0,T1,2.3ft,0.05s
4.17.2026 14:59:25,T0,T2,2.5ft,0.05s
4.17.2026 14:59:25,T1,T2,1.4ft,0.05s
4.17.2026 14:59:25,T0,T1,2.3ft,0.05s
4.17.2026 14:59:25,T0,T2,2.6ft,0.05s
4.17.2026 14:59:25,T1,T2,1.5ft,0.05s
4.17.2026 14:59:25,T0,T1,2.3ft,0.05s
4.17.2026 14:59:25,T0,T2,2.7ft,0.05s
4.17.2026 14:59:25,T1,T2,1.5ft,0.05s
4.17.2026 14:59:25,T0,T1,2.3ft,0.05s
4.17.2026 14:59:25,T0,T2,2.7ft,0.05s
4.17.2026 14:59:25,T1,T2,1.6ft,0.05s
4.17.2026 14:59:25,T0,T1,2.2ft,0.05s
4.17.2026 14:59:25,T0,T2,2.7ft,0.05s
4.17.2026 14:59:25,T1,T2,1.6ft,0.05s
4.17.2026 14:59:25,T0,T1,2.2ft,0.05s
4.17.2026 14:59:25,T0,T2,2.8ft,0.05s
4.17.2026 14:59:25,T1,T2,1.6ft,0.05s
4.17.2026 14:59:25,T0,T1,2.2ft,0.05s
4.17.2026 14:59:25,T0,T2,2.9ft,0.05s
4.17.2026 14:59:25,T1,T2,1.7ft,0.05s
4.17.2026 14:59:25,T0,T1,2.2ft,0.05s
4.17.2026 14:59:25,T0,T2,2.9ft,0.05s
4.17.2026 14:59:25,T1,T2,1.7ft,0.05s
4.17.2026 14:59:25,T0,T1,2.2ft,0.05s
4.17.2026 14:59:25,T0,T2,2.9ft,0.05s
4.17.2026 14:59:25,T1,T2,1.7ft,0.05s
4.17.2026 14:59:26,T0,T1,2.2ft,0.05s
4.17.2026 14:59:26,T0,T2,2.9ft,0.05s
4.17.2026 14:59:26,T1,T2,1.7ft,0.05s
4.17.2026 14:59:26,T0,T1,2.2ft,0.05s
4.17.2026 14:59:26,T0,T2,2.8ft,0.05s
4.17.2026 14:59:26,T1,T2,1.7ft,0.05s
4.17.2026 14:59:26,T0,T1,2.2ft,0.05s
4.17.2026 14:59:26,T0,T2,2.8ft,0.05s
4.17.2026 14:59:26,T1,T2,1.6ft,0.05s
4.17.2026 14:59:26,T0,T1,2.2ft,0.05s
4.17.2026 14:59:26,T0,T2,2.7ft,0.05s
4.17.2026 14:59:26,T1,T2,1.6ft,0.05s
4.17.2026 14:59:26,T0,T1,2.2ft,0.05s
4.17.2026 14:59:26,T0,T2,2.6ft,0.05s
4.17.2026 14:59:26,T1,T2,1.5ft,0.05s
4.17.2026 14:59:26,T0,T1,2.2ft,0.05s
4.17.2026 14:59:26,T0,T2,2.6ft,0.05s
4.17.2026 14:59:26,T1,T2,1.5ft,0.05s
4.17.2026 14:59:26,T0,T1,2.2ft,0.05s
4.17.2026 14:59:26,T0,T2,2.5ft,0.05s
4.17.2026 14:59:26,T1,T2,1.5ft,0.05s
4.17.2026 14:59:26,T0,T1,2.2ft,0.05s
4.17.2026 14:59:26,T0,T2,2.5ft,0.05s
4.17.2026 14:59:26,T1,T2,1.4ft,0.05s
4.17.2026 14:59:26,T0,T1,2.2ft,0.05s
4.17.2026 14:59:26,T0,T2,2.4ft,0.05s
4.17.2026 14:59:26,T1,T2,1.4ft,0.05s
4.17.2026 14:59:26,T0,T1,2.2ft,0.05s
4.17.2026 14:59:26,T0,T2,2.4ft,0.05s
4.17.2026 14:59:26,T1,T2,1.4ft,0.05s
4.17.2026 14:59:26,T0,T1,2.2ft,0.05s
4.17.2026 14:59:26,T0,T2,2.4ft,0.05s
4.17.2026 14:59:26,T1,T2,1.4ft,0.05s
4.17.2026 14:59:26,T0,T1,2.2ft,0.06s
4.17.2026 14:59:26,T0,T2,2.4ft,0.06s
4.17.2026 14:59:26,T1,T2,1.4ft,0.06s
4.17.2026 14:59:26,T0,T1,2.2ft,0.05s
4.17.2026 14:59:26,T0,T2,2.4ft,0.05s
4.17.2026 14:59:26,T1,T2,1.4ft,0.05s
4.17.2026 14:59:26,T0,T1,2.2ft,0.05s
4.17.2026 14:59:26,T0,T2,2.4ft,0.05s
4.17.2026 14:59:26,T1,T2,1.4ft,0.05s
4.17.2026 14:59:26,T0,T1,2.2ft,0.05s
4.17.2026 14:59:26,T0,T2,2.5ft,0.05s
4.17.2026 14:59:26,T1,T2,1.5ft,0.05s
4.17.2026 14:59:26,T0,T1,2.2ft,0.05s
4.17.2026 14:59:26,T0,T2,2.5ft,0.05s
4.17.2026 14:59:26,T1,T2,1.5ft,0.05s
4.17.2026 14:59:26,T0,T1,2.2ft,0.05s
4.17.2026 14:59:26,T0,T2,2.6ft,0.05s
4.17.2026 14:59:26,T1,T2,1.6ft,0.05s
4.17.2026 14:59:26,T0,T1,2.2ft,0.05s
4.17.2026 14:59:26,T0,T2,2.6ft,0.05s
4.17.2026 14:59:26,T1,T2,1.6ft,0.05s
4.17.2026 14:59:26,T0,T1,2.2ft,0.05s
4.17.2026 14:59:26,T0,T2,2.7ft,0.05s
4.17.2026 14:59:26,T1,T2,1.6ft,0.05s
4.17.2026 14:59:27,T0,T1,2.2ft,0.05s
4.17.2026 14:59:27,T0,T2,2.7ft,0.05s
4.17.2026 14:59:27,T1,T2,1.6ft,0.05s
4.17.2026 14:59:27,T0,T1,2.2ft,0.05s
4.17.2026 14:59:27,T0,T2,2.7ft,0.05s
4.17.2026 14:59:27,T1,T2,1.6ft,0.05s
4.17.2026 14:59:27,T0,T1,2.1ft,0.05s
4.17.2026 14:59:27,T0,T2,2.6ft,0.05s
4.17.2026 14:59:27,T1,T2,1.6ft,0.05s
4.17.2026 14:59:27,T0,T1,2.1ft,0.05s
4.17.2026 14:59:27,T0,T2,2.6ft,0.05s
4.17.2026 14:59:27,T1,T2,1.6ft,0.05s
4.17.2026 14:59:27,T0,T1,2.1ft,0.05s
4.17.2026 14:59:27,T0,T2,2.6ft,0.05s
4.17.2026 14:59:27,T1,T2,1.6ft,0.05s
4.17.2026 14:59:27,T0,T1,2.1ft,0.05s
4.17.2026 14:59:27,T0,T2,2.5ft,0.05s
4.17.2026 14:59:27,T1,T2,1.5ft,0.05s
4.17.2026 14:59:27,T0,T1,2.1ft,0.05s
4.17.2026 14:59:27,T0,T2,2.5ft,0.05s
4.17.2026 14:59:27,T1,T2,1.5ft,0.05s
4.17.2026 14:59:27,T0,T1,2.1ft,0.05s
4.17.2026 14:59:27,T0,T2,2.5ft,0.05s
4.17.2026 14:59:27,T1,T2,1.5ft,0.05s
4.17.2026 14:59:27,T0,T1,2.1ft,0.05s
4.17.2026 14:59:27,T0,T2,2.5ft,0.05s
4.17.2026 14:59:27,T1,T2,1.5ft,0.05s
4.17.2026 14:59:27,T0,T1,2.1ft,0.05s
4.17.2026 14:59:27,T0,T2,2.5ft,0.05s
4.17.2026 14:59:27,T1,T2,1.5ft,0.05s
4.17.2026 14:59:27,T0,T1,2.1ft,0.05s
4.17.2026 14:59:27,T0,T2,2.5ft,0.05s
4.17.2026 14:59:27,T1,T2,1.5ft,0.05s
4.17.2026 14:59:27,T0,T1,2.1ft,0.05s
4.17.2026 14:59:27,T0,T2,2.5ft,0.05s
4.17.2026 14:59:27,T1,T2,1.5ft,0.05s
4.17.2026 14:59:27,T0,T1,2.1ft,0.05s
4.17.2026 14:59:27,T0,T2,2.5ft,0.05s
4.17.2026 14:59:27,T1,T2,1.5ft,0.05s
4.17.2026 14:59:27,T0,T1,2.1ft,0.05s
4.17.2026 14:59:27,T0,T2,2.5ft,0.05s
4.17.2026 14:59:27,T1,T2,1.5ft,0.05s
4.17.2026 14:59:27,T0,T1,2.1ft,0.05s
4.17.2026 14:59:27,T0,T2,2.6ft,0.05s
4.17.2026 14:59:27,T1,T2,1.5ft,0.05s
4.17.2026 14:59:27,T0,T1,2.1ft,0.05s
4.17.2026 14:59:27,T0,T2,2.6ft,0.05s
4.17.2026 14:59:27,T1,T2,1.5ft,0.05s
4.17.2026 14:59:27,T0,T1,2.1ft,0.05s
4.17.2026 14:59:27,T0,T2,2.6ft,0.05s
4.17.2026 14:59:27,T1,T2,1.5ft,0.05s
4.17.2026 14:59:27,T0,T1,2.1ft,0.05s
4.17.2026 14:59:27,T0,T2,2.5ft,0.05s
4.17.2026 14:59:27,T1,T2,1.5ft,0.05s
4.17.2026 14:59:27,T0,T1,2.1ft,0.05s
4.17.2026 14:59:27,T0,T2,2.5ft,0.05s
4.17.2026 14:59:27,T1,T2,1.5ft,0.05s
4.17.2026 14:59:27,T0,T1,2.1ft,0.05s
4.17.2026 14:59:27,T0,T2,2.5ft,0.05s
4.17.2026 14:59:27,T1,T2,1.5ft,0.05s
4.17.2026 14:59:28,T0,T1,2.1ft,0.05s
4.17.2026 14:59:28,T0,T2,2.5ft,0.05s
4.17.2026 14:59:28,T1,T2,1.5ft,0.05s
4.17.2026 14:59:28,T0,T1,2.1ft,0.05s
4.17.2026 14:59:28,T0,T2,2.5ft,0.05s
4.17.2026 14:59:28,T1,T2,1.5ft,0.05s
4.17.2026 14:59:28,T0,T1,2.1ft,0.05s
4.17.2026 14:59:28,T0,T2,2.5ft,0.05s
4.17.2026 14:59:28,T1,T2,1.5ft,0.05s
4.17.2026 14:59:28,T0,T1,2.1ft,0.05s
4.17.2026 14:59:28,T0,T2,2.5ft,0.05s
4.17.2026 14:59:28,T1,T2,1.4ft,0.05s
4.17.2026 14:59:28,T0,T1,2.1ft,0.05s
4.17.2026 14:59:28,T0,T2,2.5ft,0.05s
4.17.2026 14:59:28,T1,T2,1.4ft,0.05s
4.17.2026 14:59:28,T0,T1,2.1ft,0.05s
4.17.2026 14:59:28,T0,T2,2.5ft,0.05s
4.17.2026 14:59:28,T1,T2,1.4ft,0.05s
4.17.2026 14:59:28,T0,T1,2.1ft,0.05s
4.17.2026 14:59:28,T0,T2,2.5ft,0.05s
4.17.2026 14:59:28,T1,T2,1.5ft,0.05s
4.17.2026 14:59:28,T0,T1,2.1ft,0.05s
4.17.2026 14:59:28,T0,T2,2.5ft,0.05s
4.17.2026 14:59:28,T1,T2,1.5ft,0.05s
4.17.2026 14:59:28,T0,T1,2.1ft,0.05s
4.17.2026 14:59:28,T0,T2,2.5ft,0.05s
4.17.2026 14:59:28,T1,T2,1.5ft,0.05s
4.17.2026 14:59:28,T0,T1,2.1ft,0.05s
4.17.2026 14:59:28,T0,T2,2.6ft,0.05s
4.17.2026 14:59:28,T1,T2,1.5ft,0.05s
4.17.2026 14:59:28,T0,T1,2.1ft,0.05s
4.17.2026 14:59:28,T0,T2,2.6ft,0.05s
4.17.2026 14:59:28,T1,T2,1.5ft,0.05s
4.17.2026 14:59:28,T0,T1,2.1ft,0.05s
4.17.2026 14:59:28,T0,T2,2.6ft,0.05s
4.17.2026 14:59:28,T1,T2,1.5ft,0.05s
4.17.2026 14:59:28,T0,T1,2.1ft,0.05s
4.17.2026 14:59:28,T0,T2,2.6ft,0.05s
4.17.2026 14:59:28,T1,T2,1.5ft,0.05s
4.17.2026 14:59:28,T0,T1,2.1ft,0.05s
4.17.2026 14:59:28,T0,T2,2.6ft,0.05s
4.17.2026 14:59:28,T1,T2,1.6ft,0.05s
4.17.2026 14:59:28,T0,T1,2.1ft,0.05s
4.17.2026 14:59:28,T0,T2,2.6ft,0.05s
4.17.2026 14:59:28,T1,T2,1.6ft,0.05s
4.17.2026 14:59:28,T0,T1,2.1ft,0.05s
4.17.2026 14:59:28,T0,T2,2.7ft,0.05s
4.17.2026 14:59:28,T1,T2,1.6ft,0.05s
4.17.2026 14:59:28,T0,T1,2.1ft,0.05s
4.17.2026 14:59:28,T0,T2,2.7ft,0.05s
4.17.2026 14:59:28,T1,T2,1.6ft,0.05s
4.17.2026 14:59:28,T0,T1,2.1ft,0.05s
4.17.2026 14:59:28,T0,T2,2.8ft,0.05s
4.17.2026 14:59:28,T1,T2,1.7ft,0.05s
4.17.2026 14:59:28,T0,T1,2.1ft,0.05s
4.17.2026 14:59:28,T0,T2,2.9ft,0.05s
4.17.2026 14:59:28,T1,T2,1.8ft,0.05s
4.17.2026 14:59:28,T0,T1,2.1ft,0.05s
4.17.2026 14:59:28,T0,T2,2.9ft,0.05s
4.17.2026 14:59:28,T1,T2,1.8ft,0.05s
4.17.2026 14:59:29,T0,T1,2.1ft,0.05s
4.17.2026 14:59:29,T0,T2,3.0ft,0.05s
4.17.2026 14:59:29,T1,T2,1.9ft,0.05s
4.17.2026 14:59:29,T0,T1,2.1ft,0.05s
4.17.2026 14:59:29,T0,T2,3.2ft,0.05s
4.17.2026 14:59:29,T1,T2,2.0ft,0.05s
4.17.2026 14:59:29,T0,T1,2.1ft,0.05s
4.17.2026 14:59:29,T0,T2,3.3ft,0.05s
4.17.2026 14:59:29,T1,T2,2.2ft,0.05s
4.17.2026 14:59:29,T0,T1,2.1ft,0.05s
4.17.2026 14:59:29,T0,T2,3.6ft,0.05s
4.17.2026 14:59:29,T1,T2,2.4ft,0.05s
4.17.2026 14:59:29,T0,T1,2.1ft,0.05s
4.17.2026 14:59:29,T0,T2,3.9ft,0.05s
4.17.2026 14:59:29,T1,T2,2.7ft,0.05s
4.17.2026 14:59:29,T0,T1,2.1ft,0.05s
4.17.2026 14:59:29,T0,T2,4.1ft,0.05s
4.17.2026 14:59:29,T1,T2,2.9ft,0.05s
4.17.2026 14:59:29,T0,T1,2.1ft,0.05s
4.17.2026 14:59:29,T0,T2,4.3ft,0.05s
4.17.2026 14:59:29,T1,T2,3.1ft,0.05s
4.17.2026 14:59:29,T0,T1,2.1ft,0.05s
4.17.2026 14:59:29,T0,T2,4.5ft,0.05s
4.17.2026 14:59:29,T1,T2,3.2ft,0.05s
4.17.2026 14:59:29,T0,T1,2.1ft,0.05s
4.17.2026 14:59:29,T0,T2,4.5ft,0.05s
4.17.2026 14:59:29,T1,T2,3.2ft,0.05s
4.17.2026 14:59:29,T0,T1,2.1ft,0.05s
4.17.2026 14:59:29,T0,T2,4.5ft,0.05s
4.17.2026 14:59:29,T1,T2,3.2ft,0.05s
4.17.2026 14:59:29,T0,T1,2.1ft,0.05s
4.17.2026 14:59:29,T0,T2,4.3ft,0.05s
4.17.2026 14:59:29,T1,T2,3.0ft,0.05s
4.17.2026 14:59:29,T0,T1,2.2ft,0.05s
4.17.2026 14:59:29,T0,T2,4.1ft,0.05s
4.17.2026 14:59:29,T1,T2,2.9ft,0.05s
4.17.2026 14:59:29,T0,T1,2.2ft,0.05s
4.17.2026 14:59:29,T0,T2,3.9ft,0.05s
4.17.2026 14:59:29,T1,T2,2.7ft,0.05s
4.17.2026 14:59:29,T0,T1,2.2ft,0.05s
4.17.2026 14:59:29,T0,T2,3.7ft,0.05s
4.17.2026 14:59:29,T1,T2,2.5ft,0.05s
4.17.2026 14:59:29,T0,T1,2.2ft,0.05s
4.17.2026 14:59:29,T0,T2,3.6ft,0.05s
4.17.2026 14:59:29,T1,T2,2.3ft,0.05s
4.17.2026 14:59:29,T0,T1,2.2ft,0.05s
4.17.2026 14:59:29,T0,T2,3.4ft,0.05s
4.17.2026 14:59:29,T1,T2,2.2ft,0.05s
4.17.2026 14:59:29,T0,T1,2.2ft,0.05s
4.17.2026 14:59:29,T0,T2,3.2ft,0.05s
4.17.2026 14:59:29,T1,T2,2.0ft,0.05s
4.17.2026 14:59:29,T0,T1,2.2ft,0.05s
4.17.2026 14:59:29,T0,T2,3.1ft,0.05s
4.17.2026 14:59:29,T1,T2,1.9ft,0.05s
4.17.2026 14:59:29,T0,T1,2.2ft,0.05s
4.17.2026 14:59:29,T0,T2,2.9ft,0.05s
4.17.2026 14:59:29,T1,T2,1.8ft,0.05s
4.17.2026 14:59:30,T0,T1,2.2ft,0.05s
4.17.2026 14:59:30,T0,T2,2.8ft,0.05s
4.17.2026 14:59:30,T1,T2,1.7ft,0.05s
4.17.2026 14:59:30,T0,T1,2.2ft,0.05s
4.17.2026 14:59:30,T0,T2,2.7ft,0.05s
4.17.2026 14:59:30,T1,T2,1.6ft,0.05s
4.17.2026 14:59:30,T0,T1,2.2ft,0.05s
4.17.2026 14:59:30,T0,T2,2.6ft,0.05s
4.17.2026 14:59:30,T1,T2,1.5ft,0.05s
4.17.2026 14:59:30,T0,T1,2.2ft,0.05s
4.17.2026 14:59:30,T0,T2,2.5ft,0.05s
4.17.2026 14:59:30,T1,T2,1.5ft,0.05s
4.17.2026 14:59:30,T0,T1,2.2ft,0.05s
4.17.2026 14:59:30,T0,T2,2.4ft,0.05s
4.17.2026 14:59:30,T1,T2,1.4ft,0.05s
4.17.2026 14:59:30,T0,T1,2.2ft,0.05s
4.17.2026 14:59:30,T0,T2,2.4ft,0.05s
4.17.2026 14:59:30,T1,T2,1.4ft,0.05s
4.17.2026 14:59:30,T0,T1,2.2ft,0.05s
4.17.2026 14:59:30,T0,T2,2.3ft,0.05s
4.17.2026 14:59:30,T1,T2,1.4ft,0.05s
4.17.2026 14:59:30,T0,T1,2.2ft,0.05s
4.17.2026 14:59:30,T0,T2,2.3ft,0.05s
4.17.2026 14:59:30,T1,T2,1.3ft,0.05s
4.17.2026 14:59:30,T0,T1,2.1ft,0.05s
4.17.2026 14:59:30,T0,T2,2.2ft,0.05s
4.17.2026 14:59:30,T1,T2,1.3ft,0.05s
4.17.2026 14:59:30,T0,T1,2.1ft,0.05s
4.17.2026 14:59:30,T0,T2,2.2ft,0.05s
4.17.2026 14:59:30,T1,T2,1.3ft,0.05s
4.17.2026 14:59:30,T0,T1,2.1ft,0.05s
4.17.2026 14:59:30,T0,T2,2.2ft,0.05s
4.17.2026 14:59:30,T1,T2,1.3ft,0.05s
4.17.2026 14:59:30,T0,T1,2.1ft,0.05s
4.17.2026 14:59:30,T0,T2,2.1ft,0.05s
4.17.2026 14:59:30,T1,T2,1.3ft,0.05s
4.17.2026 14:59:30,T0,T1,2.1ft,0.05s
4.17.2026 14:59:30,T0,T2,2.1ft,0.05s
4.17.2026 14:59:30,T1,T2,1.2ft,0.05s
4.17.2026 14:59:30,T0,T1,2.1ft,0.05s
4.17.2026 14:59:30,T0,T2,2.1ft,0.05s
4.17.2026 14:59:30,T1,T2,1.2ft,0.05s
4.17.2026 14:59:30,T0,T1,2.1ft,0.05s
4.17.2026 14:59:30,T0,T2,2.1ft,0.05s
4.17.2026 14:59:30,T1,T2,1.2ft,0.05s
4.17.2026 14:59:30,T0,T1,2.1ft,0.05s
4.17.2026 14:59:30,T0,T2,2.1ft,0.05s
4.17.2026 14:59:30,T1,T2,1.2ft,0.05s
4.17.2026 14:59:30,T0,T1,2.1ft,0.05s
4.17.2026 14:59:30,T0,T2,2.1ft,0.05s
4.17.2026 14:59:30,T1,T2,1.2ft,0.05s
4.17.2026 14:59:30,T0,T1,2.1ft,0.05s
4.17.2026 14:59:30,T0,T2,2.2ft,0.05s
4.17.2026 14:59:30,T1,T2,1.3ft,0.05s
4.17.2026 14:59:30,T0,T1,2.1ft,0.05s
4.17.2026 14:59:30,T0,T2,2.3ft,0.05s
4.17.2026 14:59:30,T1,T2,1.3ft,0.05s
4.17.2026 14:59:30,T0,T1,2.1ft,0.05s
4.17.2026 14:59:30,T0,T2,2.4ft,0.05s
4.17.2026 14:59:30,T1,T2,1.4ft,0.05s
4.17.2026 14:59:31,T0,T1,2.1ft,0.05s
4.17.2026 14:59:31,T0,T2,2.6ft,0.05s
4.17.2026 14:59:31,T1,T2,1.5ft,0.05s
4.17.2026 14:59:31,T0,T1,2.1ft,0.05s
4.17.2026 14:59:31,T0,T2,2.7ft,0.05s
4.17.2026 14:59:31,T1,T2,1.6ft,0.05s
4.17.2026 14:59:31,T0,T1,2.1ft,0.05s
4.17.2026 14:59:31,T0,T2,2.8ft,0.05s
4.17.2026 14:59:31,T1,T2,1.6ft,0.05s
4.17.2026 14:59:31,T0,T1,2.1ft,0.05s
4.17.2026 14:59:31,T0,T2,2.9ft,0.05s
4.17.2026 14:59:31,T1,T2,1.8ft,0.05s
4.17.2026 14:59:31,T0,T1,2.1ft,0.05s
4.17.2026 14:59:31,T0,T2,3.1ft,0.05s
4.17.2026 14:59:31,T1,T2,1.9ft,0.05s
4.17.2026 14:59:31,T0,T1,2.1ft,0.05s
4.17.2026 14:59:31,T0,T2,3.2ft,0.05s
4.17.2026 14:59:31,T1,T2,2.0ft,0.05s
4.17.2026 14:59:31,T0,T1,2.1ft,0.05s
4.17.2026 14:59:31,T0,T2,3.3ft,0.05s
4.17.2026 14:59:31,T1,T2,2.1ft,0.05s
4.17.2026 14:59:31,T0,T1,2.1ft,0.05s
4.17.2026 14:59:31,T0,T2,3.4ft,0.05s
4.17.2026 14:59:31,T1,T2,2.2ft,0.05s
4.17.2026 14:59:31,T0,T1,2.1ft,0.05s
4.17.2026 14:59:31,T0,T2,3.5ft,0.05s
4.17.2026 14:59:31,T1,T2,2.2ft,0.05s
4.17.2026 14:59:31,T0,T1,2.2ft,0.05s
4.17.2026 14:59:31,T0,T2,3.6ft,0.05s
4.17.2026 14:59:31,T1,T2,2.3ft,0.05s
4.17.2026 14:59:31,T0,T1,2.2ft,0.05s
4.17.2026 14:59:31,T0,T2,3.6ft,0.05s
4.17.2026 14:59:31,T1,T2,2.3ft,0.05s
4.17.2026 14:59:31,T0,T1,2.2ft,0.05s
4.17.2026 14:59:31,T0,T2,3.7ft,0.05s
4.17.2026 14:59:31,T1,T2,2.4ft,0.05s
4.17.2026 14:59:31,T0,T1,2.2ft,0.05s
4.17.2026 14:59:31,T0,T2,3.7ft,0.05s
4.17.2026 14:59:31,T1,T2,2.3ft,0.05s
4.17.2026 14:59:31,T0,T1,2.2ft,0.05s
4.17.2026 14:59:31,T0,T2,3.6ft,0.05s
4.17.2026 14:59:31,T1,T2,2.3ft,0.05s
4.17.2026 14:59:31,T0,T1,2.2ft,0.05s
4.17.2026 14:59:31,T0,T2,3.5ft,0.05s
4.17.2026 14:59:31,T1,T2,2.2ft,0.05s
4.17.2026 14:59:31,T0,T1,2.2ft,0.05s
4.17.2026 14:59:31,T0,T2,3.4ft,0.05s
4.17.2026 14:59:31,T1,T2,2.1ft,0.05s
4.17.2026 14:59:31,T0,T1,2.2ft,0.05s
4.17.2026 14:59:31,T0,T2,3.2ft,0.05s
4.17.2026 14:59:31,T1,T2,2.0ft,0.05s
4.17.2026 14:59:31,T0,T1,2.2ft,0.05s
4.17.2026 14:59:31,T0,T2,3.1ft,0.05s
4.17.2026 14:59:31,T1,T2,1.9ft,0.05s
4.17.2026 14:59:31,T0,T1,2.2ft,0.05s
4.17.2026 14:59:31,T0,T2,3.1ft,0.05s
4.17.2026 14:59:31,T1,T2,1.9ft,0.05s
4.17.2026 14:59:31,T0,T1,2.2ft,0.05s
4.17.2026 14:59:31,T0,T2,3.1ft,0.05s
4.17.2026 14:59:31,T1,T2,1.9ft,0.05s
4.17.2026 14:59:32,T0,T1,2.3ft,0.05s
4.17.2026 14:59:32,T0,T2,3.0ft,0.05s
4.17.2026 14:59:32,T1,T2,1.8ft,0.05s
4.17.2026 14:59:32,T0,T1,2.3ft,0.05s
4.17.2026 14:59:32,T0,T2,3.0ft,0.05s
4.17.2026 14:59:32,T1,T2,1.8ft,0.05s
4.17.2026 14:59:32,T0,T1,2.3ft,0.05s
4.17.2026 14:59:32,T0,T2,3.0ft,0.05s
4.17.2026 14:59:32,T1,T2,1.8ft,0.05s
4.17.2026 14:59:32,T0,T1,2.3ft,0.05s
4.17.2026 14:59:32,T0,T2,3.1ft,0.05s
4.17.2026 14:59:32,T1,T2,1.8ft,0.05s
4.17.2026 14:59:32,T0,T1,2.3ft,0.05s
4.17.2026 14:59:32,T0,T2,3.1ft,0.05s
4.17.2026 14:59:32,T1,T2,1.8ft,0.05s
4.17.2026 14:59:32,T0,T1,2.3ft,0.05s
4.17.2026 14:59:32,T0,T2,3.1ft,0.05s
4.17.2026 14:59:32,T1,T2,1.8ft,0.05s
4.17.2026 14:59:32,T0,T1,2.3ft,0.05s
4.17.2026 14:59:32,T0,T2,3.0ft,0.05s
4.17.2026 14:59:32,T1,T2,1.8ft,0.05s
4.17.2026 14:59:32,T0,T1,2.3ft,0.05s
4.17.2026 14:59:32,T0,T2,2.9ft,0.05s
4.17.2026 14:59:32,T1,T2,1.7ft,0.05s
4.17.2026 14:59:32,T0,T1,2.3ft,0.05s
4.17.2026 14:59:32,T0,T2,3.0ft,0.05s
4.17.2026 14:59:32,T1,T2,1.8ft,0.05s
4.17.2026 14:59:32,T0,T1,2.3ft,0.05s
4.17.2026 14:59:32,T0,T2,3.1ft,0.05s
4.17.2026 14:59:32,T1,T2,1.8ft,0.05s
4.17.2026 14:59:32,T0,T1,2.3ft,0.05s
4.17.2026 14:59:32,T0,T2,3.2ft,0.05s
4.17.2026 14:59:32,T1,T2,1.9ft,0.05s
4.17.2026 14:59:32,T0,T1,2.3ft,0.05s
4.17.2026 14:59:32,T0,T2,3.2ft,0.05s
4.17.2026 14:59:32,T1,T2,1.9ft,0.05s
4.17.2026 14:59:32,T0,T1,2.3ft,0.05s
4.17.2026 14:59:32,T0,T2,3.2ft,0.05s
4.17.2026 14:59:32,T1,T2,1.9ft,0.05s
4.17.2026 14:59:32,T0,T1,2.3ft,0.05s
4.17.2026 14:59:32,T0,T2,3.2ft,0.05s
4.17.2026 14:59:32,T1,T2,1.9ft,0.05s
4.17.2026 14:59:32,T0,T1,2.3ft,0.05s
4.17.2026 14:59:32,T0,T2,3.1ft,0.05s
4.17.2026 14:59:32,T1,T2,1.9ft,0.05s
4.17.2026 14:59:32,T0,T1,2.2ft,0.05s
4.17.2026 14:59:32,T0,T2,3.1ft,0.05s
4.17.2026 14:59:32,T1,T2,1.8ft,0.05s
4.17.2026 14:59:32,T0,T1,2.2ft,0.05s
4.17.2026 14:59:32,T0,T2,3.0ft,0.05s
4.17.2026 14:59:32,T1,T2,1.8ft,0.05s
4.17.2026 14:59:32,T0,T1,2.2ft,0.05s
4.17.2026 14:59:32,T0,T2,3.0ft,0.05s
4.17.2026 14:59:32,T1,T2,1.8ft,0.05s
4.17.2026 14:59:32,T0,T1,2.2ft,0.05s
4.17.2026 14:59:32,T0,T2,3.0ft,0.05s
4.17.2026 14:59:32,T1,T2,1.8ft,0.05s
4.17.2026 14:59:32,T0,T1,2.2ft,0.05s
4.17.2026 14:59:32,T0,T2,3.0ft,0.05s
4.17.2026 14:59:32,T1,T2,1.8ft,0.05s
4.17.2026 14:59:33,T0,T1,2.2ft,0.05s
4.17.2026 14:59:33,T0,T2,3.0ft,0.05s
4.17.2026 14:59:33,T1,T2,1.8ft,0.05s
4.17.2026 14:59:33,T0,T1,2.2ft,0.05s
4.17.2026 14:59:33,T0,T2,3.1ft,0.05s
4.17.2026 14:59:33,T1,T2,1.8ft,0.05s
4.17.2026 14:59:33,T0,T1,2.2ft,0.05s
4.17.2026 14:59:33,T0,T2,3.1ft,0.05s
4.17.2026 14:59:33,T1,T2,1.9ft,0.05s
4.17.2026 14:59:33,T0,T1,2.2ft,0.05s
4.17.2026 14:59:33,T0,T2,3.1ft,0.05s
4.17.2026 14:59:33,T1,T2,1.9ft,0.05s
4.17.2026 14:59:33,T0,T1,2.2ft,0.05s
4.17.2026 14:59:33,T0,T2,3.1ft,0.05s
4.17.2026 14:59:33,T1,T2,1.9ft,0.05s
4.17.2026 14:59:33,T0,T1,2.2ft,0.05s
4.17.2026 14:59:33,T0,T2,3.1ft,0.05s
4.17.2026 14:59:33,T1,T2,1.9ft,0.05s
4.17.2026 14:59:33,T0,T1,2.2ft,0.05s
4.17.2026 14:59:33,T0,T2,3.1ft,0.05s
4.17.2026 14:59:33,T1,T2,1.9ft,0.05s
4.17.2026 14:59:33,T0,T1,2.2ft,0.05s
4.17.2026 14:59:33,T0,T2,3.1ft,0.05s
4.17.2026 14:59:33,T1,T2,1.9ft,0.05s
4.17.2026 14:59:33,T0,T1,2.2ft,0.05s
4.17.2026 14:59:33,T0,T2,3.1ft,0.05s
4.17.2026 14:59:33,T1,T2,1.9ft,0.05s
4.17.2026 14:59:33,T0,T1,2.2ft,0.05s
4.17.2026 14:59:33,T0,T2,3.1ft,0.05s
4.17.2026 14:59:33,T1,T2,2.0ft,0.05s
4.17.2026 14:59:33,T0,T1,2.2ft,0.05s
4.17.2026 14:59:33,T0,T2,3.1ft,0.05s
4.17.2026 14:59:33,T1,T2,2.0ft,0.05s
4.17.2026 14:59:33,T0,T1,2.2ft,0.05s
4.17.2026 14:59:33,T0,T2,3.2ft,0.05s
4.17.2026 14:59:33,T1,T2,2.0ft,0.05s
4.17.2026 14:59:33,T0,T1,2.2ft,0.05s
4.17.2026 14:59:33,T0,T2,3.2ft,0.05s
4.17.2026 14:59:33,T1,T2,2.1ft,0.05s
4.17.2026 14:59:33,T0,T1,2.2ft,0.05s
4.17.2026 14:59:33,T0,T2,3.2ft,0.05s
4.17.2026 14:59:33,T1,T2,2.1ft,0.05s
4.17.2026 14:59:33,T0,T1,2.2ft,0.05s
4.17.2026 14:59:33,T0,T2,3.2ft,0.05s
4.17.2026 14:59:33,T1,T2,2.0ft,0.05s
4.17.2026 14:59:33,T0,T1,2.2ft,0.05s
4.17.2026 14:59:33,T0,T2,3.1ft,0.05s
4.17.2026 14:59:33,T1,T2,1.9ft,0.05s
4.17.2026 14:59:33,T0,T1,2.2ft,0.05s
4.17.2026 14:59:33,T0,T2,3.1ft,0.05s
4.17.2026 14:59:33,T1,T2,1.9ft,0.05s
4.17.2026 14:59:33,T0,T1,2.3ft,0.05s
4.17.2026 14:59:33,T0,T2,3.0ft,0.05s
4.17.2026 14:59:33,T1,T2,1.8ft,0.05s
4.17.2026 14:59:33,T0,T1,2.2ft,0.05s
4.17.2026 14:59:33,T0,T2,3.0ft,0.05s
4.17.2026 14:59:33,T1,T2,1.8ft,0.05s
4.17.2026 14:59:34,T0,T1,2.2ft,0.05s
4.17.2026 14:59:34,T0,T2,3.0ft,0.05s
4.17.2026 14:59:34,T1,T2,1.8ft,0.05s
4.17.2026 14:59:34,T0,T1,2.2ft,0.05s
4.17.2026 14:59:34,T0,T2,3.0ft,0.05s
4.17.2026 14:59:34,T1,T2,1.8ft,0.05s
4.17.2026 14:59:34,T0,T1,2.2ft,0.05s
4.17.2026 14:59:34,T0,T2,3.0ft,0.05s
4.17.2026 14:59:34,T1,T2,1.8ft,0.05s
4.17.2026 14:59:34,T0,T1,2.2ft,0.05s
4.17.2026 14:59:34,T0,T2,3.0ft,0.05s
4.17.2026 14:59:34,T1,T2,1.8ft,0.05s
4.17.2026 14:59:34,T0,T1,2.2ft,0.05s
4.17.2026 14:59:34,T0,T2,2.9ft,0.05s
4.17.2026 14:59:34,T1,T2,1.8ft,0.05s
4.17.2026 14:59:34,T0,T1,2.2ft,0.05s
4.17.2026 14:59:34,T0,T2,3.0ft,0.05s
4.17.2026 14:59:34,T1,T2,1.9ft,0.05s
4.17.2026 14:59:34,T0,T1,2.2ft,0.05s
4.17.2026 14:59:34,T0,T2,3.0ft,0.05s
4.17.2026 14:59:34,T1,T2,1.9ft,0.05s
4.17.2026 14:59:34,T0,T1,2.2ft,0.05s
4.17.2026 14:59:34,T0,T2,3.0ft,0.05s
4.17.2026 14:59:34,T1,T2,1.9ft,0.05s
4.17.2026 14:59:34,T0,T1,2.2ft,0.05s
4.17.2026 14:59:34,T0,T2,3.1ft,0.05s
4.17.2026 14:59:34,T1,T2,1.9ft,0.05s
4.17.2026 14:59:34,T0,T1,2.2ft,0.05s
4.17.2026 14:59:34,T0,T2,3.0ft,0.05s
4.17.2026 14:59:34,T1,T2,1.9ft,0.05s
4.17.2026 14:59:34,T0,T1,2.2ft,0.05s
4.17.2026 14:59:34,T0,T2,3.0ft,0.05s
4.17.2026 14:59:34,T1,T2,1.9ft,0.05s
4.17.2026 14:59:34,T0,T1,2.2ft,0.05s
4.17.2026 14:59:34,T0,T2,3.0ft,0.05s
4.17.2026 14:59:34,T1,T2,1.9ft,0.05s
4.17.2026 14:59:34,T0,T1,2.2ft,0.05s
4.17.2026 14:59:34,T0,T2,3.0ft,0.05s
4.17.2026 14:59:34,T1,T2,1.8ft,0.05s
4.17.2026 14:59:34,T0,T1,2.2ft,0.05s
4.17.2026 14:59:34,T0,T2,3.0ft,0.05s
4.17.2026 14:59:34,T1,T2,1.8ft,0.05s
4.17.2026 14:59:34,T0,T1,2.2ft,0.05s
4.17.2026 14:59:34,T0,T2,3.0ft,0.05s
4.17.2026 14:59:34,T1,T2,1.8ft,0.05s
4.17.2026 14:59:34,T0,T1,2.2ft,0.05s
4.17.2026 14:59:34,T0,T2,3.0ft,0.05s
4.17.2026 14:59:34,T1,T2,1.8ft,0.05s
4.17.2026 14:59:34,T0,T1,2.3ft,0.05s
4.17.2026 14:59:34,T0,T2,2.9ft,0.05s
4.17.2026 14:59:34,T1,T2,1.8ft,0.05s
4.17.2026 14:59:34,T0,T1,2.2ft,0.05s
4.17.2026 14:59:34,T0,T2,2.9ft,0.05s
4.17.2026 14:59:34,T1,T2,1.7ft,0.05s
4.17.2026 14:59:34,T0,T1,2.2ft,0.05s
4.17.2026 14:59:34,T0,T2,2.8ft,0.05s
4.17.2026 14:59:34,T1,T2,1.7ft,0.05s
4.17.2026 14:59:34,T0,T1,2.2ft,0.05s
4.17.2026 14:59:34,T0,T2,2.8ft,0.05s
4.17.2026 14:59:34,T1,T2,1.7ft,0.05s
4.17.2026 14:59:35,T0,T1,2.2ft,0.05s
4.17.2026 14:59:35,T0,T2,2.7ft,0.05s
4.17.2026 14:59:35,T1,T2,1.6ft,0.05s
4.17.2026 14:59:35,T0,T1,2.2ft,0.05s
4.17.2026 14:59:35,T0,T2,2.7ft,0.05s
4.17.2026 14:59:35,T1,T2,1.6ft,0.05s
4.17.2026 14:59:35,T0,T1,2.3ft,0.05s
4.17.2026 14:59:35,T0,T2,2.6ft,0.05s
4.17.2026 14:59:35,T1,T2,1.6ft,0.05s
4.17.2026 14:59:35,T0,T1,2.3ft,0.05s
4.17.2026 14:59:35,T0,T2,2.6ft,0.05s
4.17.2026 14:59:35,T1,T2,1.5ft,0.05s
4.17.2026 14:59:35,T0,T1,2.3ft,0.05s
4.17.2026 14:59:35,T0,T2,2.6ft,0.05s
4.17.2026 14:59:35,T1,T2,1.5ft,0.05s
4.17.2026 14:59:35,T0,T1,2.3ft,0.05s
4.17.2026 14:59:35,T0,T2,2.5ft,0.05s
4.17.2026 14:59:35,T1,T2,1.5ft,0.05s
4.17.2026 14:59:35,T0,T1,2.3ft,0.05s
4.17.2026 14:59:35,T0,T2,2.4ft,0.05s
4.17.2026 14:59:35,T1,T2,1.5ft,0.05s
4.17.2026 14:59:35,T0,T1,2.3ft,0.05s
4.17.2026 14:59:35,T0,T2,2.5ft,0.05s
4.17.2026 14:59:35,T1,T2,1.5ft,0.05s
4.17.2026 14:59:35,T0,T1,2.3ft,0.05s
4.17.2026 14:59:35,T0,T2,2.5ft,0.05s
4.17.2026 14:59:35,T1,T2,1.5ft,0.05s
4.17.2026 14:59:35,T0,T1,2.3ft,0.05s
4.17.2026 14:59:35,T0,T2,2.5ft,0.05s
4.17.2026 14:59:35,T1,T2,1.5ft,0.05s
4.17.2026 14:59:35,T0,T1,2.3ft,0.05s
4.17.2026 14:59:35,T0,T2,2.5ft,0.05s
4.17.2026 14:59:35,T1,T2,1.5ft,0.05s
4.17.2026 14:59:35,T0,T1,2.3ft,0.05s
4.17.2026 14:59:35,T0,T2,2.5ft,0.05s
4.17.2026 14:59:35,T1,T2,1.5ft,0.05s
4.17.2026 14:59:35,T0,T1,2.3ft,0.05s
4.17.2026 14:59:35,T0,T2,2.6ft,0.05s
4.17.2026 14:59:35,T1,T2,1.5ft,0.05s
4.17.2026 14:59:35,T0,T1,2.3ft,0.05s
4.17.2026 14:59:35,T0,T2,2.6ft,0.05s
4.17.2026 14:59:35,T1,T2,1.5ft,0.05s
4.17.2026 14:59:35,T0,T1,2.3ft,0.05s
4.17.2026 14:59:35,T0,T2,2.5ft,0.05s
4.17.2026 14:59:35,T1,T2,1.5ft,0.05s
4.17.2026 14:59:35,T0,T1,2.3ft,0.05s
4.17.2026 14:59:35,T0,T2,2.5ft,0.05s
4.17.2026 14:59:35,T1,T2,1.4ft,0.05s
4.17.2026 14:59:35,T0,T1,2.3ft,0.05s
4.17.2026 14:59:35,T0,T2,2.5ft,0.05s
4.17.2026 14:59:35,T1,T2,1.4ft,0.05s
4.17.2026 14:59:35,T0,T1,2.2ft,0.05s
4.17.2026 14:59:35,T0,T2,2.4ft,0.05s
4.17.2026 14:59:35,T1,T2,1.4ft,0.05s
4.17.2026 14:59:35,T0,T1,2.2ft,0.05s
4.17.2026 14:59:35,T0,T2,2.5ft,0.05s
4.17.2026 14:59:35,T1,T2,1.4ft,0.05s
4.17.2026 14:59:35,T0,T1,2.2ft,0.05s
4.17.2026 14:59:35,T0,T2,2.5ft,0.05s
4.17.2026 14:59:35,T1,T2,1.5ft,0.05s
4.17.2026 14:59:36,T0,T1,2.2ft,0.05s
4.17.2026 14:59:36,T0,T2,2.6ft,0.05s
4.17.2026 14:59:36,T1,T2,1.5ft,0.05s
4.17.2026 14:59:36,T0,T1,2.2ft,0.05s
4.17.2026 14:59:36,T0,T2,2.7ft,0.05s
4.17.2026 14:59:36,T1,T2,1.6ft,0.05s
4.17.2026 14:59:36,T0,T1,2.2ft,0.05s
4.17.2026 14:59:36,T0,T2,2.8ft,0.05s
4.17.2026 14:59:36,T1,T2,1.6ft,0.05s
4.17.2026 14:59:36,T0,T1,2.2ft,0.05s
4.17.2026 14:59:36,T0,T2,2.8ft,0.05s
4.17.2026 14:59:36,T1,T2,1.7ft,0.05s
4.17.2026 14:59:36,T0,T1,2.2ft,0.05s
4.17.2026 14:59:36,T0,T2,2.9ft,0.05s
4.17.2026 14:59:36,T1,T2,1.7ft,0.05s
4.17.2026 14:59:36,T0,T1,2.2ft,0.05s
4.17.2026 14:59:36,T0,T2,2.9ft,0.05s
4.17.2026 14:59:36,T1,T2,1.8ft,0.05s
4.17.2026 14:59:36,T0,T1,2.2ft,0.05s
4.17.2026 14:59:36,T0,T2,3.0ft,0.05s
4.17.2026 14:59:36,T1,T2,1.8ft,0.05s
4.17.2026 14:59:36,T0,T1,2.2ft,0.05s
4.17.2026 14:59:36,T0,T2,3.0ft,0.05s
4.17.2026 14:59:36,T1,T2,1.8ft,0.05s
4.17.2026 14:59:36,T0,T1,2.2ft,0.05s
4.17.2026 14:59:36,T0,T2,3.0ft,0.05s
4.17.2026 14:59:36,T1,T2,1.8ft,0.05s
4.17.2026 14:59:36,T0,T1,2.2ft,0.05s
4.17.2026 14:59:36,T0,T2,3.0ft,0.05s
4.17.2026 14:59:36,T1,T2,1.8ft,0.05s
4.17.2026 14:59:36,T0,T1,2.2ft,0.05s
4.17.2026 14:59:36,T0,T2,3.0ft,0.05s
4.17.2026 14:59:36,T1,T2,1.8ft,0.05s
4.17.2026 14:59:36,T0,T1,2.2ft,0.05s
4.17.2026 14:59:36,T0,T2,3.0ft,0.05s
4.17.2026 14:59:36,T1,T2,1.8ft,0.05s
4.17.2026 14:59:36,T0,T1,2.2ft,0.05s
4.17.2026 14:59:36,T0,T2,2.9ft,0.05s
4.17.2026 14:59:36,T1,T2,1.8ft,0.05s
4.17.2026 14:59:36,T0,T1,2.2ft,0.05s
4.17.2026 14:59:36,T0,T2,2.9ft,0.05s
4.17.2026 14:59:36,T1,T2,1.8ft,0.05s
4.17.2026 14:59:36,T0,T1,2.2ft,0.05s
4.17.2026 14:59:36,T0,T2,2.8ft,0.05s
4.17.2026 14:59:36,T1,T2,1.7ft,0.05s
4.17.2026 14:59:36,T0,T1,2.2ft,0.05s
4.17.2026 14:59:36,T0,T2,2.8ft,0.05s
4.17.2026 14:59:36,T1,T2,1.7ft,0.05s
4.17.2026 14:59:36,T0,T1,2.2ft,0.05s
4.17.2026 14:59:36,T0,T2,2.7ft,0.05s
4.17.2026 14:59:36,T1,T2,1.7ft,0.05s
4.17.2026 14:59:36,T0,T1,2.1ft,0.05s
4.17.2026 14:59:36,T0,T2,2.7ft,0.05s
4.17.2026 14:59:36,T1,T2,1.7ft,0.05s
4.17.2026 14:59:36,T0,T1,2.1ft,0.05s
4.17.2026 14:59:36,T0,T2,2.6ft,0.05s
4.17.2026 14:59:36,T1,T2,1.6ft,0.05s
4.17.2026 14:59:36,T0,T1,2.1ft,0.05s
4.17.2026 14:59:36,T0,T2,2.6ft,0.05s
4.17.2026 14:59:36,T1,T2,1.6ft,0.05s
4.17.2026 14:59:37,T0,T1,2.1ft,0.05s
4.17.2026 14:59:37,T0,T2,2.5ft,0.05s
4.17.2026 14:59:37,T1,T2,1.5ft,0.05s
4.17.2026 14:59:37,T0,T1,2.1ft,0.05s
4.17.2026 14:59:37,T0,T2,2.5ft,0.05s
4.17.2026 14:59:37,T1,T2,1.5ft,0.05s
4.17.2026 14:59:37,T0,T1,2.2ft,0.05s
4.17.2026 14:59:37,T0,T2,2.4ft,0.05s
4.17.2026 14:59:37,T1,T2,1.5ft,0.05s
4.17.2026 14:59:37,T0,T1,2.2ft,0.05s
4.17.2026 14:59:37,T0,T2,2.4ft,0.05s
4.17.2026 14:59:37,T1,T2,1.4ft,0.05s
4.17.2026 14:59:37,T0,T1,2.2ft,0.05s
4.17.2026 14:59:37,T0,T2,2.4ft,0.05s
4.17.2026 14:59:37,T1,T2,1.4ft,0.05s
4.17.2026 14:59:37,T0,T1,2.2ft,0.05s
4.17.2026 14:59:37,T0,T2,2.3ft,0.05s
4.17.2026 14:59:37,T1,T2,1.3ft,0.05s
4.17.2026 14:59:37,T0,T1,2.2ft,0.05s
4.17.2026 14:59:37,T0,T2,2.3ft,0.05s
4.17.2026 14:59:37,T1,T2,1.3ft,0.05s
4.17.2026 14:59:37,T0,T1,2.2ft,0.05s
4.17.2026 14:59:37,T0,T2,2.2ft,0.05s
4.17.2026 14:59:37,T1,T2,1.2ft,0.05s
4.17.2026 14:59:37,T0,T1,2.2ft,0.05s
4.17.2026 14:59:37,T0,T2,2.2ft,0.05s
4.17.2026 14:59:37,T1,T2,1.2ft,0.05s
4.17.2026 14:59:37,T0,T1,2.2ft,0.05s
4.17.2026 14:59:37,T0,T2,2.2ft,0.05s
4.17.2026 14:59:37,T1,T2,1.2ft,0.05s
4.17.2026 14:59:37,T0,T1,2.2ft,0.05s
4.17.2026 14:59:37,T0,T2,2.2ft,0.05s
4.17.2026 14:59:37,T1,T2,1.2ft,0.05s
4.17.2026 14:59:37,T0,T1,2.2ft,0.05s
4.17.2026 14:59:37,T0,T2,2.2ft,0.05s
4.17.2026 14:59:37,T1,T2,1.2ft,0.05s
4.17.2026 14:59:37,T0,T1,2.2ft,0.05s
4.17.2026 14:59:37,T0,T2,2.2ft,0.05s
4.17.2026 14:59:37,T1,T2,1.2ft,0.05s
4.17.2026 14:59:37,T0,T1,2.2ft,0.05s
4.17.2026 14:59:37,T0,T2,2.2ft,0.05s
4.17.2026 14:59:37,T1,T2,1.2ft,0.05s
4.17.2026 14:59:37,T0,T1,2.2ft,0.05s
4.17.2026 14:59:37,T0,T2,2.2ft,0.05s
4.17.2026 14:59:37,T1,T2,1.2ft,0.05s
4.17.2026 14:59:37,T0,T1,2.2ft,0.05s
4.17.2026 14:59:37,T0,T2,2.2ft,0.05s
4.17.2026 14:59:37,T1,T2,1.2ft,0.05s
4.17.2026 14:59:37,T0,T1,2.2ft,0.05s
4.17.2026 14:59:37,T0,T2,2.2ft,0.05s
4.17.2026 14:59:37,T1,T2,1.3ft,0.05s
4.17.2026 14:59:37,T0,T1,2.2ft,0.05s
4.17.2026 14:59:37,T0,T2,2.3ft,0.05s
4.17.2026 14:59:37,T1,T2,1.3ft,0.05s
4.17.2026 14:59:37,T0,T1,2.2ft,0.05s
4.17.2026 14:59:37,T0,T2,2.3ft,0.05s
4.17.2026 14:59:37,T1,T2,1.3ft,0.05s
4.17.2026 14:59:38,T0,T1,2.2ft,0.05s
4.17.2026 14:59:38,T0,T2,2.3ft,0.05s
4.17.2026 14:59:38,T1,T2,1.3ft,0.05s
4.17.2026 14:59:38,T0,T1,2.2ft,0.05s
4.17.2026 14:59:38,T0,T2,2.3ft,0.05s
4.17.2026 14:59:38,T1,T2,1.3ft,0.05s
4.17.2026 14:59:38,T0,T1,2.2ft,0.05s
4.17.2026 14:59:38,T0,T2,2.3ft,0.05s
4.17.2026 14:59:38,T1,T2,1.3ft,0.05s
4.17.2026 14:59:38,T0,T1,2.2ft,0.05s
4.17.2026 14:59:38,T0,T2,2.3ft,0.05s
4.17.2026 14:59:38,T1,T2,1.4ft,0.05s
4.17.2026 14:59:38,T0,T1,2.2ft,0.05s
4.17.2026 14:59:38,T0,T2,2.4ft,0.05s
4.17.2026 14:59:38,T1,T2,1.4ft,0.05s
4.17.2026 14:59:38,T0,T1,2.2ft,0.05s
4.17.2026 14:59:38,T0,T2,2.3ft,0.05s
4.17.2026 14:59:38,T1,T2,1.3ft,0.05s
4.17.2026 14:59:38,T0,T1,2.2ft,0.05s
4.17.2026 14:59:38,T0,T2,2.3ft,0.05s
4.17.2026 14:59:38,T1,T2,1.3ft,0.05s
4.17.2026 14:59:38,T0,T1,2.2ft,0.05s
4.17.2026 14:59:38,T0,T2,2.3ft,0.05s
4.17.2026 14:59:38,T1,T2,1.3ft,0.05s
4.17.2026 14:59:38,T0,T1,2.2ft,0.05s
4.17.2026 14:59:38,T0,T2,2.3ft,0.05s
4.17.2026 14:59:38,T1,T2,1.3ft,0.05s
4.17.2026 14:59:38,T0,T1,2.2ft,0.05s
4.17.2026 14:59:38,T0,T2,2.4ft,0.05s
4.17.2026 14:59:38,T1,T2,1.4ft,0.05s
4.17.2026 14:59:38,T0,T1,2.3ft,0.05s
4.17.2026 14:59:38,T0,T2,2.5ft,0.05s
4.17.2026 14:59:38,T1,T2,1.4ft,0.05s
4.17.2026 14:59:38,T0,T1,2.3ft,0.05s
4.17.2026 14:59:38,T0,T2,2.6ft,0.05s
4.17.2026 14:59:38,T1,T2,1.4ft,0.05s
4.17.2026 14:59:38,T0,T1,2.3ft,0.05s
4.17.2026 14:59:38,T0,T2,2.6ft,0.05s
4.17.2026 14:59:38,T1,T2,1.5ft,0.05s
4.17.2026 14:59:38,T0,T1,2.3ft,0.05s
4.17.2026 14:59:38,T0,T2,2.7ft,0.05s
4.17.2026 14:59:38,T1,T2,1.5ft,0.05s
4.17.2026 14:59:38,T0,T1,2.3ft,0.05s
4.17.2026 14:59:38,T0,T2,2.7ft,0.05s
4.17.2026 14:59:38,T1,T2,1.5ft,0.05s
4.17.2026 14:59:38,T0,T1,2.3ft,0.05s
4.17.2026 14:59:38,T0,T2,2.7ft,0.05s
4.17.2026 14:59:38,T1,T2,1.5ft,0.05s
4.17.2026 14:59:38,T0,T1,2.3ft,0.05s
4.17.2026 14:59:38,T0,T2,2.7ft,0.05s
4.17.2026 14:59:38,T1,T2,1.5ft,0.05s
4.17.2026 14:59:38,T0,T1,2.3ft,0.05s
4.17.2026 14:59:38,T0,T2,2.7ft,0.05s
4.17.2026 14:59:38,T1,T2,1.5ft,0.05s
4.17.2026 14:59:38,T0,T1,2.3ft,0.05s
4.17.2026 14:59:38,T0,T2,2.8ft,0.05s
4.17.2026 14:59:38,T1,T2,1.6ft,0.05s
4.17.2026 14:59:38,T0,T1,2.3ft,0.05s
4.17.2026 14:59:38,T0,T2,2.9ft,0.05s
4.17.2026 14:59:38,T1,T2,1.6ft,0.05s
4.17.2026 14:59:39,T0,T1,2.3ft,0.05s
4.17.2026 14:59:39,T0,T2,3.0ft,0.05s
4.17.2026 14:59:39,T1,T2,1.7ft,0.05s
4.17.2026 14:59:39,T0,T1,2.3ft,0.05s
4.17.2026 14:59:39,T0,T2,3.1ft,0.05s
4.17.2026 14:59:39,T1,T2,1.8ft,0.05s
4.17.2026 14:59:39,T0,T1,2.3ft,0.05s
4.17.2026 14:59:39,T0,T2,3.1ft,0.05s
4.17.2026 14:59:39,T1,T2,1.8ft,0.05s
4.17.2026 14:59:39,T0,T1,2.3ft,0.05s
4.17.2026 14:59:39,T0,T2,3.2ft,0.05s
4.17.2026 14:59:39,T1,T2,1.9ft,0.05s
4.17.2026 14:59:39,T0,T1,2.3ft,0.05s
4.17.2026 14:59:39,T0,T2,3.3ft,0.05s
4.17.2026 14:59:39,T1,T2,2.0ft,0.05s
4.17.2026 14:59:39,T0,T1,2.3ft,0.05s
4.17.2026 14:59:39,T0,T2,3.4ft,0.05s
4.17.2026 14:59:39,T1,T2,2.1ft,0.05s
4.17.2026 14:59:39,T0,T1,2.3ft,0.05s
4.17.2026 14:59:39,T0,T2,3.5ft,0.05s
4.17.2026 14:59:39,T1,T2,2.1ft,0.05s
4.17.2026 14:59:39,T0,T1,2.3ft,0.05s
4.17.2026 14:59:39,T0,T2,3.6ft,0.05s
4.17.2026 14:59:39,T1,T2,2.2ft,0.05s
4.17.2026 14:59:39,T0,T1,2.3ft,0.05s
4.17.2026 14:59:39,T0,T2,3.7ft,0.05s
4.17.2026 14:59:39,T1,T2,2.3ft,0.05s
4.17.2026 14:59:39,T0,T1,2.3ft,0.05s
4.17.2026 14:59:39,T0,T2,3.7ft,0.05s
4.17.2026 14:59:39,T1,T2,2.3ft,0.05s
4.17.2026 14:59:39,T0,T1,2.3ft,0.05s
4.17.2026 14:59:39,T0,T2,3.8ft,0.05s
4.17.2026 14:59:39,T1,T2,2.4ft,0.05s
4.17.2026 14:59:39,T0,T1,2.3ft,0.05s
4.17.2026 14:59:39,T0,T2,3.8ft,0.05s
4.17.2026 14:59:39,T1,T2,2.4ft,0.05s
4.17.2026 14:59:39,T0,T1,2.3ft,0.05s
4.17.2026 14:59:39,T0,T2,3.9ft,0.05s
4.17.2026 14:59:39,T1,T2,2.4ft,0.05s
4.17.2026 14:59:39,T0,T1,2.3ft,0.05s
4.17.2026 14:59:39,T0,T2,3.8ft,0.05s
4.17.2026 14:59:39,T1,T2,2.4ft,0.05s
4.17.2026 14:59:39,T0,T1,2.3ft,0.05s
4.17.2026 14:59:39,T0,T2,3.8ft,0.05s
4.17.2026 14:59:39,T1,T2,2.4ft,0.05s
4.17.2026 14:59:39,T0,T1,2.3ft,0.05s
4.17.2026 14:59:39,T0,T2,3.8ft,0.05s
4.17.2026 14:59:39,T1,T2,2.4ft,0.05s
4.17.2026 14:59:39,T0,T1,2.3ft,0.05s
4.17.2026 14:59:39,T0,T2,3.8ft,0.05s
4.17.2026 14:59:39,T1,T2,2.4ft,0.05s
4.17.2026 14:59:39,T0,T1,2.3ft,0.05s
4.17.2026 14:59:39,T0,T2,3.8ft,0.05s
4.17.2026 14:59:39,T1,T2,2.4ft,0.05s
4.17.2026 14:59:39,T0,T1,2.3ft,0.05s
4.17.2026 14:59:39,T0,T2,3.8ft,0.05s
4.17.2026 14:59:39,T1,T2,2.4ft,0.05s
4.17.2026 14:59:39,T0,T1,2.3ft,0.05s
4.17.2026 14:59:39,T0,T2,3.8ft,0.05s
4.17.2026 14:59:39,T1,T2,2.4ft,0.05s
4.17.2026 14:59:40,T0,T1,2.3ft,0.05s
4.17.2026 14:59:40,T0,T2,3.8ft,0.05s
4.17.2026 14:59:40,T1,T2,2.4ft,0.05s
4.17.2026 14:59:40,T0,T1,2.3ft,0.05s
4.17.2026 14:59:40,T0,T2,3.8ft,0.05s
4.17.2026 14:59:40,T1,T2,2.4ft,0.05s
4.17.2026 14:59:40,T0,T1,2.3ft,0.05s
4.17.2026 14:59:40,T0,T2,3.8ft,0.05s
4.17.2026 14:59:40,T1,T2,2.4ft,0.05s
4.17.2026 14:59:40,T0,T1,2.3ft,0.05s
4.17.2026 14:59:40,T0,T2,3.8ft,0.05s
4.17.2026 14:59:40,T1,T2,2.4ft,0.05s
4.17.2026 14:59:40,T0,T1,2.3ft,0.05s
4.17.2026 14:59:40,T0,T2,3.9ft,0.05s
4.17.2026 14:59:40,T1,T2,2.4ft,0.05s
4.17.2026 14:59:40,T0,T1,2.3ft,0.05s
4.17.2026 14:59:40,T0,T2,3.9ft,0.05s
4.17.2026 14:59:40,T1,T2,2.5ft,0.05s
4.17.2026 14:59:40,T0,T1,2.3ft,0.05s
4.17.2026 14:59:40,T0,T2,3.8ft,0.05s
4.17.2026 14:59:40,T1,T2,2.4ft,0.05s
4.17.2026 14:59:40,T0,T1,2.3ft,0.05s
4.17.2026 14:59:40,T0,T2,3.8ft,0.05s
4.17.2026 14:59:40,T1,T2,2.4ft,0.05s
4.17.2026 14:59:40,T0,T1,2.3ft,0.05s
4.17.2026 14:59:40,T0,T2,3.7ft,0.05s
4.17.2026 14:59:40,T1,T2,2.3ft,0.05s
4.17.2026 14:59:40,T0,T1,2.3ft,0.05s
4.17.2026 14:59:40,T0,T2,3.6ft,0.05s
4.17.2026 14:59:40,T1,T2,2.2ft,0.05s
4.17.2026 14:59:40,T0,T1,2.3ft,0.05s
4.17.2026 14:59:40,T0,T2,3.5ft,0.05s
4.17.2026 14:59:40,T1,T2,2.1ft,0.05s
4.17.2026 14:59:40,T0,T1,2.3ft,0.05s
4.17.2026 14:59:40,T0,T2,3.4ft,0.05s
4.17.2026 14:59:40,T1,T2,2.1ft,0.05s
4.17.2026 14:59:40,T0,T1,2.3ft,0.05s
4.17.2026 14:59:40,T0,T2,3.3ft,0.05s
4.17.2026 14:59:40,T1,T2,2.0ft,0.05s
4.17.2026 14:59:40,T0,T1,2.3ft,0.05s
4.17.2026 14:59:40,T0,T2,3.3ft,0.05s
4.17.2026 14:59:40,T1,T2,2.0ft,0.05s
4.17.2026 14:59:40,T0,T1,2.3ft,0.05s
4.17.2026 14:59:40,T0,T2,3.3ft,0.05s
4.17.2026 14:59:40,T1,T2,2.0ft,0.05s
4.17.2026 14:59:40,T0,T1,2.3ft,0.05s
4.17.2026 14:59:40,T0,T2,3.2ft,0.05s
4.17.2026 14:59:40,T1,T2,1.9ft,0.05s
4.17.2026 14:59:40,T0,T1,2.3ft,0.05s
4.17.2026 14:59:40,T0,T2,3.1ft,0.05s
4.17.2026 14:59:40,T1,T2,1.8ft,0.05s
4.17.2026 14:59:40,T0,T1,2.3ft,0.05s
4.17.2026 14:59:40,T0,T2,3.0ft,0.05s
4.17.2026 14:59:40,T1,T2,1.8ft,0.05s
4.17.2026 14:59:40,T0,T1,2.3ft,0.05s
4.17.2026 14:59:40,T0,T2,2.9ft,0.05s
4.17.2026 14:59:40,T1,T2,1.7ft,0.05s
4.17.2026 14:59:41,T0,T1,2.3ft,0.05s
4.17.2026 14:59:41,T0,T2,2.8ft,0.05s
4.17.2026 14:59:41,T1,T2,1.6ft,0.05s
4.17.2026 14:59:41,T0,T1,2.3ft,0.05s
4.17.2026 14:59:41,T0,T2,2.7ft,0.05s
4.17.2026 14:59:41,T1,T2,1.5ft,0.05s
4.17.2026 14:59:41,T0,T1,2.3ft,0.05s
4.17.2026 14:59:41,T0,T2,2.6ft,0.05s
4.17.2026 14:59:41,T1,T2,1.5ft,0.05s
4.17.2026 14:59:41,T0,T1,2.3ft,0.05s
4.17.2026 14:59:41,T0,T2,2.6ft,0.05s
4.17.2026 14:59:41,T1,T2,1.4ft,0.05s
4.17.2026 14:59:41,T0,T1,2.3ft,0.05s
4.17.2026 14:59:41,T0,T2,2.5ft,0.05s
4.17.2026 14:59:41,T1,T2,1.4ft,0.05s
4.17.2026 14:59:41,T0,T1,2.3ft,0.05s
4.17.2026 14:59:41,T0,T2,2.5ft,0.05s
4.17.2026 14:59:41,T1,T2,1.4ft,0.05s
4.17.2026 14:59:41,T0,T1,2.4ft,0.05s
4.17.2026 14:59:41,T0,T2,2.5ft,0.05s
4.17.2026 14:59:41,T1,T2,1.4ft,0.05s
4.17.2026 14:59:41,T0,T1,2.4ft,0.05s
4.17.2026 14:59:41,T0,T2,2.6ft,0.05s
4.17.2026 14:59:41,T1,T2,1.4ft,0.05s
4.17.2026 14:59:41,T0,T1,2.4ft,0.05s
4.17.2026 14:59:41,T0,T2,2.6ft,0.05s
4.17.2026 14:59:41,T1,T2,1.4ft,0.05s
4.17.2026 14:59:41,T0,T1,2.4ft,0.05s
4.17.2026 14:59:41,T0,T2,2.6ft,0.05s
4.17.2026 14:59:41,T1,T2,1.4ft,0.05s
4.17.2026 14:59:41,T0,T1,2.4ft,0.05s
4.17.2026 14:59:41,T0,T2,2.6ft,0.05s
4.17.2026 14:59:41,T1,T2,1.4ft,0.05s
4.17.2026 14:59:41,T0,T1,2.4ft,0.05s
4.17.2026 14:59:41,T0,T2,2.6ft,0.05s
4.17.2026 14:59:41,T1,T2,1.4ft,0.05s
4.17.2026 14:59:41,T0,T1,2.4ft,0.05s
4.17.2026 14:59:41,T0,T2,2.6ft,0.05s
4.17.2026 14:59:41,T1,T2,1.4ft,0.05s
4.17.2026 14:59:41,T0,T1,2.4ft,0.05s
4.17.2026 14:59:41,T0,T2,2.6ft,0.05s
4.17.2026 14:59:41,T1,T2,1.5ft,0.05s
4.17.2026 14:59:41,T0,T1,2.4ft,0.05s
4.17.2026 14:59:41,T0,T2,2.7ft,0.05s
4.17.2026 14:59:41,T1,T2,1.5ft,0.05s
4.17.2026 14:59:41,T0,T1,2.4ft,0.05s
4.17.2026 14:59:41,T0,T2,2.7ft,0.05s
4.17.2026 14:59:41,T1,T2,1.5ft,0.05s
4.17.2026 14:59:41,T0,T1,2.4ft,0.05s
4.17.2026 14:59:41,T0,T2,2.7ft,0.05s
4.17.2026 14:59:41,T1,T2,1.5ft,0.05s
4.17.2026 14:59:41,T0,T1,2.4ft,0.05s
4.17.2026 14:59:41,T0,T2,2.8ft,0.05s
4.17.2026 14:59:41,T1,T2,1.5ft,0.05s
4.17.2026 14:59:41,T0,T1,2.4ft,0.05s
4.17.2026 14:59:41,T0,T2,2.8ft,0.05s
4.17.2026 14:59:41,T1,T2,1.5ft,0.05s
4.17.2026 14:59:41,T0,T1,2.4ft,0.05s
4.17.2026 14:59:41,T0,T2,2.9ft,0.05s
4.17.2026 14:59:41,T1,T2,1.6ft,0.05s
4.17.2026 14:59:42,T0,T1,2.5ft,0.05s
4.17.2026 14:59:42,T0,T2,3.0ft,0.05s
4.17.2026 14:59:42,T1,T2,1.6ft,0.05s
4.17.2026 14:59:42,T0,T1,2.4ft,0.05s
4.17.2026 14:59:42,T0,T2,3.0ft,0.05s
4.17.2026 14:59:42,T1,T2,1.6ft,0.05s
4.17.2026 14:59:42,T0,T1,2.5ft,0.05s
4.17.2026 14:59:42,T0,T2,3.0ft,0.05s
4.17.2026 14:59:42,T1,T2,1.6ft,0.05s
4.17.2026 14:59:42,T0,T1,2.5ft,0.05s
4.17.2026 14:59:42,T0,T2,3.0ft,0.05s
4.17.2026 14:59:42,T1,T2,1.6ft,0.05s
4.17.2026 14:59:42,T0,T1,2.5ft,0.05s
4.17.2026 14:59:42,T0,T2,3.0ft,0.05s
4.17.2026 14:59:42,T1,T2,1.6ft,0.05s
4.17.2026 14:59:42,T0,T1,2.5ft,0.05s
4.17.2026 14:59:42,T0,T2,2.9ft,0.05s
4.17.2026 14:59:42,T1,T2,1.5ft,0.05s
4.17.2026 14:59:42,T0,T1,2.5ft,0.05s
4.17.2026 14:59:42,T0,T2,3.0ft,0.05s
4.17.2026 14:59:42,T1,T2,1.5ft,0.05s
4.17.2026 14:59:42,T0,T1,2.5ft,0.05s
4.17.2026 14:59:42,T0,T2,3.0ft,0.05s
4.17.2026 14:59:42,T1,T2,1.5ft,0.05s
4.17.2026 14:59:42,T0,T1,2.5ft,0.05s
4.17.2026 14:59:42,T0,T2,3.0ft,0.05s
4.17.2026 14:59:42,T1,T2,1.6ft,0.05s
4.17.2026 14:59:42,T0,T1,2.5ft,0.05s
4.17.2026 14:59:42,T0,T2,3.0ft,0.05s
4.17.2026 14:59:42,T1,T2,1.6ft,0.05s
4.17.2026 14:59:42,T0,T1,2.4ft,0.05s
4.17.2026 14:59:42,T0,T2,3.0ft,0.05s
4.17.2026 14:59:42,T1,T2,1.6ft,0.05s
4.17.2026 14:59:42,T0,T1,2.4ft,0.05s
4.17.2026 14:59:42,T0,T2,3.0ft,0.05s
4.17.2026 14:59:42,T1,T2,1.6ft,0.05s
4.17.2026 14:59:42,T0,T1,2.4ft,0.05s
4.17.2026 14:59:42,T0,T2,2.9ft,0.05s
4.17.2026 14:59:42,T1,T2,1.6ft,0.05s
4.17.2026 14:59:42,T0,T1,2.5ft,0.05s
4.17.2026 14:59:42,T0,T2,2.9ft,0.05s
4.17.2026 14:59:42,T1,T2,1.5ft,0.05s
4.17.2026 14:59:42,T0,T1,2.5ft,0.05s
4.17.2026 14:59:42,T0,T2,2.9ft,0.05s
4.17.2026 14:59:42,T1,T2,1.5ft,0.05s
4.17.2026 14:59:42,T0,T1,2.5ft,0.05s
4.17.2026 14:59:42,T0,T2,2.8ft,0.05s
4.17.2026 14:59:42,T1,T2,1.4ft,0.05s
4.17.2026 14:59:42,T0,T1,2.5ft,0.05s
4.17.2026 14:59:42,T0,T2,2.8ft,0.05s
4.17.2026 14:59:42,T1,T2,1.4ft,0.05s
4.17.2026 14:59:42,T0,T1,2.5ft,0.05s
4.17.2026 14:59:42,T0,T2,2.7ft,0.05s
4.17.2026 14:59:42,T1,T2,1.4ft,0.05s
4.17.2026 14:59:42,T0,T1,2.6ft,0.05s
4.17.2026 14:59:42,T0,T2,2.7ft,0.05s
4.17.2026 14:59:42,T1,T2,1.3ft,0.05s
4.17.2026 14:59:42,T0,T1,2.6ft,0.05s
4.17.2026 14:59:42,T0,T2,2.7ft,0.05s
4.17.2026 14:59:42,T1,T2,1.3ft,0.05s
4.17.2026 14:59:43,T0,T1,2.6ft,0.05s
4.17.2026 14:59:43,T0,T2,2.7ft,0.05s
4.17.2026 14:59:43,T1,T2,1.3ft,0.05s
4.17.2026 14:59:43,T0,T1,2.6ft,0.05s
4.17.2026 14:59:43,T0,T2,2.7ft,0.05s
4.17.2026 14:59:43,T1,T2,1.3ft,0.05s
4.17.2026 14:59:43,T0,T1,2.6ft,0.05s
4.17.2026 14:59:43,T0,T2,2.7ft,0.05s
4.17.2026 14:59:43,T1,T2,1.3ft,0.05s
4.17.2026 14:59:43,T0,T1,2.6ft,0.05s
4.17.2026 14:59:43,T0,T2,2.7ft,0.05s
4.17.2026 14:59:43,T1,T2,1.3ft,0.05s
4.17.2026 14:59:43,T0,T1,2.6ft,0.05s
4.17.2026 14:59:43,T0,T2,2.7ft,0.05s
4.17.2026 14:59:43,T1,T2,1.3ft,0.05s
4.17.2026 14:59:43,T0,T1,2.5ft,0.05s
4.17.2026 14:59:43,T0,T2,2.8ft,0.05s
4.17.2026 14:59:43,T1,T2,1.3ft,0.05s
4.17.2026 14:59:43,T0,T1,2.5ft,0.05s
4.17.2026 14:59:43,T0,T2,2.8ft,0.05s
4.17.2026 14:59:43,T1,T2,1.4ft,0.05s
4.17.2026 14:59:43,T0,T1,2.5ft,0.05s
4.17.2026 14:59:43,T0,T2,2.9ft,0.05s
4.17.2026 14:59:43,T1,T2,1.4ft,0.05s
4.17.2026 14:59:43,T0,T1,2.5ft,0.05s
4.17.2026 14:59:43,T0,T2,2.9ft,0.05s
4.17.2026 14:59:43,T1,T2,1.4ft,0.05s
4.17.2026 14:59:43,T0,T1,2.5ft,0.05s
4.17.2026 14:59:43,T0,T2,3.0ft,0.05s
4.17.2026 14:59:43,T1,T2,1.5ft,0.05s
4.17.2026 14:59:43,T0,T1,2.5ft,0.05s
4.17.2026 14:59:43,T0,T2,3.1ft,0.05s
4.17.2026 14:59:43,T1,T2,1.6ft,0.05s
4.17.2026 14:59:43,T0,T1,2.5ft,0.05s
4.17.2026 14:59:43,T0,T2,3.1ft,0.05s
4.17.2026 14:59:43,T1,T2,1.7ft,0.05s
4.17.2026 14:59:43,T0,T1,2.4ft,0.05s
4.17.2026 14:59:43,T0,T2,3.2ft,0.05s
4.17.2026 14:59:43,T1,T2,1.7ft,0.05s
4.17.2026 14:59:43,T0,T1,2.4ft,0.05s
4.17.2026 14:59:43,T0,T2,3.1ft,0.05s
4.17.2026 14:59:43,T1,T2,1.7ft,0.05s
4.17.2026 14:59:43,T0,T1,2.4ft,0.05s
4.17.2026 14:59:43,T0,T2,3.1ft,0.05s
4.17.2026 14:59:43,T1,T2,1.7ft,0.05s
4.17.2026 14:59:43,T0,T1,2.4ft,0.05s
4.17.2026 14:59:43,T0,T2,3.1ft,0.05s
4.17.2026 14:59:43,T1,T2,1.7ft,0.05s
4.17.2026 14:59:43,T0,T1,2.4ft,0.05s
4.17.2026 14:59:43,T0,T2,3.1ft,0.05s
4.17.2026 14:59:43,T1,T2,1.7ft,0.05s
4.17.2026 14:59:43,T0,T1,2.4ft,0.05s
4.17.2026 14:59:43,T0,T2,3.1ft,0.05s
4.17.2026 14:59:43,T1,T2,1.7ft,0.05s
4.17.2026 14:59:43,T0,T1,2.4ft,0.05s
4.17.2026 14:59:43,T0,T2,3.1ft,0.05s
4.17.2026 14:59:43,T1,T2,1.7ft,0.05s
4.17.2026 14:59:43,T0,T1,2.4ft,0.05s
4.17.2026 14:59:43,T0,T2,3.1ft,0.05s
4.17.2026 14:59:43,T1,T2,1.7ft,0.05s
4.17.2026 14:59:44,T0,T1,2.4ft,0.05s
4.17.2026 14:59:44,T0,T2,3.0ft,0.05s
4.17.2026 14:59:44,T1,T2,1.7ft,0.05s
4.17.2026 14:59:44,T0,T1,2.4ft,0.05s
4.17.2026 14:59:44,T0,T2,3.0ft,0.05s
4.17.2026 14:59:44,T1,T2,1.6ft,0.05s
4.17.2026 14:59:44,T0,T1,2.3ft,0.05s
4.17.2026 14:59:44,T0,T2,2.9ft,0.05s
4.17.2026 14:59:44,T1,T2,1.6ft,0.05s
4.17.2026 14:59:44,T0,T1,2.3ft,0.05s
4.17.2026 14:59:44,T0,T2,2.9ft,0.05s
4.17.2026 14:59:44,T1,T2,1.6ft,0.05s
4.17.2026 14:59:44,T0,T1,2.3ft,0.05s
4.17.2026 14:59:44,T0,T2,2.8ft,0.05s
4.17.2026 14:59:44,T1,T2,1.5ft,0.05s
4.17.2026 14:59:44,T0,T1,2.3ft,0.05s
4.17.2026 14:59:44,T0,T2,2.8ft,0.05s
4.17.2026 14:59:44,T1,T2,1.5ft,0.05s
4.17.2026 14:59:44,T0,T1,2.3ft,0.05s
4.17.2026 14:59:44,T0,T2,2.7ft,0.05s
4.17.2026 14:59:44,T1,T2,1.5ft,0.05s
4.17.2026 14:59:44,T0,T1,2.3ft,0.05s
4.17.2026 14:59:44,T0,T2,2.7ft,0.05s
4.17.2026 14:59:44,T1,T2,1.5ft,0.05s
4.17.2026 14:59:44,T0,T1,2.3ft,0.05s
4.17.2026 14:59:44,T0,T2,2.6ft,0.05s
4.17.2026 14:59:44,T1,T2,1.4ft,0.05s
4.17.2026 14:59:44,T0,T1,2.3ft,0.05s
4.17.2026 14:59:44,T0,T2,2.6ft,0.05s
4.17.2026 14:59:44,T1,T2,1.4ft,0.05s
4.17.2026 14:59:44,T0,T1,2.3ft,0.05s
4.17.2026 14:59:44,T0,T2,2.6ft,0.05s
4.17.2026 14:59:44,T1,T2,1.4ft,0.05s
4.17.2026 14:59:44,T0,T1,2.3ft,0.05s
4.17.2026 14:59:44,T0,T2,2.6ft,0.05s
4.17.2026 14:59:44,T1,T2,1.4ft,0.05s
4.17.2026 14:59:44,T0,T1,2.3ft,0.05s
4.17.2026 14:59:44,T0,T2,2.6ft,0.05s
4.17.2026 14:59:44,T1,T2,1.4ft,0.05s
4.17.2026 14:59:44,T0,T1,2.3ft,0.05s
4.17.2026 14:59:44,T0,T2,2.6ft,0.05s
4.17.2026 14:59:44,T1,T2,1.4ft,0.05s
4.17.2026 14:59:44,T0,T1,2.3ft,0.05s
4.17.2026 14:59:44,T0,T2,2.6ft,0.05s
4.17.2026 14:59:44,T1,T2,1.5ft,0.05s
4.17.2026 14:59:44,T0,T1,2.2ft,0.05s
4.17.2026 14:59:44,T0,T2,2.6ft,0.05s
4.17.2026 14:59:44,T1,T2,1.5ft,0.05s
4.17.2026 14:59:44,T0,T1,2.2ft,0.05s
4.17.2026 14:59:44,T0,T2,2.7ft,0.05s
4.17.2026 14:59:44,T1,T2,1.5ft,0.05s
4.17.2026 14:59:44,T0,T1,2.2ft,0.05s
4.17.2026 14:59:44,T0,T2,2.7ft,0.05s
4.17.2026 14:59:44,T1,T2,1.5ft,0.05s
4.17.2026 14:59:44,T0,T1,2.2ft,0.05s
4.17.2026 14:59:44,T0,T2,2.7ft,0.05s
4.17.2026 14:59:44,T1,T2,1.5ft,0.05s
4.17.2026 14:59:45,T0,T1,2.2ft,0.05s
4.17.2026 14:59:45,T0,T2,2.7ft,0.05s
4.17.2026 14:59:45,T1,T2,1.5ft,0.05s
4.17.2026 14:59:45,T0,T1,2.2ft,0.05s
4.17.2026 14:59:45,T0,T2,2.7ft,0.05s
4.17.2026 14:59:45,T1,T2,1.5ft,0.05s
4.17.2026 14:59:45,T0,T1,2.2ft,0.05s
4.17.2026 14:59:45,T0,T2,2.6ft,0.05s
4.17.2026 14:59:45,T1,T2,1.5ft,0.05s
4.17.2026 14:59:45,T0,T1,2.2ft,0.05s
4.17.2026 14:59:45,T0,T2,2.6ft,0.05s
4.17.2026 14:59:45,T1,T2,1.5ft,0.05s
4.17.2026 14:59:45,T0,T1,2.2ft,0.05s
4.17.2026 14:59:45,T0,T2,2.6ft,0.05s
4.17.2026 14:59:45,T1,T2,1.5ft,0.05s
4.17.2026 14:59:45,T0,T1,2.2ft,0.05s
4.17.2026 14:59:45,T0,T2,2.6ft,0.05s
4.17.2026 14:59:45,T1,T2,1.5ft,0.05s
4.17.2026 14:59:45,T0,T1,2.2ft,0.05s
4.17.2026 14:59:45,T0,T2,2.6ft,0.05s
4.17.2026 14:59:45,T1,T2,1.5ft,0.05s
4.17.2026 14:59:45,T0,T1,2.2ft,0.05s
4.17.2026 14:59:45,T0,T2,2.6ft,0.05s
4.17.2026 14:59:45,T1,T2,1.5ft,0.05s
4.17.2026 14:59:45,T0,T1,2.2ft,0.05s
4.17.2026 14:59:45,T0,T2,2.6ft,0.05s
4.17.2026 14:59:45,T1,T2,1.5ft,0.05s
4.17.2026 14:59:45,T0,T1,2.2ft,0.05s
4.17.2026 14:59:45,T0,T2,2.6ft,0.05s
4.17.2026 14:59:45,T1,T2,1.4ft,0.05s
4.17.2026 14:59:45,T0,T1,2.2ft,0.05s
4.17.2026 14:59:45,T0,T2,2.5ft,0.05s
4.17.2026 14:59:45,T1,T2,1.4ft,0.05s
4.17.2026 14:59:45,T0,T1,2.2ft,0.05s
4.17.2026 14:59:45,T0,T2,2.5ft,0.05s
4.17.2026 14:59:45,T1,T2,1.4ft,0.05s
4.17.2026 14:59:45,T0,T1,2.2ft,0.05s
4.17.2026 14:59:45,T0,T2,2.5ft,0.05s
4.17.2026 14:59:45,T1,T2,1.4ft,0.05s
4.17.2026 14:59:45,T0,T1,2.2ft,0.05s
4.17.2026 14:59:45,T0,T2,2.5ft,0.05s
4.17.2026 14:59:45,T1,T2,1.4ft,0.05s
4.17.2026 14:59:45,T0,T1,2.2ft,0.05s
4.17.2026 14:59:45,T0,T2,2.5ft,0.05s
4.17.2026 14:59:45,T1,T2,1.4ft,0.05s
4.17.2026 14:59:45,T0,T1,2.2ft,0.05s
4.17.2026 14:59:45,T0,T2,2.5ft,0.05s
4.17.2026 14:59:45,T1,T2,1.4ft,0.05s
4.17.2026 14:59:45,T0,T1,2.2ft,0.05s
4.17.2026 14:59:45,T0,T2,2.4ft,0.05s
4.17.2026 14:59:45,T1,T2,1.4ft,0.05s
4.17.2026 14:59:45,T0,T1,2.2ft,0.05s
4.17.2026 14:59:45,T0,T2,2.4ft,0.05s
4.17.2026 14:59:45,T1,T2,1.3ft,0.05s
4.17.2026 14:59:45,T0,T1,2.2ft,0.05s
4.17.2026 14:59:45,T0,T2,2.4ft,0.05s
4.17.2026 14:59:45,T1,T2,1.3ft,0.05s
4.17.2026 14:59:45,T0,T1,2.2ft,0.05s
4.17.2026 14:59:45,T0,T2,2.4ft,0.05s
4.17.2026 14:59:45,T1,T2,1.3ft,0.05s
4.17.2026 14:59:46,T0,T1,2.2ft,0.05s
4.17.2026 14:59:46,T0,T2,2.4ft,0.05s
4.17.2026 14:59:46,T1,T2,1.3ft,0.05s
4.17.2026 14:59:46,T0,T1,2.2ft,0.05s
4.17.2026 14:59:46,T0,T2,2.4ft,0.05s
4.17.2026 14:59:46,T1,T2,1.3ft,0.05s
4.17.2026 14:59:46,T0,T1,2.2ft,0.05s
4.17.2026 14:59:46,T0,T2,2.5ft,0.05s
4.17.2026 14:59:46,T1,T2,1.3ft,0.05s
4.17.2026 14:59:46,T0,T1,2.2ft,0.05s
4.17.2026 14:59:46,T0,T2,2.5ft,0.05s
4.17.2026 14:59:46,T1,T2,1.4ft,0.05s
4.17.2026 14:59:46,T0,T1,2.2ft,0.05s
4.17.2026 14:59:46,T0,T2,2.5ft,0.05s
4.17.2026 14:59:46,T1,T2,1.4ft,0.05s
4.17.2026 14:59:46,T0,T1,2.2ft,0.05s
4.17.2026 14:59:46,T0,T2,2.5ft,0.05s
4.17.2026 14:59:46,T1,T2,1.4ft,0.05s
4.17.2026 14:59:46,T0,T1,2.2ft,0.05s
4.17.2026 14:59:46,T0,T2,2.5ft,0.05s
4.17.2026 14:59:46,T1,T2,1.4ft,0.05s
4.17.2026 14:59:46,T0,T1,2.2ft,0.05s
4.17.2026 14:59:46,T0,T2,2.5ft,0.05s
4.17.2026 14:59:46,T1,T2,1.3ft,0.05s
4.17.2026 14:59:46,T0,T1,2.3ft,0.05s
4.17.2026 14:59:46,T0,T2,2.4ft,0.05s
4.17.2026 14:59:46,T1,T2,1.3ft,0.05s
4.17.2026 14:59:46,T0,T1,2.3ft,0.05s
4.17.2026 14:59:46,T0,T2,2.4ft,0.05s
4.17.2026 14:59:46,T1,T2,1.3ft,0.05s
4.17.2026 14:59:46,T0,T1,2.3ft,0.05s
4.17.2026 14:59:46,T0,T2,2.4ft,0.05s
4.17.2026 14:59:46,T1,T2,1.3ft,0.05s
4.17.2026 14:59:46,T0,T1,2.3ft,0.05s
4.17.2026 14:59:46,T0,T2,2.4ft,0.05s
4.17.2026 14:59:46,T1,T2,1.3ft,0.05s
4.17.2026 14:59:46,T0,T1,2.3ft,0.05s
4.17.2026 14:59:46,T0,T2,2.5ft,0.05s
4.17.2026 14:59:46,T1,T2,1.3ft,0.05s
4.17.2026 14:59:46,T0,T1,2.3ft,0.05s
4.17.2026 14:59:46,T0,T2,2.5ft,0.05s
4.17.2026 14:59:46,T1,T2,1.3ft,0.05s
4.17.2026 14:59:46,T0,T1,2.3ft,0.05s
4.17.2026 14:59:46,T0,T2,2.4ft,0.05s
4.17.2026 14:59:46,T1,T2,1.3ft,0.05s
4.17.2026 14:59:46,T0,T1,2.3ft,0.05s
4.17.2026 14:59:46,T0,T2,2.4ft,0.05s
4.17.2026 14:59:46,T1,T2,1.3ft,0.05s
4.17.2026 14:59:46,T0,T1,2.3ft,0.05s
4.17.2026 14:59:46,T0,T2,2.4ft,0.05s
4.17.2026 14:59:46,T1,T2,1.3ft,0.05s
4.17.2026 14:59:46,T0,T1,2.3ft,0.05s
4.17.2026 14:59:46,T0,T2,2.4ft,0.05s
4.17.2026 14:59:46,T1,T2,1.3ft,0.05s
4.17.2026 14:59:46,T0,T1,2.3ft,0.05s
4.17.2026 14:59:46,T0,T2,2.4ft,0.05s
4.17.2026 14:59:46,T1,T2,1.3ft,0.05s
4.17.2026 14:59:46,T0,T1,2.3ft,0.05s
4.17.2026 14:59:46,T0,T2,2.4ft,0.05s
4.17.2026 14:59:46,T1,T2,1.3ft,0.05s
4.17.2026 14:59:47,T0,T1,2.3ft,0.05s
4.17.2026 14:59:47,T0,T2,2.4ft,0.05s
4.17.2026 14:59:47,T1,T2,1.3ft,0.05s
4.17.2026 14:59:47,T0,T1,2.3ft,0.05s
4.17.2026 14:59:47,T0,T2,2.4ft,0.05s
4.17.2026 14:59:47,T1,T2,1.3ft,0.05s
4.17.2026 14:59:47,T0,T1,2.3ft,0.05s
4.17.2026 14:59:47,T0,T2,2.4ft,0.05s
4.17.2026 14:59:47,T1,T2,1.3ft,0.05s
4.17.2026 14:59:47,T0,T1,2.3ft,0.05s
4.17.2026 14:59:47,T0,T2,2.4ft,0.05s
4.17.2026 14:59:47,T1,T2,1.3ft,0.05s
4.17.2026 14:59:47,T0,T1,2.3ft,0.05s
4.17.2026 14:59:47,T0,T2,2.3ft,0.05s
4.17.2026 14:59:47,T1,T2,1.2ft,0.05s
4.17.2026 14:59:47,T0,T1,2.3ft,0.05s
4.17.2026 14:59:47,T0,T2,2.3ft,0.05s
4.17.2026 14:59:47,T1,T2,1.2ft,0.05s
4.17.2026 14:59:47,T0,T1,2.2ft,0.05s
4.17.2026 14:59:47,T0,T2,2.3ft,0.05s
4.17.2026 14:59:47,T1,T2,1.2ft,0.05s
4.17.2026 14:59:47,T0,T1,2.2ft,0.05s
4.17.2026 14:59:47,T0,T2,2.2ft,0.05s
4.17.2026 14:59:47,T1,T2,1.2ft,0.05s
4.17.2026 14:59:47,T0,T1,2.2ft,0.05s
4.17.2026 14:59:47,T0,T2,2.2ft,0.05s
4.17.2026 14:59:47,T1,T2,1.2ft,0.05s
4.17.2026 14:59:47,T0,T1,2.2ft,0.05s
4.17.2026 14:59:47,T0,T2,2.2ft,0.05s
4.17.2026 14:59:47,T1,T2,1.2ft,0.05s
4.17.2026 14:59:47,T0,T1,2.2ft,0.05s
4.17.2026 14:59:47,T0,T2,2.1ft,0.05s
4.17.2026 14:59:47,T1,T2,1.2ft,0.05s
4.17.2026 14:59:47,T0,T1,2.2ft,0.05s
4.17.2026 14:59:47,T0,T2,2.1ft,0.05s
4.17.2026 14:59:47,T1,T2,1.2ft,0.05s
4.17.2026 14:59:47,T0,T1,2.2ft,0.05s
4.17.2026 14:59:47,T0,T2,2.1ft,0.05s
4.17.2026 14:59:47,T1,T2,1.2ft,0.05s
4.17.2026 14:59:47,T0,T1,2.2ft,0.05s
4.17.2026 14:59:47,T0,T2,2.2ft,0.05s
4.17.2026 14:59:47,T1,T2,1.2ft,0.05s
4.17.2026 14:59:47,T0,T1,2.2ft,0.05s
4.17.2026 14:59:47,T0,T2,2.2ft,0.05s
4.17.2026 14:59:47,T1,T2,1.3ft,0.05s
4.17.2026 14:59:47,T0,T1,2.2ft,0.05s
4.17.2026 14:59:47,T0,T2,2.3ft,0.05s
4.17.2026 14:59:47,T1,T2,1.3ft,0.05s
4.17.2026 14:59:47,T0,T1,2.2ft,0.05s
4.17.2026 14:59:47,T0,T2,2.4ft,0.05s
4.17.2026 14:59:47,T1,T2,1.3ft,0.05s
4.17.2026 14:59:47,T0,T1,2.2ft,0.05s
4.17.2026 14:59:47,T0,T2,2.4ft,0.05s
4.17.2026 14:59:47,T1,T2,1.4ft,0.05s
4.17.2026 14:59:47,T0,T1,2.2ft,0.05s
4.17.2026 14:59:47,T0,T2,2.5ft,0.05s
4.17.2026 14:59:47,T1,T2,1.4ft,0.05s
4.17.2026 14:59:48,T0,T1,2.2ft,0.05s
4.17.2026 14:59:48,T0,T2,2.6ft,0.05s
4.17.2026 14:59:48,T1,T2,1.5ft,0.05s
4.17.2026 14:59:48,T0,T1,2.2ft,0.05s
4.17.2026 14:59:48,T0,T2,2.6ft,0.05s
4.17.2026 14:59:48,T1,T2,1.5ft,0.05s
4.17.2026 14:59:48,T0,T1,2.2ft,0.05s
4.17.2026 14:59:48,T0,T2,2.7ft,0.05s
4.17.2026 14:59:48,T1,T2,1.6ft,0.05s
4.17.2026 14:59:48,T0,T1,2.2ft,0.05s
4.17.2026 14:59:48,T0,T2,2.8ft,0.05s
4.17.2026 14:59:48,T1,T2,1.7ft,0.05s
4.17.2026 14:59:48,T0,T1,2.2ft,0.05s
4.17.2026 14:59:48,T0,T2,2.8ft,0.05s
4.17.2026 14:59:48,T1,T2,1.7ft,0.05s
4.17.2026 14:59:48,T0,T1,2.2ft,0.05s
4.17.2026 14:59:48,T0,T2,2.9ft,0.05s
4.17.2026 14:59:48,T1,T2,1.7ft,0.05s
4.17.2026 14:59:48,T0,T1,2.2ft,0.05s
4.17.2026 14:59:48,T0,T2,2.9ft,0.05s
4.17.2026 14:59:48,T1,T2,1.7ft,0.05s
4.17.2026 14:59:48,T0,T1,2.2ft,0.05s
4.17.2026 14:59:48,T0,T2,2.8ft,0.05s
4.17.2026 14:59:48,T1,T2,1.7ft,0.05s
4.17.2026 14:59:48,T0,T1,2.2ft,0.05s
4.17.2026 14:59:48,T0,T2,2.8ft,0.05s
4.17.2026 14:59:48,T1,T2,1.7ft,0.05s
4.17.2026 14:59:48,T0,T1,2.2ft,0.05s
4.17.2026 14:59:48,T0,T2,2.7ft,0.05s
4.17.2026 14:59:48,T1,T2,1.6ft,0.05s
4.17.2026 14:59:48,T0,T1,2.2ft,0.05s
4.17.2026 14:59:48,T0,T2,2.7ft,0.05s
4.17.2026 14:59:48,T1,T2,1.6ft,0.05s
4.17.2026 14:59:48,T0,T1,2.2ft,0.05s
4.17.2026 14:59:48,T0,T2,2.6ft,0.05s
4.17.2026 14:59:48,T1,T2,1.5ft,0.05s
4.17.2026 14:59:48,T0,T1,2.2ft,0.05s
4.17.2026 14:59:48,T0,T2,2.5ft,0.05s
4.17.2026 14:59:48,T1,T2,1.5ft,0.05s
4.17.2026 14:59:48,T0,T1,2.2ft,0.05s
4.17.2026 14:59:48,T0,T2,2.5ft,0.05s
4.17.2026 14:59:48,T1,T2,1.4ft,0.05s
4.17.2026 14:59:48,T0,T1,2.3ft,0.05s
4.17.2026 14:59:48,T0,T2,2.5ft,0.05s
4.17.2026 14:59:48,T1,T2,1.4ft,0.05s
4.17.2026 14:59:48,T0,T1,2.3ft,0.05s
4.17.2026 14:59:48,T0,T2,2.5ft,0.05s
4.17.2026 14:59:48,T1,T2,1.4ft,0.05s
4.17.2026 14:59:48,T0,T1,2.3ft,0.05s
4.17.2026 14:59:48,T0,T2,2.5ft,0.05s
4.17.2026 14:59:48,T1,T2,1.4ft,0.05s
4.17.2026 14:59:48,T0,T1,2.3ft,0.05s
4.17.2026 14:59:48,T0,T2,2.5ft,0.05s
4.17.2026 14:59:48,T1,T2,1.4ft,0.05s
4.17.2026 14:59:48,T0,T1,2.3ft,0.05s
4.17.2026 14:59:48,T0,T2,2.4ft,0.05s
4.17.2026 14:59:48,T1,T2,1.4ft,0.05s
4.17.2026 14:59:48,T0,T1,2.3ft,0.05s
4.17.2026 14:59:48,T0,T2,2.4ft,0.05s
4.17.2026 14:59:48,T1,T2,1.4ft,0.05s
4.17.2026 14:59:49,T0,T1,2.3ft,0.05s
4.17.2026 14:59:49,T0,T2,2.4ft,0.05s
4.17.2026 14:59:49,T1,T2,1.3ft,0.05s
4.17.2026 14:59:49,T0,T1,2.3ft,0.05s
4.17.2026 14:59:49,T0,T2,2.3ft,0.05s
4.17.2026 14:59:49,T1,T2,1.3ft,0.05s
4.17.2026 14:59:49,T0,T1,2.3ft,0.05s
4.17.2026 14:59:49,T0,T2,2.3ft,0.05s
4.17.2026 14:59:49,T1,T2,1.3ft,0.05s
4.17.2026 14:59:49,T0,T1,2.3ft,0.05s
4.17.2026 14:59:49,T0,T2,2.3ft,0.05s
4.17.2026 14:59:49,T1,T2,1.3ft,0.05s
4.17.2026 14:59:49,T0,T1,2.3ft,0.05s
4.17.2026 14:59:49,T0,T2,2.2ft,0.05s
4.17.2026 14:59:49,T1,T2,1.2ft,0.05s
4.17.2026 14:59:49,T0,T1,2.3ft,0.05s
4.17.2026 14:59:49,T0,T2,2.2ft,0.05s
4.17.2026 14:59:49,T1,T2,1.2ft,0.05s
4.17.2026 14:59:49,T0,T1,2.3ft,0.05s
4.17.2026 14:59:49,T0,T2,2.1ft,0.05s
4.17.2026 14:59:49,T1,T2,1.2ft,0.05s
4.17.2026 14:59:49,T0,T1,2.3ft,0.05s
4.17.2026 14:59:49,T0,T2,2.1ft,0.05s
4.17.2026 14:59:49,T1,T2,1.2ft,0.05s
4.17.2026 14:59:49,T0,T1,2.3ft,0.05s
4.17.2026 14:59:49,T0,T2,2.1ft,0.05s
4.17.2026 14:59:49,T1,T2,1.2ft,0.05s
4.17.2026 14:59:49,T0,T1,2.3ft,0.05s
4.17.2026 14:59:49,T0,T2,2.1ft,0.05s
4.17.2026 14:59:49,T1,T2,1.2ft,0.05s
4.17.2026 14:59:49,T0,T1,2.3ft,0.05s
4.17.2026 14:59:49,T0,T2,2.2ft,0.05s
4.17.2026 14:59:49,T1,T2,1.2ft,0.05s
4.17.2026 14:59:49,T0,T1,2.3ft,0.05s
4.17.2026 14:59:49,T0,T2,2.2ft,0.05s
4.17.2026 14:59:49,T1,T2,1.2ft,0.05s
4.17.2026 14:59:49,T0,T1,2.3ft,0.05s
4.17.2026 14:59:49,T0,T2,2.2ft,0.05s
4.17.2026 14:59:49,T1,T2,1.2ft,0.05s
4.17.2026 14:59:49,T0,T1,2.3ft,0.05s
4.17.2026 14:59:49,T0,T2,2.2ft,0.05s
4.17.2026 14:59:49,T1,T2,1.2ft,0.05s
4.17.2026 14:59:49,T0,T1,2.3ft,0.05s
4.17.2026 14:59:49,T0,T2,2.3ft,0.05s
4.17.2026 14:59:49,T1,T2,1.2ft,0.05s
4.17.2026 14:59:49,T0,T1,2.3ft,0.05s
4.17.2026 14:59:49,T0,T2,2.3ft,0.05s
4.17.2026 14:59:49,T1,T2,1.2ft,0.05s
4.17.2026 14:59:49,T0,T1,2.3ft,0.05s
4.17.2026 14:59:49,T0,T2,2.3ft,0.05s
4.17.2026 14:59:49,T1,T2,1.3ft,0.05s
4.17.2026 14:59:49,T0,T1,2.3ft,0.05s
4.17.2026 14:59:49,T0,T2,2.4ft,0.05s
4.17.2026 14:59:49,T1,T2,1.3ft,0.05s
4.17.2026 14:59:49,T0,T1,2.3ft,0.05s
4.17.2026 14:59:49,T0,T2,2.4ft,0.05s
4.17.2026 14:59:49,T1,T2,1.3ft,0.05s
4.17.2026 14:59:49,T0,T1,2.3ft,0.05s
4.17.2026 14:59:49,T0,T2,2.4ft,0.05s
4.17.2026 14:59:49,T1,T2,1.3ft,0.05s
4.17.2026 14:59:50,T0,T1,2.3ft,0.05s
4.17.2026 14:59:50,T0,T2,2.5ft,0.05s
4.17.2026 14:59:50,T1,T2,1.3ft,0.05s
4.17.2026 14:59:50,T0,T1,2.3ft,0.05s
4.17.2026 14:59:50,T0,T2,2.5ft,0.05s
4.17.2026 14:59:50,T1,T2,1.4ft,0.05s
4.17.2026 14:59:50,T0,T1,2.2ft,0.05s
4.17.2026 14:59:50,T0,T2,2.5ft,0.05s
4.17.2026 14:59:50,T1,T2,1.4ft,0.05s
4.17.2026 14:59:50,T0,T1,2.2ft,0.05s
4.17.2026 14:59:50,T0,T2,2.6ft,0.05s
4.17.2026 14:59:50,T1,T2,1.5ft,0.05s
4.17.2026 14:59:50,T0,T1,2.2ft,0.05s
4.17.2026 14:59:50,T0,T2,2.6ft,0.05s
4.17.2026 14:59:50,T1,T2,1.5ft,0.05s
4.17.2026 14:59:50,T0,T1,2.2ft,0.05s
4.17.2026 14:59:50,T0,T2,2.6ft,0.05s
4.17.2026 14:59:50,T1,T2,1.5ft,0.05s
4.17.2026 14:59:50,T0,T1,2.2ft,0.05s
4.17.2026 14:59:50,T0,T2,2.6ft,0.05s
4.17.2026 14:59:50,T1,T2,1.5ft,0.05s
4.17.2026 14:59:50,T0,T1,2.2ft,0.05s
4.17.2026 14:59:50,T0,T2,2.6ft,0.05s
4.17.2026 14:59:50,T1,T2,1.5ft,0.05s
4.17.2026 14:59:50,T0,T1,2.2ft,0.05s
4.17.2026 14:59:50,T0,T2,2.6ft,0.05s
4.17.2026 14:59:50,T1,T2,1.5ft,0.05s
4.17.2026 14:59:50,T0,T1,2.2ft,0.05s
4.17.2026 14:59:50,T0,T2,2.7ft,0.05s
4.17.2026 14:59:50,T1,T2,1.6ft,0.05s
4.17.2026 14:59:50,T0,T1,2.2ft,0.05s
4.17.2026 14:59:50,T0,T2,2.7ft,0.05s
4.17.2026 14:59:50,T1,T2,1.6ft,0.05s
4.17.2026 14:59:50,T0,T1,2.2ft,0.05s
4.17.2026 14:59:50,T0,T2,2.7ft,0.05s
4.17.2026 14:59:50,T1,T2,1.6ft,0.05s
4.17.2026 14:59:50,T0,T1,2.2ft,0.05s
4.17.2026 14:59:50,T0,T2,2.7ft,0.05s
4.17.2026 14:59:50,T1,T2,1.6ft,0.05s
4.17.2026 14:59:50,T0,T1,2.2ft,0.05s
4.17.2026 14:59:50,T0,T2,2.7ft,0.05s
4.17.2026 14:59:50,T1,T2,1.6ft,0.05s
4.17.2026 14:59:50,T0,T1,2.2ft,0.05s
4.17.2026 14:59:50,T0,T2,2.7ft,0.05s
4.17.2026 14:59:50,T1,T2,1.6ft,0.05s
4.17.2026 14:59:50,T0,T1,2.2ft,0.05s
4.17.2026 14:59:50,T0,T2,2.7ft,0.05s
4.17.2026 14:59:50,T1,T2,1.6ft,0.05s
4.17.2026 14:59:50,T0,T1,2.2ft,0.05s
4.17.2026 14:59:50,T0,T2,2.7ft,0.05s
4.17.2026 14:59:50,T1,T2,1.6ft,0.05s
4.17.2026 14:59:50,T0,T1,2.2ft,0.05s
4.17.2026 14:59:50,T0,T2,2.7ft,0.05s
4.17.2026 14:59:50,T1,T2,1.6ft,0.05s
4.17.2026 14:59:50,T0,T1,2.2ft,0.05s
4.17.2026 14:59:50,T0,T2,2.7ft,0.05s
4.17.2026 14:59:50,T1,T2,1.6ft,0.05s
4.17.2026 14:59:50,T0,T1,2.2ft,0.05s
4.17.2026 14:59:50,T0,T2,2.6ft,0.05s
4.17.2026 14:59:50,T1,T2,1.6ft,0.05s
4.17.2026 14:59:51,T0,T1,2.2ft,0.05s
4.17.2026 14:59:51,T0,T2,2.6ft,0.05s
4.17.2026 14:59:51,T1,T2,1.6ft,0.05s
4.17.2026 14:59:51,T0,T1,2.2ft,0.05s
4.17.2026 14:59:51,T0,T2,2.6ft,0.05s
4.17.2026 14:59:51,T1,T2,1.6ft,0.05s
4.17.2026 14:59:51,T0,T1,2.2ft,0.05s
4.17.2026 14:59:51,T0,T2,2.6ft,0.05s
4.17.2026 14:59:51,T1,T2,1.6ft,0.05s
4.17.2026 14:59:51,T0,T1,2.2ft,0.05s
4.17.2026 14:59:51,T0,T2,2.6ft,0.05s
4.17.2026 14:59:51,T1,T2,1.6ft,0.05s
4.17.2026 14:59:51,T0,T1,2.2ft,0.05s
4.17.2026 14:59:51,T0,T2,2.6ft,0.05s
4.17.2026 14:59:51,T1,T2,1.6ft,0.05s
4.17.2026 14:59:51,T0,T1,2.2ft,0.05s
4.17.2026 14:59:51,T0,T2,2.6ft,0.05s
4.17.2026 14:59:51,T1,T2,1.6ft,0.05s
4.17.2026 14:59:51,T0,T1,2.2ft,0.05s
4.17.2026 14:59:51,T0,T2,2.6ft,0.05s
4.17.2026 14:59:51,T1,T2,1.6ft,0.05s
4.17.2026 14:59:51,T0,T1,2.2ft,0.05s
4.17.2026 14:59:51,T0,T2,2.6ft,0.05s
4.17.2026 14:59:51,T1,T2,1.6ft,0.05s
4.17.2026 14:59:51,T0,T1,2.2ft,0.05s
4.17.2026 14:59:51,T0,T2,2.6ft,0.05s
4.17.2026 14:59:51,T1,T2,1.6ft,0.05s
4.17.2026 14:59:51,T0,T1,2.2ft,0.05s
4.17.2026 14:59:51,T0,T2,2.6ft,0.05s
4.17.2026 14:59:51,T1,T2,1.6ft,0.05s
4.17.2026 14:59:51,T0,T1,2.2ft,0.05s
4.17.2026 14:59:51,T0,T2,2.6ft,0.05s
4.17.2026 14:59:51,T1,T2,1.6ft,0.05s
4.17.2026 14:59:51,T0,T1,2.2ft,0.05s
4.17.2026 14:59:51,T0,T2,2.6ft,0.05s
4.17.2026 14:59:51,T1,T2,1.6ft,0.05s
4.17.2026 14:59:51,T0,T1,2.2ft,0.05s
4.17.2026 14:59:51,T0,T2,2.6ft,0.05s
4.17.2026 14:59:51,T1,T2,1.6ft,0.05s
4.17.2026 14:59:51,T0,T1,2.2ft,0.05s
4.17.2026 14:59:51,T0,T2,2.6ft,0.05s
4.17.2026 14:59:51,T1,T2,1.5ft,0.05s
4.17.2026 14:59:51,T0,T1,2.2ft,0.05s
4.17.2026 14:59:51,T0,T2,2.6ft,0.05s
4.17.2026 14:59:51,T1,T2,1.5ft,0.05s
4.17.2026 14:59:51,T0,T1,2.1ft,0.05s
4.17.2026 14:59:51,T0,T2,2.6ft,0.05s
4.17.2026 14:59:51,T1,T2,1.5ft,0.05s
4.17.2026 14:59:51,T0,T1,2.1ft,0.05s
4.17.2026 14:59:51,T0,T2,2.6ft,0.05s
4.17.2026 14:59:51,T1,T2,1.5ft,0.05s
4.17.2026 14:59:51,T0,T1,2.1ft,0.05s
4.17.2026 14:59:51,T0,T2,2.5ft,0.05s
4.17.2026 14:59:51,T1,T2,1.5ft,0.05s
4.17.2026 14:59:51,T0,T1,2.1ft,0.05s
4.17.2026 14:59:51,T0,T2,2.5ft,0.05s
4.17.2026 14:59:51,T1,T2,1.5ft,0.05s
4.17.2026 14:59:52,T0,T1,2.1ft,0.05s
4.17.2026 14:59:52,T0,T2,2.5ft,0.05s
4.17.2026 14:59:52,T1,T2,1.5ft,0.05s
4.17.2026 14:59:52,T0,T1,2.1ft,0.05s
4.17.2026 14:59:52,T0,T2,2.5ft,0.05s
4.17.2026 14:59:52,T1,T2,1.4ft,0.05s
4.17.2026 14:59:52,T0,T1,2.1ft,0.05s
4.17.2026 14:59:52,T0,T2,2.5ft,0.05s
4.17.2026 14:59:52,T1,T2,1.4ft,0.05s
4.17.2026 14:59:52,T0,T1,2.1ft,0.05s
4.17.2026 14:59:52,T0,T2,2.5ft,0.05s
4.17.2026 14:59:52,T1,T2,1.4ft,0.05s
4.17.2026 14:59:52,T0,T1,2.1ft,0.05s
4.17.2026 14:59:52,T0,T2,2.5ft,0.05s
4.17.2026 14:59:52,T1,T2,1.4ft,0.05s
4.17.2026 14:59:52,T0,T1,2.1ft,0.05s
4.17.2026 14:59:52,T0,T2,2.5ft,0.05s
4.17.2026 14:59:52,T1,T2,1.4ft,0.05s
4.17.2026 14:59:52,T0,T1,2.1ft,0.05s
4.17.2026 14:59:52,T0,T2,2.5ft,0.05s
4.17.2026 14:59:52,T1,T2,1.4ft,0.05s
4.17.2026 14:59:52,T0,T1,2.1ft,0.05s
4.17.2026 14:59:52,T0,T2,2.4ft,0.05s
4.17.2026 14:59:52,T1,T2,1.4ft,0.05s
4.17.2026 14:59:52,T0,T1,2.1ft,0.05s
4.17.2026 14:59:52,T0,T2,2.4ft,0.05s
4.17.2026 14:59:52,T1,T2,1.4ft,0.05s
4.17.2026 14:59:52,T0,T1,2.1ft,0.05s
4.17.2026 14:59:52,T0,T2,2.4ft,0.05s
4.17.2026 14:59:52,T1,T2,1.4ft,0.05s
4.17.2026 14:59:52,T0,T1,2.1ft,0.05s
4.17.2026 14:59:52,T0,T2,2.3ft,0.05s
4.17.2026 14:59:52,T1,T2,1.3ft,0.05s
4.17.2026 14:59:52,T0,T1,2.1ft,0.05s
4.17.2026 14:59:52,T0,T2,2.3ft,0.05s
4.17.2026 14:59:52,T1,T2,1.3ft,0.05s
4.17.2026 14:59:52,T0,T1,2.1ft,0.05s
4.17.2026 14:59:52,T0,T2,2.3ft,0.05s
4.17.2026 14:59:52,T1,T2,1.3ft,0.05s
4.17.2026 14:59:52,T0,T1,2.1ft,0.05s
4.17.2026 14:59:52,T0,T2,2.3ft,0.05s
4.17.2026 14:59:52,T1,T2,1.3ft,0.05s
4.17.2026 14:59:52,T0,T1,2.1ft,0.05s
4.17.2026 14:59:52,T0,T2,2.3ft,0.05s
4.17.2026 14:59:52,T1,T2,1.3ft,0.05s
4.17.2026 14:59:52,T0,T1,2.2ft,0.05s
4.17.2026 14:59:52,T0,T2,2.3ft,0.05s
4.17.2026 14:59:52,T1,T2,1.3ft,0.05s
4.17.2026 14:59:52,T0,T1,2.2ft,0.05s
4.17.2026 14:59:52,T0,T2,2.4ft,0.05s
4.17.2026 14:59:52,T1,T2,1.3ft,0.05s
4.17.2026 14:59:52,T0,T1,2.2ft,0.05s
4.17.2026 14:59:52,T0,T2,2.4ft,0.05s
4.17.2026 14:59:52,T1,T2,1.4ft,0.05s
4.17.2026 14:59:52,T0,T1,2.2ft,0.05s
4.17.2026 14:59:52,T0,T2,2.5ft,0.05s
4.17.2026 14:59:52,T1,T2,1.4ft,0.05s
4.17.2026 14:59:52,T0,T1,2.2ft,0.05s
4.17.2026 14:59:52,T0,T2,2.5ft,0.05s
4.17.2026 14:59:52,T1,T2,1.4ft,0.05s
4.17.2026 14:59:53,T0,T1,2.2ft,0.05s
4.17.2026 14:59:53,T0,T2,2.5ft,0.05s
4.17.2026 14:59:53,T1,T2,1.4ft,0.05s
4.17.2026 14:59:53,T0,T1,2.2ft,0.05s
4.17.2026 14:59:53,T0,T2,2.5ft,0.05s
4.17.2026 14:59:53,T1,T2,1.4ft,0.05s
4.17.2026 14:59:53,T0,T1,2.2ft,0.05s
4.17.2026 14:59:53,T0,T2,2.5ft,0.05s
4.17.2026 14:59:53,T1,T2,1.4ft,0.05s
4.17.2026 14:59:53,T0,T1,2.2ft,0.05s
4.17.2026 14:59:53,T0,T2,2.5ft,0.05s
4.17.2026 14:59:53,T1,T2,1.4ft,0.05s
4.17.2026 14:59:53,T0,T1,2.2ft,0.05s
4.17.2026 14:59:53,T0,T2,2.4ft,0.05s
4.17.2026 14:59:53,T1,T2,1.3ft,0.05s
4.17.2026 14:59:53,T0,T1,2.2ft,0.05s
4.17.2026 14:59:53,T0,T2,2.4ft,0.05s
4.17.2026 14:59:53,T1,T2,1.3ft,0.05s
4.17.2026 14:59:53,T0,T1,2.2ft,0.05s
4.17.2026 14:59:53,T0,T2,2.4ft,0.05s
4.17.2026 14:59:53,T1,T2,1.3ft,0.05s
4.17.2026 14:59:53,T0,T1,2.2ft,0.05s
4.17.2026 14:59:53,T0,T2,2.4ft,0.05s
4.17.2026 14:59:53,T1,T2,1.3ft,0.05s
4.17.2026 14:59:53,T0,T1,2.2ft,0.05s
4.17.2026 14:59:53,T0,T2,2.4ft,0.05s
4.17.2026 14:59:53,T1,T2,1.3ft,0.05s
4.17.2026 14:59:53,T0,T1,2.2ft,0.05s
4.17.2026 14:59:53,T0,T2,2.3ft,0.05s
4.17.2026 14:59:53,T1,T2,1.3ft,0.05s
4.17.2026 14:59:53,T0,T1,2.2ft,0.05s
4.17.2026 14:59:53,T0,T2,2.3ft,0.05s
4.17.2026 14:59:53,T1,T2,1.3ft,0.05s
4.17.2026 14:59:53,T0,T1,2.2ft,0.05s
4.17.2026 14:59:53,T0,T2,2.3ft,0.05s
4.17.2026 14:59:53,T1,T2,1.3ft,0.05s
4.17.2026 14:59:53,T0,T1,2.2ft,0.05s
4.17.2026 14:59:53,T0,T2,2.3ft,0.05s
4.17.2026 14:59:53,T1,T2,1.3ft,0.05s
4.17.2026 14:59:53,T0,T1,2.2ft,0.05s
4.17.2026 14:59:53,T0,T2,2.3ft,0.05s
4.17.2026 14:59:53,T1,T2,1.3ft,0.05s
4.17.2026 14:59:53,T0,T1,2.2ft,0.05s
4.17.2026 14:59:53,T0,T2,2.3ft,0.05s
4.17.2026 14:59:53,T1,T2,1.3ft,0.05s
4.17.2026 14:59:53,T0,T1,2.2ft,0.05s
4.17.2026 14:59:53,T0,T2,2.3ft,0.05s
4.17.2026 14:59:53,T1,T2,1.3ft,0.05s
4.17.2026 14:59:53,T0,T1,2.3ft,0.05s
4.17.2026 14:59:53,T0,T2,2.3ft,0.05s
4.17.2026 14:59:53,T1,T2,1.3ft,0.05s
4.17.2026 14:59:53,T0,T1,2.3ft,0.05s
4.17.2026 14:59:53,T0,T2,2.4ft,0.05s
4.17.2026 14:59:53,T1,T2,1.3ft,0.05s
4.17.2026 14:59:53,T0,T1,2.3ft,0.05s
4.17.2026 14:59:53,T0,T2,2.3ft,0.05s
4.17.2026 14:59:53,T1,T2,1.3ft,0.05s
4.17.2026 14:59:53,T0,T1,2.3ft,0.05s
4.17.2026 14:59:53,T0,T2,2.3ft,0.05s
4.17.2026 14:59:53,T1,T2,1.3ft,0.05s
4.17.2026 14:59:54,T0,T1,2.3ft,0.05s
4.17.2026 14:59:54,T0,T2,2.3ft,0.05s
4.17.2026 14:59:54,T1,T2,1.3ft,0.05s
4.17.2026 14:59:54,T0,T1,2.3ft,0.05s
4.17.2026 14:59:54,T0,T2,2.4ft,0.05s
4.17.2026 14:59:54,T1,T2,1.3ft,0.05s
4.17.2026 14:59:54,T0,T1,2.3ft,0.05s
4.17.2026 14:59:54,T0,T2,2.4ft,0.05s
4.17.2026 14:59:54,T1,T2,1.3ft,0.05s
4.17.2026 14:59:54,T0,T1,2.3ft,0.05s
4.17.2026 14:59:54,T0,T2,2.5ft,0.05s
4.17.2026 14:59:54,T1,T2,1.4ft,0.05s
4.17.2026 14:59:54,T0,T1,2.3ft,0.05s
4.17.2026 14:59:54,T0,T2,2.5ft,0.05s
4.17.2026 14:59:54,T1,T2,1.4ft,0.05s
4.17.2026 14:59:54,T0,T1,2.3ft,0.05s
4.17.2026 14:59:54,T0,T2,2.5ft,0.05s
4.17.2026 14:59:54,T1,T2,1.4ft,0.05s
4.17.2026 14:59:54,T0,T1,2.3ft,0.05s
4.17.2026 14:59:54,T0,T2,2.5ft,0.05s
4.17.2026 14:59:54,T1,T2,1.4ft,0.05s
4.17.2026 14:59:54,T0,T1,2.3ft,0.05s
4.17.2026 14:59:54,T0,T2,2.6ft,0.05s
4.17.2026 14:59:54,T1,T2,1.4ft,0.05s
4.17.2026 14:59:54,T0,T1,2.3ft,0.05s
4.17.2026 14:59:54,T0,T2,2.6ft,0.05s
4.17.2026 14:59:54,T1,T2,1.4ft,0.05s
4.17.2026 14:59:54,T0,T1,2.4ft,0.05s
4.17.2026 14:59:54,T0,T2,2.6ft,0.05s
4.17.2026 14:59:54,T1,T2,1.4ft,0.05s
4.17.2026 14:59:54,T0,T1,2.4ft,0.05s
4.17.2026 14:59:54,T0,T2,2.6ft,0.05s
4.17.2026 14:59:54,T1,T2,1.4ft,0.05s
4.17.2026 14:59:54,T0,T1,2.4ft,0.05s
4.17.2026 14:59:54,T0,T2,2.6ft,0.05s
4.17.2026 14:59:54,T1,T2,1.4ft,0.05s
4.17.2026 14:59:54,T0,T1,2.4ft,0.05s
4.17.2026 14:59:54,T0,T2,2.6ft,0.05s
4.17.2026 14:59:54,T1,T2,1.4ft,0.05s
4.17.2026 14:59:54,T0,T1,2.4ft,0.05s
4.17.2026 14:59:54,T0,T2,2.5ft,0.05s
4.17.2026 14:59:54,T1,T2,1.4ft,0.05s
4.17.2026 14:59:54,T0,T1,2.4ft,0.05s
4.17.2026 14:59:54,T0,T2,2.5ft,0.05s
4.17.2026 14:59:54,T1,T2,1.4ft,0.05s
4.17.2026 14:59:54,T0,T1,2.4ft,0.05s
4.17.2026 14:59:54,T0,T2,2.6ft,0.05s
4.17.2026 14:59:54,T1,T2,1.4ft,0.05s
4.17.2026 14:59:54,T0,T1,2.4ft,0.05s
4.17.2026 14:59:54,T0,T2,2.6ft,0.05s
4.17.2026 14:59:54,T1,T2,1.4ft,0.05s
4.17.2026 14:59:54,T0,T1,2.4ft,0.05s
4.17.2026 14:59:54,T0,T2,2.6ft,0.05s
4.17.2026 14:59:54,T1,T2,1.4ft,0.05s
4.17.2026 14:59:54,T0,T1,2.4ft,0.05s
4.17.2026 14:59:54,T0,T2,2.7ft,0.05s
4.17.2026 14:59:54,T1,T2,1.5ft,0.05s
4.17.2026 14:59:55,T0,T1,2.4ft,0.05s
4.17.2026 14:59:55,T0,T2,2.7ft,0.05s
4.17.2026 14:59:55,T1,T2,1.5ft,0.05s
4.17.2026 14:59:55,T0,T1,2.4ft,0.05s
4.17.2026 14:59:55,T0,T2,2.8ft,0.05s
4.17.2026 14:59:55,T1,T2,1.5ft,0.05s
4.17.2026 14:59:55,T0,T1,2.4ft,0.05s
4.17.2026 14:59:55,T0,T2,2.8ft,0.05s
4.17.2026 14:59:55,T1,T2,1.5ft,0.05s
4.17.2026 14:59:55,T0,T1,2.4ft,0.05s
4.17.2026 14:59:55,T0,T2,2.8ft,0.05s
4.17.2026 14:59:55,T1,T2,1.5ft,0.05s
4.17.2026 14:59:55,T0,T1,2.4ft,0.05s
4.17.2026 14:59:55,T0,T2,2.8ft,0.05s
4.17.2026 14:59:55,T1,T2,1.5ft,0.05s
4.17.2026 14:59:55,T0,T1,2.4ft,0.05s
4.17.2026 14:59:55,T0,T2,2.8ft,0.05s
4.17.2026 14:59:55,T1,T2,1.5ft,0.05s
4.17.2026 14:59:55,T0,T1,2.4ft,0.05s
4.17.2026 14:59:55,T0,T2,2.8ft,0.05s
4.17.2026 14:59:55,T1,T2,1.5ft,0.05s
4.17.2026 14:59:55,T0,T1,2.4ft,0.05s
4.17.2026 14:59:55,T0,T2,2.8ft,0.05s
4.17.2026 14:59:55,T1,T2,1.5ft,0.05s
4.17.2026 14:59:55,T0,T1,2.3ft,0.05s
4.17.2026 14:59:55,T0,T2,2.8ft,0.05s
4.17.2026 14:59:55,T1,T2,1.6ft,0.05s
4.17.2026 14:59:55,T0,T1,2.3ft,0.05s
4.17.2026 14:59:55,T0,T2,2.8ft,0.05s
4.17.2026 14:59:55,T1,T2,1.6ft,0.05s
4.17.2026 14:59:55,T0,T1,2.3ft,0.05s
4.17.2026 14:59:55,T0,T2,2.8ft,0.05s
4.17.2026 14:59:55,T1,T2,1.6ft,0.05s
4.17.2026 14:59:55,T0,T1,2.3ft,0.05s
4.17.2026 14:59:55,T0,T2,2.8ft,0.05s
4.17.2026 14:59:55,T1,T2,1.6ft,0.05s
4.17.2026 14:59:55,T0,T1,2.3ft,0.05s
4.17.2026 14:59:55,T0,T2,2.8ft,0.05s
4.17.2026 14:59:55,T1,T2,1.6ft,0.05s
4.17.2026 14:59:55,T0,T1,2.3ft,0.05s
4.17.2026 14:59:55,T0,T2,2.8ft,0.05s
4.17.2026 14:59:55,T1,T2,1.6ft,0.05s
4.17.2026 14:59:55,T0,T1,2.3ft,0.05s
4.17.2026 14:59:55,T0,T2,2.9ft,0.05s
4.17.2026 14:59:55,T1,T2,1.6ft,0.05s
4.17.2026 14:59:55,T0,T1,2.3ft,0.05s
4.17.2026 14:59:55,T0,T2,2.9ft,0.05s
4.17.2026 14:59:55,T1,T2,1.6ft,0.05s
4.17.2026 14:59:55,T0,T1,2.3ft,0.05s
4.17.2026 14:59:55,T0,T2,2.9ft,0.05s
4.17.2026 14:59:55,T1,T2,1.6ft,0.05s
4.17.2026 14:59:55,T0,T1,2.3ft,0.05s
4.17.2026 14:59:55,T0,T2,3.0ft,0.05s
4.17.2026 14:59:55,T1,T2,1.7ft,0.05s
4.17.2026 14:59:55,T0,T1,2.3ft,0.05s
4.17.2026 14:59:55,T0,T2,3.0ft,0.05s
4.17.2026 14:59:55,T1,T2,1.7ft,0.05s
4.17.2026 14:59:55,T0,T1,2.3ft,0.05s
4.17.2026 14:59:55,T0,T2,3.1ft,0.05s
4.17.2026 14:59:55,T1,T2,1.8ft,0.05s
4.17.2026 14:59:56,T0,T1,2.3ft,0.05s
4.17.2026 14:59:56,T0,T2,3.1ft,0.05s
4.17.2026 14:59:56,T1,T2,1.8ft,0.05s
4.17.2026 14:59:56,T0,T1,2.3ft,0.05s
4.17.2026 14:59:56,T0,T2,3.0ft,0.05s
4.17.2026 14:59:56,T1,T2,1.8ft,0.05s
4.17.2026 14:59:56,T0,T1,2.4ft,0.05s
4.17.2026 14:59:56,T0,T2,3.0ft,0.05s
4.17.2026 14:59:56,T1,T2,1.7ft,0.05s
4.17.2026 14:59:56,T0,T1,2.4ft,0.05s
4.17.2026 14:59:56,T0,T2,3.0ft,0.05s
4.17.2026 14:59:56,T1,T2,1.7ft,0.05s
4.17.2026 14:59:56,T0,T1,2.4ft,0.05s
4.17.2026 14:59:56,T0,T2,2.9ft,0.05s
4.17.2026 14:59:56,T1,T2,1.7ft,0.05s
4.17.2026 14:59:56,T0,T1,2.4ft,0.05s
4.17.2026 14:59:56,T0,T2,2.9ft,0.05s
4.17.2026 14:59:56,T1,T2,1.7ft,0.05s
4.17.2026 14:59:56,T0,T1,2.4ft,0.05s
4.17.2026 14:59:56,T0,T2,2.9ft,0.05s
4.17.2026 14:59:56,T1,T2,1.6ft,0.05s
4.17.2026 14:59:56,T0,T1,2.4ft,0.05s
4.17.2026 14:59:56,T0,T2,2.9ft,0.05s
4.17.2026 14:59:56,T1,T2,1.7ft,0.05s
4.17.2026 14:59:56,T0,T1,2.4ft,0.05s
4.17.2026 14:59:56,T0,T2,2.9ft,0.05s
4.17.2026 14:59:56,T1,T2,1.7ft,0.05s
4.17.2026 14:59:56,T0,T1,2.4ft,0.05s
4.17.2026 14:59:56,T0,T2,3.0ft,0.05s
4.17.2026 14:59:56,T1,T2,1.7ft,0.05s
4.17.2026 14:59:56,T0,T1,2.4ft,0.05s
4.17.2026 14:59:56,T0,T2,3.0ft,0.05s
4.17.2026 14:59:56,T1,T2,1.8ft,0.05s
4.17.2026 14:59:56,T0,T1,2.4ft,0.05s
4.17.2026 14:59:56,T0,T2,3.0ft,0.05s
4.17.2026 14:59:56,T1,T2,1.8ft,0.05s
4.17.2026 14:59:56,T0,T1,2.3ft,0.05s
4.17.2026 14:59:56,T0,T2,3.0ft,0.05s
4.17.2026 14:59:56,T1,T2,1.7ft,0.05s
4.17.2026 14:59:56,T0,T1,2.3ft,0.05s
4.17.2026 14:59:56,T0,T2,2.9ft,0.05s
4.17.2026 14:59:56,T1,T2,1.7ft,0.05s
4.17.2026 14:59:56,T0,T1,2.3ft,0.05s
4.17.2026 14:59:56,T0,T2,2.9ft,0.05s
4.17.2026 14:59:56,T1,T2,1.7ft,0.05s
4.17.2026 14:59:56,T0,T1,2.3ft,0.05s
4.17.2026 14:59:56,T0,T2,2.8ft,0.05s
4.17.2026 14:59:56,T1,T2,1.6ft,0.05s
4.17.2026 14:59:56,T0,T1,2.3ft,0.05s
4.17.2026 14:59:56,T0,T2,2.8ft,0.05s
4.17.2026 14:59:56,T1,T2,1.6ft,0.05s
4.17.2026 14:59:56,T0,T1,2.3ft,0.05s
4.17.2026 14:59:56,T0,T2,2.7ft,0.05s
4.17.2026 14:59:56,T1,T2,1.6ft,0.05s
4.17.2026 14:59:56,T0,T1,2.3ft,0.05s
4.17.2026 14:59:56,T0,T2,2.7ft,0.05s
4.17.2026 14:59:56,T1,T2,1.6ft,0.05s
4.17.2026 14:59:56,T0,T1,2.3ft,0.05s
4.17.2026 14:59:56,T0,T2,2.8ft,0.05s
4.17.2026 14:59:56,T1,T2,1.6ft,0.05s
4.17.2026 14:59:57,T0,T1,2.3ft,0.05s
4.17.2026 14:59:57,T0,T2,2.8ft,0.05s
4.17.2026 14:59:57,T1,T2,1.6ft,0.05s
4.17.2026 14:59:57,T0,T1,2.3ft,0.05s
4.17.2026 14:59:57,T0,T2,2.7ft,0.05s
4.17.2026 14:59:57,T1,T2,1.6ft,0.05s
4.17.2026 14:59:57,T0,T1,2.3ft,0.05s
4.17.2026 14:59:57,T0,T2,2.7ft,0.05s
4.17.2026 14:59:57,T1,T2,1.6ft,0.05s
4.17.2026 14:59:57,T0,T1,2.3ft,0.05s
4.17.2026 14:59:57,T0,T2,2.7ft,0.05s
4.17.2026 14:59:57,T1,T2,1.5ft,0.05s
4.17.2026 14:59:57,T0,T1,2.3ft,0.05s
4.17.2026 14:59:57,T0,T2,2.6ft,0.05s
4.17.2026 14:59:57,T1,T2,1.5ft,0.05s
4.17.2026 14:59:57,T0,T1,2.3ft,0.05s
4.17.2026 14:59:57,T0,T2,2.6ft,0.05s
4.17.2026 14:59:57,T1,T2,1.5ft,0.05s
4.17.2026 14:59:57,T0,T1,2.3ft,0.05s
4.17.2026 14:59:57,T0,T2,2.6ft,0.05s
4.17.2026 14:59:57,T1,T2,1.5ft,0.05s
4.17.2026 14:59:57,T0,T1,2.3ft,0.05s
4.17.2026 14:59:57,T0,T2,2.6ft,0.05s
4.17.2026 14:59:57,T1,T2,1.5ft,0.05s
4.17.2026 14:59:57,T0,T1,2.3ft,0.05s
4.17.2026 14:59:57,T0,T2,2.6ft,0.05s
4.17.2026 14:59:57,T1,T2,1.5ft,0.05s
4.17.2026 14:59:57,T0,T1,2.3ft,0.05s
4.17.2026 14:59:57,T0,T2,2.5ft,0.05s
4.17.2026 14:59:57,T1,T2,1.5ft,0.05s
4.17.2026 14:59:57,T0,T1,2.3ft,0.05s
4.17.2026 14:59:57,T0,T2,2.5ft,0.05s
4.17.2026 14:59:57,T1,T2,1.4ft,0.05s
4.17.2026 14:59:57,T0,T1,2.3ft,0.05s
4.17.2026 14:59:57,T0,T2,2.5ft,0.05s
4.17.2026 14:59:57,T1,T2,1.4ft,0.05s
4.17.2026 14:59:57,T0,T1,2.3ft,0.05s
4.17.2026 14:59:57,T0,T2,2.4ft,0.05s
4.17.2026 14:59:57,T1,T2,1.4ft,0.05s
4.17.2026 14:59:57,T0,T1,2.3ft,0.05s
4.17.2026 14:59:57,T0,T2,2.4ft,0.05s
4.17.2026 14:59:57,T1,T2,1.4ft,0.05s
4.17.2026 14:59:57,T0,T1,2.3ft,0.05s
4.17.2026 14:59:57,T0,T2,2.4ft,0.05s
4.17.2026 14:59:57,T1,T2,1.4ft,0.05s
4.17.2026 14:59:57,T0,T1,2.3ft,0.05s
4.17.2026 14:59:57,T0,T2,2.4ft,0.05s
4.17.2026 14:59:57,T1,T2,1.4ft,0.05s
4.17.2026 14:59:57,T0,T1,2.3ft,0.05s
4.17.2026 14:59:57,T0,T2,2.4ft,0.05s
4.17.2026 14:59:57,T1,T2,1.4ft,0.05s
4.17.2026 14:59:57,T0,T1,2.3ft,0.05s
4.17.2026 14:59:57,T0,T2,2.4ft,0.05s
4.17.2026 14:59:57,T1,T2,1.4ft,0.05s
4.17.2026 14:59:57,T0,T1,2.3ft,0.05s
4.17.2026 14:59:57,T0,T2,2.4ft,0.05s
4.17.2026 14:59:57,T1,T2,1.4ft,0.05s
4.17.2026 14:59:57,T0,T1,2.3ft,0.05s
4.17.2026 14:59:57,T0,T2,2.4ft,0.05s
4.17.2026 14:59:57,T1,T2,1.4ft,0.05s
4.17.2026 14:59:58,T0,T1,2.3ft,0.05s
4.17.2026 14:59:58,T0,T2,2.4ft,0.05s
4.17.2026 14:59:58,T1,T2,1.4ft,0.05s
4.17.2026 14:59:58,T0,T1,2.3ft,0.05s
4.17.2026 14:59:58,T0,T2,2.3ft,0.05s
4.17.2026 14:59:58,T1,T2,1.4ft,0.05s
4.17.2026 14:59:58,T0,T1,2.3ft,0.05s
4.17.2026 14:59:58,T0,T2,2.3ft,0.05s
4.17.2026 14:59:58,T1,T2,1.3ft,0.05s
4.17.2026 14:59:58,T0,T1,2.3ft,0.05s
4.17.2026 14:59:58,T0,T2,2.3ft,0.05s
4.17.2026 14:59:58,T1,T2,1.3ft,0.05s
4.17.2026 14:59:58,T0,T1,2.3ft,0.05s
4.17.2026 14:59:58,T0,T2,2.3ft,0.05s
4.17.2026 14:59:58,T1,T2,1.3ft,0.05s
4.17.2026 14:59:58,T0,T1,2.3ft,0.05s
4.17.2026 14:59:58,T0,T2,2.2ft,0.05s
4.17.2026 14:59:58,T1,T2,1.3ft,0.05s
4.17.2026 14:59:58,T0,T1,2.3ft,0.05s
4.17.2026 14:59:58,T0,T2,2.2ft,0.05s
4.17.2026 14:59:58,T1,T2,1.3ft,0.05s
4.17.2026 14:59:58,T0,T1,2.3ft,0.05s
4.17.2026 14:59:58,T0,T2,2.2ft,0.05s
4.17.2026 14:59:58,T1,T2,1.3ft,0.05s
4.17.2026 14:59:58,T0,T1,2.3ft,0.05s
4.17.2026 14:59:58,T0,T2,2.2ft,0.05s
4.17.2026 14:59:58,T1,T2,1.3ft,0.05s
4.17.2026 14:59:58,T0,T1,2.3ft,0.05s
4.17.2026 14:59:58,T0,T2,2.2ft,0.05s
4.17.2026 14:59:58,T1,T2,1.3ft,0.05s
4.17.2026 14:59:58,T0,T1,2.3ft,0.05s
4.17.2026 14:59:58,T0,T2,2.2ft,0.05s
4.17.2026 14:59:58,T1,T2,1.3ft,0.05s
4.17.2026 14:59:58,T0,T1,2.3ft,0.05s
4.17.2026 14:59:58,T0,T2,2.2ft,0.05s
4.17.2026 14:59:58,T1,T2,1.3ft,0.05s
4.17.2026 14:59:58,T0,T1,2.3ft,0.05s
4.17.2026 14:59:58,T0,T2,2.1ft,0.05s
4.17.2026 14:59:58,T1,T2,1.3ft,0.05s
4.17.2026 14:59:58,T0,T1,2.2ft,0.05s
4.17.2026 14:59:58,T0,T2,2.2ft,0.05s
4.17.2026 14:59:58,T1,T2,1.3ft,0.05s
4.17.2026 14:59:58,T0,T1,2.2ft,0.05s
4.17.2026 14:59:58,T0,T2,2.2ft,0.05s
4.17.2026 14:59:58,T1,T2,1.3ft,0.05s
4.17.2026 14:59:58,T0,T1,2.2ft,0.05s
4.17.2026 14:59:58,T0,T2,2.1ft,0.05s
4.17.2026 14:59:58,T1,T2,1.3ft,0.05s
4.17.2026 14:59:58,T0,T1,2.2ft,0.05s
4.17.2026 14:59:58,T0,T2,2.1ft,0.05s
4.17.2026 14:59:58,T1,T2,1.3ft,0.05s
4.17.2026 14:59:58,T0,T1,2.2ft,0.05s
4.17.2026 14:59:58,T0,T2,2.1ft,0.05s
4.17.2026 14:59:58,T1,T2,1.3ft,0.05s
4.17.2026 14:59:58,T0,T1,2.2ft,0.05s
4.17.2026 14:59:58,T0,T2,2.1ft,0.05s
4.17.2026 14:59:58,T1,T2,1.3ft,0.05s
4.17.2026 14:59:59,T0,T1,2.2ft,0.05s
4.17.2026 14:59:59,T0,T2,2.1ft,0.05s
4.17.2026 14:59:59,T1,T2,1.2ft,0.05s
4.17.2026 14:59:59,T0,T1,2.2ft,0.05s
4.17.2026 14:59:59,T0,T2,2.0ft,0.05s
4.17.2026 14:59:59,T1,T2,1.2ft,0.05s
4.17.2026 14:59:59,T0,T1,2.2ft,0.05s
4.17.2026 14:59:59,T0,T2,2.0ft,0.05s
4.17.2026 14:59:59,T1,T2,1.2ft,0.05s
4.17.2026 14:59:59,T0,T1,2.2ft,0.05s
4.17.2026 14:59:59,T0,T2,2.1ft,0.05s
4.17.2026 14:59:59,T1,T2,1.2ft,0.05s
4.17.2026 14:59:59,T0,T1,2.2ft,0.05s
4.17.2026 14:59:59,T0,T2,2.1ft,0.05s
4.17.2026 14:59:59,T1,T2,1.2ft,0.05s
4.17.2026 14:59:59,T0,T1,2.2ft,0.05s
4.17.2026 14:59:59,T0,T2,2.1ft,0.05s
4.17.2026 14:59:59,T1,T2,1.3ft,0.05s
4.17.2026 14:59:59,T0,T1,2.2ft,0.05s
4.17.2026 14:59:59,T0,T2,2.1ft,0.05s
4.17.2026 14:59:59,T1,T2,1.3ft,0.05s
4.17.2026 14:59:59,T0,T1,2.2ft,0.05s
4.17.2026 14:59:59,T0,T2,2.1ft,0.05s
4.17.2026 14:59:59,T1,T2,1.2ft,0.05s
4.17.2026 14:59:59,T0,T1,2.2ft,0.05s
4.17.2026 14:59:59,T0,T2,2.1ft,0.05s
4.17.2026 14:59:59,T1,T2,1.2ft,0.05s
4.17.2026 14:59:59,T0,T1,2.2ft,0.05s
4.17.2026 14:59:59,T0,T2,2.1ft,0.05s
4.17.2026 14:59:59,T1,T2,1.2ft,0.05s
4.17.2026 14:59:59,T0,T1,2.2ft,0.05s
4.17.2026 14:59:59,T0,T2,2.1ft,0.05s
4.17.2026 14:59:59,T1,T2,1.3ft,0.05s
4.17.2026 14:59:59,T0,T1,2.2ft,0.05s
4.17.2026 14:59:59,T0,T2,2.2ft,0.05s
4.17.2026 14:59:59,T1,T2,1.3ft,0.05s
4.17.2026 14:59:59,T0,T1,2.2ft,0.05s
4.17.2026 14:59:59,T0,T2,2.2ft,0.05s
4.17.2026 14:59:59,T1,T2,1.3ft,0.05s
4.17.2026 14:59:59,T0,T1,2.2ft,0.05s
4.17.2026 14:59:59,T0,T2,2.2ft,0.05s
4.17.2026 14:59:59,T1,T2,1.3ft,0.05s
4.17.2026 14:59:59,T0,T1,2.2ft,0.05s
4.17.2026 14:59:59,T0,T2,2.2ft,0.05s
4.17.2026 14:59:59,T1,T2,1.3ft,0.05s
4.17.2026 14:59:59,T0,T1,2.3ft,0.05s
4.17.2026 14:59:59,T0,T2,2.2ft,0.05s
4.17.2026 14:59:59,T1,T2,1.3ft,0.05s
4.17.2026 14:59:59,T0,T1,2.3ft,0.05s
4.17.2026 14:59:59,T0,T2,2.2ft,0.05s
4.17.2026 14:59:59,T1,T2,1.3ft,0.05s
4.17.2026 14:59:59,T0,T1,2.2ft,0.05s
4.17.2026 14:59:59,T0,T2,2.2ft,0.05s
4.17.2026 14:59:59,T1,T2,1.3ft,0.05s
4.17.2026 14:59:59,T0,T1,2.2ft,0.05s
4.17.2026 14:59:59,T0,T2,2.3ft,0.05s
4.17.2026 14:59:59,T1,T2,1.3ft,0.05s
4.17.2026 14:59:59,T0,T1,2.2ft,0.05s
4.17.2026 14:59:59,T0,T2,2.3ft,0.05s
4.17.2026 14:59:59,T1,T2,1.3ft,0.05s
4.17.2026 15:00:00,T0,T1,2.2ft,0.05s
4.17.2026 15:00:00,T0,T2,2.2ft,0.05s
4.17.2026 15:00:00,T1,T2,1.3ft,0.05s
4.17.2026 15:00:00,T0,T1,2.2ft,0.05s
4.17.2026 15:00:00,T0,T2,2.2ft,0.05s
4.17.2026 15:00:00,T1,T2,1.3ft,0.05s
4.17.2026 15:00:00,T0,T1,2.2ft,0.05s
4.17.2026 15:00:00,T0,T2,2.2ft,0.05s
4.17.2026 15:00:00,T1,T2,1.3ft,0.05s
4.17.2026 15:00:00,T0,T1,2.2ft,0.05s
4.17.2026 15:00:00,T0,T2,2.2ft,0.05s
4.17.2026 15:00:00,T1,T2,1.3ft,0.05s
4.17.2026 15:00:00,T0,T1,2.2ft,0.05s
4.17.2026 15:00:00,T0,T2,2.3ft,0.05s
4.17.2026 15:00:00,T1,T2,1.3ft,0.05s
4.17.2026 15:00:00,T0,T1,2.2ft,0.05s
4.17.2026 15:00:00,T0,T2,2.3ft,0.05s
4.17.2026 15:00:00,T1,T2,1.3ft,0.05s
4.17.2026 15:00:00,T0,T1,2.2ft,0.05s
4.17.2026 15:00:00,T0,T2,2.3ft,0.05s
4.17.2026 15:00:00,T1,T2,1.4ft,0.05s
4.17.2026 15:00:00,T0,T1,2.2ft,0.05s
4.17.2026 15:00:00,T0,T2,2.3ft,0.05s
4.17.2026 15:00:00,T1,T2,1.4ft,0.05s
4.17.2026 15:00:00,T0,T1,2.2ft,0.05s
4.17.2026 15:00:00,T0,T2,2.3ft,0.05s
4.17.2026 15:00:00,T1,T2,1.4ft,0.05s
4.17.2026 15:00:00,T0,T1,2.2ft,0.05s
4.17.2026 15:00:00,T0,T2,2.3ft,0.05s
4.17.2026 15:00:00,T1,T2,1.4ft,0.05s
4.17.2026 15:00:00,T0,T1,2.2ft,0.05s
4.17.2026 15:00:00,T0,T2,2.3ft,0.05s
4.17.2026 15:00:00,T1,T2,1.4ft,0.05s
4.17.2026 15:00:00,T0,T1,2.2ft,0.05s
4.17.2026 15:00:00,T0,T2,2.3ft,0.05s
4.17.2026 15:00:00,T1,T2,1.4ft,0.05s
4.17.2026 15:00:00,T0,T1,2.2ft,0.05s
4.17.2026 15:00:00,T0,T2,2.3ft,0.05s
4.17.2026 15:00:00,T1,T2,1.4ft,0.05s
4.17.2026 15:00:00,T0,T1,2.2ft,0.05s
4.17.2026 15:00:00,T0,T2,2.3ft,0.05s
4.17.2026 15:00:00,T1,T2,1.4ft,0.05s
4.17.2026 15:00:00,T0,T1,2.2ft,0.05s
4.17.2026 15:00:00,T0,T2,2.3ft,0.05s
4.17.2026 15:00:00,T1,T2,1.4ft,0.05s
4.17.2026 15:00:00,T0,T1,2.2ft,0.05s
4.17.2026 15:00:00,T0,T2,2.3ft,0.05s
4.17.2026 15:00:00,T1,T2,1.4ft,0.05s
4.17.2026 15:00:00,T0,T1,2.2ft,0.05s
4.17.2026 15:00:00,T0,T2,2.3ft,0.05s
4.17.2026 15:00:00,T1,T2,1.4ft,0.05s
4.17.2026 15:00:00,T0,T1,2.2ft,0.05s
4.17.2026 15:00:00,T0,T2,2.3ft,0.05s
4.17.2026 15:00:00,T1,T2,1.4ft,0.05s
4.17.2026 15:00:00,T0,T1,2.2ft,0.05s
4.17.2026 15:00:00,T0,T2,2.2ft,0.05s
4.17.2026 15:00:00,T1,T2,1.3ft,0.05s
4.17.2026 15:00:00,T0,T1,2.2ft,0.05s
4.17.2026 15:00:00,T0,T2,2.2ft,0.05s
4.17.2026 15:00:00,T1,T2,1.3ft,0.05s
4.17.2026 15:00:01,T0,T1,2.2ft,0.05s
4.17.2026 15:00:01,T0,T2,2.2ft,0.05s
4.17.2026 15:00:01,T1,T2,1.3ft,0.05s
4.17.2026 15:00:01,T0,T1,2.2ft,0.05s
4.17.2026 15:00:01,T0,T2,2.2ft,0.05s
4.17.2026 15:00:01,T1,T2,1.3ft,0.05s
4.17.2026 15:00:01,T0,T1,2.2ft,0.05s
4.17.2026 15:00:01,T0,T2,2.2ft,0.05s
4.17.2026 15:00:01,T1,T2,1.3ft,0.05s
4.17.2026 15:00:01,T0,T1,2.3ft,0.05s
4.17.2026 15:00:01,T0,T2,2.2ft,0.05s
4.17.2026 15:00:01,T1,T2,1.3ft,0.05s
4.17.2026 15:00:01,T0,T1,2.3ft,0.05s
4.17.2026 15:00:01,T0,T2,2.1ft,0.05s
4.17.2026 15:00:01,T1,T2,1.3ft,0.05s
4.17.2026 15:00:01,T0,T1,2.3ft,0.05s
4.17.2026 15:00:01,T0,T2,2.2ft,0.05s
4.17.2026 15:00:01,T1,T2,1.3ft,0.05s
4.17.2026 15:00:01,T0,T1,2.3ft,0.05s
4.17.2026 15:00:01,T0,T2,2.2ft,0.05s
4.17.2026 15:00:01,T1,T2,1.3ft,0.05s
4.17.2026 15:00:01,T0,T1,2.3ft,0.05s
4.17.2026 15:00:01,T0,T2,2.2ft,0.05s
4.17.2026 15:00:01,T1,T2,1.3ft,0.05s
4.17.2026 15:00:01,T0,T1,2.3ft,0.05s
4.17.2026 15:00:01,T0,T2,2.2ft,0.05s
4.17.2026 15:00:01,T1,T2,1.3ft,0.05s
4.17.2026 15:00:01,T0,T1,2.3ft,0.05s
4.17.2026 15:00:01,T0,T2,2.2ft,0.05s
4.17.2026 15:00:01,T1,T2,1.3ft,0.05s
4.17.2026 15:00:01,T0,T1,2.3ft,0.05s
4.17.2026 15:00:01,T0,T2,2.2ft,0.05s
4.17.2026 15:00:01,T1,T2,1.3ft,0.05s
4.17.2026 15:00:01,T0,T1,2.3ft,0.05s
4.17.2026 15:00:01,T0,T2,2.2ft,0.05s
4.17.2026 15:00:01,T1,T2,1.3ft,0.05s
4.17.2026 15:00:01,T0,T1,2.3ft,0.05s
4.17.2026 15:00:01,T0,T2,2.2ft,0.05s
4.17.2026 15:00:01,T1,T2,1.3ft,0.05s
4.17.2026 15:00:01,T0,T1,2.3ft,0.05s
4.17.2026 15:00:01,T0,T2,2.2ft,0.05s
4.17.2026 15:00:01,T1,T2,1.3ft,0.05s
4.17.2026 15:00:01,T0,T1,2.3ft,0.05s
4.17.2026 15:00:01,T0,T2,2.1ft,0.05s
4.17.2026 15:00:01,T1,T2,1.3ft,0.05s
4.17.2026 15:00:01,T0,T1,2.3ft,0.05s
4.17.2026 15:00:01,T0,T2,2.1ft,0.05s
4.17.2026 15:00:01,T1,T2,1.3ft,0.05s
4.17.2026 15:00:01,T0,T1,2.3ft,0.05s
4.17.2026 15:00:01,T0,T2,2.1ft,0.05s
4.17.2026 15:00:01,T1,T2,1.3ft,0.05s
4.17.2026 15:00:01,T0,T1,2.3ft,0.05s
4.17.2026 15:00:01,T0,T2,2.1ft,0.05s
4.17.2026 15:00:01,T1,T2,1.3ft,0.05s
4.17.2026 15:00:01,T0,T1,2.3ft,0.05s
4.17.2026 15:00:01,T0,T2,2.1ft,0.05s
4.17.2026 15:00:01,T1,T2,1.3ft,0.05s
4.17.2026 15:00:02,T0,T1,2.3ft,0.05s
4.17.2026 15:00:02,T0,T2,2.1ft,0.05s
4.17.2026 15:00:02,T1,T2,1.3ft,0.05s
4.17.2026 15:00:02,T0,T1,2.3ft,0.05s
4.17.2026 15:00:02,T0,T2,2.0ft,0.05s
4.17.2026 15:00:02,T1,T2,1.3ft,0.05s
4.17.2026 15:00:02,T0,T1,2.3ft,0.05s
4.17.2026 15:00:02,T0,T2,2.0ft,0.05s
4.17.2026 15:00:02,T1,T2,1.3ft,0.05s
4.17.2026 15:00:02,T0,T1,2.3ft,0.05s
4.17.2026 15:00:02,T0,T2,2.0ft,0.05s
4.17.2026 15:00:02,T1,T2,1.3ft,0.05s
4.17.2026 15:00:02,T0,T1,2.3ft,0.05s
4.17.2026 15:00:02,T0,T2,2.0ft,0.05s
4.17.2026 15:00:02,T1,T2,1.3ft,0.05s
4.17.2026 15:00:02,T0,T1,2.3ft,0.05s
4.17.2026 15:00:02,T0,T2,2.0ft,0.05s
4.17.2026 15:00:02,T1,T2,1.3ft,0.05s
4.17.2026 15:00:02,T0,T1,2.3ft,0.05s
4.17.2026 15:00:02,T0,T2,2.0ft,0.05s
4.17.2026 15:00:02,T1,T2,1.3ft,0.05s
4.17.2026 15:00:02,T0,T1,2.3ft,0.05s
4.17.2026 15:00:02,T0,T2,2.0ft,0.05s
4.17.2026 15:00:02,T1,T2,1.3ft,0.05s
4.17.2026 15:00:02,T0,T1,2.3ft,0.05s
4.17.2026 15:00:02,T0,T2,2.0ft,0.05s
4.17.2026 15:00:02,T1,T2,1.3ft,0.05s
4.17.2026 15:00:02,T0,T1,2.3ft,0.05s
4.17.2026 15:00:02,T0,T2,2.0ft,0.05s
4.17.2026 15:00:02,T1,T2,1.3ft,0.05s
4.17.2026 15:00:02,T0,T1,2.3ft,0.05s
4.17.2026 15:00:02,T0,T2,2.1ft,0.05s
4.17.2026 15:00:02,T1,T2,1.3ft,0.05s
4.17.2026 15:00:02,T0,T1,2.3ft,0.05s
4.17.2026 15:00:02,T0,T2,2.1ft,0.05s
4.17.2026 15:00:02,T1,T2,1.3ft,0.05s
4.17.2026 15:00:02,T0,T1,2.3ft,0.05s
4.17.2026 15:00:02,T0,T2,2.1ft,0.05s
4.17.2026 15:00:02,T1,T2,1.3ft,0.05s
4.17.2026 15:00:02,T0,T1,2.3ft,0.05s
4.17.2026 15:00:02,T0,T2,2.1ft,0.05s
4.17.2026 15:00:02,T1,T2,1.3ft,0.05s
4.17.2026 15:00:02,T0,T1,2.3ft,0.05s
4.17.2026 15:00:02,T0,T2,2.2ft,0.05s
4.17.2026 15:00:02,T1,T2,1.3ft,0.05s
4.17.2026 15:00:02,T0,T1,2.3ft,0.05s
4.17.2026 15:00:02,T0,T2,2.2ft,0.05s
4.17.2026 15:00:02,T1,T2,1.3ft,0.05s
4.17.2026 15:00:02,T0,T1,2.3ft,0.05s
4.17.2026 15:00:02,T0,T2,2.2ft,0.05s
4.17.2026 15:00:02,T1,T2,1.3ft,0.05s
4.17.2026 15:00:02,T0,T1,2.3ft,0.05s
4.17.2026 15:00:02,T0,T2,2.2ft,0.05s
4.17.2026 15:00:02,T1,T2,1.4ft,0.05s
4.17.2026 15:00:02,T0,T1,2.3ft,0.05s
4.17.2026 15:00:02,T0,T2,2.2ft,0.05s
4.17.2026 15:00:02,T1,T2,1.4ft,0.05s
4.17.2026 15:00:02,T0,T1,2.3ft,0.05s
4.17.2026 15:00:02,T0,T2,2.3ft,0.05s
4.17.2026 15:00:02,T1,T2,1.4ft,0.05s
4.17.2026 15:00:03,T0,T1,2.3ft,0.05s
4.17.2026 15:00:03,T0,T2,2.3ft,0.05s
4.17.2026 15:00:03,T1,T2,1.4ft,0.05s
4.17.2026 15:00:03,T0,T1,2.3ft,0.05s
4.17.2026 15:00:03,T0,T2,2.3ft,0.05s
4.17.2026 15:00:03,T1,T2,1.4ft,0.05s
4.17.2026 15:00:03,T0,T1,2.3ft,0.05s
4.17.2026 15:00:03,T0,T2,2.3ft,0.05s
4.17.2026 15:00:03,T1,T2,1.3ft,0.05s
4.17.2026 15:00:03,T0,T1,2.3ft,0.05s
4.17.2026 15:00:03,T0,T2,2.3ft,0.05s
4.17.2026 15:00:03,T1,T2,1.3ft,0.05s
4.17.2026 15:00:03,T0,T1,2.3ft,0.05s
4.17.2026 15:00:03,T0,T2,2.3ft,0.05s
4.17.2026 15:00:03,T1,T2,1.3ft,0.05s
4.17.2026 15:00:03,T0,T1,2.3ft,0.05s
4.17.2026 15:00:03,T0,T2,2.3ft,0.05s
4.17.2026 15:00:03,T1,T2,1.3ft,0.05s
4.17.2026 15:00:03,T0,T1,2.3ft,0.05s
4.17.2026 15:00:03,T0,T2,2.3ft,0.05s
4.17.2026 15:00:03,T1,T2,1.3ft,0.05s
4.17.2026 15:00:03,T0,T1,2.3ft,0.05s
4.17.2026 15:00:03,T0,T2,2.3ft,0.05s
4.17.2026 15:00:03,T1,T2,1.3ft,0.05s
4.17.2026 15:00:03,T0,T1,2.3ft,0.05s
4.17.2026 15:00:03,T0,T2,2.3ft,0.05s
4.17.2026 15:00:03,T1,T2,1.3ft,0.05s
4.17.2026 15:00:03,T0,T1,2.3ft,0.05s
4.17.2026 15:00:03,T0,T2,2.3ft,0.05s
4.17.2026 15:00:03,T1,T2,1.3ft,0.05s
4.17.2026 15:00:03,T0,T1,2.3ft,0.05s
4.17.2026 15:00:03,T0,T2,2.3ft,0.05s
4.17.2026 15:00:03,T1,T2,1.3ft,0.05s
4.17.2026 15:00:03,T0,T1,2.3ft,0.05s
4.17.2026 15:00:03,T0,T2,2.3ft,0.05s
4.17.2026 15:00:03,T1,T2,1.3ft,0.05s
4.17.2026 15:00:03,T0,T1,2.3ft,0.05s
4.17.2026 15:00:03,T0,T2,2.3ft,0.05s
4.17.2026 15:00:03,T1,T2,1.3ft,0.05s
4.17.2026 15:00:03,T0,T1,2.3ft,0.05s
4.17.2026 15:00:03,T0,T2,2.3ft,0.05s
4.17.2026 15:00:03,T1,T2,1.3ft,0.05s
4.17.2026 15:00:03,T0,T1,2.3ft,0.05s
4.17.2026 15:00:03,T0,T2,2.3ft,0.05s
4.17.2026 15:00:03,T1,T2,1.3ft,0.05s
4.17.2026 15:00:03,T0,T1,2.3ft,0.05s
4.17.2026 15:00:03,T0,T2,2.3ft,0.05s
4.17.2026 15:00:03,T1,T2,1.3ft,0.05s
4.17.2026 15:00:03,T0,T1,2.3ft,0.05s
4.17.2026 15:00:03,T0,T2,2.3ft,0.05s
4.17.2026 15:00:03,T1,T2,1.3ft,0.05s
4.17.2026 15:00:03,T0,T1,2.3ft,0.05s
4.17.2026 15:00:03,T0,T2,2.3ft,0.05s
4.17.2026 15:00:03,T1,T2,1.3ft,0.05s
4.17.2026 15:00:03,T0,T1,2.3ft,0.05s
4.17.2026 15:00:03,T0,T2,2.3ft,0.05s
4.17.2026 15:00:03,T1,T2,1.4ft,0.05s
4.17.2026 15:00:03,T0,T1,2.3ft,0.05s
4.17.2026 15:00:03,T0,T2,2.3ft,0.05s
4.17.2026 15:00:03,T1,T2,1.3ft,0.05s
4.17.2026 15:00:04,T0,T1,2.3ft,0.05s
4.17.2026 15:00:04,T0,T2,2.3ft,0.05s
4.17.2026 15:00:04,T1,T2,1.3ft,0.05s
4.17.2026 15:00:04,T0,T1,2.3ft,0.05s
4.17.2026 15:00:04,T0,T2,2.2ft,0.05s
4.17.2026 15:00:04,T1,T2,1.3ft,0.05s
4.17.2026 15:00:04,T0,T1,2.3ft,0.05s
4.17.2026 15:00:04,T0,T2,2.3ft,0.05s
4.17.2026 15:00:04,T1,T2,1.3ft,0.05s
4.17.2026 15:00:04,T0,T1,2.3ft,0.05s
4.17.2026 15:00:04,T0,T2,2.3ft,0.05s
4.17.2026 15:00:04,T1,T2,1.4ft,0.05s
4.17.2026 15:00:04,T0,T1,2.3ft,0.05s
4.17.2026 15:00:04,T0,T2,2.3ft,0.05s
4.17.2026 15:00:04,T1,T2,1.4ft,0.05s
4.17.2026 15:00:04,T0,T1,2.3ft,0.05s
4.17.2026 15:00:04,T0,T2,2.3ft,0.05s
4.17.2026 15:00:04,T1,T2,1.4ft,0.05s
4.17.2026 15:00:04,T0,T1,2.3ft,0.05s
4.17.2026 15:00:04,T0,T2,2.3ft,0.05s
4.17.2026 15:00:04,T1,T2,1.4ft,0.05s
4.17.2026 15:00:04,T0,T1,2.3ft,0.05s
4.17.2026 15:00:04,T0,T2,2.3ft,0.05s
4.17.2026 15:00:04,T1,T2,1.4ft,0.05s
4.17.2026 15:00:04,T0,T1,2.3ft,0.05s
4.17.2026 15:00:04,T0,T2,2.3ft,0.05s
4.17.2026 15:00:04,T1,T2,1.4ft,0.05s
4.17.2026 15:00:04,T0,T1,2.3ft,0.05s
4.17.2026 15:00:04,T0,T2,2.3ft,0.05s
4.17.2026 15:00:04,T1,T2,1.4ft,0.05s
4.17.2026 15:00:04,T0,T1,2.3ft,0.05s
4.17.2026 15:00:04,T0,T2,2.3ft,0.05s
4.17.2026 15:00:04,T1,T2,1.4ft,0.05s
4.17.2026 15:00:04,T0,T1,2.3ft,0.05s
4.17.2026 15:00:04,T0,T2,2.3ft,0.05s
4.17.2026 15:00:04,T1,T2,1.4ft,0.05s
4.17.2026 15:00:04,T0,T1,2.3ft,0.05s
4.17.2026 15:00:04,T0,T2,2.3ft,0.05s
4.17.2026 15:00:04,T1,T2,1.4ft,0.05s
4.17.2026 15:00:04,T0,T1,2.3ft,0.05s
4.17.2026 15:00:04,T0,T2,2.3ft,0.05s
4.17.2026 15:00:04,T1,T2,1.3ft,0.05s
4.17.2026 15:00:04,T0,T1,2.3ft,0.05s
4.17.2026 15:00:04,T0,T2,2.3ft,0.05s
4.17.2026 15:00:04,T1,T2,1.3ft,0.05s
4.17.2026 15:00:04,T0,T1,2.3ft,0.05s
4.17.2026 15:00:04,T0,T2,2.3ft,0.05s
4.17.2026 15:00:04,T1,T2,1.3ft,0.05s
4.17.2026 15:00:04,T0,T1,2.3ft,0.05s
4.17.2026 15:00:04,T0,T2,2.4ft,0.05s
4.17.2026 15:00:04,T1,T2,1.4ft,0.05s
4.17.2026 15:00:04,T0,T1,2.3ft,0.05s
4.17.2026 15:00:04,T0,T2,2.4ft,0.05s
4.17.2026 15:00:04,T1,T2,1.4ft,0.05s
4.17.2026 15:00:04,T0,T1,2.2ft,0.05s
4.17.2026 15:00:04,T0,T2,2.4ft,0.05s
4.17.2026 15:00:04,T1,T2,1.4ft,0.05s
4.17.2026 15:00:04,T0,T1,2.2ft,0.05s
4.17.2026 15:00:04,T0,T2,2.4ft,0.05s
4.17.2026 15:00:04,T1,T2,1.4ft,0.05s
4.17.2026 15:00:05,T0,T1,2.2ft,0.05s
4.17.2026 15:00:05,T0,T2,2.4ft,0.05s
4.17.2026 15:00:05,T1,T2,1.4ft,0.05s
4.17.2026 15:00:05,T0,T1,2.2ft,0.05s
4.17.2026 15:00:05,T0,T2,2.4ft,0.05s
4.17.2026 15:00:05,T1,T2,1.4ft,0.05s
4.17.2026 15:00:05,T0,T1,2.2ft,0.05s
4.17.2026 15:00:05,T0,T2,2.4ft,0.05s
4.17.2026 15:00:05,T1,T2,1.4ft,0.05s
4.17.2026 15:00:05,T0,T1,2.2ft,0.05s
4.17.2026 15:00:05,T0,T2,2.4ft,0.05s
4.17.2026 15:00:05,T1,T2,1.4ft,0.05s
4.17.2026 15:00:05,T0,T1,2.2ft,0.05s
4.17.2026 15:00:05,T0,T2,2.4ft,0.05s
4.17.2026 15:00:05,T1,T2,1.4ft,0.05s
4.17.2026 15:00:05,T0,T1,2.2ft,0.05s
4.17.2026 15:00:05,T0,T2,2.4ft,0.05s
4.17.2026 15:00:05,T1,T2,1.3ft,0.05s
4.17.2026 15:00:05,T0,T1,2.2ft,0.05s
4.17.2026 15:00:05,T0,T2,2.3ft,0.05s
4.17.2026 15:00:05,T1,T2,1.3ft,0.05s
4.17.2026 15:00:05,T0,T1,2.2ft,0.05s
4.17.2026 15:00:05,T0,T2,2.3ft,0.05s
4.17.2026 15:00:05,T1,T2,1.3ft,0.05s
4.17.2026 15:00:05,T0,T1,2.2ft,0.05s
4.17.2026 15:00:05,T0,T2,2.3ft,0.05s
4.17.2026 15:00:05,T1,T2,1.3ft,0.05s
4.17.2026 15:00:05,T0,T1,2.2ft,0.05s
4.17.2026 15:00:05,T0,T2,2.3ft,0.05s
4.17.2026 15:00:05,T1,T2,1.3ft,0.05s
4.17.2026 15:00:05,T0,T1,2.2ft,0.05s
4.17.2026 15:00:05,T0,T2,2.3ft,0.05s
4.17.2026 15:00:05,T1,T2,1.3ft,0.05s
4.17.2026 15:00:05,T0,T1,2.2ft,0.05s
4.17.2026 15:00:05,T0,T2,2.3ft,0.05s
4.17.2026 15:00:05,T1,T2,1.3ft,0.05s
4.17.2026 15:00:05,T0,T1,2.2ft,0.05s
4.17.2026 15:00:05,T0,T2,2.3ft,0.05s
4.17.2026 15:00:05,T1,T2,1.3ft,0.05s
4.17.2026 15:00:05,T0,T1,2.2ft,0.05s
4.17.2026 15:00:05,T0,T2,2.3ft,0.05s
4.17.2026 15:00:05,T1,T2,1.3ft,0.05s
4.17.2026 15:00:05,T0,T1,2.2ft,0.05s
4.17.2026 15:00:05,T0,T2,2.3ft,0.05s
4.17.2026 15:00:05,T1,T2,1.3ft,0.05s
4.17.2026 15:00:05,T0,T1,2.2ft,0.05s
4.17.2026 15:00:05,T0,T2,2.3ft,0.05s
4.17.2026 15:00:05,T1,T2,1.3ft,0.05s
4.17.2026 15:00:05,T0,T1,2.2ft,0.05s
4.17.2026 15:00:05,T0,T2,2.3ft,0.05s
4.17.2026 15:00:05,T1,T2,1.3ft,0.05s
4.17.2026 15:00:05,T0,T1,2.2ft,0.05s
4.17.2026 15:00:05,T0,T2,2.3ft,0.05s
4.17.2026 15:00:05,T1,T2,1.3ft,0.05s
4.17.2026 15:00:05,T0,T1,2.2ft,0.05s
4.17.2026 15:00:05,T0,T2,2.3ft,0.05s
4.17.2026 15:00:05,T1,T2,1.3ft,0.05s
4.17.2026 15:00:06,T0,T1,2.2ft,0.05s
4.17.2026 15:00:06,T0,T2,2.2ft,0.05s
4.17.2026 15:00:06,T1,T2,1.3ft,0.05s
4.17.2026 15:00:06,T0,T1,2.2ft,0.05s
4.17.2026 15:00:06,T0,T2,2.2ft,0.05s
4.17.2026 15:00:06,T1,T2,1.3ft,0.05s
4.17.2026 15:00:06,T0,T1,2.2ft,0.05s
4.17.2026 15:00:06,T0,T2,2.2ft,0.05s
4.17.2026 15:00:06,T1,T2,1.3ft,0.05s
4.17.2026 15:00:06,T0,T1,2.2ft,0.05s
4.17.2026 15:00:06,T0,T2,2.3ft,0.05s
4.17.2026 15:00:06,T1,T2,1.3ft,0.05s
4.17.2026 15:00:06,T0,T1,2.2ft,0.05s
4.17.2026 15:00:06,T0,T2,2.3ft,0.05s
4.17.2026 15:00:06,T1,T2,1.3ft,0.05s
4.17.2026 15:00:06,T0,T1,2.2ft,0.05s
4.17.2026 15:00:06,T0,T2,2.3ft,0.05s
4.17.2026 15:00:06,T1,T2,1.3ft,0.05s
4.17.2026 15:00:06,T0,T1,2.2ft,0.05s
4.17.2026 15:00:06,T0,T2,2.3ft,0.05s
4.17.2026 15:00:06,T1,T2,1.4ft,0.05s
4.17.2026 15:00:06,T0,T1,2.2ft,0.05s
4.17.2026 15:00:06,T0,T2,2.3ft,0.05s
4.17.2026 15:00:06,T1,T2,1.3ft,0.05s
4.17.2026 15:00:06,T0,T1,2.2ft,0.05s
4.17.2026 15:00:06,T0,T2,2.3ft,0.05s
4.17.2026 15:00:06,T1,T2,1.3ft,0.05s
4.17.2026 15:00:06,T0,T1,2.2ft,0.05s
4.17.2026 15:00:06,T0,T2,2.3ft,0.05s
4.17.2026 15:00:06,T1,T2,1.3ft,0.05s
4.17.2026 15:00:06,T0,T1,2.2ft,0.05s
4.17.2026 15:00:06,T0,T2,2.3ft,0.05s
4.17.2026 15:00:06,T1,T2,1.4ft,0.05s
4.17.2026 15:00:06,T0,T1,2.2ft,0.05s
4.17.2026 15:00:06,T0,T2,2.3ft,0.05s
4.17.2026 15:00:06,T1,T2,1.4ft,0.05s
4.17.2026 15:00:06,T0,T1,2.2ft,0.05s
4.17.2026 15:00:06,T0,T2,2.4ft,0.05s
4.17.2026 15:00:06,T1,T2,1.4ft,0.05s
4.17.2026 15:00:06,T0,T1,2.2ft,0.05s
4.17.2026 15:00:06,T0,T2,2.4ft,0.05s
4.17.2026 15:00:06,T1,T2,1.4ft,0.05s
4.17.2026 15:00:06,T0,T1,2.2ft,0.05s
4.17.2026 15:00:06,T0,T2,2.4ft,0.05s
4.17.2026 15:00:06,T1,T2,1.4ft,0.05s
4.17.2026 15:00:06,T0,T1,2.2ft,0.05s
4.17.2026 15:00:06,T0,T2,2.4ft,0.05s
4.17.2026 15:00:06,T1,T2,1.5ft,0.05s
4.17.2026 15:00:06,T0,T1,2.2ft,0.05s
4.17.2026 15:00:06,T0,T2,2.4ft,0.05s
4.17.2026 15:00:06,T1,T2,1.5ft,0.05s
4.17.2026 15:00:06,T0,T1,2.2ft,0.05s
4.17.2026 15:00:06,T0,T2,2.5ft,0.05s
4.17.2026 15:00:06,T1,T2,1.5ft,0.05s
4.17.2026 15:00:06,T0,T1,2.2ft,0.05s
4.17.2026 15:00:06,T0,T2,2.5ft,0.05s
4.17.2026 15:00:06,T1,T2,1.5ft,0.05s
4.17.2026 15:00:06,T0,T1,2.2ft,0.05s
4.17.2026 15:00:06,T0,T2,2.5ft,0.05s
4.17.2026 15:00:06,T1,T2,1.6ft,0.05s
4.17.2026 15:00:07,T0,T1,2.2ft,0.05s
4.17.2026 15:00:07,T0,T2,2.6ft,0.05s
4.17.2026 15:00:07,T1,T2,1.6ft,0.05s
4.17.2026 15:00:07,T0,T1,2.2ft,0.05s
4.17.2026 15:00:07,T0,T2,2.6ft,0.05s
4.17.2026 15:00:07,T1,T2,1.6ft,0.05s
4.17.2026 15:00:07,T0,T1,2.2ft,0.05s
4.17.2026 15:00:07,T0,T2,2.6ft,0.05s
4.17.2026 15:00:07,T1,T2,1.6ft,0.05s
4.17.2026 15:00:07,T0,T1,2.2ft,0.05s
4.17.2026 15:00:07,T0,T2,2.6ft,0.05s
4.17.2026 15:00:07,T1,T2,1.6ft,0.05s
4.17.2026 15:00:07,T0,T1,2.2ft,0.05s
4.17.2026 15:00:07,T0,T2,2.6ft,0.05s
4.17.2026 15:00:07,T1,T2,1.6ft,0.05s
4.17.2026 15:00:07,T0,T1,2.1ft,0.05s
4.17.2026 15:00:07,T0,T2,2.6ft,0.05s
4.17.2026 15:00:07,T1,T2,1.6ft,0.05s
4.17.2026 15:00:07,T0,T1,2.2ft,0.05s
4.17.2026 15:00:07,T0,T2,2.5ft,0.05s
4.17.2026 15:00:07,T1,T2,1.6ft,0.05s
4.17.2026 15:00:07,T0,T1,2.2ft,0.05s
4.17.2026 15:00:07,T0,T2,2.5ft,0.05s
4.17.2026 15:00:07,T1,T2,1.6ft,0.05s
4.17.2026 15:00:07,T0,T1,2.2ft,0.05s
4.17.2026 15:00:07,T0,T2,2.5ft,0.05s
4.17.2026 15:00:07,T1,T2,1.5ft,0.05s
4.17.2026 15:00:07,T0,T1,2.2ft,0.05s
4.17.2026 15:00:07,T0,T2,2.4ft,0.05s
4.17.2026 15:00:07,T1,T2,1.5ft,0.05s
4.17.2026 15:00:07,T0,T1,2.2ft,0.05s
4.17.2026 15:00:07,T0,T2,2.4ft,0.05s
4.17.2026 15:00:07,T1,T2,1.5ft,0.05s
4.17.2026 15:00:07,T0,T1,2.2ft,0.05s
4.17.2026 15:00:07,T0,T2,2.4ft,0.05s
4.17.2026 15:00:07,T1,T2,1.5ft,0.05s
4.17.2026 15:00:07,T0,T1,2.2ft,0.05s
4.17.2026 15:00:07,T0,T2,2.4ft,0.05s
4.17.2026 15:00:07,T1,T2,1.5ft,0.05s
4.17.2026 15:00:07,T0,T1,2.2ft,0.05s
4.17.2026 15:00:07,T0,T2,2.3ft,0.05s
4.17.2026 15:00:07,T1,T2,1.5ft,0.05s
4.17.2026 15:00:07,T0,T1,2.2ft,0.05s
4.17.2026 15:00:07,T0,T2,2.4ft,0.05s
4.17.2026 15:00:07,T1,T2,1.5ft,0.05s
4.17.2026 15:00:07,T0,T1,2.2ft,0.05s
4.17.2026 15:00:07,T0,T2,2.4ft,0.05s
4.17.2026 15:00:07,T1,T2,1.5ft,0.05s
4.17.2026 15:00:07,T0,T1,2.2ft,0.05s
4.17.2026 15:00:07,T0,T2,2.4ft,0.05s
4.17.2026 15:00:07,T1,T2,1.5ft,0.05s
4.17.2026 15:00:07,T0,T1,2.2ft,0.05s
4.17.2026 15:00:07,T0,T2,2.5ft,0.05s
4.17.2026 15:00:07,T1,T2,1.5ft,0.05s
4.17.2026 15:00:07,T0,T1,2.2ft,0.05s
4.17.2026 15:00:07,T0,T2,2.5ft,0.05s
4.17.2026 15:00:07,T1,T2,1.6ft,0.05s
4.17.2026 15:00:07,T0,T1,2.2ft,0.05s
4.17.2026 15:00:07,T0,T2,2.6ft,0.05s
4.17.2026 15:00:07,T1,T2,1.6ft,0.05s
4.17.2026 15:00:08,T0,T1,2.2ft,0.05s
4.17.2026 15:00:08,T0,T2,2.7ft,0.05s
4.17.2026 15:00:08,T1,T2,1.7ft,0.05s
4.17.2026 15:00:08,T0,T1,2.2ft,0.05s
4.17.2026 15:00:08,T0,T2,2.7ft,0.05s
4.17.2026 15:00:08,T1,T2,1.7ft,0.05s
4.17.2026 15:00:08,T0,T1,2.2ft,0.05s
4.17.2026 15:00:08,T0,T2,2.7ft,0.05s
4.17.2026 15:00:08,T1,T2,1.7ft,0.05s
4.17.2026 15:00:08,T0,T1,2.2ft,0.05s
4.17.2026 15:00:08,T0,T2,2.6ft,0.05s
4.17.2026 15:00:08,T1,T2,1.6ft,0.05s
4.17.2026 15:00:08,T0,T1,2.1ft,0.05s
4.17.2026 15:00:08,T0,T2,2.6ft,0.05s
4.17.2026 15:00:08,T1,T2,1.6ft,0.05s
4.17.2026 15:00:08,T0,T1,2.1ft,0.05s
4.17.2026 15:00:08,T0,T2,2.6ft,0.05s
4.17.2026 15:00:08,T1,T2,1.6ft,0.05s
4.17.2026 15:00:08,T0,T1,2.1ft,0.05s
4.17.2026 15:00:08,T0,T2,2.6ft,0.05s
4.17.2026 15:00:08,T1,T2,1.6ft,0.05s
4.17.2026 15:00:08,T0,T1,2.1ft,0.05s
4.17.2026 15:00:08,T0,T2,2.5ft,0.05s
4.17.2026 15:00:08,T1,T2,1.6ft,0.05s
4.17.2026 15:00:08,T0,T1,2.1ft,0.05s
4.17.2026 15:00:08,T0,T2,2.5ft,0.05s
4.17.2026 15:00:08,T1,T2,1.6ft,0.05s
4.17.2026 15:00:08,T0,T1,2.2ft,0.05s
4.17.2026 15:00:08,T0,T2,2.5ft,0.05s
4.17.2026 15:00:08,T1,T2,1.5ft,0.05s
4.17.2026 15:00:08,T0,T1,2.2ft,0.05s
4.17.2026 15:00:08,T0,T2,2.5ft,0.05s
4.17.2026 15:00:08,T1,T2,1.5ft,0.05s
4.17.2026 15:00:08,T0,T1,2.2ft,0.05s
4.17.2026 15:00:08,T0,T2,2.5ft,0.05s
4.17.2026 15:00:08,T1,T2,1.5ft,0.05s
4.17.2026 15:00:08,T0,T1,2.2ft,0.05s
4.17.2026 15:00:08,T0,T2,2.5ft,0.05s
4.17.2026 15:00:08,T1,T2,1.5ft,0.05s
4.17.2026 15:00:08,T0,T1,2.2ft,0.05s
4.17.2026 15:00:08,T0,T2,2.6ft,0.05s
4.17.2026 15:00:08,T1,T2,1.6ft,0.05s
4.17.2026 15:00:08,T0,T1,2.2ft,0.05s
4.17.2026 15:00:08,T0,T2,2.6ft,0.05s
4.17.2026 15:00:08,T1,T2,1.6ft,0.05s
4.17.2026 15:00:08,T0,T1,2.2ft,0.05s
4.17.2026 15:00:08,T0,T2,2.6ft,0.05s
4.17.2026 15:00:08,T1,T2,1.6ft,0.05s
4.17.2026 15:00:08,T0,T1,2.2ft,0.05s
4.17.2026 15:00:08,T0,T2,2.7ft,0.05s
4.17.2026 15:00:08,T1,T2,1.6ft,0.05s
4.17.2026 15:00:08,T0,T1,2.2ft,0.05s
4.17.2026 15:00:08,T0,T2,2.7ft,0.05s
4.17.2026 15:00:08,T1,T2,1.6ft,0.05s
4.17.2026 15:00:08,T0,T1,2.2ft,0.05s
4.17.2026 15:00:08,T0,T2,2.7ft,0.05s
4.17.2026 15:00:08,T1,T2,1.6ft,0.05s
4.17.2026 15:00:09,T0,T1,2.2ft,0.05s
4.17.2026 15:00:09,T0,T2,2.8ft,0.05s
4.17.2026 15:00:09,T1,T2,1.7ft,0.05s
4.17.2026 15:00:09,T0,T1,2.2ft,0.05s
4.17.2026 15:00:09,T0,T2,2.8ft,0.05s
4.17.2026 15:00:09,T1,T2,1.7ft,0.05s
4.17.2026 15:00:09,T0,T1,2.2ft,0.05s
4.17.2026 15:00:09,T0,T2,2.9ft,0.05s
4.17.2026 15:00:09,T1,T2,1.7ft,0.05s
4.17.2026 15:00:09,T0,T1,2.2ft,0.05s
4.17.2026 15:00:09,T0,T2,2.9ft,0.05s
4.17.2026 15:00:09,T1,T2,1.7ft,0.05s
4.17.2026 15:00:09,T0,T1,2.3ft,0.05s
4.17.2026 15:00:09,T0,T2,2.9ft,0.05s
4.17.2026 15:00:09,T1,T2,1.7ft,0.05s
4.17.2026 15:00:09,T0,T1,2.3ft,0.05s
4.17.2026 15:00:09,T0,T2,2.9ft,0.05s
4.17.2026 15:00:09,T1,T2,1.7ft,0.05s
4.17.2026 15:00:09,T0,T1,2.3ft,0.05s
4.17.2026 15:00:09,T0,T2,2.9ft,0.05s
4.17.2026 15:00:09,T1,T2,1.7ft,0.05s
4.17.2026 15:00:09,T0,T1,2.3ft,0.05s
4.17.2026 15:00:09,T0,T2,2.9ft,0.05s
4.17.2026 15:00:09,T1,T2,1.6ft,0.05s
4.17.2026 15:00:09,T0,T1,2.3ft,0.05s
4.17.2026 15:00:09,T0,T2,2.9ft,0.05s
4.17.2026 15:00:09,T1,T2,1.6ft,0.05s
4.17.2026 15:00:09,T0,T1,2.3ft,0.05s
4.17.2026 15:00:09,T0,T2,2.9ft,0.05s
4.17.2026 15:00:09,T1,T2,1.6ft,0.05s
4.17.2026 15:00:09,T0,T1,2.3ft,0.05s
4.17.2026 15:00:09,T0,T2,2.9ft,0.05s
4.17.2026 15:00:09,T1,T2,1.6ft,0.05s
4.17.2026 15:00:09,T0,T1,2.3ft,0.05s
4.17.2026 15:00:09,T0,T2,2.9ft,0.05s
4.17.2026 15:00:09,T1,T2,1.7ft,0.05s
4.17.2026 15:00:09,T0,T1,2.3ft,0.05s
4.17.2026 15:00:09,T0,T2,2.9ft,0.05s
4.17.2026 15:00:09,T1,T2,1.7ft,0.05s
4.17.2026 15:00:09,T0,T1,2.4ft,0.05s
4.17.2026 15:00:09,T0,T2,3.0ft,0.05s
4.17.2026 15:00:09,T1,T2,1.7ft,0.05s
4.17.2026 15:00:09,T0,T1,2.4ft,0.05s
4.17.2026 15:00:09,T0,T2,3.0ft,0.05s
4.17.2026 15:00:09,T1,T2,1.7ft,0.05s
4.17.2026 15:00:09,T0,T1,2.4ft,0.05s
4.17.2026 15:00:09,T0,T2,3.0ft,0.05s
4.17.2026 15:00:09,T1,T2,1.6ft,0.05s
4.17.2026 15:00:09,T0,T1,2.4ft,0.05s
4.17.2026 15:00:09,T0,T2,2.9ft,0.05s
4.17.2026 15:00:09,T1,T2,1.6ft,0.05s
4.17.2026 15:00:09,T0,T1,2.4ft,0.05s
4.17.2026 15:00:09,T0,T2,2.9ft,0.05s
4.17.2026 15:00:09,T1,T2,1.5ft,0.05s
4.17.2026 15:00:09,T0,T1,2.5ft,0.05s
4.17.2026 15:00:09,T0,T2,2.8ft,0.05s
4.17.2026 15:00:09,T1,T2,1.5ft,0.05s
4.17.2026 15:00:09,T0,T1,2.5ft,0.05s
4.17.2026 15:00:09,T0,T2,2.8ft,0.05s
4.17.2026 15:00:09,T1,T2,1.5ft,0.05s
4.17.2026 15:00:10,T0,T1,2.5ft,0.05s
4.17.2026 15:00:10,T0,T2,2.8ft,0.05s
4.17.2026 15:00:10,T1,T2,1.5ft,0.05s
4.17.2026 15:00:10,T0,T1,2.4ft,0.05s
4.17.2026 15:00:10,T0,T2,2.8ft,0.05s
4.17.2026 15:00:10,T1,T2,1.5ft,0.05s
4.17.2026 15:00:10,T0,T1,2.4ft,0.05s
4.17.2026 15:00:10,T0,T2,2.8ft,0.05s
4.17.2026 15:00:10,T1,T2,1.5ft,0.05s
4.17.2026 15:00:10,T0,T1,2.4ft,0.05s
4.17.2026 15:00:10,T0,T2,2.8ft,0.05s
4.17.2026 15:00:10,T1,T2,1.6ft,0.05s
4.17.2026 15:00:10,T0,T1,2.4ft,0.05s
4.17.2026 15:00:10,T0,T2,2.9ft,0.05s
4.17.2026 15:00:10,T1,T2,1.6ft,0.05s
4.17.2026 15:00:10,T0,T1,2.4ft,0.05s
4.17.2026 15:00:10,T0,T2,2.9ft,0.05s
4.17.2026 15:00:10,T1,T2,1.6ft,0.05s
4.17.2026 15:00:10,T0,T1,2.4ft,0.05s
4.17.2026 15:00:10,T0,T2,2.9ft,0.05s
4.17.2026 15:00:10,T1,T2,1.6ft,0.05s
4.17.2026 15:00:10,T0,T1,2.4ft,0.05s
4.17.2026 15:00:10,T0,T2,2.8ft,0.05s
4.17.2026 15:00:10,T1,T2,1.6ft,0.05s
4.17.2026 15:00:10,T0,T1,2.4ft,0.05s
4.17.2026 15:00:10,T0,T2,2.8ft,0.05s
4.17.2026 15:00:10,T1,T2,1.6ft,0.05s
4.17.2026 15:00:10,T0,T1,2.4ft,0.05s
4.17.2026 15:00:10,T0,T2,2.8ft,0.05s
4.17.2026 15:00:10,T1,T2,1.6ft,0.05s
4.17.2026 15:00:10,T0,T1,2.4ft,0.05s
4.17.2026 15:00:10,T0,T2,2.8ft,0.05s
4.17.2026 15:00:10,T1,T2,1.6ft,0.05s
4.17.2026 15:00:10,T0,T1,2.4ft,0.05s
4.17.2026 15:00:10,T0,T2,2.8ft,0.05s
4.17.2026 15:00:10,T1,T2,1.6ft,0.05s
4.17.2026 15:00:10,T0,T1,2.4ft,0.05s
4.17.2026 15:00:10,T0,T2,2.7ft,0.05s
4.17.2026 15:00:10,T1,T2,1.6ft,0.05s
4.17.2026 15:00:10,T0,T1,2.4ft,0.05s
4.17.2026 15:00:10,T0,T2,2.7ft,0.05s
4.17.2026 15:00:10,T1,T2,1.5ft,0.05s
4.17.2026 15:00:10,T0,T1,2.3ft,0.05s
4.17.2026 15:00:10,T0,T2,2.6ft,0.05s
4.17.2026 15:00:10,T1,T2,1.5ft,0.05s
4.17.2026 15:00:10,T0,T1,2.3ft,0.05s
4.17.2026 15:00:10,T0,T2,2.5ft,0.05s
4.17.2026 15:00:10,T1,T2,1.4ft,0.05s
4.17.2026 15:00:10,T0,T1,2.3ft,0.05s
4.17.2026 15:00:10,T0,T2,2.4ft,0.05s
4.17.2026 15:00:10,T1,T2,1.4ft,0.05s
4.17.2026 15:00:10,T0,T1,2.3ft,0.05s
4.17.2026 15:00:10,T0,T2,2.2ft,0.05s
4.17.2026 15:00:10,T1,T2,1.4ft,0.05s
4.17.2026 15:00:10,T0,T1,2.2ft,0.05s
4.17.2026 15:00:10,T0,T2,2.1ft,0.05s
4.17.2026 15:00:10,T1,T2,1.4ft,0.05s
4.17.2026 15:00:10,T0,T1,2.2ft,0.05s
4.17.2026 15:00:10,T0,T2,2.0ft,0.05s
4.17.2026 15:00:10,T1,T2,1.3ft,0.05s
4.17.2026 15:00:11,T0,T1,2.1ft,0.05s
4.17.2026 15:00:11,T0,T2,1.8ft,0.05s
4.17.2026 15:00:11,T1,T2,1.3ft,0.05s
4.17.2026 15:00:11,T0,T1,2.1ft,0.05s
4.17.2026 15:00:11,T0,T2,1.8ft,0.05s
4.17.2026 15:00:11,T1,T2,1.3ft,0.05s
4.17.2026 15:00:11,T0,T1,2.1ft,0.05s
4.17.2026 15:00:11,T0,T2,1.7ft,0.05s
4.17.2026 15:00:11,T1,T2,1.3ft,0.05s
4.17.2026 15:00:11,T0,T1,2.0ft,0.05s
4.17.2026 15:00:11,T0,T2,1.7ft,0.05s
4.17.2026 15:00:11,T1,T2,1.3ft,0.05s
4.17.2026 15:00:11,T0,T1,2.0ft,0.05s
4.17.2026 15:00:11,T0,T2,1.7ft,0.05s
4.17.2026 15:00:11,T1,T2,1.3ft,0.05s
4.17.2026 15:00:11,T0,T1,2.0ft,0.05s
4.17.2026 15:00:11,T0,T2,1.6ft,0.05s
4.17.2026 15:00:11,T1,T2,1.3ft,0.05s
4.17.2026 15:00:11,T0,T1,1.9ft,0.05s
4.17.2026 15:00:11,T0,T2,1.6ft,0.05s
4.17.2026 15:00:11,T1,T2,1.3ft,0.05s
4.17.2026 15:00:11,T0,T1,1.9ft,0.05s
4.17.2026 15:00:11,T0,T2,1.6ft,0.05s
4.17.2026 15:00:11,T1,T2,1.3ft,0.05s
4.17.2026 15:00:11,T0,T1,1.8ft,0.05s
4.17.2026 15:00:11,T0,T2,1.5ft,0.05s
4.17.2026 15:00:11,T1,T2,1.3ft,0.05s
4.17.2026 15:00:11,T0,T1,1.8ft,0.05s
4.17.2026 15:00:11,T0,T2,1.6ft,0.05s
4.17.2026 15:00:11,T1,T2,1.3ft,0.05s
4.17.2026 15:00:11,T0,T1,1.8ft,0.05s
4.17.2026 15:00:11,T0,T2,1.7ft,0.05s
4.17.2026 15:00:11,T1,T2,1.4ft,0.05s
4.17.2026 15:00:11,T0,T1,1.8ft,0.05s
4.17.2026 15:00:11,T0,T2,1.8ft,0.05s
4.17.2026 15:00:11,T1,T2,1.5ft,0.05s
4.17.2026 15:00:11,T0,T1,1.8ft,0.05s
4.17.2026 15:00:11,T0,T2,1.9ft,0.05s
4.17.2026 15:00:11,T1,T2,1.5ft,0.05s
4.17.2026 15:00:11,T0,T1,1.8ft,0.05s
4.17.2026 15:00:11,T0,T2,2.0ft,0.05s
4.17.2026 15:00:11,T1,T2,1.6ft,0.05s
4.17.2026 15:00:11,T0,T1,1.8ft,0.05s
4.17.2026 15:00:11,T0,T2,2.2ft,0.05s
4.17.2026 15:00:11,T1,T2,1.7ft,0.05s
4.17.2026 15:00:11,T0,T1,1.8ft,0.05s
4.17.2026 15:00:11,T0,T2,2.3ft,0.05s
4.17.2026 15:00:11,T1,T2,1.8ft,0.05s
4.17.2026 15:00:11,T0,T1,1.8ft,0.05s
4.17.2026 15:00:11,T0,T2,2.3ft,0.05s
4.17.2026 15:00:11,T1,T2,1.8ft,0.05s
4.17.2026 15:00:11,T0,T1,1.8ft,0.05s
4.17.2026 15:00:11,T0,T2,2.3ft,0.05s
4.17.2026 15:00:11,T1,T2,1.8ft,0.05s
4.17.2026 15:00:11,T0,T1,1.8ft,0.05s
4.17.2026 15:00:11,T0,T2,2.2ft,0.05s
4.17.2026 15:00:11,T1,T2,1.7ft,0.05s
4.17.2026 15:00:11,T0,T1,1.8ft,0.05s
4.17.2026 15:00:11,T0,T2,2.2ft,0.05s
4.17.2026 15:00:11,T1,T2,1.7ft,0.05s
4.17.2026 15:00:12,T0,T1,1.8ft,0.05s
4.17.2026 15:00:12,T0,T2,2.1ft,0.05s
4.17.2026 15:00:12,T1,T2,1.6ft,0.05s
4.17.2026 15:00:12,T0,T1,1.8ft,0.05s
4.17.2026 15:00:12,T0,T2,2.0ft,0.05s
4.17.2026 15:00:12,T1,T2,1.5ft,0.05s
4.17.2026 15:00:12,T0,T1,1.9ft,0.05s
4.17.2026 15:00:12,T0,T2,1.9ft,0.05s
4.17.2026 15:00:12,T1,T2,1.4ft,0.05s
4.17.2026 15:00:12,T0,T1,1.9ft,0.05s
4.17.2026 15:00:12,T0,T2,1.8ft,0.05s
4.17.2026 15:00:12,T1,T2,1.4ft,0.05s
4.17.2026 15:00:12,T0,T1,1.9ft,0.05s
4.17.2026 15:00:12,T0,T2,1.7ft,0.05s
4.17.2026 15:00:12,T1,T2,1.3ft,0.05s
4.17.2026 15:00:12,T0,T1,2.0ft,0.05s
4.17.2026 15:00:12,T0,T2,1.7ft,0.05s
4.17.2026 15:00:12,T1,T2,1.3ft,0.05s
4.17.2026 15:00:12,T0,T1,2.0ft,0.05s
4.17.2026 15:00:12,T0,T2,1.7ft,0.05s
4.17.2026 15:00:12,T1,T2,1.3ft,0.05s
4.17.2026 15:00:12,T0,T1,2.1ft,0.05s
4.17.2026 15:00:12,T0,T2,1.7ft,0.05s
4.17.2026 15:00:12,T1,T2,1.2ft,0.05s
4.17.2026 15:00:12,T0,T1,2.1ft,0.05s
4.17.2026 15:00:12,T0,T2,1.7ft,0.05s
4.17.2026 15:00:12,T1,T2,1.2ft,0.05s
4.17.2026 15:00:12,T0,T1,2.1ft,0.05s
4.17.2026 15:00:12,T0,T2,1.7ft,0.05s
4.17.2026 15:00:12,T1,T2,1.2ft,0.05s
4.17.2026 15:00:12,T0,T1,2.2ft,0.05s
4.17.2026 15:00:12,T0,T2,1.7ft,0.05s
4.17.2026 15:00:12,T1,T2,1.2ft,0.05s
4.17.2026 15:00:12,T0,T1,2.2ft,0.05s
4.17.2026 15:00:12,T0,T2,1.7ft,0.05s
4.17.2026 15:00:12,T1,T2,1.2ft,0.05s
4.17.2026 15:00:12,T0,T1,2.3ft,0.05s
4.17.2026 15:00:12,T0,T2,1.8ft,0.05s
4.17.2026 15:00:12,T1,T2,1.2ft,0.05s
4.17.2026 15:00:12,T0,T1,2.3ft,0.05s
4.17.2026 15:00:12,T0,T2,1.9ft,0.05s
4.17.2026 15:00:12,T1,T2,1.2ft,0.05s
4.17.2026 15:00:12,T0,T1,2.4ft,0.05s
4.17.2026 15:00:12,T0,T2,2.0ft,0.05s
4.17.2026 15:00:12,T1,T2,1.2ft,0.05s
4.17.2026 15:00:12,T0,T1,2.4ft,0.05s
4.17.2026 15:00:12,T0,T2,2.0ft,0.05s
4.17.2026 15:00:12,T1,T2,1.2ft,0.05s
4.17.2026 15:00:12,T0,T1,2.4ft,0.05s
4.17.2026 15:00:12,T0,T2,2.0ft,0.05s
4.17.2026 15:00:12,T1,T2,1.2ft,0.05s
4.17.2026 15:00:12,T0,T1,2.4ft,0.05s
4.17.2026 15:00:12,T0,T2,2.0ft,0.05s
4.17.2026 15:00:12,T1,T2,1.2ft,0.05s
4.17.2026 15:00:12,T0,T1,2.4ft,0.05s
4.17.2026 15:00:12,T0,T2,2.0ft,0.05s
4.17.2026 15:00:12,T1,T2,1.2ft,0.05s
4.17.2026 15:00:13,T0,T1,2.5ft,0.05s
4.17.2026 15:00:13,T0,T2,2.0ft,0.05s
4.17.2026 15:00:13,T1,T2,1.2ft,0.05s
4.17.2026 15:00:13,T0,T1,2.5ft,0.05s
4.17.2026 15:00:13,T0,T2,2.0ft,0.05s
4.17.2026 15:00:13,T1,T2,1.2ft,0.05s
4.17.2026 15:00:13,T0,T1,2.5ft,0.05s
4.17.2026 15:00:13,T0,T2,2.2ft,0.05s
4.17.2026 15:00:13,T1,T2,1.3ft,0.05s
4.17.2026 15:00:13,T0,T1,2.5ft,0.05s
4.17.2026 15:00:13,T0,T2,2.4ft,0.05s
4.17.2026 15:00:13,T1,T2,1.4ft,0.05s
4.17.2026 15:00:13,T0,T1,2.5ft,0.05s
4.17.2026 15:00:13,T0,T2,2.6ft,0.05s
4.17.2026 15:00:13,T1,T2,1.5ft,0.05s
4.17.2026 15:00:13,T0,T1,2.6ft,0.05s
4.17.2026 15:00:13,T0,T2,2.8ft,0.05s
4.17.2026 15:00:13,T1,T2,1.6ft,0.05s
4.17.2026 15:00:13,T0,T1,2.6ft,0.05s
4.17.2026 15:00:13,T0,T2,3.0ft,0.05s
4.17.2026 15:00:13,T1,T2,1.7ft,0.05s
4.17.2026 15:00:13,T0,T1,2.7ft,0.05s
4.17.2026 15:00:13,T0,T2,3.2ft,0.05s
4.17.2026 15:00:13,T1,T2,1.9ft,0.05s
4.17.2026 15:00:13,T0,T1,2.8ft,0.05s
4.17.2026 15:00:13,T0,T2,3.4ft,0.05s
4.17.2026 15:00:13,T1,T2,2.0ft,0.05s
4.17.2026 15:00:13,T0,T1,2.8ft,0.05s
4.17.2026 15:00:13,T0,T2,3.4ft,0.05s
4.17.2026 15:00:13,T1,T2,2.0ft,0.05s
4.17.2026 15:00:13,T0,T1,2.7ft,0.05s
4.17.2026 15:00:13,T0,T2,3.3ft,0.05s
4.17.2026 15:00:13,T1,T2,2.0ft,0.05s
4.17.2026 15:00:13,T0,T1,2.7ft,0.05s
4.17.2026 15:00:13,T0,T2,3.2ft,0.05s
4.17.2026 15:00:13,T1,T2,1.9ft,0.05s
4.17.2026 15:00:13,T0,T1,2.7ft,0.05s
4.17.2026 15:00:13,T0,T2,3.1ft,0.05s
4.17.2026 15:00:13,T1,T2,1.9ft,0.05s
4.17.2026 15:00:13,T0,T1,2.7ft,0.05s
4.17.2026 15:00:13,T0,T2,3.0ft,0.05s
4.17.2026 15:00:13,T1,T2,1.8ft,0.05s
4.17.2026 15:00:13,T0,T1,2.6ft,0.05s
4.17.2026 15:00:13,T0,T2,2.9ft,0.05s
4.17.2026 15:00:13,T1,T2,1.7ft,0.05s
4.17.2026 15:00:13,T0,T1,2.6ft,0.05s
4.17.2026 15:00:13,T0,T2,2.7ft,0.05s
4.17.2026 15:00:13,T1,T2,1.6ft,0.05s
4.17.2026 15:00:13,T0,T1,2.6ft,0.05s
4.17.2026 15:00:13,T0,T2,2.6ft,0.05s
4.17.2026 15:00:13,T1,T2,1.5ft,0.05s
4.17.2026 15:00:13,T0,T1,2.6ft,0.05s
4.17.2026 15:00:13,T0,T2,2.5ft,0.05s
4.17.2026 15:00:13,T1,T2,1.5ft,0.05s
4.17.2026 15:00:13,T0,T1,2.6ft,0.05s
4.17.2026 15:00:13,T0,T2,2.3ft,0.05s
4.17.2026 15:00:13,T1,T2,1.4ft,0.05s
4.17.2026 15:00:13,T0,T1,2.5ft,0.05s
4.17.2026 15:00:13,T0,T2,2.2ft,0.05s
4.17.2026 15:00:13,T1,T2,1.4ft,0.05s
4.17.2026 15:00:14,T0,T1,2.5ft,0.05s
4.17.2026 15:00:14,T0,T2,2.1ft,0.05s
4.17.2026 15:00:14,T1,T2,1.4ft,0.05s
4.17.2026 15:00:14,T0,T1,2.4ft,0.05s
4.17.2026 15:00:14,T0,T2,2.0ft,0.05s
4.17.2026 15:00:14,T1,T2,1.4ft,0.05s
4.17.2026 15:00:14,T0,T1,2.4ft,0.05s
4.17.2026 15:00:14,T0,T2,1.9ft,0.05s
4.17.2026 15:00:14,T1,T2,1.3ft,0.05s
4.17.2026 15:00:14,T0,T1,2.4ft,0.05s
4.17.2026 15:00:14,T0,T2,1.8ft,0.05s
4.17.2026 15:00:14,T1,T2,1.3ft,0.05s
4.17.2026 15:00:14,T0,T1,2.3ft,0.05s
4.17.2026 15:00:14,T0,T2,1.6ft,0.05s
4.17.2026 15:00:14,T1,T2,1.4ft,0.05s
4.17.2026 15:00:14,T0,T1,2.2ft,0.05s
4.17.2026 15:00:14,T0,T2,1.5ft,0.05s
4.17.2026 15:00:14,T1,T2,1.4ft,0.05s
4.17.2026 15:00:14,T0,T1,2.1ft,0.05s
4.17.2026 15:00:14,T0,T2,1.4ft,0.05s
4.17.2026 15:00:14,T1,T2,1.4ft,0.05s
4.17.2026 15:00:14,T0,T1,2.1ft,0.05s
4.17.2026 15:00:14,T0,T2,1.3ft,0.05s
4.17.2026 15:00:14,T1,T2,1.4ft,0.05s
4.17.2026 15:00:14,T0,T1,2.0ft,0.05s
4.17.2026 15:00:14,T0,T2,1.2ft,0.05s
4.17.2026 15:00:14,T1,T2,1.4ft,0.05s
4.17.2026 15:00:14,T0,T1,2.0ft,0.05s
4.17.2026 15:00:14,T0,T2,1.2ft,0.05s
4.17.2026 15:00:14,T1,T2,1.4ft,0.05s
4.17.2026 15:00:14,T0,T1,2.0ft,0.05s
4.17.2026 15:00:14,T0,T2,1.1ft,0.05s
4.17.2026 15:00:14,T1,T2,1.4ft,0.05s
4.17.2026 15:00:14,T0,T1,2.0ft,0.05s
4.17.2026 15:00:14,T0,T2,1.1ft,0.05s
4.17.2026 15:00:14,T1,T2,1.3ft,0.05s
4.17.2026 15:00:14,T0,T1,2.0ft,0.05s
4.17.2026 15:00:14,T0,T2,1.1ft,0.05s
4.17.2026 15:00:14,T1,T2,1.3ft,0.05s
4.17.2026 15:00:14,T0,T1,2.0ft,0.05s
4.17.2026 15:00:14,T0,T2,1.2ft,0.05s
4.17.2026 15:00:14,T1,T2,1.3ft,0.05s
4.17.2026 15:00:14,T0,T1,2.0ft,0.05s
4.17.2026 15:00:14,T0,T2,1.2ft,0.05s
4.17.2026 15:00:14,T1,T2,1.3ft,0.05s
4.17.2026 15:00:14,T0,T1,2.0ft,0.05s
4.17.2026 15:00:14,T0,T2,1.2ft,0.05s
4.17.2026 15:00:14,T1,T2,1.3ft,0.05s
4.17.2026 15:00:14,T0,T1,2.0ft,0.05s
4.17.2026 15:00:14,T0,T2,1.3ft,0.05s
4.17.2026 15:00:14,T1,T2,1.2ft,0.05s
4.17.2026 15:00:14,T0,T1,2.1ft,0.05s
4.17.2026 15:00:14,T0,T2,1.3ft,0.05s
4.17.2026 15:00:14,T1,T2,1.2ft,0.05s
4.17.2026 15:00:14,T0,T1,2.1ft,0.05s
4.17.2026 15:00:14,T0,T2,1.4ft,0.05s
4.17.2026 15:00:14,T1,T2,1.2ft,0.05s
4.17.2026 15:00:14,T0,T1,2.1ft,0.05s
4.17.2026 15:00:14,T0,T2,1.4ft,0.05s
4.17.2026 15:00:14,T1,T2,1.2ft,0.05s
4.17.2026 15:00:15,T0,T1,2.0ft,0.05s
4.17.2026 15:00:15,T0,T2,1.4ft,0.05s
4.17.2026 15:00:15,T1,T2,1.2ft,0.05s
4.17.2026 15:00:15,T0,T1,2.0ft,0.05s
4.17.2026 15:00:15,T0,T2,1.4ft,0.05s
4.17.2026 15:00:15,T1,T2,1.2ft,0.05s
4.17.2026 15:00:15,T0,T1,2.0ft,0.05s
4.17.2026 15:00:15,T0,T2,1.3ft,0.05s
4.17.2026 15:00:15,T1,T2,1.2ft,0.05s
4.17.2026 15:00:15,T0,T1,2.0ft,0.05s
4.17.2026 15:00:15,T0,T2,1.3ft,0.05s
4.17.2026 15:00:15,T1,T2,1.2ft,0.05s
4.17.2026 15:00:15,T0,T1,2.0ft,0.05s
4.17.2026 15:00:15,T0,T2,1.3ft,0.05s
4.17.2026 15:00:15,T1,T2,1.3ft,0.05s
4.17.2026 15:00:15,T0,T1,1.9ft,0.05s
4.17.2026 15:00:15,T0,T2,1.2ft,0.05s
4.17.2026 15:00:15,T1,T2,1.3ft,0.05s
4.17.2026 15:00:15,T0,T1,1.9ft,0.05s
4.17.2026 15:00:15,T0,T2,1.2ft,0.05s
4.17.2026 15:00:15,T1,T2,1.3ft,0.05s
4.17.2026 15:00:15,T0,T1,1.9ft,0.05s
4.17.2026 15:00:15,T0,T2,1.2ft,0.05s
4.17.2026 15:00:15,T1,T2,1.3ft,0.05s
4.17.2026 15:00:15,T0,T1,1.9ft,0.05s
4.17.2026 15:00:15,T0,T2,1.2ft,0.05s
4.17.2026 15:00:15,T1,T2,1.3ft,0.05s
4.17.2026 15:00:15,T0,T1,1.8ft,0.05s
4.17.2026 15:00:15,T0,T2,1.2ft,0.05s
4.17.2026 15:00:15,T1,T2,1.3ft,0.05s
4.17.2026 15:00:15,T0,T1,1.8ft,0.05s
4.17.2026 15:00:15,T0,T2,1.2ft,0.05s
4.17.2026 15:00:15,T1,T2,1.3ft,0.05s
4.17.2026 15:00:15,T0,T1,1.8ft,0.05s
4.17.2026 15:00:15,T0,T2,1.2ft,0.05s
4.17.2026 15:00:15,T1,T2,1.4ft,0.05s
4.17.2026 15:00:15,T0,T1,1.8ft,0.05s
4.17.2026 15:00:15,T0,T2,1.1ft,0.05s
4.17.2026 15:00:15,T1,T2,1.4ft,0.05s
4.17.2026 15:00:15,T0,T1,1.8ft,0.05s
4.17.2026 15:00:15,T0,T2,1.1ft,0.05s
4.17.2026 15:00:15,T1,T2,1.4ft,0.05s
4.17.2026 15:00:15,T0,T1,1.7ft,0.05s
4.17.2026 15:00:15,T0,T2,1.1ft,0.05s
4.17.2026 15:00:15,T1,T2,1.4ft,0.05s
4.17.2026 15:00:15,T0,T1,1.7ft,0.05s
4.17.2026 15:00:15,T0,T2,1.1ft,0.05s
4.17.2026 15:00:15,T1,T2,1.4ft,0.05s
4.17.2026 15:00:15,T0,T1,1.7ft,0.05s
4.17.2026 15:00:15,T0,T2,1.1ft,0.05s
4.17.2026 15:00:15,T1,T2,1.4ft,0.05s
4.17.2026 15:00:15,T0,T1,1.8ft,0.05s
4.17.2026 15:00:15,T0,T2,1.1ft,0.05s
4.17.2026 15:00:15,T1,T2,1.4ft,0.05s
4.17.2026 15:00:15,T0,T1,1.8ft,0.05s
4.17.2026 15:00:15,T0,T2,1.1ft,0.05s
4.17.2026 15:00:15,T1,T2,1.4ft,0.05s
4.17.2026 15:00:16,T0,T1,1.8ft,0.05s
4.17.2026 15:00:16,T0,T2,1.2ft,0.05s
4.17.2026 15:00:16,T1,T2,1.3ft,0.05s
4.17.2026 15:00:16,T0,T1,1.8ft,0.05s
4.17.2026 15:00:16,T0,T2,1.3ft,0.05s
4.17.2026 15:00:16,T1,T2,1.3ft,0.05s
4.17.2026 15:00:16,T0,T1,1.8ft,0.05s
4.17.2026 15:00:16,T0,T2,1.3ft,0.05s
4.17.2026 15:00:16,T1,T2,1.3ft,0.05s
4.17.2026 15:00:16,T0,T1,1.8ft,0.05s
4.17.2026 15:00:16,T0,T2,1.4ft,0.05s
4.17.2026 15:00:16,T1,T2,1.3ft,0.05s
4.17.2026 15:00:16,T0,T1,1.8ft,0.05s
4.17.2026 15:00:16,T0,T2,1.4ft,0.05s
4.17.2026 15:00:16,T1,T2,1.3ft,0.05s
4.17.2026 15:00:16,T0,T1,1.8ft,0.05s
4.17.2026 15:00:16,T0,T2,1.5ft,0.05s
4.17.2026 15:00:16,T1,T2,1.3ft,0.05s
4.17.2026 15:00:16,T0,T1,1.9ft,0.05s
4.17.2026 15:00:16,T0,T2,1.5ft,0.05s
4.17.2026 15:00:16,T1,T2,1.3ft,0.05s
4.17.2026 15:00:16,T0,T1,2.0ft,0.05s
4.17.2026 15:00:16,T0,T2,1.6ft,0.05s
4.17.2026 15:00:16,T1,T2,1.3ft,0.05s
4.17.2026 15:00:16,T0,T1,2.0ft,0.05s
4.17.2026 15:00:16,T0,T2,1.7ft,0.05s
4.17.2026 15:00:16,T1,T2,1.3ft,0.05s
4.17.2026 15:00:16,T0,T1,2.1ft,0.05s
4.17.2026 15:00:16,T0,T2,1.7ft,0.05s
4.17.2026 15:00:16,T1,T2,1.3ft,0.05s
4.17.2026 15:00:16,T0,T1,2.1ft,0.05s
4.17.2026 15:00:16,T0,T2,1.8ft,0.05s
4.17.2026 15:00:16,T1,T2,1.3ft,0.05s
4.17.2026 15:00:16,T0,T1,2.2ft,0.05s
4.17.2026 15:00:16,T0,T2,2.0ft,0.05s
4.17.2026 15:00:16,T1,T2,1.4ft,0.05s
4.17.2026 15:00:16,T0,T1,2.2ft,0.05s
4.17.2026 15:00:16,T0,T2,2.1ft,0.05s
4.17.2026 15:00:16,T1,T2,1.5ft,0.05s
4.17.2026 15:00:16,T0,T1,2.2ft,0.05s
4.17.2026 15:00:16,T0,T2,2.2ft,0.05s
4.17.2026 15:00:16,T1,T2,1.5ft,0.05s
4.17.2026 15:00:16,T0,T1,2.2ft,0.05s
4.17.2026 15:00:16,T0,T2,2.3ft,0.05s
4.17.2026 15:00:16,T1,T2,1.6ft,0.05s
4.17.2026 15:00:16,T0,T1,2.3ft,0.05s
4.17.2026 15:00:16,T0,T2,2.6ft,0.05s
4.17.2026 15:00:16,T1,T2,1.8ft,0.05s
4.17.2026 15:00:16,T0,T1,2.3ft,0.05s
4.17.2026 15:00:16,T0,T2,2.9ft,0.05s
4.17.2026 15:00:16,T1,T2,2.0ft,0.05s
4.17.2026 15:00:16,T0,T1,2.4ft,0.05s
4.17.2026 15:00:16,T0,T2,3.1ft,0.05s
4.17.2026 15:00:16,T1,T2,2.2ft,0.05s
4.17.2026 15:00:16,T0,T1,2.5ft,0.05s
4.17.2026 15:00:16,T0,T2,3.4ft,0.05s
4.17.2026 15:00:16,T1,T2,2.4ft,0.05s
4.17.2026 15:00:16,T0,T1,2.5ft,0.05s
4.17.2026 15:00:16,T0,T2,3.7ft,0.05s
4.17.2026 15:00:16,T1,T2,2.7ft,0.05s
4.17.2026 15:00:17,T0,T1,2.5ft,0.05s
4.17.2026 15:00:17,T0,T2,3.9ft,0.05s
4.17.2026 15:00:17,T1,T2,2.9ft,0.05s
4.17.2026 15:00:17,T0,T1,2.6ft,0.05s
4.17.2026 15:00:17,T0,T2,4.2ft,0.05s
4.17.2026 15:00:17,T1,T2,3.1ft,0.05s
4.17.2026 15:00:17,T0,T1,2.7ft,0.05s
4.17.2026 15:00:17,T0,T2,4.3ft,0.05s
4.17.2026 15:00:17,T1,T2,3.2ft,0.05s
4.17.2026 15:00:17,T0,T1,2.8ft,0.05s
4.17.2026 15:00:17,T0,T2,4.4ft,0.05s
4.17.2026 15:00:17,T1,T2,3.2ft,0.05s
4.17.2026 15:00:17,T0,T1,2.9ft,0.05s
4.17.2026 15:00:17,T0,T2,4.5ft,0.05s
4.17.2026 15:00:17,T1,T2,3.3ft,0.05s
4.17.2026 15:00:17,T0,T1,2.9ft,0.05s
4.17.2026 15:00:17,T0,T2,4.4ft,0.05s
4.17.2026 15:00:17,T1,T2,3.2ft,0.05s
4.17.2026 15:00:17,T0,T1,2.9ft,0.05s
4.17.2026 15:00:17,T0,T2,4.2ft,0.05s
4.17.2026 15:00:17,T1,T2,2.9ft,0.05s
4.17.2026 15:00:17,T0,T1,2.9ft,0.05s
4.17.2026 15:00:17,T0,T2,4.0ft,0.05s
4.17.2026 15:00:17,T1,T2,2.8ft,0.05s
4.17.2026 15:00:17,T0,T1,2.8ft,0.05s
4.17.2026 15:00:17,T0,T2,3.8ft,0.05s
4.17.2026 15:00:17,T1,T2,2.5ft,0.05s
4.17.2026 15:00:17,T0,T1,2.8ft,0.05s
4.17.2026 15:00:17,T0,T2,3.6ft,0.05s
4.17.2026 15:00:17,T1,T2,2.4ft,0.05s
4.17.2026 15:00:17,T0,T1,2.8ft,0.05s
4.17.2026 15:00:17,T0,T2,3.4ft,0.05s
4.17.2026 15:00:17,T1,T2,2.2ft,0.05s
4.17.2026 15:00:17,T0,T1,2.7ft,0.05s
4.17.2026 15:00:17,T0,T2,3.2ft,0.05s
4.17.2026 15:00:17,T1,T2,2.0ft,0.05s
4.17.2026 15:00:17,T0,T1,2.7ft,0.05s
4.17.2026 15:00:17,T0,T2,3.0ft,0.05s
4.17.2026 15:00:17,T1,T2,1.9ft,0.05s
4.17.2026 15:00:17,T0,T1,2.6ft,0.05s
4.17.2026 15:00:17,T0,T2,2.8ft,0.05s
4.17.2026 15:00:17,T1,T2,1.8ft,0.05s
4.17.2026 15:00:17,T0,T1,2.6ft,0.05s
4.17.2026 15:00:17,T0,T2,2.7ft,0.05s
4.17.2026 15:00:17,T1,T2,1.7ft,0.05s
4.17.2026 15:00:17,T0,T1,2.6ft,0.05s
4.17.2026 15:00:17,T0,T2,2.6ft,0.05s
4.17.2026 15:00:17,T1,T2,1.6ft,0.05s
4.17.2026 15:00:17,T0,T1,2.5ft,0.05s
4.17.2026 15:00:17,T0,T2,2.5ft,0.05s
4.17.2026 15:00:17,T1,T2,1.6ft,0.05s
4.17.2026 15:00:17,T0,T1,2.5ft,0.05s
4.17.2026 15:00:17,T0,T2,2.4ft,0.05s
4.17.2026 15:00:17,T1,T2,1.5ft,0.05s
4.17.2026 15:00:17,T0,T1,2.5ft,0.05s
4.17.2026 15:00:17,T0,T2,2.4ft,0.05s
4.17.2026 15:00:17,T1,T2,1.5ft,0.05s
4.17.2026 15:00:17,T0,T1,2.4ft,0.05s
4.17.2026 15:00:17,T0,T2,2.3ft,0.05s
4.17.2026 15:00:17,T1,T2,1.4ft,0.05s
4.17.2026 15:00:18,T0,T1,2.4ft,0.05s
4.17.2026 15:00:18,T0,T2,2.2ft,0.05s
4.17.2026 15:00:18,T1,T2,1.4ft,0.05s
4.17.2026 15:00:18,T0,T1,2.4ft,0.05s
4.17.2026 15:00:18,T0,T2,2.2ft,0.05s
4.17.2026 15:00:18,T1,T2,1.4ft,0.05s
4.17.2026 15:00:18,T0,T1,2.4ft,0.05s
4.17.2026 15:00:18,T0,T2,2.3ft,0.05s
4.17.2026 15:00:18,T1,T2,1.5ft,0.05s
4.17.2026 15:00:18,T0,T1,2.3ft,0.05s
4.17.2026 15:00:18,T0,T2,2.5ft,0.05s
4.17.2026 15:00:18,T1,T2,1.6ft,0.05s
4.17.2026 15:00:18,T0,T1,2.3ft,0.05s
4.17.2026 15:00:18,T0,T2,2.8ft,0.05s
4.17.2026 15:00:18,T1,T2,1.8ft,0.05s
4.17.2026 15:00:18,T0,T1,2.3ft,0.05s
4.17.2026 15:00:18,T0,T2,3.0ft,0.05s
4.17.2026 15:00:18,T1,T2,2.0ft,0.05s
4.17.2026 15:00:18,T0,T1,2.3ft,0.05s
4.17.2026 15:00:18,T0,T2,3.2ft,0.05s
4.17.2026 15:00:18,T1,T2,2.2ft,0.05s
4.17.2026 15:00:18,T0,T1,2.2ft,0.05s
4.17.2026 15:00:18,T0,T2,3.5ft,0.05s
4.17.2026 15:00:18,T1,T2,2.4ft,0.05s
4.17.2026 15:00:18,T0,T1,2.2ft,0.05s
4.17.2026 15:00:18,T0,T2,3.7ft,0.05s
4.17.2026 15:00:18,T1,T2,2.6ft,0.05s
4.17.2026 15:00:18,T0,T1,2.2ft,0.05s
4.17.2026 15:00:18,T0,T2,3.9ft,0.05s
4.17.2026 15:00:18,T1,T2,2.8ft,0.05s
4.17.2026 15:00:18,T0,T1,2.1ft,0.05s
4.17.2026 15:00:18,T0,T2,3.9ft,0.05s
4.17.2026 15:00:18,T1,T2,2.8ft,0.05s
4.17.2026 15:00:18,T0,T1,2.1ft,0.05s
4.17.2026 15:00:18,T0,T2,4.0ft,0.05s
4.17.2026 15:00:18,T1,T2,3.0ft,0.05s
4.17.2026 15:00:18,T0,T1,2.1ft,0.05s
4.17.2026 15:00:18,T0,T2,4.1ft,0.05s
4.17.2026 15:00:18,T1,T2,3.0ft,0.05s
4.17.2026 15:00:18,T0,T1,2.1ft,0.05s
4.17.2026 15:00:18,T0,T2,4.0ft,0.05s
4.17.2026 15:00:18,T1,T2,2.9ft,0.05s
4.17.2026 15:00:18,T0,T1,2.1ft,0.05s
4.17.2026 15:00:18,T0,T2,3.9ft,0.05s
4.17.2026 15:00:18,T1,T2,2.8ft,0.05s
4.17.2026 15:00:18,T0,T1,2.2ft,0.05s
4.17.2026 15:00:18,T0,T2,3.8ft,0.05s
4.17.2026 15:00:18,T1,T2,2.6ft,0.05s
4.17.2026 15:00:18,T0,T1,2.2ft,0.05s
4.17.2026 15:00:18,T0,T2,3.7ft,0.05s
4.17.2026 15:00:18,T1,T2,2.4ft,0.05s
4.17.2026 15:00:18,T0,T1,2.3ft,0.05s
4.17.2026 15:00:18,T0,T2,3.5ft,0.05s
4.17.2026 15:00:18,T1,T2,2.2ft,0.05s
4.17.2026 15:00:18,T0,T1,2.4ft,0.05s
4.17.2026 15:00:18,T0,T2,3.4ft,0.05s
4.17.2026 15:00:18,T1,T2,2.0ft,0.05s
4.17.2026 15:00:19,T0,T1,2.4ft,0.05s
4.17.2026 15:00:19,T0,T2,3.2ft,0.05s
4.17.2026 15:00:19,T1,T2,1.9ft,0.05s
4.17.2026 15:00:19,T0,T1,2.4ft,0.05s
4.17.2026 15:00:19,T0,T2,3.2ft,0.05s
4.17.2026 15:00:19,T1,T2,1.8ft,0.05s
4.17.2026 15:00:19,T0,T1,2.5ft,0.05s
4.17.2026 15:00:19,T0,T2,3.3ft,0.05s
4.17.2026 15:00:19,T1,T2,1.8ft,0.05s
4.17.2026 15:00:19,T0,T1,2.5ft,0.05s
4.17.2026 15:00:19,T0,T2,3.3ft,0.05s
4.17.2026 15:00:19,T1,T2,1.8ft,0.05s
4.17.2026 15:00:19,T0,T1,2.5ft,0.05s
4.17.2026 15:00:19,T0,T2,3.3ft,0.05s
4.17.2026 15:00:19,T1,T2,1.8ft,0.05s
4.17.2026 15:00:19,T0,T1,2.5ft,0.05s
4.17.2026 15:00:19,T0,T2,3.3ft,0.05s
4.17.2026 15:00:19,T1,T2,1.8ft,0.05s
4.17.2026 15:00:19,T0,T1,2.6ft,0.05s
4.17.2026 15:00:19,T0,T2,3.3ft,0.05s
4.17.2026 15:00:19,T1,T2,1.7ft,0.05s
4.17.2026 15:00:19,T0,T1,2.6ft,0.05s
4.17.2026 15:00:19,T0,T2,3.3ft,0.05s
4.17.2026 15:00:19,T1,T2,1.7ft,0.05s
4.17.2026 15:00:19,T0,T1,2.7ft,0.05s
4.17.2026 15:00:19,T0,T2,3.4ft,0.05s
4.17.2026 15:00:19,T1,T2,1.7ft,0.05s
4.17.2026 15:00:19,T0,T1,2.7ft,0.05s
4.17.2026 15:00:19,T0,T2,3.5ft,0.05s
4.17.2026 15:00:19,T1,T2,1.8ft,0.05s
4.17.2026 15:00:19,T0,T1,2.8ft,0.05s
4.17.2026 15:00:19,T0,T2,3.6ft,0.05s
4.17.2026 15:00:19,T1,T2,1.8ft,0.05s
4.17.2026 15:00:19,T0,T1,2.8ft,0.05s
4.17.2026 15:00:19,T0,T2,3.7ft,0.05s
4.17.2026 15:00:19,T1,T2,1.9ft,0.05s
4.17.2026 15:00:19,T0,T1,2.8ft,0.05s
4.17.2026 15:00:19,T0,T2,3.8ft,0.05s
4.17.2026 15:00:19,T1,T2,1.9ft,0.05s
4.17.2026 15:00:19,T0,T1,2.9ft,0.05s
4.17.2026 15:00:19,T0,T2,3.8ft,0.05s
4.17.2026 15:00:19,T1,T2,1.9ft,0.05s
4.17.2026 15:00:19,T0,T1,2.9ft,0.05s
4.17.2026 15:00:19,T0,T2,3.8ft,0.05s
4.17.2026 15:00:19,T1,T2,1.8ft,0.05s
4.17.2026 15:00:19,T0,T1,2.9ft,0.05s
4.17.2026 15:00:19,T0,T2,3.8ft,0.05s
4.17.2026 15:00:19,T1,T2,1.8ft,0.05s
4.17.2026 15:00:19,T0,T1,2.9ft,0.05s
4.17.2026 15:00:19,T0,T2,3.8ft,0.05s
4.17.2026 15:00:19,T1,T2,1.8ft,0.05s
4.17.2026 15:00:19,T0,T1,3.0ft,0.05s
4.17.2026 15:00:19,T0,T2,3.9ft,0.05s
4.17.2026 15:00:19,T1,T2,1.8ft,0.05s
4.17.2026 15:00:19,T0,T1,3.1ft,0.05s
4.17.2026 15:00:19,T0,T2,4.0ft,0.05s
4.17.2026 15:00:19,T1,T2,1.7ft,0.05s
4.17.2026 15:00:19,T0,T1,3.3ft,0.05s
4.17.2026 15:00:19,T0,T2,4.0ft,0.05s
4.17.2026 15:00:19,T1,T2,1.6ft,0.05s
4.17.2026 15:00:20,T0,T1,3.4ft,0.05s
4.17.2026 15:00:20,T0,T2,4.1ft,0.05s
4.17.2026 15:00:20,T1,T2,1.6ft,0.05s
4.17.2026 15:00:20,T0,T1,3.4ft,0.05s
4.17.2026 15:00:20,T0,T2,4.2ft,0.05s
4.17.2026 15:00:20,T1,T2,1.6ft,0.05s
4.17.2026 15:00:20,T0,T1,3.5ft,0.05s
4.17.2026 15:00:20,T0,T2,4.1ft,0.05s
4.17.2026 15:00:20,T1,T2,1.5ft,0.05s
4.17.2026 15:00:20,T0,T1,3.6ft,0.05s
4.17.2026 15:00:20,T0,T2,4.0ft,0.05s
4.17.2026 15:00:20,T1,T2,1.4ft,0.05s
4.17.2026 15:00:20,T0,T1,3.6ft,0.05s
4.17.2026 15:00:20,T0,T2,3.8ft,0.05s
4.17.2026 15:00:20,T1,T2,1.3ft,0.05s
4.17.2026 15:00:20,T0,T1,3.5ft,0.05s
4.17.2026 15:00:20,T0,T2,3.6ft,0.05s
4.17.2026 15:00:20,T1,T2,1.3ft,0.05s
4.17.2026 15:00:20,T0,T1,3.4ft,0.05s
4.17.2026 15:00:20,T0,T2,3.5ft,0.05s
4.17.2026 15:00:20,T1,T2,1.3ft,0.05s
4.17.2026 15:00:20,T0,T1,3.4ft,0.05s
4.17.2026 15:00:20,T0,T2,3.3ft,0.05s
4.17.2026 15:00:20,T1,T2,1.2ft,0.05s
4.17.2026 15:00:20,T0,T1,3.4ft,0.05s
4.17.2026 15:00:20,T0,T2,3.2ft,0.05s
4.17.2026 15:00:20,T1,T2,1.2ft,0.05s
4.17.2026 15:00:20,T0,T1,3.4ft,0.05s
4.17.2026 15:00:20,T0,T2,3.0ft,0.05s
4.17.2026 15:00:20,T1,T2,1.2ft,0.05s
4.17.2026 15:00:20,T0,T1,3.3ft,0.05s
4.17.2026 15:00:20,T0,T2,3.0ft,0.05s
4.17.2026 15:00:20,T1,T2,1.3ft,0.05s
4.17.2026 15:00:20,T0,T1,3.3ft,0.05s
4.17.2026 15:00:20,T0,T2,3.0ft,0.05s
4.17.2026 15:00:20,T1,T2,1.3ft,0.05s
4.17.2026 15:00:20,T0,T1,3.1ft,0.05s
4.17.2026 15:00:20,T0,T2,3.0ft,0.05s
4.17.2026 15:00:20,T1,T2,1.3ft,0.05s
4.17.2026 15:00:20,T0,T1,3.0ft,0.05s
4.17.2026 15:00:20,T0,T2,3.0ft,0.05s
4.17.2026 15:00:20,T1,T2,1.4ft,0.05s
4.17.2026 15:00:20,T0,T1,2.9ft,0.05s
4.17.2026 15:00:20,T0,T2,2.9ft,0.05s
4.17.2026 15:00:20,T1,T2,1.4ft,0.05s
4.17.2026 15:00:20,T0,T1,2.8ft,0.05s
4.17.2026 15:00:20,T0,T2,2.8ft,0.05s
4.17.2026 15:00:20,T1,T2,1.4ft,0.05s
4.17.2026 15:00:20,T0,T1,2.7ft,0.05s
4.17.2026 15:00:20,T0,T2,2.8ft,0.05s
4.17.2026 15:00:20,T1,T2,1.5ft,0.05s
4.17.2026 15:00:20,T0,T1,2.6ft,0.05s
4.17.2026 15:00:20,T0,T2,2.7ft,0.05s
4.17.2026 15:00:20,T1,T2,1.5ft,0.05s
4.17.2026 15:00:20,T0,T1,2.5ft,0.05s
4.17.2026 15:00:20,T0,T2,2.6ft,0.05s
4.17.2026 15:00:20,T1,T2,1.5ft,0.05s
4.17.2026 15:00:20,T0,T1,2.4ft,0.05s
4.17.2026 15:00:20,T0,T2,2.5ft,0.05s
4.17.2026 15:00:20,T1,T2,1.5ft,0.05s
4.17.2026 15:00:21,T0,T1,2.3ft,0.05s
4.17.2026 15:00:21,T0,T2,2.3ft,0.05s
4.17.2026 15:00:21,T1,T2,1.5ft,0.05s
4.17.2026 15:00:21,T0,T1,2.3ft,0.05s
4.17.2026 15:00:21,T0,T2,2.2ft,0.05s
4.17.2026 15:00:21,T1,T2,1.5ft,0.05s
4.17.2026 15:00:21,T0,T1,2.2ft,0.05s
4.17.2026 15:00:21,T0,T2,2.1ft,0.05s
4.17.2026 15:00:21,T1,T2,1.5ft,0.05s
4.17.2026 15:00:21,T0,T1,2.2ft,0.05s
4.17.2026 15:00:21,T0,T2,2.0ft,0.05s
4.17.2026 15:00:21,T1,T2,1.5ft,0.05s
4.17.2026 15:00:21,T0,T1,2.2ft,0.05s
4.17.2026 15:00:21,T0,T2,2.0ft,0.05s
4.17.2026 15:00:21,T1,T2,1.5ft,0.05s
4.17.2026 15:00:21,T0,T1,2.2ft,0.05s
4.17.2026 15:00:21,T0,T2,1.9ft,0.05s
4.17.2026 15:00:21,T1,T2,1.5ft,0.05s
4.17.2026 15:00:21,T0,T1,2.1ft,0.05s
4.17.2026 15:00:21,T0,T2,1.8ft,0.05s
4.17.2026 15:00:21,T1,T2,1.5ft,0.05s
4.17.2026 15:00:21,T0,T1,2.1ft,0.05s
4.17.2026 15:00:21,T0,T2,1.8ft,0.05s
4.17.2026 15:00:21,T1,T2,1.5ft,0.05s
4.17.2026 15:00:21,T0,T1,2.1ft,0.05s
4.17.2026 15:00:21,T0,T2,1.8ft,0.05s
4.17.2026 15:00:21,T1,T2,1.6ft,0.05s
4.17.2026 15:00:21,T0,T1,2.0ft,0.05s
4.17.2026 15:00:21,T0,T2,2.0ft,0.05s
4.17.2026 15:00:21,T1,T2,1.6ft,0.05s
4.17.2026 15:00:21,T0,T1,2.0ft,0.05s
4.17.2026 15:00:21,T0,T2,2.1ft,0.05s
4.17.2026 15:00:21,T1,T2,1.7ft,0.05s
4.17.2026 15:00:21,T0,T1,2.0ft,0.05s
4.17.2026 15:00:21,T0,T2,2.4ft,0.05s
4.17.2026 15:00:21,T1,T2,1.9ft,0.05s
4.17.2026 15:00:21,T0,T1,2.0ft,0.05s
4.17.2026 15:00:21,T0,T2,2.8ft,0.05s
4.17.2026 15:00:21,T1,T2,2.2ft,0.05s
4.17.2026 15:00:21,T0,T1,1.9ft,0.05s
4.17.2026 15:00:21,T0,T2,3.1ft,0.05s
4.17.2026 15:00:21,T1,T2,2.5ft,0.05s
4.17.2026 15:00:21,T0,T1,1.9ft,0.05s
4.17.2026 15:00:21,T0,T2,3.4ft,0.05s
4.17.2026 15:00:21,T1,T2,2.8ft,0.05s
4.17.2026 15:00:21,T0,T1,2.0ft,0.05s
4.17.2026 15:00:21,T0,T2,3.6ft,0.05s
4.17.2026 15:00:21,T1,T2,3.0ft,0.05s
4.17.2026 15:00:21,T0,T1,2.0ft,0.06s
4.17.2026 15:00:21,T0,T2,3.5ft,0.06s
4.17.2026 15:00:21,T1,T2,2.9ft,0.06s
4.17.2026 15:00:21,T0,T1,2.1ft,0.05s
4.17.2026 15:00:21,T0,T2,3.5ft,0.05s
4.17.2026 15:00:21,T1,T2,2.8ft,0.05s
4.17.2026 15:00:21,T0,T1,2.1ft,0.05s
4.17.2026 15:00:21,T0,T2,3.3ft,0.05s
4.17.2026 15:00:21,T1,T2,2.7ft,0.05s
4.17.2026 15:00:21,T0,T1,2.2ft,0.05s
4.17.2026 15:00:21,T0,T2,3.2ft,0.05s
4.17.2026 15:00:21,T1,T2,2.6ft,0.05s
4.17.2026 15:00:22,T0,T1,2.2ft,0.05s
4.17.2026 15:00:22,T0,T2,3.1ft,0.05s
4.17.2026 15:00:22,T1,T2,2.4ft,0.05s
4.17.2026 15:00:22,T0,T1,2.3ft,0.05s
4.17.2026 15:00:22,T0,T2,2.9ft,0.05s
4.17.2026 15:00:22,T1,T2,2.3ft,0.05s
4.17.2026 15:00:22,T0,T1,2.3ft,0.05s
4.17.2026 15:00:22,T0,T2,2.8ft,0.05s
4.17.2026 15:00:22,T1,T2,2.2ft,0.05s
4.17.2026 15:00:22,T0,T1,2.3ft,0.05s
4.17.2026 15:00:22,T0,T2,2.7ft,0.05s
4.17.2026 15:00:22,T1,T2,2.1ft,0.05s
4.17.2026 15:00:22,T0,T1,2.3ft,0.05s
4.17.2026 15:00:22,T0,T2,2.7ft,0.05s
4.17.2026 15:00:22,T1,T2,2.0ft,0.05s
4.17.2026 15:00:22,T0,T1,2.4ft,0.05s
4.17.2026 15:00:22,T0,T2,2.6ft,0.05s
4.17.2026 15:00:22,T1,T2,1.9ft,0.05s
4.17.2026 15:00:22,T0,T1,2.4ft,0.05s
4.17.2026 15:00:22,T0,T2,2.6ft,0.05s
4.17.2026 15:00:22,T1,T2,1.8ft,0.05s
4.17.2026 15:00:22,T0,T1,2.5ft,0.05s
4.17.2026 15:00:22,T0,T2,2.6ft,0.05s
4.17.2026 15:00:22,T1,T2,1.7ft,0.05s
4.17.2026 15:00:22,T0,T1,2.6ft,0.05s
4.17.2026 15:00:22,T0,T2,2.6ft,0.05s
4.17.2026 15:00:22,T1,T2,1.6ft,0.05s
4.17.2026 15:00:22,T0,T1,2.7ft,0.05s
4.17.2026 15:00:22,T0,T2,2.7ft,0.05s
4.17.2026 15:00:22,T1,T2,1.6ft,0.05s
4.17.2026 15:00:22,T0,T1,2.8ft,0.05s
4.17.2026 15:00:22,T0,T2,2.6ft,0.05s
4.17.2026 15:00:22,T1,T2,1.5ft,0.05s
4.17.2026 15:00:22,T0,T1,2.9ft,0.05s
4.17.2026 15:00:22,T0,T2,2.6ft,0.05s
4.17.2026 15:00:22,T1,T2,1.4ft,0.05s
4.17.2026 15:00:22,T0,T1,2.9ft,0.05s
4.17.2026 15:00:22,T0,T2,2.6ft,0.05s
4.17.2026 15:00:22,T1,T2,1.4ft,0.05s
4.17.2026 15:00:22,T0,T1,3.0ft,0.05s
4.17.2026 15:00:22,T0,T2,2.5ft,0.05s
4.17.2026 15:00:22,T1,T2,1.3ft,0.05s
4.17.2026 15:00:22,T0,T1,3.1ft,0.05s
4.17.2026 15:00:22,T0,T2,2.5ft,0.05s
4.17.2026 15:00:22,T1,T2,1.3ft,0.05s
4.17.2026 15:00:22,T0,T1,3.1ft,0.05s
4.17.2026 15:00:22,T0,T2,2.5ft,0.05s
4.17.2026 15:00:22,T1,T2,1.3ft,0.05s
4.17.2026 15:00:22,T0,T1,3.1ft,0.05s
4.17.2026 15:00:22,T0,T2,2.5ft,0.05s
4.17.2026 15:00:22,T1,T2,1.3ft,0.05s
4.17.2026 15:00:22,T0,T1,3.0ft,0.05s
4.17.2026 15:00:22,T0,T2,2.5ft,0.05s
4.17.2026 15:00:22,T1,T2,1.3ft,0.05s
4.17.2026 15:00:22,T0,T1,3.0ft,0.05s
4.17.2026 15:00:22,T0,T2,2.5ft,0.05s
4.17.2026 15:00:22,T1,T2,1.3ft,0.05s
4.17.2026 15:00:23,T0,T1,2.9ft,0.05s
4.17.2026 15:00:23,T0,T2,2.5ft,0.05s
4.17.2026 15:00:23,T1,T2,1.4ft,0.05s
4.17.2026 15:00:23,T0,T1,2.8ft,0.05s
4.17.2026 15:00:23,T0,T2,2.5ft,0.05s
4.17.2026 15:00:23,T1,T2,1.4ft,0.05s
4.17.2026 15:00:23,T0,T1,2.7ft,0.05s
4.17.2026 15:00:23,T0,T2,2.6ft,0.05s
4.17.2026 15:00:23,T1,T2,1.4ft,0.05s
4.17.2026 15:00:23,T0,T1,2.6ft,0.05s
4.17.2026 15:00:23,T0,T2,2.6ft,0.05s
4.17.2026 15:00:23,T1,T2,1.5ft,0.05s
4.17.2026 15:00:23,T0,T1,2.6ft,0.05s
4.17.2026 15:00:23,T0,T2,2.8ft,0.05s
4.17.2026 15:00:23,T1,T2,1.6ft,0.05s
4.17.2026 15:00:23,T0,T1,2.5ft,0.05s
4.17.2026 15:00:23,T0,T2,3.1ft,0.05s
4.17.2026 15:00:23,T1,T2,1.8ft,0.05s
4.17.2026 15:00:23,T0,T1,2.4ft,0.05s
4.17.2026 15:00:23,T0,T2,3.3ft,0.05s
4.17.2026 15:00:23,T1,T2,2.1ft,0.05s
4.17.2026 15:00:23,T0,T1,2.4ft,0.05s
4.17.2026 15:00:23,T0,T2,3.7ft,0.05s
4.17.2026 15:00:23,T1,T2,2.4ft,0.05s
4.17.2026 15:00:23,T0,T1,2.3ft,0.05s
4.17.2026 15:00:23,T0,T2,3.8ft,0.05s
4.17.2026 15:00:23,T1,T2,2.6ft,0.05s
4.17.2026 15:00:23,T0,T1,2.3ft,0.05s
4.17.2026 15:00:23,T0,T2,4.0ft,0.05s
4.17.2026 15:00:23,T1,T2,2.8ft,0.05s
4.17.2026 15:00:23,T0,T1,2.2ft,0.05s
4.17.2026 15:00:23,T0,T2,4.1ft,0.05s
4.17.2026 15:00:23,T1,T2,2.9ft,0.05s
4.17.2026 15:00:23,T0,T1,2.2ft,0.05s
4.17.2026 15:00:23,T0,T2,4.0ft,0.05s
4.17.2026 15:00:23,T1,T2,2.9ft,0.05s
4.17.2026 15:00:23,T0,T1,2.1ft,0.05s
4.17.2026 15:00:23,T0,T2,3.9ft,0.05s
4.17.2026 15:00:23,T1,T2,2.8ft,0.05s
4.17.2026 15:00:23,T0,T1,2.1ft,0.05s
4.17.2026 15:00:23,T0,T2,3.8ft,0.05s
4.17.2026 15:00:23,T1,T2,2.8ft,0.05s
4.17.2026 15:00:23,T0,T1,2.0ft,0.05s
4.17.2026 15:00:23,T0,T2,3.6ft,0.05s
4.17.2026 15:00:23,T1,T2,2.6ft,0.05s
4.17.2026 15:00:23,T0,T1,2.0ft,0.05s
4.17.2026 15:00:23,T0,T2,3.5ft,0.05s
4.17.2026 15:00:23,T1,T2,2.6ft,0.05s
4.17.2026 15:00:23,T0,T1,2.0ft,0.05s
4.17.2026 15:00:23,T0,T2,3.4ft,0.05s
4.17.2026 15:00:23,T1,T2,2.5ft,0.05s
4.17.2026 15:00:23,T0,T1,1.9ft,0.05s
4.17.2026 15:00:23,T0,T2,3.4ft,0.05s
4.17.2026 15:00:23,T1,T2,2.5ft,0.05s
4.17.2026 15:00:23,T0,T1,1.9ft,0.05s
4.17.2026 15:00:23,T0,T2,3.3ft,0.05s
4.17.2026 15:00:23,T1,T2,2.5ft,0.05s
4.17.2026 15:00:23,T0,T1,1.9ft,0.05s
4.17.2026 15:00:23,T0,T2,3.3ft,0.05s
4.17.2026 15:00:23,T1,T2,2.5ft,0.05s
4.17.2026 15:00:24,T0,T1,1.9ft,0.05s
4.17.2026 15:00:24,T0,T2,3.3ft,0.05s
4.17.2026 15:00:24,T1,T2,2.5ft,0.05s
4.17.2026 15:00:24,T0,T1,1.9ft,0.05s
4.17.2026 15:00:24,T0,T2,3.3ft,0.05s
4.17.2026 15:00:24,T1,T2,2.5ft,0.05s
4.17.2026 15:00:24,T0,T1,1.9ft,0.05s
4.17.2026 15:00:24,T0,T2,3.4ft,0.05s
4.17.2026 15:00:24,T1,T2,2.5ft,0.05s
4.17.2026 15:00:24,T0,T1,1.9ft,0.05s
4.17.2026 15:00:24,T0,T2,3.6ft,0.05s
4.17.2026 15:00:24,T1,T2,2.7ft,0.05s
4.17.2026 15:00:24,T0,T1,1.9ft,0.05s
4.17.2026 15:00:24,T0,T2,3.7ft,0.05s
4.17.2026 15:00:24,T1,T2,2.8ft,0.05s
4.17.2026 15:00:24,T0,T1,1.9ft,0.05s
4.17.2026 15:00:24,T0,T2,4.0ft,0.05s
4.17.2026 15:00:24,T1,T2,3.1ft,0.05s
4.17.2026 15:00:24,T0,T1,1.9ft,0.05s
4.17.2026 15:00:24,T0,T2,4.3ft,0.05s
4.17.2026 15:00:24,T1,T2,3.4ft,0.05s
4.17.2026 15:00:24,T0,T1,1.9ft,0.05s
4.17.2026 15:00:24,T0,T2,4.6ft,0.05s
4.17.2026 15:00:24,T1,T2,3.6ft,0.05s
4.17.2026 15:00:24,T0,T1,1.9ft,0.05s
4.17.2026 15:00:24,T0,T2,4.8ft,0.05s
4.17.2026 15:00:24,T1,T2,3.9ft,0.05s
4.17.2026 15:00:24,T0,T1,1.9ft,0.05s
4.17.2026 15:00:24,T0,T2,5.0ft,0.05s
4.17.2026 15:00:24,T1,T2,4.0ft,0.05s
4.17.2026 15:00:24,T0,T1,1.9ft,0.05s
4.17.2026 15:00:24,T0,T2,5.0ft,0.05s
4.17.2026 15:00:24,T1,T2,4.0ft,0.05s
4.17.2026 15:00:24,T0,T1,1.9ft,0.05s
4.17.2026 15:00:24,T0,T2,4.9ft,0.05s
4.17.2026 15:00:24,T1,T2,4.0ft,0.05s
4.17.2026 15:00:24,T0,T1,1.9ft,0.05s
4.17.2026 15:00:24,T0,T2,4.7ft,0.05s
4.17.2026 15:00:24,T1,T2,3.8ft,0.05s
4.17.2026 15:00:24,T0,T1,1.9ft,0.05s
4.17.2026 15:00:24,T0,T2,4.5ft,0.05s
4.17.2026 15:00:24,T1,T2,3.6ft,0.05s
4.17.2026 15:00:24,T0,T1,1.9ft,0.05s
4.17.2026 15:00:24,T0,T2,4.3ft,0.05s
4.17.2026 15:00:24,T1,T2,3.4ft,0.05s
4.17.2026 15:00:24,T0,T1,1.9ft,0.05s
4.17.2026 15:00:24,T0,T2,4.1ft,0.05s
4.17.2026 15:00:24,T1,T2,3.2ft,0.05s
4.17.2026 15:00:24,T0,T1,2.1ft,0.05s
4.17.2026 15:00:24,T0,T2,3.9ft,0.05s
4.17.2026 15:00:24,T1,T2,3.0ft,0.05s
4.17.2026 15:00:24,T0,T1,2.2ft,0.05s
4.17.2026 15:00:24,T0,T2,3.8ft,0.05s
4.17.2026 15:00:24,T1,T2,2.8ft,0.05s
4.17.2026 15:00:24,T0,T1,2.5ft,0.05s
4.17.2026 15:00:24,T0,T2,3.7ft,0.05s
4.17.2026 15:00:24,T1,T2,2.6ft,0.05s
4.17.2026 15:00:24,T0,T1,2.7ft,0.05s
4.17.2026 15:00:24,T0,T2,3.7ft,0.05s
4.17.2026 15:00:24,T1,T2,2.5ft,0.05s
4.17.2026 15:00:25,T0,T1,3.1ft,0.05s
4.17.2026 15:00:25,T0,T2,3.8ft,0.05s
4.17.2026 15:00:25,T1,T2,2.4ft,0.05s
4.17.2026 15:00:25,T0,T1,3.4ft,0.05s
4.17.2026 15:00:25,T0,T2,3.9ft,0.05s
4.17.2026 15:00:25,T1,T2,2.3ft,0.05s
4.17.2026 15:00:25,T0,T1,3.7ft,0.05s
4.17.2026 15:00:25,T0,T2,4.1ft,0.05s
4.17.2026 15:00:25,T1,T2,2.3ft,0.05s
4.17.2026 15:00:25,T0,T1,3.8ft,0.05s
4.17.2026 15:00:25,T0,T2,4.1ft,0.05s
4.17.2026 15:00:25,T1,T2,2.2ft,0.05s
4.17.2026 15:00:25,T0,T1,4.0ft,0.05s
4.17.2026 15:00:25,T0,T2,4.2ft,0.05s
4.17.2026 15:00:25,T1,T2,2.2ft,0.05s
4.17.2026 15:00:25,T0,T1,4.1ft,0.05s
4.17.2026 15:00:25,T0,T2,4.3ft,0.05s
4.17.2026 15:00:25,T1,T2,2.1ft,0.05s
4.17.2026 15:00:25,T0,T1,4.1ft,0.05s
4.17.2026 15:00:25,T0,T2,4.3ft,0.05s
4.17.2026 15:00:25,T1,T2,2.1ft,0.05s
4.17.2026 15:00:25,T0,T1,4.0ft,0.05s
4.17.2026 15:00:25,T0,T2,4.2ft,0.05s
4.17.2026 15:00:25,T1,T2,2.1ft,0.05s
4.17.2026 15:00:25,T0,T1,4.0ft,0.05s
4.17.2026 15:00:25,T0,T2,4.2ft,0.05s
4.17.2026 15:00:25,T1,T2,2.1ft,0.05s
4.17.2026 15:00:25,T0,T1,3.9ft,0.05s
4.17.2026 15:00:25,T0,T2,4.1ft,0.05s
4.17.2026 15:00:25,T1,T2,2.0ft,0.05s
4.17.2026 15:00:25,T0,T1,3.7ft,0.05s
4.17.2026 15:00:25,T0,T2,4.0ft,0.05s
4.17.2026 15:00:25,T1,T2,2.0ft,0.05s
4.17.2026 15:00:25,T0,T1,3.6ft,0.05s
4.17.2026 15:00:25,T0,T2,3.8ft,0.05s
4.17.2026 15:00:25,T1,T2,2.0ft,0.05s
4.17.2026 15:00:25,T0,T1,3.4ft,0.05s
4.17.2026 15:00:25,T0,T2,3.7ft,0.05s
4.17.2026 15:00:25,T1,T2,2.0ft,0.05s
4.17.2026 15:00:25,T0,T1,3.3ft,0.05s
4.17.2026 15:00:25,T0,T2,3.6ft,0.05s
4.17.2026 15:00:25,T1,T2,1.9ft,0.05s
4.17.2026 15:00:25,T0,T1,3.1ft,0.05s
4.17.2026 15:00:25,T0,T2,3.4ft,0.05s
4.17.2026 15:00:25,T1,T2,1.9ft,0.05s
4.17.2026 15:00:25,T0,T1,3.0ft,0.05s
4.17.2026 15:00:25,T0,T2,3.3ft,0.05s
4.17.2026 15:00:25,T1,T2,1.9ft,0.05s
4.17.2026 15:00:25,T0,T1,2.9ft,0.05s
4.17.2026 15:00:25,T0,T2,3.2ft,0.05s
4.17.2026 15:00:25,T1,T2,1.8ft,0.05s
4.17.2026 15:00:25,T0,T1,2.8ft,0.05s
4.17.2026 15:00:25,T0,T2,3.1ft,0.05s
4.17.2026 15:00:25,T1,T2,1.8ft,0.05s
4.17.2026 15:00:25,T0,T1,2.7ft,0.05s
4.17.2026 15:00:25,T0,T2,3.0ft,0.05s
4.17.2026 15:00:25,T1,T2,1.8ft,0.05s
4.17.2026 15:00:26,T0,T1,2.6ft,0.05s
4.17.2026 15:00:26,T0,T2,2.9ft,0.05s
4.17.2026 15:00:26,T1,T2,1.8ft,0.05s
4.17.2026 15:00:26,T0,T1,2.6ft,0.05s
4.17.2026 15:00:26,T0,T2,2.8ft,0.05s
4.17.2026 15:00:26,T1,T2,1.7ft,0.05s
4.17.2026 15:00:26,T0,T1,2.5ft,0.05s
4.17.2026 15:00:26,T0,T2,2.7ft,0.05s
4.17.2026 15:00:26,T1,T2,1.7ft,0.05s
4.17.2026 15:00:26,T0,T1,2.4ft,0.05s
4.17.2026 15:00:26,T0,T2,2.6ft,0.05s
4.17.2026 15:00:26,T1,T2,1.7ft,0.05s
4.17.2026 15:00:26,T0,T1,2.4ft,0.05s
4.17.2026 15:00:26,T0,T2,2.5ft,0.05s
4.17.2026 15:00:26,T1,T2,1.6ft,0.05s
4.17.2026 15:00:26,T0,T1,2.3ft,0.05s
4.17.2026 15:00:26,T0,T2,2.5ft,0.05s
4.17.2026 15:00:26,T1,T2,1.6ft,0.05s
4.17.2026 15:00:26,T0,T1,2.3ft,0.05s
4.17.2026 15:00:26,T0,T2,2.6ft,0.05s
4.17.2026 15:00:26,T1,T2,1.7ft,0.05s
4.17.2026 15:00:26,T0,T1,2.2ft,0.05s
4.17.2026 15:00:26,T0,T2,2.7ft,0.05s
4.17.2026 15:00:26,T1,T2,1.8ft,0.05s
4.17.2026 15:00:26,T0,T1,2.2ft,0.05s
4.17.2026 15:00:26,T0,T2,2.8ft,0.05s
4.17.2026 15:00:26,T1,T2,1.9ft,0.05s
4.17.2026 15:00:26,T0,T1,2.2ft,0.05s
4.17.2026 15:00:26,T0,T2,2.8ft,0.05s
4.17.2026 15:00:26,T1,T2,1.9ft,0.05s
4.17.2026 15:00:26,T0,T1,2.1ft,0.05s
4.17.2026 15:00:26,T0,T2,2.9ft,0.05s
4.17.2026 15:00:26,T1,T2,2.0ft,0.05s
4.17.2026 15:00:26,T0,T1,2.1ft,0.05s
4.17.2026 15:00:26,T0,T2,2.9ft,0.05s
4.17.2026 15:00:26,T1,T2,2.0ft,0.05s
4.17.2026 15:00:26,T0,T1,2.1ft,0.05s
4.17.2026 15:00:26,T0,T2,2.9ft,0.05s
4.17.2026 15:00:26,T1,T2,2.0ft,0.05s
4.17.2026 15:00:26,T0,T1,2.1ft,0.05s
4.17.2026 15:00:26,T0,T2,3.0ft,0.05s
4.17.2026 15:00:26,T1,T2,2.1ft,0.05s
4.17.2026 15:00:26,T0,T1,2.2ft,0.05s
4.17.2026 15:00:26,T0,T2,3.1ft,0.05s
4.17.2026 15:00:26,T1,T2,2.2ft,0.05s
4.17.2026 15:00:26,T0,T1,2.2ft,0.05s
4.17.2026 15:00:26,T0,T2,3.3ft,0.05s
4.17.2026 15:00:26,T1,T2,2.3ft,0.05s
4.17.2026 15:00:26,T0,T1,2.2ft,0.05s
4.17.2026 15:00:26,T0,T2,3.4ft,0.05s
4.17.2026 15:00:26,T1,T2,2.4ft,0.05s
4.17.2026 15:00:26,T0,T1,2.3ft,0.05s
4.17.2026 15:00:26,T0,T2,3.4ft,0.05s
4.17.2026 15:00:26,T1,T2,2.3ft,0.05s
4.17.2026 15:00:26,T0,T1,2.3ft,0.05s
4.17.2026 15:00:26,T0,T2,3.3ft,0.05s
4.17.2026 15:00:26,T1,T2,2.3ft,0.05s
4.17.2026 15:00:26,T0,T1,2.2ft,0.05s
4.17.2026 15:00:26,T0,T2,3.3ft,0.05s
4.17.2026 15:00:26,T1,T2,2.3ft,0.05s
4.17.2026 15:00:27,T0,T1,2.2ft,0.05s
4.17.2026 15:00:27,T0,T2,3.2ft,0.05s
4.17.2026 15:00:27,T1,T2,2.2ft,0.05s
4.17.2026 15:00:27,T0,T1,2.2ft,0.05s
4.17.2026 15:00:27,T0,T2,3.1ft,0.05s
4.17.2026 15:00:27,T1,T2,2.1ft,0.05s
4.17.2026 15:00:27,T0,T1,2.2ft,0.05s
4.17.2026 15:00:27,T0,T2,3.1ft,0.05s
4.17.2026 15:00:27,T1,T2,2.1ft,0.05s
4.17.2026 15:00:27,T0,T1,2.2ft,0.05s
4.17.2026 15:00:27,T0,T2,3.0ft,0.05s
4.17.2026 15:00:27,T1,T2,2.0ft,0.05s
4.17.2026 15:00:27,T0,T1,2.2ft,0.05s
4.17.2026 15:00:27,T0,T2,2.9ft,0.05s
4.17.2026 15:00:27,T1,T2,1.9ft,0.05s
4.17.2026 15:00:27,T0,T1,2.3ft,0.05s
4.17.2026 15:00:27,T0,T2,2.9ft,0.05s
4.17.2026 15:00:27,T1,T2,1.8ft,0.05s
4.17.2026 15:00:27,T0,T1,2.3ft,0.05s
4.17.2026 15:00:27,T0,T2,2.9ft,0.05s
4.17.2026 15:00:27,T1,T2,1.8ft,0.05s
4.17.2026 15:00:27,T0,T1,2.4ft,0.05s
4.17.2026 15:00:27,T0,T2,3.1ft,0.05s
4.17.2026 15:00:27,T1,T2,1.9ft,0.05s
4.17.2026 15:00:27,T0,T1,2.4ft,0.05s
4.17.2026 15:00:27,T0,T2,3.2ft,0.05s
4.17.2026 15:00:27,T1,T2,2.0ft,0.05s
4.17.2026 15:00:27,T0,T1,2.5ft,0.05s
4.17.2026 15:00:27,T0,T2,3.3ft,0.05s
4.17.2026 15:00:27,T1,T2,2.1ft,0.05s
4.17.2026 15:00:27,T0,T1,2.5ft,0.05s
4.17.2026 15:00:27,T0,T2,3.3ft,0.05s
4.17.2026 15:00:27,T1,T2,2.0ft,0.05s
4.17.2026 15:00:27,T0,T1,2.5ft,0.05s
4.17.2026 15:00:27,T0,T2,3.4ft,0.05s
4.17.2026 15:00:27,T1,T2,2.0ft,0.05s
4.17.2026 15:00:27,T0,T1,2.6ft,0.05s
4.17.2026 15:00:27,T0,T2,3.4ft,0.05s
4.17.2026 15:00:27,T1,T2,2.1ft,0.05s
4.17.2026 15:00:27,T0,T1,2.6ft,0.05s
4.17.2026 15:00:27,T0,T2,3.4ft,0.05s
4.17.2026 15:00:27,T1,T2,2.0ft,0.05s
4.17.2026 15:00:27,T0,T1,2.6ft,0.05s
4.17.2026 15:00:27,T0,T2,3.3ft,0.05s
4.17.2026 15:00:27,T1,T2,2.0ft,0.05s
4.17.2026 15:00:27,T0,T1,2.6ft,0.05s
4.17.2026 15:00:27,T0,T2,3.2ft,0.05s
4.17.2026 15:00:27,T1,T2,1.9ft,0.05s
4.17.2026 15:00:27,T0,T1,2.6ft,0.05s
4.17.2026 15:00:27,T0,T2,3.1ft,0.05s
4.17.2026 15:00:27,T1,T2,1.8ft,0.05s
4.17.2026 15:00:27,T0,T1,2.6ft,0.05s
4.17.2026 15:00:27,T0,T2,3.0ft,0.05s
4.17.2026 15:00:27,T1,T2,1.7ft,0.05s
4.17.2026 15:00:27,T0,T1,2.6ft,0.05s
4.17.2026 15:00:27,T0,T2,2.9ft,0.05s
4.17.2026 15:00:27,T1,T2,1.6ft,0.05s
4.17.2026 15:00:27,T0,T1,2.6ft,0.05s
4.17.2026 15:00:27,T0,T2,2.8ft,0.05s
4.17.2026 15:00:27,T1,T2,1.5ft,0.05s
4.17.2026 15:00:28,T0,T1,2.7ft,0.05s
4.17.2026 15:00:28,T0,T2,2.7ft,0.05s
4.17.2026 15:00:28,T1,T2,1.3ft,0.05s
4.17.2026 15:00:28,T0,T1,2.7ft,0.05s
4.17.2026 15:00:28,T0,T2,2.6ft,0.05s
4.17.2026 15:00:28,T1,T2,1.3ft,0.05s
4.17.2026 15:00:28,T0,T1,2.8ft,0.05s
4.17.2026 15:00:28,T0,T2,2.5ft,0.05s
4.17.2026 15:00:28,T1,T2,1.2ft,0.05s
4.17.2026 15:00:28,T0,T1,2.9ft,0.05s
4.17.2026 15:00:28,T0,T2,2.4ft,0.05s
4.17.2026 15:00:28,T1,T2,1.2ft,0.05s
4.17.2026 15:00:28,T0,T1,3.0ft,0.05s
4.17.2026 15:00:28,T0,T2,2.4ft,0.05s
4.17.2026 15:00:28,T1,T2,1.2ft,0.05s
4.17.2026 15:00:28,T0,T1,3.0ft,0.05s
4.17.2026 15:00:28,T0,T2,2.3ft,0.05s
4.17.2026 15:00:28,T1,T2,1.3ft,0.05s
4.17.2026 15:00:28,T0,T1,3.1ft,0.05s
4.17.2026 15:00:28,T0,T2,2.3ft,0.05s
4.17.2026 15:00:28,T1,T2,1.3ft,0.05s
4.17.2026 15:00:28,T0,T1,3.1ft,0.05s
4.17.2026 15:00:28,T0,T2,2.2ft,0.05s
4.17.2026 15:00:28,T1,T2,1.4ft,0.05s
4.17.2026 15:00:28,T0,T1,3.1ft,0.05s
4.17.2026 15:00:28,T0,T2,2.2ft,0.05s
4.17.2026 15:00:28,T1,T2,1.4ft,0.05s
4.17.2026 15:00:28,T0,T1,3.1ft,0.05s
4.17.2026 15:00:28,T0,T2,2.1ft,0.05s
4.17.2026 15:00:28,T1,T2,1.4ft,0.05s
4.17.2026 15:00:28,T0,T1,3.2ft,0.05s
4.17.2026 15:00:28,T0,T2,2.1ft,0.05s
4.17.2026 15:00:28,T1,T2,1.4ft,0.05s
4.17.2026 15:00:28,T0,T1,3.2ft,0.05s
4.17.2026 15:00:28,T0,T2,2.1ft,0.05s
4.17.2026 15:00:28,T1,T2,1.4ft,0.05s
4.17.2026 15:00:28,T0,T1,3.2ft,0.05s
4.17.2026 15:00:28,T0,T2,2.1ft,0.05s
4.17.2026 15:00:28,T1,T2,1.5ft,0.05s
4.17.2026 15:00:28,T0,T1,3.2ft,0.05s
4.17.2026 15:00:28,T0,T2,2.0ft,0.05s
4.17.2026 15:00:28,T1,T2,1.5ft,0.05s
4.17.2026 15:00:28,T0,T1,3.3ft,0.05s
4.17.2026 15:00:28,T0,T2,2.0ft,0.05s
4.17.2026 15:00:28,T1,T2,1.5ft,0.05s
4.17.2026 15:00:28,T0,T1,3.4ft,0.05s
4.17.2026 15:00:28,T0,T2,2.0ft,0.05s
4.17.2026 15:00:28,T1,T2,1.6ft,0.05s
4.17.2026 15:00:28,T0,T1,3.5ft,0.05s
4.17.2026 15:00:28,T0,T2,2.0ft,0.05s
4.17.2026 15:00:28,T1,T2,1.7ft,0.05s
4.17.2026 15:00:28,T0,T1,3.6ft,0.05s
4.17.2026 15:00:28,T0,T2,2.0ft,0.05s
4.17.2026 15:00:28,T1,T2,1.8ft,0.05s
4.17.2026 15:00:28,T0,T1,3.6ft,0.05s
4.17.2026 15:00:28,T0,T2,2.0ft,0.05s
4.17.2026 15:00:28,T1,T2,1.8ft,0.05s
4.17.2026 15:00:29,T0,T1,3.7ft,0.05s
4.17.2026 15:00:29,T0,T2,2.0ft,0.05s
4.17.2026 15:00:29,T1,T2,1.9ft,0.05s
4.17.2026 15:00:29,T0,T1,3.7ft,0.05s
4.17.2026 15:00:29,T0,T2,1.9ft,0.05s
4.17.2026 15:00:29,T1,T2,1.9ft,0.05s
4.17.2026 15:00:29,T0,T1,3.7ft,0.05s
4.17.2026 15:00:29,T0,T2,1.9ft,0.05s
4.17.2026 15:00:29,T1,T2,1.9ft,0.05s
4.17.2026 15:00:29,T0,T1,3.7ft,0.05s
4.17.2026 15:00:29,T0,T2,1.9ft,0.05s
4.17.2026 15:00:29,T1,T2,1.9ft,0.05s
4.17.2026 15:00:29,T0,T1,3.6ft,0.05s
4.17.2026 15:00:29,T0,T2,1.9ft,0.05s
4.17.2026 15:00:29,T1,T2,1.8ft,0.05s
4.17.2026 15:00:29,T0,T1,3.5ft,0.05s
4.17.2026 15:00:29,T0,T2,1.9ft,0.05s
4.17.2026 15:00:29,T1,T2,1.8ft,0.05s
4.17.2026 15:00:29,T0,T1,3.5ft,0.05s
4.17.2026 15:00:29,T0,T2,1.9ft,0.05s
4.17.2026 15:00:29,T1,T2,1.7ft,0.05s
4.17.2026 15:00:29,T0,T1,3.4ft,0.05s
4.17.2026 15:00:29,T0,T2,1.9ft,0.05s
4.17.2026 15:00:29,T1,T2,1.7ft,0.05s
4.17.2026 15:00:29,T0,T1,3.4ft,0.05s
4.17.2026 15:00:29,T0,T2,1.9ft,0.05s
4.17.2026 15:00:29,T1,T2,1.6ft,0.05s
4.17.2026 15:00:29,T0,T1,3.3ft,0.05s
4.17.2026 15:00:29,T0,T2,1.9ft,0.05s
4.17.2026 15:00:29,T1,T2,1.6ft,0.05s
4.17.2026 15:00:29,T0,T1,3.2ft,0.05s
4.17.2026 15:00:29,T0,T2,1.9ft,0.05s
4.17.2026 15:00:29,T1,T2,1.5ft,0.05s
4.17.2026 15:00:29,T0,T1,3.2ft,0.05s
4.17.2026 15:00:29,T0,T2,1.9ft,0.05s
4.17.2026 15:00:29,T1,T2,1.5ft,0.05s
4.17.2026 15:00:29,T0,T1,3.1ft,0.05s
4.17.2026 15:00:29,T0,T2,1.9ft,0.05s
4.17.2026 15:00:29,T1,T2,1.4ft,0.05s
4.17.2026 15:00:29,T0,T1,3.1ft,0.05s
4.17.2026 15:00:29,T0,T2,1.9ft,0.05s
4.17.2026 15:00:29,T1,T2,1.4ft,0.05s
4.17.2026 15:00:29,T0,T1,3.1ft,0.05s
4.17.2026 15:00:29,T0,T2,1.9ft,0.05s
4.17.2026 15:00:29,T1,T2,1.4ft,0.05s
4.17.2026 15:00:29,T0,T1,3.0ft,0.05s
4.17.2026 15:00:29,T0,T2,1.9ft,0.05s
4.17.2026 15:00:29,T1,T2,1.4ft,0.05s
4.17.2026 15:00:29,T0,T1,3.0ft,0.05s
4.17.2026 15:00:29,T0,T2,1.9ft,0.05s
4.17.2026 15:00:29,T1,T2,1.4ft,0.05s
4.17.2026 15:00:29,T0,T1,3.0ft,0.05s
4.17.2026 15:00:29,T0,T2,1.9ft,0.05s
4.17.2026 15:00:29,T1,T2,1.3ft,0.05s
4.17.2026 15:00:29,T0,T1,3.0ft,0.05s
4.17.2026 15:00:29,T0,T2,1.9ft,0.05s
4.17.2026 15:00:29,T1,T2,1.3ft,0.05s
4.17.2026 15:00:29,T0,T1,3.0ft,0.05s
4.17.2026 15:00:29,T0,T2,1.9ft,0.05s
4.17.2026 15:00:29,T1,T2,1.3ft,0.05s
4.17.2026 15:00:30,T0,T1,2.9ft,0.05s
4.17.2026 15:00:30,T0,T2,1.9ft,0.05s
4.17.2026 15:00:30,T1,T2,1.3ft,0.05s
4.17.2026 15:00:30,T0,T1,2.9ft,0.05s
4.17.2026 15:00:30,T0,T2,1.9ft,0.05s
4.17.2026 15:00:30,T1,T2,1.3ft,0.05s
4.17.2026 15:00:30,T0,T1,2.9ft,0.05s
4.17.2026 15:00:30,T0,T2,1.9ft,0.05s
4.17.2026 15:00:30,T1,T2,1.3ft,0.05s
4.17.2026 15:00:30,T0,T1,2.9ft,0.05s
4.17.2026 15:00:30,T0,T2,1.9ft,0.05s
4.17.2026 15:00:30,T1,T2,1.3ft,0.05s
4.17.2026 15:00:30,T0,T1,2.9ft,0.05s
4.17.2026 15:00:30,T0,T2,1.9ft,0.05s
4.17.2026 15:00:30,T1,T2,1.3ft,0.05s
4.17.2026 15:00:30,T0,T1,2.9ft,0.05s
4.17.2026 15:00:30,T0,T2,1.9ft,0.05s
4.17.2026 15:00:30,T1,T2,1.3ft,0.05s
4.17.2026 15:00:30,T0,T1,2.9ft,0.05s
4.17.2026 15:00:30,T0,T2,1.9ft,0.05s
4.17.2026 15:00:30,T1,T2,1.3ft,0.05s
4.17.2026 15:00:30,T0,T1,2.9ft,0.05s
4.17.2026 15:00:30,T0,T2,1.9ft,0.05s
4.17.2026 15:00:30,T1,T2,1.3ft,0.05s
4.17.2026 15:00:30,T0,T1,2.9ft,0.05s
4.17.2026 15:00:30,T0,T2,1.9ft,0.05s
4.17.2026 15:00:30,T1,T2,1.3ft,0.05s
4.17.2026 15:00:30,T0,T1,2.9ft,0.05s
4.17.2026 15:00:30,T0,T2,1.9ft,0.05s
4.17.2026 15:00:30,T1,T2,1.3ft,0.05s
4.17.2026 15:00:30,T0,T1,2.9ft,0.05s
4.17.2026 15:00:30,T0,T2,1.9ft,0.05s
4.17.2026 15:00:30,T1,T2,1.3ft,0.05s
4.17.2026 15:00:30,T0,T1,2.9ft,0.05s
4.17.2026 15:00:30,T0,T2,1.9ft,0.05s
4.17.2026 15:00:30,T1,T2,1.3ft,0.05s
4.17.2026 15:00:30,T0,T1,2.9ft,0.05s
4.17.2026 15:00:30,T0,T2,1.9ft,0.05s
4.17.2026 15:00:30,T1,T2,1.3ft,0.05s
4.17.2026 15:00:30,T0,T1,2.9ft,0.05s
4.17.2026 15:00:30,T0,T2,1.9ft,0.05s
4.17.2026 15:00:30,T1,T2,1.3ft,0.05s
4.17.2026 15:00:30,T0,T1,2.9ft,0.05s
4.17.2026 15:00:30,T0,T2,1.9ft,0.05s
4.17.2026 15:00:30,T1,T2,1.3ft,0.05s
4.17.2026 15:00:30,T0,T1,2.9ft,0.05s
4.17.2026 15:00:30,T0,T2,1.9ft,0.05s
4.17.2026 15:00:30,T1,T2,1.3ft,0.05s
4.17.2026 15:00:30,T0,T1,2.9ft,0.05s
4.17.2026 15:00:30,T0,T2,1.9ft,0.05s
4.17.2026 15:00:30,T1,T2,1.3ft,0.05s
4.17.2026 15:00:30,T0,T1,2.9ft,0.05s
4.17.2026 15:00:30,T0,T2,1.9ft,0.05s
4.17.2026 15:00:30,T1,T2,1.3ft,0.05s
4.17.2026 15:00:30,T0,T1,2.8ft,0.05s
4.17.2026 15:00:30,T0,T2,1.9ft,0.05s
4.17.2026 15:00:30,T1,T2,1.3ft,0.05s
4.17.2026 15:00:30,T1,T2,1.3ft,0.05s
4.17.2026 15:00:31,T1,T2,1.3ft,0.05s
4.17.2026 15:00:31,T1,T2,1.3ft,0.05s
4.17.2026 15:00:31,T1,T2,1.3ft,0.05s
4.17.2026 15:00:31,T1,T2,1.3ft,0.05s
4.17.2026 15:00:31,T1,T2,1.3ft,0.05s
4.17.2026 15:00:31,T1,T2,1.3ft,0.05s
4.17.2026 15:00:31,T1,T2,1.3ft,0.05s
4.17.2026 15:00:31,T1,T2,1.3ft,0.05s
4.17.2026 15:00:31,T1,T2,1.3ft,0.05s
4.17.2026 15:00:31,T1,T2,1.3ft,0.05s
4.17.2026 15:00:31,T1,T2,1.3ft,0.05s
4.17.2026 15:00:31,T1,T2,1.3ft,0.05s
4.17.2026 15:00:31,T1,T2,1.3ft,0.05s
4.17.2026 15:00:31,T1,T2,1.3ft,0.05s
4.17.2026 15:00:31,T1,T2,1.3ft,0.05s
4.17.2026 15:00:31,T1,T2,1.3ft,0.05s
4.17.2026 15:00:31,T1,T2,1.3ft,0.05s
4.17.2026 15:00:31,T1,T2,1.3ft,0.05s
4.17.2026 15:00:31,T1,T2,1.3ft,0.05s
4.17.2026 15:00:31,T1,T2,1.3ft,0.05s
4.17.2026 15:00:32,T1,T2,1.3ft,0.05s
4.17.2026 15:00:32,T1,T2,1.3ft,0.05s
4.17.2026 15:00:32,T1,T2,1.3ft,0.05s
4.17.2026 15:00:32,T1,T2,1.3ft,0.05s
4.17.2026 15:00:32,T1,T2,1.3ft,0.05s
