Timestamp,Tag1,Tag2,Distance_ft,Delta_s
4.24.2026 20:04:20,T0,T1,4.5ft,0.03s
4.24.2026 20:04:20,T0,T1,4.5ft,0.05s
4.24.2026 20:04:20,T0,T1,4.5ft,0.05s
4.24.2026 20:04:20,T0,T1,4.5ft,0.05s
4.24.2026 20:04:20,T0,T1,4.5ft,0.05s
4.24.2026 20:04:20,T0,T1,4.5ft,0.05s
4.24.2026 20:04:21,T0,T1,4.5ft,0.05s
4.24.2026 20:04:21,T0,T1,4.5ft,0.05s
4.24.2026 20:04:21,T0,T1,4.5ft,0.05s
4.24.2026 20:04:21,T0,T1,4.5ft,0.05s
4.24.2026 20:04:21,T0,T1,4.5ft,0.05s
4.24.2026 20:04:21,T0,T1,4.5ft,0.05s
4.24.2026 20:04:21,T0,T1,4.5ft,0.05s
4.24.2026 20:04:21,T0,T1,4.5ft,0.05s
4.24.2026 20:04:21,T0,T1,4.5ft,0.05s
4.24.2026 20:04:21,T0,T1,4.5ft,0.05s
4.24.2026 20:04:21,T0,T1,4.5ft,0.05s
4.24.2026 20:04:21,T0,T1,4.5ft,0.05s
4.24.2026 20:04:21,T0,T1,4.5ft,0.05s
4.24.2026 20:04:21,T0,T1,4.7ft,0.05s
4.24.2026 20:04:21,T0,T1,4.9ft,0.05s
4.24.2026 20:04:21,T0,T1,4.8ft,0.05s
4.24.2026 20:04:21,T0,T1,4.7ft,0.05s
4.24.2026 20:04:21,T0,T1,4.6ft,0.05s
4.24.2026 20:04:21,T0,T1,4.6ft,0.05s
4.24.2026 20:04:21,T0,T1,4.5ft,0.05s
4.24.2026 20:04:22,T0,T1,4.5ft,0.05s
4.24.2026 20:04:22,T0,T1,4.5ft,0.05s
4.24.2026 20:04:22,T0,T1,4.5ft,0.05s
4.24.2026 20:04:22,T0,T1,4.5ft,0.05s
4.24.2026 20:04:22,T0,T1,4.5ft,0.05s
4.24.2026 20:04:22,T0,T1,4.5ft,0.05s
4.24.2026 20:04:22,T0,T1,4.5ft,0.05s
4.24.2026 20:04:22,T0,T1,4.5ft,0.05s
4.24.2026 20:04:22,T0,T1,4.6ft,0.05s
4.24.2026 20:04:22,T0,T1,4.5ft,0.05s
4.24.2026 20:04:22,T0,T1,4.5ft,0.05s
4.24.2026 20:04:22,T0,T1,4.5ft,0.05s
4.24.2026 20:04:22,T0,T1,4.6ft,0.05s
4.24.2026 20:04:22,T0,T1,4.9ft,0.05s
4.24.2026 20:04:22,T0,T1,5.1ft,0.05s
4.24.2026 20:04:22,T0,T1,4.9ft,0.05s
4.24.2026 20:04:22,T0,T1,4.8ft,0.05s
4.24.2026 20:04:22,T0,T1,5.1ft,0.05s
4.24.2026 20:04:22,T0,T1,5.3ft,0.05s
4.24.2026 20:04:23,T0,T1,5.1ft,0.05s
4.24.2026 20:04:23,T0,T1,4.9ft,0.05s
4.24.2026 20:04:23,T0,T1,4.8ft,0.05s
4.24.2026 20:04:23,T0,T1,4.7ft,0.05s
4.24.2026 20:04:23,T0,T1,4.6ft,0.05s
4.24.2026 20:04:23,T0,T1,4.5ft,0.05s
4.24.2026 20:04:23,T0,T1,4.5ft,0.05s
4.24.2026 20:04:23,T0,T1,4.5ft,0.05s
4.24.2026 20:04:23,T0,T1,4.5ft,0.05s
4.24.2026 20:04:23,T0,T1,4.5ft,0.05s
4.24.2026 20:04:23,T0,T1,4.5ft,0.05s
4.24.2026 20:04:23,T0,T1,4.5ft,0.05s
4.24.2026 20:04:23,T0,T1,4.5ft,0.05s
4.24.2026 20:04:23,T0,T1,4.5ft,0.06s
4.24.2026 20:04:23,T0,T1,4.5ft,0.05s
4.24.2026 20:04:23,T0,T1,4.5ft,0.05s
4.24.2026 20:04:23,T0,T1,4.5ft,0.05s
4.24.2026 20:04:23,T0,T1,4.5ft,0.05s
4.24.2026 20:04:23,T0,T1,4.5ft,0.05s
4.24.2026 20:04:23,T0,T1,4.5ft,0.05s
4.24.2026 20:04:24,T0,T1,4.7ft,0.05s
4.24.2026 20:04:24,T0,T1,4.6ft,0.05s
4.24.2026 20:04:24,T0,T1,4.9ft,0.05s
4.24.2026 20:04:24,T0,T1,5.2ft,0.05s
4.24.2026 20:04:24,T0,T1,5.0ft,0.05s
4.24.2026 20:04:24,T0,T1,4.8ft,0.05s
4.24.2026 20:04:24,T0,T1,4.7ft,0.05s
4.24.2026 20:04:24,T0,T1,4.6ft,0.05s
4.24.2026 20:04:24,T0,T1,4.6ft,0.05s
4.24.2026 20:04:24,T0,T1,4.6ft,0.05s
4.24.2026 20:04:24,T0,T1,4.5ft,0.05s
4.24.2026 20:04:24,T0,T1,4.5ft,0.05s
4.24.2026 20:04:24,T0,T1,4.5ft,0.05s
4.24.2026 20:04:24,T0,T1,4.5ft,0.05s
4.24.2026 20:04:24,T0,T1,4.5ft,0.05s
4.24.2026 20:04:24,T0,T1,4.5ft,0.05s
4.24.2026 20:04:24,T0,T1,4.5ft,0.05s
4.24.2026 20:04:24,T0,T1,4.5ft,0.05s
4.24.2026 20:04:24,T0,T1,4.5ft,0.05s
4.24.2026 20:04:24,T0,T1,4.5ft,0.05s
4.24.2026 20:04:25,T0,T1,4.5ft,0.05s
4.24.2026 20:04:25,T0,T1,4.5ft,0.05s
4.24.2026 20:04:25,T0,T1,4.5ft,0.05s
4.24.2026 20:04:25,T0,T1,4.5ft,0.05s
4.24.2026 20:04:25,T0,T1,4.5ft,0.05s
4.24.2026 20:04:25,T0,T1,4.5ft,0.05s
4.24.2026 20:04:25,T0,T1,4.5ft,0.05s
4.24.2026 20:04:25,T0,T1,4.5ft,0.05s
4.24.2026 20:04:25,T0,T1,4.5ft,0.05s
4.24.2026 20:04:25,T0,T1,4.6ft,0.05s
4.24.2026 20:04:25,T0,T1,4.5ft,0.05s
4.24.2026 20:04:25,T0,T1,4.7ft,0.05s
4.24.2026 20:04:25,T0,T1,5.0ft,0.05s
4.24.2026 20:04:25,T0,T1,4.8ft,0.05s
4.24.2026 20:04:25,T0,T1,4.7ft,0.05s
4.24.2026 20:04:25,T0,T1,4.6ft,0.05s
4.24.2026 20:04:25,T0,T1,4.6ft,0.05s
4.24.2026 20:04:25,T0,T1,4.5ft,0.05s
4.24.2026 20:04:25,T0,T1,4.5ft,0.05s
4.24.2026 20:04:26,T0,T1,4.5ft,0.05s
4.24.2026 20:04:26,T0,T1,4.5ft,0.05s
4.24.2026 20:04:26,T0,T1,4.5ft,0.05s
4.24.2026 20:04:26,T0,T1,4.5ft,0.05s
4.24.2026 20:04:26,T0,T1,4.5ft,0.05s
4.24.2026 20:04:26,T0,T1,4.5ft,0.05s
4.24.2026 20:04:26,T0,T1,4.5ft,0.05s
4.24.2026 20:04:26,T0,T1,4.5ft,0.05s
4.24.2026 20:04:26,T0,T1,4.5ft,0.05s
4.24.2026 20:04:26,T0,T1,4.5ft,0.05s
4.24.2026 20:04:26,T0,T1,4.7ft,0.05s
4.24.2026 20:04:26,T0,T1,4.9ft,0.05s
4.24.2026 20:04:26,T0,T1,5.2ft,0.05s
4.24.2026 20:04:26,T0,T1,5.0ft,0.05s
4.24.2026 20:04:26,T0,T1,4.8ft,0.05s
4.24.2026 20:04:26,T0,T1,4.7ft,0.05s
4.24.2026 20:04:26,T0,T1,4.6ft,0.05s
4.24.2026 20:04:26,T0,T1,4.6ft,0.05s
4.24.2026 20:04:26,T0,T1,4.8ft,0.05s
4.24.2026 20:04:26,T0,T1,5.0ft,0.05s
4.24.2026 20:04:27,T0,T1,4.8ft,0.05s
4.24.2026 20:04:27,T0,T1,4.7ft,0.05s
4.24.2026 20:04:27,T0,T1,5.0ft,0.05s
4.24.2026 20:04:27,T0,T1,5.3ft,0.05s
4.24.2026 20:04:27,T0,T1,5.5ft,0.05s
4.24.2026 20:04:27,T0,T1,5.8ft,0.05s
4.24.2026 20:04:27,T0,T1,6.0ft,0.05s
4.24.2026 20:04:27,T0,T1,5.6ft,0.05s
4.24.2026 20:04:27,T0,T1,5.3ft,0.05s
4.24.2026 20:04:27,T0,T1,5.5ft,0.05s
4.24.2026 20:04:27,T0,T1,5.8ft,0.05s
4.24.2026 20:04:27,T0,T1,6.0ft,0.05s
4.24.2026 20:04:27,T0,T1,6.2ft,0.05s
4.24.2026 20:04:27,T0,T1,5.7ft,0.05s
4.24.2026 20:04:27,T0,T1,5.4ft,0.05s
4.24.2026 20:04:27,T0,T1,5.1ft,0.05s
4.24.2026 20:04:27,T0,T1,4.9ft,0.05s
4.24.2026 20:04:27,T0,T1,4.8ft,0.05s
4.24.2026 20:04:27,T0,T1,4.7ft,0.05s
4.24.2026 20:04:28,T0,T1,4.6ft,0.05s
4.24.2026 20:04:28,T0,T1,4.6ft,0.05s
4.24.2026 20:04:28,T0,T1,4.5ft,0.05s
4.24.2026 20:04:28,T0,T1,4.5ft,0.05s
4.24.2026 20:04:28,T0,T1,4.5ft,0.05s
4.24.2026 20:04:28,T0,T1,4.5ft,0.05s
4.24.2026 20:04:28,T0,T1,4.5ft,0.05s
4.24.2026 20:04:28,T0,T1,4.5ft,0.05s
4.24.2026 20:04:28,T0,T1,4.5ft,0.05s
4.24.2026 20:04:28,T0,T1,4.6ft,0.05s
4.24.2026 20:04:28,T0,T1,4.8ft,0.05s
4.24.2026 20:04:28,T0,T1,4.7ft,0.05s
4.24.2026 20:04:28,T0,T1,4.6ft,0.05s
4.24.2026 20:04:28,T0,T1,4.6ft,0.05s
4.24.2026 20:04:28,T0,T1,4.5ft,0.05s
4.24.2026 20:04:28,T0,T1,4.5ft,0.05s
4.24.2026 20:04:28,T0,T1,4.5ft,0.05s
4.24.2026 20:04:28,T0,T1,4.5ft,0.05s
4.24.2026 20:04:28,T0,T1,4.5ft,0.05s
4.24.2026 20:04:28,T0,T1,4.5ft,0.05s
4.24.2026 20:04:29,T0,T1,4.5ft,0.05s
4.24.2026 20:04:29,T0,T1,4.5ft,0.05s
4.24.2026 20:04:29,T0,T1,4.5ft,0.05s
4.24.2026 20:04:29,T0,T1,4.5ft,0.05s
4.24.2026 20:04:29,T0,T1,4.5ft,0.05s
4.24.2026 20:04:29,T0,T1,4.5ft,0.05s
4.24.2026 20:04:29,T0,T1,4.5ft,0.05s
4.24.2026 20:04:29,T0,T1,4.5ft,0.05s
4.24.2026 20:04:29,T0,T1,4.5ft,0.05s
4.24.2026 20:04:29,T0,T1,4.5ft,0.05s
4.24.2026 20:04:29,T0,T1,4.5ft,0.05s
4.24.2026 20:04:29,T0,T1,4.5ft,0.05s
4.24.2026 20:04:29,T0,T1,4.5ft,0.05s
4.24.2026 20:04:29,T0,T1,4.5ft,0.05s
4.24.2026 20:04:29,T0,T1,4.5ft,0.05s
4.24.2026 20:04:29,T0,T1,4.5ft,0.05s
4.24.2026 20:04:29,T0,T1,4.5ft,0.05s
4.24.2026 20:04:29,T0,T1,4.7ft,0.05s
4.24.2026 20:04:29,T0,T1,4.9ft,0.05s
4.24.2026 20:04:29,T0,T1,5.2ft,0.05s
4.24.2026 20:04:30,T0,T1,5.0ft,0.05s
4.24.2026 20:04:30,T0,T1,5.3ft,0.05s
4.24.2026 20:04:30,T0,T1,5.5ft,0.05s
4.24.2026 20:04:30,T0,T1,5.8ft,0.05s
4.24.2026 20:04:30,T0,T1,6.0ft,0.05s
4.24.2026 20:04:30,T0,T1,6.2ft,0.05s
4.24.2026 20:04:30,T0,T1,6.4ft,0.05s
4.24.2026 20:04:30,T0,T1,6.6ft,0.05s
4.24.2026 20:04:30,T0,T1,6.7ft,0.05s
4.24.2026 20:04:30,T0,T1,6.8ft,0.05s
4.24.2026 20:04:30,T0,T1,6.9ft,0.05s
4.24.2026 20:04:30,T0,T1,6.3ft,0.05s
4.24.2026 20:04:30,T0,T1,5.8ft,0.05s
4.24.2026 20:04:30,T0,T1,5.4ft,0.05s
4.24.2026 20:04:30,T0,T1,5.2ft,0.05s
4.24.2026 20:04:30,T0,T1,5.0ft,0.05s
4.24.2026 20:04:30,T0,T1,4.8ft,0.05s
4.24.2026 20:04:30,T0,T1,4.7ft,0.05s
4.24.2026 20:04:30,T0,T1,5.0ft,0.05s
4.24.2026 20:04:31,T0,T1,5.2ft,0.05s
4.24.2026 20:04:31,T0,T1,5.5ft,0.05s
4.24.2026 20:04:31,T0,T1,5.2ft,0.06s
4.24.2026 20:04:31,T0,T1,5.5ft,0.05s
4.24.2026 20:04:31,T0,T1,5.8ft,0.05s
4.24.2026 20:04:31,T0,T1,6.0ft,0.05s
4.24.2026 20:04:31,T0,T1,6.2ft,0.05s
4.24.2026 20:04:31,T0,T1,6.4ft,0.05s
4.24.2026 20:04:31,T0,T1,6.6ft,0.05s
4.24.2026 20:04:31,T0,T1,6.0ft,0.05s
4.24.2026 20:04:31,T0,T1,5.6ft,0.05s
4.24.2026 20:04:31,T0,T1,5.3ft,0.05s
4.24.2026 20:04:31,T0,T1,5.0ft,0.05s
4.24.2026 20:04:31,T0,T1,4.9ft,0.05s
4.24.2026 20:04:31,T0,T1,4.7ft,0.05s
4.24.2026 20:04:31,T0,T1,4.7ft,0.05s
4.24.2026 20:04:31,T0,T1,4.6ft,0.05s
4.24.2026 20:04:31,T0,T1,4.8ft,0.05s
4.24.2026 20:04:31,T0,T1,5.1ft,0.05s
4.24.2026 20:04:31,T0,T1,4.9ft,0.05s
4.24.2026 20:04:32,T0,T1,4.8ft,0.05s
4.24.2026 20:04:32,T0,T1,4.7ft,0.05s
4.24.2026 20:04:32,T0,T1,4.6ft,0.05s
4.24.2026 20:04:32,T0,T1,4.6ft,0.05s
4.24.2026 20:04:32,T0,T1,4.6ft,0.05s
4.24.2026 20:04:32,T0,T1,4.5ft,0.05s
4.24.2026 20:04:32,T0,T1,4.5ft,0.05s
4.24.2026 20:04:32,T0,T1,4.5ft,0.05s
4.24.2026 20:04:32,T0,T1,4.5ft,0.05s
4.24.2026 20:04:32,T0,T1,4.5ft,0.05s
4.24.2026 20:04:32,T0,T1,4.5ft,0.05s
4.24.2026 20:04:32,T0,T1,4.5ft,0.05s
4.24.2026 20:04:32,T0,T1,4.5ft,0.05s
4.24.2026 20:04:32,T0,T1,4.5ft,0.05s
4.24.2026 20:04:32,T0,T1,4.5ft,0.05s
4.24.2026 20:04:32,T0,T1,4.5ft,0.06s
4.24.2026 20:04:32,T0,T1,4.5ft,0.05s
4.24.2026 20:04:32,T0,T1,4.5ft,0.05s
4.24.2026 20:04:32,T0,T1,4.5ft,0.05s
4.24.2026 20:04:33,T0,T1,4.7ft,0.05s
4.24.2026 20:04:33,T0,T1,4.6ft,0.05s
4.24.2026 20:04:33,T0,T1,4.6ft,0.05s
4.24.2026 20:04:33,T0,T1,4.5ft,0.05s
4.24.2026 20:04:33,T0,T1,4.5ft,0.05s
4.24.2026 20:04:33,T0,T1,4.5ft,0.05s
4.24.2026 20:04:33,T0,T1,4.5ft,0.05s
4.24.2026 20:04:33,T0,T1,4.5ft,0.05s
4.24.2026 20:04:33,T0,T1,4.5ft,0.05s
4.24.2026 20:04:33,T0,T1,4.5ft,0.05s
4.24.2026 20:04:33,T0,T1,4.5ft,0.05s
4.24.2026 20:04:33,T0,T1,4.5ft,0.05s
4.24.2026 20:04:33,T0,T1,4.6ft,0.05s
4.24.2026 20:04:33,T0,T1,4.5ft,0.05s
4.24.2026 20:04:33,T0,T1,4.5ft,0.05s
4.24.2026 20:04:33,T0,T1,4.5ft,0.05s
4.24.2026 20:04:33,T0,T1,4.6ft,0.05s
4.24.2026 20:04:33,T0,T1,4.9ft,0.05s
4.24.2026 20:04:33,T0,T1,5.1ft,0.05s
4.24.2026 20:04:33,T0,T1,5.4ft,0.05s
4.24.2026 20:04:34,T0,T1,5.7ft,0.05s
4.24.2026 20:04:34,T0,T1,5.9ft,0.05s
4.24.2026 20:04:34,T0,T1,6.1ft,0.05s
4.24.2026 20:04:34,T0,T1,6.3ft,0.05s
4.24.2026 20:04:34,T0,T1,6.5ft,0.05s
4.24.2026 20:04:34,T0,T1,6.6ft,0.05s
4.24.2026 20:04:34,T0,T1,6.8ft,0.05s
4.24.2026 20:04:34,T0,T1,6.9ft,0.05s
4.24.2026 20:04:34,T0,T1,7.0ft,0.05s
4.24.2026 20:04:34,T0,T1,7.1ft,0.05s
4.24.2026 20:04:34,T0,T1,6.4ft,0.05s
4.24.2026 20:04:34,T0,T1,6.6ft,0.05s
4.24.2026 20:04:34,T0,T1,6.7ft,0.05s
4.24.2026 20:04:34,T0,T1,6.1ft,0.05s
4.24.2026 20:04:34,T0,T1,5.6ft,0.05s
4.24.2026 20:04:34,T0,T1,5.3ft,0.05s
4.24.2026 20:04:34,T0,T1,5.0ft,0.05s
4.24.2026 20:04:34,T0,T1,4.9ft,0.05s
4.24.2026 20:04:34,T0,T1,5.1ft,0.05s
4.24.2026 20:04:34,T0,T1,5.4ft,0.05s
4.24.2026 20:04:35,T0,T1,5.7ft,0.05s
4.24.2026 20:04:35,T0,T1,5.3ft,0.05s
4.24.2026 20:04:35,T0,T1,5.1ft,0.05s
4.24.2026 20:04:35,T0,T1,4.9ft,0.05s
4.24.2026 20:04:35,T0,T1,5.2ft,0.05s
4.24.2026 20:04:35,T0,T1,5.0ft,0.05s
4.24.2026 20:04:35,T0,T1,4.8ft,0.05s
4.24.2026 20:04:35,T0,T1,4.7ft,0.05s
4.24.2026 20:04:35,T0,T1,4.6ft,0.05s
4.24.2026 20:04:35,T0,T1,4.6ft,0.05s
4.24.2026 20:04:35,T0,T1,4.5ft,0.05s
4.24.2026 20:04:35,T0,T1,4.5ft,0.05s
4.24.2026 20:04:35,T0,T1,4.5ft,0.05s
4.24.2026 20:04:35,T0,T1,4.5ft,0.05s
4.24.2026 20:04:35,T0,T1,4.6ft,0.05s
4.24.2026 20:04:35,T0,T1,4.9ft,0.05s
4.24.2026 20:04:35,T0,T1,4.7ft,0.05s
4.24.2026 20:04:35,T0,T1,4.7ft,0.05s
4.24.2026 20:04:35,T0,T1,4.6ft,0.05s
4.24.2026 20:04:36,T0,T1,4.8ft,0.05s
4.24.2026 20:04:36,T0,T1,5.1ft,0.05s
4.24.2026 20:04:36,T0,T1,5.3ft,0.05s
4.24.2026 20:04:36,T0,T1,5.6ft,0.05s
4.24.2026 20:04:36,T0,T1,5.3ft,0.05s
4.24.2026 20:04:36,T0,T1,5.0ft,0.05s
4.24.2026 20:04:36,T0,T1,5.3ft,0.05s
4.24.2026 20:04:36,T0,T1,5.1ft,0.05s
4.24.2026 20:04:36,T0,T1,4.9ft,0.05s
4.24.2026 20:04:36,T0,T1,4.8ft,0.05s
4.24.2026 20:04:36,T0,T1,4.7ft,0.05s
4.24.2026 20:04:36,T0,T1,4.6ft,0.05s
4.24.2026 20:04:36,T0,T1,4.6ft,0.05s
4.24.2026 20:04:36,T0,T1,4.5ft,0.05s
4.24.2026 20:04:36,T0,T1,4.5ft,0.05s
4.24.2026 20:04:36,T0,T1,4.5ft,0.05s
4.24.2026 20:04:36,T0,T1,4.5ft,0.05s
4.24.2026 20:04:36,T0,T1,4.5ft,0.05s
4.24.2026 20:04:36,T0,T1,4.5ft,0.05s
4.24.2026 20:04:36,T0,T1,4.5ft,0.05s
4.24.2026 20:04:37,T0,T1,4.5ft,0.05s
4.24.2026 20:04:37,T0,T1,4.5ft,0.05s
4.24.2026 20:04:37,T0,T1,4.5ft,0.05s
4.24.2026 20:04:37,T0,T1,4.5ft,0.05s
4.24.2026 20:04:37,T0,T1,4.5ft,0.05s
4.24.2026 20:04:37,T0,T1,4.5ft,0.05s
4.24.2026 20:04:37,T0,T1,4.5ft,0.05s
4.24.2026 20:04:37,T0,T1,4.5ft,0.05s
4.24.2026 20:04:37,T0,T1,4.6ft,0.06s
4.24.2026 20:04:37,T0,T1,4.7ft,0.05s
4.24.2026 20:04:37,T0,T1,5.0ft,0.05s
4.24.2026 20:04:37,T0,T1,4.8ft,0.05s
4.24.2026 20:04:37,T0,T1,4.7ft,0.05s
4.24.2026 20:04:37,T0,T1,4.7ft,0.05s
4.24.2026 20:04:37,T0,T1,4.6ft,0.05s
4.24.2026 20:04:37,T0,T1,4.6ft,0.05s
4.24.2026 20:04:37,T0,T1,4.5ft,0.05s
4.24.2026 20:04:37,T0,T1,4.5ft,0.05s
4.24.2026 20:04:37,T0,T1,4.5ft,0.05s
4.24.2026 20:04:37,T0,T1,4.5ft,0.05s
4.24.2026 20:04:38,T0,T1,4.5ft,0.05s
4.24.2026 20:04:38,T0,T1,4.6ft,0.05s
4.24.2026 20:04:38,T0,T1,4.8ft,0.05s
4.24.2026 20:04:38,T0,T1,4.7ft,0.05s
4.24.2026 20:04:38,T0,T1,4.6ft,0.05s
4.24.2026 20:04:38,T0,T1,4.6ft,0.05s
4.24.2026 20:04:38,T0,T1,4.5ft,0.05s
4.24.2026 20:04:38,T0,T1,4.5ft,0.05s
4.24.2026 20:04:38,T0,T1,4.5ft,0.05s
4.24.2026 20:04:38,T0,T1,4.5ft,0.05s
4.24.2026 20:04:38,T0,T1,4.5ft,0.05s
4.24.2026 20:04:38,T0,T1,4.5ft,0.05s
4.24.2026 20:04:38,T0,T1,4.5ft,0.05s
4.24.2026 20:04:38,T0,T1,4.5ft,0.05s
4.24.2026 20:04:38,T0,T1,4.5ft,0.05s
4.24.2026 20:04:38,T0,T1,4.6ft,0.05s
4.24.2026 20:04:38,T0,T1,4.8ft,0.05s
4.24.2026 20:04:38,T0,T1,4.7ft,0.05s
4.24.2026 20:04:38,T0,T1,4.7ft,0.05s
4.24.2026 20:04:39,T0,T1,4.7ft,0.05s
4.24.2026 20:04:39,T0,T1,4.6ft,0.05s
4.24.2026 20:04:39,T0,T1,4.6ft,0.05s
4.24.2026 20:04:39,T0,T1,4.6ft,0.05s
4.24.2026 20:04:39,T0,T1,4.6ft,0.05s
4.24.2026 20:04:39,T0,T1,4.6ft,0.05s
4.24.2026 20:04:39,T0,T1,4.6ft,0.05s
4.24.2026 20:04:39,T0,T1,4.6ft,0.05s
4.24.2026 20:04:39,T0,T1,4.6ft,0.05s
4.24.2026 20:04:39,T0,T1,4.6ft,0.05s
4.24.2026 20:04:39,T0,T1,4.6ft,0.05s
4.24.2026 20:04:39,T0,T1,4.5ft,0.05s
4.24.2026 20:04:39,T0,T1,4.5ft,0.05s
4.24.2026 20:04:39,T0,T1,4.5ft,0.05s
4.24.2026 20:04:39,T0,T1,4.5ft,0.05s
4.24.2026 20:04:39,T0,T1,4.5ft,0.05s
4.24.2026 20:04:39,T0,T1,4.7ft,0.05s
4.24.2026 20:04:39,T0,T1,5.0ft,0.05s
4.24.2026 20:04:39,T0,T1,5.3ft,0.05s
4.24.2026 20:04:39,T0,T1,5.0ft,0.05s
4.24.2026 20:04:40,T0,T1,4.8ft,0.05s
4.24.2026 20:04:40,T0,T1,4.7ft,0.05s
4.24.2026 20:04:40,T0,T1,4.6ft,0.05s
4.24.2026 20:04:40,T0,T1,4.6ft,0.05s
4.24.2026 20:04:40,T0,T1,4.5ft,0.05s
4.24.2026 20:04:40,T0,T1,4.5ft,0.05s
4.24.2026 20:04:40,T0,T1,4.5ft,0.05s
4.24.2026 20:04:40,T0,T1,4.5ft,0.05s
4.24.2026 20:04:40,T0,T1,4.5ft,0.05s
4.24.2026 20:04:40,T0,T1,4.5ft,0.05s
4.24.2026 20:04:40,T0,T1,4.5ft,0.05s
4.24.2026 20:04:40,T0,T1,4.5ft,0.05s
4.24.2026 20:04:40,T0,T1,4.5ft,0.05s
4.24.2026 20:04:40,T0,T1,4.6ft,0.05s
4.24.2026 20:04:40,T0,T1,4.8ft,0.05s
4.24.2026 20:04:40,T0,T1,4.7ft,0.05s
4.24.2026 20:04:40,T0,T1,4.6ft,0.05s
4.24.2026 20:04:40,T0,T1,4.6ft,0.05s
4.24.2026 20:04:40,T0,T1,4.5ft,0.05s
4.24.2026 20:04:40,T0,T1,4.5ft,0.05s
4.24.2026 20:04:41,T0,T1,4.5ft,0.05s
4.24.2026 20:04:41,T0,T1,4.5ft,0.05s
4.24.2026 20:04:41,T0,T1,4.5ft,0.05s
4.24.2026 20:04:41,T0,T1,4.5ft,0.05s
4.24.2026 20:04:41,T0,T1,4.5ft,0.05s
4.24.2026 20:04:41,T0,T1,4.5ft,0.05s
4.24.2026 20:04:41,T0,T1,4.6ft,0.05s
4.24.2026 20:04:41,T0,T1,4.8ft,0.05s
4.24.2026 20:04:41,T0,T1,5.0ft,0.05s
4.24.2026 20:04:41,T0,T1,5.3ft,0.05s
4.24.2026 20:04:41,T0,T1,5.1ft,0.05s
4.24.2026 20:04:41,T0,T1,5.3ft,0.05s
4.24.2026 20:04:41,T0,T1,5.6ft,0.05s
4.24.2026 20:04:41,T0,T1,5.3ft,0.05s
4.24.2026 20:04:41,T0,T1,5.0ft,0.05s
4.24.2026 20:04:41,T0,T1,4.9ft,0.05s
4.24.2026 20:04:41,T0,T1,4.7ft,0.05s
4.24.2026 20:04:41,T0,T1,4.7ft,0.05s
4.24.2026 20:04:41,T0,T1,4.6ft,0.05s
4.24.2026 20:04:42,T0,T1,4.6ft,0.05s
4.24.2026 20:04:42,T0,T1,4.5ft,0.05s
4.24.2026 20:04:42,T0,T1,4.5ft,0.05s
4.24.2026 20:04:42,T0,T1,4.5ft,0.05s
4.24.2026 20:04:42,T0,T1,4.5ft,0.05s
4.24.2026 20:04:42,T0,T1,4.6ft,0.05s
4.24.2026 20:04:42,T0,T1,4.6ft,0.05s
4.24.2026 20:04:42,T0,T1,4.5ft,0.05s
4.24.2026 20:04:42,T0,T1,4.5ft,0.05s
4.24.2026 20:04:42,T0,T1,4.5ft,0.05s
4.24.2026 20:04:42,T0,T1,4.5ft,0.05s
4.24.2026 20:04:42,T0,T1,4.5ft,0.05s
4.24.2026 20:04:42,T0,T1,4.5ft,0.05s
4.24.2026 20:04:42,T0,T1,4.5ft,0.05s
4.24.2026 20:04:42,T0,T1,4.5ft,0.05s
4.24.2026 20:04:42,T0,T1,4.5ft,0.05s
4.24.2026 20:04:42,T0,T1,4.5ft,0.05s
4.24.2026 20:04:42,T0,T1,4.5ft,0.05s
4.24.2026 20:04:42,T0,T1,4.5ft,0.05s
4.24.2026 20:04:42,T0,T1,4.5ft,0.05s
4.24.2026 20:04:43,T0,T1,4.5ft,0.05s
4.24.2026 20:04:43,T0,T1,4.5ft,0.05s
4.24.2026 20:04:43,T0,T1,4.5ft,0.05s
4.24.2026 20:04:43,T0,T1,4.5ft,0.05s
4.24.2026 20:04:43,T0,T1,4.5ft,0.05s
4.24.2026 20:04:43,T0,T1,4.7ft,0.05s
4.24.2026 20:04:43,T0,T1,4.6ft,0.05s
4.24.2026 20:04:43,T0,T1,4.6ft,0.05s
4.24.2026 20:04:43,T0,T1,4.5ft,0.05s
4.24.2026 20:04:43,T0,T1,4.7ft,0.05s
4.24.2026 20:04:43,T0,T1,5.0ft,0.05s
4.24.2026 20:04:43,T0,T1,4.8ft,0.05s
4.24.2026 20:04:43,T0,T1,4.7ft,0.05s
4.24.2026 20:04:43,T0,T1,4.6ft,0.05s
4.24.2026 20:04:43,T0,T1,4.6ft,0.05s
4.24.2026 20:04:43,T0,T1,4.5ft,0.05s
4.24.2026 20:04:43,T0,T1,4.5ft,0.05s
4.24.2026 20:04:43,T0,T1,4.5ft,0.05s
4.24.2026 20:04:43,T0,T1,4.5ft,0.05s
4.24.2026 20:04:44,T0,T1,4.5ft,0.05s
4.24.2026 20:04:44,T0,T1,4.5ft,0.05s
4.24.2026 20:04:44,T0,T1,4.5ft,0.05s
4.24.2026 20:04:44,T0,T1,4.5ft,0.05s
4.24.2026 20:04:44,T0,T1,4.5ft,0.05s
4.24.2026 20:04:44,T0,T1,4.5ft,0.05s
4.24.2026 20:04:44,T0,T1,4.5ft,0.05s
4.24.2026 20:04:44,T0,T1,4.7ft,0.05s
4.24.2026 20:04:44,T0,T1,4.6ft,0.05s
4.24.2026 20:04:44,T0,T1,4.6ft,0.05s
4.24.2026 20:04:44,T0,T1,4.5ft,0.05s
4.24.2026 20:04:44,T0,T1,4.5ft,0.05s
4.24.2026 20:04:44,T0,T1,4.5ft,0.05s
4.24.2026 20:04:44,T0,T1,4.5ft,0.05s
4.24.2026 20:04:44,T0,T1,4.5ft,0.05s
4.24.2026 20:04:44,T0,T1,4.5ft,0.05s
4.24.2026 20:04:44,T0,T1,4.5ft,0.05s
4.24.2026 20:04:44,T0,T1,4.5ft,0.06s
4.24.2026 20:04:44,T0,T1,4.5ft,0.05s
4.24.2026 20:04:44,T0,T1,4.5ft,0.05s
4.24.2026 20:04:45,T0,T1,4.5ft,0.05s
4.24.2026 20:04:45,T0,T1,4.5ft,0.05s
4.24.2026 20:04:45,T0,T1,4.5ft,0.05s
4.24.2026 20:04:45,T0,T1,4.5ft,0.05s
4.24.2026 20:04:45,T0,T1,4.5ft,0.05s
4.24.2026 20:04:45,T0,T1,4.5ft,0.05s
4.24.2026 20:04:45,T0,T1,4.5ft,0.05s
4.24.2026 20:04:45,T0,T1,4.5ft,0.05s
4.24.2026 20:04:45,T0,T1,4.5ft,0.05s
4.24.2026 20:04:45,T0,T1,4.5ft,0.05s
4.24.2026 20:04:45,T0,T1,4.5ft,0.05s
4.24.2026 20:04:45,T0,T1,4.5ft,0.05s
4.24.2026 20:04:45,T0,T1,4.5ft,0.05s
4.24.2026 20:04:45,T0,T1,4.5ft,0.05s
4.24.2026 20:04:45,T0,T1,4.7ft,0.05s
4.24.2026 20:04:45,T0,T1,4.9ft,0.05s
4.24.2026 20:04:45,T0,T1,4.8ft,0.05s
4.24.2026 20:04:45,T0,T1,4.7ft,0.05s
4.24.2026 20:04:45,T0,T1,4.6ft,0.05s
4.24.2026 20:04:45,T0,T1,4.6ft,0.05s
4.24.2026 20:04:46,T0,T1,4.6ft,0.05s
4.24.2026 20:04:46,T0,T1,4.7ft,0.05s
4.24.2026 20:04:46,T0,T1,5.0ft,0.05s
4.24.2026 20:04:46,T0,T1,5.3ft,0.05s
4.24.2026 20:04:46,T0,T1,5.5ft,0.05s
4.24.2026 20:04:46,T0,T1,5.8ft,0.05s
4.24.2026 20:04:46,T0,T1,6.0ft,0.05s
4.24.2026 20:04:46,T0,T1,6.3ft,0.05s
4.24.2026 20:04:46,T0,T1,5.8ft,0.05s
4.24.2026 20:04:46,T0,T1,5.4ft,0.05s
4.24.2026 20:04:46,T0,T1,5.2ft,0.05s
4.24.2026 20:04:46,T0,T1,5.0ft,0.05s
4.24.2026 20:04:46,T0,T1,4.8ft,0.05s
4.24.2026 20:04:46,T0,T1,4.7ft,0.05s
4.24.2026 20:04:46,T0,T1,4.6ft,0.05s
4.24.2026 20:04:46,T0,T1,4.6ft,0.05s
4.24.2026 20:04:46,T0,T1,4.6ft,0.05s
4.24.2026 20:04:46,T0,T1,4.6ft,0.05s
4.24.2026 20:04:46,T0,T1,4.6ft,0.05s
4.24.2026 20:04:47,T0,T1,4.6ft,0.05s
4.24.2026 20:04:47,T0,T1,4.6ft,0.05s
4.24.2026 20:04:47,T0,T1,4.6ft,0.05s
4.24.2026 20:04:47,T0,T1,4.6ft,0.05s
4.24.2026 20:04:47,T0,T1,4.6ft,0.05s
4.24.2026 20:04:47,T0,T1,4.6ft,0.05s
4.24.2026 20:04:47,T0,T1,4.6ft,0.05s
4.24.2026 20:04:47,T0,T1,4.6ft,0.05s
4.24.2026 20:04:47,T0,T1,4.6ft,0.05s
4.24.2026 20:04:47,T0,T1,4.6ft,0.05s
4.24.2026 20:04:47,T0,T1,4.6ft,0.05s
4.24.2026 20:04:47,T0,T1,4.6ft,0.05s
4.24.2026 20:04:47,T0,T1,4.6ft,0.05s
4.24.2026 20:04:47,T0,T1,4.7ft,0.05s
4.24.2026 20:04:47,T0,T1,5.0ft,0.05s
4.24.2026 20:04:47,T0,T1,5.3ft,0.05s
4.24.2026 20:04:47,T0,T1,5.0ft,0.05s
4.24.2026 20:04:47,T0,T1,4.9ft,0.05s
4.24.2026 20:04:47,T0,T1,4.7ft,0.05s
4.24.2026 20:04:47,T0,T1,4.7ft,0.05s
4.24.2026 20:04:48,T0,T1,4.6ft,0.05s
4.24.2026 20:04:48,T0,T1,4.6ft,0.05s
4.24.2026 20:04:48,T0,T1,4.5ft,0.05s
4.24.2026 20:04:48,T0,T1,4.5ft,0.05s
4.24.2026 20:04:48,T0,T1,4.5ft,0.05s
4.24.2026 20:04:48,T0,T1,4.5ft,0.05s
4.24.2026 20:04:48,T0,T1,4.5ft,0.05s
4.24.2026 20:04:48,T0,T1,4.5ft,0.05s
4.24.2026 20:04:48,T0,T1,4.5ft,0.05s
4.24.2026 20:04:48,T0,T1,4.5ft,0.05s
4.24.2026 20:04:48,T0,T1,4.5ft,0.05s
4.24.2026 20:04:48,T0,T1,4.5ft,0.05s
4.24.2026 20:04:48,T0,T1,4.5ft,0.05s
4.24.2026 20:04:48,T0,T1,4.5ft,0.05s
4.24.2026 20:04:48,T0,T1,4.5ft,0.05s
4.24.2026 20:04:48,T0,T1,4.5ft,0.05s
4.24.2026 20:04:48,T0,T1,4.5ft,0.05s
4.24.2026 20:04:48,T0,T1,4.6ft,0.05s
4.24.2026 20:04:48,T0,T1,4.6ft,0.05s
4.24.2026 20:04:49,T0,T1,4.6ft,0.05s
4.24.2026 20:04:49,T0,T1,4.6ft,0.05s
4.24.2026 20:04:49,T0,T1,4.6ft,0.05s
4.24.2026 20:04:49,T0,T1,4.6ft,0.05s
4.24.2026 20:04:49,T0,T1,4.6ft,0.05s
4.24.2026 20:04:49,T0,T1,4.6ft,0.05s
4.24.2026 20:04:49,T0,T1,4.6ft,0.05s
4.24.2026 20:04:49,T0,T1,4.6ft,0.05s
4.24.2026 20:04:49,T0,T1,4.8ft,0.05s
4.24.2026 20:04:49,T0,T1,4.7ft,0.05s
4.24.2026 20:04:49,T0,T1,4.9ft,0.06s
4.24.2026 20:04:49,T0,T1,5.2ft,0.05s
4.24.2026 20:04:49,T0,T1,5.0ft,0.05s
4.24.2026 20:04:49,T0,T1,4.8ft,0.05s
4.24.2026 20:04:49,T0,T1,4.7ft,0.05s
4.24.2026 20:04:49,T0,T1,4.6ft,0.05s
4.24.2026 20:04:49,T0,T1,4.6ft,0.05s
4.24.2026 20:04:49,T0,T1,4.8ft,0.05s
4.24.2026 20:04:49,T0,T1,5.0ft,0.05s
4.24.2026 20:04:49,T0,T1,4.9ft,0.05s
4.24.2026 20:04:50,T0,T1,4.7ft,0.05s
4.24.2026 20:04:50,T0,T1,4.7ft,0.05s
4.24.2026 20:04:50,T0,T1,4.6ft,0.05s
4.24.2026 20:04:50,T0,T1,4.8ft,0.05s
4.24.2026 20:04:50,T0,T1,4.7ft,0.05s
4.24.2026 20:04:50,T0,T1,4.6ft,0.05s
4.24.2026 20:04:50,T0,T1,4.6ft,0.05s
4.24.2026 20:04:50,T0,T1,4.6ft,0.05s
4.24.2026 20:04:50,T0,T1,4.5ft,0.05s
4.24.2026 20:04:50,T0,T1,4.5ft,0.05s
4.24.2026 20:04:50,T0,T1,4.7ft,0.05s
4.24.2026 20:04:50,T0,T1,4.6ft,0.05s
4.24.2026 20:04:50,T0,T1,4.6ft,0.05s
4.24.2026 20:04:50,T0,T1,4.6ft,0.05s
4.24.2026 20:04:50,T0,T1,4.5ft,0.05s
4.24.2026 20:04:50,T0,T1,4.5ft,0.05s
4.24.2026 20:04:50,T0,T1,4.5ft,0.05s
4.24.2026 20:04:50,T0,T1,4.5ft,0.05s
4.24.2026 20:04:50,T0,T1,4.5ft,0.05s
4.24.2026 20:04:50,T0,T1,4.5ft,0.05s
4.24.2026 20:04:51,T0,T1,4.5ft,0.05s
4.24.2026 20:04:51,T0,T1,4.5ft,0.05s
4.24.2026 20:04:51,T0,T1,4.5ft,0.05s
4.24.2026 20:04:51,T0,T1,4.5ft,0.05s
4.24.2026 20:04:51,T0,T1,4.5ft,0.05s
4.24.2026 20:04:51,T0,T1,4.5ft,0.05s
4.24.2026 20:04:51,T0,T1,4.5ft,0.05s
4.24.2026 20:04:51,T0,T1,4.5ft,0.05s
4.24.2026 20:04:51,T0,T1,4.5ft,0.05s
4.24.2026 20:04:51,T0,T1,4.5ft,0.05s
4.24.2026 20:04:51,T0,T1,4.5ft,0.05s
4.24.2026 20:04:51,T0,T1,4.5ft,0.05s
4.24.2026 20:04:51,T0,T1,4.5ft,0.05s
4.24.2026 20:04:51,T0,T1,4.5ft,0.05s
4.24.2026 20:04:51,T0,T1,4.5ft,0.05s
4.24.2026 20:04:51,T0,T1,4.5ft,0.05s
4.24.2026 20:04:51,T0,T1,4.5ft,0.05s
4.24.2026 20:04:51,T0,T1,4.7ft,0.05s
4.24.2026 20:04:51,T0,T1,5.0ft,0.05s
4.24.2026 20:04:52,T0,T1,4.9ft,0.05s
4.24.2026 20:04:52,T0,T1,4.8ft,0.05s
4.24.2026 20:04:52,T0,T1,4.7ft,0.05s
4.24.2026 20:04:52,T0,T1,4.9ft,0.05s
4.24.2026 20:04:52,T0,T1,4.8ft,0.05s
4.24.2026 20:04:52,T0,T1,4.7ft,0.05s
4.24.2026 20:04:52,T0,T1,4.7ft,0.05s
4.24.2026 20:04:52,T0,T1,4.7ft,0.05s
4.24.2026 20:04:52,T0,T1,4.7ft,0.05s
4.24.2026 20:04:52,T0,T1,4.7ft,0.05s
4.24.2026 20:04:52,T0,T1,4.8ft,0.05s
4.24.2026 20:04:52,T0,T1,5.0ft,0.05s
4.24.2026 20:04:52,T0,T1,5.3ft,0.05s
4.24.2026 20:04:52,T0,T1,5.1ft,0.05s
4.24.2026 20:04:52,T0,T1,4.9ft,0.05s
4.24.2026 20:04:52,T0,T1,4.8ft,0.05s
4.24.2026 20:04:52,T0,T1,4.7ft,0.05s
4.24.2026 20:04:52,T0,T1,4.7ft,0.05s
4.24.2026 20:04:52,T0,T1,4.9ft,0.05s
4.24.2026 20:04:52,T0,T1,5.1ft,0.05s
4.24.2026 20:04:53,T0,T1,4.9ft,0.05s
4.24.2026 20:04:53,T0,T1,4.8ft,0.05s
4.24.2026 20:04:53,T0,T1,4.7ft,0.05s
4.24.2026 20:04:53,T0,T1,4.7ft,0.05s
4.24.2026 20:04:53,T0,T1,4.6ft,0.05s
4.24.2026 20:04:53,T0,T1,4.6ft,0.05s
4.24.2026 20:04:53,T0,T1,4.6ft,0.05s
4.24.2026 20:04:53,T0,T1,4.6ft,0.05s
4.24.2026 20:04:53,T0,T1,4.5ft,0.05s
4.24.2026 20:04:53,T0,T1,4.5ft,0.05s
4.24.2026 20:04:53,T0,T1,4.5ft,0.05s
4.24.2026 20:04:53,T0,T1,4.5ft,0.06s
4.24.2026 20:04:53,T0,T1,4.5ft,0.05s
4.24.2026 20:04:53,T0,T1,4.5ft,0.05s
4.24.2026 20:04:53,T0,T1,4.5ft,0.05s
4.24.2026 20:04:53,T0,T1,4.5ft,0.05s
4.24.2026 20:04:53,T0,T1,4.5ft,0.05s
4.24.2026 20:04:53,T0,T1,4.5ft,0.05s
4.24.2026 20:04:53,T0,T1,4.6ft,0.05s
4.24.2026 20:04:54,T0,T1,4.5ft,0.05s
4.24.2026 20:04:54,T0,T1,4.5ft,0.05s
4.24.2026 20:04:54,T0,T1,4.5ft,0.05s
4.24.2026 20:04:54,T0,T1,4.5ft,0.05s
4.24.2026 20:04:54,T0,T1,4.5ft,0.05s
4.24.2026 20:04:54,T0,T1,4.5ft,0.05s
4.24.2026 20:04:54,T0,T1,4.5ft,0.06s
4.24.2026 20:04:54,T0,T1,4.5ft,0.05s
4.24.2026 20:04:54,T0,T1,4.5ft,0.05s
4.24.2026 20:04:54,T0,T1,4.5ft,0.05s
4.24.2026 20:04:54,T0,T1,4.5ft,0.05s
4.24.2026 20:04:54,T0,T1,4.5ft,0.05s
4.24.2026 20:04:54,T0,T1,4.5ft,0.05s
4.24.2026 20:04:54,T0,T1,4.5ft,0.05s
4.24.2026 20:04:54,T0,T1,4.5ft,0.05s
4.24.2026 20:04:54,T0,T1,4.5ft,0.05s
4.24.2026 20:04:54,T0,T1,4.5ft,0.05s
4.24.2026 20:04:54,T0,T1,4.5ft,0.05s
4.24.2026 20:04:54,T0,T1,4.5ft,0.05s
4.24.2026 20:04:54,T0,T1,4.5ft,0.05s
4.24.2026 20:04:55,T0,T1,4.5ft,0.05s
4.24.2026 20:04:55,T0,T1,4.5ft,0.05s
4.24.2026 20:04:55,T0,T1,4.5ft,0.05s
4.24.2026 20:04:55,T0,T1,4.5ft,0.05s
4.24.2026 20:04:55,T0,T1,4.5ft,0.05s
4.24.2026 20:04:55,T0,T1,4.5ft,0.05s
4.24.2026 20:04:55,T0,T1,4.5ft,0.05s
4.24.2026 20:04:55,T0,T1,4.5ft,0.05s
4.24.2026 20:04:55,T0,T1,4.5ft,0.05s
4.24.2026 20:04:55,T0,T1,4.5ft,0.05s
4.24.2026 20:04:55,T0,T1,4.5ft,0.05s
4.24.2026 20:04:55,T0,T1,4.5ft,0.05s
4.24.2026 20:04:55,T0,T1,4.5ft,0.05s
4.24.2026 20:04:55,T0,T1,4.5ft,0.05s
4.24.2026 20:04:55,T0,T1,4.5ft,0.05s
4.24.2026 20:04:55,T0,T1,4.5ft,0.05s
4.24.2026 20:04:55,T0,T1,4.5ft,0.05s
4.24.2026 20:04:55,T0,T1,4.5ft,0.05s
4.24.2026 20:04:55,T0,T1,4.5ft,0.05s
4.24.2026 20:04:56,T0,T1,4.5ft,0.05s
4.24.2026 20:04:56,T0,T1,4.5ft,0.05s
4.24.2026 20:04:56,T0,T1,4.5ft,0.05s
4.24.2026 20:04:56,T0,T1,4.5ft,0.05s
4.24.2026 20:04:56,T0,T1,4.5ft,0.05s
4.24.2026 20:04:56,T0,T1,4.5ft,0.05s
4.24.2026 20:04:56,T0,T1,4.5ft,0.05s
4.24.2026 20:04:56,T0,T1,4.5ft,0.05s
4.24.2026 20:04:56,T0,T1,4.5ft,0.05s
4.24.2026 20:04:56,T0,T1,4.5ft,0.05s
4.24.2026 20:04:56,T0,T1,4.5ft,0.05s
4.24.2026 20:04:56,T0,T1,4.5ft,0.05s
4.24.2026 20:04:56,T0,T1,4.5ft,0.05s
4.24.2026 20:04:56,T0,T1,4.5ft,0.05s
4.24.2026 20:04:56,T0,T1,4.5ft,0.05s
4.24.2026 20:04:56,T0,T1,4.5ft,0.05s
4.24.2026 20:04:56,T0,T1,4.5ft,0.05s
4.24.2026 20:04:56,T0,T1,4.5ft,0.05s
4.24.2026 20:04:56,T0,T1,4.5ft,0.05s
4.24.2026 20:04:56,T0,T1,4.5ft,0.05s
4.24.2026 20:04:57,T0,T1,4.5ft,0.05s
4.24.2026 20:04:57,T0,T1,4.5ft,0.05s
4.24.2026 20:04:57,T0,T1,4.5ft,0.05s
4.24.2026 20:04:57,T0,T1,4.5ft,0.05s
4.24.2026 20:04:57,T0,T1,4.5ft,0.05s
4.24.2026 20:04:57,T0,T1,4.5ft,0.05s
4.24.2026 20:04:57,T0,T1,4.7ft,0.05s
4.24.2026 20:04:57,T0,T1,5.0ft,0.05s
4.24.2026 20:04:57,T0,T1,4.8ft,0.05s
4.24.2026 20:04:57,T0,T1,4.7ft,0.05s
4.24.2026 20:04:57,T0,T1,4.6ft,0.05s
4.24.2026 20:04:57,T0,T1,4.6ft,0.05s
4.24.2026 20:04:57,T0,T1,4.5ft,0.05s
4.24.2026 20:04:57,T0,T1,4.5ft,0.05s
4.24.2026 20:04:57,T0,T1,4.5ft,0.05s
4.24.2026 20:04:57,T0,T1,4.5ft,0.05s
4.24.2026 20:04:57,T0,T1,4.5ft,0.06s
4.24.2026 20:04:57,T0,T1,4.5ft,0.05s
4.24.2026 20:04:57,T0,T1,4.5ft,0.05s
4.24.2026 20:04:57,T0,T1,4.5ft,0.05s
4.24.2026 20:04:58,T0,T1,4.5ft,0.05s
4.24.2026 20:04:58,T0,T1,4.5ft,0.05s
4.24.2026 20:04:58,T0,T1,4.5ft,0.05s
4.24.2026 20:04:58,T0,T1,4.5ft,0.05s
4.24.2026 20:04:58,T0,T1,4.5ft,0.05s
4.24.2026 20:04:58,T0,T1,4.5ft,0.05s
4.24.2026 20:04:58,T0,T1,4.5ft,0.05s
4.24.2026 20:04:58,T0,T1,4.5ft,0.05s
4.24.2026 20:04:58,T0,T1,4.5ft,0.05s
4.24.2026 20:04:58,T0,T1,4.6ft,0.05s
4.24.2026 20:04:58,T0,T1,4.6ft,0.05s
4.24.2026 20:04:58,T0,T1,4.6ft,0.05s
4.24.2026 20:04:58,T0,T1,4.6ft,0.05s
4.24.2026 20:04:58,T0,T1,4.7ft,0.05s
4.24.2026 20:04:58,T0,T1,5.0ft,0.05s
4.24.2026 20:04:58,T0,T1,5.2ft,0.05s
4.24.2026 20:04:58,T0,T1,5.5ft,0.05s
4.24.2026 20:04:58,T0,T1,5.8ft,0.05s
4.24.2026 20:04:58,T0,T1,6.0ft,0.05s
4.24.2026 20:04:59,T0,T1,5.6ft,0.05s
4.24.2026 20:04:59,T0,T1,5.3ft,0.05s
4.24.2026 20:04:59,T0,T1,5.0ft,0.06s
4.24.2026 20:04:59,T0,T1,4.9ft,0.05s
4.24.2026 20:04:59,T0,T1,4.7ft,0.05s
4.24.2026 20:04:59,T0,T1,4.6ft,0.05s
4.24.2026 20:04:59,T0,T1,4.6ft,0.05s
4.24.2026 20:04:59,T0,T1,4.5ft,0.05s
4.24.2026 20:04:59,T0,T1,4.5ft,0.05s
4.24.2026 20:04:59,T0,T1,4.5ft,0.05s
4.24.2026 20:04:59,T0,T1,4.6ft,0.05s
4.24.2026 20:04:59,T0,T1,4.6ft,0.05s
4.24.2026 20:04:59,T0,T1,4.5ft,0.05s
4.24.2026 20:04:59,T0,T1,4.5ft,0.05s
4.24.2026 20:04:59,T0,T1,4.5ft,0.05s
4.24.2026 20:04:59,T0,T1,4.5ft,0.05s
4.24.2026 20:04:59,T0,T1,4.5ft,0.05s
4.24.2026 20:04:59,T0,T1,4.4ft,0.05s
4.24.2026 20:04:59,T0,T1,4.4ft,0.05s
4.24.2026 20:04:59,T0,T1,4.5ft,0.05s
4.24.2026 20:05:00,T0,T1,4.5ft,0.05s
4.24.2026 20:05:00,T0,T1,4.5ft,0.05s
4.24.2026 20:05:00,T0,T1,4.5ft,0.05s
4.24.2026 20:05:00,T0,T1,4.7ft,0.05s
4.24.2026 20:05:00,T0,T1,5.0ft,0.05s
4.24.2026 20:05:00,T0,T1,4.8ft,0.05s
4.24.2026 20:05:00,T0,T1,4.7ft,0.05s
4.24.2026 20:05:00,T0,T1,4.6ft,0.05s
4.24.2026 20:05:00,T0,T1,4.6ft,0.05s
4.24.2026 20:05:00,T0,T1,4.5ft,0.05s
4.24.2026 20:05:00,T0,T1,4.5ft,0.05s
4.24.2026 20:05:00,T0,T1,4.7ft,0.05s
4.24.2026 20:05:00,T0,T1,5.0ft,0.05s
4.24.2026 20:05:00,T0,T1,5.2ft,0.05s
4.24.2026 20:05:00,T0,T1,5.5ft,0.05s
4.24.2026 20:05:00,T0,T1,5.8ft,0.05s
4.24.2026 20:05:00,T0,T1,5.4ft,0.05s
4.24.2026 20:05:00,T0,T1,5.1ft,0.05s
4.24.2026 20:05:00,T0,T1,4.9ft,0.05s
4.24.2026 20:05:01,T0,T1,4.8ft,0.05s
4.24.2026 20:05:01,T0,T1,4.7ft,0.05s
4.24.2026 20:05:01,T0,T1,4.6ft,0.05s
4.24.2026 20:05:01,T0,T1,4.5ft,0.05s
4.24.2026 20:05:01,T0,T1,4.5ft,0.05s
4.24.2026 20:05:01,T0,T1,4.5ft,0.05s
4.24.2026 20:05:01,T0,T1,4.5ft,0.05s
4.24.2026 20:05:01,T0,T1,4.5ft,0.05s
4.24.2026 20:05:01,T0,T1,4.5ft,0.05s
4.24.2026 20:05:01,T0,T1,4.5ft,0.05s
4.24.2026 20:05:01,T0,T1,4.5ft,0.05s
4.24.2026 20:05:01,T0,T1,4.5ft,0.05s
4.24.2026 20:05:01,T0,T1,4.5ft,0.05s
4.24.2026 20:05:01,T0,T1,4.5ft,0.06s
4.24.2026 20:05:01,T0,T1,4.5ft,0.05s
4.24.2026 20:05:01,T0,T1,4.5ft,0.05s
4.24.2026 20:05:01,T0,T1,4.5ft,0.05s
4.24.2026 20:05:01,T0,T1,4.5ft,0.05s
4.24.2026 20:05:01,T0,T1,4.5ft,0.05s
4.24.2026 20:05:01,T0,T1,4.5ft,0.05s
4.24.2026 20:05:02,T0,T1,4.5ft,0.05s
4.24.2026 20:05:02,T0,T1,4.5ft,0.05s
4.24.2026 20:05:02,T0,T1,4.5ft,0.05s
4.24.2026 20:05:02,T0,T1,4.5ft,0.05s
4.24.2026 20:05:02,T0,T1,4.5ft,0.05s
4.24.2026 20:05:02,T0,T1,4.5ft,0.05s
4.24.2026 20:05:02,T0,T1,4.7ft,0.05s
4.24.2026 20:05:02,T0,T1,5.0ft,0.05s
4.24.2026 20:05:02,T0,T1,4.8ft,0.05s
4.24.2026 20:05:02,T0,T1,5.1ft,0.05s
4.24.2026 20:05:02,T0,T1,5.3ft,0.05s
4.24.2026 20:05:02,T0,T1,5.6ft,0.05s
4.24.2026 20:05:02,T0,T1,5.3ft,0.05s
4.24.2026 20:05:02,T0,T1,5.0ft,0.05s
4.24.2026 20:05:02,T0,T1,4.9ft,0.05s
4.24.2026 20:05:02,T0,T1,4.7ft,0.05s
4.24.2026 20:05:02,T0,T1,5.0ft,0.05s
4.24.2026 20:05:02,T0,T1,5.3ft,0.05s
4.24.2026 20:05:02,T0,T1,5.0ft,0.06s
4.24.2026 20:05:03,T0,T1,4.9ft,0.05s
4.24.2026 20:05:03,T0,T1,4.8ft,0.05s
4.24.2026 20:05:03,T0,T1,4.7ft,0.05s
4.24.2026 20:05:03,T0,T1,4.6ft,0.05s
4.24.2026 20:05:03,T0,T1,4.6ft,0.05s
4.24.2026 20:05:03,T0,T1,4.5ft,0.05s
4.24.2026 20:05:03,T0,T1,4.5ft,0.05s
4.24.2026 20:05:03,T0,T1,4.5ft,0.05s
4.24.2026 20:05:03,T0,T1,4.5ft,0.05s
4.24.2026 20:05:03,T0,T1,4.5ft,0.05s
4.24.2026 20:05:03,T0,T1,4.5ft,0.06s
4.24.2026 20:05:03,T0,T1,4.5ft,0.05s
4.24.2026 20:05:03,T0,T1,4.5ft,0.05s
4.24.2026 20:05:03,T0,T1,4.5ft,0.06s
4.24.2026 20:05:03,T0,T1,4.5ft,0.05s
4.24.2026 20:05:03,T0,T1,4.5ft,0.05s
4.24.2026 20:05:03,T0,T1,4.5ft,0.05s
4.24.2026 20:05:03,T0,T1,4.5ft,0.05s
4.24.2026 20:05:03,T0,T1,4.5ft,0.05s
4.24.2026 20:05:03,T0,T1,4.5ft,0.05s
4.24.2026 20:05:04,T0,T1,4.5ft,0.05s
4.24.2026 20:05:04,T0,T1,4.5ft,0.05s
4.24.2026 20:05:04,T0,T1,4.5ft,0.05s
4.24.2026 20:05:04,T0,T1,4.5ft,0.05s
4.24.2026 20:05:04,T0,T1,4.5ft,0.05s
4.24.2026 20:05:04,T0,T1,4.5ft,0.05s
4.24.2026 20:05:04,T0,T1,4.5ft,0.05s
4.24.2026 20:05:04,T0,T1,4.5ft,0.05s
4.24.2026 20:05:04,T0,T1,4.5ft,0.05s
4.24.2026 20:05:04,T0,T1,4.7ft,0.05s
4.24.2026 20:05:04,T0,T1,5.0ft,0.05s
4.24.2026 20:05:04,T0,T1,5.3ft,0.05s
4.24.2026 20:05:04,T0,T1,5.0ft,0.05s
4.24.2026 20:05:04,T0,T1,4.9ft,0.05s
4.24.2026 20:05:04,T0,T1,4.7ft,0.05s
4.24.2026 20:05:04,T0,T1,4.6ft,0.05s
4.24.2026 20:05:04,T0,T1,4.6ft,0.05s
4.24.2026 20:05:04,T0,T1,4.5ft,0.05s
4.24.2026 20:05:04,T0,T1,4.5ft,0.05s
4.24.2026 20:05:05,T0,T1,4.5ft,0.05s
4.24.2026 20:05:05,T0,T1,4.5ft,0.05s
4.24.2026 20:05:05,T0,T1,4.5ft,0.05s
4.24.2026 20:05:05,T0,T1,4.5ft,0.05s
4.24.2026 20:05:05,T0,T1,4.5ft,0.05s
4.24.2026 20:05:05,T0,T1,4.5ft,0.05s
4.24.2026 20:05:05,T0,T1,4.5ft,0.05s
4.24.2026 20:05:05,T0,T1,4.5ft,0.05s
4.24.2026 20:05:05,T0,T1,4.5ft,0.05s
4.24.2026 20:05:05,T0,T1,4.5ft,0.05s
4.24.2026 20:05:05,T0,T1,4.5ft,0.06s
4.24.2026 20:05:05,T0,T1,4.5ft,0.05s
4.24.2026 20:05:05,T0,T1,4.5ft,0.05s
4.24.2026 20:05:05,T0,T1,4.5ft,0.05s
4.24.2026 20:05:05,T0,T1,4.5ft,0.05s
4.24.2026 20:05:05,T0,T1,4.5ft,0.05s
4.24.2026 20:05:05,T0,T1,4.5ft,0.05s
4.24.2026 20:05:05,T0,T1,4.5ft,0.05s
4.24.2026 20:05:05,T0,T1,4.5ft,0.05s
4.24.2026 20:05:05,T0,T1,4.5ft,0.05s
4.24.2026 20:05:06,T0,T1,4.5ft,0.05s
4.24.2026 20:05:06,T0,T1,4.5ft,0.05s
4.24.2026 20:05:06,T0,T1,4.5ft,0.05s
4.24.2026 20:05:06,T0,T1,4.5ft,0.05s
4.24.2026 20:05:06,T0,T1,4.7ft,0.05s
4.24.2026 20:05:06,T0,T1,4.6ft,0.05s
4.24.2026 20:05:06,T0,T1,4.6ft,0.05s
4.24.2026 20:05:06,T0,T1,4.5ft,0.05s
4.24.2026 20:05:06,T0,T1,4.5ft,0.05s
4.24.2026 20:05:06,T0,T1,4.5ft,0.05s
4.24.2026 20:05:06,T0,T1,4.5ft,0.05s
4.24.2026 20:05:06,T0,T1,4.5ft,0.05s
4.24.2026 20:05:06,T0,T1,4.5ft,0.05s
4.24.2026 20:05:06,T0,T1,4.5ft,0.05s
4.24.2026 20:05:06,T0,T1,4.6ft,0.05s
4.24.2026 20:05:06,T0,T1,4.5ft,0.05s
4.24.2026 20:05:06,T0,T1,4.5ft,0.05s
4.24.2026 20:05:06,T0,T1,4.5ft,0.05s
4.24.2026 20:05:06,T0,T1,4.5ft,0.05s
4.24.2026 20:05:06,T0,T1,4.5ft,0.05s
4.24.2026 20:05:07,T0,T1,4.5ft,0.05s
4.24.2026 20:05:07,T0,T1,4.6ft,0.05s
4.24.2026 20:05:07,T0,T1,4.8ft,0.05s
4.24.2026 20:05:07,T0,T1,5.0ft,0.05s
4.24.2026 20:05:07,T0,T1,5.3ft,0.05s
4.24.2026 20:05:07,T0,T1,5.0ft,0.05s
4.24.2026 20:05:07,T0,T1,5.3ft,0.05s
4.24.2026 20:05:07,T0,T1,5.6ft,0.05s
4.24.2026 20:05:07,T0,T1,5.3ft,0.05s
4.24.2026 20:05:07,T0,T1,5.0ft,0.05s
4.24.2026 20:05:07,T0,T1,4.8ft,0.05s
4.24.2026 20:05:07,T0,T1,4.7ft,0.05s
4.24.2026 20:05:07,T0,T1,4.6ft,0.05s
4.24.2026 20:05:07,T0,T1,4.6ft,0.05s
4.24.2026 20:05:07,T0,T1,4.5ft,0.05s
4.24.2026 20:05:07,T0,T1,4.5ft,0.05s
4.24.2026 20:05:07,T0,T1,4.7ft,0.05s
4.24.2026 20:05:07,T0,T1,4.9ft,0.05s
4.24.2026 20:05:07,T0,T1,5.2ft,0.05s
4.24.2026 20:05:08,T0,T1,5.0ft,0.05s
4.24.2026 20:05:08,T0,T1,4.8ft,0.05s
4.24.2026 20:05:08,T0,T1,4.7ft,0.05s
4.24.2026 20:05:08,T0,T1,4.6ft,0.05s
4.24.2026 20:05:08,T0,T1,4.9ft,0.05s
4.24.2026 20:05:08,T0,T1,5.2ft,0.05s
4.24.2026 20:05:08,T0,T1,5.5ft,0.05s
4.24.2026 20:05:08,T0,T1,5.2ft,0.05s
4.24.2026 20:05:08,T0,T1,5.0ft,0.05s
4.24.2026 20:05:08,T0,T1,4.8ft,0.05s
4.24.2026 20:05:08,T0,T1,4.7ft,0.05s
4.24.2026 20:05:08,T0,T1,4.7ft,0.05s
4.24.2026 20:05:08,T0,T1,4.9ft,0.05s
4.24.2026 20:05:08,T0,T1,5.2ft,0.05s
4.24.2026 20:05:08,T0,T1,5.0ft,0.05s
4.24.2026 20:05:08,T0,T1,4.8ft,0.05s
4.24.2026 20:05:08,T0,T1,4.7ft,0.05s
4.24.2026 20:05:08,T0,T1,4.7ft,0.05s
4.24.2026 20:05:08,T0,T1,4.6ft,0.05s
4.24.2026 20:05:08,T0,T1,4.8ft,0.05s
4.24.2026 20:05:09,T0,T1,5.1ft,0.05s
4.24.2026 20:05:09,T0,T1,5.4ft,0.05s
4.24.2026 20:05:09,T0,T1,5.1ft,0.05s
4.24.2026 20:05:09,T0,T1,4.9ft,0.05s
4.24.2026 20:05:09,T0,T1,4.8ft,0.05s
4.24.2026 20:05:09,T0,T1,4.7ft,0.05s
4.24.2026 20:05:09,T0,T1,4.6ft,0.05s
4.24.2026 20:05:09,T0,T1,4.6ft,0.05s
4.24.2026 20:05:09,T0,T1,4.8ft,0.05s
4.24.2026 20:05:09,T0,T1,5.1ft,0.05s
4.24.2026 20:05:09,T0,T1,5.3ft,0.05s
4.24.2026 20:05:09,T0,T1,5.6ft,0.05s
4.24.2026 20:05:09,T0,T1,5.3ft,0.05s
4.24.2026 20:05:09,T0,T1,5.1ft,0.05s
4.24.2026 20:05:09,T0,T1,4.9ft,0.05s
4.24.2026 20:05:09,T0,T1,4.7ft,0.05s
4.24.2026 20:05:09,T0,T1,4.7ft,0.05s
4.24.2026 20:05:09,T0,T1,4.6ft,0.05s
4.24.2026 20:05:09,T0,T1,4.6ft,0.05s
4.24.2026 20:05:09,T0,T1,4.5ft,0.05s
4.24.2026 20:05:10,T0,T1,4.5ft,0.05s
4.24.2026 20:05:10,T0,T1,4.5ft,0.05s
4.24.2026 20:05:10,T0,T1,4.5ft,0.05s
4.24.2026 20:05:10,T0,T1,4.5ft,0.05s
4.24.2026 20:05:10,T0,T1,4.5ft,0.05s
4.24.2026 20:05:10,T0,T1,4.5ft,0.05s
4.24.2026 20:05:10,T0,T1,4.5ft,0.05s
4.24.2026 20:05:10,T0,T1,4.5ft,0.05s
4.24.2026 20:05:10,T0,T1,4.5ft,0.05s
4.24.2026 20:05:10,T0,T1,4.5ft,0.05s
4.24.2026 20:05:10,T0,T1,4.5ft,0.05s
4.24.2026 20:05:10,T0,T1,4.5ft,0.05s
4.24.2026 20:05:10,T0,T1,4.5ft,0.05s
4.24.2026 20:05:10,T0,T1,4.5ft,0.05s
4.24.2026 20:05:10,T0,T1,4.5ft,0.05s
4.24.2026 20:05:10,T0,T1,4.5ft,0.05s
4.24.2026 20:05:10,T0,T1,4.5ft,0.05s
4.24.2026 20:05:10,T0,T1,4.5ft,0.05s
4.24.2026 20:05:10,T0,T1,4.5ft,0.05s
4.24.2026 20:05:11,T0,T1,4.5ft,0.05s
4.24.2026 20:05:11,T0,T1,4.5ft,0.05s
4.24.2026 20:05:11,T0,T1,4.5ft,0.05s
4.24.2026 20:05:11,T0,T1,4.5ft,0.05s
4.24.2026 20:05:11,T0,T1,4.5ft,0.05s
4.24.2026 20:05:11,T0,T1,4.5ft,0.06s
4.24.2026 20:05:11,T0,T1,4.5ft,0.05s
4.24.2026 20:05:11,T0,T1,4.5ft,0.05s
4.24.2026 20:05:11,T0,T1,4.5ft,0.05s
4.24.2026 20:05:11,T0,T1,4.5ft,0.05s
4.24.2026 20:05:11,T0,T1,4.5ft,0.05s
4.24.2026 20:05:11,T0,T1,4.5ft,0.05s
4.24.2026 20:05:11,T0,T1,4.5ft,0.05s
4.24.2026 20:05:11,T0,T1,4.5ft,0.05s
4.24.2026 20:05:11,T0,T1,4.5ft,0.05s
4.24.2026 20:05:11,T0,T1,4.5ft,0.05s
4.24.2026 20:05:11,T0,T1,4.5ft,0.05s
4.24.2026 20:05:11,T0,T1,4.5ft,0.05s
4.24.2026 20:05:11,T0,T1,4.5ft,0.05s
4.24.2026 20:05:11,T0,T1,4.5ft,0.05s
4.24.2026 20:05:12,T0,T1,4.5ft,0.05s
4.24.2026 20:05:12,T0,T1,4.5ft,0.05s
4.24.2026 20:05:12,T0,T1,4.5ft,0.05s
4.24.2026 20:05:12,T0,T1,4.5ft,0.05s
4.24.2026 20:05:12,T0,T1,4.5ft,0.05s
4.24.2026 20:05:12,T0,T1,4.5ft,0.05s
4.24.2026 20:05:12,T0,T1,4.7ft,0.05s
4.24.2026 20:05:12,T0,T1,4.6ft,0.05s
4.24.2026 20:05:12,T0,T1,4.6ft,0.05s
4.24.2026 20:05:12,T0,T1,4.8ft,0.05s
4.24.2026 20:05:12,T0,T1,4.7ft,0.06s
4.24.2026 20:05:12,T0,T1,4.6ft,0.05s
4.24.2026 20:05:12,T0,T1,4.6ft,0.05s
4.24.2026 20:05:12,T0,T1,4.5ft,0.05s
4.24.2026 20:05:12,T0,T1,4.5ft,0.05s
4.24.2026 20:05:12,T0,T1,4.5ft,0.05s
4.24.2026 20:05:12,T0,T1,4.5ft,0.05s
4.24.2026 20:05:12,T0,T1,4.5ft,0.05s
4.24.2026 20:05:12,T0,T1,4.5ft,0.05s
4.24.2026 20:05:13,T0,T1,4.6ft,0.05s
4.24.2026 20:05:13,T0,T1,4.8ft,0.05s
4.24.2026 20:05:13,T0,T1,4.7ft,0.05s
4.24.2026 20:05:13,T0,T1,4.6ft,0.05s
4.24.2026 20:05:13,T0,T1,4.5ft,0.05s
4.24.2026 20:05:13,T0,T1,4.5ft,0.05s
4.24.2026 20:05:13,T0,T1,4.5ft,0.05s
4.24.2026 20:05:13,T0,T1,4.7ft,0.05s
4.24.2026 20:05:13,T0,T1,4.9ft,0.05s
4.24.2026 20:05:13,T0,T1,4.8ft,0.05s
4.24.2026 20:05:13,T0,T1,4.7ft,0.05s
4.24.2026 20:05:13,T0,T1,4.9ft,0.05s
4.24.2026 20:05:13,T0,T1,4.8ft,0.05s
4.24.2026 20:05:13,T0,T1,4.7ft,0.05s
4.24.2026 20:05:13,T0,T1,4.6ft,0.05s
4.24.2026 20:05:13,T0,T1,4.6ft,0.05s
4.24.2026 20:05:13,T0,T1,4.5ft,0.05s
4.24.2026 20:05:13,T0,T1,4.5ft,0.05s
4.24.2026 20:05:13,T0,T1,4.5ft,0.05s
4.24.2026 20:05:13,T0,T1,4.5ft,0.05s
4.24.2026 20:05:14,T0,T1,4.5ft,0.05s
4.24.2026 20:05:14,T0,T1,4.5ft,0.05s
4.24.2026 20:05:14,T0,T1,4.5ft,0.05s
4.24.2026 20:05:14,T0,T1,4.5ft,0.05s
4.24.2026 20:05:14,T0,T1,4.5ft,0.05s
4.24.2026 20:05:14,T0,T1,4.5ft,0.05s
4.24.2026 20:05:14,T0,T1,4.6ft,0.05s
4.24.2026 20:05:14,T0,T1,4.8ft,0.05s
4.24.2026 20:05:14,T0,T1,5.0ft,0.05s
4.24.2026 20:05:14,T0,T1,4.9ft,0.05s
4.24.2026 20:05:14,T0,T1,4.8ft,0.05s
4.24.2026 20:05:14,T0,T1,4.7ft,0.05s
4.24.2026 20:05:14,T0,T1,4.6ft,0.05s
4.24.2026 20:05:14,T0,T1,4.6ft,0.05s
4.24.2026 20:05:14,T0,T1,4.6ft,0.05s
4.24.2026 20:05:14,T0,T1,4.5ft,0.05s
4.24.2026 20:05:14,T0,T1,4.5ft,0.05s
4.24.2026 20:05:14,T0,T1,4.5ft,0.05s
4.24.2026 20:05:14,T0,T1,4.5ft,0.05s
4.24.2026 20:05:15,T0,T1,4.6ft,0.05s
4.24.2026 20:05:15,T0,T1,4.6ft,0.05s
4.24.2026 20:05:15,T0,T1,4.6ft,0.05s
4.24.2026 20:05:15,T0,T1,4.5ft,0.05s
4.24.2026 20:05:15,T0,T1,4.5ft,0.05s
4.24.2026 20:05:15,T0,T1,4.5ft,0.05s
4.24.2026 20:05:15,T0,T1,4.5ft,0.05s
4.24.2026 20:05:15,T0,T1,4.5ft,0.05s
4.24.2026 20:05:15,T0,T1,4.5ft,0.05s
4.24.2026 20:05:15,T0,T1,4.5ft,0.05s
4.24.2026 20:05:15,T0,T1,4.5ft,0.05s
4.24.2026 20:05:15,T0,T1,4.5ft,0.05s
4.24.2026 20:05:15,T0,T1,4.5ft,0.05s
4.24.2026 20:05:15,T0,T1,4.5ft,0.06s
4.24.2026 20:05:15,T0,T1,4.5ft,0.05s
4.24.2026 20:05:15,T0,T1,4.5ft,0.05s
4.24.2026 20:05:15,T0,T1,4.5ft,0.05s
4.24.2026 20:05:15,T0,T1,4.5ft,0.05s
4.24.2026 20:05:15,T0,T1,4.5ft,0.05s
4.24.2026 20:05:15,T0,T1,4.5ft,0.05s
4.24.2026 20:05:16,T0,T1,4.5ft,0.05s
4.24.2026 20:05:16,T0,T1,4.5ft,0.05s
4.24.2026 20:05:16,T0,T1,4.7ft,0.05s
4.24.2026 20:05:16,T0,T1,4.6ft,0.05s
4.24.2026 20:05:16,T0,T1,4.6ft,0.05s
4.24.2026 20:05:16,T0,T1,4.6ft,0.05s
4.24.2026 20:05:16,T0,T1,4.8ft,0.05s
4.24.2026 20:05:16,T0,T1,5.0ft,0.05s
4.24.2026 20:05:16,T0,T1,4.9ft,0.05s
4.24.2026 20:05:16,T0,T1,4.7ft,0.05s
4.24.2026 20:05:16,T0,T1,4.6ft,0.05s
4.24.2026 20:05:16,T0,T1,4.6ft,0.05s
4.24.2026 20:05:16,T0,T1,4.8ft,0.05s
4.24.2026 20:05:16,T0,T1,4.7ft,0.05s
4.24.2026 20:05:16,T0,T1,4.6ft,0.05s
4.24.2026 20:05:16,T0,T1,4.6ft,0.05s
4.24.2026 20:05:16,T0,T1,4.5ft,0.05s
4.24.2026 20:05:16,T0,T1,4.5ft,0.05s
4.24.2026 20:05:16,T0,T1,4.5ft,0.05s
4.24.2026 20:05:17,T0,T1,4.5ft,0.05s
4.24.2026 20:05:17,T0,T1,4.5ft,0.05s
4.24.2026 20:05:17,T0,T1,4.5ft,0.05s
4.24.2026 20:05:17,T0,T1,4.5ft,0.05s
4.24.2026 20:05:17,T0,T1,4.5ft,0.05s
4.24.2026 20:05:17,T0,T1,4.5ft,0.05s
4.24.2026 20:05:17,T0,T1,4.5ft,0.05s
4.24.2026 20:05:17,T0,T1,4.5ft,0.05s
4.24.2026 20:05:17,T0,T1,4.5ft,0.05s
4.24.2026 20:05:17,T0,T1,4.5ft,0.05s
4.24.2026 20:05:17,T0,T1,4.5ft,0.06s
4.24.2026 20:05:17,T0,T1,4.5ft,0.05s
4.24.2026 20:05:17,T0,T1,4.5ft,0.05s
4.24.2026 20:05:17,T0,T1,4.5ft,0.05s
4.24.2026 20:05:17,T0,T1,4.5ft,0.05s
4.24.2026 20:05:17,T0,T1,4.5ft,0.05s
4.24.2026 20:05:17,T0,T1,4.5ft,0.05s
4.24.2026 20:05:17,T0,T1,4.5ft,0.05s
4.24.2026 20:05:17,T0,T1,4.5ft,0.05s
4.24.2026 20:05:17,T0,T1,4.5ft,0.05s
4.24.2026 20:05:18,T0,T1,4.5ft,0.05s
4.24.2026 20:05:18,T0,T1,4.5ft,0.05s
4.24.2026 20:05:18,T0,T1,4.5ft,0.05s
4.24.2026 20:05:18,T0,T1,4.5ft,0.05s
4.24.2026 20:05:18,T0,T1,4.5ft,0.05s
4.24.2026 20:05:18,T0,T1,4.7ft,0.05s
4.24.2026 20:05:18,T0,T1,4.6ft,0.05s
4.24.2026 20:05:18,T0,T1,4.6ft,0.05s
4.24.2026 20:05:18,T0,T1,4.5ft,0.05s
4.24.2026 20:05:18,T0,T1,4.5ft,0.05s
4.24.2026 20:05:18,T0,T1,4.5ft,0.05s
4.24.2026 20:05:18,T0,T1,4.5ft,0.05s
4.24.2026 20:05:18,T0,T1,4.5ft,0.05s
4.24.2026 20:05:18,T0,T1,4.6ft,0.05s
4.24.2026 20:05:18,T0,T1,4.8ft,0.05s
4.24.2026 20:05:18,T0,T1,4.7ft,0.05s
4.24.2026 20:05:18,T0,T1,4.6ft,0.05s
4.24.2026 20:05:18,T0,T1,4.6ft,0.05s
4.24.2026 20:05:18,T0,T1,4.5ft,0.05s
4.24.2026 20:05:19,T0,T1,4.5ft,0.05s
4.24.2026 20:05:19,T0,T1,4.5ft,0.05s
4.24.2026 20:05:19,T0,T1,4.5ft,0.05s
4.24.2026 20:05:19,T0,T1,4.5ft,0.05s
4.24.2026 20:05:19,T0,T1,4.5ft,0.05s
4.24.2026 20:05:19,T0,T1,4.5ft,0.05s
4.24.2026 20:05:19,T0,T1,4.5ft,0.05s
4.24.2026 20:05:19,T0,T1,4.5ft,0.05s
4.24.2026 20:05:19,T0,T1,4.5ft,0.05s
4.24.2026 20:05:19,T0,T1,4.7ft,0.05s
4.24.2026 20:05:19,T0,T1,4.6ft,0.06s
4.24.2026 20:05:19,T0,T1,4.6ft,0.05s
4.24.2026 20:05:19,T0,T1,4.5ft,0.05s
4.24.2026 20:05:19,T0,T1,4.5ft,0.05s
4.24.2026 20:05:19,T0,T1,4.5ft,0.05s
4.24.2026 20:05:19,T0,T1,4.6ft,0.05s
4.24.2026 20:05:19,T0,T1,4.9ft,0.05s
4.24.2026 20:05:19,T0,T1,4.7ft,0.05s
4.24.2026 20:05:19,T0,T1,4.7ft,0.05s
4.24.2026 20:05:19,T0,T1,4.6ft,0.05s
4.24.2026 20:05:20,T0,T1,4.5ft,0.05s
4.24.2026 20:05:20,T0,T1,4.8ft,0.05s
4.24.2026 20:05:20,T0,T1,5.0ft,0.05s
4.24.2026 20:05:20,T0,T1,5.3ft,0.05s
4.24.2026 20:05:20,T0,T1,5.6ft,0.05s
4.24.2026 20:05:20,T0,T1,5.3ft,0.05s
4.24.2026 20:05:20,T0,T1,5.0ft,0.05s
4.24.2026 20:05:20,T0,T1,4.9ft,0.05s
4.24.2026 20:05:20,T0,T1,4.7ft,0.05s
4.24.2026 20:05:20,T0,T1,4.6ft,0.05s
4.24.2026 20:05:20,T0,T1,4.6ft,0.05s
4.24.2026 20:05:20,T0,T1,4.5ft,0.05s
4.24.2026 20:05:20,T0,T1,4.5ft,0.05s
4.24.2026 20:05:20,T0,T1,4.5ft,0.05s
4.24.2026 20:05:20,T0,T1,4.5ft,0.05s
4.24.2026 20:05:20,T0,T1,4.5ft,0.05s
4.24.2026 20:05:20,T0,T1,4.5ft,0.05s
4.24.2026 20:05:20,T0,T1,4.5ft,0.05s
4.24.2026 20:05:20,T0,T1,4.5ft,0.05s
4.24.2026 20:05:20,T0,T1,4.5ft,0.05s
4.24.2026 20:05:21,T0,T1,4.5ft,0.05s
4.24.2026 20:05:21,T0,T1,4.5ft,0.05s
4.24.2026 20:05:21,T0,T1,4.5ft,0.05s
4.24.2026 20:05:21,T0,T1,4.5ft,0.05s
4.24.2026 20:05:21,T0,T1,4.5ft,0.05s
4.24.2026 20:05:21,T0,T1,4.5ft,0.05s
4.24.2026 20:05:21,T0,T1,4.5ft,0.05s
4.24.2026 20:05:21,T0,T1,4.5ft,0.05s
4.24.2026 20:05:21,T0,T1,4.5ft,0.05s
4.24.2026 20:05:21,T0,T1,4.5ft,0.05s
4.24.2026 20:05:21,T0,T1,4.5ft,0.05s
4.24.2026 20:05:21,T0,T1,4.5ft,0.05s
4.24.2026 20:05:21,T0,T1,4.5ft,0.05s
4.24.2026 20:05:21,T0,T1,4.5ft,0.05s
4.24.2026 20:05:21,T0,T1,4.5ft,0.05s
4.24.2026 20:05:21,T0,T1,4.5ft,0.05s
4.24.2026 20:05:21,T0,T1,4.5ft,0.05s
4.24.2026 20:05:21,T0,T1,4.5ft,0.05s
4.24.2026 20:05:21,T0,T1,4.7ft,0.05s
4.24.2026 20:05:22,T0,T1,4.6ft,0.05s
4.24.2026 20:05:22,T0,T1,4.6ft,0.05s
4.24.2026 20:05:22,T0,T1,4.5ft,0.05s
4.24.2026 20:05:22,T0,T1,4.5ft,0.05s
4.24.2026 20:05:22,T0,T1,4.5ft,0.05s
4.24.2026 20:05:22,T0,T1,4.5ft,0.05s
4.24.2026 20:05:22,T0,T1,4.5ft,0.05s
4.24.2026 20:05:22,T0,T1,4.5ft,0.05s
4.24.2026 20:05:22,T0,T1,4.5ft,0.05s
4.24.2026 20:05:22,T0,T1,4.5ft,0.05s
4.24.2026 20:05:22,T0,T1,4.5ft,0.05s
4.24.2026 20:05:22,T0,T1,4.5ft,0.05s
4.24.2026 20:05:22,T0,T1,4.5ft,0.05s
4.24.2026 20:05:22,T0,T1,4.5ft,0.05s
4.24.2026 20:05:22,T0,T1,4.5ft,0.05s
4.24.2026 20:05:22,T0,T1,4.5ft,0.05s
4.24.2026 20:05:22,T0,T1,4.5ft,0.05s
4.24.2026 20:05:22,T0,T1,4.5ft,0.05s
4.24.2026 20:05:22,T0,T1,4.5ft,0.05s
4.24.2026 20:05:22,T0,T1,4.5ft,0.05s
4.24.2026 20:05:23,T0,T1,4.5ft,0.05s
4.24.2026 20:05:23,T0,T1,4.5ft,0.05s
4.24.2026 20:05:23,T0,T1,4.5ft,0.05s
4.24.2026 20:05:23,T0,T1,4.5ft,0.05s
4.24.2026 20:05:23,T0,T1,4.5ft,0.05s
4.24.2026 20:05:23,T0,T1,4.5ft,0.05s
4.24.2026 20:05:23,T0,T1,4.5ft,0.05s
4.24.2026 20:05:23,T0,T1,4.5ft,0.05s
4.24.2026 20:05:23,T0,T1,4.5ft,0.05s
4.24.2026 20:05:23,T0,T1,4.5ft,0.05s
4.24.2026 20:05:23,T0,T1,4.5ft,0.05s
4.24.2026 20:05:23,T0,T1,4.5ft,0.05s
4.24.2026 20:05:23,T0,T1,4.6ft,0.05s
4.24.2026 20:05:23,T0,T1,4.5ft,0.05s
4.24.2026 20:05:23,T0,T1,4.5ft,0.05s
4.24.2026 20:05:23,T0,T1,4.5ft,0.05s
4.24.2026 20:05:23,T0,T1,4.6ft,0.05s
4.24.2026 20:05:23,T0,T1,4.6ft,0.05s
4.24.2026 20:05:23,T0,T1,4.6ft,0.05s
4.24.2026 20:05:24,T0,T1,4.6ft,0.05s
4.24.2026 20:05:24,T0,T1,4.6ft,0.05s
4.24.2026 20:05:24,T0,T1,4.6ft,0.05s
4.24.2026 20:05:24,T0,T1,4.6ft,0.05s
4.24.2026 20:05:24,T0,T1,4.6ft,0.05s
4.24.2026 20:05:24,T0,T1,4.5ft,0.05s
4.24.2026 20:05:24,T0,T1,4.5ft,0.05s
4.24.2026 20:05:24,T0,T1,4.5ft,0.05s
4.24.2026 20:05:24,T0,T1,4.5ft,0.05s
4.24.2026 20:05:24,T0,T1,4.5ft,0.05s
4.24.2026 20:05:24,T0,T1,4.5ft,0.05s
4.24.2026 20:05:24,T0,T1,4.5ft,0.05s
4.24.2026 20:05:24,T0,T1,4.5ft,0.05s
4.24.2026 20:05:24,T0,T1,4.5ft,0.05s
4.24.2026 20:05:24,T0,T1,4.5ft,0.05s
4.24.2026 20:05:24,T0,T1,4.5ft,0.05s
4.24.2026 20:05:24,T0,T1,4.5ft,0.05s
4.24.2026 20:05:24,T0,T1,4.5ft,0.05s
4.24.2026 20:05:24,T0,T1,4.5ft,0.05s
4.24.2026 20:05:24,T0,T1,4.5ft,0.05s
4.24.2026 20:05:25,T0,T1,4.5ft,0.05s
4.24.2026 20:05:25,T0,T1,4.5ft,0.05s
4.24.2026 20:05:25,T0,T1,4.7ft,0.05s
4.24.2026 20:05:25,T0,T1,4.9ft,0.05s
4.24.2026 20:05:25,T0,T1,5.2ft,0.05s
4.24.2026 20:05:25,T0,T1,5.0ft,0.05s
4.24.2026 20:05:25,T0,T1,4.8ft,0.05s
4.24.2026 20:05:25,T0,T1,4.7ft,0.05s
4.24.2026 20:05:25,T0,T1,4.6ft,0.05s
4.24.2026 20:05:25,T0,T1,4.6ft,0.05s
4.24.2026 20:05:25,T0,T1,4.8ft,0.05s
4.24.2026 20:05:25,T0,T1,5.1ft,0.05s
4.24.2026 20:05:25,T0,T1,5.4ft,0.05s
4.24.2026 20:05:25,T0,T1,5.1ft,0.05s
4.24.2026 20:05:25,T0,T1,4.9ft,0.05s
4.24.2026 20:05:25,T0,T1,4.8ft,0.05s
4.24.2026 20:05:25,T0,T1,4.7ft,0.05s
4.24.2026 20:05:25,T0,T1,4.6ft,0.05s
4.24.2026 20:05:25,T0,T1,4.6ft,0.05s
4.24.2026 20:05:25,T0,T1,4.5ft,0.05s
4.24.2026 20:05:26,T0,T1,4.5ft,0.05s
4.24.2026 20:05:26,T0,T1,4.5ft,0.05s
4.24.2026 20:05:26,T0,T1,4.5ft,0.05s
4.24.2026 20:05:26,T0,T1,4.5ft,0.05s
4.24.2026 20:05:26,T0,T1,4.5ft,0.05s
4.24.2026 20:05:26,T0,T1,4.5ft,0.05s
4.24.2026 20:05:26,T0,T1,4.5ft,0.05s
4.24.2026 20:05:26,T0,T1,4.5ft,0.05s
4.24.2026 20:05:26,T0,T1,4.5ft,0.05s
4.24.2026 20:05:26,T0,T1,4.5ft,0.05s
4.24.2026 20:05:26,T0,T1,4.5ft,0.05s
4.24.2026 20:05:26,T0,T1,4.5ft,0.05s
4.24.2026 20:05:26,T0,T1,4.5ft,0.05s
4.24.2026 20:05:26,T0,T1,4.5ft,0.05s
4.24.2026 20:05:26,T0,T1,4.5ft,0.05s
4.24.2026 20:05:26,T0,T1,4.5ft,0.05s
4.24.2026 20:05:26,T0,T1,4.5ft,0.05s
4.24.2026 20:05:26,T0,T1,4.5ft,0.05s
4.24.2026 20:05:26,T0,T1,4.5ft,0.05s
4.24.2026 20:05:27,T0,T1,4.5ft,0.05s
4.24.2026 20:05:27,T0,T1,4.5ft,0.05s
4.24.2026 20:05:27,T0,T1,4.5ft,0.05s
4.24.2026 20:05:27,T0,T1,4.5ft,0.05s
4.24.2026 20:05:27,T0,T1,4.5ft,0.05s
4.24.2026 20:05:27,T0,T1,4.5ft,0.05s
4.24.2026 20:05:27,T0,T1,4.5ft,0.05s
4.24.2026 20:05:27,T0,T1,4.6ft,0.05s
4.24.2026 20:05:27,T0,T1,4.6ft,0.05s
4.24.2026 20:05:27,T0,T1,4.7ft,0.05s
4.24.2026 20:05:27,T0,T1,4.7ft,0.05s
4.24.2026 20:05:27,T0,T1,4.6ft,0.05s
4.24.2026 20:05:27,T0,T1,4.6ft,0.05s
4.24.2026 20:05:27,T0,T1,4.6ft,0.06s
4.24.2026 20:05:27,T0,T1,4.5ft,0.05s
4.24.2026 20:05:27,T0,T1,4.5ft,0.05s
4.24.2026 20:05:27,T0,T1,4.5ft,0.05s
4.24.2026 20:05:27,T0,T1,4.5ft,0.05s
4.24.2026 20:05:27,T0,T1,4.5ft,0.05s
4.24.2026 20:05:27,T0,T1,4.5ft,0.05s
4.24.2026 20:05:28,T0,T1,4.5ft,0.05s
4.24.2026 20:05:28,T0,T1,4.5ft,0.05s
4.24.2026 20:05:28,T0,T1,4.5ft,0.05s
4.24.2026 20:05:28,T0,T1,4.5ft,0.05s
4.24.2026 20:05:28,T0,T1,4.5ft,0.05s
4.24.2026 20:05:28,T0,T1,4.5ft,0.05s
4.24.2026 20:05:28,T0,T1,4.5ft,0.05s
4.24.2026 20:05:28,T0,T1,4.5ft,0.06s
4.24.2026 20:05:28,T0,T1,4.5ft,0.05s
4.24.2026 20:05:28,T0,T1,4.5ft,0.05s
4.24.2026 20:05:28,T0,T1,4.5ft,0.05s
4.24.2026 20:05:28,T0,T1,4.5ft,0.05s
4.24.2026 20:05:28,T0,T1,4.5ft,0.05s
4.24.2026 20:05:28,T0,T1,4.5ft,0.05s
4.24.2026 20:05:28,T0,T1,4.7ft,0.05s
4.24.2026 20:05:28,T0,T1,5.0ft,0.05s
4.24.2026 20:05:28,T0,T1,5.3ft,0.05s
4.24.2026 20:05:28,T0,T1,5.0ft,0.05s
4.24.2026 20:05:28,T0,T1,4.9ft,0.05s
4.24.2026 20:05:29,T0,T1,4.7ft,0.05s
4.24.2026 20:05:29,T0,T1,4.7ft,0.05s
4.24.2026 20:05:29,T0,T1,4.6ft,0.05s
4.24.2026 20:05:29,T0,T1,4.6ft,0.05s
4.24.2026 20:05:29,T0,T1,4.5ft,0.05s
4.24.2026 20:05:29,T0,T1,4.5ft,0.05s
4.24.2026 20:05:29,T0,T1,4.7ft,0.05s
4.24.2026 20:05:29,T0,T1,4.9ft,0.05s
4.24.2026 20:05:29,T0,T1,4.8ft,0.05s
4.24.2026 20:05:29,T0,T1,4.7ft,0.05s
4.24.2026 20:05:29,T0,T1,4.6ft,0.05s
4.24.2026 20:05:29,T0,T1,4.6ft,0.05s
4.24.2026 20:05:29,T0,T1,4.8ft,0.05s
4.24.2026 20:05:29,T0,T1,5.0ft,0.06s
4.24.2026 20:05:29,T0,T1,5.3ft,0.05s
4.24.2026 20:05:29,T0,T1,5.6ft,0.05s
4.24.2026 20:05:29,T0,T1,5.9ft,0.05s
4.24.2026 20:05:29,T0,T1,6.1ft,0.05s
4.24.2026 20:05:29,T0,T1,6.4ft,0.05s
4.24.2026 20:05:29,T0,T1,5.8ft,0.05s
4.24.2026 20:05:30,T0,T1,5.5ft,0.05s
4.24.2026 20:05:30,T0,T1,5.2ft,0.05s
4.24.2026 20:05:30,T0,T1,5.0ft,0.05s
4.24.2026 20:05:30,T0,T1,4.8ft,0.05s
4.24.2026 20:05:30,T0,T1,4.7ft,0.05s
4.24.2026 20:05:30,T0,T1,4.6ft,0.05s
4.24.2026 20:05:30,T0,T1,4.6ft,0.05s
4.24.2026 20:05:30,T0,T1,4.6ft,0.05s
4.24.2026 20:05:30,T0,T1,4.5ft,0.05s
4.24.2026 20:05:30,T0,T1,4.5ft,0.05s
4.24.2026 20:05:30,T0,T1,4.5ft,0.05s
4.24.2026 20:05:30,T0,T1,4.5ft,0.05s
4.24.2026 20:05:30,T0,T1,4.5ft,0.05s
4.24.2026 20:05:30,T0,T1,4.5ft,0.05s
4.24.2026 20:05:30,T0,T1,4.5ft,0.05s
4.24.2026 20:05:30,T0,T1,4.5ft,0.06s
4.24.2026 20:05:30,T0,T1,4.5ft,0.05s
4.24.2026 20:05:30,T0,T1,4.5ft,0.05s
4.24.2026 20:05:30,T0,T1,4.6ft,0.05s
4.24.2026 20:05:31,T0,T1,4.6ft,0.05s
4.24.2026 20:05:31,T0,T1,4.6ft,0.05s
4.24.2026 20:05:31,T0,T1,4.6ft,0.05s
4.24.2026 20:05:31,T0,T1,4.6ft,0.05s
4.24.2026 20:05:31,T0,T1,4.6ft,0.05s
4.24.2026 20:05:31,T0,T1,4.6ft,0.05s
4.24.2026 20:05:31,T0,T1,4.6ft,0.05s
4.24.2026 20:05:31,T0,T1,4.6ft,0.05s
4.24.2026 20:05:31,T0,T1,4.6ft,0.05s
4.24.2026 20:05:31,T0,T1,4.6ft,0.05s
4.24.2026 20:05:31,T0,T1,4.6ft,0.06s
4.24.2026 20:05:31,T0,T1,4.6ft,0.05s
4.24.2026 20:05:31,T0,T1,4.6ft,0.05s
4.24.2026 20:05:31,T0,T1,4.6ft,0.05s
4.24.2026 20:05:31,T0,T1,4.6ft,0.05s
4.24.2026 20:05:31,T0,T1,4.6ft,0.05s
4.24.2026 20:05:31,T0,T1,4.6ft,0.05s
4.24.2026 20:05:31,T0,T1,4.7ft,0.05s
4.24.2026 20:05:31,T0,T1,4.6ft,0.05s
4.24.2026 20:05:31,T0,T1,4.6ft,0.05s
4.24.2026 20:05:32,T0,T1,4.8ft,0.05s
4.24.2026 20:05:32,T0,T1,5.1ft,0.05s
4.24.2026 20:05:32,T0,T1,4.9ft,0.05s
4.24.2026 20:05:32,T0,T1,4.8ft,0.05s
4.24.2026 20:05:32,T0,T1,4.7ft,0.05s
4.24.2026 20:05:32,T0,T1,4.6ft,0.05s
4.24.2026 20:05:32,T0,T1,4.6ft,0.05s
4.24.2026 20:05:32,T0,T1,4.6ft,0.05s
4.24.2026 20:05:32,T0,T1,4.6ft,0.05s
4.24.2026 20:05:32,T0,T1,4.5ft,0.05s
4.24.2026 20:05:32,T0,T1,4.7ft,0.05s
4.24.2026 20:05:32,T0,T1,4.9ft,0.05s
4.24.2026 20:05:32,T0,T1,5.2ft,0.05s
4.24.2026 20:05:32,T0,T1,5.4ft,0.05s
4.24.2026 20:05:32,T0,T1,5.2ft,0.05s
4.24.2026 20:05:32,T0,T1,5.0ft,0.05s
4.24.2026 20:05:32,T0,T1,4.8ft,0.05s
4.24.2026 20:05:32,T0,T1,5.1ft,0.05s
4.24.2026 20:05:32,T0,T1,5.4ft,0.05s
4.24.2026 20:05:32,T0,T1,5.1ft,0.05s
4.24.2026 20:05:33,T0,T1,4.9ft,0.05s
4.24.2026 20:05:33,T0,T1,4.8ft,0.05s
4.24.2026 20:05:33,T0,T1,4.7ft,0.05s
4.24.2026 20:05:33,T0,T1,4.6ft,0.05s
4.24.2026 20:05:33,T0,T1,4.6ft,0.05s
4.24.2026 20:05:33,T0,T1,4.5ft,0.05s
4.24.2026 20:05:33,T0,T1,4.5ft,0.05s
4.24.2026 20:05:33,T0,T1,4.5ft,0.05s
4.24.2026 20:05:33,T0,T1,4.5ft,0.05s
4.24.2026 20:05:33,T0,T1,4.5ft,0.05s
4.24.2026 20:05:33,T0,T1,4.6ft,0.05s
4.24.2026 20:05:33,T0,T1,4.8ft,0.05s
4.24.2026 20:05:33,T0,T1,5.1ft,0.05s
4.24.2026 20:05:33,T0,T1,5.4ft,0.05s
4.24.2026 20:05:33,T0,T1,5.6ft,0.05s
4.24.2026 20:05:33,T0,T1,5.3ft,0.05s
4.24.2026 20:05:33,T0,T1,5.1ft,0.05s
4.24.2026 20:05:33,T0,T1,4.9ft,0.05s
4.24.2026 20:05:33,T0,T1,4.8ft,0.05s
4.24.2026 20:05:34,T0,T1,4.7ft,0.05s
4.24.2026 20:05:34,T0,T1,4.6ft,0.06s
4.24.2026 20:05:34,T0,T1,4.6ft,0.05s
4.24.2026 20:05:34,T0,T1,4.6ft,0.05s
4.24.2026 20:05:34,T0,T1,4.6ft,0.05s
4.24.2026 20:05:34,T0,T1,4.5ft,0.05s
4.24.2026 20:05:34,T0,T1,4.5ft,0.05s
4.24.2026 20:05:34,T0,T1,4.5ft,0.05s
4.24.2026 20:05:34,T0,T1,4.5ft,0.05s
4.24.2026 20:05:34,T0,T1,4.5ft,0.05s
4.24.2026 20:05:34,T0,T1,4.5ft,0.05s
4.24.2026 20:05:34,T0,T1,4.5ft,0.05s
4.24.2026 20:05:34,T0,T1,4.5ft,0.05s
4.24.2026 20:05:34,T0,T1,4.5ft,0.05s
4.24.2026 20:05:34,T0,T1,4.5ft,0.05s
4.24.2026 20:05:34,T0,T1,4.5ft,0.05s
4.24.2026 20:05:34,T0,T1,4.5ft,0.05s
4.24.2026 20:05:34,T0,T1,4.5ft,0.05s
4.24.2026 20:05:34,T0,T1,4.5ft,0.05s
4.24.2026 20:05:34,T0,T1,4.5ft,0.05s
4.24.2026 20:05:35,T0,T1,4.5ft,0.05s
4.24.2026 20:05:35,T0,T1,4.5ft,0.05s
4.24.2026 20:05:35,T0,T1,4.5ft,0.05s
4.24.2026 20:05:35,T0,T1,4.5ft,0.05s
4.24.2026 20:05:35,T0,T1,4.5ft,0.05s
4.24.2026 20:05:35,T0,T1,4.5ft,0.05s
4.24.2026 20:05:35,T0,T1,4.5ft,0.05s
4.24.2026 20:05:35,T0,T1,4.5ft,0.05s
4.24.2026 20:05:35,T0,T1,4.5ft,0.05s
4.24.2026 20:05:35,T0,T1,4.5ft,0.05s
4.24.2026 20:05:35,T0,T1,4.6ft,0.05s
4.24.2026 20:05:35,T0,T1,4.6ft,0.05s
4.24.2026 20:05:35,T0,T1,4.5ft,0.05s
4.24.2026 20:05:35,T0,T1,4.5ft,0.05s
4.24.2026 20:05:35,T0,T1,4.5ft,0.05s
4.24.2026 20:05:35,T0,T1,4.5ft,0.05s
4.24.2026 20:05:35,T0,T1,4.5ft,0.05s
4.24.2026 20:05:35,T0,T1,4.6ft,0.05s
4.24.2026 20:05:35,T0,T1,4.6ft,0.05s
4.24.2026 20:05:36,T0,T1,4.5ft,0.05s
4.24.2026 20:05:36,T0,T1,4.5ft,0.05s
4.24.2026 20:05:36,T0,T1,4.5ft,0.05s
4.24.2026 20:05:36,T0,T1,4.5ft,0.05s
4.24.2026 20:05:36,T0,T1,4.5ft,0.05s
4.24.2026 20:05:36,T0,T1,4.5ft,0.05s
4.24.2026 20:05:36,T0,T1,4.5ft,0.05s
4.24.2026 20:05:36,T0,T1,4.5ft,0.05s
4.24.2026 20:05:36,T0,T1,4.5ft,0.05s
4.24.2026 20:05:36,T0,T1,4.5ft,0.05s
4.24.2026 20:05:36,T0,T1,4.5ft,0.05s
4.24.2026 20:05:36,T0,T1,4.5ft,0.05s
4.24.2026 20:05:36,T0,T1,4.5ft,0.05s
4.24.2026 20:05:36,T0,T1,4.5ft,0.05s
4.24.2026 20:05:36,T0,T1,4.5ft,0.05s
4.24.2026 20:05:36,T0,T1,4.5ft,0.05s
4.24.2026 20:05:36,T0,T1,4.5ft,0.05s
4.24.2026 20:05:36,T0,T1,4.5ft,0.05s
4.24.2026 20:05:36,T0,T1,4.5ft,0.05s
4.24.2026 20:05:36,T0,T1,4.5ft,0.05s
4.24.2026 20:05:37,T0,T1,4.5ft,0.05s
4.24.2026 20:05:37,T0,T1,4.5ft,0.05s
4.24.2026 20:05:37,T0,T1,4.5ft,0.05s
4.24.2026 20:05:37,T0,T1,4.5ft,0.05s
4.24.2026 20:05:37,T0,T1,4.5ft,0.05s
4.24.2026 20:05:37,T0,T1,4.5ft,0.05s
4.24.2026 20:05:37,T0,T1,4.5ft,0.05s
4.24.2026 20:05:37,T0,T1,4.5ft,0.05s
4.24.2026 20:05:37,T0,T1,4.5ft,0.05s
4.24.2026 20:05:37,T0,T1,4.5ft,0.05s
4.24.2026 20:05:37,T0,T1,4.5ft,0.05s
4.24.2026 20:05:37,T0,T1,4.5ft,0.05s
4.24.2026 20:05:37,T0,T1,4.5ft,0.05s
4.24.2026 20:05:37,T0,T1,4.5ft,0.05s
4.24.2026 20:05:37,T0,T1,4.5ft,0.05s
4.24.2026 20:05:37,T0,T1,4.5ft,0.05s
4.24.2026 20:05:37,T0,T1,4.5ft,0.05s
4.24.2026 20:05:37,T0,T1,4.5ft,0.05s
4.24.2026 20:05:37,T0,T1,4.5ft,0.05s
4.24.2026 20:05:37,T0,T1,4.5ft,0.05s
4.24.2026 20:05:38,T0,T1,4.5ft,0.05s
4.24.2026 20:05:38,T0,T1,4.5ft,0.05s
4.24.2026 20:05:38,T0,T1,4.5ft,0.05s
4.24.2026 20:05:38,T0,T1,4.5ft,0.05s
4.24.2026 20:05:38,T0,T1,4.5ft,0.05s
4.24.2026 20:05:38,T0,T1,4.5ft,0.05s
4.24.2026 20:05:38,T0,T1,4.5ft,0.05s
4.24.2026 20:05:38,T0,T1,4.5ft,0.05s
4.24.2026 20:05:38,T0,T1,4.5ft,0.05s
4.24.2026 20:05:38,T0,T1,4.5ft,0.05s
4.24.2026 20:05:38,T0,T1,4.5ft,0.05s
4.24.2026 20:05:38,T0,T1,4.5ft,0.05s
4.24.2026 20:05:38,T0,T1,4.5ft,0.05s
4.24.2026 20:05:38,T0,T1,4.5ft,0.05s
4.24.2026 20:05:38,T0,T1,4.5ft,0.05s
4.24.2026 20:05:38,T0,T1,4.5ft,0.05s
4.24.2026 20:05:38,T0,T1,4.5ft,0.05s
4.24.2026 20:05:38,T0,T1,4.5ft,0.05s
4.24.2026 20:05:38,T0,T1,4.5ft,0.05s
4.24.2026 20:05:39,T0,T1,4.5ft,0.05s
4.24.2026 20:05:39,T0,T1,4.5ft,0.05s
4.24.2026 20:05:39,T0,T1,4.5ft,0.05s
4.24.2026 20:05:39,T0,T1,4.7ft,0.05s
4.24.2026 20:05:39,T0,T1,4.6ft,0.05s
4.24.2026 20:05:39,T0,T1,4.6ft,0.06s
4.24.2026 20:05:39,T0,T1,4.6ft,0.05s
4.24.2026 20:05:39,T0,T1,4.5ft,0.05s
4.24.2026 20:05:39,T0,T1,4.5ft,0.05s
4.24.2026 20:05:39,T0,T1,4.5ft,0.05s
4.24.2026 20:05:39,T0,T1,4.5ft,0.05s
4.24.2026 20:05:39,T0,T1,4.5ft,0.05s
4.24.2026 20:05:39,T0,T1,4.5ft,0.05s
4.24.2026 20:05:39,T0,T1,4.5ft,0.05s
4.24.2026 20:05:39,T0,T1,4.5ft,0.05s
4.24.2026 20:05:39,T0,T1,4.5ft,0.05s
4.24.2026 20:05:39,T0,T1,4.5ft,0.05s
4.24.2026 20:05:39,T0,T1,4.5ft,0.05s
4.24.2026 20:05:39,T0,T1,4.5ft,0.05s
4.24.2026 20:05:39,T0,T1,4.5ft,0.05s
4.24.2026 20:05:40,T0,T1,4.5ft,0.05s
4.24.2026 20:05:40,T0,T1,4.5ft,0.05s
4.24.2026 20:05:40,T0,T1,4.5ft,0.05s
4.24.2026 20:05:40,T0,T1,4.5ft,0.05s
4.24.2026 20:05:40,T0,T1,4.5ft,0.05s
4.24.2026 20:05:40,T0,T1,4.5ft,0.05s
4.24.2026 20:05:40,T0,T1,4.5ft,0.05s
4.24.2026 20:05:40,T0,T1,4.5ft,0.05s
4.24.2026 20:05:40,T0,T1,4.5ft,0.05s
4.24.2026 20:05:40,T0,T1,4.5ft,0.05s
4.24.2026 20:05:40,T0,T1,4.5ft,0.05s
4.24.2026 20:05:40,T0,T1,4.5ft,0.05s
4.24.2026 20:05:40,T0,T1,4.5ft,0.05s
4.24.2026 20:05:40,T0,T1,4.5ft,0.05s
4.24.2026 20:05:40,T0,T1,4.5ft,0.05s
4.24.2026 20:05:40,T0,T1,4.5ft,0.05s
4.24.2026 20:05:40,T0,T1,4.5ft,0.05s
4.24.2026 20:05:40,T0,T1,4.5ft,0.05s
4.24.2026 20:05:40,T0,T1,4.5ft,0.05s
4.24.2026 20:05:41,T0,T1,4.5ft,0.05s
4.24.2026 20:05:41,T0,T1,4.7ft,0.05s
4.24.2026 20:05:41,T0,T1,5.0ft,0.05s
4.24.2026 20:05:41,T0,T1,5.2ft,0.05s
4.24.2026 20:05:41,T0,T1,5.5ft,0.05s
4.24.2026 20:05:41,T0,T1,5.8ft,0.05s
4.24.2026 20:05:41,T0,T1,6.1ft,0.05s
4.24.2026 20:05:41,T0,T1,5.6ft,0.05s
4.24.2026 20:05:41,T0,T1,5.3ft,0.05s
4.24.2026 20:05:41,T0,T1,5.0ft,0.05s
4.24.2026 20:05:41,T0,T1,4.9ft,0.05s
4.24.2026 20:05:41,T0,T1,4.8ft,0.05s
4.24.2026 20:05:41,T0,T1,4.7ft,0.05s
4.24.2026 20:05:41,T0,T1,4.6ft,0.05s
4.24.2026 20:05:41,T0,T1,4.6ft,0.05s
4.24.2026 20:05:41,T0,T1,4.5ft,0.05s
4.24.2026 20:05:41,T0,T1,4.5ft,0.05s
4.24.2026 20:05:41,T0,T1,4.5ft,0.05s
4.24.2026 20:05:41,T0,T1,4.5ft,0.05s
4.24.2026 20:05:41,T0,T1,4.5ft,0.05s
4.24.2026 20:05:42,T0,T1,4.5ft,0.05s
4.24.2026 20:05:42,T0,T1,4.5ft,0.05s
4.24.2026 20:05:42,T0,T1,4.5ft,0.05s
4.24.2026 20:05:42,T0,T1,4.5ft,0.05s
4.24.2026 20:05:42,T0,T1,4.5ft,0.05s
4.24.2026 20:05:42,T0,T1,4.5ft,0.05s
4.24.2026 20:05:42,T0,T1,4.5ft,0.05s
4.24.2026 20:05:42,T0,T1,4.5ft,0.05s
4.24.2026 20:05:42,T0,T1,4.5ft,0.05s
4.24.2026 20:05:42,T0,T1,4.5ft,0.05s
4.24.2026 20:05:42,T0,T1,4.5ft,0.05s
4.24.2026 20:05:42,T0,T1,4.6ft,0.05s
4.24.2026 20:05:42,T0,T1,4.8ft,0.05s
4.24.2026 20:05:42,T0,T1,5.1ft,0.05s
4.24.2026 20:05:42,T0,T1,4.9ft,0.05s
4.24.2026 20:05:42,T0,T1,4.8ft,0.05s
4.24.2026 20:05:42,T0,T1,4.7ft,0.05s
4.24.2026 20:05:42,T0,T1,4.6ft,0.05s
4.24.2026 20:05:42,T0,T1,4.6ft,0.05s
4.24.2026 20:05:42,T0,T1,4.5ft,0.05s
4.24.2026 20:05:43,T0,T1,4.5ft,0.05s
4.24.2026 20:05:43,T0,T1,4.5ft,0.05s
4.24.2026 20:05:43,T0,T1,4.5ft,0.05s
4.24.2026 20:05:43,T0,T1,4.5ft,0.05s
4.24.2026 20:05:43,T0,T1,4.5ft,0.05s
4.24.2026 20:05:43,T0,T1,4.5ft,0.05s
4.24.2026 20:05:43,T0,T1,4.5ft,0.05s
4.24.2026 20:05:43,T0,T1,4.5ft,0.05s
4.24.2026 20:05:43,T0,T1,4.5ft,0.05s
4.24.2026 20:05:43,T0,T1,4.5ft,0.05s
4.24.2026 20:05:43,T0,T1,4.5ft,0.05s
4.24.2026 20:05:43,T0,T1,4.5ft,0.05s
4.24.2026 20:05:43,T0,T1,4.5ft,0.05s
4.24.2026 20:05:43,T0,T1,4.5ft,0.05s
4.24.2026 20:05:43,T0,T1,4.5ft,0.05s
4.24.2026 20:05:43,T0,T1,4.5ft,0.05s
4.24.2026 20:05:43,T0,T1,4.5ft,0.05s
4.24.2026 20:05:43,T0,T1,4.5ft,0.05s
4.24.2026 20:05:43,T0,T1,4.5ft,0.05s
4.24.2026 20:05:44,T0,T1,4.5ft,0.05s
4.24.2026 20:05:44,T0,T1,4.5ft,0.05s
4.24.2026 20:05:44,T0,T1,4.7ft,0.05s
4.24.2026 20:05:44,T0,T1,4.6ft,0.05s
4.24.2026 20:05:44,T0,T1,4.6ft,0.05s
4.24.2026 20:05:44,T0,T1,4.5ft,0.05s
4.24.2026 20:05:44,T0,T1,4.5ft,0.05s
4.24.2026 20:05:44,T0,T1,4.5ft,0.05s
4.24.2026 20:05:44,T0,T1,4.7ft,0.05s
4.24.2026 20:05:44,T0,T1,4.9ft,0.05s
4.24.2026 20:05:44,T0,T1,5.2ft,0.05s
4.24.2026 20:05:44,T0,T1,5.0ft,0.05s
4.24.2026 20:05:44,T0,T1,4.8ft,0.05s
4.24.2026 20:05:44,T0,T1,4.7ft,0.05s
4.24.2026 20:05:44,T0,T1,4.6ft,0.05s
4.24.2026 20:05:44,T0,T1,4.6ft,0.05s
4.24.2026 20:05:44,T0,T1,4.6ft,0.05s
4.24.2026 20:05:44,T0,T1,4.5ft,0.05s
4.24.2026 20:05:44,T0,T1,4.5ft,0.05s
4.24.2026 20:05:44,T0,T1,4.5ft,0.05s
4.24.2026 20:05:45,T0,T1,4.5ft,0.05s
4.24.2026 20:05:45,T0,T1,4.5ft,0.05s
4.24.2026 20:05:45,T0,T1,4.5ft,0.05s
4.24.2026 20:05:45,T0,T1,4.5ft,0.05s
4.24.2026 20:05:45,T0,T1,4.5ft,0.05s
4.24.2026 20:05:45,T0,T1,4.5ft,0.05s
4.24.2026 20:05:45,T0,T1,4.5ft,0.05s
4.24.2026 20:05:45,T0,T1,4.5ft,0.05s
4.24.2026 20:05:45,T0,T1,4.5ft,0.05s
4.24.2026 20:05:45,T0,T1,4.5ft,0.05s
4.24.2026 20:05:45,T0,T1,4.5ft,0.05s
4.24.2026 20:05:45,T0,T1,4.5ft,0.05s
4.24.2026 20:05:45,T0,T1,4.5ft,0.05s
4.24.2026 20:05:45,T0,T1,4.5ft,0.05s
4.24.2026 20:05:45,T0,T1,4.5ft,0.05s
4.24.2026 20:05:45,T0,T1,4.5ft,0.05s
4.24.2026 20:05:45,T0,T1,4.5ft,0.05s
4.24.2026 20:05:45,T0,T1,4.5ft,0.05s
4.24.2026 20:05:45,T0,T1,4.5ft,0.05s
4.24.2026 20:05:46,T0,T1,4.5ft,0.05s
4.24.2026 20:05:46,T0,T1,4.5ft,0.05s
4.24.2026 20:05:46,T0,T1,4.5ft,0.05s
4.24.2026 20:05:46,T0,T1,4.5ft,0.05s
4.24.2026 20:05:46,T0,T1,4.5ft,0.05s
4.24.2026 20:05:46,T0,T1,4.5ft,0.05s
4.24.2026 20:05:46,T0,T1,4.5ft,0.05s
4.24.2026 20:05:46,T0,T1,4.5ft,0.05s
4.24.2026 20:05:46,T0,T1,4.5ft,0.05s
4.24.2026 20:05:46,T0,T1,4.5ft,0.05s
4.24.2026 20:05:46,T0,T1,4.5ft,0.05s
4.24.2026 20:05:46,T0,T1,4.5ft,0.05s
4.24.2026 20:05:46,T0,T1,4.5ft,0.05s
4.24.2026 20:05:46,T0,T1,4.5ft,0.05s
4.24.2026 20:05:46,T0,T1,4.5ft,0.05s
4.24.2026 20:05:46,T0,T1,4.5ft,0.05s
4.24.2026 20:05:46,T0,T1,4.5ft,0.05s
4.24.2026 20:05:46,T0,T1,4.5ft,0.05s
4.24.2026 20:05:46,T0,T1,4.5ft,0.05s
4.24.2026 20:05:46,T0,T1,4.5ft,0.05s
4.24.2026 20:05:47,T0,T1,4.5ft,0.05s
4.24.2026 20:05:47,T0,T1,4.5ft,0.05s
4.24.2026 20:05:47,T0,T1,4.5ft,0.05s
4.24.2026 20:05:47,T0,T1,4.7ft,0.05s
4.24.2026 20:05:47,T0,T1,4.6ft,0.05s
4.24.2026 20:05:47,T0,T1,4.6ft,0.05s
4.24.2026 20:05:47,T0,T1,4.6ft,0.05s
4.24.2026 20:05:47,T0,T1,4.6ft,0.05s
4.24.2026 20:05:47,T0,T1,4.5ft,0.05s
4.24.2026 20:05:47,T0,T1,4.7ft,0.05s
4.24.2026 20:05:47,T0,T1,4.9ft,0.05s
4.24.2026 20:05:47,T0,T1,5.2ft,0.06s
4.24.2026 20:05:47,T0,T1,5.0ft,0.05s
4.24.2026 20:05:47,T0,T1,4.8ft,0.05s
4.24.2026 20:05:47,T0,T1,4.7ft,0.05s
4.24.2026 20:05:47,T0,T1,4.7ft,0.05s
4.24.2026 20:05:47,T0,T1,4.6ft,0.05s
4.24.2026 20:05:47,T0,T1,4.6ft,0.05s
4.24.2026 20:05:47,T0,T1,4.5ft,0.05s
4.24.2026 20:05:47,T0,T1,4.5ft,0.05s
4.24.2026 20:05:48,T0,T1,4.5ft,0.05s
4.24.2026 20:05:48,T0,T1,4.5ft,0.05s
4.24.2026 20:05:48,T0,T1,4.5ft,0.05s
4.24.2026 20:05:48,T0,T1,4.5ft,0.05s
4.24.2026 20:05:48,T0,T1,4.5ft,0.05s
4.24.2026 20:05:48,T0,T1,4.5ft,0.05s
4.24.2026 20:05:48,T0,T1,4.5ft,0.05s
4.24.2026 20:05:48,T0,T1,4.5ft,0.05s
4.24.2026 20:05:48,T0,T1,4.5ft,0.05s
4.24.2026 20:05:48,T0,T1,4.5ft,0.05s
4.24.2026 20:05:48,T0,T1,4.5ft,0.05s
4.24.2026 20:05:48,T0,T1,4.5ft,0.05s
4.24.2026 20:05:48,T0,T1,4.5ft,0.05s
4.24.2026 20:05:48,T0,T1,4.7ft,0.05s
4.24.2026 20:05:48,T0,T1,5.0ft,0.05s
4.24.2026 20:05:48,T0,T1,5.3ft,0.05s
4.24.2026 20:05:48,T0,T1,5.5ft,0.05s
4.24.2026 20:05:48,T0,T1,5.2ft,0.05s
4.24.2026 20:05:48,T0,T1,5.0ft,0.05s
4.24.2026 20:05:49,T0,T1,4.8ft,0.05s
4.24.2026 20:05:49,T0,T1,4.7ft,0.05s
4.24.2026 20:05:49,T0,T1,4.6ft,0.05s
4.24.2026 20:05:49,T0,T1,4.6ft,0.05s
4.24.2026 20:05:49,T0,T1,4.6ft,0.05s
4.24.2026 20:05:49,T0,T1,4.5ft,0.05s
4.24.2026 20:05:49,T0,T1,4.5ft,0.05s
4.24.2026 20:05:49,T0,T1,4.5ft,0.05s
4.24.2026 20:05:49,T0,T1,4.5ft,0.05s
4.24.2026 20:05:49,T0,T1,4.5ft,0.05s
4.24.2026 20:05:49,T0,T1,4.5ft,0.05s
4.24.2026 20:05:49,T0,T1,4.6ft,0.05s
4.24.2026 20:05:49,T0,T1,4.5ft,0.05s
4.24.2026 20:05:49,T0,T1,4.5ft,0.05s
4.24.2026 20:05:49,T0,T1,4.5ft,0.05s
4.24.2026 20:05:49,T0,T1,4.6ft,0.05s
4.24.2026 20:05:49,T0,T1,4.6ft,0.05s
4.24.2026 20:05:49,T0,T1,4.5ft,0.05s
4.24.2026 20:05:49,T0,T1,4.7ft,0.05s
4.24.2026 20:05:49,T0,T1,4.6ft,0.05s
4.24.2026 20:05:50,T0,T1,4.6ft,0.05s
4.24.2026 20:05:50,T0,T1,4.6ft,0.05s
4.24.2026 20:05:50,T0,T1,4.5ft,0.05s
4.24.2026 20:05:50,T0,T1,4.5ft,0.05s
4.24.2026 20:05:50,T0,T1,4.5ft,0.05s
4.24.2026 20:05:50,T0,T1,4.5ft,0.05s
4.24.2026 20:05:50,T0,T1,4.5ft,0.05s
4.24.2026 20:05:50,T0,T1,4.5ft,0.05s
4.24.2026 20:05:50,T0,T1,4.5ft,0.05s
4.24.2026 20:05:50,T0,T1,4.5ft,0.05s
4.24.2026 20:05:50,T0,T1,4.6ft,0.05s
4.24.2026 20:05:50,T0,T1,4.8ft,0.05s
4.24.2026 20:05:50,T0,T1,4.7ft,0.05s
4.24.2026 20:05:50,T0,T1,4.6ft,0.05s
4.24.2026 20:05:50,T0,T1,4.6ft,0.05s
4.24.2026 20:05:50,T0,T1,4.6ft,0.05s
4.24.2026 20:05:50,T0,T1,4.5ft,0.05s
4.24.2026 20:05:50,T0,T1,4.5ft,0.05s
4.24.2026 20:05:50,T0,T1,4.5ft,0.05s
4.24.2026 20:05:51,T0,T1,4.6ft,0.05s
4.24.2026 20:05:51,T0,T1,4.6ft,0.05s
4.24.2026 20:05:51,T0,T1,4.6ft,0.05s
4.24.2026 20:05:51,T0,T1,4.5ft,0.05s
4.24.2026 20:05:51,T0,T1,4.5ft,0.05s
4.24.2026 20:05:51,T0,T1,4.5ft,0.05s
4.24.2026 20:05:51,T0,T1,4.5ft,0.05s
4.24.2026 20:05:51,T0,T1,4.5ft,0.05s
4.24.2026 20:05:51,T0,T1,4.5ft,0.05s
4.24.2026 20:05:51,T0,T1,4.5ft,0.05s
4.24.2026 20:05:51,T0,T1,4.5ft,0.05s
4.24.2026 20:05:51,T0,T1,4.6ft,0.05s
4.24.2026 20:05:51,T0,T1,4.5ft,0.05s
4.24.2026 20:05:51,T0,T1,4.5ft,0.05s
4.24.2026 20:05:51,T0,T1,4.5ft,0.05s
4.24.2026 20:05:51,T0,T1,4.5ft,0.05s
4.24.2026 20:05:51,T0,T1,4.5ft,0.05s
4.24.2026 20:05:51,T0,T1,4.5ft,0.05s
4.24.2026 20:05:51,T0,T1,4.5ft,0.05s
4.24.2026 20:05:51,T0,T1,4.5ft,0.05s
4.24.2026 20:05:52,T0,T1,4.5ft,0.05s
4.24.2026 20:05:52,T0,T1,4.6ft,0.05s
4.24.2026 20:05:52,T0,T1,4.8ft,0.05s
4.24.2026 20:05:52,T0,T1,4.7ft,0.05s
4.24.2026 20:05:52,T0,T1,4.6ft,0.05s
4.24.2026 20:05:52,T0,T1,4.6ft,0.05s
4.24.2026 20:05:52,T0,T1,4.8ft,0.05s
4.24.2026 20:05:52,T0,T1,5.0ft,0.05s
4.24.2026 20:05:52,T0,T1,4.9ft,0.05s
4.24.2026 20:05:52,T0,T1,4.7ft,0.05s
4.24.2026 20:05:52,T0,T1,4.7ft,0.05s
4.24.2026 20:05:52,T0,T1,4.6ft,0.05s
4.24.2026 20:05:52,T0,T1,4.8ft,0.05s
4.24.2026 20:05:52,T0,T1,4.7ft,0.05s
4.24.2026 20:05:52,T0,T1,4.6ft,0.05s
4.24.2026 20:05:52,T0,T1,4.6ft,0.05s
4.24.2026 20:05:52,T0,T1,4.5ft,0.05s
4.24.2026 20:05:52,T0,T1,4.5ft,0.05s
4.24.2026 20:05:52,T0,T1,4.5ft,0.05s
4.24.2026 20:05:52,T0,T1,4.5ft,0.05s
4.24.2026 20:05:53,T0,T1,4.5ft,0.05s
4.24.2026 20:05:53,T0,T1,4.5ft,0.05s
4.24.2026 20:05:53,T0,T1,4.5ft,0.05s
4.24.2026 20:05:53,T0,T1,4.5ft,0.05s
4.24.2026 20:05:53,T0,T1,4.5ft,0.05s
4.24.2026 20:05:53,T0,T1,4.5ft,0.05s
4.24.2026 20:05:53,T0,T1,4.6ft,0.05s
4.24.2026 20:05:53,T0,T1,4.5ft,0.05s
4.24.2026 20:05:53,T0,T1,4.5ft,0.05s
4.24.2026 20:05:53,T0,T1,4.5ft,0.05s
4.24.2026 20:05:53,T0,T1,4.5ft,0.05s
4.24.2026 20:05:53,T0,T1,4.5ft,0.05s
4.24.2026 20:05:53,T0,T1,4.5ft,0.05s
4.24.2026 20:05:53,T0,T1,4.5ft,0.05s
4.24.2026 20:05:53,T0,T1,4.5ft,0.05s
4.24.2026 20:05:53,T0,T1,4.5ft,0.05s
4.24.2026 20:05:53,T0,T1,4.5ft,0.05s
4.24.2026 20:05:53,T0,T1,4.5ft,0.05s
4.24.2026 20:05:53,T0,T1,4.5ft,0.05s
4.24.2026 20:05:54,T0,T1,4.5ft,0.05s
4.24.2026 20:05:54,T0,T1,4.5ft,0.05s
4.24.2026 20:05:54,T0,T1,4.5ft,0.05s
4.24.2026 20:05:54,T0,T1,4.6ft,0.05s
4.24.2026 20:05:54,T0,T1,4.6ft,0.05s
4.24.2026 20:05:54,T0,T1,4.6ft,0.05s
4.24.2026 20:05:54,T0,T1,4.6ft,0.05s
4.24.2026 20:05:54,T0,T1,4.6ft,0.05s
4.24.2026 20:05:54,T0,T1,4.6ft,0.05s
4.24.2026 20:05:54,T0,T1,4.6ft,0.05s
4.24.2026 20:05:54,T0,T1,4.6ft,0.05s
4.24.2026 20:05:54,T0,T1,4.6ft,0.05s
4.24.2026 20:05:54,T0,T1,4.6ft,0.06s
4.24.2026 20:05:54,T0,T1,4.6ft,0.05s
4.24.2026 20:05:54,T0,T1,4.7ft,0.05s
4.24.2026 20:05:54,T0,T1,4.7ft,0.05s
4.24.2026 20:05:54,T0,T1,4.6ft,0.05s
4.24.2026 20:05:54,T0,T1,4.6ft,0.05s
4.24.2026 20:05:54,T0,T1,4.6ft,0.05s
4.24.2026 20:05:54,T0,T1,4.5ft,0.05s
4.24.2026 20:05:55,T0,T1,4.5ft,0.05s
4.24.2026 20:05:55,T0,T1,4.5ft,0.05s
4.24.2026 20:05:55,T0,T1,4.5ft,0.05s
4.24.2026 20:05:55,T0,T1,4.5ft,0.05s
4.24.2026 20:05:55,T0,T1,4.5ft,0.05s
4.24.2026 20:05:55,T0,T1,4.5ft,0.05s
4.24.2026 20:05:55,T0,T1,4.5ft,0.05s
4.24.2026 20:05:55,T0,T1,4.5ft,0.05s
4.24.2026 20:05:55,T0,T1,4.5ft,0.05s
4.24.2026 20:05:55,T0,T1,4.5ft,0.05s
4.24.2026 20:05:55,T0,T1,4.5ft,0.05s
4.24.2026 20:05:55,T0,T1,4.5ft,0.05s
4.24.2026 20:05:55,T0,T1,4.5ft,0.05s
4.24.2026 20:05:55,T0,T1,4.5ft,0.05s
4.24.2026 20:05:55,T0,T1,4.5ft,0.05s
4.24.2026 20:05:55,T0,T1,4.5ft,0.05s
4.24.2026 20:05:55,T0,T1,4.5ft,0.05s
4.24.2026 20:05:55,T0,T1,4.5ft,0.05s
4.24.2026 20:05:55,T0,T1,4.5ft,0.05s
4.24.2026 20:05:56,T0,T1,4.5ft,0.05s
4.24.2026 20:05:56,T0,T1,4.5ft,0.05s
4.24.2026 20:05:56,T0,T1,4.5ft,0.05s
4.24.2026 20:05:56,T0,T1,4.5ft,0.05s
4.24.2026 20:05:56,T0,T1,4.5ft,0.05s
4.24.2026 20:05:56,T0,T1,4.5ft,0.05s
4.24.2026 20:05:56,T0,T1,4.5ft,0.05s
4.24.2026 20:05:56,T0,T1,4.5ft,0.05s
4.24.2026 20:05:56,T0,T1,4.5ft,0.05s
4.24.2026 20:05:56,T0,T1,4.5ft,0.05s
4.24.2026 20:05:56,T0,T1,4.5ft,0.05s
4.24.2026 20:05:56,T0,T1,4.5ft,0.05s
4.24.2026 20:05:56,T0,T1,4.5ft,0.05s
4.24.2026 20:05:56,T0,T1,4.5ft,0.05s
4.24.2026 20:05:56,T0,T1,4.5ft,0.05s
4.24.2026 20:05:56,T0,T1,4.5ft,0.05s
4.24.2026 20:05:56,T0,T1,4.5ft,0.05s
4.24.2026 20:05:56,T0,T1,4.5ft,0.05s
4.24.2026 20:05:56,T0,T1,4.5ft,0.05s
4.24.2026 20:05:56,T0,T1,4.5ft,0.05s
4.24.2026 20:05:57,T0,T1,4.5ft,0.05s
4.24.2026 20:05:57,T0,T1,4.5ft,0.05s
4.24.2026 20:05:57,T0,T1,4.5ft,0.05s
4.24.2026 20:05:57,T0,T1,4.5ft,0.05s
4.24.2026 20:05:57,T0,T1,4.5ft,0.05s
4.24.2026 20:05:57,T0,T1,4.5ft,0.05s
4.24.2026 20:05:57,T0,T1,4.5ft,0.05s
4.24.2026 20:05:57,T0,T1,4.5ft,0.05s
4.24.2026 20:05:57,T0,T1,4.5ft,0.05s
4.24.2026 20:05:57,T0,T1,4.5ft,0.05s
4.24.2026 20:05:57,T0,T1,4.7ft,0.05s
4.24.2026 20:05:57,T0,T1,4.6ft,0.05s
4.24.2026 20:05:57,T0,T1,4.6ft,0.05s
4.24.2026 20:05:57,T0,T1,4.5ft,0.05s
4.24.2026 20:05:57,T0,T1,4.5ft,0.05s
4.24.2026 20:05:57,T0,T1,4.5ft,0.05s
4.24.2026 20:05:57,T0,T1,4.5ft,0.05s
4.24.2026 20:05:57,T0,T1,4.5ft,0.05s
4.24.2026 20:05:57,T0,T1,4.5ft,0.05s
4.24.2026 20:05:57,T0,T1,4.5ft,0.05s
4.24.2026 20:05:58,T0,T1,4.5ft,0.05s
4.24.2026 20:05:58,T0,T1,4.5ft,0.05s
4.24.2026 20:05:58,T0,T1,4.5ft,0.05s
4.24.2026 20:05:58,T0,T1,4.5ft,0.05s
4.24.2026 20:05:58,T0,T1,4.5ft,0.05s
4.24.2026 20:05:58,T0,T1,4.5ft,0.05s
4.24.2026 20:05:58,T0,T1,4.5ft,0.05s
4.24.2026 20:05:58,T0,T1,4.5ft,0.05s
4.24.2026 20:05:58,T0,T1,4.5ft,0.05s
4.24.2026 20:05:58,T0,T1,4.5ft,0.05s
4.24.2026 20:05:58,T0,T1,4.5ft,0.05s
4.24.2026 20:05:58,T0,T1,4.5ft,0.05s
4.24.2026 20:05:58,T0,T1,4.5ft,0.05s
4.24.2026 20:05:58,T0,T1,4.5ft,0.05s
4.24.2026 20:05:58,T0,T1,4.5ft,0.05s
4.24.2026 20:05:58,T0,T1,4.5ft,0.05s
4.24.2026 20:05:58,T0,T1,4.5ft,0.05s
4.24.2026 20:05:58,T0,T1,4.5ft,0.05s
4.24.2026 20:05:58,T0,T1,4.5ft,0.05s
4.24.2026 20:05:59,T0,T1,4.5ft,0.05s
4.24.2026 20:05:59,T0,T1,4.5ft,0.05s
4.24.2026 20:05:59,T0,T1,4.5ft,0.05s
4.24.2026 20:05:59,T0,T1,4.5ft,0.05s
4.24.2026 20:05:59,T0,T1,4.5ft,0.05s
4.24.2026 20:05:59,T0,T1,4.5ft,0.05s
4.24.2026 20:05:59,T0,T1,4.6ft,0.05s
4.24.2026 20:05:59,T0,T1,4.6ft,0.05s
4.24.2026 20:05:59,T0,T1,4.5ft,0.05s
4.24.2026 20:05:59,T0,T1,4.5ft,0.05s
4.24.2026 20:05:59,T0,T1,4.7ft,0.05s
4.24.2026 20:05:59,T0,T1,4.9ft,0.05s
4.24.2026 20:05:59,T0,T1,5.2ft,0.05s
4.24.2026 20:05:59,T0,T1,5.5ft,0.05s
4.24.2026 20:05:59,T0,T1,5.2ft,0.05s
4.24.2026 20:05:59,T0,T1,5.0ft,0.05s
4.24.2026 20:05:59,T0,T1,4.8ft,0.05s
4.24.2026 20:05:59,T0,T1,4.7ft,0.05s
4.24.2026 20:05:59,T0,T1,4.6ft,0.05s
4.24.2026 20:05:59,T0,T1,4.6ft,0.05s
4.24.2026 20:06:00,T0,T1,4.6ft,0.05s
4.24.2026 20:06:00,T0,T1,4.5ft,0.05s
4.24.2026 20:06:00,T0,T1,4.5ft,0.05s
4.24.2026 20:06:00,T0,T1,4.5ft,0.05s
4.24.2026 20:06:00,T0,T1,4.5ft,0.05s
4.24.2026 20:06:00,T0,T1,4.5ft,0.05s
4.24.2026 20:06:00,T0,T1,4.5ft,0.05s
4.24.2026 20:06:00,T0,T1,4.5ft,0.05s
4.24.2026 20:06:00,T0,T1,4.5ft,0.05s
4.24.2026 20:06:00,T0,T1,4.5ft,0.05s
4.24.2026 20:06:00,T0,T1,4.5ft,0.05s
4.24.2026 20:06:00,T0,T1,4.5ft,0.05s
4.24.2026 20:06:00,T0,T1,4.5ft,0.05s
4.24.2026 20:06:00,T0,T1,4.5ft,0.05s
4.24.2026 20:06:00,T0,T1,4.5ft,0.05s
4.24.2026 20:06:00,T0,T1,4.5ft,0.05s
4.24.2026 20:06:00,T0,T1,4.5ft,0.05s
4.24.2026 20:06:00,T0,T1,4.5ft,0.05s
4.24.2026 20:06:00,T0,T1,4.5ft,0.05s
4.24.2026 20:06:00,T0,T1,4.5ft,0.05s
4.24.2026 20:06:01,T0,T1,4.5ft,0.05s
4.24.2026 20:06:01,T0,T1,4.5ft,0.05s
4.24.2026 20:06:01,T0,T1,4.5ft,0.05s
4.24.2026 20:06:01,T0,T1,4.5ft,0.05s
4.24.2026 20:06:01,T0,T1,4.5ft,0.05s
4.24.2026 20:06:01,T0,T1,4.5ft,0.05s
4.24.2026 20:06:01,T0,T1,4.5ft,0.05s
4.24.2026 20:06:01,T0,T1,4.5ft,0.05s
4.24.2026 20:06:01,T0,T1,4.5ft,0.05s
4.24.2026 20:06:01,T0,T1,4.5ft,0.05s
4.24.2026 20:06:01,T0,T1,4.5ft,0.05s
4.24.2026 20:06:01,T0,T1,4.5ft,0.05s
4.24.2026 20:06:01,T0,T1,4.5ft,0.05s
4.24.2026 20:06:01,T0,T1,4.5ft,0.05s
4.24.2026 20:06:01,T0,T1,4.5ft,0.05s
4.24.2026 20:06:01,T0,T1,4.5ft,0.05s
4.24.2026 20:06:01,T0,T1,4.5ft,0.05s
4.24.2026 20:06:01,T0,T1,4.5ft,0.05s
4.24.2026 20:06:01,T0,T1,4.5ft,0.05s
4.24.2026 20:06:02,T0,T1,4.5ft,0.05s
4.24.2026 20:06:02,T0,T1,4.5ft,0.05s
4.24.2026 20:06:02,T0,T1,4.7ft,0.05s
4.24.2026 20:06:02,T0,T1,4.6ft,0.05s
4.24.2026 20:06:02,T0,T1,4.6ft,0.05s
4.24.2026 20:06:02,T0,T1,4.6ft,0.05s
4.24.2026 20:06:02,T0,T1,4.5ft,0.05s
4.24.2026 20:06:02,T0,T1,4.5ft,0.05s
4.24.2026 20:06:02,T0,T1,4.5ft,0.05s
4.24.2026 20:06:02,T0,T1,4.5ft,0.05s
4.24.2026 20:06:02,T0,T1,4.5ft,0.05s
4.24.2026 20:06:02,T0,T1,4.5ft,0.05s
4.24.2026 20:06:02,T0,T1,4.5ft,0.05s
4.24.2026 20:06:02,T0,T1,4.5ft,0.05s
4.24.2026 20:06:02,T0,T1,4.5ft,0.05s
4.24.2026 20:06:02,T0,T1,4.5ft,0.05s
4.24.2026 20:06:02,T0,T1,4.5ft,0.05s
4.24.2026 20:06:02,T0,T1,4.5ft,0.05s
4.24.2026 20:06:02,T0,T1,4.5ft,0.05s
4.24.2026 20:06:02,T0,T1,4.5ft,0.05s
4.24.2026 20:06:03,T0,T1,4.5ft,0.05s
4.24.2026 20:06:03,T0,T1,4.5ft,0.05s
4.24.2026 20:06:03,T0,T1,4.5ft,0.05s
4.24.2026 20:06:03,T0,T1,4.5ft,0.05s
4.24.2026 20:06:03,T0,T1,4.5ft,0.05s
4.24.2026 20:06:03,T0,T1,4.5ft,0.05s
4.24.2026 20:06:03,T0,T1,4.6ft,0.05s
4.24.2026 20:06:03,T0,T1,4.6ft,0.05s
4.24.2026 20:06:03,T0,T1,4.6ft,0.05s
4.24.2026 20:06:03,T0,T1,4.6ft,0.05s
4.24.2026 20:06:03,T0,T1,4.6ft,0.05s
4.24.2026 20:06:03,T0,T1,4.6ft,0.05s
4.24.2026 20:06:03,T0,T1,4.6ft,0.05s
4.24.2026 20:06:03,T0,T1,4.6ft,0.05s
4.24.2026 20:06:03,T0,T1,4.6ft,0.06s
4.24.2026 20:06:03,T0,T1,4.6ft,0.05s
4.24.2026 20:06:03,T0,T1,4.6ft,0.05s
4.24.2026 20:06:03,T0,T1,4.6ft,0.05s
4.24.2026 20:06:03,T0,T1,4.6ft,0.05s
4.24.2026 20:06:04,T0,T1,4.6ft,0.05s
4.24.2026 20:06:04,T0,T1,4.6ft,0.05s
4.24.2026 20:06:04,T0,T1,4.6ft,0.05s
4.24.2026 20:06:04,T0,T1,4.6ft,0.05s
4.24.2026 20:06:04,T0,T1,4.6ft,0.05s
4.24.2026 20:06:04,T0,T1,4.6ft,0.05s
4.24.2026 20:06:04,T0,T1,4.6ft,0.05s
4.24.2026 20:06:04,T0,T1,4.6ft,0.05s
4.24.2026 20:06:04,T0,T1,4.6ft,0.05s
4.24.2026 20:06:04,T0,T1,4.6ft,0.05s
4.24.2026 20:06:04,T0,T1,4.6ft,0.05s
4.24.2026 20:06:04,T0,T1,4.6ft,0.05s
4.24.2026 20:06:04,T0,T1,4.6ft,0.05s
4.24.2026 20:06:04,T0,T1,4.6ft,0.05s
4.24.2026 20:06:04,T0,T1,4.7ft,0.05s
4.24.2026 20:06:04,T0,T1,4.7ft,0.05s
4.24.2026 20:06:04,T0,T1,4.6ft,0.05s
4.24.2026 20:06:04,T0,T1,4.8ft,0.05s
4.24.2026 20:06:04,T0,T1,5.1ft,0.05s
4.24.2026 20:06:04,T0,T1,5.4ft,0.05s
4.24.2026 20:06:05,T0,T1,5.1ft,0.05s
4.24.2026 20:06:05,T0,T1,4.9ft,0.05s
4.24.2026 20:06:05,T0,T1,4.8ft,0.05s
4.24.2026 20:06:05,T0,T1,4.7ft,0.05s
4.24.2026 20:06:05,T0,T1,4.9ft,0.05s
4.24.2026 20:06:05,T0,T1,4.8ft,0.05s
4.24.2026 20:06:05,T0,T1,4.7ft,0.05s
4.24.2026 20:06:05,T0,T1,4.6ft,0.05s
4.24.2026 20:06:05,T0,T1,4.9ft,0.05s
4.24.2026 20:06:05,T0,T1,5.1ft,0.05s
4.24.2026 20:06:05,T0,T1,5.4ft,0.05s
4.24.2026 20:06:05,T0,T1,5.1ft,0.05s
4.24.2026 20:06:05,T0,T1,4.9ft,0.05s
4.24.2026 20:06:05,T0,T1,4.8ft,0.05s
4.24.2026 20:06:05,T0,T1,4.7ft,0.05s
4.24.2026 20:06:05,T0,T1,4.6ft,0.05s
4.24.2026 20:06:05,T0,T1,4.6ft,0.05s
4.24.2026 20:06:05,T0,T1,4.5ft,0.05s
4.24.2026 20:06:05,T0,T1,4.5ft,0.05s
4.24.2026 20:06:06,T0,T1,4.5ft,0.05s
4.24.2026 20:06:06,T0,T1,4.5ft,0.05s
4.24.2026 20:06:06,T0,T1,4.5ft,0.05s
4.24.2026 20:06:06,T0,T1,4.5ft,0.05s
4.24.2026 20:06:06,T0,T1,4.5ft,0.05s
4.24.2026 20:06:06,T0,T1,4.5ft,0.05s
4.24.2026 20:06:06,T0,T1,4.5ft,0.05s
4.24.2026 20:06:06,T0,T1,4.5ft,0.05s
4.24.2026 20:06:06,T0,T1,4.5ft,0.05s
4.24.2026 20:06:06,T0,T1,4.5ft,0.05s
4.24.2026 20:06:06,T0,T1,4.5ft,0.05s
4.24.2026 20:06:06,T0,T1,4.5ft,0.05s
4.24.2026 20:06:06,T0,T1,4.5ft,0.05s
4.24.2026 20:06:06,T0,T1,4.5ft,0.05s
4.24.2026 20:06:06,T0,T1,4.5ft,0.05s
4.24.2026 20:06:06,T0,T1,4.5ft,0.05s
4.24.2026 20:06:06,T0,T1,4.5ft,0.05s
4.24.2026 20:06:06,T0,T1,4.5ft,0.05s
4.24.2026 20:06:06,T0,T1,4.5ft,0.05s
4.24.2026 20:06:06,T0,T1,4.5ft,0.05s
4.24.2026 20:06:07,T0,T1,4.5ft,0.05s
4.24.2026 20:06:07,T0,T1,4.5ft,0.05s
4.24.2026 20:06:07,T0,T1,4.5ft,0.05s
4.24.2026 20:06:07,T0,T1,4.5ft,0.05s
4.24.2026 20:06:07,T0,T1,4.5ft,0.05s
4.24.2026 20:06:07,T0,T1,4.5ft,0.05s
4.24.2026 20:06:07,T0,T1,4.5ft,0.05s
4.24.2026 20:06:07,T0,T1,4.5ft,0.05s
4.24.2026 20:06:07,T0,T1,4.5ft,0.05s
4.24.2026 20:06:07,T0,T1,4.5ft,0.05s
4.24.2026 20:06:07,T0,T1,4.5ft,0.05s
4.24.2026 20:06:07,T0,T1,4.5ft,0.05s
4.24.2026 20:06:07,T0,T1,4.5ft,0.05s
4.24.2026 20:06:07,T0,T1,4.7ft,0.05s
4.24.2026 20:06:07,T0,T1,4.6ft,0.05s
4.24.2026 20:06:07,T0,T1,4.6ft,0.05s
4.24.2026 20:06:07,T0,T1,4.5ft,0.05s
4.24.2026 20:06:07,T0,T1,4.5ft,0.05s
4.24.2026 20:06:07,T0,T1,4.5ft,0.05s
4.24.2026 20:06:08,T0,T1,4.5ft,0.05s
4.24.2026 20:06:08,T0,T1,4.5ft,0.05s
4.24.2026 20:06:08,T0,T1,4.5ft,0.05s
4.24.2026 20:06:08,T0,T1,4.5ft,0.05s
4.24.2026 20:06:08,T0,T1,4.5ft,0.05s
4.24.2026 20:06:08,T0,T1,4.5ft,0.05s
4.24.2026 20:06:08,T0,T1,4.5ft,0.05s
4.24.2026 20:06:08,T0,T1,4.6ft,0.05s
4.24.2026 20:06:08,T0,T1,4.8ft,0.05s
4.24.2026 20:06:08,T0,T1,4.7ft,0.05s
4.24.2026 20:06:08,T0,T1,4.6ft,0.05s
4.24.2026 20:06:08,T0,T1,4.6ft,0.05s
4.24.2026 20:06:08,T0,T1,4.5ft,0.05s
4.24.2026 20:06:08,T0,T1,4.5ft,0.05s
4.24.2026 20:06:08,T0,T1,4.5ft,0.05s
4.24.2026 20:06:08,T0,T1,4.5ft,0.05s
4.24.2026 20:06:08,T0,T1,4.5ft,0.05s
4.24.2026 20:06:08,T0,T1,4.5ft,0.05s
4.24.2026 20:06:08,T0,T1,4.5ft,0.05s
4.24.2026 20:06:08,T0,T1,4.5ft,0.05s
4.24.2026 20:06:09,T0,T1,4.5ft,0.05s
4.24.2026 20:06:09,T0,T1,4.5ft,0.05s
4.24.2026 20:06:09,T0,T1,4.5ft,0.05s
4.24.2026 20:06:09,T0,T1,4.5ft,0.05s
4.24.2026 20:06:09,T0,T1,4.5ft,0.05s
4.24.2026 20:06:09,T0,T1,4.5ft,0.05s
4.24.2026 20:06:09,T0,T1,4.5ft,0.05s
4.24.2026 20:06:09,T0,T1,4.5ft,0.05s
4.24.2026 20:06:09,T0,T1,4.5ft,0.05s
4.24.2026 20:06:09,T0,T1,4.7ft,0.05s
4.24.2026 20:06:09,T0,T1,4.6ft,0.05s
4.24.2026 20:06:09,T0,T1,4.6ft,0.06s
4.24.2026 20:06:09,T0,T1,4.6ft,0.05s
4.24.2026 20:06:09,T0,T1,4.5ft,0.05s
4.24.2026 20:06:09,T0,T1,4.7ft,0.05s
4.24.2026 20:06:09,T0,T1,4.6ft,0.05s
4.24.2026 20:06:09,T0,T1,4.6ft,0.05s
4.24.2026 20:06:09,T0,T1,4.6ft,0.05s
4.24.2026 20:06:09,T0,T1,4.6ft,0.05s
4.24.2026 20:06:10,T0,T1,4.5ft,0.05s
4.24.2026 20:06:10,T0,T1,4.5ft,0.05s
4.24.2026 20:06:10,T0,T1,4.7ft,0.05s
4.24.2026 20:06:10,T0,T1,4.9ft,0.05s
4.24.2026 20:06:10,T0,T1,5.2ft,0.05s
4.24.2026 20:06:10,T0,T1,5.0ft,0.05s
4.24.2026 20:06:10,T0,T1,4.8ft,0.05s
4.24.2026 20:06:10,T0,T1,4.7ft,0.05s
4.24.2026 20:06:10,T0,T1,4.6ft,0.05s
4.24.2026 20:06:10,T0,T1,4.9ft,0.05s
4.24.2026 20:06:10,T0,T1,4.8ft,0.05s
4.24.2026 20:06:10,T0,T1,4.7ft,0.05s
4.24.2026 20:06:10,T0,T1,4.6ft,0.05s
4.24.2026 20:06:10,T0,T1,4.6ft,0.05s
4.24.2026 20:06:10,T0,T1,4.8ft,0.05s
4.24.2026 20:06:10,T0,T1,5.0ft,0.05s
4.24.2026 20:06:10,T0,T1,4.8ft,0.05s
4.24.2026 20:06:10,T0,T1,4.7ft,0.05s
4.24.2026 20:06:10,T0,T1,4.6ft,0.05s
4.24.2026 20:06:10,T0,T1,4.6ft,0.05s
4.24.2026 20:06:11,T0,T1,4.5ft,0.05s
4.24.2026 20:06:11,T0,T1,4.5ft,0.05s
4.24.2026 20:06:11,T0,T1,4.5ft,0.05s
4.24.2026 20:06:11,T0,T1,4.5ft,0.05s
4.24.2026 20:06:11,T0,T1,4.6ft,0.05s
4.24.2026 20:06:11,T0,T1,4.9ft,0.05s
4.24.2026 20:06:11,T0,T1,5.2ft,0.05s
4.24.2026 20:06:11,T0,T1,5.4ft,0.05s
4.24.2026 20:06:11,T0,T1,5.2ft,0.05s
4.24.2026 20:06:11,T0,T1,5.0ft,0.05s
4.24.2026 20:06:11,T0,T1,4.8ft,0.05s
4.24.2026 20:06:11,T0,T1,5.1ft,0.05s
4.24.2026 20:06:11,T0,T1,5.4ft,0.05s
4.24.2026 20:06:11,T0,T1,5.6ft,0.05s
4.24.2026 20:06:11,T0,T1,5.3ft,0.05s
4.24.2026 20:06:11,T0,T1,5.6ft,0.05s
4.24.2026 20:06:11,T0,T1,5.9ft,0.05s
4.24.2026 20:06:11,T0,T1,5.5ft,0.05s
4.24.2026 20:06:11,T0,T1,5.2ft,0.05s
4.24.2026 20:06:11,T0,T1,5.0ft,0.05s
4.24.2026 20:06:12,T0,T1,4.8ft,0.05s
4.24.2026 20:06:12,T0,T1,4.7ft,0.05s
4.24.2026 20:06:12,T0,T1,4.7ft,0.05s
4.24.2026 20:06:12,T0,T1,4.6ft,0.05s
4.24.2026 20:06:12,T0,T1,4.6ft,0.05s
4.24.2026 20:06:12,T0,T1,4.8ft,0.05s
4.24.2026 20:06:12,T0,T1,5.0ft,0.05s
4.24.2026 20:06:12,T0,T1,5.3ft,0.05s
4.24.2026 20:06:12,T0,T1,5.1ft,0.05s
4.24.2026 20:06:12,T0,T1,4.9ft,0.05s
4.24.2026 20:06:12,T0,T1,4.8ft,0.05s
4.24.2026 20:06:12,T0,T1,4.7ft,0.05s
4.24.2026 20:06:12,T0,T1,4.6ft,0.05s
4.24.2026 20:06:12,T0,T1,4.6ft,0.05s
4.24.2026 20:06:12,T0,T1,4.6ft,0.05s
4.24.2026 20:06:12,T0,T1,4.6ft,0.05s
4.24.2026 20:06:12,T0,T1,4.5ft,0.05s
4.24.2026 20:06:12,T0,T1,4.5ft,0.05s
4.24.2026 20:06:12,T0,T1,4.5ft,0.05s
4.24.2026 20:06:13,T0,T1,4.5ft,0.05s
4.24.2026 20:06:13,T0,T1,4.5ft,0.05s
4.24.2026 20:06:13,T0,T1,4.5ft,0.05s
4.24.2026 20:06:13,T0,T1,4.5ft,0.05s
4.24.2026 20:06:13,T0,T1,4.5ft,0.05s
4.24.2026 20:06:13,T0,T1,4.5ft,0.05s
4.24.2026 20:06:13,T0,T1,4.5ft,0.05s
4.24.2026 20:06:13,T0,T1,4.5ft,0.05s
4.24.2026 20:06:13,T0,T1,4.5ft,0.05s
4.24.2026 20:06:13,T0,T1,4.5ft,0.05s
4.24.2026 20:06:13,T0,T1,4.5ft,0.05s
4.24.2026 20:06:13,T0,T1,4.5ft,0.05s
4.24.2026 20:06:13,T0,T1,4.5ft,0.05s
4.24.2026 20:06:13,T0,T1,4.5ft,0.05s
4.24.2026 20:06:13,T0,T1,4.5ft,0.05s
4.24.2026 20:06:13,T0,T1,4.5ft,0.05s
4.24.2026 20:06:13,T0,T1,4.5ft,0.05s
4.24.2026 20:06:13,T0,T1,4.5ft,0.05s
4.24.2026 20:06:13,T0,T1,4.5ft,0.05s
4.24.2026 20:06:13,T0,T1,4.5ft,0.05s
4.24.2026 20:06:14,T0,T1,4.5ft,0.05s
4.24.2026 20:06:14,T0,T1,4.5ft,0.05s
4.24.2026 20:06:14,T0,T1,4.5ft,0.05s
4.24.2026 20:06:14,T0,T1,4.5ft,0.05s
4.24.2026 20:06:14,T0,T1,4.5ft,0.05s
4.24.2026 20:06:14,T0,T1,4.6ft,0.05s
4.24.2026 20:06:14,T0,T1,4.8ft,0.05s
4.24.2026 20:06:14,T0,T1,5.0ft,0.05s
4.24.2026 20:06:14,T0,T1,5.3ft,0.05s
4.24.2026 20:06:14,T0,T1,5.1ft,0.05s
4.24.2026 20:06:14,T0,T1,4.9ft,0.05s
4.24.2026 20:06:14,T0,T1,4.8ft,0.05s
4.24.2026 20:06:14,T0,T1,4.7ft,0.05s
4.24.2026 20:06:14,T0,T1,4.6ft,0.05s
4.24.2026 20:06:14,T0,T1,4.6ft,0.05s
4.24.2026 20:06:14,T0,T1,4.5ft,0.05s
4.24.2026 20:06:14,T0,T1,4.5ft,0.05s
4.24.2026 20:06:14,T0,T1,4.5ft,0.05s
4.24.2026 20:06:14,T0,T1,4.5ft,0.05s
4.24.2026 20:06:15,T0,T1,4.5ft,0.05s
4.24.2026 20:06:15,T0,T1,4.5ft,0.05s
4.24.2026 20:06:15,T0,T1,4.5ft,0.05s
4.24.2026 20:06:15,T0,T1,4.6ft,0.05s
4.24.2026 20:06:15,T0,T1,4.6ft,0.05s
4.24.2026 20:06:15,T0,T1,4.5ft,0.05s
4.24.2026 20:06:15,T0,T1,4.5ft,0.05s
4.24.2026 20:06:15,T0,T1,4.5ft,0.05s
4.24.2026 20:06:15,T0,T1,4.5ft,0.05s
4.24.2026 20:06:15,T0,T1,4.5ft,0.05s
4.24.2026 20:06:15,T0,T1,4.5ft,0.05s
4.24.2026 20:06:15,T0,T1,4.5ft,0.05s
4.24.2026 20:06:15,T0,T1,4.5ft,0.05s
4.24.2026 20:06:15,T0,T1,4.5ft,0.05s
4.24.2026 20:06:15,T0,T1,4.5ft,0.05s
4.24.2026 20:06:15,T0,T1,4.5ft,0.05s
4.24.2026 20:06:15,T0,T1,4.5ft,0.05s
4.24.2026 20:06:15,T0,T1,4.6ft,0.05s
4.24.2026 20:06:15,T0,T1,4.5ft,0.05s
4.24.2026 20:06:15,T0,T1,4.5ft,0.05s
4.24.2026 20:06:16,T0,T1,4.5ft,0.05s
4.24.2026 20:06:16,T0,T1,4.5ft,0.05s
4.24.2026 20:06:16,T0,T1,4.5ft,0.05s
4.24.2026 20:06:16,T0,T1,4.5ft,0.05s
4.24.2026 20:06:16,T0,T1,4.5ft,0.05s
4.24.2026 20:06:16,T0,T1,4.5ft,0.05s
4.24.2026 20:06:16,T0,T1,4.5ft,0.05s
4.24.2026 20:06:16,T0,T1,4.5ft,0.05s
4.24.2026 20:06:16,T0,T1,4.5ft,0.05s
4.24.2026 20:06:16,T0,T1,4.5ft,0.05s
4.24.2026 20:06:16,T0,T1,4.5ft,0.05s
4.24.2026 20:06:16,T0,T1,4.5ft,0.05s
4.24.2026 20:06:16,T0,T1,4.5ft,0.05s
4.24.2026 20:06:16,T0,T1,4.5ft,0.05s
4.24.2026 20:06:16,T0,T1,4.5ft,0.05s
4.24.2026 20:06:16,T0,T1,4.5ft,0.05s
4.24.2026 20:06:16,T0,T1,4.5ft,0.05s
4.24.2026 20:06:16,T0,T1,4.5ft,0.05s
4.24.2026 20:06:16,T0,T1,4.5ft,0.05s
4.24.2026 20:06:16,T0,T1,4.5ft,0.05s
4.24.2026 20:06:17,T0,T1,4.7ft,0.05s
4.24.2026 20:06:17,T0,T1,5.0ft,0.05s
4.24.2026 20:06:17,T0,T1,4.8ft,0.05s
4.24.2026 20:06:17,T0,T1,4.7ft,0.05s
4.24.2026 20:06:17,T0,T1,4.7ft,0.05s
4.24.2026 20:06:17,T0,T1,4.6ft,0.05s
4.24.2026 20:06:17,T0,T1,4.6ft,0.05s
4.24.2026 20:06:17,T0,T1,4.5ft,0.05s
4.24.2026 20:06:17,T0,T1,4.5ft,0.05s
4.24.2026 20:06:17,T0,T1,4.5ft,0.05s
4.24.2026 20:06:17,T0,T1,4.7ft,0.05s
4.24.2026 20:06:17,T0,T1,4.9ft,0.05s
4.24.2026 20:06:17,T0,T1,4.8ft,0.05s
4.24.2026 20:06:17,T0,T1,4.7ft,0.05s
4.24.2026 20:06:17,T0,T1,4.6ft,0.05s
4.24.2026 20:06:17,T0,T1,4.6ft,0.05s
4.24.2026 20:06:17,T0,T1,4.6ft,0.05s
4.24.2026 20:06:17,T0,T1,4.6ft,0.06s
4.24.2026 20:06:17,T0,T1,4.5ft,0.05s
4.24.2026 20:06:18,T0,T1,4.5ft,0.05s
4.24.2026 20:06:18,T0,T1,4.5ft,0.05s
4.24.2026 20:06:18,T0,T1,4.5ft,0.05s
4.24.2026 20:06:18,T0,T1,4.5ft,0.05s
4.24.2026 20:06:18,T0,T1,4.5ft,0.05s
4.24.2026 20:06:18,T0,T1,4.5ft,0.05s
4.24.2026 20:06:18,T0,T1,4.6ft,0.05s
4.24.2026 20:06:18,T0,T1,4.6ft,0.05s
4.24.2026 20:06:18,T0,T1,4.6ft,0.05s
4.24.2026 20:06:18,T0,T1,4.6ft,0.05s
4.24.2026 20:06:18,T0,T1,4.6ft,0.05s
4.24.2026 20:06:18,T0,T1,4.6ft,0.05s
4.24.2026 20:06:18,T0,T1,4.6ft,0.05s
4.24.2026 20:06:18,T0,T1,4.6ft,0.05s
4.24.2026 20:06:18,T0,T1,4.6ft,0.05s
4.24.2026 20:06:18,T0,T1,4.6ft,0.05s
4.24.2026 20:06:18,T0,T1,4.6ft,0.05s
4.24.2026 20:06:18,T0,T1,4.6ft,0.05s
4.24.2026 20:06:18,T0,T1,4.6ft,0.05s
4.24.2026 20:06:18,T0,T1,4.6ft,0.05s
4.24.2026 20:06:19,T0,T1,4.7ft,0.05s
4.24.2026 20:06:19,T0,T1,4.7ft,0.05s
4.24.2026 20:06:19,T0,T1,4.6ft,0.05s
4.24.2026 20:06:19,T0,T1,4.6ft,0.05s
4.24.2026 20:06:19,T0,T1,4.6ft,0.05s
4.24.2026 20:06:19,T0,T1,4.7ft,0.05s
4.24.2026 20:06:19,T0,T1,4.6ft,0.05s
4.24.2026 20:06:19,T0,T1,4.6ft,0.05s
4.24.2026 20:06:19,T0,T1,4.6ft,0.05s
4.24.2026 20:06:19,T0,T1,4.5ft,0.05s
4.24.2026 20:06:19,T0,T1,4.5ft,0.05s
4.24.2026 20:06:19,T0,T1,4.5ft,0.06s
4.24.2026 20:06:19,T0,T1,4.5ft,0.05s
4.24.2026 20:06:19,T0,T1,4.6ft,0.05s
4.24.2026 20:06:19,T0,T1,4.9ft,0.05s
4.24.2026 20:06:19,T0,T1,4.7ft,0.05s
4.24.2026 20:06:19,T0,T1,4.7ft,0.05s
4.24.2026 20:06:19,T0,T1,4.6ft,0.05s
4.24.2026 20:06:19,T0,T1,4.6ft,0.05s
4.24.2026 20:06:20,T0,T1,4.5ft,0.05s
4.24.2026 20:06:20,T0,T1,4.5ft,0.05s
4.24.2026 20:06:20,T0,T1,4.5ft,0.05s
4.24.2026 20:06:20,T0,T1,4.5ft,0.05s
4.24.2026 20:06:20,T0,T1,4.5ft,0.05s
4.24.2026 20:06:20,T0,T1,4.6ft,0.05s
4.24.2026 20:06:20,T0,T1,4.8ft,0.05s
4.24.2026 20:06:20,T0,T1,4.7ft,0.05s
4.24.2026 20:06:20,T0,T1,4.7ft,0.05s
4.24.2026 20:06:20,T0,T1,4.6ft,0.05s
4.24.2026 20:06:20,T0,T1,4.6ft,0.05s
4.24.2026 20:06:20,T0,T1,4.6ft,0.05s
4.24.2026 20:06:20,T0,T1,4.6ft,0.05s
4.24.2026 20:06:20,T0,T1,4.5ft,0.05s
4.24.2026 20:06:20,T0,T1,4.5ft,0.05s
4.24.2026 20:06:20,T0,T1,4.5ft,0.05s
4.24.2026 20:06:20,T0,T1,4.5ft,0.05s
4.24.2026 20:06:20,T0,T1,4.6ft,0.05s
4.24.2026 20:06:20,T0,T1,4.6ft,0.05s
4.24.2026 20:06:20,T0,T1,4.6ft,0.05s
4.24.2026 20:06:21,T0,T1,4.8ft,0.05s
4.24.2026 20:06:21,T0,T1,4.7ft,0.05s
4.24.2026 20:06:21,T0,T1,4.7ft,0.05s
4.24.2026 20:06:21,T0,T1,4.6ft,0.05s
4.24.2026 20:06:21,T0,T1,4.6ft,0.05s
4.24.2026 20:06:21,T0,T1,4.8ft,0.05s
4.24.2026 20:06:21,T0,T1,5.0ft,0.05s
4.24.2026 20:06:21,T0,T1,5.3ft,0.05s
4.24.2026 20:06:21,T0,T1,5.1ft,0.05s
4.24.2026 20:06:21,T0,T1,4.9ft,0.05s
4.24.2026 20:06:21,T0,T1,4.8ft,0.05s
4.24.2026 20:06:21,T0,T1,4.7ft,0.05s
4.24.2026 20:06:21,T0,T1,4.6ft,0.05s
4.24.2026 20:06:21,T0,T1,4.6ft,0.05s
4.24.2026 20:06:21,T0,T1,4.6ft,0.05s
4.24.2026 20:06:21,T0,T1,4.5ft,0.05s
4.24.2026 20:06:21,T0,T1,4.5ft,0.05s
4.24.2026 20:06:21,T0,T1,4.5ft,0.05s
4.24.2026 20:06:21,T0,T1,4.5ft,0.05s
4.24.2026 20:06:21,T0,T1,4.5ft,0.05s
4.24.2026 20:06:22,T0,T1,4.5ft,0.05s
4.24.2026 20:06:22,T0,T1,4.5ft,0.05s
4.24.2026 20:06:22,T0,T1,4.5ft,0.05s
4.24.2026 20:06:22,T0,T1,4.6ft,0.05s
4.24.2026 20:06:22,T0,T1,4.8ft,0.05s
4.24.2026 20:06:22,T0,T1,5.1ft,0.05s
4.24.2026 20:06:22,T0,T1,4.9ft,0.05s
4.24.2026 20:06:22,T0,T1,4.8ft,0.05s
4.24.2026 20:06:22,T0,T1,4.7ft,0.05s
4.24.2026 20:06:22,T0,T1,4.6ft,0.05s
4.24.2026 20:06:22,T0,T1,4.6ft,0.05s
4.24.2026 20:06:22,T0,T1,4.5ft,0.05s
4.24.2026 20:06:22,T0,T1,4.5ft,0.05s
4.24.2026 20:06:22,T0,T1,4.5ft,0.05s
4.24.2026 20:06:22,T0,T1,4.5ft,0.05s
4.24.2026 20:06:22,T0,T1,4.5ft,0.05s
4.24.2026 20:06:22,T0,T1,4.5ft,0.05s
4.24.2026 20:06:22,T0,T1,4.5ft,0.05s
4.24.2026 20:06:22,T0,T1,4.5ft,0.05s
4.24.2026 20:06:23,T0,T1,4.5ft,0.05s
4.24.2026 20:06:23,T0,T1,4.5ft,0.05s
4.24.2026 20:06:23,T0,T1,4.5ft,0.05s
4.24.2026 20:06:23,T0,T1,4.5ft,0.05s
4.24.2026 20:06:23,T0,T1,4.5ft,0.05s
4.24.2026 20:06:23,T0,T1,4.5ft,0.05s
4.24.2026 20:06:23,T0,T1,4.5ft,0.05s
4.24.2026 20:06:23,T0,T1,4.5ft,0.05s
4.24.2026 20:06:23,T0,T1,4.5ft,0.05s
4.24.2026 20:06:23,T0,T1,4.5ft,0.05s
4.24.2026 20:06:23,T0,T1,4.5ft,0.05s
4.24.2026 20:06:23,T0,T1,4.5ft,0.05s
4.24.2026 20:06:23,T0,T1,4.5ft,0.05s
4.24.2026 20:06:23,T0,T1,4.5ft,0.05s
4.24.2026 20:06:23,T0,T1,4.5ft,0.05s
4.24.2026 20:06:23,T0,T1,4.5ft,0.05s
4.24.2026 20:06:23,T0,T1,4.5ft,0.05s
4.24.2026 20:06:23,T0,T1,4.5ft,0.05s
4.24.2026 20:06:23,T0,T1,4.5ft,0.05s
4.24.2026 20:06:23,T0,T1,4.5ft,0.05s
4.24.2026 20:06:24,T0,T1,4.5ft,0.05s
4.24.2026 20:06:24,T0,T1,4.5ft,0.05s
4.24.2026 20:06:24,T0,T1,4.5ft,0.05s
4.24.2026 20:06:24,T0,T1,4.5ft,0.05s
4.24.2026 20:06:24,T0,T1,4.5ft,0.05s
4.24.2026 20:06:24,T0,T1,4.5ft,0.05s
4.24.2026 20:06:24,T0,T1,4.5ft,0.05s
4.24.2026 20:06:24,T0,T1,4.5ft,0.05s
4.24.2026 20:06:24,T0,T1,4.5ft,0.05s
4.24.2026 20:06:24,T0,T1,4.5ft,0.05s
4.24.2026 20:06:24,T0,T1,4.5ft,0.06s
4.24.2026 20:06:24,T0,T1,4.5ft,0.05s
4.24.2026 20:06:24,T0,T1,4.5ft,0.05s
4.24.2026 20:06:24,T0,T1,4.7ft,0.05s
4.24.2026 20:06:24,T0,T1,5.0ft,0.05s
4.24.2026 20:06:24,T0,T1,5.2ft,0.05s
4.24.2026 20:06:24,T0,T1,5.5ft,0.05s
4.24.2026 20:06:24,T0,T1,5.8ft,0.05s
4.24.2026 20:06:24,T0,T1,6.0ft,0.05s
4.24.2026 20:06:25,T0,T1,6.2ft,0.05s
4.24.2026 20:06:25,T0,T1,6.4ft,0.05s
4.24.2026 20:06:25,T0,T1,6.6ft,0.05s
4.24.2026 20:06:25,T0,T1,6.7ft,0.05s
4.24.2026 20:06:25,T0,T1,6.9ft,0.05s
4.24.2026 20:06:25,T0,T1,6.3ft,0.05s
4.24.2026 20:06:25,T0,T1,5.8ft,0.05s
4.24.2026 20:06:25,T0,T1,5.4ft,0.05s
4.24.2026 20:06:25,T0,T1,5.1ft,0.05s
4.24.2026 20:06:25,T0,T1,5.4ft,0.05s
4.24.2026 20:06:25,T0,T1,5.7ft,0.05s
4.24.2026 20:06:25,T0,T1,5.4ft,0.05s
4.24.2026 20:06:25,T0,T1,5.1ft,0.05s
4.24.2026 20:06:25,T0,T1,4.9ft,0.05s
4.24.2026 20:06:25,T0,T1,4.8ft,0.05s
4.24.2026 20:06:25,T0,T1,4.7ft,0.05s
4.24.2026 20:06:25,T0,T1,4.6ft,0.05s
4.24.2026 20:06:25,T0,T1,4.6ft,0.05s
4.24.2026 20:06:25,T0,T1,4.6ft,0.05s
4.24.2026 20:06:25,T0,T1,4.5ft,0.05s
4.24.2026 20:06:26,T0,T1,4.5ft,0.05s
4.24.2026 20:06:26,T0,T1,4.5ft,0.05s
4.24.2026 20:06:26,T0,T1,4.5ft,0.05s
4.24.2026 20:06:26,T0,T1,4.5ft,0.05s
4.24.2026 20:06:26,T0,T1,4.5ft,0.05s
4.24.2026 20:06:26,T0,T1,4.5ft,0.05s
4.24.2026 20:06:26,T0,T1,4.5ft,0.05s
4.24.2026 20:06:26,T0,T1,4.5ft,0.06s
4.24.2026 20:06:26,T0,T1,4.5ft,0.05s
4.24.2026 20:06:26,T0,T1,4.5ft,0.05s
4.24.2026 20:06:26,T0,T1,4.5ft,0.05s
4.24.2026 20:06:26,T0,T1,4.5ft,0.05s
4.24.2026 20:06:26,T0,T1,4.5ft,0.05s
4.24.2026 20:06:26,T0,T1,4.5ft,0.05s
4.24.2026 20:06:26,T0,T1,4.5ft,0.05s
4.24.2026 20:06:26,T0,T1,4.5ft,0.05s
4.24.2026 20:06:26,T0,T1,4.5ft,0.05s
4.24.2026 20:06:26,T0,T1,4.5ft,0.05s
4.24.2026 20:06:26,T0,T1,4.5ft,0.05s
4.24.2026 20:06:27,T0,T1,4.5ft,0.05s
4.24.2026 20:06:27,T0,T1,4.5ft,0.05s
4.24.2026 20:06:27,T0,T1,4.5ft,0.06s
4.24.2026 20:06:27,T0,T1,4.5ft,0.05s
4.24.2026 20:06:27,T0,T1,4.5ft,0.05s
4.24.2026 20:06:27,T0,T1,4.5ft,0.05s
4.24.2026 20:06:27,T0,T1,4.5ft,0.05s
4.24.2026 20:06:27,T0,T1,4.5ft,0.05s
4.24.2026 20:06:27,T0,T1,4.5ft,0.05s
4.24.2026 20:06:27,T0,T1,4.5ft,0.05s
4.24.2026 20:06:27,T0,T1,4.5ft,0.05s
4.24.2026 20:06:27,T0,T1,4.5ft,0.05s
4.24.2026 20:06:27,T0,T1,4.5ft,0.05s
4.24.2026 20:06:27,T0,T1,4.5ft,0.05s
4.24.2026 20:06:27,T0,T1,4.5ft,0.05s
4.24.2026 20:06:27,T0,T1,4.5ft,0.05s
4.24.2026 20:06:27,T0,T1,4.5ft,0.05s
4.24.2026 20:06:27,T0,T1,4.5ft,0.05s
4.24.2026 20:06:27,T0,T1,4.5ft,0.05s
4.24.2026 20:06:27,T0,T1,4.5ft,0.05s
4.24.2026 20:06:28,T0,T1,4.7ft,0.05s
4.24.2026 20:06:28,T0,T1,4.6ft,0.05s
4.24.2026 20:06:28,T0,T1,4.6ft,0.05s
4.24.2026 20:06:28,T0,T1,4.6ft,0.05s
4.24.2026 20:06:28,T0,T1,4.5ft,0.05s
4.24.2026 20:06:28,T0,T1,4.5ft,0.05s
4.24.2026 20:06:28,T0,T1,4.7ft,0.05s
4.24.2026 20:06:28,T0,T1,4.9ft,0.05s
4.24.2026 20:06:28,T0,T1,5.2ft,0.05s
4.24.2026 20:06:28,T0,T1,5.5ft,0.05s
4.24.2026 20:06:28,T0,T1,5.2ft,0.05s
4.24.2026 20:06:28,T0,T1,5.0ft,0.05s
4.24.2026 20:06:28,T0,T1,5.3ft,0.05s
4.24.2026 20:06:28,T0,T1,5.6ft,0.05s
4.24.2026 20:06:28,T0,T1,5.8ft,0.05s
4.24.2026 20:06:28,T0,T1,6.1ft,0.05s
4.24.2026 20:06:28,T0,T1,6.3ft,0.05s
4.24.2026 20:06:28,T0,T1,6.5ft,0.05s
4.24.2026 20:06:28,T0,T1,6.7ft,0.05s
4.24.2026 20:06:29,T0,T1,6.1ft,0.05s
4.24.2026 20:06:29,T0,T1,5.7ft,0.05s
4.24.2026 20:06:29,T0,T1,5.3ft,0.05s
4.24.2026 20:06:29,T0,T1,5.1ft,0.05s
4.24.2026 20:06:29,T0,T1,4.9ft,0.05s
4.24.2026 20:06:29,T0,T1,4.8ft,0.05s
4.24.2026 20:06:29,T0,T1,4.7ft,0.05s
4.24.2026 20:06:29,T0,T1,4.6ft,0.05s
4.24.2026 20:06:29,T0,T1,4.6ft,0.05s
4.24.2026 20:06:29,T0,T1,4.6ft,0.05s
4.24.2026 20:06:29,T0,T1,4.5ft,0.05s
4.24.2026 20:06:29,T0,T1,4.5ft,0.05s
4.24.2026 20:06:29,T0,T1,4.5ft,0.05s
4.24.2026 20:06:29,T0,T1,4.5ft,0.05s
4.24.2026 20:06:29,T0,T1,4.5ft,0.05s
4.24.2026 20:06:29,T0,T1,4.5ft,0.05s
4.24.2026 20:06:29,T0,T1,4.5ft,0.05s
4.24.2026 20:06:29,T0,T1,4.5ft,0.05s
4.24.2026 20:06:29,T0,T1,4.5ft,0.05s
4.24.2026 20:06:29,T0,T1,4.5ft,0.05s
4.24.2026 20:06:30,T0,T1,4.5ft,0.05s
4.24.2026 20:06:30,T0,T1,4.5ft,0.05s
4.24.2026 20:06:30,T0,T1,4.5ft,0.05s
4.24.2026 20:06:30,T0,T1,4.5ft,0.05s
4.24.2026 20:06:30,T0,T1,4.5ft,0.05s
4.24.2026 20:06:30,T0,T1,4.5ft,0.05s
4.24.2026 20:06:30,T0,T1,4.5ft,0.05s
4.24.2026 20:06:30,T0,T1,4.7ft,0.05s
4.24.2026 20:06:30,T0,T1,4.9ft,0.05s
4.24.2026 20:06:30,T0,T1,4.8ft,0.05s
4.24.2026 20:06:30,T0,T1,4.7ft,0.05s
4.24.2026 20:06:30,T0,T1,4.6ft,0.05s
4.24.2026 20:06:30,T0,T1,4.6ft,0.05s
4.24.2026 20:06:30,T0,T1,4.8ft,0.05s
4.24.2026 20:06:30,T0,T1,5.1ft,0.05s
4.24.2026 20:06:30,T0,T1,4.9ft,0.05s
4.24.2026 20:06:30,T0,T1,4.8ft,0.05s
4.24.2026 20:06:30,T0,T1,4.7ft,0.05s
4.24.2026 20:06:30,T0,T1,4.6ft,0.05s
4.24.2026 20:06:30,T0,T1,4.6ft,0.05s
4.24.2026 20:06:31,T0,T1,4.5ft,0.05s
4.24.2026 20:06:31,T0,T1,4.5ft,0.05s
4.24.2026 20:06:31,T0,T1,4.5ft,0.05s
4.24.2026 20:06:31,T0,T1,4.5ft,0.05s
4.24.2026 20:06:31,T0,T1,4.5ft,0.05s
4.24.2026 20:06:31,T0,T1,4.5ft,0.05s
4.24.2026 20:06:31,T0,T1,4.5ft,0.05s
4.24.2026 20:06:31,T0,T1,4.6ft,0.05s
4.24.2026 20:06:31,T0,T1,4.8ft,0.05s
4.24.2026 20:06:31,T0,T1,5.1ft,0.05s
4.24.2026 20:06:31,T0,T1,5.4ft,0.05s
4.24.2026 20:06:31,T0,T1,5.1ft,0.05s
4.24.2026 20:06:31,T0,T1,4.9ft,0.05s
4.24.2026 20:06:31,T0,T1,4.8ft,0.05s
4.24.2026 20:06:31,T0,T1,4.7ft,0.06s
4.24.2026 20:06:31,T0,T1,4.6ft,0.05s
4.24.2026 20:06:31,T0,T1,4.6ft,0.05s
4.24.2026 20:06:31,T0,T1,4.5ft,0.05s
4.24.2026 20:06:31,T0,T1,4.5ft,0.05s
4.24.2026 20:06:32,T0,T1,4.5ft,0.05s
4.24.2026 20:06:32,T0,T1,4.5ft,0.05s
4.24.2026 20:06:32,T0,T1,4.5ft,0.05s
4.24.2026 20:06:32,T0,T1,4.5ft,0.05s
4.24.2026 20:06:32,T0,T1,4.5ft,0.05s
4.24.2026 20:06:32,T0,T1,4.5ft,0.05s
4.24.2026 20:06:32,T0,T1,4.5ft,0.05s
4.24.2026 20:06:32,T0,T1,4.5ft,0.05s
4.24.2026 20:06:32,T0,T1,4.5ft,0.05s
4.24.2026 20:06:32,T0,T1,4.5ft,0.05s
4.24.2026 20:06:32,T0,T1,4.5ft,0.05s
4.24.2026 20:06:32,T0,T1,4.5ft,0.05s
4.24.2026 20:06:32,T0,T1,4.5ft,0.05s
4.24.2026 20:06:32,T0,T1,4.5ft,0.05s
4.24.2026 20:06:32,T0,T1,4.5ft,0.05s
4.24.2026 20:06:32,T0,T1,4.5ft,0.05s
4.24.2026 20:06:32,T0,T1,4.5ft,0.05s
4.24.2026 20:06:32,T0,T1,4.5ft,0.05s
4.24.2026 20:06:32,T0,T1,4.5ft,0.05s
4.24.2026 20:06:32,T0,T1,4.5ft,0.05s
4.24.2026 20:06:33,T0,T1,4.5ft,0.05s
4.24.2026 20:06:33,T0,T1,4.5ft,0.05s
4.24.2026 20:06:33,T0,T1,4.5ft,0.05s
4.24.2026 20:06:33,T0,T1,4.5ft,0.05s
4.24.2026 20:06:33,T0,T1,4.5ft,0.05s
4.24.2026 20:06:33,T0,T1,4.5ft,0.05s
4.24.2026 20:06:33,T0,T1,4.5ft,0.05s
4.24.2026 20:06:33,T0,T1,4.5ft,0.05s
4.24.2026 20:06:33,T0,T1,4.5ft,0.06s
4.24.2026 20:06:33,T0,T1,4.5ft,0.05s
4.24.2026 20:06:33,T0,T1,4.5ft,0.05s
4.24.2026 20:06:33,T0,T1,4.5ft,0.05s
4.24.2026 20:06:33,T0,T1,4.5ft,0.05s
4.24.2026 20:06:33,T0,T1,4.5ft,0.05s
4.24.2026 20:06:33,T0,T1,4.5ft,0.05s
4.24.2026 20:06:33,T0,T1,4.5ft,0.05s
4.24.2026 20:06:33,T0,T1,4.5ft,0.05s
4.24.2026 20:06:33,T0,T1,4.5ft,0.05s
4.24.2026 20:06:33,T0,T1,4.5ft,0.05s
4.24.2026 20:06:33,T0,T1,4.5ft,0.05s
4.24.2026 20:06:34,T0,T1,4.5ft,0.05s
4.24.2026 20:06:34,T0,T1,4.7ft,0.05s
4.24.2026 20:06:34,T0,T1,5.0ft,0.05s
4.24.2026 20:06:34,T0,T1,5.3ft,0.05s
4.24.2026 20:06:34,T0,T1,5.6ft,0.05s
4.24.2026 20:06:34,T0,T1,5.2ft,0.05s
4.24.2026 20:06:34,T0,T1,5.0ft,0.05s
4.24.2026 20:06:34,T0,T1,4.9ft,0.05s
4.24.2026 20:06:34,T0,T1,4.7ft,0.05s
4.24.2026 20:06:34,T0,T1,4.7ft,0.05s
4.24.2026 20:06:34,T0,T1,4.6ft,0.05s
4.24.2026 20:06:34,T0,T1,4.6ft,0.05s
4.24.2026 20:06:34,T0,T1,4.5ft,0.05s
4.24.2026 20:06:34,T0,T1,4.5ft,0.06s
4.24.2026 20:06:34,T0,T1,4.5ft,0.05s
4.24.2026 20:06:34,T0,T1,4.5ft,0.05s
4.24.2026 20:06:34,T0,T1,4.5ft,0.05s
4.24.2026 20:06:34,T0,T1,4.5ft,0.05s
4.24.2026 20:06:34,T0,T1,4.5ft,0.05s
4.24.2026 20:06:35,T0,T1,4.5ft,0.05s
4.24.2026 20:06:35,T0,T1,4.5ft,0.05s
4.24.2026 20:06:35,T0,T1,4.5ft,0.05s
4.24.2026 20:06:35,T0,T1,4.5ft,0.05s
4.24.2026 20:06:35,T0,T1,4.5ft,0.05s
4.24.2026 20:06:35,T0,T1,4.5ft,0.05s
4.24.2026 20:06:35,T0,T1,4.5ft,0.05s
4.24.2026 20:06:35,T0,T1,4.5ft,0.05s
4.24.2026 20:06:35,T0,T1,4.5ft,0.05s
4.24.2026 20:06:35,T0,T1,4.5ft,0.05s
4.24.2026 20:06:35,T0,T1,4.5ft,0.05s
4.24.2026 20:06:35,T0,T1,4.5ft,0.05s
4.24.2026 20:06:35,T0,T1,4.5ft,0.05s
4.24.2026 20:06:35,T0,T1,4.5ft,0.05s
4.24.2026 20:06:35,T0,T1,4.5ft,0.05s
4.24.2026 20:06:35,T0,T1,4.5ft,0.05s
4.24.2026 20:06:35,T0,T1,4.5ft,0.05s
4.24.2026 20:06:35,T0,T1,4.5ft,0.05s
4.24.2026 20:06:35,T0,T1,4.5ft,0.05s
4.24.2026 20:06:35,T0,T1,4.6ft,0.05s
4.24.2026 20:06:36,T0,T1,4.6ft,0.05s
4.24.2026 20:06:36,T0,T1,4.6ft,0.05s
4.24.2026 20:06:36,T0,T1,4.6ft,0.05s
4.24.2026 20:06:36,T0,T1,4.6ft,0.05s
4.24.2026 20:06:36,T0,T1,4.6ft,0.05s
4.24.2026 20:06:36,T0,T1,4.6ft,0.05s
4.24.2026 20:06:36,T0,T1,4.6ft,0.05s
4.24.2026 20:06:36,T0,T1,4.6ft,0.05s
4.24.2026 20:06:36,T0,T1,4.6ft,0.05s
4.24.2026 20:06:36,T0,T1,4.5ft,0.05s
4.24.2026 20:06:36,T0,T1,4.5ft,0.06s
4.24.2026 20:06:36,T0,T1,4.5ft,0.05s
4.24.2026 20:06:36,T0,T1,4.5ft,0.05s
4.24.2026 20:06:36,T0,T1,4.5ft,0.05s
4.24.2026 20:06:36,T0,T1,4.5ft,0.05s
4.24.2026 20:06:36,T0,T1,4.5ft,0.05s
4.24.2026 20:06:36,T0,T1,4.6ft,0.05s
4.24.2026 20:06:36,T0,T1,4.6ft,0.05s
4.24.2026 20:06:36,T0,T1,4.6ft,0.05s
4.24.2026 20:06:37,T0,T1,4.6ft,0.05s
4.24.2026 20:06:37,T0,T1,4.6ft,0.05s
4.24.2026 20:06:37,T0,T1,4.6ft,0.05s
4.24.2026 20:06:37,T0,T1,4.6ft,0.05s
4.24.2026 20:06:37,T0,T1,4.6ft,0.05s
4.24.2026 20:06:37,T0,T1,4.6ft,0.05s
4.24.2026 20:06:37,T0,T1,4.6ft,0.05s
4.24.2026 20:06:37,T0,T1,4.7ft,0.05s
4.24.2026 20:06:37,T0,T1,5.0ft,0.05s
4.24.2026 20:06:37,T0,T1,5.3ft,0.05s
4.24.2026 20:06:37,T0,T1,5.6ft,0.05s
4.24.2026 20:06:37,T0,T1,5.8ft,0.05s
4.24.2026 20:06:37,T0,T1,5.5ft,0.05s
4.24.2026 20:06:37,T0,T1,5.2ft,0.05s
4.24.2026 20:06:37,T0,T1,5.0ft,0.05s
4.24.2026 20:06:37,T0,T1,4.8ft,0.05s
4.24.2026 20:06:37,T0,T1,4.7ft,0.06s
4.24.2026 20:06:37,T0,T1,4.6ft,0.05s
4.24.2026 20:06:37,T0,T1,4.6ft,0.05s
4.24.2026 20:06:37,T0,T1,4.6ft,0.05s
4.24.2026 20:06:38,T0,T1,4.5ft,0.05s
4.24.2026 20:06:38,T0,T1,4.5ft,0.05s
4.24.2026 20:06:38,T0,T1,4.5ft,0.05s
4.24.2026 20:06:38,T0,T1,4.5ft,0.05s
4.24.2026 20:06:38,T0,T1,4.5ft,0.05s
4.24.2026 20:06:38,T0,T1,4.5ft,0.05s
4.24.2026 20:06:38,T0,T1,4.5ft,0.05s
4.24.2026 20:06:38,T0,T1,4.5ft,0.05s
4.24.2026 20:06:38,T0,T1,4.5ft,0.05s
4.24.2026 20:06:38,T0,T1,4.5ft,0.05s
4.24.2026 20:06:38,T0,T1,4.5ft,0.05s
4.24.2026 20:06:38,T0,T1,4.5ft,0.05s
4.24.2026 20:06:38,T0,T1,4.5ft,0.05s
4.24.2026 20:06:38,T0,T1,4.5ft,0.05s
4.24.2026 20:06:38,T0,T1,4.7ft,0.05s
4.24.2026 20:06:38,T0,T1,4.6ft,0.05s
4.24.2026 20:06:38,T0,T1,4.6ft,0.05s
4.24.2026 20:06:38,T0,T1,4.5ft,0.05s
4.24.2026 20:06:38,T0,T1,4.7ft,0.05s
4.24.2026 20:06:39,T0,T1,5.0ft,0.05s
4.24.2026 20:06:39,T0,T1,4.9ft,0.05s
4.24.2026 20:06:39,T0,T1,4.7ft,0.06s
4.24.2026 20:06:39,T0,T1,4.7ft,0.05s
4.24.2026 20:06:39,T0,T1,4.6ft,0.05s
4.24.2026 20:06:39,T0,T1,4.6ft,0.05s
4.24.2026 20:06:39,T0,T1,4.5ft,0.05s
4.24.2026 20:06:39,T0,T1,4.5ft,0.05s
4.24.2026 20:06:39,T0,T1,4.5ft,0.05s
4.24.2026 20:06:39,T0,T1,4.5ft,0.05s
4.24.2026 20:06:39,T0,T1,4.5ft,0.05s
4.24.2026 20:06:39,T0,T1,4.5ft,0.05s
4.24.2026 20:06:39,T0,T1,4.5ft,0.05s
4.24.2026 20:06:39,T0,T1,4.6ft,0.05s
4.24.2026 20:06:39,T0,T1,4.8ft,0.05s
4.24.2026 20:06:39,T0,T1,4.7ft,0.05s
4.24.2026 20:06:39,T0,T1,4.6ft,0.05s
4.24.2026 20:06:39,T0,T1,4.6ft,0.05s
4.24.2026 20:06:39,T0,T1,4.5ft,0.05s
4.24.2026 20:06:39,T0,T1,4.5ft,0.05s
4.24.2026 20:06:40,T0,T1,4.5ft,0.05s
4.24.2026 20:06:40,T0,T1,4.5ft,0.05s
4.24.2026 20:06:40,T0,T1,4.5ft,0.05s
4.24.2026 20:06:40,T0,T1,4.6ft,0.05s
4.24.2026 20:06:40,T0,T1,4.8ft,0.05s
4.24.2026 20:06:40,T0,T1,5.1ft,0.05s
4.24.2026 20:06:40,T0,T1,5.4ft,0.05s
4.24.2026 20:06:40,T0,T1,5.1ft,0.05s
4.24.2026 20:06:40,T0,T1,4.9ft,0.05s
4.24.2026 20:06:40,T0,T1,4.8ft,0.05s
4.24.2026 20:06:40,T0,T1,4.7ft,0.05s
4.24.2026 20:06:40,T0,T1,4.6ft,0.05s
4.24.2026 20:06:40,T0,T1,4.5ft,0.05s
4.24.2026 20:06:40,T0,T1,4.5ft,0.05s
4.24.2026 20:06:40,T0,T1,4.5ft,0.05s
4.24.2026 20:06:40,T0,T1,4.5ft,0.05s
4.24.2026 20:06:40,T0,T1,4.5ft,0.05s
4.24.2026 20:06:40,T0,T1,4.5ft,0.05s
4.24.2026 20:06:40,T0,T1,4.5ft,0.06s
4.24.2026 20:06:41,T0,T1,4.5ft,0.05s
4.24.2026 20:06:41,T0,T1,4.5ft,0.05s
4.24.2026 20:06:41,T0,T1,4.5ft,0.05s
4.24.2026 20:06:41,T0,T1,4.5ft,0.05s
4.24.2026 20:06:41,T0,T1,4.5ft,0.05s
4.24.2026 20:06:41,T0,T1,4.5ft,0.05s
4.24.2026 20:06:41,T0,T1,4.5ft,0.05s
4.24.2026 20:06:41,T0,T1,4.5ft,0.05s
4.24.2026 20:06:41,T0,T1,4.5ft,0.05s
4.24.2026 20:06:41,T0,T1,4.5ft,0.05s
4.24.2026 20:06:41,T0,T1,4.5ft,0.05s
4.24.2026 20:06:41,T0,T1,4.5ft,0.05s
4.24.2026 20:06:41,T0,T1,4.5ft,0.05s
4.24.2026 20:06:41,T0,T1,4.5ft,0.05s
4.24.2026 20:06:41,T0,T1,4.5ft,0.05s
4.24.2026 20:06:41,T0,T1,4.5ft,0.05s
4.24.2026 20:06:41,T0,T1,4.5ft,0.05s
4.24.2026 20:06:41,T0,T1,4.5ft,0.05s
4.24.2026 20:06:41,T0,T1,4.5ft,0.05s
4.24.2026 20:06:41,T0,T1,4.5ft,0.05s
4.24.2026 20:06:42,T0,T1,4.5ft,0.05s
4.24.2026 20:06:42,T0,T1,4.5ft,0.05s
4.24.2026 20:06:42,T0,T1,4.5ft,0.05s
4.24.2026 20:06:42,T0,T1,4.5ft,0.05s
4.24.2026 20:06:42,T0,T1,4.5ft,0.06s
4.24.2026 20:06:42,T0,T1,4.5ft,0.05s
4.24.2026 20:06:42,T0,T1,4.5ft,0.05s
4.24.2026 20:06:42,T0,T1,4.7ft,0.05s
4.24.2026 20:06:42,T0,T1,4.9ft,0.05s
4.24.2026 20:06:42,T0,T1,5.2ft,0.05s
4.24.2026 20:06:42,T0,T1,5.5ft,0.05s
4.24.2026 20:06:42,T0,T1,5.8ft,0.05s
4.24.2026 20:06:42,T0,T1,6.0ft,0.05s
4.24.2026 20:06:42,T0,T1,5.6ft,0.05s
4.24.2026 20:06:42,T0,T1,5.3ft,0.05s
4.24.2026 20:06:42,T0,T1,5.0ft,0.05s
4.24.2026 20:06:42,T0,T1,4.9ft,0.05s
4.24.2026 20:06:42,T0,T1,5.1ft,0.05s
4.24.2026 20:06:42,T0,T1,5.4ft,0.05s
4.24.2026 20:06:42,T0,T1,5.7ft,0.05s
4.24.2026 20:06:43,T0,T1,5.3ft,0.05s
4.24.2026 20:06:43,T0,T1,5.1ft,0.05s
4.24.2026 20:06:43,T0,T1,4.9ft,0.05s
4.24.2026 20:06:43,T0,T1,4.8ft,0.05s
4.24.2026 20:06:43,T0,T1,4.7ft,0.05s
4.24.2026 20:06:43,T0,T1,4.6ft,0.05s
4.24.2026 20:06:43,T0,T1,4.6ft,0.05s
4.24.2026 20:06:43,T0,T1,4.5ft,0.05s
4.24.2026 20:06:43,T0,T1,4.5ft,0.05s
4.24.2026 20:06:43,T0,T1,4.5ft,0.05s
4.24.2026 20:06:43,T0,T1,4.5ft,0.05s
4.24.2026 20:06:43,T0,T1,4.5ft,0.05s
4.24.2026 20:06:43,T0,T1,4.5ft,0.05s
4.24.2026 20:06:43,T0,T1,4.5ft,0.05s
4.24.2026 20:06:43,T0,T1,4.5ft,0.05s
4.24.2026 20:06:43,T0,T1,4.5ft,0.05s
4.24.2026 20:06:43,T0,T1,4.5ft,0.05s
4.24.2026 20:06:43,T0,T1,4.6ft,0.05s
4.24.2026 20:06:43,T0,T1,4.8ft,0.05s
4.24.2026 20:06:44,T0,T1,4.7ft,0.05s
4.24.2026 20:06:44,T0,T1,4.6ft,0.05s
4.24.2026 20:06:44,T0,T1,4.6ft,0.05s
4.24.2026 20:06:44,T0,T1,4.8ft,0.05s
4.24.2026 20:06:44,T0,T1,5.0ft,0.05s
4.24.2026 20:06:44,T0,T1,5.3ft,0.05s
4.24.2026 20:06:44,T0,T1,5.6ft,0.05s
4.24.2026 20:06:44,T0,T1,5.9ft,0.05s
4.24.2026 20:06:44,T0,T1,6.1ft,0.05s
4.24.2026 20:06:44,T0,T1,6.3ft,0.05s
4.24.2026 20:06:44,T0,T1,5.8ft,0.05s
4.24.2026 20:06:44,T0,T1,5.4ft,0.05s
4.24.2026 20:06:44,T0,T1,5.2ft,0.05s
4.24.2026 20:06:44,T0,T1,5.0ft,0.05s
4.24.2026 20:06:44,T0,T1,4.8ft,0.05s
4.24.2026 20:06:44,T0,T1,4.7ft,0.05s
4.24.2026 20:06:44,T0,T1,4.6ft,0.05s
4.24.2026 20:06:44,T0,T1,4.6ft,0.05s
4.24.2026 20:06:44,T0,T1,4.6ft,0.05s
4.24.2026 20:06:44,T0,T1,4.5ft,0.05s
4.24.2026 20:06:45,T0,T1,4.5ft,0.05s
4.24.2026 20:06:45,T0,T1,4.5ft,0.05s
4.24.2026 20:06:45,T0,T1,4.5ft,0.05s
4.24.2026 20:06:45,T0,T1,4.5ft,0.05s
4.24.2026 20:06:45,T0,T1,4.5ft,0.05s
4.24.2026 20:06:45,T0,T1,4.5ft,0.05s
4.24.2026 20:06:45,T0,T1,4.5ft,0.05s
4.24.2026 20:06:45,T0,T1,4.5ft,0.05s
4.24.2026 20:06:45,T0,T1,4.5ft,0.05s
4.24.2026 20:06:45,T0,T1,4.5ft,0.05s
4.24.2026 20:06:45,T0,T1,4.5ft,0.05s
4.24.2026 20:06:45,T0,T1,4.5ft,0.05s
4.24.2026 20:06:45,T0,T1,4.5ft,0.05s
4.24.2026 20:06:45,T0,T1,4.5ft,0.05s
4.24.2026 20:06:45,T0,T1,4.5ft,0.05s
4.24.2026 20:06:45,T0,T1,4.5ft,0.05s
4.24.2026 20:06:45,T0,T1,4.5ft,0.05s
4.24.2026 20:06:45,T0,T1,4.5ft,0.05s
4.24.2026 20:06:45,T0,T1,4.5ft,0.05s
4.24.2026 20:06:46,T0,T1,4.5ft,0.05s
4.24.2026 20:06:46,T0,T1,4.5ft,0.05s
4.24.2026 20:06:46,T0,T1,4.5ft,0.05s
4.24.2026 20:06:46,T0,T1,4.5ft,0.05s
4.24.2026 20:06:46,T0,T1,4.5ft,0.05s
4.24.2026 20:06:46,T0,T1,4.5ft,0.05s
4.24.2026 20:06:46,T0,T1,4.7ft,0.05s
4.24.2026 20:06:46,T0,T1,4.6ft,0.05s
4.24.2026 20:06:46,T0,T1,4.6ft,0.05s
4.24.2026 20:06:46,T0,T1,4.6ft,0.05s
4.24.2026 20:06:46,T0,T1,4.6ft,0.05s
4.24.2026 20:06:46,T0,T1,4.5ft,0.05s
4.24.2026 20:06:46,T0,T1,4.5ft,0.05s
4.24.2026 20:06:46,T0,T1,4.5ft,0.05s
4.24.2026 20:06:46,T0,T1,4.5ft,0.05s
4.24.2026 20:06:46,T0,T1,4.5ft,0.05s
4.24.2026 20:06:46,T0,T1,4.5ft,0.05s
4.24.2026 20:06:46,T0,T1,4.6ft,0.05s
4.24.2026 20:06:46,T0,T1,4.8ft,0.05s
4.24.2026 20:06:46,T0,T1,5.1ft,0.05s
4.24.2026 20:06:47,T0,T1,4.9ft,0.05s
4.24.2026 20:06:47,T0,T1,4.8ft,0.05s
4.24.2026 20:06:47,T0,T1,4.7ft,0.05s
4.24.2026 20:06:47,T0,T1,4.6ft,0.05s
4.24.2026 20:06:47,T0,T1,4.6ft,0.05s
4.24.2026 20:06:47,T0,T1,4.6ft,0.05s
4.24.2026 20:06:47,T0,T1,4.5ft,0.05s
4.24.2026 20:06:47,T0,T1,4.5ft,0.05s
4.24.2026 20:06:47,T0,T1,4.5ft,0.05s
4.24.2026 20:06:47,T0,T1,4.5ft,0.05s
4.24.2026 20:06:47,T0,T1,4.6ft,0.05s
4.24.2026 20:06:47,T0,T1,4.8ft,0.05s
4.24.2026 20:06:47,T0,T1,5.1ft,0.05s
4.24.2026 20:06:47,T0,T1,5.4ft,0.05s
4.24.2026 20:06:47,T0,T1,5.1ft,0.05s
4.24.2026 20:06:47,T0,T1,4.9ft,0.05s
4.24.2026 20:06:47,T0,T1,4.8ft,0.05s
4.24.2026 20:06:47,T0,T1,4.7ft,0.05s
4.24.2026 20:06:47,T0,T1,4.6ft,0.05s
4.24.2026 20:06:47,T0,T1,4.6ft,0.06s
4.24.2026 20:06:48,T0,T1,4.6ft,0.05s
4.24.2026 20:06:48,T0,T1,4.7ft,0.05s
4.24.2026 20:06:48,T0,T1,4.7ft,0.05s
4.24.2026 20:06:48,T0,T1,4.6ft,0.05s
4.24.2026 20:06:48,T0,T1,4.6ft,0.05s
4.24.2026 20:06:48,T0,T1,4.5ft,0.05s
4.24.2026 20:06:48,T0,T1,4.5ft,0.05s
4.24.2026 20:06:48,T0,T1,4.5ft,0.05s
4.24.2026 20:06:48,T0,T1,4.7ft,0.05s
4.24.2026 20:06:48,T0,T1,4.6ft,0.05s
4.24.2026 20:06:48,T0,T1,4.6ft,0.05s
4.24.2026 20:06:48,T0,T1,4.8ft,0.05s
4.24.2026 20:06:48,T0,T1,5.0ft,0.05s
4.24.2026 20:06:48,T0,T1,5.3ft,0.05s
4.24.2026 20:06:48,T0,T1,5.6ft,0.05s
4.24.2026 20:06:48,T0,T1,5.3ft,0.05s
4.24.2026 20:06:48,T0,T1,5.0ft,0.05s
4.24.2026 20:06:48,T0,T1,4.9ft,0.05s
4.24.2026 20:06:48,T0,T1,4.7ft,0.05s
4.24.2026 20:06:49,T0,T1,4.7ft,0.05s
4.24.2026 20:06:49,T0,T1,4.6ft,0.05s
4.24.2026 20:06:49,T0,T1,4.6ft,0.05s
4.24.2026 20:06:49,T0,T1,4.5ft,0.05s
4.24.2026 20:06:49,T0,T1,4.5ft,0.05s
4.24.2026 20:06:49,T0,T1,4.5ft,0.05s
4.24.2026 20:06:49,T0,T1,4.5ft,0.05s
4.24.2026 20:06:49,T0,T1,4.5ft,0.05s
4.24.2026 20:06:49,T0,T1,4.6ft,0.05s
4.24.2026 20:06:49,T0,T1,4.9ft,0.05s
4.24.2026 20:06:49,T0,T1,5.1ft,0.05s
4.24.2026 20:06:49,T0,T1,5.4ft,0.05s
4.24.2026 20:06:49,T0,T1,5.7ft,0.05s
4.24.2026 20:06:49,T0,T1,6.0ft,0.05s
4.24.2026 20:06:49,T0,T1,5.6ft,0.05s
4.24.2026 20:06:49,T0,T1,5.3ft,0.05s
4.24.2026 20:06:49,T0,T1,5.0ft,0.05s
4.24.2026 20:06:49,T0,T1,4.9ft,0.05s
4.24.2026 20:06:49,T0,T1,5.2ft,0.05s
4.24.2026 20:06:49,T0,T1,5.5ft,0.05s
4.24.2026 20:06:50,T0,T1,5.7ft,0.05s
4.24.2026 20:06:50,T0,T1,5.4ft,0.05s
4.24.2026 20:06:50,T0,T1,5.1ft,0.05s
4.24.2026 20:06:50,T0,T1,4.9ft,0.05s
4.24.2026 20:06:50,T0,T1,4.8ft,0.05s
4.24.2026 20:06:50,T0,T1,4.7ft,0.05s
4.24.2026 20:06:50,T0,T1,4.7ft,0.05s
4.24.2026 20:06:50,T0,T1,4.6ft,0.05s
4.24.2026 20:06:50,T0,T1,4.6ft,0.05s
4.24.2026 20:06:50,T0,T1,4.6ft,0.05s
4.24.2026 20:06:50,T0,T1,4.6ft,0.05s
4.24.2026 20:06:50,T0,T1,4.6ft,0.05s
4.24.2026 20:06:50,T0,T1,4.6ft,0.05s
4.24.2026 20:06:50,T0,T1,4.6ft,0.05s
4.24.2026 20:06:50,T0,T1,4.6ft,0.05s
4.24.2026 20:06:50,T0,T1,4.6ft,0.05s
4.24.2026 20:06:50,T0,T1,4.6ft,0.05s
4.24.2026 20:06:50,T0,T1,4.6ft,0.05s
4.24.2026 20:06:50,T0,T1,4.6ft,0.05s
4.24.2026 20:06:51,T0,T1,4.6ft,0.05s
4.24.2026 20:06:51,T0,T1,4.8ft,0.05s
4.24.2026 20:06:51,T0,T1,5.0ft,0.05s
4.24.2026 20:06:51,T0,T1,4.9ft,0.05s
4.24.2026 20:06:51,T0,T1,4.7ft,0.05s
4.24.2026 20:06:51,T0,T1,4.6ft,0.05s
4.24.2026 20:06:51,T0,T1,4.6ft,0.05s
4.24.2026 20:06:51,T0,T1,4.5ft,0.05s
4.24.2026 20:06:51,T0,T1,4.5ft,0.05s
4.24.2026 20:06:51,T0,T1,4.5ft,0.05s
4.24.2026 20:06:51,T0,T1,4.5ft,0.05s
4.24.2026 20:06:51,T0,T1,4.6ft,0.05s
4.24.2026 20:06:51,T0,T1,4.9ft,0.05s
4.24.2026 20:06:51,T0,T1,5.1ft,0.05s
4.24.2026 20:06:51,T0,T1,4.9ft,0.05s
4.24.2026 20:06:51,T0,T1,4.8ft,0.05s
4.24.2026 20:06:51,T0,T1,4.7ft,0.05s
4.24.2026 20:06:51,T0,T1,4.6ft,0.05s
4.24.2026 20:06:51,T0,T1,4.5ft,0.05s
4.24.2026 20:06:51,T0,T1,4.5ft,0.05s
4.24.2026 20:06:52,T0,T1,4.5ft,0.05s
4.24.2026 20:06:52,T0,T1,4.5ft,0.05s
4.24.2026 20:06:52,T0,T1,4.5ft,0.05s
4.24.2026 20:06:52,T0,T1,4.5ft,0.05s
4.24.2026 20:06:52,T0,T1,4.5ft,0.05s
4.24.2026 20:06:52,T0,T1,4.5ft,0.05s
4.24.2026 20:06:52,T0,T1,4.5ft,0.05s
4.24.2026 20:06:52,T0,T1,4.5ft,0.05s
4.24.2026 20:06:52,T0,T1,4.5ft,0.05s
4.24.2026 20:06:52,T0,T1,4.5ft,0.05s
4.24.2026 20:06:52,T0,T1,4.5ft,0.05s
4.24.2026 20:06:52,T0,T1,4.5ft,0.05s
4.24.2026 20:06:52,T0,T1,4.5ft,0.05s
4.24.2026 20:06:52,T0,T1,4.5ft,0.05s
4.24.2026 20:06:52,T0,T1,4.5ft,0.05s
4.24.2026 20:06:52,T0,T1,4.5ft,0.05s
4.24.2026 20:06:52,T0,T1,4.5ft,0.05s
4.24.2026 20:06:52,T0,T1,4.5ft,0.05s
4.24.2026 20:06:52,T0,T1,4.5ft,0.05s
4.24.2026 20:06:52,T0,T1,4.6ft,0.05s
4.24.2026 20:06:53,T0,T1,4.6ft,0.05s
4.24.2026 20:06:53,T0,T1,4.6ft,0.05s
4.24.2026 20:06:53,T0,T1,4.6ft,0.05s
4.24.2026 20:06:53,T0,T1,4.6ft,0.06s
4.24.2026 20:06:53,T0,T1,4.6ft,0.05s
4.24.2026 20:06:53,T0,T1,4.6ft,0.05s
4.24.2026 20:06:53,T0,T1,4.6ft,0.05s
4.24.2026 20:06:53,T0,T1,4.6ft,0.05s
4.24.2026 20:06:53,T0,T1,4.6ft,0.05s
4.24.2026 20:06:53,T0,T1,4.6ft,0.05s
4.24.2026 20:06:53,T0,T1,4.6ft,0.05s
4.24.2026 20:06:53,T0,T1,4.5ft,0.05s
4.24.2026 20:06:53,T0,T1,4.5ft,0.05s
4.24.2026 20:06:53,T0,T1,4.5ft,0.05s
4.24.2026 20:06:53,T0,T1,4.5ft,0.05s
4.24.2026 20:06:53,T0,T1,4.6ft,0.05s
4.24.2026 20:06:53,T0,T1,4.6ft,0.05s
4.24.2026 20:06:53,T0,T1,4.6ft,0.05s
4.24.2026 20:06:53,T0,T1,4.6ft,0.05s
4.24.2026 20:06:54,T0,T1,4.6ft,0.05s
4.24.2026 20:06:54,T0,T1,4.6ft,0.05s
4.24.2026 20:06:54,T0,T1,4.6ft,0.05s
4.24.2026 20:06:54,T0,T1,4.6ft,0.05s
4.24.2026 20:06:54,T0,T1,4.6ft,0.05s
4.24.2026 20:06:54,T0,T1,4.5ft,0.05s
4.24.2026 20:06:54,T0,T1,4.5ft,0.05s
4.24.2026 20:06:54,T0,T1,4.5ft,0.05s
4.24.2026 20:06:54,T0,T1,4.6ft,0.05s
4.24.2026 20:06:54,T0,T1,4.8ft,0.06s
4.24.2026 20:06:54,T0,T1,5.1ft,0.05s
4.24.2026 20:06:54,T0,T1,4.9ft,0.05s
4.24.2026 20:06:54,T0,T1,4.7ft,0.05s
4.24.2026 20:06:54,T0,T1,4.7ft,0.05s
4.24.2026 20:06:54,T0,T1,4.9ft,0.05s
4.24.2026 20:06:54,T0,T1,4.8ft,0.05s
4.24.2026 20:06:54,T0,T1,4.7ft,0.05s
4.24.2026 20:06:54,T0,T1,4.6ft,0.05s
4.24.2026 20:06:54,T0,T1,4.6ft,0.05s
4.24.2026 20:06:54,T0,T1,4.5ft,0.05s
4.24.2026 20:06:55,T0,T1,4.5ft,0.05s
4.24.2026 20:06:55,T0,T1,4.7ft,0.05s
4.24.2026 20:06:55,T0,T1,4.9ft,0.05s
4.24.2026 20:06:55,T0,T1,5.2ft,0.05s
4.24.2026 20:06:55,T0,T1,5.5ft,0.05s
4.24.2026 20:06:55,T0,T1,5.2ft,0.05s
4.24.2026 20:06:55,T0,T1,5.5ft,0.05s
4.24.2026 20:06:55,T0,T1,5.8ft,0.05s
4.24.2026 20:06:55,T0,T1,5.4ft,0.05s
4.24.2026 20:06:55,T0,T1,5.1ft,0.05s
4.24.2026 20:06:55,T0,T1,4.9ft,0.05s
4.24.2026 20:06:55,T0,T1,4.8ft,0.05s
4.24.2026 20:06:55,T0,T1,4.7ft,0.05s
4.24.2026 20:06:55,T0,T1,4.6ft,0.05s
4.24.2026 20:06:55,T0,T1,4.6ft,0.06s
4.24.2026 20:06:55,T0,T1,4.5ft,0.05s
4.24.2026 20:06:55,T0,T1,4.5ft,0.05s
4.24.2026 20:06:55,T0,T1,4.5ft,0.05s
4.24.2026 20:06:55,T0,T1,4.5ft,0.05s
4.24.2026 20:06:56,T0,T1,4.5ft,0.05s
4.24.2026 20:06:56,T0,T1,4.5ft,0.05s
4.24.2026 20:06:56,T0,T1,4.5ft,0.05s
4.24.2026 20:06:56,T0,T1,4.5ft,0.05s
4.24.2026 20:06:56,T0,T1,4.5ft,0.05s
4.24.2026 20:06:56,T0,T1,4.5ft,0.05s
4.24.2026 20:06:56,T0,T1,4.5ft,0.05s
4.24.2026 20:06:56,T0,T1,4.5ft,0.05s
4.24.2026 20:06:56,T0,T1,4.5ft,0.05s
4.24.2026 20:06:56,T0,T1,4.5ft,0.05s
4.24.2026 20:06:56,T0,T1,4.5ft,0.05s
4.24.2026 20:06:56,T0,T1,4.5ft,0.05s
4.24.2026 20:06:56,T0,T1,4.5ft,0.05s
4.24.2026 20:06:56,T0,T1,4.5ft,0.05s
4.24.2026 20:06:56,T0,T1,4.5ft,0.05s
4.24.2026 20:06:56,T0,T1,4.5ft,0.05s
4.24.2026 20:06:56,T0,T1,4.5ft,0.05s
4.24.2026 20:06:56,T0,T1,4.5ft,0.05s
4.24.2026 20:06:56,T0,T1,4.5ft,0.05s
4.24.2026 20:06:56,T0,T1,4.5ft,0.05s
4.24.2026 20:06:57,T0,T1,4.5ft,0.05s
4.24.2026 20:06:57,T0,T1,4.5ft,0.05s
4.24.2026 20:06:57,T0,T1,4.5ft,0.05s
4.24.2026 20:06:57,T0,T1,4.5ft,0.05s
4.24.2026 20:06:57,T0,T1,4.5ft,0.05s
4.24.2026 20:06:57,T0,T1,4.5ft,0.05s
4.24.2026 20:06:57,T0,T1,4.5ft,0.05s
4.24.2026 20:06:57,T0,T1,4.5ft,0.05s
4.24.2026 20:06:57,T0,T1,4.5ft,0.05s
4.24.2026 20:06:57,T0,T1,4.5ft,0.05s
4.24.2026 20:06:57,T0,T1,4.5ft,0.05s
4.24.2026 20:06:57,T0,T1,4.5ft,0.05s
4.24.2026 20:06:57,T0,T1,4.5ft,0.05s
4.24.2026 20:06:57,T0,T1,4.5ft,0.05s
4.24.2026 20:06:57,T0,T1,4.5ft,0.05s
4.24.2026 20:06:57,T0,T1,4.5ft,0.05s
4.24.2026 20:06:57,T0,T1,4.5ft,0.05s
4.24.2026 20:06:57,T0,T1,4.5ft,0.05s
4.24.2026 20:06:57,T0,T1,4.5ft,0.05s
4.24.2026 20:06:58,T0,T1,4.5ft,0.05s
4.24.2026 20:06:58,T0,T1,4.5ft,0.05s
4.24.2026 20:06:58,T0,T1,4.5ft,0.05s
4.24.2026 20:06:58,T0,T1,4.5ft,0.05s
4.24.2026 20:06:58,T0,T1,4.5ft,0.05s
4.24.2026 20:06:58,T0,T1,4.5ft,0.05s
4.24.2026 20:06:58,T0,T1,4.5ft,0.05s
4.24.2026 20:06:58,T0,T1,4.5ft,0.05s
4.24.2026 20:06:58,T0,T1,4.5ft,0.05s
4.24.2026 20:06:58,T0,T1,4.5ft,0.05s
4.24.2026 20:06:58,T0,T1,4.5ft,0.05s
4.24.2026 20:06:58,T0,T1,4.5ft,0.05s
4.24.2026 20:06:58,T0,T1,4.5ft,0.05s
4.24.2026 20:06:58,T0,T1,4.5ft,0.05s
4.24.2026 20:06:58,T0,T1,4.5ft,0.05s
4.24.2026 20:06:58,T0,T1,4.5ft,0.05s
4.24.2026 20:06:58,T0,T1,4.5ft,0.05s
4.24.2026 20:06:58,T0,T1,4.5ft,0.05s
4.24.2026 20:06:58,T0,T1,4.5ft,0.05s
4.24.2026 20:06:58,T0,T1,4.5ft,0.05s
4.24.2026 20:06:59,T0,T1,4.5ft,0.05s
4.24.2026 20:06:59,T0,T1,4.5ft,0.05s
4.24.2026 20:06:59,T0,T1,4.5ft,0.05s
4.24.2026 20:06:59,T0,T1,4.5ft,0.05s
4.24.2026 20:06:59,T0,T1,4.5ft,0.05s
4.24.2026 20:06:59,T0,T1,4.5ft,0.05s
4.24.2026 20:06:59,T0,T1,4.5ft,0.05s
4.24.2026 20:06:59,T0,T1,4.5ft,0.05s
4.24.2026 20:06:59,T0,T1,4.5ft,0.05s
4.24.2026 20:06:59,T0,T1,4.5ft,0.05s
4.24.2026 20:06:59,T0,T1,4.5ft,0.05s
4.24.2026 20:06:59,T0,T1,4.5ft,0.05s
4.24.2026 20:06:59,T0,T1,4.5ft,0.05s
4.24.2026 20:06:59,T0,T1,4.5ft,0.05s
4.24.2026 20:06:59,T0,T1,4.5ft,0.05s
4.24.2026 20:06:59,T0,T1,4.5ft,0.05s
4.24.2026 20:06:59,T0,T1,4.6ft,0.05s
4.24.2026 20:06:59,T0,T1,4.6ft,0.05s
4.24.2026 20:06:59,T0,T1,4.6ft,0.05s
4.24.2026 20:06:59,T0,T1,4.6ft,0.05s
4.24.2026 20:07:00,T0,T1,4.6ft,0.05s
4.24.2026 20:07:00,T0,T1,4.6ft,0.05s
4.24.2026 20:07:00,T0,T1,4.6ft,0.05s
4.24.2026 20:07:00,T0,T1,4.6ft,0.05s
4.24.2026 20:07:00,T0,T1,4.6ft,0.05s
4.24.2026 20:07:00,T0,T1,4.6ft,0.05s
4.24.2026 20:07:00,T0,T1,4.6ft,0.05s
4.24.2026 20:07:00,T0,T1,4.6ft,0.06s
4.24.2026 20:07:00,T0,T1,4.6ft,0.05s
4.24.2026 20:07:00,T0,T1,4.6ft,0.05s
4.24.2026 20:07:00,T0,T1,4.6ft,0.05s
4.24.2026 20:07:00,T0,T1,4.6ft,0.05s
4.24.2026 20:07:00,T0,T1,4.6ft,0.05s
4.24.2026 20:07:00,T0,T1,4.6ft,0.05s
4.24.2026 20:07:00,T0,T1,4.6ft,0.05s
4.24.2026 20:07:00,T0,T1,4.6ft,0.05s
4.24.2026 20:07:00,T0,T1,4.6ft,0.05s
4.24.2026 20:07:00,T0,T1,4.6ft,0.05s
4.24.2026 20:07:00,T0,T1,4.7ft,0.05s
4.24.2026 20:07:01,T0,T1,5.0ft,0.05s
4.24.2026 20:07:01,T0,T1,4.8ft,0.05s
4.24.2026 20:07:01,T0,T1,4.7ft,0.05s
4.24.2026 20:07:01,T0,T1,4.7ft,0.05s
4.24.2026 20:07:01,T0,T1,4.6ft,0.05s
4.24.2026 20:07:01,T0,T1,4.6ft,0.05s
4.24.2026 20:07:01,T0,T1,4.5ft,0.05s
4.24.2026 20:07:01,T0,T1,4.5ft,0.05s
4.24.2026 20:07:01,T0,T1,4.5ft,0.05s
4.24.2026 20:07:01,T0,T1,4.5ft,0.05s
4.24.2026 20:07:01,T0,T1,4.5ft,0.05s
4.24.2026 20:07:01,T0,T1,4.5ft,0.05s
4.24.2026 20:07:01,T0,T1,4.5ft,0.05s
4.24.2026 20:07:01,T0,T1,4.5ft,0.05s
4.24.2026 20:07:01,T0,T1,4.5ft,0.05s
4.24.2026 20:07:01,T0,T1,4.5ft,0.05s
4.24.2026 20:07:01,T0,T1,4.5ft,0.05s
4.24.2026 20:07:01,T0,T1,4.5ft,0.05s
4.24.2026 20:07:01,T0,T1,4.5ft,0.05s
4.24.2026 20:07:01,T0,T1,4.5ft,0.05s
4.24.2026 20:07:02,T0,T1,4.5ft,0.05s
4.24.2026 20:07:02,T0,T1,4.5ft,0.05s
4.24.2026 20:07:02,T0,T1,4.5ft,0.05s
4.24.2026 20:07:02,T0,T1,4.6ft,0.05s
4.24.2026 20:07:02,T0,T1,4.6ft,0.05s
4.24.2026 20:07:02,T0,T1,4.6ft,0.05s
4.24.2026 20:07:02,T0,T1,4.6ft,0.05s
4.24.2026 20:07:02,T0,T1,4.6ft,0.05s
4.24.2026 20:07:02,T0,T1,4.6ft,0.05s
4.24.2026 20:07:02,T0,T1,4.6ft,0.05s
4.24.2026 20:07:02,T0,T1,4.5ft,0.05s
4.24.2026 20:07:02,T0,T1,4.5ft,0.05s
4.24.2026 20:07:02,T0,T1,4.5ft,0.05s
4.24.2026 20:07:02,T0,T1,4.5ft,0.05s
4.24.2026 20:07:02,T0,T1,4.7ft,0.05s
4.24.2026 20:07:02,T0,T1,5.0ft,0.05s
4.24.2026 20:07:02,T0,T1,5.2ft,0.05s
4.24.2026 20:07:02,T0,T1,5.0ft,0.05s
4.24.2026 20:07:02,T0,T1,5.3ft,0.05s
4.24.2026 20:07:03,T0,T1,5.6ft,0.05s
4.24.2026 20:07:03,T0,T1,5.3ft,0.05s
4.24.2026 20:07:03,T0,T1,5.1ft,0.05s
4.24.2026 20:07:03,T0,T1,4.9ft,0.05s
4.24.2026 20:07:03,T0,T1,4.8ft,0.05s
4.24.2026 20:07:03,T0,T1,4.7ft,0.05s
4.24.2026 20:07:03,T0,T1,4.6ft,0.05s
4.24.2026 20:07:03,T0,T1,4.6ft,0.05s
4.24.2026 20:07:03,T0,T1,4.6ft,0.05s
4.24.2026 20:07:03,T0,T1,4.5ft,0.05s
4.24.2026 20:07:03,T0,T1,4.5ft,0.05s
4.24.2026 20:07:03,T0,T1,4.5ft,0.05s
4.24.2026 20:07:03,T0,T1,4.5ft,0.05s
4.24.2026 20:07:03,T0,T1,4.5ft,0.06s
4.24.2026 20:07:03,T0,T1,4.5ft,0.05s
4.24.2026 20:07:03,T0,T1,4.5ft,0.05s
4.24.2026 20:07:03,T0,T1,4.5ft,0.05s
4.24.2026 20:07:03,T0,T1,4.5ft,0.05s
4.24.2026 20:07:03,T0,T1,4.5ft,0.05s
4.24.2026 20:07:03,T0,T1,4.6ft,0.05s
4.24.2026 20:07:04,T0,T1,4.6ft,0.05s
4.24.2026 20:07:04,T0,T1,4.6ft,0.05s
4.24.2026 20:07:04,T0,T1,4.6ft,0.05s
4.24.2026 20:07:04,T0,T1,4.6ft,0.05s
4.24.2026 20:07:04,T0,T1,4.6ft,0.05s
4.24.2026 20:07:04,T0,T1,4.6ft,0.05s
4.24.2026 20:07:04,T0,T1,4.6ft,0.05s
4.24.2026 20:07:04,T0,T1,4.6ft,0.05s
4.24.2026 20:07:04,T0,T1,4.6ft,0.05s
4.24.2026 20:07:04,T0,T1,4.5ft,0.05s
4.24.2026 20:07:04,T0,T1,4.5ft,0.05s
4.24.2026 20:07:04,T0,T1,4.5ft,0.05s
4.24.2026 20:07:04,T0,T1,4.5ft,0.05s
4.24.2026 20:07:04,T0,T1,4.5ft,0.05s
4.24.2026 20:07:04,T0,T1,4.5ft,0.05s
4.24.2026 20:07:04,T0,T1,4.5ft,0.05s
4.24.2026 20:07:04,T0,T1,4.5ft,0.05s
4.24.2026 20:07:04,T0,T1,4.5ft,0.05s
4.24.2026 20:07:04,T0,T1,4.5ft,0.05s
4.24.2026 20:07:05,T0,T1,4.5ft,0.05s
4.24.2026 20:07:05,T0,T1,4.5ft,0.05s
4.24.2026 20:07:05,T0,T1,4.5ft,0.05s
4.24.2026 20:07:05,T0,T1,4.5ft,0.05s
4.24.2026 20:07:05,T0,T1,4.5ft,0.05s
4.24.2026 20:07:05,T0,T1,4.5ft,0.05s
4.24.2026 20:07:05,T0,T1,4.5ft,0.05s
4.24.2026 20:07:05,T0,T1,4.5ft,0.05s
4.24.2026 20:07:05,T0,T1,4.5ft,0.05s
4.24.2026 20:07:05,T0,T1,4.5ft,0.05s
4.24.2026 20:07:05,T0,T1,4.7ft,0.05s
4.24.2026 20:07:05,T0,T1,5.0ft,0.05s
4.24.2026 20:07:05,T0,T1,4.8ft,0.05s
4.24.2026 20:07:05,T0,T1,5.1ft,0.05s
4.24.2026 20:07:05,T0,T1,5.4ft,0.05s
4.24.2026 20:07:05,T0,T1,5.7ft,0.05s
4.24.2026 20:07:05,T0,T1,5.9ft,0.05s
4.24.2026 20:07:05,T0,T1,6.2ft,0.05s
4.24.2026 20:07:05,T0,T1,6.4ft,0.05s
4.24.2026 20:07:05,T0,T1,5.9ft,0.05s
4.24.2026 20:07:06,T0,T1,5.5ft,0.05s
4.24.2026 20:07:06,T0,T1,5.2ft,0.05s
4.24.2026 20:07:06,T0,T1,5.0ft,0.05s
4.24.2026 20:07:06,T0,T1,4.8ft,0.05s
4.24.2026 20:07:06,T0,T1,4.7ft,0.05s
4.24.2026 20:07:06,T0,T1,4.6ft,0.05s
4.24.2026 20:07:06,T0,T1,4.6ft,0.05s
4.24.2026 20:07:06,T0,T1,4.6ft,0.05s
4.24.2026 20:07:06,T0,T1,4.5ft,0.05s
4.24.2026 20:07:06,T0,T1,4.5ft,0.05s
4.24.2026 20:07:06,T0,T1,4.5ft,0.05s
4.24.2026 20:07:06,T0,T1,4.5ft,0.05s
4.24.2026 20:07:06,T0,T1,4.5ft,0.06s
4.24.2026 20:07:06,T0,T1,4.5ft,0.05s
4.24.2026 20:07:06,T0,T1,4.5ft,0.05s
4.24.2026 20:07:06,T0,T1,4.5ft,0.05s
4.24.2026 20:07:06,T0,T1,4.5ft,0.05s
4.24.2026 20:07:06,T0,T1,4.5ft,0.05s
4.24.2026 20:07:06,T0,T1,4.5ft,0.05s
4.24.2026 20:07:06,T0,T1,4.5ft,0.05s
4.24.2026 20:07:07,T0,T1,4.5ft,0.05s
4.24.2026 20:07:07,T0,T1,4.5ft,0.05s
4.24.2026 20:07:07,T0,T1,4.5ft,0.05s
4.24.2026 20:07:07,T0,T1,4.5ft,0.05s
4.24.2026 20:07:07,T0,T1,4.5ft,0.05s
4.24.2026 20:07:07,T0,T1,4.5ft,0.05s
4.24.2026 20:07:07,T0,T1,4.5ft,0.06s
4.24.2026 20:07:07,T0,T1,4.5ft,0.05s
4.24.2026 20:07:07,T0,T1,4.5ft,0.05s
4.24.2026 20:07:07,T0,T1,4.5ft,0.05s
4.24.2026 20:07:07,T0,T1,4.6ft,0.05s
4.24.2026 20:07:07,T0,T1,4.7ft,0.05s
4.24.2026 20:07:07,T0,T1,5.0ft,0.05s
4.24.2026 20:07:07,T0,T1,4.8ft,0.05s
4.24.2026 20:07:07,T0,T1,4.7ft,0.05s
4.24.2026 20:07:07,T0,T1,4.6ft,0.05s
4.24.2026 20:07:07,T0,T1,4.6ft,0.05s
4.24.2026 20:07:07,T0,T1,4.6ft,0.05s
4.24.2026 20:07:07,T0,T1,4.5ft,0.05s
4.24.2026 20:07:08,T0,T1,4.5ft,0.05s
4.24.2026 20:07:08,T0,T1,4.5ft,0.05s
4.24.2026 20:07:08,T0,T1,4.5ft,0.05s
4.24.2026 20:07:08,T0,T1,4.6ft,0.05s
4.24.2026 20:07:08,T0,T1,4.8ft,0.05s
4.24.2026 20:07:08,T0,T1,5.1ft,0.05s
4.24.2026 20:07:08,T0,T1,4.9ft,0.05s
4.24.2026 20:07:08,T0,T1,4.8ft,0.05s
4.24.2026 20:07:08,T0,T1,4.7ft,0.05s
4.24.2026 20:07:08,T0,T1,4.6ft,0.05s
4.24.2026 20:07:08,T0,T1,4.6ft,0.05s
4.24.2026 20:07:08,T0,T1,4.5ft,0.05s
4.24.2026 20:07:08,T0,T1,4.5ft,0.05s
4.24.2026 20:07:08,T0,T1,4.5ft,0.05s
4.24.2026 20:07:08,T0,T1,4.5ft,0.05s
4.24.2026 20:07:08,T0,T1,4.5ft,0.05s
4.24.2026 20:07:08,T0,T1,4.5ft,0.05s
4.24.2026 20:07:08,T0,T1,4.5ft,0.05s
4.24.2026 20:07:08,T0,T1,4.5ft,0.05s
4.24.2026 20:07:08,T0,T1,4.5ft,0.05s
4.24.2026 20:07:09,T0,T1,4.5ft,0.05s
4.24.2026 20:07:09,T0,T1,4.6ft,0.05s
4.24.2026 20:07:09,T0,T1,4.8ft,0.05s
4.24.2026 20:07:09,T0,T1,4.7ft,0.05s
4.24.2026 20:07:09,T0,T1,4.6ft,0.05s
4.24.2026 20:07:09,T0,T1,4.6ft,0.05s
4.24.2026 20:07:09,T0,T1,4.5ft,0.05s
4.24.2026 20:07:09,T0,T1,4.5ft,0.05s
4.24.2026 20:07:09,T0,T1,4.7ft,0.05s
4.24.2026 20:07:09,T0,T1,4.9ft,0.05s
4.24.2026 20:07:09,T0,T1,4.8ft,0.05s
4.24.2026 20:07:09,T0,T1,4.7ft,0.05s
4.24.2026 20:07:09,T0,T1,4.6ft,0.05s
4.24.2026 20:07:09,T0,T1,4.6ft,0.05s
4.24.2026 20:07:09,T0,T1,4.6ft,0.05s
4.24.2026 20:07:09,T0,T1,4.6ft,0.05s
4.24.2026 20:07:09,T0,T1,4.6ft,0.05s
4.24.2026 20:07:09,T0,T1,4.5ft,0.05s
4.24.2026 20:07:09,T0,T1,4.5ft,0.05s
4.24.2026 20:07:10,T0,T1,4.5ft,0.05s
4.24.2026 20:07:10,T0,T1,4.5ft,0.05s
4.24.2026 20:07:10,T0,T1,4.5ft,0.05s
4.24.2026 20:07:10,T0,T1,4.5ft,0.05s
4.24.2026 20:07:10,T0,T1,4.5ft,0.05s
4.24.2026 20:07:10,T0,T1,4.5ft,0.05s
4.24.2026 20:07:10,T0,T1,4.5ft,0.05s
4.24.2026 20:07:10,T0,T1,4.5ft,0.05s
4.24.2026 20:07:10,T0,T1,4.5ft,0.05s
4.24.2026 20:07:10,T0,T1,4.5ft,0.06s
4.24.2026 20:07:10,T0,T1,4.5ft,0.05s
4.24.2026 20:07:10,T0,T1,4.7ft,0.05s
4.24.2026 20:07:10,T0,T1,4.6ft,0.05s
4.24.2026 20:07:10,T0,T1,4.6ft,0.05s
4.24.2026 20:07:10,T0,T1,4.5ft,0.05s
4.24.2026 20:07:10,T0,T1,4.5ft,0.05s
4.24.2026 20:07:10,T0,T1,4.5ft,0.05s
4.24.2026 20:07:10,T0,T1,4.5ft,0.05s
4.24.2026 20:07:10,T0,T1,4.5ft,0.05s
4.24.2026 20:07:10,T0,T1,4.5ft,0.05s
4.24.2026 20:07:11,T0,T1,4.5ft,0.05s
4.24.2026 20:07:11,T0,T1,4.5ft,0.05s
4.24.2026 20:07:11,T0,T1,4.5ft,0.05s
4.24.2026 20:07:11,T0,T1,4.5ft,0.05s
4.24.2026 20:07:11,T0,T1,4.6ft,0.05s
4.24.2026 20:07:11,T0,T1,4.8ft,0.05s
4.24.2026 20:07:11,T0,T1,4.7ft,0.05s
4.24.2026 20:07:11,T0,T1,4.6ft,0.05s
4.24.2026 20:07:11,T0,T1,4.6ft,0.05s
4.24.2026 20:07:11,T0,T1,4.6ft,0.05s
4.24.2026 20:07:11,T0,T1,4.6ft,0.05s
4.24.2026 20:07:11,T0,T1,4.5ft,0.05s
4.24.2026 20:07:11,T0,T1,4.5ft,0.05s
4.24.2026 20:07:11,T0,T1,4.5ft,0.05s
4.24.2026 20:07:11,T0,T1,4.5ft,0.05s
4.24.2026 20:07:11,T0,T1,4.5ft,0.05s
4.24.2026 20:07:11,T0,T1,4.5ft,0.05s
4.24.2026 20:07:11,T0,T1,4.5ft,0.05s
4.24.2026 20:07:11,T0,T1,4.5ft,0.05s
4.24.2026 20:07:12,T0,T1,4.5ft,0.05s
4.24.2026 20:07:12,T0,T1,4.6ft,0.05s
4.24.2026 20:07:12,T0,T1,4.6ft,0.05s
4.24.2026 20:07:12,T0,T1,4.6ft,0.05s
4.24.2026 20:07:12,T0,T1,4.6ft,0.05s
4.24.2026 20:07:12,T0,T1,4.6ft,0.05s
4.24.2026 20:07:12,T0,T1,4.6ft,0.05s
4.24.2026 20:07:12,T0,T1,4.6ft,0.05s
4.24.2026 20:07:12,T0,T1,4.5ft,0.05s
4.24.2026 20:07:12,T0,T1,4.5ft,0.05s
4.24.2026 20:07:12,T0,T1,4.5ft,0.05s
4.24.2026 20:07:12,T0,T1,4.5ft,0.05s
4.24.2026 20:07:12,T0,T1,4.5ft,0.05s
4.24.2026 20:07:12,T0,T1,4.5ft,0.05s
4.24.2026 20:07:12,T0,T1,4.5ft,0.05s
4.24.2026 20:07:12,T0,T1,4.5ft,0.05s
4.24.2026 20:07:12,T0,T1,4.5ft,0.05s
4.24.2026 20:07:12,T0,T1,4.5ft,0.05s
4.24.2026 20:07:12,T0,T1,4.5ft,0.05s
4.24.2026 20:07:12,T0,T1,4.5ft,0.05s
4.24.2026 20:07:13,T0,T1,4.5ft,0.05s
4.24.2026 20:07:13,T0,T1,4.5ft,0.05s
4.24.2026 20:07:13,T0,T1,4.5ft,0.05s
4.24.2026 20:07:13,T0,T1,4.5ft,0.05s
4.24.2026 20:07:13,T0,T1,4.5ft,0.05s
4.24.2026 20:07:13,T0,T1,4.5ft,0.05s
4.24.2026 20:07:13,T0,T1,4.5ft,0.05s
4.24.2026 20:07:13,T0,T1,4.5ft,0.05s
4.24.2026 20:07:13,T0,T1,4.5ft,0.05s
4.24.2026 20:07:13,T0,T1,4.5ft,0.05s
4.24.2026 20:07:13,T0,T1,4.5ft,0.05s
4.24.2026 20:07:13,T0,T1,4.5ft,0.05s
4.24.2026 20:07:13,T0,T1,4.5ft,0.05s
4.24.2026 20:07:13,T0,T1,4.5ft,0.05s
4.24.2026 20:07:13,T0,T1,4.5ft,0.05s
4.24.2026 20:07:13,T0,T1,4.5ft,0.05s
4.24.2026 20:07:13,T0,T1,4.5ft,0.05s
4.24.2026 20:07:13,T0,T1,4.5ft,0.05s
4.24.2026 20:07:13,T0,T1,4.5ft,0.05s
4.24.2026 20:07:13,T0,T1,4.5ft,0.05s
4.24.2026 20:07:14,T0,T1,4.5ft,0.05s
4.24.2026 20:07:14,T0,T1,4.5ft,0.05s
4.24.2026 20:07:14,T0,T1,4.5ft,0.05s
4.24.2026 20:07:14,T0,T1,4.5ft,0.05s
4.24.2026 20:07:14,T0,T1,4.5ft,0.05s
4.24.2026 20:07:14,T0,T1,4.5ft,0.05s
4.24.2026 20:07:14,T0,T1,4.5ft,0.05s
4.24.2026 20:07:14,T0,T1,4.5ft,0.05s
4.24.2026 20:07:14,T0,T1,4.5ft,0.05s
4.24.2026 20:07:14,T0,T1,4.5ft,0.05s
4.24.2026 20:07:14,T0,T1,4.5ft,0.05s
4.24.2026 20:07:14,T0,T1,4.5ft,0.05s
4.24.2026 20:07:14,T0,T1,4.5ft,0.05s
4.24.2026 20:07:14,T0,T1,4.7ft,0.05s
4.24.2026 20:07:14,T0,T1,5.0ft,0.05s
4.24.2026 20:07:14,T0,T1,5.2ft,0.05s
4.24.2026 20:07:14,T0,T1,5.0ft,0.05s
4.24.2026 20:07:14,T0,T1,4.8ft,0.05s
4.24.2026 20:07:14,T0,T1,4.7ft,0.05s
4.24.2026 20:07:15,T0,T1,4.6ft,0.05s
4.24.2026 20:07:15,T0,T1,4.6ft,0.05s
4.24.2026 20:07:15,T0,T1,4.6ft,0.05s
4.24.2026 20:07:15,T0,T1,4.5ft,0.05s
4.24.2026 20:07:15,T0,T1,4.5ft,0.05s
4.24.2026 20:07:15,T0,T1,4.5ft,0.05s
4.24.2026 20:07:15,T0,T1,4.5ft,0.05s
4.24.2026 20:07:15,T0,T1,4.5ft,0.05s
4.24.2026 20:07:15,T0,T1,4.5ft,0.05s
4.24.2026 20:07:15,T0,T1,4.5ft,0.05s
4.24.2026 20:07:15,T0,T1,4.5ft,0.05s
4.24.2026 20:07:15,T0,T1,4.5ft,0.05s
4.24.2026 20:07:15,T0,T1,4.5ft,0.05s
4.24.2026 20:07:15,T0,T1,4.5ft,0.05s
4.24.2026 20:07:15,T0,T1,4.5ft,0.05s
4.24.2026 20:07:15,T0,T1,4.5ft,0.05s
4.24.2026 20:07:15,T0,T1,4.5ft,0.05s
4.24.2026 20:07:15,T0,T1,4.5ft,0.05s
4.24.2026 20:07:15,T0,T1,4.5ft,0.05s
4.24.2026 20:07:15,T0,T1,4.5ft,0.05s
4.24.2026 20:07:16,T0,T1,4.5ft,0.05s
4.24.2026 20:07:16,T0,T1,4.5ft,0.05s
4.24.2026 20:07:16,T0,T1,4.5ft,0.05s
4.24.2026 20:07:16,T0,T1,4.5ft,0.05s
4.24.2026 20:07:16,T0,T1,4.5ft,0.05s
4.24.2026 20:07:16,T0,T1,4.5ft,0.05s
4.24.2026 20:07:16,T0,T1,4.5ft,0.05s
4.24.2026 20:07:16,T0,T1,4.5ft,0.05s
4.24.2026 20:07:16,T0,T1,4.5ft,0.05s
4.24.2026 20:07:16,T0,T1,4.5ft,0.05s
4.24.2026 20:07:16,T0,T1,4.5ft,0.05s
4.24.2026 20:07:16,T0,T1,4.5ft,0.05s
4.24.2026 20:07:16,T0,T1,4.5ft,0.05s
4.24.2026 20:07:16,T0,T1,4.5ft,0.05s
4.24.2026 20:07:16,T0,T1,4.5ft,0.05s
4.24.2026 20:07:16,T0,T1,4.5ft,0.05s
4.24.2026 20:07:16,T0,T1,4.5ft,0.05s
4.24.2026 20:07:16,T0,T1,4.5ft,0.05s
4.24.2026 20:07:16,T0,T1,4.5ft,0.06s
4.24.2026 20:07:17,T0,T1,4.5ft,0.05s
4.24.2026 20:07:17,T0,T1,4.5ft,0.05s
4.24.2026 20:07:17,T0,T1,4.5ft,0.05s
4.24.2026 20:07:17,T0,T1,4.5ft,0.05s
4.24.2026 20:07:17,T0,T1,4.5ft,0.05s
4.24.2026 20:07:17,T0,T1,4.5ft,0.05s
4.24.2026 20:07:17,T0,T1,4.5ft,0.05s
4.24.2026 20:07:17,T0,T1,4.5ft,0.05s
4.24.2026 20:07:17,T0,T1,4.5ft,0.05s
4.24.2026 20:07:17,T0,T1,4.5ft,0.05s
4.24.2026 20:07:17,T0,T1,4.5ft,0.05s
4.24.2026 20:07:17,T0,T1,4.5ft,0.05s
4.24.2026 20:07:17,T0,T1,4.5ft,0.05s
4.24.2026 20:07:17,T0,T1,4.5ft,0.06s
4.24.2026 20:07:17,T0,T1,4.5ft,0.05s
4.24.2026 20:07:17,T0,T1,4.5ft,0.05s
4.24.2026 20:07:17,T0,T1,4.5ft,0.05s
4.24.2026 20:07:17,T0,T1,4.5ft,0.05s
4.24.2026 20:07:17,T0,T1,4.5ft,0.05s
4.24.2026 20:07:17,T0,T1,4.6ft,0.05s
4.24.2026 20:07:18,T0,T1,4.6ft,0.05s
4.24.2026 20:07:18,T0,T1,4.6ft,0.05s
4.24.2026 20:07:18,T0,T1,4.6ft,0.05s
4.24.2026 20:07:18,T0,T1,4.6ft,0.05s
4.24.2026 20:07:18,T0,T1,4.6ft,0.05s
4.24.2026 20:07:18,T0,T1,4.6ft,0.05s
4.24.2026 20:07:18,T0,T1,4.6ft,0.05s
4.24.2026 20:07:18,T0,T1,4.6ft,0.05s
4.24.2026 20:07:18,T0,T1,4.6ft,0.05s
4.24.2026 20:07:18,T0,T1,4.6ft,0.05s
4.24.2026 20:07:18,T0,T1,4.6ft,0.05s
4.24.2026 20:07:18,T0,T1,4.6ft,0.05s
4.24.2026 20:07:18,T0,T1,4.6ft,0.05s
4.24.2026 20:07:18,T0,T1,4.6ft,0.05s
4.24.2026 20:07:18,T0,T1,4.6ft,0.05s
4.24.2026 20:07:18,T0,T1,4.6ft,0.05s
4.24.2026 20:07:18,T0,T1,4.6ft,0.05s
4.24.2026 20:07:18,T0,T1,4.6ft,0.05s
4.24.2026 20:07:18,T0,T1,4.5ft,0.06s
4.24.2026 20:07:19,T0,T1,4.5ft,0.05s
4.24.2026 20:07:19,T0,T1,4.5ft,0.05s
4.24.2026 20:07:19,T0,T1,4.5ft,0.05s
4.24.2026 20:07:19,T0,T1,4.5ft,0.05s
4.24.2026 20:07:19,T0,T1,4.5ft,0.05s
4.24.2026 20:07:19,T0,T1,4.5ft,0.05s
4.24.2026 20:07:19,T0,T1,4.5ft,0.05s
4.24.2026 20:07:19,T0,T1,4.5ft,0.05s
4.24.2026 20:07:19,T0,T1,4.5ft,0.05s
4.24.2026 20:07:19,T0,T1,4.5ft,0.05s
4.24.2026 20:07:19,T0,T1,4.5ft,0.05s
4.24.2026 20:07:19,T0,T1,4.5ft,0.05s
4.24.2026 20:07:19,T0,T1,4.5ft,0.05s
4.24.2026 20:07:19,T0,T1,4.5ft,0.06s
4.24.2026 20:07:19,T0,T1,4.5ft,0.05s
4.24.2026 20:07:19,T0,T1,4.5ft,0.05s
4.24.2026 20:07:19,T0,T1,4.5ft,0.05s
4.24.2026 20:07:19,T0,T1,4.5ft,0.05s
4.24.2026 20:07:19,T0,T1,4.5ft,0.05s
4.24.2026 20:07:19,T0,T1,4.5ft,0.05s
4.24.2026 20:07:20,T0,T1,4.5ft,0.05s
4.24.2026 20:07:20,T0,T1,4.5ft,0.05s
4.24.2026 20:07:20,T0,T1,4.5ft,0.05s
4.24.2026 20:07:20,T0,T1,4.5ft,0.05s
4.24.2026 20:07:20,T0,T1,4.5ft,0.05s
4.24.2026 20:07:20,T0,T1,4.5ft,0.05s
4.24.2026 20:07:20,T0,T1,4.5ft,0.05s
4.24.2026 20:07:20,T0,T1,4.5ft,0.05s
4.24.2026 20:07:20,T0,T1,4.5ft,0.05s
4.24.2026 20:07:20,T0,T1,4.5ft,0.05s
4.24.2026 20:07:20,T0,T1,4.5ft,0.05s
4.24.2026 20:07:20,T0,T1,4.5ft,0.05s
4.24.2026 20:07:20,T0,T1,4.5ft,0.05s
4.24.2026 20:07:20,T0,T1,4.5ft,0.05s
4.24.2026 20:07:20,T0,T1,4.5ft,0.05s
4.24.2026 20:07:20,T0,T1,4.5ft,0.05s
4.24.2026 20:07:20,T0,T1,4.6ft,0.05s
4.24.2026 20:07:20,T0,T1,4.6ft,0.05s
4.24.2026 20:07:20,T0,T1,4.6ft,0.05s
4.24.2026 20:07:21,T0,T1,4.6ft,0.05s
4.24.2026 20:07:21,T0,T1,4.6ft,0.05s
4.24.2026 20:07:21,T0,T1,4.6ft,0.05s
4.24.2026 20:07:21,T0,T1,4.6ft,0.05s
4.24.2026 20:07:21,T0,T1,4.6ft,0.05s
4.24.2026 20:07:21,T0,T1,4.6ft,0.05s
4.24.2026 20:07:21,T0,T1,4.6ft,0.05s
4.24.2026 20:07:21,T0,T1,4.6ft,0.05s
4.24.2026 20:07:21,T0,T1,4.6ft,0.05s
4.24.2026 20:07:21,T0,T1,4.6ft,0.05s
4.24.2026 20:07:21,T0,T1,4.6ft,0.05s
4.24.2026 20:07:21,T0,T1,4.6ft,0.05s
4.24.2026 20:07:21,T0,T1,4.6ft,0.05s
4.24.2026 20:07:21,T0,T1,4.6ft,0.05s
4.24.2026 20:07:21,T0,T1,4.6ft,0.05s
4.24.2026 20:07:21,T0,T1,4.6ft,0.05s
4.24.2026 20:07:21,T0,T1,4.5ft,0.05s
4.24.2026 20:07:21,T0,T1,4.5ft,0.05s
4.24.2026 20:07:21,T0,T1,4.5ft,0.05s
4.24.2026 20:07:21,T0,T1,4.5ft,0.05s
4.24.2026 20:07:22,T0,T1,4.5ft,0.05s
4.24.2026 20:07:22,T0,T1,4.7ft,0.05s
4.24.2026 20:07:22,T0,T1,5.0ft,0.05s
4.24.2026 20:07:22,T0,T1,5.2ft,0.05s
4.24.2026 20:07:22,T0,T1,5.0ft,0.05s
4.24.2026 20:07:22,T0,T1,4.8ft,0.05s
4.24.2026 20:07:22,T0,T1,5.1ft,0.05s
4.24.2026 20:07:22,T0,T1,4.9ft,0.05s
4.24.2026 20:07:22,T0,T1,4.8ft,0.05s
4.24.2026 20:07:22,T0,T1,4.7ft,0.05s
4.24.2026 20:07:22,T0,T1,4.6ft,0.05s
4.24.2026 20:07:22,T0,T1,4.5ft,0.05s
4.24.2026 20:07:22,T0,T1,4.5ft,0.05s
4.24.2026 20:07:22,T0,T1,4.5ft,0.05s
4.24.2026 20:07:22,T0,T1,4.5ft,0.05s
4.24.2026 20:07:22,T0,T1,4.5ft,0.05s
4.24.2026 20:07:22,T0,T1,4.5ft,0.05s
4.24.2026 20:07:22,T0,T1,4.5ft,0.05s
4.24.2026 20:07:22,T0,T1,4.5ft,0.05s
4.24.2026 20:07:22,T0,T1,4.5ft,0.05s
4.24.2026 20:07:23,T0,T1,4.5ft,0.05s
4.24.2026 20:07:23,T0,T1,4.5ft,0.05s
4.24.2026 20:07:23,T0,T1,4.5ft,0.05s
4.24.2026 20:07:23,T0,T1,4.5ft,0.05s
4.24.2026 20:07:23,T0,T1,4.5ft,0.05s
4.24.2026 20:07:23,T0,T1,4.5ft,0.05s
4.24.2026 20:07:23,T0,T1,4.7ft,0.06s
4.24.2026 20:07:23,T0,T1,4.6ft,0.05s
4.24.2026 20:07:23,T0,T1,4.6ft,0.05s
4.24.2026 20:07:23,T0,T1,4.5ft,0.05s
4.24.2026 20:07:23,T0,T1,4.5ft,0.05s
4.24.2026 20:07:23,T0,T1,4.5ft,0.05s
4.24.2026 20:07:23,T0,T1,4.5ft,0.05s
4.24.2026 20:07:23,T0,T1,4.5ft,0.05s
4.24.2026 20:07:23,T0,T1,4.5ft,0.05s
4.24.2026 20:07:23,T0,T1,4.5ft,0.05s
4.24.2026 20:07:23,T0,T1,4.5ft,0.05s
4.24.2026 20:07:23,T0,T1,4.5ft,0.05s
4.24.2026 20:07:23,T0,T1,4.5ft,0.05s
4.24.2026 20:07:24,T0,T1,4.5ft,0.05s
4.24.2026 20:07:24,T0,T1,4.5ft,0.05s
4.24.2026 20:07:24,T0,T1,4.5ft,0.05s
4.24.2026 20:07:24,T0,T1,4.5ft,0.05s
4.24.2026 20:07:24,T0,T1,4.5ft,0.05s
4.24.2026 20:07:24,T0,T1,4.5ft,0.05s
4.24.2026 20:07:24,T0,T1,4.5ft,0.05s
4.24.2026 20:07:24,T0,T1,4.5ft,0.05s
4.24.2026 20:07:24,T0,T1,4.5ft,0.05s
4.24.2026 20:07:24,T0,T1,4.5ft,0.05s
4.24.2026 20:07:24,T0,T1,4.5ft,0.05s
4.24.2026 20:07:24,T0,T1,4.5ft,0.05s
4.24.2026 20:07:24,T0,T1,4.5ft,0.05s
4.24.2026 20:07:24,T0,T1,4.5ft,0.05s
4.24.2026 20:07:24,T0,T1,4.5ft,0.05s
4.24.2026 20:07:24,T0,T1,4.7ft,0.05s
4.24.2026 20:07:24,T0,T1,5.0ft,0.05s
4.24.2026 20:07:24,T0,T1,5.2ft,0.05s
4.24.2026 20:07:24,T0,T1,5.5ft,0.05s
4.24.2026 20:07:24,T0,T1,5.8ft,0.05s
4.24.2026 20:07:25,T0,T1,6.0ft,0.05s
4.24.2026 20:07:25,T0,T1,5.6ft,0.05s
4.24.2026 20:07:25,T0,T1,5.3ft,0.05s
4.24.2026 20:07:25,T0,T1,5.0ft,0.05s
4.24.2026 20:07:25,T0,T1,4.9ft,0.05s
4.24.2026 20:07:25,T0,T1,4.7ft,0.05s
4.24.2026 20:07:25,T0,T1,4.7ft,0.05s
4.24.2026 20:07:25,T0,T1,4.6ft,0.05s
4.24.2026 20:07:25,T0,T1,4.6ft,0.05s
4.24.2026 20:07:25,T0,T1,4.5ft,0.05s
4.24.2026 20:07:25,T0,T1,4.5ft,0.05s
4.24.2026 20:07:25,T0,T1,4.5ft,0.05s
4.24.2026 20:07:25,T0,T1,4.5ft,0.05s
4.24.2026 20:07:25,T0,T1,4.5ft,0.05s
4.24.2026 20:07:25,T0,T1,4.5ft,0.05s
4.24.2026 20:07:25,T0,T1,4.5ft,0.05s
4.24.2026 20:07:25,T0,T1,4.5ft,0.05s
4.24.2026 20:07:25,T0,T1,4.5ft,0.05s
4.24.2026 20:07:25,T0,T1,4.5ft,0.05s
4.24.2026 20:07:26,T0,T1,4.5ft,0.05s
4.24.2026 20:07:26,T0,T1,4.5ft,0.05s
4.24.2026 20:07:26,T0,T1,4.5ft,0.05s
4.24.2026 20:07:26,T0,T1,4.5ft,0.05s
4.24.2026 20:07:26,T0,T1,4.5ft,0.05s
4.24.2026 20:07:26,T0,T1,4.5ft,0.05s
4.24.2026 20:07:26,T0,T1,4.5ft,0.05s
4.24.2026 20:07:26,T0,T1,4.5ft,0.05s
4.24.2026 20:07:26,T0,T1,4.5ft,0.05s
4.24.2026 20:07:26,T0,T1,4.5ft,0.05s
4.24.2026 20:07:26,T0,T1,4.5ft,0.05s
4.24.2026 20:07:26,T0,T1,4.5ft,0.05s
4.24.2026 20:07:26,T0,T1,4.5ft,0.05s
4.24.2026 20:07:26,T0,T1,4.5ft,0.05s
4.24.2026 20:07:26,T0,T1,4.5ft,0.05s
4.24.2026 20:07:26,T0,T1,4.5ft,0.05s
4.24.2026 20:07:26,T0,T1,4.5ft,0.05s
4.24.2026 20:07:26,T0,T1,4.5ft,0.06s
4.24.2026 20:07:26,T0,T1,4.5ft,0.05s
4.24.2026 20:07:26,T0,T1,4.5ft,0.05s
4.24.2026 20:07:27,T0,T1,4.5ft,0.05s
4.24.2026 20:07:27,T0,T1,4.7ft,0.05s
4.24.2026 20:07:27,T0,T1,5.0ft,0.05s
4.24.2026 20:07:27,T0,T1,5.2ft,0.05s
4.24.2026 20:07:27,T0,T1,5.5ft,0.05s
4.24.2026 20:07:27,T0,T1,5.8ft,0.05s
4.24.2026 20:07:27,T0,T1,6.0ft,0.05s
4.24.2026 20:07:27,T0,T1,5.6ft,0.05s
4.24.2026 20:07:27,T0,T1,5.3ft,0.05s
4.24.2026 20:07:27,T0,T1,5.0ft,0.05s
4.24.2026 20:07:27,T0,T1,4.9ft,0.05s
4.24.2026 20:07:27,T0,T1,4.7ft,0.05s
4.24.2026 20:07:27,T0,T1,4.7ft,0.05s
4.24.2026 20:07:27,T0,T1,4.6ft,0.05s
4.24.2026 20:07:27,T0,T1,4.6ft,0.05s
4.24.2026 20:07:27,T0,T1,4.5ft,0.05s
4.24.2026 20:07:27,T0,T1,4.5ft,0.05s
4.24.2026 20:07:27,T0,T1,4.5ft,0.05s
4.24.2026 20:07:27,T0,T1,4.5ft,0.05s
4.24.2026 20:07:28,T0,T1,4.5ft,0.05s
4.24.2026 20:07:28,T0,T1,4.5ft,0.05s
4.24.2026 20:07:28,T0,T1,4.5ft,0.05s
4.24.2026 20:07:28,T0,T1,4.5ft,0.06s
4.24.2026 20:07:28,T0,T1,4.5ft,0.05s
4.24.2026 20:07:28,T0,T1,4.5ft,0.05s
4.24.2026 20:07:28,T0,T1,4.5ft,0.06s
4.24.2026 20:07:28,T0,T1,4.5ft,0.05s
4.24.2026 20:07:28,T0,T1,4.5ft,0.05s
4.24.2026 20:07:28,T0,T1,4.5ft,0.05s
4.24.2026 20:07:28,T0,T1,4.5ft,0.05s
4.24.2026 20:07:28,T0,T1,4.5ft,0.05s
4.24.2026 20:07:28,T0,T1,4.5ft,0.05s
4.24.2026 20:07:28,T0,T1,4.5ft,0.05s
4.24.2026 20:07:28,T0,T1,4.5ft,0.05s
4.24.2026 20:07:28,T0,T1,4.7ft,0.05s
4.24.2026 20:07:28,T0,T1,4.6ft,0.05s
4.24.2026 20:07:28,T0,T1,4.6ft,0.05s
4.24.2026 20:07:28,T0,T1,4.5ft,0.05s
4.24.2026 20:07:28,T0,T1,4.5ft,0.05s
4.24.2026 20:07:29,T0,T1,4.5ft,0.05s
4.24.2026 20:07:29,T0,T1,4.5ft,0.05s
4.24.2026 20:07:29,T0,T1,4.5ft,0.05s
4.24.2026 20:07:29,T0,T1,4.5ft,0.05s
4.24.2026 20:07:29,T0,T1,4.6ft,0.05s
4.24.2026 20:07:29,T0,T1,4.8ft,0.05s
4.24.2026 20:07:29,T0,T1,5.1ft,0.05s
4.24.2026 20:07:29,T0,T1,4.9ft,0.05s
4.24.2026 20:07:29,T0,T1,4.8ft,0.05s
4.24.2026 20:07:29,T0,T1,4.7ft,0.05s
4.24.2026 20:07:29,T0,T1,4.6ft,0.05s
4.24.2026 20:07:29,T0,T1,4.6ft,0.05s
4.24.2026 20:07:29,T0,T1,4.5ft,0.05s
4.24.2026 20:07:29,T0,T1,4.5ft,0.05s
4.24.2026 20:07:29,T0,T1,4.5ft,0.05s
4.24.2026 20:07:29,T0,T1,4.5ft,0.05s
4.24.2026 20:07:29,T0,T1,4.5ft,0.05s
4.24.2026 20:07:29,T0,T1,4.5ft,0.05s
4.24.2026 20:07:29,T0,T1,4.5ft,0.05s
4.24.2026 20:07:29,T0,T1,4.5ft,0.05s
4.24.2026 20:07:30,T0,T1,4.5ft,0.05s
4.24.2026 20:07:30,T0,T1,4.5ft,0.05s
4.24.2026 20:07:30,T0,T1,4.5ft,0.06s
4.24.2026 20:07:30,T0,T1,4.5ft,0.05s
4.24.2026 20:07:30,T0,T1,4.5ft,0.05s
4.24.2026 20:07:30,T0,T1,4.5ft,0.05s
4.24.2026 20:07:30,T0,T1,4.5ft,0.05s
4.24.2026 20:07:30,T0,T1,4.5ft,0.05s
4.24.2026 20:07:30,T0,T1,4.5ft,0.05s
4.24.2026 20:07:30,T0,T1,4.5ft,0.05s
4.24.2026 20:07:30,T0,T1,4.5ft,0.05s
4.24.2026 20:07:30,T0,T1,4.5ft,0.05s
4.24.2026 20:07:30,T0,T1,4.5ft,0.05s
4.24.2026 20:07:30,T0,T1,4.5ft,0.05s
4.24.2026 20:07:30,T0,T1,4.5ft,0.05s
4.24.2026 20:07:30,T0,T1,4.5ft,0.05s
4.24.2026 20:07:30,T0,T1,4.5ft,0.05s
4.24.2026 20:07:30,T0,T1,4.5ft,0.05s
4.24.2026 20:07:30,T0,T1,4.5ft,0.05s
4.24.2026 20:07:31,T0,T1,4.5ft,0.05s
4.24.2026 20:07:31,T0,T1,4.7ft,0.05s
4.24.2026 20:07:31,T0,T1,5.0ft,0.05s
4.24.2026 20:07:31,T0,T1,4.8ft,0.05s
4.24.2026 20:07:31,T0,T1,4.7ft,0.05s
4.24.2026 20:07:31,T0,T1,4.6ft,0.05s
4.24.2026 20:07:31,T0,T1,4.6ft,0.05s
4.24.2026 20:07:31,T0,T1,4.8ft,0.05s
4.24.2026 20:07:31,T0,T1,5.1ft,0.05s
4.24.2026 20:07:31,T0,T1,5.4ft,0.05s
4.24.2026 20:07:31,T0,T1,5.6ft,0.05s
4.24.2026 20:07:31,T0,T1,5.9ft,0.05s
4.24.2026 20:07:31,T0,T1,6.1ft,0.05s
4.24.2026 20:07:31,T0,T1,5.7ft,0.05s
4.24.2026 20:07:31,T0,T1,5.3ft,0.05s
4.24.2026 20:07:31,T0,T1,5.1ft,0.05s
4.24.2026 20:07:31,T0,T1,4.9ft,0.05s
4.24.2026 20:07:31,T0,T1,4.8ft,0.05s
4.24.2026 20:07:31,T0,T1,4.7ft,0.05s
4.24.2026 20:07:31,T0,T1,4.6ft,0.05s
4.24.2026 20:07:32,T0,T1,4.8ft,0.05s
4.24.2026 20:07:32,T0,T1,5.1ft,0.05s
4.24.2026 20:07:32,T0,T1,5.4ft,0.05s
4.24.2026 20:07:32,T0,T1,5.7ft,0.05s
4.24.2026 20:07:32,T0,T1,5.9ft,0.05s
4.24.2026 20:07:32,T0,T1,6.2ft,0.05s
4.24.2026 20:07:32,T0,T1,6.4ft,0.05s
4.24.2026 20:07:32,T0,T1,5.9ft,0.05s
4.24.2026 20:07:32,T0,T1,5.5ft,0.05s
4.24.2026 20:07:32,T0,T1,5.8ft,0.05s
4.24.2026 20:07:32,T0,T1,6.0ft,0.05s
4.24.2026 20:07:32,T0,T1,5.6ft,0.05s
4.24.2026 20:07:32,T0,T1,5.3ft,0.05s
4.24.2026 20:07:32,T0,T1,5.0ft,0.05s
4.24.2026 20:07:32,T0,T1,4.9ft,0.05s
4.24.2026 20:07:32,T0,T1,4.7ft,0.05s
4.24.2026 20:07:32,T0,T1,4.7ft,0.05s
4.24.2026 20:07:32,T0,T1,4.6ft,0.05s
4.24.2026 20:07:32,T0,T1,4.6ft,0.05s
4.24.2026 20:07:33,T0,T1,4.5ft,0.05s
4.24.2026 20:07:33,T0,T1,4.5ft,0.05s
4.24.2026 20:07:33,T0,T1,4.5ft,0.05s
4.24.2026 20:07:33,T0,T1,4.5ft,0.05s
4.24.2026 20:07:33,T0,T1,4.5ft,0.05s
4.24.2026 20:07:33,T0,T1,4.5ft,0.06s
4.24.2026 20:07:33,T0,T1,4.5ft,0.05s
4.24.2026 20:07:33,T0,T1,4.5ft,0.05s
4.24.2026 20:07:33,T0,T1,4.5ft,0.05s
4.24.2026 20:07:33,T0,T1,4.5ft,0.05s
4.24.2026 20:07:33,T0,T1,4.5ft,0.05s
4.24.2026 20:07:33,T0,T1,4.5ft,0.05s
4.24.2026 20:07:33,T0,T1,4.5ft,0.05s
4.24.2026 20:07:33,T0,T1,4.5ft,0.05s
4.24.2026 20:07:33,T0,T1,4.5ft,0.05s
4.24.2026 20:07:33,T0,T1,4.5ft,0.05s
4.24.2026 20:07:33,T0,T1,4.5ft,0.06s
4.24.2026 20:07:33,T0,T1,4.5ft,0.05s
4.24.2026 20:07:33,T0,T1,4.5ft,0.05s
4.24.2026 20:07:33,T0,T1,4.5ft,0.05s
4.24.2026 20:07:34,T0,T1,4.5ft,0.05s
4.24.2026 20:07:34,T0,T1,4.6ft,0.05s
4.24.2026 20:07:34,T0,T1,4.9ft,0.05s
4.24.2026 20:07:34,T0,T1,5.2ft,0.05s
4.24.2026 20:07:34,T0,T1,5.0ft,0.05s
4.24.2026 20:07:34,T0,T1,4.8ft,0.05s
4.24.2026 20:07:34,T0,T1,4.7ft,0.05s
4.24.2026 20:07:34,T0,T1,4.7ft,0.05s
4.24.2026 20:07:34,T0,T1,4.6ft,0.05s
4.24.2026 20:07:34,T0,T1,4.6ft,0.05s
4.24.2026 20:07:34,T0,T1,4.6ft,0.05s
4.24.2026 20:07:34,T0,T1,4.5ft,0.05s
4.24.2026 20:07:34,T0,T1,4.5ft,0.05s
4.24.2026 20:07:34,T0,T1,4.5ft,0.05s
4.24.2026 20:07:34,T0,T1,4.5ft,0.05s
4.24.2026 20:07:34,T0,T1,4.5ft,0.05s
4.24.2026 20:07:34,T0,T1,4.5ft,0.05s
4.24.2026 20:07:34,T0,T1,4.5ft,0.05s
4.24.2026 20:07:34,T0,T1,4.5ft,0.05s
4.24.2026 20:07:35,T0,T1,4.5ft,0.05s
4.24.2026 20:07:35,T0,T1,4.5ft,0.05s
4.24.2026 20:07:35,T0,T1,4.5ft,0.05s
4.24.2026 20:07:35,T0,T1,4.5ft,0.05s
4.24.2026 20:07:35,T0,T1,4.5ft,0.05s
4.24.2026 20:07:35,T0,T1,4.5ft,0.05s
4.24.2026 20:07:35,T0,T1,4.5ft,0.05s
4.24.2026 20:07:35,T0,T1,4.5ft,0.05s
4.24.2026 20:07:35,T0,T1,4.5ft,0.05s
4.24.2026 20:07:35,T0,T1,4.5ft,0.05s
4.24.2026 20:07:35,T0,T1,4.5ft,0.05s
4.24.2026 20:07:35,T0,T1,4.5ft,0.05s
4.24.2026 20:07:35,T0,T1,4.5ft,0.05s
4.24.2026 20:07:35,T0,T1,4.5ft,0.05s
4.24.2026 20:07:35,T0,T1,4.5ft,0.05s
4.24.2026 20:07:35,T0,T1,4.5ft,0.05s
4.24.2026 20:07:35,T0,T1,4.5ft,0.05s
4.24.2026 20:07:35,T0,T1,4.5ft,0.05s
4.24.2026 20:07:35,T0,T1,4.5ft,0.05s
4.24.2026 20:07:35,T0,T1,4.5ft,0.05s
4.24.2026 20:07:36,T0,T1,4.5ft,0.05s
4.24.2026 20:07:36,T0,T1,4.5ft,0.05s
4.24.2026 20:07:36,T0,T1,4.5ft,0.05s
4.24.2026 20:07:36,T0,T1,4.5ft,0.05s
4.24.2026 20:07:36,T0,T1,4.5ft,0.05s
4.24.2026 20:07:36,T0,T1,4.5ft,0.05s
4.24.2026 20:07:36,T0,T1,4.5ft,0.05s
4.24.2026 20:07:36,T0,T1,4.5ft,0.05s
4.24.2026 20:07:36,T0,T1,4.5ft,0.05s
4.24.2026 20:07:36,T0,T1,4.5ft,0.05s
4.24.2026 20:07:36,T0,T1,4.5ft,0.05s
4.24.2026 20:07:36,T0,T1,4.5ft,0.05s
4.24.2026 20:07:36,T0,T1,4.5ft,0.05s
4.24.2026 20:07:36,T0,T1,4.5ft,0.05s
4.24.2026 20:07:36,T0,T1,4.5ft,0.05s
4.24.2026 20:07:36,T0,T1,4.5ft,0.05s
4.24.2026 20:07:36,T0,T1,4.5ft,0.05s
4.24.2026 20:07:36,T0,T1,4.5ft,0.05s
4.24.2026 20:07:36,T0,T1,4.5ft,0.05s
4.24.2026 20:07:36,T0,T1,4.7ft,0.05s
4.24.2026 20:07:37,T0,T1,5.0ft,0.05s
4.24.2026 20:07:37,T0,T1,4.8ft,0.05s
4.24.2026 20:07:37,T0,T1,4.7ft,0.05s
4.24.2026 20:07:37,T0,T1,4.6ft,0.05s
4.24.2026 20:07:37,T0,T1,4.6ft,0.05s
4.24.2026 20:07:37,T0,T1,4.5ft,0.05s
4.24.2026 20:07:37,T0,T1,4.5ft,0.05s
4.24.2026 20:07:37,T0,T1,4.5ft,0.05s
4.24.2026 20:07:37,T0,T1,4.5ft,0.05s
4.24.2026 20:07:37,T0,T1,4.5ft,0.05s
4.24.2026 20:07:37,T0,T1,4.5ft,0.05s
4.24.2026 20:07:37,T0,T1,4.5ft,0.05s
4.24.2026 20:07:37,T0,T1,4.5ft,0.05s
4.24.2026 20:07:37,T0,T1,4.6ft,0.05s
4.24.2026 20:07:37,T0,T1,4.8ft,0.05s
4.24.2026 20:07:37,T0,T1,5.0ft,0.05s
4.24.2026 20:07:37,T0,T1,4.9ft,0.05s
4.24.2026 20:07:37,T0,T1,4.7ft,0.05s
4.24.2026 20:07:37,T0,T1,4.6ft,0.05s
4.24.2026 20:07:38,T0,T1,4.9ft,0.05s
4.24.2026 20:07:38,T0,T1,4.7ft,0.06s
4.24.2026 20:07:38,T0,T1,4.6ft,0.05s
4.24.2026 20:07:38,T0,T1,4.6ft,0.05s
4.24.2026 20:07:38,T0,T1,4.5ft,0.05s
4.24.2026 20:07:38,T0,T1,4.5ft,0.05s
4.24.2026 20:07:38,T0,T1,4.5ft,0.05s
4.24.2026 20:07:38,T0,T1,4.5ft,0.05s
4.24.2026 20:07:38,T0,T1,4.6ft,0.05s
4.24.2026 20:07:38,T0,T1,4.9ft,0.05s
4.24.2026 20:07:38,T0,T1,5.2ft,0.05s
4.24.2026 20:07:38,T0,T1,4.9ft,0.05s
4.24.2026 20:07:38,T0,T1,4.8ft,0.06s
4.24.2026 20:07:38,T0,T1,4.7ft,0.05s
4.24.2026 20:07:38,T0,T1,4.6ft,0.05s
4.24.2026 20:07:38,T0,T1,4.6ft,0.05s
4.24.2026 20:07:38,T0,T1,4.5ft,0.05s
4.24.2026 20:07:38,T0,T1,4.5ft,0.05s
4.24.2026 20:07:38,T0,T1,4.5ft,0.05s
4.24.2026 20:07:38,T0,T1,4.5ft,0.05s
4.24.2026 20:07:39,T0,T1,4.5ft,0.05s
4.24.2026 20:07:39,T0,T1,4.5ft,0.05s
4.24.2026 20:07:39,T0,T1,4.6ft,0.05s
4.24.2026 20:07:39,T0,T1,4.8ft,0.05s
4.24.2026 20:07:39,T0,T1,5.1ft,0.05s
4.24.2026 20:07:39,T0,T1,5.4ft,0.05s
4.24.2026 20:07:39,T0,T1,5.7ft,0.05s
4.24.2026 20:07:39,T0,T1,5.9ft,0.05s
4.24.2026 20:07:39,T0,T1,5.5ft,0.05s
4.24.2026 20:07:39,T0,T1,5.2ft,0.05s
4.24.2026 20:07:39,T0,T1,5.0ft,0.05s
4.24.2026 20:07:39,T0,T1,4.8ft,0.05s
4.24.2026 20:07:39,T0,T1,4.7ft,0.05s
4.24.2026 20:07:39,T0,T1,4.6ft,0.05s
4.24.2026 20:07:39,T0,T1,4.6ft,0.05s
4.24.2026 20:07:39,T0,T1,4.5ft,0.05s
4.24.2026 20:07:39,T0,T1,4.5ft,0.05s
4.24.2026 20:07:39,T0,T1,4.5ft,0.06s
4.24.2026 20:07:39,T0,T1,4.7ft,0.05s
4.24.2026 20:07:40,T0,T1,4.6ft,0.05s
4.24.2026 20:07:40,T0,T1,4.6ft,0.05s
4.24.2026 20:07:40,T0,T1,4.5ft,0.05s
4.24.2026 20:07:40,T0,T1,4.5ft,0.05s
4.24.2026 20:07:40,T0,T1,4.7ft,0.05s
4.24.2026 20:07:40,T0,T1,4.9ft,0.05s
4.24.2026 20:07:40,T0,T1,4.8ft,0.05s
4.24.2026 20:07:40,T0,T1,4.7ft,0.05s
4.24.2026 20:07:40,T0,T1,4.6ft,0.05s
4.24.2026 20:07:40,T0,T1,4.6ft,0.05s
4.24.2026 20:07:40,T0,T1,4.5ft,0.05s
4.24.2026 20:07:40,T0,T1,4.5ft,0.05s
4.24.2026 20:07:40,T0,T1,4.5ft,0.05s
4.24.2026 20:07:40,T0,T1,4.5ft,0.05s
4.24.2026 20:07:40,T0,T1,4.5ft,0.05s
4.24.2026 20:07:40,T0,T1,4.6ft,0.05s
4.24.2026 20:07:40,T0,T1,4.8ft,0.05s
4.24.2026 20:07:40,T0,T1,4.7ft,0.05s
4.24.2026 20:07:40,T0,T1,4.7ft,0.05s
4.24.2026 20:07:40,T0,T1,4.6ft,0.05s
4.24.2026 20:07:41,T0,T1,4.6ft,0.05s
4.24.2026 20:07:41,T0,T1,4.6ft,0.05s
4.24.2026 20:07:41,T0,T1,4.6ft,0.05s
4.24.2026 20:07:41,T0,T1,4.6ft,0.05s
4.24.2026 20:07:41,T0,T1,4.5ft,0.05s
4.24.2026 20:07:41,T0,T1,4.5ft,0.05s
4.24.2026 20:07:41,T0,T1,4.5ft,0.05s
4.24.2026 20:07:41,T0,T1,4.5ft,0.05s
4.24.2026 20:07:41,T0,T1,4.5ft,0.05s
4.24.2026 20:07:41,T0,T1,4.5ft,0.05s
4.24.2026 20:07:41,T0,T1,4.5ft,0.05s
4.24.2026 20:07:41,T0,T1,4.5ft,0.05s
4.24.2026 20:07:41,T0,T1,4.5ft,0.05s
4.24.2026 20:07:41,T0,T1,4.5ft,0.05s
4.24.2026 20:07:41,T0,T1,4.5ft,0.05s
4.24.2026 20:07:41,T0,T1,4.5ft,0.05s
4.24.2026 20:07:41,T0,T1,4.5ft,0.05s
4.24.2026 20:07:41,T0,T1,4.6ft,0.05s
4.24.2026 20:07:41,T0,T1,4.6ft,0.05s
4.24.2026 20:07:42,T0,T1,4.6ft,0.05s
4.24.2026 20:07:42,T0,T1,4.6ft,0.05s
4.24.2026 20:07:42,T0,T1,4.6ft,0.05s
4.24.2026 20:07:42,T0,T1,4.6ft,0.05s
4.24.2026 20:07:42,T0,T1,4.6ft,0.05s
4.24.2026 20:07:42,T0,T1,4.7ft,0.05s
4.24.2026 20:07:42,T0,T1,4.7ft,0.05s
4.24.2026 20:07:42,T0,T1,4.6ft,0.05s
4.24.2026 20:07:42,T0,T1,4.6ft,0.05s
4.24.2026 20:07:42,T0,T1,4.6ft,0.05s
4.24.2026 20:07:42,T0,T1,4.5ft,0.05s
4.24.2026 20:07:42,T0,T1,4.5ft,0.05s
4.24.2026 20:07:42,T0,T1,4.5ft,0.05s
4.24.2026 20:07:42,T0,T1,4.5ft,0.05s
4.24.2026 20:07:42,T0,T1,4.5ft,0.05s
4.24.2026 20:07:42,T0,T1,4.5ft,0.05s
4.24.2026 20:07:42,T0,T1,4.5ft,0.05s
4.24.2026 20:07:42,T0,T1,4.5ft,0.05s
4.24.2026 20:07:42,T0,T1,4.5ft,0.05s
4.24.2026 20:07:42,T0,T1,4.5ft,0.05s
4.24.2026 20:07:43,T0,T1,4.6ft,0.05s
4.24.2026 20:07:43,T0,T1,4.5ft,0.05s
4.24.2026 20:07:43,T0,T1,4.5ft,0.05s
4.24.2026 20:07:43,T0,T1,4.5ft,0.05s
4.24.2026 20:07:43,T0,T1,4.5ft,0.05s
4.24.2026 20:07:43,T0,T1,4.5ft,0.05s
4.24.2026 20:07:43,T0,T1,4.5ft,0.05s
4.24.2026 20:07:43,T0,T1,4.5ft,0.05s
4.24.2026 20:07:43,T0,T1,4.6ft,0.05s
4.24.2026 20:07:43,T0,T1,4.8ft,0.05s
4.24.2026 20:07:43,T0,T1,5.1ft,0.05s
4.24.2026 20:07:43,T0,T1,5.4ft,0.05s
4.24.2026 20:07:43,T0,T1,5.7ft,0.05s
4.24.2026 20:07:43,T0,T1,5.9ft,0.05s
4.24.2026 20:07:43,T0,T1,5.5ft,0.05s
4.24.2026 20:07:43,T0,T1,5.2ft,0.05s
4.24.2026 20:07:43,T0,T1,5.0ft,0.05s
4.24.2026 20:07:43,T0,T1,4.9ft,0.05s
4.24.2026 20:07:43,T0,T1,5.2ft,0.05s
4.24.2026 20:07:44,T0,T1,5.0ft,0.05s
4.24.2026 20:07:44,T0,T1,4.8ft,0.05s
4.24.2026 20:07:44,T0,T1,4.7ft,0.05s
4.24.2026 20:07:44,T0,T1,4.7ft,0.05s
4.24.2026 20:07:44,T0,T1,4.6ft,0.05s
4.24.2026 20:07:44,T0,T1,4.6ft,0.05s
4.24.2026 20:07:44,T0,T1,4.6ft,0.05s
4.24.2026 20:07:44,T0,T1,4.5ft,0.05s
4.24.2026 20:07:44,T0,T1,4.5ft,0.05s
4.24.2026 20:07:44,T0,T1,4.5ft,0.05s
4.24.2026 20:07:44,T0,T1,4.5ft,0.05s
4.24.2026 20:07:44,T0,T1,4.5ft,0.05s
4.24.2026 20:07:44,T0,T1,4.5ft,0.05s
4.24.2026 20:07:44,T0,T1,4.6ft,0.05s
4.24.2026 20:07:44,T0,T1,4.8ft,0.05s
4.24.2026 20:07:44,T0,T1,5.1ft,0.05s
4.24.2026 20:07:44,T0,T1,4.9ft,0.05s
4.24.2026 20:07:44,T0,T1,5.2ft,0.05s
4.24.2026 20:07:44,T0,T1,5.5ft,0.05s
4.24.2026 20:07:44,T0,T1,5.7ft,0.05s
4.24.2026 20:07:45,T0,T1,6.0ft,0.05s
4.24.2026 20:07:45,T0,T1,5.6ft,0.05s
4.24.2026 20:07:45,T0,T1,5.3ft,0.05s
4.24.2026 20:07:45,T0,T1,5.0ft,0.05s
4.24.2026 20:07:45,T0,T1,4.9ft,0.05s
4.24.2026 20:07:45,T0,T1,4.7ft,0.05s
4.24.2026 20:07:45,T0,T1,4.7ft,0.05s
4.24.2026 20:07:45,T0,T1,4.9ft,0.05s
4.24.2026 20:07:45,T0,T1,4.8ft,0.05s
4.24.2026 20:07:45,T0,T1,4.7ft,0.05s
4.24.2026 20:07:45,T0,T1,4.6ft,0.05s
4.24.2026 20:07:45,T0,T1,4.6ft,0.05s
4.24.2026 20:07:45,T0,T1,4.5ft,0.05s
4.24.2026 20:07:45,T0,T1,4.5ft,0.05s
4.24.2026 20:07:45,T0,T1,4.5ft,0.05s
4.24.2026 20:07:45,T0,T1,4.5ft,0.05s
4.24.2026 20:07:45,T0,T1,4.5ft,0.05s
4.24.2026 20:07:45,T0,T1,4.5ft,0.05s
4.24.2026 20:07:45,T0,T1,4.5ft,0.05s
4.24.2026 20:07:46,T0,T1,4.5ft,0.05s
4.24.2026 20:07:46,T0,T1,4.5ft,0.05s
4.24.2026 20:07:46,T0,T1,4.5ft,0.05s
4.24.2026 20:07:46,T0,T1,4.5ft,0.06s
4.24.2026 20:07:46,T0,T1,4.5ft,0.05s
4.24.2026 20:07:46,T0,T1,4.5ft,0.05s
4.24.2026 20:07:46,T0,T1,4.5ft,0.05s
4.24.2026 20:07:46,T0,T1,4.5ft,0.05s
4.24.2026 20:07:46,T0,T1,4.5ft,0.05s
4.24.2026 20:07:46,T0,T1,4.5ft,0.05s
4.24.2026 20:07:46,T0,T1,4.5ft,0.05s
4.24.2026 20:07:46,T0,T1,4.5ft,0.05s
4.24.2026 20:07:46,T0,T1,4.5ft,0.05s
4.24.2026 20:07:46,T0,T1,4.5ft,0.05s
4.24.2026 20:07:46,T0,T1,4.5ft,0.05s
4.24.2026 20:07:46,T0,T1,4.5ft,0.05s
4.24.2026 20:07:46,T0,T1,4.5ft,0.05s
4.24.2026 20:07:46,T0,T1,4.6ft,0.05s
4.24.2026 20:07:46,T0,T1,4.8ft,0.05s
4.24.2026 20:07:46,T0,T1,5.1ft,0.05s
4.24.2026 20:07:47,T0,T1,4.9ft,0.05s
4.24.2026 20:07:47,T0,T1,4.8ft,0.05s
4.24.2026 20:07:47,T0,T1,4.7ft,0.05s
4.24.2026 20:07:47,T0,T1,4.9ft,0.05s
4.24.2026 20:07:47,T0,T1,4.8ft,0.05s
4.24.2026 20:07:47,T0,T1,4.7ft,0.05s
4.24.2026 20:07:47,T0,T1,4.7ft,0.05s
4.24.2026 20:07:47,T0,T1,4.6ft,0.05s
4.24.2026 20:07:47,T0,T1,4.6ft,0.05s
4.24.2026 20:07:47,T0,T1,4.6ft,0.05s
4.24.2026 20:07:47,T0,T1,4.7ft,0.05s
4.24.2026 20:07:47,T0,T1,4.7ft,0.05s
4.24.2026 20:07:47,T0,T1,4.6ft,0.05s
4.24.2026 20:07:47,T0,T1,4.6ft,0.05s
4.24.2026 20:07:47,T0,T1,4.6ft,0.05s
4.24.2026 20:07:47,T0,T1,4.6ft,0.05s
4.24.2026 20:07:47,T0,T1,4.6ft,0.05s
4.24.2026 20:07:47,T0,T1,4.6ft,0.05s
4.24.2026 20:07:47,T0,T1,4.6ft,0.05s
4.24.2026 20:07:47,T0,T1,4.6ft,0.05s
4.24.2026 20:07:48,T0,T1,4.6ft,0.05s
4.24.2026 20:07:48,T0,T1,4.6ft,0.05s
4.24.2026 20:07:48,T0,T1,4.5ft,0.05s
4.24.2026 20:07:48,T0,T1,4.5ft,0.05s
4.24.2026 20:07:48,T0,T1,4.5ft,0.05s
4.24.2026 20:07:48,T0,T1,4.5ft,0.05s
4.24.2026 20:07:48,T0,T1,4.5ft,0.05s
4.24.2026 20:07:48,T0,T1,4.5ft,0.05s
4.24.2026 20:07:48,T0,T1,4.5ft,0.05s
4.24.2026 20:07:48,T0,T1,4.5ft,0.05s
4.24.2026 20:07:48,T0,T1,4.5ft,0.05s
4.24.2026 20:07:48,T0,T1,4.5ft,0.05s
4.24.2026 20:07:48,T0,T1,4.5ft,0.05s
4.24.2026 20:07:48,T0,T1,4.5ft,0.05s
4.24.2026 20:07:48,T0,T1,4.5ft,0.05s
4.24.2026 20:07:48,T0,T1,4.5ft,0.05s
4.24.2026 20:07:48,T0,T1,4.5ft,0.05s
4.24.2026 20:07:48,T0,T1,4.5ft,0.05s
4.24.2026 20:07:48,T0,T1,4.5ft,0.05s
4.24.2026 20:07:49,T0,T1,4.5ft,0.05s
4.24.2026 20:07:49,T0,T1,4.5ft,0.05s
4.24.2026 20:07:49,T0,T1,4.5ft,0.05s
4.24.2026 20:07:49,T0,T1,4.5ft,0.05s
4.24.2026 20:07:49,T0,T1,4.5ft,0.05s
4.24.2026 20:07:49,T0,T1,4.5ft,0.05s
4.24.2026 20:07:49,T0,T1,4.5ft,0.05s
4.24.2026 20:07:49,T0,T1,4.5ft,0.05s
4.24.2026 20:07:49,T0,T1,4.5ft,0.05s
4.24.2026 20:07:49,T0,T1,4.5ft,0.05s
4.24.2026 20:07:49,T0,T1,4.5ft,0.05s
4.24.2026 20:07:49,T0,T1,4.5ft,0.05s
4.24.2026 20:07:49,T0,T1,4.7ft,0.05s
4.24.2026 20:07:49,T0,T1,4.6ft,0.05s
4.24.2026 20:07:49,T0,T1,4.6ft,0.05s
4.24.2026 20:07:49,T0,T1,4.8ft,0.05s
4.24.2026 20:07:49,T0,T1,5.1ft,0.05s
4.24.2026 20:07:49,T0,T1,5.4ft,0.05s
4.24.2026 20:07:49,T0,T1,5.6ft,0.05s
4.24.2026 20:07:49,T0,T1,5.9ft,0.05s
4.24.2026 20:07:50,T0,T1,6.1ft,0.05s
4.24.2026 20:07:50,T0,T1,5.7ft,0.05s
4.24.2026 20:07:50,T0,T1,5.3ft,0.05s
4.24.2026 20:07:50,T0,T1,5.1ft,0.05s
4.24.2026 20:07:50,T0,T1,4.9ft,0.05s
4.24.2026 20:07:50,T0,T1,4.8ft,0.05s
4.24.2026 20:07:50,T0,T1,4.7ft,0.05s
4.24.2026 20:07:50,T0,T1,4.6ft,0.06s
4.24.2026 20:07:50,T0,T1,4.6ft,0.05s
4.24.2026 20:07:50,T0,T1,4.5ft,0.05s
4.24.2026 20:07:50,T0,T1,4.5ft,0.05s
4.24.2026 20:07:50,T0,T1,4.5ft,0.05s
4.24.2026 20:07:50,T0,T1,4.5ft,0.05s
4.24.2026 20:07:50,T0,T1,4.5ft,0.05s
4.24.2026 20:07:50,T0,T1,4.5ft,0.05s
4.24.2026 20:07:50,T0,T1,4.6ft,0.05s
4.24.2026 20:07:50,T0,T1,4.8ft,0.05s
4.24.2026 20:07:50,T0,T1,5.1ft,0.05s
4.24.2026 20:07:50,T0,T1,5.4ft,0.05s
4.24.2026 20:07:51,T0,T1,5.7ft,0.05s
4.24.2026 20:07:51,T0,T1,5.9ft,0.05s
4.24.2026 20:07:51,T0,T1,6.2ft,0.05s
4.24.2026 20:07:51,T0,T1,5.7ft,0.05s
4.24.2026 20:07:51,T0,T1,5.3ft,0.05s
4.24.2026 20:07:51,T0,T1,5.1ft,0.05s
4.24.2026 20:07:51,T0,T1,5.4ft,0.05s
4.24.2026 20:07:51,T0,T1,5.1ft,0.05s
4.24.2026 20:07:51,T0,T1,4.9ft,0.05s
4.24.2026 20:07:51,T0,T1,4.8ft,0.05s
4.24.2026 20:07:51,T0,T1,4.7ft,0.05s
4.24.2026 20:07:51,T0,T1,4.6ft,0.05s
4.24.2026 20:07:51,T0,T1,4.6ft,0.05s
4.24.2026 20:07:51,T0,T1,4.6ft,0.05s
4.24.2026 20:07:51,T0,T1,4.5ft,0.05s
4.24.2026 20:07:51,T0,T1,4.5ft,0.05s
4.24.2026 20:07:51,T0,T1,4.5ft,0.05s
4.24.2026 20:07:51,T0,T1,4.5ft,0.05s
4.24.2026 20:07:51,T0,T1,4.5ft,0.05s
4.24.2026 20:07:51,T0,T1,4.5ft,0.05s
4.24.2026 20:07:52,T0,T1,4.5ft,0.05s
4.24.2026 20:07:52,T0,T1,4.6ft,0.05s
4.24.2026 20:07:52,T0,T1,4.8ft,0.05s
4.24.2026 20:07:52,T0,T1,5.0ft,0.05s
4.24.2026 20:07:52,T0,T1,4.9ft,0.05s
4.24.2026 20:07:52,T0,T1,5.1ft,0.05s
4.24.2026 20:07:52,T0,T1,5.4ft,0.05s
4.24.2026 20:07:52,T0,T1,5.2ft,0.05s
4.24.2026 20:07:52,T0,T1,5.0ft,0.05s
4.24.2026 20:07:52,T0,T1,4.8ft,0.05s
4.24.2026 20:07:52,T0,T1,4.7ft,0.05s
4.24.2026 20:07:52,T0,T1,4.6ft,0.05s
4.24.2026 20:07:52,T0,T1,4.6ft,0.05s
4.24.2026 20:07:52,T0,T1,4.6ft,0.05s
4.24.2026 20:07:52,T0,T1,4.6ft,0.05s
4.24.2026 20:07:52,T0,T1,4.5ft,0.05s
4.24.2026 20:07:52,T0,T1,4.5ft,0.05s
4.24.2026 20:07:52,T0,T1,4.5ft,0.05s
4.24.2026 20:07:52,T0,T1,4.5ft,0.05s
4.24.2026 20:07:53,T0,T1,4.5ft,0.05s
4.24.2026 20:07:53,T0,T1,4.5ft,0.05s
4.24.2026 20:07:53,T0,T1,4.5ft,0.05s
4.24.2026 20:07:53,T0,T1,4.5ft,0.05s
4.24.2026 20:07:53,T0,T1,4.5ft,0.05s
4.24.2026 20:07:53,T0,T1,4.5ft,0.05s
4.24.2026 20:07:53,T0,T1,4.5ft,0.05s
4.24.2026 20:07:53,T0,T1,4.5ft,0.05s
4.24.2026 20:07:53,T0,T1,4.5ft,0.05s
4.24.2026 20:07:53,T0,T1,4.5ft,0.05s
4.24.2026 20:07:53,T0,T1,4.5ft,0.06s
4.24.2026 20:07:53,T0,T1,4.5ft,0.05s
4.24.2026 20:07:53,T0,T1,4.5ft,0.05s
4.24.2026 20:07:53,T0,T1,4.5ft,0.05s
4.24.2026 20:07:53,T0,T1,4.5ft,0.05s
4.24.2026 20:07:53,T0,T1,4.5ft,0.05s
4.24.2026 20:07:53,T0,T1,4.5ft,0.05s
4.24.2026 20:07:53,T0,T1,4.5ft,0.05s
4.24.2026 20:07:53,T0,T1,4.5ft,0.05s
4.24.2026 20:07:53,T0,T1,4.5ft,0.05s
4.24.2026 20:07:54,T0,T1,4.5ft,0.05s
4.24.2026 20:07:54,T0,T1,4.5ft,0.05s
4.24.2026 20:07:54,T0,T1,4.5ft,0.05s
4.24.2026 20:07:54,T0,T1,4.5ft,0.05s
4.24.2026 20:07:54,T0,T1,4.5ft,0.05s
4.24.2026 20:07:54,T0,T1,4.5ft,0.05s
4.24.2026 20:07:54,T0,T1,4.5ft,0.05s
4.24.2026 20:07:54,T0,T1,4.5ft,0.05s
4.24.2026 20:07:54,T0,T1,4.5ft,0.05s
4.24.2026 20:07:54,T0,T1,4.5ft,0.05s
4.24.2026 20:07:54,T0,T1,4.5ft,0.05s
4.24.2026 20:07:54,T0,T1,4.5ft,0.05s
4.24.2026 20:07:54,T0,T1,4.5ft,0.05s
4.24.2026 20:07:54,T0,T1,4.5ft,0.05s
4.24.2026 20:07:54,T0,T1,4.5ft,0.05s
4.24.2026 20:07:54,T0,T1,4.5ft,0.05s
4.24.2026 20:07:54,T0,T1,4.5ft,0.05s
4.24.2026 20:07:54,T0,T1,4.5ft,0.05s
4.24.2026 20:07:54,T0,T1,4.5ft,0.05s
4.24.2026 20:07:54,T0,T1,4.5ft,0.05s
4.24.2026 20:07:55,T0,T1,4.5ft,0.05s
4.24.2026 20:07:55,T0,T1,4.5ft,0.05s
4.24.2026 20:07:55,T0,T1,4.5ft,0.05s
4.24.2026 20:07:55,T0,T1,4.5ft,0.05s
4.24.2026 20:07:55,T0,T1,4.5ft,0.05s
4.24.2026 20:07:55,T0,T1,4.5ft,0.05s
4.24.2026 20:07:55,T0,T1,4.5ft,0.05s
4.24.2026 20:07:55,T0,T1,4.5ft,0.05s
4.24.2026 20:07:55,T0,T1,4.5ft,0.05s
4.24.2026 20:07:55,T0,T1,4.5ft,0.05s
4.24.2026 20:07:55,T0,T1,4.7ft,0.05s
4.24.2026 20:07:55,T0,T1,4.9ft,0.05s
4.24.2026 20:07:55,T0,T1,4.8ft,0.05s
4.24.2026 20:07:55,T0,T1,4.7ft,0.05s
4.24.2026 20:07:55,T0,T1,4.6ft,0.05s
4.24.2026 20:07:55,T0,T1,4.8ft,0.05s
4.24.2026 20:07:55,T0,T1,4.7ft,0.05s
4.24.2026 20:07:55,T0,T1,4.6ft,0.05s
4.24.2026 20:07:55,T0,T1,4.6ft,0.05s
4.24.2026 20:07:56,T0,T1,4.5ft,0.05s
4.24.2026 20:07:56,T0,T1,4.5ft,0.05s
4.24.2026 20:07:56,T0,T1,4.5ft,0.05s
4.24.2026 20:07:56,T0,T1,4.5ft,0.05s
4.24.2026 20:07:56,T0,T1,4.5ft,0.05s
4.24.2026 20:07:56,T0,T1,4.5ft,0.05s
4.24.2026 20:07:56,T0,T1,4.5ft,0.05s
4.24.2026 20:07:56,T0,T1,4.5ft,0.05s
4.24.2026 20:07:56,T0,T1,4.5ft,0.05s
4.24.2026 20:07:56,T0,T1,4.5ft,0.05s
4.24.2026 20:07:56,T0,T1,4.5ft,0.05s
4.24.2026 20:07:56,T0,T1,4.6ft,0.05s
4.24.2026 20:07:56,T0,T1,4.8ft,0.06s
4.24.2026 20:07:56,T0,T1,5.0ft,0.05s
4.24.2026 20:07:56,T0,T1,4.9ft,0.05s
4.24.2026 20:07:56,T0,T1,4.8ft,0.05s
4.24.2026 20:07:56,T0,T1,4.7ft,0.05s
4.24.2026 20:07:56,T0,T1,4.9ft,0.05s
4.24.2026 20:07:56,T0,T1,4.8ft,0.05s
4.24.2026 20:07:56,T0,T1,4.7ft,0.05s
4.24.2026 20:07:57,T0,T1,4.6ft,0.05s
4.24.2026 20:07:57,T0,T1,4.6ft,0.05s
4.24.2026 20:07:57,T0,T1,4.5ft,0.05s
4.24.2026 20:07:57,T0,T1,4.5ft,0.05s
4.24.2026 20:07:57,T0,T1,4.5ft,0.05s
4.24.2026 20:07:57,T0,T1,4.5ft,0.05s
4.24.2026 20:07:57,T0,T1,4.5ft,0.05s
4.24.2026 20:07:57,T0,T1,4.5ft,0.05s
4.24.2026 20:07:57,T0,T1,4.5ft,0.05s
4.24.2026 20:07:57,T0,T1,4.5ft,0.05s
4.24.2026 20:07:57,T0,T1,4.5ft,0.05s
4.24.2026 20:07:57,T0,T1,4.5ft,0.05s
4.24.2026 20:07:57,T0,T1,4.5ft,0.05s
4.24.2026 20:07:57,T0,T1,4.5ft,0.05s
4.24.2026 20:07:57,T0,T1,4.5ft,0.05s
4.24.2026 20:07:57,T0,T1,4.5ft,0.05s
4.24.2026 20:07:57,T0,T1,4.5ft,0.05s
4.24.2026 20:07:57,T0,T1,4.5ft,0.05s
4.24.2026 20:07:57,T0,T1,4.5ft,0.05s
4.24.2026 20:07:58,T0,T1,4.5ft,0.05s
4.24.2026 20:07:58,T0,T1,4.5ft,0.05s
4.24.2026 20:07:58,T0,T1,4.5ft,0.05s
4.24.2026 20:07:58,T0,T1,4.5ft,0.05s
4.24.2026 20:07:58,T0,T1,4.5ft,0.05s
4.24.2026 20:07:58,T0,T1,4.5ft,0.05s
4.24.2026 20:07:58,T0,T1,4.7ft,0.05s
4.24.2026 20:07:58,T0,T1,4.9ft,0.05s
4.24.2026 20:07:58,T0,T1,4.8ft,0.05s
4.24.2026 20:07:58,T0,T1,4.7ft,0.05s
4.24.2026 20:07:58,T0,T1,4.6ft,0.05s
4.24.2026 20:07:58,T0,T1,4.8ft,0.05s
4.24.2026 20:07:58,T0,T1,5.1ft,0.05s
4.24.2026 20:07:58,T0,T1,5.4ft,0.05s
4.24.2026 20:07:58,T0,T1,5.7ft,0.05s
4.24.2026 20:07:58,T0,T1,5.3ft,0.05s
4.24.2026 20:07:58,T0,T1,5.1ft,0.05s
4.24.2026 20:07:58,T0,T1,5.4ft,0.05s
4.24.2026 20:07:58,T0,T1,5.6ft,0.05s
4.24.2026 20:07:58,T0,T1,5.9ft,0.05s
4.24.2026 20:07:59,T0,T1,6.1ft,0.05s
4.24.2026 20:07:59,T0,T1,5.7ft,0.05s
4.24.2026 20:07:59,T0,T1,5.3ft,0.05s
4.24.2026 20:07:59,T0,T1,5.1ft,0.05s
4.24.2026 20:07:59,T0,T1,5.4ft,0.05s
4.24.2026 20:07:59,T0,T1,5.1ft,0.05s
4.24.2026 20:07:59,T0,T1,4.9ft,0.05s
4.24.2026 20:07:59,T0,T1,4.8ft,0.05s
4.24.2026 20:07:59,T0,T1,4.7ft,0.05s
4.24.2026 20:07:59,T0,T1,4.6ft,0.05s
4.24.2026 20:07:59,T0,T1,4.6ft,0.05s
4.24.2026 20:07:59,T0,T1,4.8ft,0.05s
4.24.2026 20:07:59,T0,T1,4.7ft,0.05s
4.24.2026 20:07:59,T0,T1,4.6ft,0.05s
4.24.2026 20:07:59,T0,T1,4.6ft,0.05s
4.24.2026 20:07:59,T0,T1,4.6ft,0.05s
4.24.2026 20:07:59,T0,T1,4.7ft,0.05s
4.24.2026 20:07:59,T0,T1,5.0ft,0.05s
4.24.2026 20:07:59,T0,T1,4.8ft,0.05s
4.24.2026 20:08:00,T0,T1,4.7ft,0.05s
4.24.2026 20:08:00,T0,T1,4.7ft,0.05s
4.24.2026 20:08:00,T0,T1,4.6ft,0.05s
4.24.2026 20:08:00,T0,T1,4.8ft,0.05s
4.24.2026 20:08:00,T0,T1,4.7ft,0.05s
4.24.2026 20:08:00,T0,T1,4.7ft,0.05s
4.24.2026 20:08:00,T0,T1,4.6ft,0.05s
4.24.2026 20:08:00,T0,T1,4.6ft,0.05s
4.24.2026 20:08:00,T0,T1,4.6ft,0.05s
4.24.2026 20:08:00,T0,T1,4.5ft,0.05s
4.24.2026 20:08:00,T0,T1,4.5ft,0.05s
4.24.2026 20:08:00,T0,T1,4.5ft,0.05s
4.24.2026 20:08:00,T0,T1,4.5ft,0.05s
4.24.2026 20:08:00,T0,T1,4.5ft,0.05s
4.24.2026 20:08:00,T0,T1,4.5ft,0.05s
4.24.2026 20:08:00,T0,T1,4.5ft,0.05s
4.24.2026 20:08:00,T0,T1,4.5ft,0.05s
4.24.2026 20:08:00,T0,T1,4.5ft,0.05s
4.24.2026 20:08:00,T0,T1,4.5ft,0.05s
4.24.2026 20:08:00,T0,T1,4.5ft,0.05s
4.24.2026 20:08:01,T0,T1,4.5ft,0.06s
4.24.2026 20:08:01,T0,T1,4.6ft,0.05s
4.24.2026 20:08:01,T0,T1,4.7ft,0.05s
4.24.2026 20:08:01,T0,T1,5.0ft,0.05s
4.24.2026 20:08:01,T0,T1,5.3ft,0.05s
4.24.2026 20:08:01,T0,T1,5.6ft,0.05s
4.24.2026 20:08:01,T0,T1,5.8ft,0.05s
4.24.2026 20:08:01,T0,T1,5.5ft,0.05s
4.24.2026 20:08:01,T0,T1,5.7ft,0.05s
4.24.2026 20:08:01,T0,T1,6.0ft,0.05s
4.24.2026 20:08:01,T0,T1,6.2ft,0.05s
4.24.2026 20:08:01,T0,T1,6.4ft,0.05s
4.24.2026 20:08:01,T0,T1,5.9ft,0.05s
4.24.2026 20:08:01,T0,T1,5.5ft,0.05s
4.24.2026 20:08:01,T0,T1,5.2ft,0.05s
4.24.2026 20:08:01,T0,T1,5.5ft,0.05s
4.24.2026 20:08:01,T0,T1,5.8ft,0.05s
4.24.2026 20:08:01,T0,T1,6.0ft,0.05s
4.24.2026 20:08:01,T0,T1,5.6ft,0.05s
4.24.2026 20:08:02,T0,T1,5.3ft,0.05s
4.24.2026 20:08:02,T0,T1,5.0ft,0.05s
4.24.2026 20:08:02,T0,T1,4.9ft,0.05s
4.24.2026 20:08:02,T0,T1,4.7ft,0.05s
4.24.2026 20:08:02,T0,T1,4.7ft,0.05s
4.24.2026 20:08:02,T0,T1,4.6ft,0.05s
4.24.2026 20:08:02,T0,T1,4.6ft,0.05s
4.24.2026 20:08:02,T0,T1,4.5ft,0.05s
4.24.2026 20:08:02,T0,T1,4.5ft,0.05s
4.24.2026 20:08:02,T0,T1,4.5ft,0.05s
4.24.2026 20:08:02,T0,T1,4.5ft,0.05s
4.24.2026 20:08:02,T0,T1,4.5ft,0.05s
4.24.2026 20:08:02,T0,T1,4.5ft,0.05s
4.24.2026 20:08:02,T0,T1,4.5ft,0.05s
4.24.2026 20:08:02,T0,T1,4.5ft,0.05s
4.24.2026 20:08:02,T0,T1,4.5ft,0.05s
4.24.2026 20:08:02,T0,T1,4.5ft,0.05s
4.24.2026 20:08:02,T0,T1,4.5ft,0.05s
4.24.2026 20:08:02,T0,T1,4.5ft,0.05s
4.24.2026 20:08:02,T0,T1,4.5ft,0.05s
4.24.2026 20:08:03,T0,T1,4.5ft,0.05s
4.24.2026 20:08:03,T0,T1,4.5ft,0.05s
4.24.2026 20:08:03,T0,T1,4.5ft,0.05s
4.24.2026 20:08:03,T0,T1,4.5ft,0.05s
4.24.2026 20:08:03,T0,T1,4.5ft,0.05s
4.24.2026 20:08:03,T0,T1,4.5ft,0.05s
4.24.2026 20:08:03,T0,T1,4.5ft,0.05s
4.24.2026 20:08:03,T0,T1,4.5ft,0.05s
4.24.2026 20:08:03,T0,T1,4.5ft,0.05s
4.24.2026 20:08:03,T0,T1,4.7ft,0.05s
4.24.2026 20:08:03,T0,T1,4.6ft,0.05s
4.24.2026 20:08:03,T0,T1,4.6ft,0.06s
4.24.2026 20:08:03,T0,T1,4.8ft,0.05s
4.24.2026 20:08:03,T0,T1,5.1ft,0.05s
4.24.2026 20:08:03,T0,T1,4.9ft,0.05s
4.24.2026 20:08:03,T0,T1,4.8ft,0.05s
4.24.2026 20:08:03,T0,T1,4.7ft,0.05s
4.24.2026 20:08:03,T0,T1,4.6ft,0.05s
4.24.2026 20:08:03,T0,T1,4.6ft,0.05s
4.24.2026 20:08:03,T0,T1,4.8ft,0.05s
4.24.2026 20:08:04,T0,T1,5.1ft,0.05s
4.24.2026 20:08:04,T0,T1,4.9ft,0.05s
4.24.2026 20:08:04,T0,T1,4.8ft,0.05s
4.24.2026 20:08:04,T0,T1,4.7ft,0.05s
4.24.2026 20:08:04,T0,T1,4.6ft,0.05s
4.24.2026 20:08:04,T0,T1,4.6ft,0.05s
4.24.2026 20:08:04,T0,T1,4.6ft,0.05s
4.24.2026 20:08:04,T0,T1,4.5ft,0.05s
4.24.2026 20:08:04,T0,T1,4.5ft,0.05s
4.24.2026 20:08:04,T0,T1,4.5ft,0.05s
4.24.2026 20:08:04,T0,T1,4.5ft,0.05s
4.24.2026 20:08:04,T0,T1,4.5ft,0.05s
4.24.2026 20:08:04,T0,T1,4.6ft,0.05s
4.24.2026 20:08:04,T0,T1,4.6ft,0.05s
4.24.2026 20:08:04,T0,T1,4.6ft,0.05s
4.24.2026 20:08:04,T0,T1,4.6ft,0.05s
4.24.2026 20:08:04,T0,T1,4.5ft,0.05s
4.24.2026 20:08:04,T0,T1,4.5ft,0.05s
4.24.2026 20:08:04,T0,T1,4.5ft,0.05s
4.24.2026 20:08:05,T0,T1,4.5ft,0.05s
4.24.2026 20:08:05,T0,T1,4.5ft,0.05s
4.24.2026 20:08:05,T0,T1,4.5ft,0.05s
4.24.2026 20:08:05,T0,T1,4.5ft,0.05s
4.24.2026 20:08:05,T0,T1,4.6ft,0.05s
4.24.2026 20:08:05,T0,T1,4.8ft,0.06s
4.24.2026 20:08:05,T0,T1,5.0ft,0.05s
4.24.2026 20:08:05,T0,T1,4.8ft,0.05s
4.24.2026 20:08:05,T0,T1,4.7ft,0.05s
4.24.2026 20:08:05,T0,T1,4.6ft,0.05s
4.24.2026 20:08:05,T0,T1,4.6ft,0.05s
4.24.2026 20:08:05,T0,T1,4.5ft,0.05s
4.24.2026 20:08:05,T0,T1,4.5ft,0.05s
4.24.2026 20:08:05,T0,T1,4.5ft,0.05s
4.24.2026 20:08:05,T0,T1,4.5ft,0.05s
4.24.2026 20:08:05,T0,T1,4.5ft,0.05s
4.24.2026 20:08:05,T0,T1,4.5ft,0.05s
4.24.2026 20:08:05,T0,T1,4.5ft,0.05s
4.24.2026 20:08:05,T0,T1,4.6ft,0.05s
4.24.2026 20:08:05,T0,T1,4.8ft,0.06s
4.24.2026 20:08:06,T0,T1,5.1ft,0.05s
4.24.2026 20:08:06,T0,T1,4.9ft,0.05s
4.24.2026 20:08:06,T0,T1,4.8ft,0.05s
4.24.2026 20:08:06,T0,T1,4.7ft,0.05s
4.24.2026 20:08:06,T0,T1,4.6ft,0.05s
4.24.2026 20:08:06,T0,T1,4.6ft,0.05s
4.24.2026 20:08:06,T0,T1,4.5ft,0.05s
4.24.2026 20:08:06,T0,T1,4.5ft,0.05s
4.24.2026 20:08:06,T0,T1,4.5ft,0.05s
4.24.2026 20:08:06,T0,T1,4.5ft,0.05s
4.24.2026 20:08:06,T0,T1,4.5ft,0.06s
4.24.2026 20:08:06,T0,T1,4.5ft,0.05s
4.24.2026 20:08:06,T0,T1,4.5ft,0.05s
4.24.2026 20:08:06,T0,T1,4.5ft,0.05s
4.24.2026 20:08:06,T0,T1,4.5ft,0.05s
4.24.2026 20:08:06,T0,T1,4.5ft,0.05s
4.24.2026 20:08:06,T0,T1,4.5ft,0.05s
4.24.2026 20:08:06,T0,T1,4.5ft,0.05s
4.24.2026 20:08:06,T0,T1,4.5ft,0.05s
4.24.2026 20:08:07,T0,T1,4.5ft,0.05s
4.24.2026 20:08:07,T0,T1,4.5ft,0.05s
4.24.2026 20:08:07,T0,T1,4.5ft,0.05s
4.24.2026 20:08:07,T0,T1,4.5ft,0.05s
4.24.2026 20:08:07,T0,T1,4.5ft,0.05s
4.24.2026 20:08:07,T0,T1,4.5ft,0.05s
4.24.2026 20:08:07,T0,T1,4.5ft,0.05s
4.24.2026 20:08:07,T0,T1,4.5ft,0.05s
4.24.2026 20:08:07,T0,T1,4.5ft,0.05s
4.24.2026 20:08:07,T0,T1,4.5ft,0.05s
4.24.2026 20:08:07,T0,T1,4.5ft,0.05s
4.24.2026 20:08:07,T0,T1,4.5ft,0.05s
4.24.2026 20:08:07,T0,T1,4.5ft,0.05s
4.24.2026 20:08:07,T0,T1,4.5ft,0.05s
4.24.2026 20:08:07,T0,T1,4.5ft,0.05s
4.24.2026 20:08:07,T0,T1,4.5ft,0.05s
4.24.2026 20:08:07,T0,T1,4.7ft,0.05s
4.24.2026 20:08:07,T0,T1,4.6ft,0.05s
4.24.2026 20:08:07,T0,T1,4.6ft,0.05s
4.24.2026 20:08:07,T0,T1,4.5ft,0.05s
4.24.2026 20:08:08,T0,T1,4.5ft,0.05s
4.24.2026 20:08:08,T0,T1,4.5ft,0.05s
4.24.2026 20:08:08,T0,T1,4.5ft,0.05s
4.24.2026 20:08:08,T0,T1,4.5ft,0.05s
4.24.2026 20:08:08,T0,T1,4.5ft,0.05s
4.24.2026 20:08:08,T0,T1,4.5ft,0.05s
4.24.2026 20:08:08,T0,T1,4.5ft,0.05s
4.24.2026 20:08:08,T0,T1,4.5ft,0.05s
4.24.2026 20:08:08,T0,T1,4.5ft,0.05s
4.24.2026 20:08:08,T0,T1,4.5ft,0.05s
4.24.2026 20:08:08,T0,T1,4.5ft,0.05s
4.24.2026 20:08:08,T0,T1,4.5ft,0.05s
4.24.2026 20:08:08,T0,T1,4.5ft,0.05s
4.24.2026 20:08:08,T0,T1,4.5ft,0.05s
4.24.2026 20:08:08,T0,T1,4.5ft,0.05s
4.24.2026 20:08:08,T0,T1,4.5ft,0.05s
4.24.2026 20:08:08,T0,T1,4.5ft,0.05s
4.24.2026 20:08:08,T0,T1,4.5ft,0.05s
4.24.2026 20:08:08,T0,T1,4.5ft,0.05s
4.24.2026 20:08:09,T0,T1,4.5ft,0.05s
4.24.2026 20:08:09,T0,T1,4.5ft,0.05s
4.24.2026 20:08:09,T0,T1,4.6ft,0.05s
4.24.2026 20:08:09,T0,T1,4.6ft,0.05s
4.24.2026 20:08:09,T0,T1,4.6ft,0.05s
4.24.2026 20:08:09,T0,T1,4.6ft,0.05s
4.24.2026 20:08:09,T0,T1,4.6ft,0.05s
4.24.2026 20:08:09,T0,T1,4.6ft,0.05s
4.24.2026 20:08:09,T0,T1,4.6ft,0.05s
4.24.2026 20:08:09,T0,T1,4.6ft,0.05s
4.24.2026 20:08:09,T0,T1,4.6ft,0.05s
4.24.2026 20:08:09,T0,T1,4.5ft,0.05s
4.24.2026 20:08:09,T0,T1,4.5ft,0.05s
4.24.2026 20:08:09,T0,T1,4.5ft,0.05s
4.24.2026 20:08:09,T0,T1,4.6ft,0.05s
4.24.2026 20:08:09,T0,T1,4.9ft,0.05s
4.24.2026 20:08:09,T0,T1,5.1ft,0.05s
4.24.2026 20:08:09,T0,T1,5.4ft,0.05s
4.24.2026 20:08:09,T0,T1,5.7ft,0.05s
4.24.2026 20:08:09,T0,T1,6.0ft,0.05s
4.24.2026 20:08:10,T0,T1,5.6ft,0.05s
4.24.2026 20:08:10,T0,T1,5.3ft,0.05s
4.24.2026 20:08:10,T0,T1,5.5ft,0.05s
4.24.2026 20:08:10,T0,T1,5.8ft,0.05s
4.24.2026 20:08:10,T0,T1,5.5ft,0.05s
4.24.2026 20:08:10,T0,T1,5.2ft,0.05s
4.24.2026 20:08:10,T0,T1,5.0ft,0.05s
4.24.2026 20:08:10,T0,T1,4.8ft,0.05s
4.24.2026 20:08:10,T0,T1,5.1ft,0.05s
4.24.2026 20:08:10,T0,T1,5.4ft,0.05s
4.24.2026 20:08:10,T0,T1,5.7ft,0.05s
4.24.2026 20:08:10,T0,T1,5.3ft,0.05s
4.24.2026 20:08:10,T0,T1,5.1ft,0.05s
4.24.2026 20:08:10,T0,T1,4.9ft,0.05s
4.24.2026 20:08:10,T0,T1,4.8ft,0.05s
4.24.2026 20:08:10,T0,T1,4.7ft,0.05s
4.24.2026 20:08:10,T0,T1,4.6ft,0.05s
4.24.2026 20:08:10,T0,T1,4.6ft,0.05s
4.24.2026 20:08:10,T0,T1,4.6ft,0.05s
4.24.2026 20:08:11,T0,T1,4.5ft,0.05s
4.24.2026 20:08:11,T0,T1,4.5ft,0.05s
4.24.2026 20:08:11,T0,T1,4.5ft,0.05s
4.24.2026 20:08:11,T0,T1,4.5ft,0.05s
4.24.2026 20:08:11,T0,T1,4.5ft,0.05s
4.24.2026 20:08:11,T0,T1,4.5ft,0.05s
4.24.2026 20:08:11,T0,T1,4.5ft,0.05s
4.24.2026 20:08:11,T0,T1,4.5ft,0.05s
4.24.2026 20:08:11,T0,T1,4.5ft,0.05s
4.24.2026 20:08:11,T0,T1,4.5ft,0.05s
4.24.2026 20:08:11,T0,T1,4.5ft,0.05s
4.24.2026 20:08:11,T0,T1,4.6ft,0.05s
4.24.2026 20:08:11,T0,T1,4.7ft,0.05s
4.24.2026 20:08:11,T0,T1,5.0ft,0.05s
4.24.2026 20:08:11,T0,T1,4.8ft,0.05s
4.24.2026 20:08:11,T0,T1,4.7ft,0.05s
4.24.2026 20:08:11,T0,T1,4.7ft,0.05s
4.24.2026 20:08:11,T0,T1,4.6ft,0.05s
4.24.2026 20:08:11,T0,T1,4.6ft,0.05s
4.24.2026 20:08:11,T0,T1,4.8ft,0.05s
4.24.2026 20:08:12,T0,T1,5.0ft,0.05s
4.24.2026 20:08:12,T0,T1,4.9ft,0.05s
4.24.2026 20:08:12,T0,T1,4.8ft,0.05s
4.24.2026 20:08:12,T0,T1,4.7ft,0.05s
4.24.2026 20:08:12,T0,T1,4.6ft,0.05s
4.24.2026 20:08:12,T0,T1,4.6ft,0.05s
4.24.2026 20:08:12,T0,T1,4.6ft,0.05s
4.24.2026 20:08:12,T0,T1,4.5ft,0.05s
4.24.2026 20:08:12,T0,T1,4.5ft,0.05s
4.24.2026 20:08:12,T0,T1,4.5ft,0.05s
4.24.2026 20:08:12,T0,T1,4.5ft,0.05s
4.24.2026 20:08:12,T0,T1,4.5ft,0.05s
4.24.2026 20:08:12,T0,T1,4.5ft,0.06s
4.24.2026 20:08:12,T0,T1,4.5ft,0.05s
4.24.2026 20:08:12,T0,T1,4.5ft,0.05s
4.24.2026 20:08:12,T0,T1,4.5ft,0.05s
4.24.2026 20:08:12,T0,T1,4.5ft,0.05s
4.24.2026 20:08:12,T0,T1,4.5ft,0.05s
4.24.2026 20:08:12,T0,T1,4.5ft,0.05s
4.24.2026 20:08:12,T0,T1,4.6ft,0.05s
4.24.2026 20:08:13,T0,T1,4.8ft,0.05s
4.24.2026 20:08:13,T0,T1,5.0ft,0.05s
4.24.2026 20:08:13,T0,T1,5.3ft,0.05s
4.24.2026 20:08:13,T0,T1,5.6ft,0.05s
4.24.2026 20:08:13,T0,T1,5.9ft,0.05s
4.24.2026 20:08:13,T0,T1,5.5ft,0.05s
4.24.2026 20:08:13,T0,T1,5.2ft,0.05s
4.24.2026 20:08:13,T0,T1,5.0ft,0.05s
4.24.2026 20:08:13,T0,T1,4.8ft,0.05s
4.24.2026 20:08:13,T0,T1,4.7ft,0.05s
4.24.2026 20:08:13,T0,T1,4.6ft,0.05s
4.24.2026 20:08:13,T0,T1,4.6ft,0.05s
4.24.2026 20:08:13,T0,T1,4.6ft,0.05s
4.24.2026 20:08:13,T0,T1,4.5ft,0.05s
4.24.2026 20:08:13,T0,T1,4.5ft,0.05s
4.24.2026 20:08:13,T0,T1,4.5ft,0.05s
4.24.2026 20:08:13,T0,T1,4.5ft,0.05s
4.24.2026 20:08:13,T0,T1,4.5ft,0.06s
4.24.2026 20:08:13,T0,T1,4.5ft,0.05s
4.24.2026 20:08:14,T0,T1,4.6ft,0.05s
4.24.2026 20:08:14,T0,T1,4.6ft,0.05s
4.24.2026 20:08:14,T0,T1,4.5ft,0.05s
4.24.2026 20:08:14,T0,T1,4.5ft,0.05s
4.24.2026 20:08:14,T0,T1,4.5ft,0.05s
4.24.2026 20:08:14,T0,T1,4.5ft,0.05s
4.24.2026 20:08:14,T0,T1,4.5ft,0.05s
4.24.2026 20:08:14,T0,T1,4.5ft,0.05s
4.24.2026 20:08:14,T0,T1,4.5ft,0.05s
4.24.2026 20:08:14,T0,T1,4.5ft,0.05s
4.24.2026 20:08:14,T0,T1,4.5ft,0.05s
4.24.2026 20:08:14,T0,T1,4.5ft,0.05s
4.24.2026 20:08:14,T0,T1,4.5ft,0.06s
4.24.2026 20:08:14,T0,T1,4.6ft,0.05s
4.24.2026 20:08:14,T0,T1,4.6ft,0.05s
4.24.2026 20:08:14,T0,T1,4.6ft,0.05s
4.24.2026 20:08:14,T0,T1,4.6ft,0.05s
4.24.2026 20:08:14,T0,T1,4.6ft,0.05s
4.24.2026 20:08:14,T0,T1,4.6ft,0.05s
4.24.2026 20:08:14,T0,T1,4.6ft,0.05s
4.24.2026 20:08:15,T0,T1,4.5ft,0.05s
4.24.2026 20:08:15,T0,T1,4.7ft,0.05s
4.24.2026 20:08:15,T0,T1,4.6ft,0.05s
4.24.2026 20:08:15,T0,T1,4.6ft,0.05s
4.24.2026 20:08:15,T0,T1,4.6ft,0.05s
4.24.2026 20:08:15,T0,T1,4.5ft,0.05s
4.24.2026 20:08:15,T0,T1,4.5ft,0.05s
4.24.2026 20:08:15,T0,T1,4.5ft,0.05s
4.24.2026 20:08:15,T0,T1,4.6ft,0.05s
4.24.2026 20:08:15,T0,T1,4.6ft,0.05s
4.24.2026 20:08:15,T0,T1,4.6ft,0.05s
4.24.2026 20:08:15,T0,T1,4.6ft,0.05s
4.24.2026 20:08:15,T0,T1,4.5ft,0.05s
4.24.2026 20:08:15,T0,T1,4.5ft,0.05s
4.24.2026 20:08:15,T0,T1,4.5ft,0.05s
4.24.2026 20:08:15,T0,T1,4.5ft,0.05s
4.24.2026 20:08:15,T0,T1,4.5ft,0.05s
4.24.2026 20:08:15,T0,T1,4.5ft,0.06s
4.24.2026 20:08:15,T0,T1,4.5ft,0.05s
4.24.2026 20:08:16,T0,T1,4.5ft,0.05s
4.24.2026 20:08:16,T0,T1,4.5ft,0.05s
4.24.2026 20:08:16,T0,T1,4.5ft,0.05s
4.24.2026 20:08:16,T0,T1,4.5ft,0.05s
4.24.2026 20:08:16,T0,T1,4.5ft,0.05s
4.24.2026 20:08:16,T0,T1,4.5ft,0.05s
4.24.2026 20:08:16,T0,T1,4.5ft,0.05s
4.24.2026 20:08:16,T0,T1,4.5ft,0.05s
4.24.2026 20:08:16,T0,T1,4.5ft,0.05s
4.24.2026 20:08:16,T0,T1,4.5ft,0.05s
4.24.2026 20:08:16,T0,T1,4.5ft,0.05s
4.24.2026 20:08:16,T0,T1,4.5ft,0.05s
4.24.2026 20:08:16,T0,T1,4.5ft,0.05s
4.24.2026 20:08:16,T0,T1,4.5ft,0.05s
4.24.2026 20:08:16,T0,T1,4.5ft,0.05s
4.24.2026 20:08:16,T0,T1,4.5ft,0.05s
4.24.2026 20:08:16,T0,T1,4.7ft,0.05s
4.24.2026 20:08:16,T0,T1,5.0ft,0.05s
4.24.2026 20:08:16,T0,T1,4.8ft,0.06s
4.24.2026 20:08:16,T0,T1,4.7ft,0.05s
4.24.2026 20:08:17,T0,T1,4.6ft,0.05s
4.24.2026 20:08:17,T0,T1,4.6ft,0.05s
4.24.2026 20:08:17,T0,T1,4.5ft,0.05s
4.24.2026 20:08:17,T0,T1,4.5ft,0.05s
4.24.2026 20:08:17,T0,T1,4.7ft,0.05s
4.24.2026 20:08:17,T0,T1,4.9ft,0.05s
4.24.2026 20:08:17,T0,T1,5.2ft,0.05s
4.24.2026 20:08:17,T0,T1,5.5ft,0.05s
4.24.2026 20:08:17,T0,T1,5.8ft,0.05s
4.24.2026 20:08:17,T0,T1,5.4ft,0.05s
4.24.2026 20:08:17,T0,T1,5.2ft,0.05s
4.24.2026 20:08:17,T0,T1,5.0ft,0.05s
4.24.2026 20:08:17,T0,T1,4.8ft,0.05s
4.24.2026 20:08:17,T0,T1,4.7ft,0.05s
4.24.2026 20:08:17,T0,T1,5.0ft,0.05s
4.24.2026 20:08:17,T0,T1,5.3ft,0.05s
4.24.2026 20:08:17,T0,T1,5.0ft,0.05s
4.24.2026 20:08:17,T0,T1,4.9ft,0.05s
4.24.2026 20:08:17,T0,T1,4.8ft,0.05s
4.24.2026 20:08:18,T0,T1,4.7ft,0.05s
4.24.2026 20:08:18,T0,T1,4.6ft,0.05s
4.24.2026 20:08:18,T0,T1,4.6ft,0.05s
4.24.2026 20:08:18,T0,T1,4.6ft,0.05s
4.24.2026 20:08:18,T0,T1,4.7ft,0.05s
4.24.2026 20:08:18,T0,T1,5.0ft,0.05s
4.24.2026 20:08:18,T0,T1,5.3ft,0.05s
4.24.2026 20:08:18,T0,T1,5.0ft,0.05s
4.24.2026 20:08:18,T0,T1,4.9ft,0.05s
4.24.2026 20:08:18,T0,T1,4.8ft,0.05s
4.24.2026 20:08:18,T0,T1,4.7ft,0.05s
4.24.2026 20:08:18,T0,T1,4.9ft,0.05s
4.24.2026 20:08:18,T0,T1,5.2ft,0.05s
4.24.2026 20:08:18,T0,T1,5.0ft,0.05s
4.24.2026 20:08:18,T0,T1,4.8ft,0.05s
4.24.2026 20:08:18,T0,T1,4.7ft,0.05s
4.24.2026 20:08:18,T0,T1,4.7ft,0.05s
4.24.2026 20:08:18,T0,T1,4.6ft,0.05s
4.24.2026 20:08:18,T0,T1,4.6ft,0.05s
4.24.2026 20:08:18,T0,T1,4.5ft,0.05s
4.24.2026 20:08:19,T0,T1,4.5ft,0.05s
4.24.2026 20:08:19,T0,T1,4.5ft,0.05s
4.24.2026 20:08:19,T0,T1,4.5ft,0.05s
4.24.2026 20:08:19,T0,T1,4.5ft,0.06s
4.24.2026 20:08:19,T0,T1,4.5ft,0.05s
4.24.2026 20:08:19,T0,T1,4.5ft,0.05s
4.24.2026 20:08:19,T0,T1,4.5ft,0.05s
4.24.2026 20:08:19,T0,T1,4.5ft,0.05s
4.24.2026 20:08:19,T0,T1,4.5ft,0.05s
4.24.2026 20:08:19,T0,T1,4.5ft,0.05s
4.24.2026 20:08:19,T0,T1,4.5ft,0.05s
4.24.2026 20:08:19,T0,T1,4.5ft,0.05s
4.24.2026 20:08:19,T0,T1,4.5ft,0.05s
4.24.2026 20:08:19,T0,T1,4.5ft,0.05s
4.24.2026 20:08:19,T0,T1,4.5ft,0.05s
4.24.2026 20:08:19,T0,T1,4.5ft,0.05s
4.24.2026 20:08:19,T0,T1,4.5ft,0.05s
4.24.2026 20:08:19,T0,T1,4.5ft,0.05s
4.24.2026 20:08:19,T0,T1,4.5ft,0.05s
4.24.2026 20:08:20,T0,T1,4.5ft,0.05s
4.24.2026 20:08:20,T0,T1,4.5ft,0.05s
4.24.2026 20:08:20,T0,T1,4.5ft,0.05s
4.24.2026 20:08:20,T0,T1,4.5ft,0.05s
4.24.2026 20:08:20,T0,T1,4.5ft,0.05s
4.24.2026 20:08:20,T0,T1,4.5ft,0.05s
4.24.2026 20:08:20,T0,T1,4.5ft,0.05s
4.24.2026 20:08:20,T0,T1,4.5ft,0.05s
4.24.2026 20:08:20,T0,T1,4.5ft,0.05s
4.24.2026 20:08:20,T0,T1,4.5ft,0.05s
4.24.2026 20:08:20,T0,T1,4.5ft,0.05s
4.24.2026 20:08:20,T0,T1,4.7ft,0.05s
4.24.2026 20:08:20,T0,T1,5.0ft,0.05s
4.24.2026 20:08:20,T0,T1,4.8ft,0.05s
4.24.2026 20:08:20,T0,T1,4.7ft,0.05s
4.24.2026 20:08:20,T0,T1,4.6ft,0.05s
4.24.2026 20:08:20,T0,T1,4.6ft,0.05s
4.24.2026 20:08:20,T0,T1,4.8ft,0.05s
4.24.2026 20:08:20,T0,T1,5.1ft,0.05s
4.24.2026 20:08:20,T0,T1,5.4ft,0.05s
4.24.2026 20:08:21,T0,T1,5.1ft,0.05s
4.24.2026 20:08:21,T0,T1,4.9ft,0.05s
4.24.2026 20:08:21,T0,T1,4.8ft,0.05s
4.24.2026 20:08:21,T0,T1,4.7ft,0.05s
4.24.2026 20:08:21,T0,T1,4.6ft,0.05s
4.24.2026 20:08:21,T0,T1,4.6ft,0.05s
4.24.2026 20:08:21,T0,T1,4.5ft,0.05s
4.24.2026 20:08:21,T0,T1,4.5ft,0.05s
4.24.2026 20:08:21,T0,T1,4.5ft,0.05s
4.24.2026 20:08:21,T0,T1,4.5ft,0.05s
4.24.2026 20:08:21,T0,T1,4.5ft,0.05s
4.24.2026 20:08:21,T0,T1,4.5ft,0.05s
4.24.2026 20:08:21,T0,T1,4.5ft,0.05s
4.24.2026 20:08:21,T0,T1,4.5ft,0.05s
4.24.2026 20:08:21,T0,T1,4.5ft,0.05s
4.24.2026 20:08:21,T0,T1,4.5ft,0.05s
4.24.2026 20:08:21,T0,T1,4.5ft,0.05s
4.24.2026 20:08:21,T0,T1,4.5ft,0.05s
4.24.2026 20:08:21,T0,T1,4.5ft,0.05s
4.24.2026 20:08:22,T0,T1,4.5ft,0.05s
4.24.2026 20:08:22,T0,T1,4.5ft,0.05s
4.24.2026 20:08:22,T0,T1,4.6ft,0.05s
4.24.2026 20:08:22,T0,T1,4.7ft,0.05s
4.24.2026 20:08:22,T0,T1,5.0ft,0.05s
4.24.2026 20:08:22,T0,T1,4.8ft,0.05s
4.24.2026 20:08:22,T0,T1,4.7ft,0.05s
4.24.2026 20:08:22,T0,T1,4.7ft,0.05s
4.24.2026 20:08:22,T0,T1,4.6ft,0.05s
4.24.2026 20:08:22,T0,T1,4.8ft,0.06s
4.24.2026 20:08:22,T0,T1,5.1ft,0.05s
4.24.2026 20:08:22,T0,T1,5.4ft,0.05s
4.24.2026 20:08:22,T0,T1,5.7ft,0.05s
4.24.2026 20:08:22,T0,T1,5.9ft,0.05s
4.24.2026 20:08:22,T0,T1,5.5ft,0.05s
4.24.2026 20:08:22,T0,T1,5.2ft,0.05s
4.24.2026 20:08:22,T0,T1,5.0ft,0.05s
4.24.2026 20:08:22,T0,T1,4.8ft,0.05s
4.24.2026 20:08:22,T0,T1,4.7ft,0.05s
4.24.2026 20:08:22,T0,T1,4.6ft,0.05s
4.24.2026 20:08:23,T0,T1,4.6ft,0.05s
4.24.2026 20:08:23,T0,T1,4.6ft,0.05s
4.24.2026 20:08:23,T0,T1,4.5ft,0.05s
4.24.2026 20:08:23,T0,T1,4.5ft,0.05s
4.24.2026 20:08:23,T0,T1,4.5ft,0.05s
4.24.2026 20:08:23,T0,T1,4.5ft,0.05s
4.24.2026 20:08:23,T0,T1,4.5ft,0.05s
4.24.2026 20:08:23,T0,T1,4.5ft,0.05s
4.24.2026 20:08:23,T0,T1,4.5ft,0.05s
4.24.2026 20:08:23,T0,T1,4.5ft,0.05s
4.24.2026 20:08:23,T0,T1,4.5ft,0.05s
4.24.2026 20:08:23,T0,T1,4.5ft,0.05s
4.24.2026 20:08:23,T0,T1,4.5ft,0.05s
4.24.2026 20:08:23,T0,T1,4.5ft,0.05s
4.24.2026 20:08:23,T0,T1,4.5ft,0.05s
4.24.2026 20:08:23,T0,T1,4.5ft,0.05s
4.24.2026 20:08:23,T0,T1,4.5ft,0.05s
4.24.2026 20:08:23,T0,T1,4.7ft,0.05s
4.24.2026 20:08:23,T0,T1,4.6ft,0.05s
4.24.2026 20:08:24,T0,T1,4.6ft,0.05s
4.24.2026 20:08:24,T0,T1,4.6ft,0.05s
4.24.2026 20:08:24,T0,T1,4.5ft,0.05s
4.24.2026 20:08:24,T0,T1,4.5ft,0.05s
4.24.2026 20:08:24,T0,T1,4.5ft,0.05s
4.24.2026 20:08:24,T0,T1,4.5ft,0.05s
4.24.2026 20:08:24,T0,T1,4.5ft,0.06s
4.24.2026 20:08:24,T0,T1,4.5ft,0.05s
4.24.2026 20:08:24,T0,T1,4.5ft,0.05s
4.24.2026 20:08:24,T0,T1,4.5ft,0.05s
4.24.2026 20:08:24,T0,T1,4.5ft,0.05s
4.24.2026 20:08:24,T0,T1,4.5ft,0.05s
4.24.2026 20:08:24,T0,T1,4.5ft,0.05s
4.24.2026 20:08:24,T0,T1,4.5ft,0.05s
4.24.2026 20:08:24,T0,T1,4.5ft,0.05s
4.24.2026 20:08:24,T0,T1,4.5ft,0.05s
4.24.2026 20:08:24,T0,T1,4.5ft,0.05s
4.24.2026 20:08:24,T0,T1,4.5ft,0.06s
4.24.2026 20:08:24,T0,T1,4.5ft,0.05s
4.24.2026 20:08:24,T0,T1,4.5ft,0.05s
4.24.2026 20:08:25,T0,T1,4.5ft,0.06s
4.24.2026 20:08:25,T0,T1,4.5ft,0.05s
4.24.2026 20:08:25,T0,T1,4.5ft,0.05s
4.24.2026 20:08:25,T0,T1,4.5ft,0.05s
4.24.2026 20:08:25,T0,T1,4.5ft,0.05s
4.24.2026 20:08:25,T0,T1,4.5ft,0.05s
4.24.2026 20:08:25,T0,T1,4.5ft,0.05s
4.24.2026 20:08:25,T0,T1,4.5ft,0.05s
4.24.2026 20:08:25,T0,T1,4.5ft,0.05s
4.24.2026 20:08:25,T0,T1,4.5ft,0.05s
4.24.2026 20:08:25,T0,T1,4.5ft,0.05s
4.24.2026 20:08:25,T0,T1,4.5ft,0.05s
4.24.2026 20:08:25,T0,T1,4.5ft,0.05s
4.24.2026 20:08:25,T0,T1,4.5ft,0.05s
4.24.2026 20:08:25,T0,T1,4.5ft,0.05s
4.24.2026 20:08:25,T0,T1,4.5ft,0.05s
4.24.2026 20:08:25,T0,T1,4.5ft,0.05s
4.24.2026 20:08:25,T0,T1,4.5ft,0.05s
4.24.2026 20:08:25,T0,T1,4.5ft,0.05s
4.24.2026 20:08:26,T0,T1,4.5ft,0.05s
4.24.2026 20:08:26,T0,T1,4.5ft,0.05s
4.24.2026 20:08:26,T0,T1,4.5ft,0.05s
4.24.2026 20:08:26,T0,T1,4.5ft,0.05s
4.24.2026 20:08:26,T0,T1,4.5ft,0.05s
4.24.2026 20:08:26,T0,T1,4.5ft,0.05s
4.24.2026 20:08:26,T0,T1,4.5ft,0.05s
4.24.2026 20:08:26,T0,T1,4.5ft,0.05s
4.24.2026 20:08:26,T0,T1,4.5ft,0.05s
4.24.2026 20:08:26,T0,T1,4.5ft,0.05s
4.24.2026 20:08:26,T0,T1,4.5ft,0.05s
4.24.2026 20:08:26,T0,T1,4.5ft,0.05s
4.24.2026 20:08:26,T0,T1,4.5ft,0.05s
4.24.2026 20:08:26,T0,T1,4.6ft,0.05s
4.24.2026 20:08:26,T0,T1,4.8ft,0.05s
4.24.2026 20:08:26,T0,T1,4.7ft,0.05s
4.24.2026 20:08:26,T0,T1,4.6ft,0.05s
4.24.2026 20:08:26,T0,T1,4.6ft,0.05s
4.24.2026 20:08:26,T0,T1,4.5ft,0.05s
4.24.2026 20:08:26,T0,T1,4.5ft,0.05s
4.24.2026 20:08:27,T0,T1,4.5ft,0.05s
4.24.2026 20:08:27,T0,T1,4.5ft,0.05s
4.24.2026 20:08:27,T0,T1,4.5ft,0.05s
4.24.2026 20:08:27,T0,T1,4.5ft,0.05s
4.24.2026 20:08:27,T0,T1,4.5ft,0.05s
4.24.2026 20:08:27,T0,T1,4.5ft,0.05s
4.24.2026 20:08:27,T0,T1,4.5ft,0.05s
4.24.2026 20:08:27,T0,T1,4.5ft,0.05s
4.24.2026 20:08:27,T0,T1,4.5ft,0.06s
4.24.2026 20:08:27,T0,T1,4.5ft,0.05s
4.24.2026 20:08:27,T0,T1,4.5ft,0.05s
4.24.2026 20:08:27,T0,T1,4.6ft,0.05s
4.24.2026 20:08:27,T0,T1,4.8ft,0.05s
4.24.2026 20:08:27,T0,T1,4.7ft,0.05s
4.24.2026 20:08:27,T0,T1,4.6ft,0.05s
4.24.2026 20:08:27,T0,T1,4.6ft,0.05s
4.24.2026 20:08:27,T0,T1,4.6ft,0.05s
4.24.2026 20:08:27,T0,T1,4.5ft,0.05s
4.24.2026 20:08:27,T0,T1,4.5ft,0.05s
4.24.2026 20:08:27,T0,T1,4.5ft,0.05s
4.24.2026 20:08:28,T0,T1,4.5ft,0.05s
4.24.2026 20:08:28,T0,T1,4.5ft,0.05s
4.24.2026 20:08:28,T0,T1,4.5ft,0.05s
4.24.2026 20:08:28,T0,T1,4.5ft,0.05s
4.24.2026 20:08:28,T0,T1,4.5ft,0.05s
4.24.2026 20:08:28,T0,T1,4.5ft,0.05s
4.24.2026 20:08:28,T0,T1,4.5ft,0.05s
4.24.2026 20:08:28,T0,T1,4.5ft,0.05s
4.24.2026 20:08:28,T0,T1,4.5ft,0.05s
4.24.2026 20:08:28,T0,T1,4.5ft,0.05s
4.24.2026 20:08:28,T0,T1,4.5ft,0.06s
4.24.2026 20:08:28,T0,T1,4.5ft,0.05s
4.24.2026 20:08:28,T0,T1,4.5ft,0.05s
4.24.2026 20:08:28,T0,T1,4.5ft,0.05s
4.24.2026 20:08:28,T0,T1,4.5ft,0.05s
4.24.2026 20:08:28,T0,T1,4.5ft,0.05s
4.24.2026 20:08:28,T0,T1,4.5ft,0.05s
4.24.2026 20:08:28,T0,T1,4.5ft,0.05s
4.24.2026 20:08:28,T0,T1,4.5ft,0.05s
4.24.2026 20:08:29,T0,T1,4.6ft,0.05s
4.24.2026 20:08:29,T0,T1,4.5ft,0.05s
4.24.2026 20:08:29,T0,T1,4.5ft,0.05s
4.24.2026 20:08:29,T0,T1,4.6ft,0.05s
4.24.2026 20:08:29,T0,T1,4.5ft,0.05s
4.24.2026 20:08:29,T0,T1,4.6ft,0.06s
4.24.2026 20:08:29,T0,T1,4.6ft,0.05s
4.24.2026 20:08:29,T0,T1,4.5ft,0.05s
4.24.2026 20:08:29,T0,T1,4.6ft,0.05s
4.24.2026 20:08:29,T0,T1,4.6ft,0.05s
4.24.2026 20:08:29,T0,T1,4.5ft,0.05s
4.24.2026 20:08:29,T0,T1,4.5ft,0.05s
4.24.2026 20:08:29,T0,T1,4.5ft,0.05s
4.24.2026 20:08:29,T0,T1,4.5ft,0.05s
4.24.2026 20:08:29,T0,T1,4.5ft,0.05s
4.24.2026 20:08:29,T0,T1,4.5ft,0.05s
4.24.2026 20:08:29,T0,T1,4.5ft,0.06s
4.24.2026 20:08:29,T0,T1,4.5ft,0.05s
4.24.2026 20:08:29,T0,T1,4.5ft,0.05s
4.24.2026 20:08:29,T0,T1,4.5ft,0.05s
4.24.2026 20:08:30,T0,T1,4.5ft,0.05s
4.24.2026 20:08:30,T0,T1,4.5ft,0.05s
4.24.2026 20:08:30,T0,T1,4.5ft,0.05s
4.24.2026 20:08:30,T0,T1,4.5ft,0.05s
4.24.2026 20:08:30,T0,T1,4.5ft,0.05s
4.24.2026 20:08:30,T0,T1,4.5ft,0.05s
4.24.2026 20:08:30,T0,T1,4.5ft,0.05s
4.24.2026 20:08:30,T0,T1,4.5ft,0.05s
4.24.2026 20:08:30,T0,T1,4.5ft,0.05s
4.24.2026 20:08:30,T0,T1,4.5ft,0.05s
4.24.2026 20:08:30,T0,T1,4.5ft,0.05s
4.24.2026 20:08:30,T0,T1,4.5ft,0.05s
4.24.2026 20:08:30,T0,T1,4.7ft,0.05s
4.24.2026 20:08:30,T0,T1,5.0ft,0.05s
4.24.2026 20:08:30,T0,T1,5.3ft,0.05s
4.24.2026 20:08:30,T0,T1,5.5ft,0.05s
4.24.2026 20:08:30,T0,T1,5.8ft,0.05s
4.24.2026 20:08:30,T0,T1,5.4ft,0.05s
4.24.2026 20:08:30,T0,T1,5.7ft,0.05s
4.24.2026 20:08:31,T0,T1,6.0ft,0.05s
4.24.2026 20:08:31,T0,T1,6.2ft,0.05s
4.24.2026 20:08:31,T0,T1,5.7ft,0.05s
4.24.2026 20:08:31,T0,T1,5.4ft,0.05s
4.24.2026 20:08:31,T0,T1,5.1ft,0.05s
4.24.2026 20:08:31,T0,T1,4.9ft,0.05s
4.24.2026 20:08:31,T0,T1,4.8ft,0.05s
4.24.2026 20:08:31,T0,T1,4.7ft,0.05s
4.24.2026 20:08:31,T0,T1,4.6ft,0.05s
4.24.2026 20:08:31,T0,T1,4.5ft,0.05s
4.24.2026 20:08:31,T0,T1,4.5ft,0.05s
4.24.2026 20:08:31,T0,T1,4.5ft,0.05s
4.24.2026 20:08:31,T0,T1,4.7ft,0.05s
4.24.2026 20:08:31,T0,T1,5.0ft,0.05s
4.24.2026 20:08:31,T0,T1,4.8ft,0.05s
4.24.2026 20:08:31,T0,T1,4.7ft,0.05s
4.24.2026 20:08:31,T0,T1,4.7ft,0.05s
4.24.2026 20:08:31,T0,T1,4.6ft,0.05s
4.24.2026 20:08:31,T0,T1,4.6ft,0.05s
4.24.2026 20:08:31,T0,T1,4.8ft,0.05s
4.24.2026 20:08:32,T0,T1,5.0ft,0.05s
4.24.2026 20:08:32,T0,T1,5.3ft,0.05s
4.24.2026 20:08:32,T0,T1,5.6ft,0.05s
4.24.2026 20:08:32,T0,T1,5.3ft,0.05s
4.24.2026 20:08:32,T0,T1,5.1ft,0.05s
4.24.2026 20:08:32,T0,T1,4.9ft,0.05s
4.24.2026 20:08:32,T0,T1,4.8ft,0.05s
4.24.2026 20:08:32,T0,T1,4.7ft,0.06s
4.24.2026 20:08:32,T0,T1,4.6ft,0.05s
4.24.2026 20:08:32,T0,T1,4.6ft,0.05s
4.24.2026 20:08:32,T0,T1,4.6ft,0.05s
4.24.2026 20:08:32,T0,T1,4.6ft,0.05s
4.24.2026 20:08:32,T0,T1,4.5ft,0.05s
4.24.2026 20:08:32,T0,T1,4.5ft,0.05s
4.24.2026 20:08:32,T0,T1,4.5ft,0.05s
4.24.2026 20:08:32,T0,T1,4.5ft,0.05s
4.24.2026 20:08:32,T0,T1,4.5ft,0.05s
4.24.2026 20:08:32,T0,T1,4.5ft,0.05s
4.24.2026 20:08:32,T0,T1,4.6ft,0.05s
4.24.2026 20:08:33,T0,T1,4.8ft,0.05s
4.24.2026 20:08:33,T0,T1,5.1ft,0.05s
4.24.2026 20:08:33,T0,T1,5.4ft,0.05s
4.24.2026 20:08:33,T0,T1,5.1ft,0.05s
4.24.2026 20:08:33,T0,T1,4.9ft,0.05s
4.24.2026 20:08:33,T0,T1,5.2ft,0.05s
4.24.2026 20:08:33,T0,T1,5.0ft,0.05s
4.24.2026 20:08:33,T0,T1,4.8ft,0.05s
4.24.2026 20:08:33,T0,T1,4.7ft,0.05s
4.24.2026 20:08:33,T0,T1,4.7ft,0.05s
4.24.2026 20:08:33,T0,T1,4.6ft,0.05s
4.24.2026 20:08:33,T0,T1,4.6ft,0.05s
4.24.2026 20:08:33,T0,T1,4.5ft,0.05s
4.24.2026 20:08:33,T0,T1,4.5ft,0.05s
4.24.2026 20:08:33,T0,T1,4.5ft,0.05s
4.24.2026 20:08:33,T0,T1,4.5ft,0.05s
4.24.2026 20:08:33,T0,T1,4.5ft,0.05s
4.24.2026 20:08:33,T0,T1,4.6ft,0.05s
4.24.2026 20:08:33,T0,T1,4.8ft,0.05s
4.24.2026 20:08:33,T0,T1,5.1ft,0.05s
4.24.2026 20:08:34,T0,T1,4.9ft,0.05s
4.24.2026 20:08:34,T0,T1,4.8ft,0.05s
4.24.2026 20:08:34,T0,T1,4.7ft,0.05s
4.24.2026 20:08:34,T0,T1,4.6ft,0.05s
4.24.2026 20:08:34,T0,T1,4.6ft,0.05s
4.24.2026 20:08:34,T0,T1,4.5ft,0.05s
4.24.2026 20:08:34,T0,T1,4.5ft,0.05s
4.24.2026 20:08:34,T0,T1,4.7ft,0.05s
4.24.2026 20:08:34,T0,T1,4.9ft,0.05s
4.24.2026 20:08:34,T0,T1,5.2ft,0.05s
4.24.2026 20:08:34,T0,T1,5.0ft,0.05s
4.24.2026 20:08:34,T0,T1,4.8ft,0.05s
4.24.2026 20:08:34,T0,T1,4.7ft,0.05s
4.24.2026 20:08:34,T0,T1,4.6ft,0.05s
4.24.2026 20:08:34,T0,T1,4.6ft,0.05s
4.24.2026 20:08:34,T0,T1,4.5ft,0.05s
4.24.2026 20:08:34,T0,T1,4.5ft,0.05s
4.24.2026 20:08:34,T0,T1,4.5ft,0.05s
4.24.2026 20:08:34,T0,T1,4.5ft,0.05s
4.24.2026 20:08:35,T0,T1,4.5ft,0.05s
4.24.2026 20:08:35,T0,T1,4.5ft,0.05s
4.24.2026 20:08:35,T0,T1,4.6ft,0.05s
4.24.2026 20:08:35,T0,T1,4.8ft,0.05s
4.24.2026 20:08:35,T0,T1,5.1ft,0.05s
4.24.2026 20:08:35,T0,T1,5.4ft,0.05s
4.24.2026 20:08:35,T0,T1,5.1ft,0.05s
4.24.2026 20:08:35,T0,T1,4.9ft,0.05s
4.24.2026 20:08:35,T0,T1,4.8ft,0.05s
4.24.2026 20:08:35,T0,T1,5.1ft,0.05s
4.24.2026 20:08:35,T0,T1,5.4ft,0.05s
4.24.2026 20:08:35,T0,T1,5.7ft,0.05s
4.24.2026 20:08:35,T0,T1,5.3ft,0.05s
4.24.2026 20:08:35,T0,T1,5.6ft,0.05s
4.24.2026 20:08:35,T0,T1,5.9ft,0.05s
4.24.2026 20:08:35,T0,T1,5.5ft,0.05s
4.24.2026 20:08:35,T0,T1,5.8ft,0.05s
4.24.2026 20:08:35,T0,T1,6.0ft,0.05s
4.24.2026 20:08:35,T0,T1,6.2ft,0.05s
4.24.2026 20:08:35,T0,T1,5.8ft,0.05s
4.24.2026 20:08:36,T0,T1,5.4ft,0.05s
4.24.2026 20:08:36,T0,T1,5.1ft,0.05s
4.24.2026 20:08:36,T0,T1,5.0ft,0.05s
4.24.2026 20:08:36,T0,T1,4.8ft,0.05s
4.24.2026 20:08:36,T0,T1,4.7ft,0.05s
4.24.2026 20:08:36,T0,T1,4.6ft,0.05s
4.24.2026 20:08:36,T0,T1,4.6ft,0.05s
4.24.2026 20:08:36,T0,T1,4.8ft,0.05s
4.24.2026 20:08:36,T0,T1,5.1ft,0.05s
4.24.2026 20:08:36,T0,T1,4.9ft,0.05s
4.24.2026 20:08:36,T0,T1,4.8ft,0.05s
4.24.2026 20:08:36,T0,T1,4.7ft,0.05s
4.24.2026 20:08:36,T0,T1,4.6ft,0.05s
4.24.2026 20:08:36,T0,T1,4.6ft,0.05s
4.24.2026 20:08:36,T0,T1,4.5ft,0.05s
4.24.2026 20:08:36,T0,T1,4.5ft,0.05s
4.24.2026 20:08:36,T0,T1,4.5ft,0.05s
4.24.2026 20:08:36,T0,T1,4.5ft,0.05s
4.24.2026 20:08:36,T0,T1,4.5ft,0.05s
4.24.2026 20:08:36,T0,T1,4.5ft,0.05s
4.24.2026 20:08:37,T0,T1,4.5ft,0.05s
4.24.2026 20:08:37,T0,T1,4.6ft,0.05s
4.24.2026 20:08:37,T0,T1,4.8ft,0.05s
4.24.2026 20:08:37,T0,T1,4.7ft,0.05s
4.24.2026 20:08:37,T0,T1,4.6ft,0.05s
4.24.2026 20:08:37,T0,T1,4.6ft,0.05s
4.24.2026 20:08:37,T0,T1,4.6ft,0.05s
4.24.2026 20:08:37,T0,T1,4.5ft,0.05s
4.24.2026 20:08:37,T0,T1,4.7ft,0.05s
4.24.2026 20:08:37,T0,T1,5.0ft,0.05s
4.24.2026 20:08:37,T0,T1,4.8ft,0.05s
4.24.2026 20:08:37,T0,T1,4.7ft,0.05s
4.24.2026 20:08:37,T0,T1,4.7ft,0.05s
4.24.2026 20:08:37,T0,T1,4.6ft,0.05s
4.24.2026 20:08:37,T0,T1,4.6ft,0.05s
4.24.2026 20:08:37,T0,T1,4.6ft,0.05s
4.24.2026 20:08:37,T0,T1,4.5ft,0.05s
4.24.2026 20:08:37,T0,T1,4.5ft,0.05s
4.24.2026 20:08:37,T0,T1,4.5ft,0.05s
4.24.2026 20:08:38,T0,T1,4.5ft,0.05s
4.24.2026 20:08:38,T0,T1,4.5ft,0.05s
4.24.2026 20:08:38,T0,T1,4.5ft,0.05s
4.24.2026 20:08:38,T0,T1,4.6ft,0.05s
4.24.2026 20:08:38,T0,T1,4.8ft,0.05s
4.24.2026 20:08:38,T0,T1,5.1ft,0.05s
4.24.2026 20:08:38,T0,T1,4.9ft,0.05s
4.24.2026 20:08:38,T0,T1,5.2ft,0.05s
4.24.2026 20:08:38,T0,T1,5.5ft,0.05s
4.24.2026 20:08:38,T0,T1,5.2ft,0.05s
4.24.2026 20:08:38,T0,T1,5.0ft,0.05s
4.24.2026 20:08:38,T0,T1,4.8ft,0.05s
4.24.2026 20:08:38,T0,T1,4.7ft,0.05s
4.24.2026 20:08:38,T0,T1,4.6ft,0.05s
4.24.2026 20:08:38,T0,T1,4.6ft,0.05s
4.24.2026 20:08:38,T0,T1,4.6ft,0.05s
4.24.2026 20:08:38,T0,T1,4.5ft,0.05s
4.24.2026 20:08:38,T0,T1,4.5ft,0.05s
4.24.2026 20:08:38,T0,T1,4.5ft,0.05s
4.24.2026 20:08:38,T0,T1,4.5ft,0.05s
4.24.2026 20:08:39,T0,T1,4.5ft,0.05s
4.24.2026 20:08:39,T0,T1,4.5ft,0.05s
4.24.2026 20:08:39,T0,T1,4.5ft,0.05s
4.24.2026 20:08:39,T0,T1,4.5ft,0.05s
4.24.2026 20:08:39,T0,T1,4.5ft,0.05s
4.24.2026 20:08:39,T0,T1,4.5ft,0.05s
4.24.2026 20:08:39,T0,T1,4.5ft,0.05s
4.24.2026 20:08:39,T0,T1,4.5ft,0.05s
4.24.2026 20:08:39,T0,T1,4.5ft,0.05s
4.24.2026 20:08:39,T0,T1,4.5ft,0.05s
4.24.2026 20:08:39,T0,T1,4.5ft,0.05s
4.24.2026 20:08:39,T0,T1,4.5ft,0.05s
4.24.2026 20:08:39,T0,T1,4.5ft,0.05s
4.24.2026 20:08:39,T0,T1,4.5ft,0.05s
4.24.2026 20:08:39,T0,T1,4.5ft,0.06s
4.24.2026 20:08:39,T0,T1,4.5ft,0.05s
4.24.2026 20:08:39,T0,T1,4.5ft,0.05s
4.24.2026 20:08:39,T0,T1,4.5ft,0.05s
4.24.2026 20:08:39,T0,T1,4.5ft,0.05s
4.24.2026 20:08:40,T0,T1,4.5ft,0.05s
4.24.2026 20:08:40,T0,T1,4.5ft,0.05s
4.24.2026 20:08:40,T0,T1,4.5ft,0.05s
4.24.2026 20:08:40,T0,T1,4.5ft,0.05s
4.24.2026 20:08:40,T0,T1,4.5ft,0.05s
4.24.2026 20:08:40,T0,T1,4.5ft,0.05s
4.24.2026 20:08:40,T0,T1,4.5ft,0.05s
4.24.2026 20:08:40,T0,T1,4.6ft,0.05s
4.24.2026 20:08:40,T0,T1,4.6ft,0.05s
4.24.2026 20:08:40,T0,T1,4.6ft,0.05s
4.24.2026 20:08:40,T0,T1,4.6ft,0.05s
4.24.2026 20:08:40,T0,T1,4.6ft,0.05s
4.24.2026 20:08:40,T0,T1,4.6ft,0.05s
4.24.2026 20:08:40,T0,T1,4.6ft,0.05s
4.24.2026 20:08:40,T0,T1,4.6ft,0.05s
4.24.2026 20:08:40,T0,T1,4.6ft,0.05s
4.24.2026 20:08:40,T0,T1,4.6ft,0.05s
4.24.2026 20:08:40,T0,T1,4.6ft,0.05s
4.24.2026 20:08:40,T0,T1,4.6ft,0.05s
4.24.2026 20:08:40,T0,T1,4.5ft,0.05s
4.24.2026 20:08:41,T0,T1,4.5ft,0.05s
4.24.2026 20:08:41,T0,T1,4.5ft,0.05s
4.24.2026 20:08:41,T0,T1,4.5ft,0.05s
4.24.2026 20:08:41,T0,T1,4.5ft,0.05s
4.24.2026 20:08:41,T0,T1,4.5ft,0.05s
4.24.2026 20:08:41,T0,T1,4.5ft,0.05s
4.24.2026 20:08:41,T0,T1,4.5ft,0.05s
4.24.2026 20:08:41,T0,T1,4.6ft,0.05s
4.24.2026 20:08:41,T0,T1,4.9ft,0.05s
4.24.2026 20:08:41,T0,T1,5.1ft,0.05s
4.24.2026 20:08:41,T0,T1,5.4ft,0.05s
4.24.2026 20:08:41,T0,T1,5.7ft,0.05s
4.24.2026 20:08:41,T0,T1,6.0ft,0.05s
4.24.2026 20:08:41,T0,T1,6.2ft,0.05s
4.24.2026 20:08:41,T0,T1,6.4ft,0.05s
4.24.2026 20:08:41,T0,T1,5.9ft,0.05s
4.24.2026 20:08:41,T0,T1,5.5ft,0.05s
4.24.2026 20:08:41,T0,T1,5.2ft,0.05s
4.24.2026 20:08:41,T0,T1,5.5ft,0.05s
4.24.2026 20:08:42,T0,T1,5.7ft,0.05s
4.24.2026 20:08:42,T0,T1,6.0ft,0.05s
4.24.2026 20:08:42,T0,T1,5.6ft,0.05s
4.24.2026 20:08:42,T0,T1,5.3ft,0.05s
4.24.2026 20:08:42,T0,T1,5.0ft,0.05s
4.24.2026 20:08:42,T0,T1,4.9ft,0.05s
4.24.2026 20:08:42,T0,T1,4.7ft,0.05s
4.24.2026 20:08:42,T0,T1,4.7ft,0.05s
4.24.2026 20:08:42,T0,T1,4.6ft,0.05s
4.24.2026 20:08:42,T0,T1,4.6ft,0.05s
4.24.2026 20:08:42,T0,T1,4.5ft,0.05s
4.24.2026 20:08:42,T0,T1,4.5ft,0.05s
4.24.2026 20:08:42,T0,T1,4.5ft,0.05s
4.24.2026 20:08:42,T0,T1,4.5ft,0.05s
4.24.2026 20:08:42,T0,T1,4.5ft,0.05s
4.24.2026 20:08:42,T0,T1,4.5ft,0.05s
4.24.2026 20:08:42,T0,T1,4.5ft,0.05s
4.24.2026 20:08:42,T0,T1,4.5ft,0.05s
4.24.2026 20:08:42,T0,T1,4.5ft,0.05s
4.24.2026 20:08:42,T0,T1,4.6ft,0.05s
4.24.2026 20:08:43,T0,T1,4.5ft,0.05s
4.24.2026 20:08:43,T0,T1,4.5ft,0.05s
4.24.2026 20:08:43,T0,T1,4.5ft,0.05s
4.24.2026 20:08:43,T0,T1,4.5ft,0.05s
4.24.2026 20:08:43,T0,T1,4.5ft,0.05s
4.24.2026 20:08:43,T0,T1,4.5ft,0.05s
4.24.2026 20:08:43,T0,T1,4.5ft,0.05s
4.24.2026 20:08:43,T0,T1,4.5ft,0.05s
4.24.2026 20:08:43,T0,T1,4.5ft,0.05s
4.24.2026 20:08:43,T0,T1,4.5ft,0.05s
4.24.2026 20:08:43,T0,T1,4.5ft,0.05s
4.24.2026 20:08:43,T0,T1,4.5ft,0.06s
4.24.2026 20:08:43,T0,T1,4.5ft,0.05s
4.24.2026 20:08:43,T0,T1,4.5ft,0.05s
4.24.2026 20:08:43,T0,T1,4.5ft,0.05s
4.24.2026 20:08:43,T0,T1,4.5ft,0.05s
4.24.2026 20:08:43,T0,T1,4.5ft,0.05s
4.24.2026 20:08:43,T0,T1,4.5ft,0.05s
4.24.2026 20:08:43,T0,T1,4.5ft,0.05s
4.24.2026 20:08:44,T0,T1,4.5ft,0.05s
4.24.2026 20:08:44,T0,T1,4.6ft,0.05s
4.24.2026 20:08:44,T0,T1,4.6ft,0.05s
4.24.2026 20:08:44,T0,T1,4.6ft,0.05s
4.24.2026 20:08:44,T0,T1,4.6ft,0.05s
4.24.2026 20:08:44,T0,T1,4.6ft,0.05s
4.24.2026 20:08:44,T0,T1,4.6ft,0.05s
4.24.2026 20:08:44,T0,T1,4.6ft,0.05s
4.24.2026 20:08:44,T0,T1,4.6ft,0.05s
4.24.2026 20:08:44,T0,T1,4.6ft,0.05s
4.24.2026 20:08:44,T0,T1,4.6ft,0.05s
4.24.2026 20:08:44,T0,T1,4.6ft,0.05s
4.24.2026 20:08:44,T0,T1,4.6ft,0.05s
4.24.2026 20:08:44,T0,T1,4.6ft,0.05s
4.24.2026 20:08:44,T0,T1,4.6ft,0.05s
4.24.2026 20:08:44,T0,T1,4.6ft,0.05s
4.24.2026 20:08:44,T0,T1,4.6ft,0.05s
4.24.2026 20:08:44,T0,T1,4.6ft,0.05s
4.24.2026 20:08:44,T0,T1,4.6ft,0.05s
4.24.2026 20:08:44,T0,T1,4.6ft,0.05s
4.24.2026 20:08:45,T0,T1,4.6ft,0.05s
4.24.2026 20:08:45,T0,T1,4.6ft,0.05s
4.24.2026 20:08:45,T0,T1,4.6ft,0.05s
4.24.2026 20:08:45,T0,T1,4.6ft,0.05s
4.24.2026 20:08:45,T0,T1,4.6ft,0.05s
4.24.2026 20:08:45,T0,T1,4.6ft,0.05s
4.24.2026 20:08:45,T0,T1,4.6ft,0.05s
4.24.2026 20:08:45,T0,T1,4.5ft,0.05s
4.24.2026 20:08:45,T0,T1,4.5ft,0.05s
4.24.2026 20:08:45,T0,T1,4.5ft,0.05s
4.24.2026 20:08:45,T0,T1,4.5ft,0.05s
4.24.2026 20:08:45,T0,T1,4.5ft,0.05s
4.24.2026 20:08:45,T0,T1,4.5ft,0.05s
4.24.2026 20:08:45,T0,T1,4.5ft,0.05s
4.24.2026 20:08:45,T0,T1,4.5ft,0.05s
4.24.2026 20:08:45,T0,T1,4.5ft,0.05s
4.24.2026 20:08:45,T0,T1,4.5ft,0.05s
4.24.2026 20:08:45,T0,T1,4.5ft,0.05s
4.24.2026 20:08:45,T0,T1,4.5ft,0.05s
4.24.2026 20:08:45,T0,T1,4.5ft,0.05s
4.24.2026 20:08:46,T0,T1,4.5ft,0.05s
4.24.2026 20:08:46,T0,T1,4.5ft,0.05s
4.24.2026 20:08:46,T0,T1,4.5ft,0.05s
4.24.2026 20:08:46,T0,T1,4.5ft,0.05s
4.24.2026 20:08:46,T0,T1,4.5ft,0.05s
4.24.2026 20:08:46,T0,T1,4.5ft,0.05s
4.24.2026 20:08:46,T0,T1,4.5ft,0.05s
4.24.2026 20:08:46,T0,T1,4.5ft,0.05s
4.24.2026 20:08:46,T0,T1,4.5ft,0.05s
4.24.2026 20:08:46,T0,T1,4.5ft,0.05s
4.24.2026 20:08:46,T0,T1,4.6ft,0.05s
4.24.2026 20:08:46,T0,T1,4.6ft,0.05s
4.24.2026 20:08:46,T0,T1,4.6ft,0.05s
4.24.2026 20:08:46,T0,T1,4.7ft,0.05s
4.24.2026 20:08:46,T0,T1,4.7ft,0.05s
4.24.2026 20:08:46,T0,T1,4.6ft,0.05s
4.24.2026 20:08:46,T0,T1,4.6ft,0.05s
4.24.2026 20:08:46,T0,T1,4.6ft,0.05s
4.24.2026 20:08:46,T0,T1,4.6ft,0.05s
4.24.2026 20:08:47,T0,T1,4.5ft,0.05s
4.24.2026 20:08:47,T0,T1,4.5ft,0.05s
4.24.2026 20:08:47,T0,T1,4.5ft,0.05s
4.24.2026 20:08:47,T0,T1,4.5ft,0.05s
4.24.2026 20:08:47,T0,T1,4.5ft,0.05s
4.24.2026 20:08:47,T0,T1,4.5ft,0.06s
4.24.2026 20:08:47,T0,T1,4.5ft,0.05s
4.24.2026 20:08:47,T0,T1,4.5ft,0.05s
4.24.2026 20:08:47,T0,T1,4.5ft,0.05s
4.24.2026 20:08:47,T0,T1,4.5ft,0.05s
4.24.2026 20:08:47,T0,T1,4.5ft,0.05s
4.24.2026 20:08:47,T0,T1,4.5ft,0.05s
4.24.2026 20:08:47,T0,T1,4.5ft,0.05s
4.24.2026 20:08:47,T0,T1,4.5ft,0.05s
4.24.2026 20:08:47,T0,T1,4.5ft,0.05s
4.24.2026 20:08:47,T0,T1,4.7ft,0.05s
4.24.2026 20:08:47,T0,T1,5.0ft,0.05s
4.24.2026 20:08:47,T0,T1,4.8ft,0.05s
4.24.2026 20:08:47,T0,T1,4.7ft,0.05s
4.24.2026 20:08:47,T0,T1,4.6ft,0.05s
4.24.2026 20:08:48,T0,T1,4.6ft,0.05s
4.24.2026 20:08:48,T0,T1,4.5ft,0.05s
4.24.2026 20:08:48,T0,T1,4.5ft,0.05s
4.24.2026 20:08:48,T0,T1,4.7ft,0.05s
4.24.2026 20:08:48,T0,T1,4.9ft,0.05s
4.24.2026 20:08:48,T0,T1,5.2ft,0.05s
4.24.2026 20:08:48,T0,T1,5.5ft,0.05s
4.24.2026 20:08:48,T0,T1,5.7ft,0.05s
4.24.2026 20:08:48,T0,T1,5.4ft,0.05s
4.24.2026 20:08:48,T0,T1,5.1ft,0.05s
4.24.2026 20:08:48,T0,T1,4.9ft,0.06s
4.24.2026 20:08:48,T0,T1,4.8ft,0.05s
4.24.2026 20:08:48,T0,T1,4.6ft,0.05s
4.24.2026 20:08:48,T0,T1,4.6ft,0.05s
4.24.2026 20:08:48,T0,T1,4.5ft,0.05s
4.24.2026 20:08:48,T0,T1,4.5ft,0.05s
4.24.2026 20:08:48,T0,T1,4.5ft,0.05s
4.24.2026 20:08:48,T0,T1,4.5ft,0.05s
4.24.2026 20:08:48,T0,T1,4.5ft,0.05s
4.24.2026 20:08:49,T0,T1,4.5ft,0.05s
4.24.2026 20:08:49,T0,T1,4.5ft,0.05s
4.24.2026 20:08:49,T0,T1,4.5ft,0.06s
4.24.2026 20:08:49,T0,T1,4.6ft,0.05s
4.24.2026 20:08:49,T0,T1,4.8ft,0.05s
4.24.2026 20:08:49,T0,T1,4.7ft,0.05s
4.24.2026 20:08:49,T0,T1,4.6ft,0.05s
4.24.2026 20:08:49,T0,T1,4.6ft,0.05s
4.24.2026 20:08:49,T0,T1,4.6ft,0.05s
4.24.2026 20:08:49,T0,T1,4.5ft,0.05s
4.24.2026 20:08:49,T0,T1,4.5ft,0.05s
4.24.2026 20:08:49,T0,T1,4.5ft,0.05s
4.24.2026 20:08:49,T0,T1,4.5ft,0.05s
4.24.2026 20:08:49,T0,T1,4.5ft,0.05s
4.24.2026 20:08:49,T0,T1,4.6ft,0.05s
4.24.2026 20:08:49,T0,T1,4.8ft,0.05s
4.24.2026 20:08:49,T0,T1,4.7ft,0.06s
4.24.2026 20:08:49,T0,T1,4.6ft,0.05s
4.24.2026 20:08:49,T0,T1,4.6ft,0.05s
4.24.2026 20:08:49,T0,T1,4.6ft,0.05s
4.24.2026 20:08:50,T0,T1,4.5ft,0.05s
4.24.2026 20:08:50,T0,T1,4.5ft,0.05s
4.24.2026 20:08:50,T0,T1,4.5ft,0.05s
4.24.2026 20:08:50,T0,T1,4.5ft,0.05s
4.24.2026 20:08:50,T0,T1,4.5ft,0.05s
4.24.2026 20:08:50,T0,T1,4.5ft,0.05s
4.24.2026 20:08:50,T0,T1,4.5ft,0.05s
4.24.2026 20:08:50,T0,T1,4.5ft,0.05s
4.24.2026 20:08:50,T0,T1,4.5ft,0.05s
4.24.2026 20:08:50,T0,T1,4.5ft,0.05s
4.24.2026 20:08:50,T0,T1,4.5ft,0.05s
4.24.2026 20:08:50,T0,T1,4.5ft,0.05s
4.24.2026 20:08:50,T0,T1,4.5ft,0.05s
4.24.2026 20:08:50,T0,T1,4.5ft,0.05s
4.24.2026 20:08:50,T0,T1,4.5ft,0.05s
4.24.2026 20:08:50,T0,T1,4.5ft,0.05s
4.24.2026 20:08:50,T0,T1,4.5ft,0.05s
4.24.2026 20:08:50,T0,T1,4.5ft,0.05s
4.24.2026 20:08:50,T0,T1,4.5ft,0.05s
4.24.2026 20:08:51,T0,T1,4.5ft,0.05s
4.24.2026 20:08:51,T0,T1,4.5ft,0.05s
4.24.2026 20:08:51,T0,T1,4.5ft,0.05s
4.24.2026 20:08:51,T0,T1,4.5ft,0.05s
4.24.2026 20:08:51,T0,T1,4.5ft,0.05s
4.24.2026 20:08:51,T0,T1,4.5ft,0.05s
4.24.2026 20:08:51,T0,T1,4.5ft,0.05s
4.24.2026 20:08:51,T0,T1,4.5ft,0.05s
4.24.2026 20:08:51,T0,T1,4.5ft,0.05s
4.24.2026 20:08:51,T0,T1,4.5ft,0.05s
4.24.2026 20:08:51,T0,T1,4.6ft,0.05s
4.24.2026 20:08:51,T0,T1,4.8ft,0.05s
4.24.2026 20:08:51,T0,T1,4.7ft,0.05s
4.24.2026 20:08:51,T0,T1,4.6ft,0.05s
4.24.2026 20:08:51,T0,T1,4.6ft,0.05s
4.24.2026 20:08:51,T0,T1,4.6ft,0.05s
4.24.2026 20:08:51,T0,T1,4.5ft,0.05s
4.24.2026 20:08:51,T0,T1,4.5ft,0.05s
4.24.2026 20:08:51,T0,T1,4.5ft,0.05s
4.24.2026 20:08:51,T0,T1,4.5ft,0.05s
4.24.2026 20:08:52,T0,T1,4.6ft,0.05s
4.24.2026 20:08:52,T0,T1,4.8ft,0.05s
4.24.2026 20:08:52,T0,T1,5.1ft,0.05s
4.24.2026 20:08:52,T0,T1,5.4ft,0.05s
4.24.2026 20:08:52,T0,T1,5.7ft,0.05s
4.24.2026 20:08:52,T0,T1,5.9ft,0.05s
4.24.2026 20:08:52,T0,T1,5.5ft,0.05s
4.24.2026 20:08:52,T0,T1,5.2ft,0.05s
4.24.2026 20:08:52,T0,T1,5.0ft,0.05s
4.24.2026 20:08:52,T0,T1,4.8ft,0.05s
4.24.2026 20:08:52,T0,T1,4.7ft,0.05s
4.24.2026 20:08:52,T0,T1,4.6ft,0.05s
4.24.2026 20:08:52,T0,T1,4.6ft,0.05s
4.24.2026 20:08:52,T0,T1,4.6ft,0.05s
4.24.2026 20:08:52,T0,T1,4.8ft,0.05s
4.24.2026 20:08:52,T0,T1,5.0ft,0.05s
4.24.2026 20:08:52,T0,T1,5.3ft,0.05s
4.24.2026 20:08:52,T0,T1,5.1ft,0.05s
4.24.2026 20:08:52,T0,T1,4.9ft,0.05s
4.24.2026 20:08:53,T0,T1,4.8ft,0.05s
4.24.2026 20:08:53,T0,T1,5.0ft,0.05s
4.24.2026 20:08:53,T0,T1,4.9ft,0.05s
4.24.2026 20:08:53,T0,T1,4.8ft,0.05s
4.24.2026 20:08:53,T0,T1,4.7ft,0.05s
4.24.2026 20:08:53,T0,T1,4.6ft,0.05s
4.24.2026 20:08:53,T0,T1,4.6ft,0.05s
4.24.2026 20:08:53,T0,T1,4.5ft,0.05s
4.24.2026 20:08:53,T0,T1,4.5ft,0.05s
4.24.2026 20:08:53,T0,T1,4.5ft,0.05s
4.24.2026 20:08:53,T0,T1,4.6ft,0.06s
4.24.2026 20:08:53,T0,T1,4.9ft,0.05s
4.24.2026 20:08:53,T0,T1,4.8ft,0.05s
4.24.2026 20:08:53,T0,T1,4.7ft,0.05s
4.24.2026 20:08:53,T0,T1,4.6ft,0.05s
4.24.2026 20:08:53,T0,T1,4.6ft,0.05s
4.24.2026 20:08:53,T0,T1,4.5ft,0.05s
4.24.2026 20:08:53,T0,T1,4.5ft,0.05s
4.24.2026 20:08:53,T0,T1,4.5ft,0.05s
4.24.2026 20:08:53,T0,T1,4.5ft,0.05s
4.24.2026 20:08:54,T0,T1,4.5ft,0.05s
4.24.2026 20:08:54,T0,T1,4.5ft,0.05s
4.24.2026 20:08:54,T0,T1,4.5ft,0.05s
4.24.2026 20:08:54,T0,T1,4.5ft,0.05s
4.24.2026 20:08:54,T0,T1,4.5ft,0.06s
4.24.2026 20:08:54,T0,T1,4.5ft,0.05s
4.24.2026 20:08:54,T0,T1,4.5ft,0.05s
4.24.2026 20:08:54,T0,T1,4.5ft,0.05s
4.24.2026 20:08:54,T0,T1,4.5ft,0.05s
4.24.2026 20:08:54,T0,T1,4.5ft,0.05s
4.24.2026 20:08:54,T0,T1,4.5ft,0.05s
4.24.2026 20:08:54,T0,T1,4.5ft,0.05s
4.24.2026 20:08:54,T0,T1,4.5ft,0.05s
4.24.2026 20:08:54,T0,T1,4.5ft,0.05s
4.24.2026 20:08:54,T0,T1,4.5ft,0.05s
4.24.2026 20:08:54,T0,T1,4.5ft,0.05s
4.24.2026 20:08:54,T0,T1,4.5ft,0.05s
4.24.2026 20:08:54,T0,T1,4.5ft,0.05s
4.24.2026 20:08:54,T0,T1,4.5ft,0.05s
4.24.2026 20:08:54,T0,T1,4.5ft,0.05s
4.24.2026 20:08:55,T0,T1,4.5ft,0.05s
4.24.2026 20:08:55,T0,T1,4.5ft,0.05s
4.24.2026 20:08:55,T0,T1,4.5ft,0.05s
4.24.2026 20:08:55,T0,T1,4.5ft,0.05s
4.24.2026 20:08:55,T0,T1,4.5ft,0.05s
4.24.2026 20:08:55,T0,T1,4.5ft,0.05s
4.24.2026 20:08:55,T0,T1,4.5ft,0.05s
4.24.2026 20:08:55,T0,T1,4.5ft,0.05s
4.24.2026 20:08:55,T0,T1,4.5ft,0.05s
4.24.2026 20:08:55,T0,T1,4.5ft,0.05s
4.24.2026 20:08:55,T0,T1,4.5ft,0.05s
4.24.2026 20:08:55,T0,T1,4.5ft,0.05s
4.24.2026 20:08:55,T0,T1,4.5ft,0.05s
4.24.2026 20:08:55,T0,T1,4.5ft,0.05s
4.24.2026 20:08:55,T0,T1,4.5ft,0.05s
4.24.2026 20:08:55,T0,T1,4.5ft,0.05s
4.24.2026 20:08:55,T0,T1,4.7ft,0.05s
4.24.2026 20:08:55,T0,T1,5.0ft,0.05s
4.24.2026 20:08:55,T0,T1,4.8ft,0.05s
4.24.2026 20:08:56,T0,T1,5.1ft,0.05s
4.24.2026 20:08:56,T0,T1,5.4ft,0.06s
4.24.2026 20:08:56,T0,T1,5.1ft,0.05s
4.24.2026 20:08:56,T0,T1,5.4ft,0.05s
4.24.2026 20:08:56,T0,T1,5.7ft,0.05s
4.24.2026 20:08:56,T0,T1,6.0ft,0.05s
4.24.2026 20:08:56,T0,T1,5.6ft,0.05s
4.24.2026 20:08:56,T0,T1,5.3ft,0.05s
4.24.2026 20:08:56,T0,T1,5.0ft,0.05s
4.24.2026 20:08:56,T0,T1,4.9ft,0.05s
4.24.2026 20:08:56,T0,T1,4.8ft,0.05s
4.24.2026 20:08:56,T0,T1,4.7ft,0.05s
4.24.2026 20:08:56,T0,T1,4.6ft,0.05s
4.24.2026 20:08:56,T0,T1,4.6ft,0.05s
4.24.2026 20:08:56,T0,T1,4.6ft,0.05s
4.24.2026 20:08:56,T0,T1,4.6ft,0.05s
4.24.2026 20:08:56,T0,T1,4.6ft,0.05s
4.24.2026 20:08:56,T0,T1,4.5ft,0.05s
4.24.2026 20:08:56,T0,T1,4.5ft,0.05s
4.24.2026 20:08:56,T0,T1,4.5ft,0.05s
4.24.2026 20:08:57,T0,T1,4.5ft,0.05s
4.24.2026 20:08:57,T0,T1,4.5ft,0.05s
4.24.2026 20:08:57,T0,T1,4.5ft,0.05s
4.24.2026 20:08:57,T0,T1,4.5ft,0.05s
4.24.2026 20:08:57,T0,T1,4.5ft,0.05s
4.24.2026 20:08:57,T0,T1,4.5ft,0.05s
4.24.2026 20:08:57,T0,T1,4.5ft,0.05s
4.24.2026 20:08:57,T0,T1,4.5ft,0.05s
4.24.2026 20:08:57,T0,T1,4.5ft,0.05s
4.24.2026 20:08:57,T0,T1,4.5ft,0.05s
4.24.2026 20:08:57,T0,T1,4.5ft,0.05s
4.24.2026 20:08:57,T0,T1,4.5ft,0.05s
4.24.2026 20:08:57,T0,T1,4.5ft,0.05s
4.24.2026 20:08:57,T0,T1,4.5ft,0.05s
4.24.2026 20:08:57,T0,T1,4.5ft,0.05s
4.24.2026 20:08:57,T0,T1,4.5ft,0.05s
4.24.2026 20:08:57,T0,T1,4.5ft,0.05s
4.24.2026 20:08:57,T0,T1,4.5ft,0.05s
4.24.2026 20:08:57,T0,T1,4.5ft,0.05s
4.24.2026 20:08:58,T0,T1,4.5ft,0.05s
4.24.2026 20:08:58,T0,T1,4.5ft,0.05s
4.24.2026 20:08:58,T0,T1,4.5ft,0.05s
4.24.2026 20:08:58,T0,T1,4.6ft,0.05s
4.24.2026 20:08:58,T0,T1,4.6ft,0.05s
4.24.2026 20:08:58,T0,T1,4.6ft,0.05s
4.24.2026 20:08:58,T0,T1,4.6ft,0.05s
4.24.2026 20:08:58,T0,T1,4.6ft,0.05s
4.24.2026 20:08:58,T0,T1,4.6ft,0.05s
4.24.2026 20:08:58,T0,T1,4.6ft,0.05s
4.24.2026 20:08:58,T0,T1,4.6ft,0.05s
4.24.2026 20:08:58,T0,T1,4.5ft,0.05s
4.24.2026 20:08:58,T0,T1,4.5ft,0.06s
4.24.2026 20:08:58,T0,T1,4.5ft,0.05s
4.24.2026 20:08:58,T0,T1,4.5ft,0.05s
4.24.2026 20:08:58,T0,T1,4.5ft,0.05s
4.24.2026 20:08:58,T0,T1,4.5ft,0.05s
4.24.2026 20:08:58,T0,T1,4.5ft,0.05s
4.24.2026 20:08:58,T0,T1,4.5ft,0.05s
4.24.2026 20:08:58,T0,T1,4.5ft,0.05s
4.24.2026 20:08:59,T0,T1,4.5ft,0.05s
4.24.2026 20:08:59,T0,T1,4.5ft,0.05s
4.24.2026 20:08:59,T0,T1,4.5ft,0.05s
4.24.2026 20:08:59,T0,T1,4.5ft,0.05s
4.24.2026 20:08:59,T0,T1,4.5ft,0.05s
4.24.2026 20:08:59,T0,T1,4.5ft,0.05s
4.24.2026 20:08:59,T0,T1,4.5ft,0.05s
4.24.2026 20:08:59,T0,T1,4.5ft,0.05s
4.24.2026 20:08:59,T0,T1,4.5ft,0.05s
4.24.2026 20:08:59,T0,T1,4.5ft,0.05s
4.24.2026 20:08:59,T0,T1,4.5ft,0.05s
4.24.2026 20:08:59,T0,T1,4.5ft,0.05s
4.24.2026 20:08:59,T0,T1,4.5ft,0.05s
4.24.2026 20:08:59,T0,T1,4.5ft,0.05s
4.24.2026 20:08:59,T0,T1,4.5ft,0.05s
4.24.2026 20:08:59,T0,T1,4.5ft,0.05s
4.24.2026 20:08:59,T0,T1,4.5ft,0.05s
4.24.2026 20:08:59,T0,T1,4.5ft,0.05s
4.24.2026 20:08:59,T0,T1,4.6ft,0.05s
4.24.2026 20:09:00,T0,T1,4.6ft,0.05s
4.24.2026 20:09:00,T0,T1,4.6ft,0.05s
4.24.2026 20:09:00,T0,T1,4.6ft,0.05s
4.24.2026 20:09:00,T0,T1,4.6ft,0.05s
4.24.2026 20:09:00,T0,T1,4.6ft,0.05s
4.24.2026 20:09:00,T0,T1,4.6ft,0.05s
4.24.2026 20:09:00,T0,T1,4.5ft,0.05s
4.24.2026 20:09:00,T0,T1,4.5ft,0.05s
4.24.2026 20:09:00,T0,T1,4.5ft,0.05s
4.24.2026 20:09:00,T0,T1,4.5ft,0.05s
4.24.2026 20:09:00,T0,T1,4.5ft,0.05s
4.24.2026 20:09:00,T0,T1,4.5ft,0.05s
4.24.2026 20:09:00,T0,T1,4.6ft,0.05s
4.24.2026 20:09:00,T0,T1,4.6ft,0.05s
4.24.2026 20:09:00,T0,T1,4.5ft,0.05s
4.24.2026 20:09:00,T0,T1,4.5ft,0.05s
4.24.2026 20:09:00,T0,T1,4.5ft,0.05s
4.24.2026 20:09:00,T0,T1,4.5ft,0.05s
4.24.2026 20:09:00,T0,T1,4.5ft,0.05s
4.24.2026 20:09:00,T0,T1,4.5ft,0.05s
4.24.2026 20:09:01,T0,T1,4.5ft,0.05s
4.24.2026 20:09:01,T0,T1,4.5ft,0.05s
4.24.2026 20:09:01,T0,T1,4.5ft,0.05s
4.24.2026 20:09:01,T0,T1,4.5ft,0.05s
4.24.2026 20:09:01,T0,T1,4.6ft,0.05s
4.24.2026 20:09:01,T0,T1,4.8ft,0.05s
4.24.2026 20:09:01,T0,T1,4.7ft,0.05s
4.24.2026 20:09:01,T0,T1,4.6ft,0.05s
4.24.2026 20:09:01,T0,T1,4.6ft,0.05s
4.24.2026 20:09:01,T0,T1,4.6ft,0.05s
4.24.2026 20:09:01,T0,T1,4.5ft,0.05s
4.24.2026 20:09:01,T0,T1,4.5ft,0.05s
4.24.2026 20:09:01,T0,T1,4.5ft,0.05s
4.24.2026 20:09:01,T0,T1,4.5ft,0.05s
4.24.2026 20:09:01,T0,T1,4.5ft,0.05s
4.24.2026 20:09:01,T0,T1,4.6ft,0.05s
4.24.2026 20:09:01,T0,T1,4.6ft,0.05s
4.24.2026 20:09:01,T0,T1,4.6ft,0.05s
4.24.2026 20:09:01,T0,T1,4.6ft,0.05s
4.24.2026 20:09:02,T0,T1,4.6ft,0.05s
4.24.2026 20:09:02,T0,T1,4.6ft,0.05s
4.24.2026 20:09:02,T0,T1,4.6ft,0.05s
4.24.2026 20:09:02,T0,T1,4.6ft,0.05s
4.24.2026 20:09:02,T0,T1,4.6ft,0.05s
4.24.2026 20:09:02,T0,T1,4.6ft,0.05s
4.24.2026 20:09:02,T0,T1,4.5ft,0.05s
4.24.2026 20:09:02,T0,T1,4.5ft,0.05s
4.24.2026 20:09:02,T0,T1,4.5ft,0.05s
4.24.2026 20:09:02,T0,T1,4.5ft,0.05s
4.24.2026 20:09:02,T0,T1,4.5ft,0.05s
4.24.2026 20:09:02,T0,T1,4.5ft,0.05s
4.24.2026 20:09:02,T0,T1,4.5ft,0.05s
4.24.2026 20:09:02,T0,T1,4.6ft,0.05s
4.24.2026 20:09:02,T0,T1,4.8ft,0.05s
4.24.2026 20:09:02,T0,T1,5.0ft,0.05s
4.24.2026 20:09:02,T0,T1,4.9ft,0.05s
4.24.2026 20:09:02,T0,T1,4.8ft,0.05s
4.24.2026 20:09:02,T0,T1,4.7ft,0.05s
4.24.2026 20:09:02,T0,T1,4.9ft,0.05s
4.24.2026 20:09:03,T0,T1,4.8ft,0.05s
4.24.2026 20:09:03,T0,T1,4.7ft,0.05s
4.24.2026 20:09:03,T0,T1,4.6ft,0.05s
4.24.2026 20:09:03,T0,T1,4.6ft,0.05s
4.24.2026 20:09:03,T0,T1,4.6ft,0.05s
4.24.2026 20:09:03,T0,T1,4.6ft,0.05s
4.24.2026 20:09:03,T0,T1,4.6ft,0.05s
4.24.2026 20:09:03,T0,T1,4.5ft,0.05s
4.24.2026 20:09:03,T0,T1,4.5ft,0.05s
4.24.2026 20:09:03,T0,T1,4.6ft,0.05s
4.24.2026 20:09:03,T0,T1,4.9ft,0.05s
4.24.2026 20:09:03,T0,T1,5.2ft,0.06s
4.24.2026 20:09:03,T0,T1,5.5ft,0.05s
4.24.2026 20:09:03,T0,T1,5.7ft,0.05s
4.24.2026 20:09:03,T0,T1,5.4ft,0.05s
4.24.2026 20:09:03,T0,T1,5.1ft,0.05s
4.24.2026 20:09:03,T0,T1,4.9ft,0.05s
4.24.2026 20:09:03,T0,T1,4.8ft,0.05s
4.24.2026 20:09:03,T0,T1,4.7ft,0.05s
4.24.2026 20:09:04,T0,T1,4.6ft,0.05s
4.24.2026 20:09:04,T0,T1,4.6ft,0.05s
4.24.2026 20:09:04,T0,T1,4.6ft,0.05s
4.24.2026 20:09:04,T0,T1,4.5ft,0.05s
4.24.2026 20:09:04,T0,T1,4.5ft,0.05s
4.24.2026 20:09:04,T0,T1,4.5ft,0.05s
4.24.2026 20:09:04,T0,T1,4.5ft,0.05s
4.24.2026 20:09:04,T0,T1,4.5ft,0.05s
4.24.2026 20:09:04,T0,T1,4.5ft,0.05s
4.24.2026 20:09:04,T0,T1,4.5ft,0.05s
4.24.2026 20:09:04,T0,T1,4.5ft,0.05s
4.24.2026 20:09:04,T0,T1,4.5ft,0.05s
4.24.2026 20:09:04,T0,T1,4.5ft,0.05s
4.24.2026 20:09:04,T0,T1,4.5ft,0.05s
4.24.2026 20:09:04,T0,T1,4.5ft,0.05s
4.24.2026 20:09:04,T0,T1,4.5ft,0.05s
4.24.2026 20:09:04,T0,T1,4.5ft,0.05s
4.24.2026 20:09:04,T0,T1,4.5ft,0.05s
4.24.2026 20:09:04,T0,T1,4.5ft,0.05s
4.24.2026 20:09:04,T0,T1,4.5ft,0.05s
4.24.2026 20:09:05,T0,T1,4.5ft,0.05s
4.24.2026 20:09:05,T0,T1,4.5ft,0.05s
4.24.2026 20:09:05,T0,T1,4.5ft,0.05s
4.24.2026 20:09:05,T0,T1,4.6ft,0.05s
4.24.2026 20:09:05,T0,T1,4.7ft,0.05s
4.24.2026 20:09:05,T0,T1,4.7ft,0.05s
4.24.2026 20:09:05,T0,T1,4.6ft,0.05s
4.24.2026 20:09:05,T0,T1,4.6ft,0.05s
4.24.2026 20:09:05,T0,T1,4.6ft,0.05s
4.24.2026 20:09:05,T0,T1,4.7ft,0.05s
4.24.2026 20:09:05,T0,T1,4.6ft,0.05s
4.24.2026 20:09:05,T0,T1,4.6ft,0.05s
4.24.2026 20:09:05,T0,T1,4.5ft,0.05s
4.24.2026 20:09:05,T0,T1,4.5ft,0.05s
4.24.2026 20:09:05,T0,T1,4.7ft,0.05s
4.24.2026 20:09:05,T0,T1,4.9ft,0.05s
4.24.2026 20:09:05,T0,T1,5.2ft,0.05s
4.24.2026 20:09:05,T0,T1,5.5ft,0.05s
4.24.2026 20:09:05,T0,T1,5.8ft,0.05s
4.24.2026 20:09:05,T0,T1,6.0ft,0.05s
4.24.2026 20:09:06,T0,T1,5.6ft,0.05s
4.24.2026 20:09:06,T0,T1,5.3ft,0.05s
4.24.2026 20:09:06,T0,T1,5.0ft,0.05s
4.24.2026 20:09:06,T0,T1,5.3ft,0.05s
4.24.2026 20:09:06,T0,T1,5.1ft,0.05s
4.24.2026 20:09:06,T0,T1,4.9ft,0.05s
4.24.2026 20:09:06,T0,T1,4.8ft,0.05s
4.24.2026 20:09:06,T0,T1,4.7ft,0.05s
4.24.2026 20:09:06,T0,T1,4.6ft,0.05s
4.24.2026 20:09:06,T0,T1,4.6ft,0.05s
4.24.2026 20:09:06,T0,T1,4.6ft,0.05s
4.24.2026 20:09:06,T0,T1,4.6ft,0.05s
4.24.2026 20:09:06,T0,T1,4.5ft,0.05s
4.24.2026 20:09:06,T0,T1,4.5ft,0.05s
4.24.2026 20:09:06,T0,T1,4.5ft,0.05s
4.24.2026 20:09:06,T0,T1,4.5ft,0.05s
4.24.2026 20:09:06,T0,T1,4.5ft,0.05s
4.24.2026 20:09:06,T0,T1,4.5ft,0.05s
4.24.2026 20:09:06,T0,T1,4.5ft,0.05s
4.24.2026 20:09:07,T0,T1,4.5ft,0.05s
4.24.2026 20:09:07,T0,T1,4.5ft,0.05s
4.24.2026 20:09:07,T0,T1,4.5ft,0.05s
4.24.2026 20:09:07,T0,T1,4.5ft,0.05s
4.24.2026 20:09:07,T0,T1,4.5ft,0.05s
4.24.2026 20:09:07,T0,T1,4.5ft,0.05s
4.24.2026 20:09:07,T0,T1,4.5ft,0.05s
4.24.2026 20:09:07,T0,T1,4.5ft,0.05s
4.24.2026 20:09:07,T0,T1,4.5ft,0.05s
4.24.2026 20:09:07,T0,T1,4.5ft,0.05s
4.24.2026 20:09:07,T0,T1,4.5ft,0.05s
4.24.2026 20:09:07,T0,T1,4.5ft,0.05s
4.24.2026 20:09:07,T0,T1,4.5ft,0.05s
4.24.2026 20:09:07,T0,T1,4.5ft,0.05s
4.24.2026 20:09:07,T0,T1,4.5ft,0.05s
4.24.2026 20:09:07,T0,T1,4.5ft,0.05s
4.24.2026 20:09:07,T0,T1,4.5ft,0.05s
4.24.2026 20:09:07,T0,T1,4.5ft,0.05s
4.24.2026 20:09:07,T0,T1,4.5ft,0.05s
4.24.2026 20:09:07,T0,T1,4.5ft,0.06s
4.24.2026 20:09:08,T0,T1,4.5ft,0.05s
4.24.2026 20:09:08,T0,T1,4.5ft,0.05s
4.24.2026 20:09:08,T0,T1,4.5ft,0.05s
4.24.2026 20:09:08,T0,T1,4.5ft,0.05s
4.24.2026 20:09:08,T0,T1,4.5ft,0.05s
4.24.2026 20:09:08,T0,T1,4.5ft,0.05s
4.24.2026 20:09:08,T0,T1,4.6ft,0.05s
4.24.2026 20:09:08,T0,T1,4.7ft,0.05s
4.24.2026 20:09:08,T0,T1,4.7ft,0.05s
4.24.2026 20:09:08,T0,T1,4.6ft,0.05s
4.24.2026 20:09:08,T0,T1,4.8ft,0.06s
4.24.2026 20:09:08,T0,T1,4.7ft,0.05s
4.24.2026 20:09:08,T0,T1,4.7ft,0.05s
4.24.2026 20:09:08,T0,T1,4.6ft,0.05s
4.24.2026 20:09:08,T0,T1,4.6ft,0.05s
4.24.2026 20:09:08,T0,T1,4.6ft,0.05s
4.24.2026 20:09:08,T0,T1,4.5ft,0.05s
4.24.2026 20:09:08,T0,T1,4.5ft,0.05s
4.24.2026 20:09:08,T0,T1,4.5ft,0.05s
4.24.2026 20:09:09,T0,T1,4.5ft,0.05s
4.24.2026 20:09:09,T0,T1,4.5ft,0.05s
4.24.2026 20:09:09,T0,T1,4.5ft,0.05s
4.24.2026 20:09:09,T0,T1,4.5ft,0.05s
4.24.2026 20:09:09,T0,T1,4.6ft,0.05s
4.24.2026 20:09:09,T0,T1,4.6ft,0.06s
4.24.2026 20:09:09,T0,T1,4.6ft,0.05s
4.24.2026 20:09:09,T0,T1,4.6ft,0.05s
4.24.2026 20:09:09,T0,T1,4.6ft,0.05s
4.24.2026 20:09:09,T0,T1,4.6ft,0.05s
4.24.2026 20:09:09,T0,T1,4.6ft,0.05s
4.24.2026 20:09:09,T0,T1,4.6ft,0.05s
4.24.2026 20:09:09,T0,T1,4.6ft,0.05s
4.24.2026 20:09:09,T0,T1,4.6ft,0.05s
4.24.2026 20:09:09,T0,T1,4.6ft,0.05s
4.24.2026 20:09:09,T0,T1,4.6ft,0.05s
4.24.2026 20:09:09,T0,T1,4.7ft,0.06s
4.24.2026 20:09:09,T0,T1,4.7ft,0.05s
4.24.2026 20:09:09,T0,T1,4.6ft,0.05s
4.24.2026 20:09:09,T0,T1,4.8ft,0.05s
4.24.2026 20:09:10,T0,T1,5.1ft,0.05s
4.24.2026 20:09:10,T0,T1,5.4ft,0.05s
4.24.2026 20:09:10,T0,T1,5.6ft,0.05s
4.24.2026 20:09:10,T0,T1,5.9ft,0.05s
4.24.2026 20:09:10,T0,T1,6.1ft,0.05s
4.24.2026 20:09:10,T0,T1,6.4ft,0.05s
4.24.2026 20:09:10,T0,T1,5.9ft,0.05s
4.24.2026 20:09:10,T0,T1,5.5ft,0.05s
4.24.2026 20:09:10,T0,T1,5.2ft,0.05s
4.24.2026 20:09:10,T0,T1,5.0ft,0.05s
4.24.2026 20:09:10,T0,T1,4.8ft,0.06s
4.24.2026 20:09:10,T0,T1,4.7ft,0.05s
4.24.2026 20:09:10,T0,T1,4.7ft,0.05s
4.24.2026 20:09:10,T0,T1,4.6ft,0.05s
4.24.2026 20:09:10,T0,T1,4.6ft,0.05s
4.24.2026 20:09:10,T0,T1,4.6ft,0.05s
4.24.2026 20:09:10,T0,T1,4.5ft,0.05s
4.24.2026 20:09:10,T0,T1,4.5ft,0.05s
4.24.2026 20:09:10,T0,T1,4.5ft,0.05s
4.24.2026 20:09:11,T0,T1,4.5ft,0.05s
4.24.2026 20:09:11,T0,T1,4.5ft,0.05s
4.24.2026 20:09:11,T0,T1,4.6ft,0.05s
4.24.2026 20:09:11,T0,T1,4.8ft,0.05s
4.24.2026 20:09:11,T0,T1,5.1ft,0.05s
4.24.2026 20:09:11,T0,T1,4.9ft,0.05s
4.24.2026 20:09:11,T0,T1,4.8ft,0.05s
4.24.2026 20:09:11,T0,T1,4.7ft,0.05s
4.24.2026 20:09:11,T0,T1,4.6ft,0.05s
4.24.2026 20:09:11,T0,T1,4.9ft,0.05s
4.24.2026 20:09:11,T0,T1,5.2ft,0.05s
4.24.2026 20:09:11,T0,T1,5.5ft,0.05s
4.24.2026 20:09:11,T0,T1,5.2ft,0.05s
4.24.2026 20:09:11,T0,T1,5.0ft,0.05s
4.24.2026 20:09:11,T0,T1,4.8ft,0.05s
4.24.2026 20:09:11,T0,T1,4.7ft,0.05s
4.24.2026 20:09:11,T0,T1,4.6ft,0.05s
4.24.2026 20:09:11,T0,T1,4.6ft,0.05s
4.24.2026 20:09:11,T0,T1,4.6ft,0.05s
4.24.2026 20:09:11,T0,T1,4.5ft,0.05s
4.24.2026 20:09:12,T0,T1,4.5ft,0.05s
4.24.2026 20:09:12,T0,T1,4.5ft,0.05s
4.24.2026 20:09:12,T0,T1,4.5ft,0.05s
4.24.2026 20:09:12,T0,T1,4.5ft,0.05s
4.24.2026 20:09:12,T0,T1,4.5ft,0.05s
4.24.2026 20:09:12,T0,T1,4.5ft,0.05s
4.24.2026 20:09:12,T0,T1,4.5ft,0.05s
4.24.2026 20:09:12,T0,T1,4.5ft,0.05s
4.24.2026 20:09:12,T0,T1,4.5ft,0.05s
4.24.2026 20:09:12,T0,T1,4.5ft,0.05s
4.24.2026 20:09:12,T0,T1,4.5ft,0.05s
4.24.2026 20:09:12,T0,T1,4.5ft,0.05s
4.24.2026 20:09:12,T0,T1,4.5ft,0.05s
4.24.2026 20:09:12,T0,T1,4.5ft,0.05s
4.24.2026 20:09:12,T0,T1,4.5ft,0.05s
4.24.2026 20:09:12,T0,T1,4.5ft,0.05s
4.24.2026 20:09:12,T0,T1,4.5ft,0.05s
4.24.2026 20:09:12,T0,T1,4.5ft,0.05s
4.24.2026 20:09:12,T0,T1,4.5ft,0.05s
4.24.2026 20:09:12,T0,T1,4.5ft,0.05s
4.24.2026 20:09:13,T0,T1,4.5ft,0.05s
4.24.2026 20:09:13,T0,T1,4.5ft,0.05s
4.24.2026 20:09:13,T0,T1,4.5ft,0.05s
4.24.2026 20:09:13,T0,T1,4.5ft,0.05s
4.24.2026 20:09:13,T0,T1,4.5ft,0.05s
4.24.2026 20:09:13,T0,T1,4.5ft,0.05s
4.24.2026 20:09:13,T0,T1,4.5ft,0.05s
4.24.2026 20:09:13,T0,T1,4.5ft,0.05s
4.24.2026 20:09:13,T0,T1,4.5ft,0.05s
4.24.2026 20:09:13,T0,T1,4.5ft,0.05s
4.24.2026 20:09:13,T0,T1,4.5ft,0.05s
4.24.2026 20:09:13,T0,T1,4.5ft,0.05s
4.24.2026 20:09:13,T0,T1,4.5ft,0.05s
4.24.2026 20:09:13,T0,T1,4.5ft,0.05s
4.24.2026 20:09:13,T0,T1,4.5ft,0.05s
4.24.2026 20:09:13,T0,T1,4.5ft,0.05s
4.24.2026 20:09:13,T0,T1,4.5ft,0.05s
4.24.2026 20:09:13,T0,T1,4.5ft,0.05s
4.24.2026 20:09:13,T0,T1,4.5ft,0.05s
4.24.2026 20:09:14,T0,T1,4.5ft,0.05s
4.24.2026 20:09:14,T0,T1,4.8ft,0.05s
4.24.2026 20:09:14,T0,T1,4.7ft,0.05s
4.24.2026 20:09:14,T0,T1,4.6ft,0.05s
4.24.2026 20:09:14,T0,T1,4.6ft,0.05s
4.24.2026 20:09:14,T0,T1,4.5ft,0.05s
4.24.2026 20:09:14,T0,T1,4.5ft,0.05s
4.24.2026 20:09:14,T0,T1,4.5ft,0.05s
4.24.2026 20:09:14,T0,T1,4.5ft,0.05s
4.24.2026 20:09:14,T0,T1,4.5ft,0.05s
4.24.2026 20:09:14,T0,T1,4.6ft,0.05s
4.24.2026 20:09:14,T0,T1,4.8ft,0.05s
4.24.2026 20:09:14,T0,T1,5.1ft,0.05s
4.24.2026 20:09:14,T0,T1,4.9ft,0.05s
4.24.2026 20:09:14,T0,T1,5.2ft,0.05s
4.24.2026 20:09:14,T0,T1,5.5ft,0.05s
4.24.2026 20:09:14,T0,T1,5.8ft,0.05s
4.24.2026 20:09:14,T0,T1,5.4ft,0.05s
4.24.2026 20:09:14,T0,T1,5.2ft,0.05s
4.24.2026 20:09:14,T0,T1,5.0ft,0.05s
4.24.2026 20:09:15,T0,T1,4.8ft,0.05s
4.24.2026 20:09:15,T0,T1,4.7ft,0.05s
4.24.2026 20:09:15,T0,T1,4.6ft,0.05s
4.24.2026 20:09:15,T0,T1,4.6ft,0.06s
4.24.2026 20:09:15,T0,T1,4.5ft,0.05s
4.24.2026 20:09:15,T0,T1,4.5ft,0.05s
4.24.2026 20:09:15,T0,T1,4.5ft,0.05s
4.24.2026 20:09:15,T0,T1,4.7ft,0.05s
4.24.2026 20:09:15,T0,T1,4.6ft,0.05s
4.24.2026 20:09:15,T0,T1,4.6ft,0.05s
4.24.2026 20:09:15,T0,T1,4.8ft,0.05s
4.24.2026 20:09:15,T0,T1,4.7ft,0.05s
4.24.2026 20:09:15,T0,T1,4.6ft,0.05s
4.24.2026 20:09:15,T0,T1,4.6ft,0.05s
4.24.2026 20:09:15,T0,T1,4.8ft,0.05s
4.24.2026 20:09:15,T0,T1,5.0ft,0.05s
4.24.2026 20:09:15,T0,T1,5.3ft,0.05s
4.24.2026 20:09:15,T0,T1,5.1ft,0.05s
4.24.2026 20:09:15,T0,T1,4.9ft,0.05s
4.24.2026 20:09:16,T0,T1,5.2ft,0.05s
4.24.2026 20:09:16,T0,T1,5.5ft,0.05s
4.24.2026 20:09:16,T0,T1,5.2ft,0.05s
4.24.2026 20:09:16,T0,T1,5.5ft,0.05s
4.24.2026 20:09:16,T0,T1,5.7ft,0.05s
4.24.2026 20:09:16,T0,T1,5.4ft,0.05s
4.24.2026 20:09:16,T0,T1,5.1ft,0.05s
4.24.2026 20:09:16,T0,T1,5.4ft,0.05s
4.24.2026 20:09:16,T0,T1,5.7ft,0.05s
4.24.2026 20:09:16,T0,T1,5.3ft,0.05s
4.24.2026 20:09:16,T0,T1,5.1ft,0.05s
4.24.2026 20:09:16,T0,T1,4.9ft,0.05s
4.24.2026 20:09:16,T0,T1,4.8ft,0.05s
4.24.2026 20:09:16,T0,T1,4.7ft,0.05s
4.24.2026 20:09:16,T0,T1,4.6ft,0.05s
4.24.2026 20:09:16,T0,T1,4.6ft,0.05s
4.24.2026 20:09:16,T0,T1,4.6ft,0.05s
4.24.2026 20:09:16,T0,T1,4.6ft,0.05s
4.24.2026 20:09:16,T0,T1,4.5ft,0.05s
4.24.2026 20:09:16,T0,T1,4.5ft,0.05s
4.24.2026 20:09:17,T0,T1,4.5ft,0.05s
4.24.2026 20:09:17,T0,T1,4.5ft,0.05s
4.24.2026 20:09:17,T0,T1,4.5ft,0.05s
4.24.2026 20:09:17,T0,T1,4.5ft,0.05s
4.24.2026 20:09:17,T0,T1,4.6ft,0.05s
4.24.2026 20:09:17,T0,T1,4.8ft,0.05s
4.24.2026 20:09:17,T0,T1,4.7ft,0.05s
4.24.2026 20:09:17,T0,T1,4.7ft,0.05s
4.24.2026 20:09:17,T0,T1,4.6ft,0.05s
4.24.2026 20:09:17,T0,T1,4.6ft,0.05s
4.24.2026 20:09:17,T0,T1,4.6ft,0.05s
4.24.2026 20:09:17,T0,T1,4.5ft,0.05s
4.24.2026 20:09:17,T0,T1,4.5ft,0.05s
4.24.2026 20:09:17,T0,T1,4.5ft,0.05s
4.24.2026 20:09:17,T0,T1,4.5ft,0.05s
4.24.2026 20:09:17,T0,T1,4.5ft,0.05s
4.24.2026 20:09:17,T0,T1,4.5ft,0.05s
4.24.2026 20:09:17,T0,T1,4.5ft,0.05s
4.24.2026 20:09:17,T0,T1,4.5ft,0.05s
4.24.2026 20:09:18,T0,T1,4.5ft,0.05s
4.24.2026 20:09:18,T0,T1,4.5ft,0.05s
4.24.2026 20:09:18,T0,T1,4.6ft,0.05s
4.24.2026 20:09:18,T0,T1,4.6ft,0.05s
4.24.2026 20:09:18,T0,T1,4.6ft,0.05s
4.24.2026 20:09:18,T0,T1,4.6ft,0.05s
4.24.2026 20:09:18,T0,T1,4.6ft,0.05s
4.24.2026 20:09:18,T0,T1,4.6ft,0.05s
4.24.2026 20:09:18,T0,T1,4.6ft,0.05s
4.24.2026 20:09:18,T0,T1,4.6ft,0.05s
4.24.2026 20:09:18,T0,T1,4.7ft,0.05s
4.24.2026 20:09:18,T0,T1,5.0ft,0.05s
4.24.2026 20:09:18,T0,T1,5.3ft,0.05s
4.24.2026 20:09:18,T0,T1,5.6ft,0.05s
4.24.2026 20:09:18,T0,T1,5.9ft,0.05s
4.24.2026 20:09:18,T0,T1,6.1ft,0.05s
4.24.2026 20:09:18,T0,T1,5.7ft,0.05s
4.24.2026 20:09:18,T0,T1,5.4ft,0.05s
4.24.2026 20:09:18,T0,T1,5.1ft,0.05s
4.24.2026 20:09:18,T0,T1,4.9ft,0.05s
4.24.2026 20:09:19,T0,T1,5.2ft,0.05s
4.24.2026 20:09:19,T0,T1,5.5ft,0.05s
4.24.2026 20:09:19,T0,T1,5.8ft,0.05s
4.24.2026 20:09:19,T0,T1,6.0ft,0.05s
4.24.2026 20:09:19,T0,T1,6.3ft,0.05s
4.24.2026 20:09:19,T0,T1,6.5ft,0.05s
4.24.2026 20:09:19,T0,T1,6.6ft,0.05s
4.24.2026 20:09:19,T0,T1,6.8ft,0.05s
4.24.2026 20:09:19,T0,T1,6.9ft,0.05s
4.24.2026 20:09:19,T0,T1,7.0ft,0.05s
4.24.2026 20:09:19,T0,T1,6.4ft,0.05s
4.24.2026 20:09:19,T0,T1,6.6ft,0.05s
4.24.2026 20:09:19,T0,T1,6.7ft,0.05s
4.24.2026 20:09:19,T0,T1,6.9ft,0.05s
4.24.2026 20:09:19,T0,T1,6.2ft,0.05s
4.24.2026 20:09:19,T0,T1,5.8ft,0.05s
4.24.2026 20:09:19,T0,T1,5.4ft,0.05s
4.24.2026 20:09:19,T0,T1,5.7ft,0.05s
4.24.2026 20:09:19,T0,T1,5.3ft,0.05s
4.24.2026 20:09:19,T0,T1,5.1ft,0.05s
4.24.2026 20:09:20,T0,T1,4.9ft,0.05s
4.24.2026 20:09:20,T0,T1,4.8ft,0.05s
4.24.2026 20:09:20,T0,T1,4.7ft,0.05s
4.24.2026 20:09:20,T0,T1,4.6ft,0.05s
4.24.2026 20:09:20,T0,T1,4.6ft,0.05s
4.24.2026 20:09:20,T0,T1,4.5ft,0.05s
4.24.2026 20:09:20,T0,T1,4.5ft,0.05s
4.24.2026 20:09:20,T0,T1,4.5ft,0.05s
4.24.2026 20:09:20,T0,T1,4.5ft,0.05s
4.24.2026 20:09:20,T0,T1,4.5ft,0.05s
4.24.2026 20:09:20,T0,T1,4.5ft,0.05s
4.24.2026 20:09:20,T0,T1,4.5ft,0.05s
4.24.2026 20:09:20,T0,T1,4.5ft,0.05s
4.24.2026 20:09:20,T0,T1,4.5ft,0.05s
4.24.2026 20:09:20,T0,T1,4.6ft,0.05s
4.24.2026 20:09:20,T0,T1,4.8ft,0.05s
4.24.2026 20:09:20,T0,T1,5.1ft,0.05s
4.24.2026 20:09:20,T0,T1,5.3ft,0.05s
4.24.2026 20:09:20,T0,T1,5.1ft,0.05s
4.24.2026 20:09:21,T0,T1,5.4ft,0.07s
4.24.2026 20:09:21,T0,T1,5.7ft,0.05s
4.24.2026 20:09:21,T0,T1,5.3ft,0.05s
4.24.2026 20:09:21,T0,T1,5.1ft,0.05s
4.24.2026 20:09:21,T0,T1,4.9ft,0.05s
4.24.2026 20:09:21,T0,T1,4.8ft,0.05s
4.24.2026 20:09:21,T0,T1,4.7ft,0.05s
4.24.2026 20:09:21,T0,T1,4.7ft,0.05s
4.24.2026 20:09:21,T0,T1,4.6ft,0.05s
4.24.2026 20:09:21,T0,T1,4.6ft,0.05s
4.24.2026 20:09:21,T0,T1,4.6ft,0.05s
4.24.2026 20:09:21,T0,T1,4.6ft,0.05s
4.24.2026 20:09:21,T0,T1,4.6ft,0.05s
4.24.2026 20:09:21,T0,T1,4.7ft,0.05s
4.24.2026 20:09:21,T0,T1,4.6ft,0.05s
4.24.2026 20:09:21,T0,T1,4.6ft,0.05s
4.24.2026 20:09:21,T0,T1,4.6ft,0.05s
4.24.2026 20:09:21,T0,T1,4.7ft,0.05s
4.24.2026 20:09:21,T0,T1,5.0ft,0.05s
4.24.2026 20:09:22,T0,T1,5.3ft,0.05s
4.24.2026 20:09:22,T0,T1,5.6ft,0.05s
4.24.2026 20:09:22,T0,T1,5.3ft,0.05s
4.24.2026 20:09:22,T0,T1,5.1ft,0.06s
4.24.2026 20:09:22,T0,T1,4.9ft,0.05s
4.24.2026 20:09:22,T0,T1,4.8ft,0.05s
4.24.2026 20:09:22,T0,T1,4.7ft,0.05s
4.24.2026 20:09:22,T0,T1,4.6ft,0.05s
4.24.2026 20:09:22,T0,T1,4.6ft,0.05s
4.24.2026 20:09:22,T0,T1,4.6ft,0.05s
4.24.2026 20:09:22,T0,T1,4.6ft,0.05s
4.24.2026 20:09:22,T0,T1,4.6ft,0.05s
4.24.2026 20:09:22,T0,T1,4.5ft,0.05s
4.24.2026 20:09:22,T0,T1,4.5ft,0.05s
4.24.2026 20:09:22,T0,T1,4.5ft,0.05s
4.24.2026 20:09:22,T0,T1,4.6ft,0.05s
4.24.2026 20:09:22,T0,T1,4.6ft,0.05s
4.24.2026 20:09:22,T0,T1,4.6ft,0.05s
4.24.2026 20:09:22,T0,T1,4.6ft,0.05s
4.24.2026 20:09:22,T0,T1,4.6ft,0.05s
4.24.2026 20:09:23,T0,T1,4.6ft,0.05s
4.24.2026 20:09:23,T0,T1,4.6ft,0.05s
4.24.2026 20:09:23,T0,T1,4.6ft,0.05s
4.24.2026 20:09:23,T0,T1,4.6ft,0.05s
4.24.2026 20:09:23,T0,T1,4.6ft,0.05s
4.24.2026 20:09:23,T0,T1,4.6ft,0.05s
4.24.2026 20:09:23,T0,T1,4.8ft,0.05s
4.24.2026 20:09:23,T0,T1,5.0ft,0.05s
4.24.2026 20:09:23,T0,T1,5.3ft,0.05s
4.24.2026 20:09:23,T0,T1,5.1ft,0.05s
4.24.2026 20:09:23,T0,T1,4.9ft,0.05s
4.24.2026 20:09:23,T0,T1,4.8ft,0.05s
4.24.2026 20:09:23,T0,T1,4.7ft,0.05s
4.24.2026 20:09:23,T0,T1,4.6ft,0.05s
4.24.2026 20:09:23,T0,T1,4.9ft,0.05s
4.24.2026 20:09:23,T0,T1,5.1ft,0.05s
4.24.2026 20:09:23,T0,T1,4.9ft,0.05s
4.24.2026 20:09:23,T0,T1,4.8ft,0.05s
4.24.2026 20:09:23,T0,T1,4.7ft,0.05s
4.24.2026 20:09:23,T0,T1,4.6ft,0.05s
4.24.2026 20:09:24,T0,T1,4.6ft,0.05s
4.24.2026 20:09:24,T0,T1,4.6ft,0.05s
4.24.2026 20:09:24,T0,T1,4.5ft,0.05s
4.24.2026 20:09:24,T0,T1,4.5ft,0.05s
4.24.2026 20:09:24,T0,T1,4.5ft,0.05s
4.24.2026 20:09:24,T0,T1,4.5ft,0.05s
4.24.2026 20:09:24,T0,T1,4.5ft,0.05s
4.24.2026 20:09:24,T0,T1,4.6ft,0.05s
4.24.2026 20:09:24,T0,T1,4.6ft,0.05s
4.24.2026 20:09:24,T0,T1,4.5ft,0.05s
4.24.2026 20:09:24,T0,T1,4.7ft,0.05s
4.24.2026 20:09:24,T0,T1,4.6ft,0.05s
4.24.2026 20:09:24,T0,T1,4.6ft,0.05s
4.24.2026 20:09:24,T0,T1,4.5ft,0.05s
4.24.2026 20:09:24,T0,T1,4.5ft,0.05s
4.24.2026 20:09:24,T0,T1,4.5ft,0.05s
4.24.2026 20:09:24,T0,T1,4.5ft,0.05s
4.24.2026 20:09:24,T0,T1,4.5ft,0.05s
4.24.2026 20:09:24,T0,T1,4.6ft,0.05s
4.24.2026 20:09:25,T0,T1,4.8ft,0.05s
4.24.2026 20:09:25,T0,T1,5.1ft,0.05s
4.24.2026 20:09:25,T0,T1,5.4ft,0.05s
4.24.2026 20:09:25,T0,T1,5.1ft,0.05s
4.24.2026 20:09:25,T0,T1,4.9ft,0.05s
4.24.2026 20:09:25,T0,T1,4.8ft,0.05s
4.24.2026 20:09:25,T0,T1,4.7ft,0.05s
4.24.2026 20:09:25,T0,T1,4.6ft,0.05s
4.24.2026 20:09:25,T0,T1,4.6ft,0.05s
4.24.2026 20:09:25,T0,T1,4.6ft,0.05s
4.24.2026 20:09:25,T0,T1,4.5ft,0.05s
4.24.2026 20:09:25,T0,T1,4.5ft,0.05s
4.24.2026 20:09:25,T0,T1,4.5ft,0.05s
4.24.2026 20:09:25,T0,T1,4.5ft,0.05s
4.24.2026 20:09:25,T0,T1,4.5ft,0.05s
4.24.2026 20:09:25,T0,T1,4.5ft,0.05s
4.24.2026 20:09:25,T0,T1,4.5ft,0.05s
4.24.2026 20:09:25,T0,T1,4.5ft,0.05s
4.24.2026 20:09:25,T0,T1,4.5ft,0.05s
4.24.2026 20:09:25,T0,T1,4.5ft,0.05s
4.24.2026 20:09:26,T0,T1,4.5ft,0.05s
4.24.2026 20:09:26,T0,T1,4.5ft,0.05s
4.24.2026 20:09:26,T0,T1,4.5ft,0.05s
4.24.2026 20:09:26,T0,T1,4.5ft,0.05s
4.24.2026 20:09:26,T0,T1,4.5ft,0.05s
4.24.2026 20:09:26,T0,T1,4.5ft,0.05s
4.24.2026 20:09:26,T0,T1,4.5ft,0.05s
4.24.2026 20:09:26,T0,T1,4.5ft,0.05s
4.24.2026 20:09:26,T0,T1,4.5ft,0.05s
4.24.2026 20:09:26,T0,T1,4.5ft,0.05s
4.24.2026 20:09:26,T0,T1,4.5ft,0.05s
4.24.2026 20:09:26,T0,T1,4.5ft,0.05s
4.24.2026 20:09:26,T0,T1,4.5ft,0.05s
4.24.2026 20:09:26,T0,T1,4.5ft,0.05s
4.24.2026 20:09:26,T0,T1,4.5ft,0.05s
4.24.2026 20:09:26,T0,T1,4.5ft,0.05s
4.24.2026 20:09:26,T0,T1,4.5ft,0.05s
4.24.2026 20:09:26,T0,T1,4.5ft,0.05s
4.24.2026 20:09:26,T0,T1,4.5ft,0.05s
4.24.2026 20:09:27,T0,T1,4.5ft,0.05s
4.24.2026 20:09:27,T0,T1,4.5ft,0.05s
4.24.2026 20:09:27,T0,T1,4.6ft,0.05s
4.24.2026 20:09:27,T0,T1,4.6ft,0.05s
4.24.2026 20:09:27,T0,T1,4.6ft,0.05s
4.24.2026 20:09:27,T0,T1,4.6ft,0.05s
4.24.2026 20:09:27,T0,T1,4.6ft,0.05s
4.24.2026 20:09:27,T0,T1,4.6ft,0.05s
4.24.2026 20:09:27,T0,T1,4.6ft,0.05s
4.24.2026 20:09:27,T0,T1,4.6ft,0.05s
4.24.2026 20:09:27,T0,T1,4.6ft,0.05s
4.24.2026 20:09:27,T0,T1,4.7ft,0.05s
4.24.2026 20:09:27,T0,T1,5.0ft,0.05s
4.24.2026 20:09:27,T0,T1,4.8ft,0.05s
4.24.2026 20:09:27,T0,T1,4.7ft,0.05s
4.24.2026 20:09:27,T0,T1,4.6ft,0.05s
4.24.2026 20:09:27,T0,T1,4.6ft,0.05s
4.24.2026 20:09:27,T0,T1,4.6ft,0.05s
4.24.2026 20:09:27,T0,T1,4.5ft,0.05s
4.24.2026 20:09:27,T0,T1,4.7ft,0.05s
4.24.2026 20:09:28,T0,T1,5.0ft,0.05s
4.24.2026 20:09:28,T0,T1,5.3ft,0.05s
4.24.2026 20:09:28,T0,T1,5.6ft,0.05s
4.24.2026 20:09:28,T0,T1,5.2ft,0.05s
4.24.2026 20:09:28,T0,T1,5.5ft,0.06s
4.24.2026 20:09:28,T0,T1,5.8ft,0.05s
4.24.2026 20:09:28,T0,T1,6.1ft,0.05s
4.24.2026 20:09:28,T0,T1,6.3ft,0.05s
4.24.2026 20:09:28,T0,T1,6.5ft,0.05s
4.24.2026 20:09:28,T0,T1,6.7ft,0.05s
4.24.2026 20:09:28,T0,T1,6.1ft,0.05s
4.24.2026 20:09:28,T0,T1,5.7ft,0.05s
4.24.2026 20:09:28,T0,T1,5.3ft,0.05s
4.24.2026 20:09:28,T0,T1,5.1ft,0.05s
4.24.2026 20:09:28,T0,T1,4.9ft,0.05s
4.24.2026 20:09:28,T0,T1,4.8ft,0.06s
4.24.2026 20:09:28,T0,T1,4.7ft,0.05s
4.24.2026 20:09:28,T0,T1,4.9ft,0.05s
4.24.2026 20:09:28,T0,T1,5.2ft,0.05s
4.24.2026 20:09:28,T0,T1,5.5ft,0.05s
4.24.2026 20:09:29,T0,T1,5.2ft,0.05s
4.24.2026 20:09:29,T0,T1,5.0ft,0.05s
4.24.2026 20:09:29,T0,T1,4.8ft,0.05s
4.24.2026 20:09:29,T0,T1,4.7ft,0.05s
4.24.2026 20:09:29,T0,T1,4.6ft,0.05s
4.24.2026 20:09:29,T0,T1,4.9ft,0.05s
4.24.2026 20:09:29,T0,T1,5.2ft,0.05s
4.24.2026 20:09:29,T0,T1,5.0ft,0.05s
4.24.2026 20:09:29,T0,T1,4.8ft,0.05s
4.24.2026 20:09:29,T0,T1,5.1ft,0.05s
4.24.2026 20:09:29,T0,T1,5.4ft,0.05s
4.24.2026 20:09:29,T0,T1,5.1ft,0.05s
4.24.2026 20:09:29,T0,T1,5.4ft,0.05s
4.24.2026 20:09:29,T0,T1,5.7ft,0.05s
4.24.2026 20:09:29,T0,T1,5.9ft,0.05s
4.24.2026 20:09:29,T0,T1,6.2ft,0.05s
4.24.2026 20:09:29,T0,T1,5.7ft,0.05s
4.24.2026 20:09:29,T0,T1,5.4ft,0.05s
4.24.2026 20:09:29,T0,T1,5.1ft,0.05s
4.24.2026 20:09:30,T0,T1,5.4ft,0.05s
4.24.2026 20:09:30,T0,T1,5.7ft,0.05s
4.24.2026 20:09:30,T0,T1,5.9ft,0.05s
4.24.2026 20:09:30,T0,T1,5.5ft,0.05s
4.24.2026 20:09:30,T0,T1,5.2ft,0.05s
4.24.2026 20:09:30,T0,T1,5.0ft,0.05s
4.24.2026 20:09:30,T0,T1,4.9ft,0.05s
4.24.2026 20:09:30,T0,T1,4.7ft,0.05s
4.24.2026 20:09:30,T0,T1,4.7ft,0.05s
4.24.2026 20:09:30,T0,T1,4.6ft,0.05s
4.24.2026 20:09:30,T0,T1,4.6ft,0.05s
4.24.2026 20:09:30,T0,T1,4.6ft,0.05s
4.24.2026 20:09:30,T0,T1,4.5ft,0.06s
4.24.2026 20:09:30,T0,T1,4.5ft,0.05s
4.24.2026 20:09:30,T0,T1,4.5ft,0.05s
4.24.2026 20:09:30,T0,T1,4.5ft,0.05s
4.24.2026 20:09:30,T0,T1,4.5ft,0.05s
4.24.2026 20:09:30,T0,T1,4.5ft,0.05s
4.24.2026 20:09:30,T0,T1,4.5ft,0.05s
4.24.2026 20:09:30,T0,T1,4.5ft,0.05s
4.24.2026 20:09:31,T0,T1,4.5ft,0.05s
4.24.2026 20:09:31,T0,T1,4.6ft,0.05s
4.24.2026 20:09:31,T0,T1,4.8ft,0.05s
4.24.2026 20:09:31,T0,T1,5.0ft,0.05s
4.24.2026 20:09:31,T0,T1,5.3ft,0.05s
4.24.2026 20:09:31,T0,T1,5.1ft,0.05s
4.24.2026 20:09:31,T0,T1,4.9ft,0.05s
4.24.2026 20:09:31,T0,T1,4.8ft,0.05s
4.24.2026 20:09:31,T0,T1,4.7ft,0.05s
4.24.2026 20:09:31,T0,T1,4.6ft,0.05s
4.24.2026 20:09:31,T0,T1,4.6ft,0.05s
4.24.2026 20:09:31,T0,T1,4.5ft,0.05s
4.24.2026 20:09:31,T0,T1,4.7ft,0.05s
4.24.2026 20:09:31,T0,T1,5.0ft,0.05s
4.24.2026 20:09:31,T0,T1,4.8ft,0.05s
4.24.2026 20:09:31,T0,T1,4.7ft,0.05s
4.24.2026 20:09:31,T0,T1,4.6ft,0.05s
4.24.2026 20:09:31,T0,T1,4.6ft,0.06s
4.24.2026 20:09:31,T0,T1,4.6ft,0.05s
4.24.2026 20:09:32,T0,T1,4.5ft,0.05s
4.24.2026 20:09:32,T0,T1,4.5ft,0.06s
4.24.2026 20:09:32,T0,T1,4.5ft,0.05s
4.24.2026 20:09:32,T0,T1,4.5ft,0.05s
4.24.2026 20:09:32,T0,T1,4.5ft,0.05s
4.24.2026 20:09:32,T0,T1,4.5ft,0.05s
4.24.2026 20:09:32,T0,T1,4.5ft,0.05s
4.24.2026 20:09:32,T0,T1,4.5ft,0.05s
4.24.2026 20:09:32,T0,T1,4.5ft,0.05s
4.24.2026 20:09:32,T0,T1,4.5ft,0.05s
4.24.2026 20:09:32,T0,T1,4.6ft,0.05s
4.24.2026 20:09:32,T0,T1,4.6ft,0.05s
4.24.2026 20:09:32,T0,T1,4.6ft,0.05s
4.24.2026 20:09:32,T0,T1,4.6ft,0.05s
4.24.2026 20:09:32,T0,T1,4.6ft,0.05s
4.24.2026 20:09:32,T0,T1,4.6ft,0.05s
4.24.2026 20:09:32,T0,T1,4.6ft,0.05s
4.24.2026 20:09:32,T0,T1,4.6ft,0.05s
4.24.2026 20:09:32,T0,T1,4.6ft,0.05s
4.24.2026 20:09:32,T0,T1,4.6ft,0.05s
4.24.2026 20:09:33,T0,T1,4.6ft,0.05s
4.24.2026 20:09:33,T0,T1,4.6ft,0.05s
4.24.2026 20:09:33,T0,T1,4.6ft,0.05s
4.24.2026 20:09:33,T0,T1,4.5ft,0.05s
4.24.2026 20:09:33,T0,T1,4.5ft,0.05s
4.24.2026 20:09:33,T0,T1,4.5ft,0.05s
4.24.2026 20:09:33,T0,T1,4.5ft,0.05s
4.24.2026 20:09:33,T0,T1,4.6ft,0.05s
4.24.2026 20:09:33,T0,T1,4.8ft,0.05s
4.24.2026 20:09:33,T0,T1,5.1ft,0.05s
4.24.2026 20:09:33,T0,T1,5.4ft,0.05s
4.24.2026 20:09:33,T0,T1,5.7ft,0.05s
4.24.2026 20:09:33,T0,T1,5.9ft,0.05s
4.24.2026 20:09:33,T0,T1,6.2ft,0.05s
4.24.2026 20:09:33,T0,T1,5.7ft,0.05s
4.24.2026 20:09:33,T0,T1,5.4ft,0.05s
4.24.2026 20:09:33,T0,T1,5.1ft,0.05s
4.24.2026 20:09:33,T0,T1,4.9ft,0.05s
4.24.2026 20:09:33,T0,T1,4.8ft,0.05s
4.24.2026 20:09:34,T0,T1,4.7ft,0.05s
4.24.2026 20:09:34,T0,T1,4.6ft,0.05s
4.24.2026 20:09:34,T0,T1,4.6ft,0.05s
4.24.2026 20:09:34,T0,T1,4.6ft,0.05s
4.24.2026 20:09:34,T0,T1,4.5ft,0.05s
4.24.2026 20:09:34,T0,T1,4.5ft,0.05s
4.24.2026 20:09:34,T0,T1,4.5ft,0.05s
4.24.2026 20:09:34,T0,T1,4.5ft,0.05s
4.24.2026 20:09:34,T0,T1,4.5ft,0.05s
4.24.2026 20:09:34,T0,T1,4.5ft,0.05s
4.24.2026 20:09:34,T0,T1,4.6ft,0.05s
4.24.2026 20:09:34,T0,T1,4.8ft,0.05s
4.24.2026 20:09:34,T0,T1,4.7ft,0.05s
4.24.2026 20:09:34,T0,T1,4.6ft,0.05s
4.24.2026 20:09:34,T0,T1,4.6ft,0.05s
4.24.2026 20:09:34,T0,T1,4.6ft,0.05s
4.24.2026 20:09:34,T0,T1,4.5ft,0.05s
4.24.2026 20:09:34,T0,T1,4.5ft,0.05s
4.24.2026 20:09:34,T0,T1,4.5ft,0.05s
4.24.2026 20:09:34,T0,T1,4.5ft,0.05s
4.24.2026 20:09:35,T0,T1,4.5ft,0.05s
4.24.2026 20:09:35,T0,T1,4.5ft,0.05s
4.24.2026 20:09:35,T0,T1,4.5ft,0.05s
4.24.2026 20:09:35,T0,T1,4.5ft,0.05s
4.24.2026 20:09:35,T0,T1,4.5ft,0.05s
4.24.2026 20:09:35,T0,T1,4.5ft,0.05s
4.24.2026 20:09:35,T0,T1,4.5ft,0.05s
4.24.2026 20:09:35,T0,T1,4.5ft,0.05s
4.24.2026 20:09:35,T0,T1,4.5ft,0.05s
4.24.2026 20:09:35,T0,T1,4.5ft,0.05s
4.24.2026 20:09:35,T0,T1,4.5ft,0.05s
4.24.2026 20:09:35,T0,T1,4.5ft,0.05s
4.24.2026 20:09:35,T0,T1,4.5ft,0.05s
4.24.2026 20:09:35,T0,T1,4.5ft,0.05s
4.24.2026 20:09:35,T0,T1,4.6ft,0.05s
4.24.2026 20:09:35,T0,T1,4.5ft,0.05s
4.24.2026 20:09:35,T0,T1,4.5ft,0.05s
4.24.2026 20:09:35,T0,T1,4.5ft,0.05s
4.24.2026 20:09:35,T0,T1,4.5ft,0.05s
4.24.2026 20:09:36,T0,T1,4.5ft,0.05s
4.24.2026 20:09:36,T0,T1,4.5ft,0.05s
4.24.2026 20:09:36,T0,T1,4.5ft,0.05s
4.24.2026 20:09:36,T0,T1,4.5ft,0.05s
4.24.2026 20:09:36,T0,T1,4.5ft,0.05s
4.24.2026 20:09:36,T0,T1,4.5ft,0.05s
4.24.2026 20:09:36,T0,T1,4.5ft,0.05s
4.24.2026 20:09:36,T0,T1,4.5ft,0.05s
4.24.2026 20:09:36,T0,T1,4.5ft,0.05s
4.24.2026 20:09:36,T0,T1,4.5ft,0.05s
4.24.2026 20:09:36,T0,T1,4.5ft,0.05s
4.24.2026 20:09:36,T0,T1,4.7ft,0.05s
4.24.2026 20:09:36,T0,T1,5.0ft,0.05s
4.24.2026 20:09:36,T0,T1,4.9ft,0.05s
4.24.2026 20:09:36,T0,T1,4.7ft,0.05s
4.24.2026 20:09:36,T0,T1,4.7ft,0.05s
4.24.2026 20:09:36,T0,T1,4.6ft,0.05s
4.24.2026 20:09:36,T0,T1,4.6ft,0.06s
4.24.2026 20:09:36,T0,T1,4.5ft,0.05s
4.24.2026 20:09:36,T0,T1,4.5ft,0.05s
4.24.2026 20:09:37,T0,T1,4.5ft,0.05s
4.24.2026 20:09:37,T0,T1,4.5ft,0.05s
4.24.2026 20:09:37,T0,T1,4.5ft,0.05s
4.24.2026 20:09:37,T0,T1,4.5ft,0.05s
4.24.2026 20:09:37,T0,T1,4.5ft,0.05s
4.24.2026 20:09:37,T0,T1,4.5ft,0.05s
4.24.2026 20:09:37,T0,T1,4.5ft,0.05s
4.24.2026 20:09:37,T0,T1,4.6ft,0.05s
4.24.2026 20:09:37,T0,T1,4.8ft,0.05s
4.24.2026 20:09:37,T0,T1,5.1ft,0.05s
4.24.2026 20:09:37,T0,T1,4.9ft,0.05s
4.24.2026 20:09:37,T0,T1,4.8ft,0.05s
4.24.2026 20:09:37,T0,T1,4.7ft,0.05s
4.24.2026 20:09:37,T0,T1,4.9ft,0.05s
4.24.2026 20:09:37,T0,T1,5.2ft,0.05s
4.24.2026 20:09:37,T0,T1,5.0ft,0.05s
4.24.2026 20:09:37,T0,T1,4.8ft,0.05s
4.24.2026 20:09:37,T0,T1,4.7ft,0.05s
4.24.2026 20:09:37,T0,T1,4.6ft,0.05s
4.24.2026 20:09:37,T0,T1,4.6ft,0.05s
4.24.2026 20:09:38,T0,T1,4.5ft,0.05s
4.24.2026 20:09:38,T0,T1,4.5ft,0.05s
4.24.2026 20:09:38,T0,T1,4.5ft,0.05s
4.24.2026 20:09:38,T0,T1,4.5ft,0.05s
4.24.2026 20:09:38,T0,T1,4.5ft,0.05s
4.24.2026 20:09:38,T0,T1,4.5ft,0.05s
4.24.2026 20:09:38,T0,T1,4.5ft,0.05s
4.24.2026 20:09:38,T0,T1,4.5ft,0.05s
4.24.2026 20:09:38,T0,T1,4.6ft,0.05s
4.24.2026 20:09:38,T0,T1,4.5ft,0.05s
4.24.2026 20:09:38,T0,T1,4.5ft,0.06s
4.24.2026 20:09:38,T0,T1,4.5ft,0.05s
4.24.2026 20:09:38,T0,T1,4.5ft,0.05s
4.24.2026 20:09:38,T0,T1,4.5ft,0.05s
4.24.2026 20:09:38,T0,T1,4.5ft,0.05s
4.24.2026 20:09:38,T0,T1,4.5ft,0.05s
4.24.2026 20:09:38,T0,T1,4.5ft,0.05s
4.24.2026 20:09:38,T0,T1,4.5ft,0.05s
4.24.2026 20:09:38,T0,T1,4.5ft,0.05s
4.24.2026 20:09:39,T0,T1,4.5ft,0.05s
4.24.2026 20:09:39,T0,T1,4.5ft,0.05s
4.24.2026 20:09:39,T0,T1,4.5ft,0.05s
4.24.2026 20:09:39,T0,T1,4.5ft,0.05s
4.24.2026 20:09:39,T0,T1,4.5ft,0.05s
4.24.2026 20:09:39,T0,T1,4.5ft,0.05s
4.24.2026 20:09:39,T0,T1,4.5ft,0.05s
4.24.2026 20:09:39,T0,T1,4.5ft,0.05s
4.24.2026 20:09:39,T0,T1,4.5ft,0.05s
4.24.2026 20:09:39,T0,T1,4.5ft,0.05s
4.24.2026 20:09:39,T0,T1,4.5ft,0.05s
4.24.2026 20:09:39,T0,T1,4.7ft,0.05s
4.24.2026 20:09:39,T0,T1,5.0ft,0.05s
4.24.2026 20:09:39,T0,T1,4.8ft,0.05s
4.24.2026 20:09:39,T0,T1,4.7ft,0.05s
4.24.2026 20:09:39,T0,T1,4.7ft,0.05s
4.24.2026 20:09:39,T0,T1,4.6ft,0.05s
4.24.2026 20:09:39,T0,T1,4.6ft,0.05s
4.24.2026 20:09:39,T0,T1,4.6ft,0.05s
4.24.2026 20:09:39,T0,T1,4.6ft,0.05s
4.24.2026 20:09:40,T0,T1,4.5ft,0.05s
4.24.2026 20:09:40,T0,T1,4.5ft,0.05s
4.24.2026 20:09:40,T0,T1,4.5ft,0.05s
4.24.2026 20:09:40,T0,T1,4.5ft,0.05s
4.24.2026 20:09:40,T0,T1,4.5ft,0.05s
4.24.2026 20:09:40,T0,T1,4.5ft,0.05s
4.24.2026 20:09:40,T0,T1,4.5ft,0.05s
4.24.2026 20:09:40,T0,T1,4.6ft,0.05s
4.24.2026 20:09:40,T0,T1,4.8ft,0.05s
4.24.2026 20:09:40,T0,T1,5.1ft,0.05s
4.24.2026 20:09:40,T0,T1,5.3ft,0.05s
4.24.2026 20:09:40,T0,T1,5.1ft,0.05s
4.24.2026 20:09:40,T0,T1,4.9ft,0.05s
4.24.2026 20:09:40,T0,T1,4.8ft,0.05s
4.24.2026 20:09:40,T0,T1,4.7ft,0.05s
4.24.2026 20:09:40,T0,T1,4.6ft,0.05s
4.24.2026 20:09:40,T0,T1,4.6ft,0.05s
4.24.2026 20:09:40,T0,T1,4.6ft,0.05s
4.24.2026 20:09:40,T0,T1,4.6ft,0.05s
4.24.2026 20:09:41,T0,T1,4.5ft,0.05s
4.24.2026 20:09:41,T0,T1,4.5ft,0.05s
4.24.2026 20:09:41,T0,T1,4.5ft,0.06s
4.24.2026 20:09:41,T0,T1,4.5ft,0.05s
4.24.2026 20:09:41,T0,T1,4.5ft,0.05s
4.24.2026 20:09:41,T0,T1,4.5ft,0.05s
4.24.2026 20:09:41,T0,T1,4.5ft,0.05s
4.24.2026 20:09:41,T0,T1,4.6ft,0.05s
4.24.2026 20:09:41,T0,T1,4.6ft,0.05s
4.24.2026 20:09:41,T0,T1,4.6ft,0.05s
4.24.2026 20:09:41,T0,T1,4.6ft,0.05s
4.24.2026 20:09:41,T0,T1,4.6ft,0.05s
4.24.2026 20:09:41,T0,T1,4.6ft,0.05s
4.24.2026 20:09:41,T0,T1,4.6ft,0.05s
4.24.2026 20:09:41,T0,T1,4.6ft,0.05s
4.24.2026 20:09:41,T0,T1,4.6ft,0.05s
4.24.2026 20:09:41,T0,T1,4.6ft,0.05s
4.24.2026 20:09:41,T0,T1,4.6ft,0.05s
4.24.2026 20:09:41,T0,T1,4.6ft,0.05s
4.24.2026 20:09:41,T0,T1,4.6ft,0.05s
4.24.2026 20:09:42,T0,T1,4.6ft,0.05s
4.24.2026 20:09:42,T0,T1,4.6ft,0.05s
4.24.2026 20:09:42,T0,T1,4.6ft,0.05s
4.24.2026 20:09:42,T0,T1,4.6ft,0.05s
4.24.2026 20:09:42,T0,T1,4.6ft,0.05s
4.24.2026 20:09:42,T0,T1,4.6ft,0.05s
4.24.2026 20:09:42,T0,T1,4.6ft,0.05s
4.24.2026 20:09:42,T0,T1,4.6ft,0.05s
4.24.2026 20:09:42,T0,T1,4.6ft,0.05s
4.24.2026 20:09:42,T0,T1,4.6ft,0.05s
4.24.2026 20:09:42,T0,T1,4.6ft,0.05s
4.24.2026 20:09:42,T0,T1,4.6ft,0.05s
4.24.2026 20:09:42,T0,T1,4.6ft,0.05s
4.24.2026 20:09:42,T0,T1,4.6ft,0.05s
4.24.2026 20:09:42,T0,T1,4.6ft,0.05s
4.24.2026 20:09:42,T0,T1,4.6ft,0.05s
4.24.2026 20:09:42,T0,T1,4.6ft,0.05s
4.24.2026 20:09:42,T0,T1,4.6ft,0.05s
4.24.2026 20:09:42,T0,T1,4.6ft,0.05s
4.24.2026 20:09:42,T0,T1,4.7ft,0.05s
4.24.2026 20:09:43,T0,T1,5.0ft,0.05s
4.24.2026 20:09:43,T0,T1,5.3ft,0.05s
4.24.2026 20:09:43,T0,T1,5.0ft,0.05s
4.24.2026 20:09:43,T0,T1,4.9ft,0.05s
4.24.2026 20:09:43,T0,T1,4.8ft,0.05s
4.24.2026 20:09:43,T0,T1,4.7ft,0.05s
4.24.2026 20:09:43,T0,T1,4.6ft,0.05s
4.24.2026 20:09:43,T0,T1,4.6ft,0.05s
4.24.2026 20:09:43,T0,T1,4.6ft,0.05s
4.24.2026 20:09:43,T0,T1,4.5ft,0.05s
4.24.2026 20:09:43,T0,T1,4.5ft,0.05s
4.24.2026 20:09:43,T0,T1,4.5ft,0.05s
4.24.2026 20:09:43,T0,T1,4.6ft,0.05s
4.24.2026 20:09:43,T0,T1,4.6ft,0.05s
4.24.2026 20:09:43,T0,T1,4.6ft,0.05s
4.24.2026 20:09:43,T0,T1,4.5ft,0.05s
4.24.2026 20:09:43,T0,T1,4.5ft,0.05s
4.24.2026 20:09:43,T0,T1,4.5ft,0.05s
4.24.2026 20:09:43,T0,T1,4.5ft,0.05s
4.24.2026 20:09:44,T0,T1,4.5ft,0.05s
4.24.2026 20:09:44,T0,T1,4.6ft,0.05s
4.24.2026 20:09:44,T0,T1,4.8ft,0.05s
4.24.2026 20:09:44,T0,T1,5.1ft,0.05s
4.24.2026 20:09:44,T0,T1,4.9ft,0.05s
4.24.2026 20:09:44,T0,T1,4.8ft,0.05s
4.24.2026 20:09:44,T0,T1,4.7ft,0.05s
4.24.2026 20:09:44,T0,T1,4.9ft,0.05s
4.24.2026 20:09:44,T0,T1,4.8ft,0.05s
4.24.2026 20:09:44,T0,T1,4.7ft,0.05s
4.24.2026 20:09:44,T0,T1,4.6ft,0.05s
4.24.2026 20:09:44,T0,T1,4.6ft,0.05s
4.24.2026 20:09:44,T0,T1,4.6ft,0.05s
4.24.2026 20:09:44,T0,T1,4.5ft,0.05s
4.24.2026 20:09:44,T0,T1,4.5ft,0.05s
4.24.2026 20:09:44,T0,T1,4.5ft,0.05s
4.24.2026 20:09:44,T0,T1,4.5ft,0.05s
4.24.2026 20:09:44,T0,T1,4.5ft,0.05s
4.24.2026 20:09:44,T0,T1,4.5ft,0.05s
4.24.2026 20:09:44,T0,T1,4.5ft,0.05s
4.24.2026 20:09:45,T0,T1,4.6ft,0.05s
4.24.2026 20:09:45,T0,T1,4.6ft,0.05s
4.24.2026 20:09:45,T0,T1,4.6ft,0.05s
4.24.2026 20:09:45,T0,T1,4.6ft,0.05s
4.24.2026 20:09:45,T0,T1,4.6ft,0.05s
4.24.2026 20:09:45,T0,T1,4.6ft,0.05s
4.24.2026 20:09:45,T0,T1,4.6ft,0.05s
4.24.2026 20:09:45,T0,T1,4.6ft,0.05s
4.24.2026 20:09:45,T0,T1,4.6ft,0.05s
4.24.2026 20:09:45,T0,T1,4.5ft,0.05s
4.24.2026 20:09:45,T0,T1,4.5ft,0.05s
4.24.2026 20:09:45,T0,T1,4.5ft,0.05s
4.24.2026 20:09:45,T0,T1,4.5ft,0.05s
4.24.2026 20:09:45,T0,T1,4.5ft,0.05s
4.24.2026 20:09:45,T0,T1,4.5ft,0.05s
4.24.2026 20:09:45,T0,T1,4.5ft,0.05s
4.24.2026 20:09:45,T0,T1,4.5ft,0.05s
4.24.2026 20:09:45,T0,T1,4.5ft,0.05s
4.24.2026 20:09:45,T0,T1,4.5ft,0.05s
4.24.2026 20:09:46,T0,T1,4.5ft,0.05s
4.24.2026 20:09:46,T0,T1,4.5ft,0.05s
4.24.2026 20:09:46,T0,T1,4.5ft,0.05s
4.24.2026 20:09:46,T0,T1,4.5ft,0.05s
4.24.2026 20:09:46,T0,T1,4.5ft,0.05s
4.24.2026 20:09:46,T0,T1,4.7ft,0.05s
4.24.2026 20:09:46,T0,T1,4.6ft,0.05s
4.24.2026 20:09:46,T0,T1,4.6ft,0.05s
4.24.2026 20:09:46,T0,T1,4.6ft,0.05s
4.24.2026 20:09:46,T0,T1,4.5ft,0.05s
4.24.2026 20:09:46,T0,T1,4.5ft,0.05s
4.24.2026 20:09:46,T0,T1,4.5ft,0.05s
4.24.2026 20:09:46,T0,T1,4.5ft,0.06s
4.24.2026 20:09:46,T0,T1,4.6ft,0.05s
4.24.2026 20:09:46,T0,T1,4.9ft,0.05s
4.24.2026 20:09:46,T0,T1,4.7ft,0.05s
4.24.2026 20:09:46,T0,T1,4.7ft,0.05s
4.24.2026 20:09:46,T0,T1,4.9ft,0.05s
4.24.2026 20:09:46,T0,T1,4.8ft,0.05s
4.24.2026 20:09:46,T0,T1,4.7ft,0.05s
4.24.2026 20:09:47,T0,T1,4.9ft,0.05s
4.24.2026 20:09:47,T0,T1,5.2ft,0.05s
4.24.2026 20:09:47,T0,T1,5.0ft,0.05s
4.24.2026 20:09:47,T0,T1,4.8ft,0.05s
4.24.2026 20:09:47,T0,T1,4.7ft,0.05s
4.24.2026 20:09:47,T0,T1,4.6ft,0.05s
4.24.2026 20:09:47,T0,T1,4.6ft,0.05s
4.24.2026 20:09:47,T0,T1,4.5ft,0.05s
4.24.2026 20:09:47,T0,T1,4.5ft,0.05s
4.24.2026 20:09:47,T0,T1,4.7ft,0.05s
4.24.2026 20:09:47,T0,T1,5.0ft,0.05s
4.24.2026 20:09:47,T0,T1,4.8ft,0.05s
4.24.2026 20:09:47,T0,T1,5.1ft,0.05s
4.24.2026 20:09:47,T0,T1,5.4ft,0.05s
4.24.2026 20:09:47,T0,T1,5.7ft,0.05s
4.24.2026 20:09:47,T0,T1,5.3ft,0.05s
4.24.2026 20:09:47,T0,T1,5.1ft,0.05s
4.24.2026 20:09:47,T0,T1,4.9ft,0.06s
4.24.2026 20:09:47,T0,T1,5.2ft,0.05s
4.24.2026 20:09:48,T0,T1,5.0ft,0.05s
4.24.2026 20:09:48,T0,T1,4.8ft,0.05s
4.24.2026 20:09:48,T0,T1,4.7ft,0.05s
4.24.2026 20:09:48,T0,T1,4.7ft,0.05s
4.24.2026 20:09:48,T0,T1,4.9ft,0.05s
4.24.2026 20:09:48,T0,T1,5.2ft,0.05s
4.24.2026 20:09:48,T0,T1,5.0ft,0.05s
4.24.2026 20:09:48,T0,T1,5.3ft,0.05s
4.24.2026 20:09:48,T0,T1,5.5ft,0.05s
4.24.2026 20:09:48,T0,T1,5.8ft,0.05s
4.24.2026 20:09:48,T0,T1,5.4ft,0.05s
4.24.2026 20:09:48,T0,T1,5.2ft,0.05s
4.24.2026 20:09:48,T0,T1,5.0ft,0.05s
4.24.2026 20:09:48,T0,T1,5.3ft,0.05s
4.24.2026 20:09:48,T0,T1,5.6ft,0.05s
4.24.2026 20:09:48,T0,T1,5.8ft,0.05s
4.24.2026 20:09:48,T0,T1,6.1ft,0.05s
4.24.2026 20:09:48,T0,T1,6.3ft,0.05s
4.24.2026 20:09:48,T0,T1,5.8ft,0.05s
4.24.2026 20:09:48,T0,T1,5.5ft,0.05s
4.24.2026 20:09:49,T0,T1,5.2ft,0.05s
4.24.2026 20:09:49,T0,T1,5.5ft,0.05s
4.24.2026 20:09:49,T0,T1,5.8ft,0.05s
4.24.2026 20:09:49,T0,T1,6.0ft,0.05s
4.24.2026 20:09:49,T0,T1,5.6ft,0.05s
4.24.2026 20:09:49,T0,T1,5.9ft,0.05s
4.24.2026 20:09:49,T0,T1,6.1ft,0.05s
4.24.2026 20:09:49,T0,T1,5.7ft,0.05s
4.24.2026 20:09:49,T0,T1,5.9ft,0.05s
4.24.2026 20:09:49,T0,T1,6.2ft,0.05s
4.24.2026 20:09:49,T0,T1,6.4ft,0.05s
4.24.2026 20:09:49,T0,T1,5.9ft,0.05s
4.24.2026 20:09:49,T0,T1,5.5ft,0.05s
4.24.2026 20:09:49,T0,T1,5.2ft,0.05s
4.24.2026 20:09:49,T0,T1,5.0ft,0.05s
4.24.2026 20:09:49,T0,T1,4.8ft,0.05s
4.24.2026 20:09:49,T0,T1,4.7ft,0.05s
4.24.2026 20:09:49,T0,T1,4.6ft,0.05s
4.24.2026 20:09:49,T0,T1,4.6ft,0.05s
4.24.2026 20:09:50,T0,T1,4.8ft,0.05s
4.24.2026 20:09:50,T0,T1,5.1ft,0.05s
4.24.2026 20:09:50,T0,T1,4.9ft,0.05s
4.24.2026 20:09:50,T0,T1,4.8ft,0.05s
4.24.2026 20:09:50,T0,T1,4.7ft,0.05s
4.24.2026 20:09:50,T0,T1,4.6ft,0.05s
4.24.2026 20:09:50,T0,T1,4.6ft,0.06s
4.24.2026 20:09:50,T0,T1,4.5ft,0.05s
4.24.2026 20:09:50,T0,T1,4.5ft,0.05s
4.24.2026 20:09:50,T0,T1,4.5ft,0.05s
4.24.2026 20:09:50,T0,T1,4.5ft,0.05s
4.24.2026 20:09:50,T0,T1,4.5ft,0.05s
4.24.2026 20:09:50,T0,T1,4.5ft,0.05s
4.24.2026 20:09:50,T0,T1,4.5ft,0.05s
4.24.2026 20:09:50,T0,T1,4.5ft,0.05s
4.24.2026 20:09:50,T0,T1,4.5ft,0.05s
4.24.2026 20:09:50,T0,T1,4.5ft,0.05s
4.24.2026 20:09:50,T0,T1,4.5ft,0.05s
4.24.2026 20:09:50,T0,T1,4.5ft,0.05s
4.24.2026 20:09:50,T0,T1,4.5ft,0.05s
4.24.2026 20:09:51,T0,T1,4.5ft,0.06s
4.24.2026 20:09:51,T0,T1,4.5ft,0.05s
4.24.2026 20:09:51,T0,T1,4.5ft,0.05s
4.24.2026 20:09:51,T0,T1,4.5ft,0.05s
4.24.2026 20:09:51,T0,T1,4.5ft,0.05s
4.24.2026 20:09:51,T0,T1,4.6ft,0.05s
4.24.2026 20:09:51,T0,T1,4.7ft,0.05s
4.24.2026 20:09:51,T0,T1,4.7ft,0.05s
4.24.2026 20:09:51,T0,T1,4.6ft,0.05s
4.24.2026 20:09:51,T0,T1,4.6ft,0.05s
4.24.2026 20:09:51,T0,T1,4.6ft,0.05s
4.24.2026 20:09:51,T0,T1,4.6ft,0.05s
4.24.2026 20:09:51,T0,T1,4.6ft,0.05s
4.24.2026 20:09:51,T0,T1,4.6ft,0.05s
4.24.2026 20:09:51,T0,T1,4.6ft,0.05s
4.24.2026 20:09:51,T0,T1,4.7ft,0.05s
4.24.2026 20:09:51,T0,T1,4.9ft,0.05s
4.24.2026 20:09:51,T0,T1,5.2ft,0.05s
4.24.2026 20:09:51,T0,T1,5.0ft,0.05s
4.24.2026 20:09:52,T0,T1,4.8ft,0.05s
4.24.2026 20:09:52,T0,T1,4.7ft,0.05s
4.24.2026 20:09:52,T0,T1,4.7ft,0.05s
4.24.2026 20:09:52,T0,T1,4.9ft,0.05s
4.24.2026 20:09:52,T0,T1,5.2ft,0.05s
4.24.2026 20:09:52,T0,T1,5.5ft,0.05s
4.24.2026 20:09:52,T0,T1,5.2ft,0.06s
4.24.2026 20:09:52,T0,T1,5.5ft,0.05s
4.24.2026 20:09:52,T0,T1,5.7ft,0.05s
4.24.2026 20:09:52,T0,T1,5.4ft,0.05s
4.24.2026 20:09:52,T0,T1,5.1ft,0.05s
4.24.2026 20:09:52,T0,T1,5.0ft,0.05s
4.24.2026 20:09:52,T0,T1,4.8ft,0.05s
4.24.2026 20:09:52,T0,T1,4.7ft,0.05s
4.24.2026 20:09:52,T0,T1,4.6ft,0.05s
4.24.2026 20:09:52,T0,T1,4.6ft,0.05s
4.24.2026 20:09:52,T0,T1,4.6ft,0.05s
4.24.2026 20:09:52,T0,T1,4.6ft,0.05s
4.24.2026 20:09:52,T0,T1,4.5ft,0.05s
4.24.2026 20:09:52,T0,T1,4.5ft,0.05s
4.24.2026 20:09:53,T0,T1,4.5ft,0.05s
4.24.2026 20:09:53,T0,T1,4.6ft,0.05s
4.24.2026 20:09:53,T0,T1,4.9ft,0.05s
4.24.2026 20:09:53,T0,T1,4.8ft,0.05s
4.24.2026 20:09:53,T0,T1,4.7ft,0.05s
4.24.2026 20:09:53,T0,T1,4.6ft,0.05s
4.24.2026 20:09:53,T0,T1,4.6ft,0.05s
4.24.2026 20:09:53,T0,T1,4.6ft,0.05s
4.24.2026 20:09:53,T0,T1,4.6ft,0.05s
4.24.2026 20:09:53,T0,T1,4.6ft,0.05s
4.24.2026 20:09:53,T0,T1,4.5ft,0.05s
4.24.2026 20:09:53,T0,T1,4.5ft,0.06s
4.24.2026 20:09:53,T0,T1,4.5ft,0.05s
4.24.2026 20:09:53,T0,T1,4.6ft,0.05s
4.24.2026 20:09:53,T0,T1,4.6ft,0.05s
4.24.2026 20:09:53,T0,T1,4.6ft,0.05s
4.24.2026 20:09:53,T0,T1,4.6ft,0.05s
4.24.2026 20:09:53,T0,T1,4.6ft,0.05s
4.24.2026 20:09:53,T0,T1,4.8ft,0.05s
4.24.2026 20:09:53,T0,T1,5.0ft,0.05s
4.24.2026 20:09:54,T0,T1,5.3ft,0.05s
4.24.2026 20:09:54,T0,T1,5.1ft,0.05s
4.24.2026 20:09:54,T0,T1,4.9ft,0.06s
4.24.2026 20:09:54,T0,T1,4.8ft,0.05s
4.24.2026 20:09:54,T0,T1,5.0ft,0.05s
4.24.2026 20:09:54,T0,T1,4.9ft,0.05s
4.24.2026 20:09:54,T0,T1,4.7ft,0.05s
4.24.2026 20:09:54,T0,T1,4.6ft,0.05s
4.24.2026 20:09:54,T0,T1,4.6ft,0.05s
4.24.2026 20:09:54,T0,T1,4.6ft,0.05s
4.24.2026 20:09:54,T0,T1,4.5ft,0.05s
4.24.2026 20:09:54,T0,T1,4.5ft,0.05s
4.24.2026 20:09:54,T0,T1,4.5ft,0.05s
4.24.2026 20:09:54,T0,T1,4.5ft,0.05s
4.24.2026 20:09:54,T0,T1,4.5ft,0.05s
4.24.2026 20:09:54,T0,T1,4.5ft,0.05s
4.24.2026 20:09:54,T0,T1,4.6ft,0.06s
4.24.2026 20:09:54,T0,T1,4.8ft,0.05s
4.24.2026 20:09:54,T0,T1,5.1ft,0.05s
4.24.2026 20:09:55,T0,T1,4.9ft,0.05s
4.24.2026 20:09:55,T0,T1,4.8ft,0.05s
4.24.2026 20:09:55,T0,T1,4.7ft,0.05s
4.24.2026 20:09:55,T0,T1,4.6ft,0.05s
4.24.2026 20:09:55,T0,T1,4.6ft,0.05s
4.24.2026 20:09:55,T0,T1,4.6ft,0.05s
4.24.2026 20:09:55,T0,T1,4.7ft,0.05s
4.24.2026 20:09:55,T0,T1,5.0ft,0.05s
4.24.2026 20:09:55,T0,T1,5.3ft,0.06s
4.24.2026 20:09:55,T0,T1,5.6ft,0.05s
4.24.2026 20:09:55,T0,T1,5.3ft,0.05s
4.24.2026 20:09:55,T0,T1,5.0ft,0.05s
4.24.2026 20:09:55,T0,T1,4.9ft,0.05s
4.24.2026 20:09:55,T0,T1,5.2ft,0.05s
4.24.2026 20:09:55,T0,T1,5.0ft,0.05s
4.24.2026 20:09:55,T0,T1,4.8ft,0.05s
4.24.2026 20:09:55,T0,T1,4.7ft,0.05s
4.24.2026 20:09:55,T0,T1,4.7ft,0.05s
4.24.2026 20:09:55,T0,T1,4.9ft,0.05s
4.24.2026 20:09:55,T0,T1,5.2ft,0.05s
4.24.2026 20:09:56,T0,T1,5.5ft,0.05s
4.24.2026 20:09:56,T0,T1,5.8ft,0.05s
4.24.2026 20:09:56,T0,T1,5.4ft,0.05s
4.24.2026 20:09:56,T0,T1,5.1ft,0.05s
4.24.2026 20:09:56,T0,T1,5.4ft,0.05s
4.24.2026 20:09:56,T0,T1,5.7ft,0.05s
4.24.2026 20:09:56,T0,T1,6.0ft,0.05s
4.24.2026 20:09:56,T0,T1,5.6ft,0.05s
4.24.2026 20:09:56,T0,T1,5.3ft,0.05s
4.24.2026 20:09:56,T0,T1,5.0ft,0.05s
4.24.2026 20:09:56,T0,T1,4.9ft,0.05s
4.24.2026 20:09:56,T0,T1,4.8ft,0.05s
4.24.2026 20:09:56,T0,T1,4.7ft,0.05s
4.24.2026 20:09:56,T0,T1,4.6ft,0.05s
4.24.2026 20:09:56,T0,T1,4.6ft,0.05s
4.24.2026 20:09:56,T0,T1,4.6ft,0.05s
4.24.2026 20:09:56,T0,T1,4.5ft,0.05s
4.24.2026 20:09:56,T0,T1,4.5ft,0.05s
4.24.2026 20:09:56,T0,T1,4.5ft,0.05s
4.24.2026 20:09:57,T0,T1,4.5ft,0.05s
4.24.2026 20:09:57,T0,T1,4.5ft,0.05s
4.24.2026 20:09:57,T0,T1,4.5ft,0.05s
4.24.2026 20:09:57,T0,T1,4.5ft,0.05s
4.24.2026 20:09:57,T0,T1,4.5ft,0.05s
4.24.2026 20:09:57,T0,T1,4.5ft,0.06s
4.24.2026 20:09:57,T0,T1,4.5ft,0.05s
4.24.2026 20:09:57,T0,T1,4.5ft,0.05s
4.24.2026 20:09:57,T0,T1,4.5ft,0.05s
4.24.2026 20:09:57,T0,T1,4.5ft,0.05s
4.24.2026 20:09:57,T0,T1,4.5ft,0.05s
4.24.2026 20:09:57,T0,T1,4.5ft,0.05s
4.24.2026 20:09:57,T0,T1,4.5ft,0.05s
4.24.2026 20:09:57,T0,T1,4.5ft,0.05s
4.24.2026 20:09:57,T0,T1,4.5ft,0.05s
4.24.2026 20:09:57,T0,T1,4.5ft,0.05s
4.24.2026 20:09:57,T0,T1,4.5ft,0.05s
4.24.2026 20:09:57,T0,T1,4.5ft,0.05s
4.24.2026 20:09:57,T0,T1,4.7ft,0.05s
4.24.2026 20:09:57,T0,T1,5.0ft,0.05s
4.24.2026 20:09:58,T0,T1,4.8ft,0.05s
4.24.2026 20:09:58,T0,T1,4.7ft,0.05s
4.24.2026 20:09:58,T0,T1,4.6ft,0.05s
4.24.2026 20:09:58,T0,T1,4.6ft,0.05s
4.24.2026 20:09:58,T0,T1,4.6ft,0.05s
4.24.2026 20:09:58,T0,T1,4.5ft,0.05s
4.24.2026 20:09:58,T0,T1,4.5ft,0.05s
4.24.2026 20:09:58,T0,T1,4.7ft,0.05s
4.24.2026 20:09:58,T0,T1,4.6ft,0.05s
4.24.2026 20:09:58,T0,T1,4.6ft,0.05s
4.24.2026 20:09:58,T0,T1,4.6ft,0.05s
4.24.2026 20:09:58,T0,T1,4.5ft,0.05s
4.24.2026 20:09:58,T0,T1,4.5ft,0.05s
4.24.2026 20:09:58,T0,T1,4.5ft,0.05s
4.24.2026 20:09:58,T0,T1,4.5ft,0.05s
4.24.2026 20:09:58,T0,T1,4.5ft,0.05s
4.24.2026 20:09:58,T0,T1,4.5ft,0.05s
4.24.2026 20:09:58,T0,T1,4.5ft,0.05s
4.24.2026 20:09:58,T0,T1,4.6ft,0.05s
4.24.2026 20:09:59,T0,T1,4.6ft,0.05s
4.24.2026 20:09:59,T0,T1,4.6ft,0.05s
4.24.2026 20:09:59,T0,T1,4.6ft,0.05s
4.24.2026 20:09:59,T0,T1,4.6ft,0.05s
4.24.2026 20:09:59,T0,T1,4.6ft,0.05s
4.24.2026 20:09:59,T0,T1,4.6ft,0.05s
4.24.2026 20:09:59,T0,T1,4.6ft,0.05s
4.24.2026 20:09:59,T0,T1,4.6ft,0.05s
4.24.2026 20:09:59,T0,T1,4.6ft,0.05s
4.24.2026 20:09:59,T0,T1,4.6ft,0.05s
4.24.2026 20:09:59,T0,T1,4.8ft,0.05s
4.24.2026 20:09:59,T0,T1,4.7ft,0.05s
4.24.2026 20:09:59,T0,T1,4.7ft,0.05s
4.24.2026 20:09:59,T0,T1,4.6ft,0.06s
4.24.2026 20:09:59,T0,T1,4.6ft,0.05s
4.24.2026 20:09:59,T0,T1,4.6ft,0.05s
4.24.2026 20:09:59,T0,T1,4.6ft,0.05s
4.24.2026 20:09:59,T0,T1,4.5ft,0.05s
4.24.2026 20:09:59,T0,T1,4.5ft,0.05s
4.24.2026 20:09:59,T0,T1,4.5ft,0.05s
4.24.2026 20:10:00,T0,T1,4.6ft,0.05s
4.24.2026 20:10:00,T0,T1,4.6ft,0.05s
4.24.2026 20:10:00,T0,T1,4.6ft,0.05s
4.24.2026 20:10:00,T0,T1,4.6ft,0.05s
4.24.2026 20:10:00,T0,T1,4.6ft,0.05s
4.24.2026 20:10:00,T0,T1,4.6ft,0.05s
4.24.2026 20:10:00,T0,T1,4.8ft,0.05s
4.24.2026 20:10:00,T0,T1,4.7ft,0.05s
4.24.2026 20:10:00,T0,T1,4.7ft,0.05s
4.24.2026 20:10:00,T0,T1,4.6ft,0.05s
4.24.2026 20:10:00,T0,T1,4.6ft,0.05s
4.24.2026 20:10:00,T0,T1,4.6ft,0.05s
4.24.2026 20:10:00,T0,T1,4.6ft,0.05s
4.24.2026 20:10:00,T0,T1,4.6ft,0.05s
4.24.2026 20:10:00,T0,T1,4.6ft,0.05s
4.24.2026 20:10:00,T0,T1,4.6ft,0.05s
4.24.2026 20:10:00,T0,T1,4.6ft,0.05s
4.24.2026 20:10:00,T0,T1,4.6ft,0.05s
4.24.2026 20:10:00,T0,T1,4.6ft,0.05s
4.24.2026 20:10:01,T0,T1,4.8ft,0.05s
4.24.2026 20:10:01,T0,T1,5.1ft,0.05s
4.24.2026 20:10:01,T0,T1,5.4ft,0.05s
4.24.2026 20:10:01,T0,T1,5.1ft,0.05s
4.24.2026 20:10:01,T0,T1,4.9ft,0.05s
4.24.2026 20:10:01,T0,T1,4.8ft,0.05s
4.24.2026 20:10:01,T0,T1,4.7ft,0.05s
4.24.2026 20:10:01,T0,T1,4.7ft,0.05s
4.24.2026 20:10:01,T0,T1,4.6ft,0.05s
4.24.2026 20:10:01,T0,T1,4.6ft,0.05s
4.24.2026 20:10:01,T0,T1,4.8ft,0.05s
4.24.2026 20:10:01,T0,T1,5.0ft,0.05s
4.24.2026 20:10:01,T0,T1,5.3ft,0.05s
4.24.2026 20:10:01,T0,T1,5.6ft,0.05s
4.24.2026 20:10:01,T0,T1,5.9ft,0.05s
4.24.2026 20:10:01,T0,T1,6.2ft,0.05s
4.24.2026 20:10:01,T0,T1,5.7ft,0.05s
4.24.2026 20:10:01,T0,T1,5.4ft,0.05s
4.24.2026 20:10:01,T0,T1,5.1ft,0.05s
4.24.2026 20:10:01,T0,T1,4.9ft,0.05s
4.24.2026 20:10:02,T0,T1,4.8ft,0.05s
4.24.2026 20:10:02,T0,T1,4.7ft,0.05s
4.24.2026 20:10:02,T0,T1,4.7ft,0.05s
4.24.2026 20:10:02,T0,T1,4.6ft,0.05s
4.24.2026 20:10:02,T0,T1,4.8ft,0.06s
4.24.2026 20:10:02,T0,T1,5.1ft,0.05s
4.24.2026 20:10:02,T0,T1,5.4ft,0.05s
4.24.2026 20:10:02,T0,T1,5.6ft,0.05s
4.24.2026 20:10:02,T0,T1,5.3ft,0.05s
4.24.2026 20:10:02,T0,T1,5.1ft,0.05s
4.24.2026 20:10:02,T0,T1,4.9ft,0.05s
4.24.2026 20:10:02,T0,T1,4.8ft,0.05s
4.24.2026 20:10:02,T0,T1,4.7ft,0.05s
4.24.2026 20:10:02,T0,T1,4.6ft,0.05s
4.24.2026 20:10:02,T0,T1,4.6ft,0.05s
4.24.2026 20:10:02,T0,T1,4.6ft,0.05s
4.24.2026 20:10:02,T0,T1,4.6ft,0.05s
4.24.2026 20:10:02,T0,T1,4.5ft,0.05s
4.24.2026 20:10:02,T0,T1,4.5ft,0.05s
4.24.2026 20:10:02,T0,T1,4.5ft,0.05s
4.24.2026 20:10:03,T0,T1,4.5ft,0.05s
4.24.2026 20:10:03,T0,T1,4.6ft,0.05s
4.24.2026 20:10:03,T0,T1,4.8ft,0.05s
4.24.2026 20:10:03,T0,T1,5.1ft,0.05s
4.24.2026 20:10:03,T0,T1,4.9ft,0.05s
4.24.2026 20:10:03,T0,T1,4.8ft,0.05s
4.24.2026 20:10:03,T0,T1,4.7ft,0.05s
4.24.2026 20:10:03,T0,T1,4.6ft,0.05s
4.24.2026 20:10:03,T0,T1,4.6ft,0.05s
4.24.2026 20:10:03,T0,T1,4.8ft,0.05s
4.24.2026 20:10:03,T0,T1,5.1ft,0.05s
4.24.2026 20:10:03,T0,T1,5.3ft,0.05s
4.24.2026 20:10:03,T0,T1,5.6ft,0.05s
4.24.2026 20:10:03,T0,T1,5.3ft,0.05s
4.24.2026 20:10:03,T0,T1,5.1ft,0.05s
4.24.2026 20:10:03,T0,T1,4.9ft,0.05s
4.24.2026 20:10:03,T0,T1,4.8ft,0.05s
4.24.2026 20:10:03,T0,T1,4.7ft,0.05s
4.24.2026 20:10:03,T0,T1,4.6ft,0.05s
4.24.2026 20:10:04,T0,T1,4.6ft,0.05s
4.24.2026 20:10:04,T0,T1,4.8ft,0.05s
4.24.2026 20:10:04,T0,T1,5.0ft,0.05s
4.24.2026 20:10:04,T0,T1,5.3ft,0.05s
4.24.2026 20:10:04,T0,T1,5.1ft,0.05s
4.24.2026 20:10:04,T0,T1,4.9ft,0.05s
4.24.2026 20:10:04,T0,T1,4.8ft,0.05s
4.24.2026 20:10:04,T0,T1,4.7ft,0.05s
4.24.2026 20:10:04,T0,T1,4.6ft,0.05s
4.24.2026 20:10:04,T0,T1,4.6ft,0.05s
4.24.2026 20:10:04,T0,T1,4.5ft,0.05s
4.24.2026 20:10:04,T0,T1,4.5ft,0.05s
4.24.2026 20:10:04,T0,T1,4.5ft,0.06s
4.24.2026 20:10:04,T0,T1,4.5ft,0.05s
4.24.2026 20:10:04,T0,T1,4.5ft,0.05s
4.24.2026 20:10:04,T0,T1,4.5ft,0.05s
4.24.2026 20:10:04,T0,T1,4.5ft,0.05s
4.24.2026 20:10:04,T0,T1,4.5ft,0.05s
4.24.2026 20:10:04,T0,T1,4.5ft,0.05s
4.24.2026 20:10:04,T0,T1,4.5ft,0.05s
4.24.2026 20:10:05,T0,T1,4.5ft,0.05s
4.24.2026 20:10:05,T0,T1,4.5ft,0.05s
4.24.2026 20:10:05,T0,T1,4.6ft,0.05s
4.24.2026 20:10:05,T0,T1,4.8ft,0.05s
4.24.2026 20:10:05,T0,T1,4.7ft,0.05s
4.24.2026 20:10:05,T0,T1,4.6ft,0.05s
4.24.2026 20:10:05,T0,T1,4.6ft,0.05s
4.24.2026 20:10:05,T0,T1,4.5ft,0.05s
4.24.2026 20:10:05,T0,T1,4.5ft,0.05s
4.24.2026 20:10:05,T0,T1,4.5ft,0.05s
4.24.2026 20:10:05,T0,T1,4.5ft,0.05s
4.24.2026 20:10:05,T0,T1,4.5ft,0.05s
4.24.2026 20:10:05,T0,T1,4.5ft,0.05s
4.24.2026 20:10:05,T0,T1,4.5ft,0.05s
4.24.2026 20:10:05,T0,T1,4.5ft,0.05s
4.24.2026 20:10:05,T0,T1,4.5ft,0.05s
4.24.2026 20:10:05,T0,T1,4.5ft,0.05s
4.24.2026 20:10:05,T0,T1,4.5ft,0.06s
4.24.2026 20:10:05,T0,T1,4.5ft,0.05s
4.24.2026 20:10:06,T0,T1,4.5ft,0.05s
4.24.2026 20:10:06,T0,T1,4.5ft,0.05s
4.24.2026 20:10:06,T0,T1,4.5ft,0.05s
4.24.2026 20:10:06,T0,T1,4.5ft,0.05s
4.24.2026 20:10:06,T0,T1,4.5ft,0.05s
4.24.2026 20:10:06,T0,T1,4.5ft,0.05s
4.24.2026 20:10:06,T0,T1,4.5ft,0.05s
4.24.2026 20:10:06,T0,T1,4.5ft,0.05s
4.24.2026 20:10:06,T0,T1,4.5ft,0.05s
4.24.2026 20:10:06,T0,T1,4.5ft,0.05s
4.24.2026 20:10:06,T0,T1,4.5ft,0.05s
4.24.2026 20:10:06,T0,T1,4.5ft,0.05s
4.24.2026 20:10:06,T0,T1,4.7ft,0.05s
4.24.2026 20:10:06,T0,T1,4.6ft,0.05s
4.24.2026 20:10:06,T0,T1,4.6ft,0.05s
4.24.2026 20:10:06,T0,T1,4.6ft,0.05s
4.24.2026 20:10:06,T0,T1,4.5ft,0.05s
4.24.2026 20:10:06,T0,T1,4.5ft,0.05s
4.24.2026 20:10:06,T0,T1,4.5ft,0.05s
4.24.2026 20:10:06,T0,T1,4.5ft,0.05s
4.24.2026 20:10:07,T0,T1,4.5ft,0.05s
4.24.2026 20:10:07,T0,T1,4.5ft,0.05s
4.24.2026 20:10:07,T0,T1,4.5ft,0.05s
4.24.2026 20:10:07,T0,T1,4.5ft,0.05s
4.24.2026 20:10:07,T0,T1,4.6ft,0.05s
4.24.2026 20:10:07,T0,T1,4.8ft,0.05s
4.24.2026 20:10:07,T0,T1,5.1ft,0.05s
4.24.2026 20:10:07,T0,T1,4.9ft,0.05s
4.24.2026 20:10:07,T0,T1,4.8ft,0.05s
4.24.2026 20:10:07,T0,T1,4.7ft,0.05s
4.24.2026 20:10:07,T0,T1,4.6ft,0.05s
4.24.2026 20:10:07,T0,T1,4.6ft,0.05s
4.24.2026 20:10:07,T0,T1,4.6ft,0.05s
4.24.2026 20:10:07,T0,T1,4.6ft,0.05s
4.24.2026 20:10:07,T0,T1,4.6ft,0.05s
4.24.2026 20:10:07,T0,T1,4.6ft,0.05s
4.24.2026 20:10:07,T0,T1,4.6ft,0.05s
4.24.2026 20:10:07,T0,T1,4.6ft,0.05s
4.24.2026 20:10:07,T0,T1,4.6ft,0.05s
4.24.2026 20:10:08,T0,T1,4.6ft,0.05s
4.24.2026 20:10:08,T0,T1,4.6ft,0.05s
4.24.2026 20:10:08,T0,T1,4.6ft,0.05s
4.24.2026 20:10:08,T0,T1,4.6ft,0.05s
4.24.2026 20:10:08,T0,T1,4.6ft,0.05s
4.24.2026 20:10:08,T0,T1,4.6ft,0.05s
4.24.2026 20:10:08,T0,T1,4.6ft,0.05s
4.24.2026 20:10:08,T0,T1,4.6ft,0.05s
4.24.2026 20:10:08,T0,T1,4.6ft,0.05s
4.24.2026 20:10:08,T0,T1,4.6ft,0.05s
4.24.2026 20:10:08,T0,T1,4.5ft,0.05s
4.24.2026 20:10:08,T0,T1,4.5ft,0.05s
4.24.2026 20:10:08,T0,T1,4.5ft,0.05s
4.24.2026 20:10:08,T0,T1,4.5ft,0.05s
4.24.2026 20:10:08,T0,T1,4.6ft,0.05s
4.24.2026 20:10:08,T0,T1,4.6ft,0.05s
4.24.2026 20:10:08,T0,T1,4.6ft,0.05s
4.24.2026 20:10:08,T0,T1,4.6ft,0.05s
4.24.2026 20:10:08,T0,T1,4.6ft,0.05s
4.24.2026 20:10:08,T0,T1,4.6ft,0.05s
4.24.2026 20:10:09,T0,T1,4.6ft,0.05s
4.24.2026 20:10:09,T0,T1,4.6ft,0.05s
4.24.2026 20:10:09,T0,T1,4.8ft,0.05s
4.24.2026 20:10:09,T0,T1,5.0ft,0.05s
4.24.2026 20:10:09,T0,T1,4.9ft,0.05s
4.24.2026 20:10:09,T0,T1,4.8ft,0.05s
4.24.2026 20:10:09,T0,T1,4.7ft,0.05s
4.24.2026 20:10:09,T0,T1,4.6ft,0.05s
4.24.2026 20:10:09,T0,T1,4.6ft,0.05s
4.24.2026 20:10:09,T0,T1,4.6ft,0.05s
4.24.2026 20:10:09,T0,T1,4.6ft,0.05s
4.24.2026 20:10:09,T0,T1,4.6ft,0.05s
4.24.2026 20:10:09,T0,T1,4.5ft,0.05s
4.24.2026 20:10:09,T0,T1,4.5ft,0.05s
4.24.2026 20:10:09,T0,T1,4.6ft,0.05s
4.24.2026 20:10:09,T0,T1,4.6ft,0.05s
4.24.2026 20:10:09,T0,T1,4.6ft,0.05s
4.24.2026 20:10:09,T0,T1,4.5ft,0.05s
4.24.2026 20:10:09,T0,T1,4.5ft,0.05s
4.24.2026 20:10:09,T0,T1,4.7ft,0.05s
4.24.2026 20:10:10,T0,T1,4.9ft,0.05s
4.24.2026 20:10:10,T0,T1,4.8ft,0.05s
4.24.2026 20:10:10,T0,T1,4.7ft,0.05s
4.24.2026 20:10:10,T0,T1,4.6ft,0.05s
4.24.2026 20:10:10,T0,T1,4.6ft,0.05s
4.24.2026 20:10:10,T0,T1,4.5ft,0.05s
4.24.2026 20:10:10,T0,T1,4.7ft,0.05s
4.24.2026 20:10:10,T0,T1,5.0ft,0.05s
4.24.2026 20:10:10,T0,T1,5.3ft,0.05s
4.24.2026 20:10:10,T0,T1,5.0ft,0.05s
4.24.2026 20:10:10,T0,T1,4.9ft,0.05s
4.24.2026 20:10:10,T0,T1,4.7ft,0.05s
4.24.2026 20:10:10,T0,T1,5.0ft,0.05s
4.24.2026 20:10:10,T0,T1,5.3ft,0.05s
4.24.2026 20:10:10,T0,T1,5.6ft,0.05s
4.24.2026 20:10:10,T0,T1,5.8ft,0.05s
4.24.2026 20:10:10,T0,T1,6.1ft,0.05s
4.24.2026 20:10:10,T0,T1,6.3ft,0.05s
4.24.2026 20:10:10,T0,T1,6.5ft,0.05s
4.24.2026 20:10:11,T0,T1,5.9ft,0.05s
4.24.2026 20:10:11,T0,T1,6.2ft,0.05s
4.24.2026 20:10:11,T0,T1,6.4ft,0.05s
4.24.2026 20:10:11,T0,T1,5.9ft,0.05s
4.24.2026 20:10:11,T0,T1,5.5ft,0.05s
4.24.2026 20:10:11,T0,T1,5.8ft,0.05s
4.24.2026 20:10:11,T0,T1,6.0ft,0.05s
4.24.2026 20:10:11,T0,T1,5.6ft,0.05s
4.24.2026 20:10:11,T0,T1,5.9ft,0.05s
4.24.2026 20:10:11,T0,T1,6.1ft,0.05s
4.24.2026 20:10:11,T0,T1,6.3ft,0.05s
4.24.2026 20:10:11,T0,T1,6.5ft,0.05s
4.24.2026 20:10:11,T0,T1,6.0ft,0.05s
4.24.2026 20:10:11,T0,T1,5.6ft,0.05s
4.24.2026 20:10:11,T0,T1,5.8ft,0.05s
4.24.2026 20:10:11,T0,T1,5.5ft,0.05s
4.24.2026 20:10:11,T0,T1,5.2ft,0.05s
4.24.2026 20:10:11,T0,T1,5.0ft,0.05s
4.24.2026 20:10:11,T0,T1,4.8ft,0.05s
4.24.2026 20:10:11,T0,T1,4.7ft,0.05s
4.24.2026 20:10:12,T0,T1,4.7ft,0.05s
4.24.2026 20:10:12,T0,T1,4.6ft,0.05s
4.24.2026 20:10:12,T0,T1,4.6ft,0.05s
4.24.2026 20:10:12,T0,T1,4.6ft,0.05s
4.24.2026 20:10:12,T0,T1,4.6ft,0.05s
4.24.2026 20:10:12,T0,T1,4.6ft,0.05s
4.24.2026 20:10:12,T0,T1,4.6ft,0.05s
4.24.2026 20:10:12,T0,T1,4.6ft,0.05s
4.24.2026 20:10:12,T0,T1,4.6ft,0.05s
4.24.2026 20:10:12,T0,T1,4.6ft,0.05s
4.24.2026 20:10:12,T0,T1,4.6ft,0.05s
4.24.2026 20:10:12,T0,T1,4.6ft,0.05s
4.24.2026 20:10:12,T0,T1,4.6ft,0.05s
4.24.2026 20:10:12,T0,T1,4.6ft,0.05s
4.24.2026 20:10:12,T0,T1,4.6ft,0.05s
4.24.2026 20:10:12,T0,T1,4.6ft,0.05s
4.24.2026 20:10:12,T0,T1,4.6ft,0.05s
4.24.2026 20:10:12,T0,T1,4.6ft,0.05s
4.24.2026 20:10:12,T0,T1,4.6ft,0.05s
4.24.2026 20:10:13,T0,T1,4.6ft,0.05s
4.24.2026 20:10:13,T0,T1,4.6ft,0.05s
4.24.2026 20:10:13,T0,T1,4.6ft,0.05s
4.24.2026 20:10:13,T0,T1,4.6ft,0.05s
4.24.2026 20:10:13,T0,T1,4.6ft,0.05s
4.24.2026 20:10:13,T0,T1,4.6ft,0.05s
4.24.2026 20:10:13,T0,T1,4.6ft,0.05s
4.24.2026 20:10:13,T0,T1,4.6ft,0.05s
4.24.2026 20:10:13,T0,T1,4.6ft,0.05s
4.24.2026 20:10:13,T0,T1,4.5ft,0.05s
4.24.2026 20:10:13,T0,T1,4.6ft,0.05s
4.24.2026 20:10:13,T0,T1,4.8ft,0.05s
4.24.2026 20:10:13,T0,T1,5.1ft,0.05s
4.24.2026 20:10:13,T0,T1,5.4ft,0.06s
4.24.2026 20:10:13,T0,T1,5.1ft,0.05s
4.24.2026 20:10:13,T0,T1,4.9ft,0.05s
4.24.2026 20:10:13,T0,T1,4.8ft,0.05s
4.24.2026 20:10:13,T0,T1,5.1ft,0.05s
4.24.2026 20:10:13,T0,T1,4.9ft,0.05s
4.24.2026 20:10:13,T0,T1,4.8ft,0.05s
4.24.2026 20:10:14,T0,T1,4.7ft,0.05s
4.24.2026 20:10:14,T0,T1,4.6ft,0.05s
4.24.2026 20:10:14,T0,T1,4.6ft,0.05s
4.24.2026 20:10:14,T0,T1,4.6ft,0.05s
4.24.2026 20:10:14,T0,T1,4.7ft,0.05s
4.24.2026 20:10:14,T0,T1,4.7ft,0.05s
4.24.2026 20:10:14,T0,T1,4.6ft,0.05s
4.24.2026 20:10:14,T0,T1,4.6ft,0.05s
4.24.2026 20:10:14,T0,T1,4.6ft,0.05s
4.24.2026 20:10:14,T0,T1,4.6ft,0.05s
4.24.2026 20:10:14,T0,T1,4.5ft,0.05s
4.24.2026 20:10:14,T0,T1,4.5ft,0.05s
4.24.2026 20:10:14,T0,T1,4.5ft,0.05s
4.24.2026 20:10:14,T0,T1,4.5ft,0.05s
4.24.2026 20:10:14,T0,T1,4.5ft,0.05s
4.24.2026 20:10:14,T0,T1,4.5ft,0.05s
4.24.2026 20:10:14,T0,T1,4.5ft,0.05s
4.24.2026 20:10:14,T0,T1,4.5ft,0.05s
4.24.2026 20:10:14,T0,T1,4.5ft,0.06s
4.24.2026 20:10:15,T0,T1,4.5ft,0.05s
4.24.2026 20:10:15,T0,T1,4.5ft,0.05s
4.24.2026 20:10:15,T0,T1,4.5ft,0.05s
4.24.2026 20:10:15,T0,T1,4.5ft,0.05s
4.24.2026 20:10:15,T0,T1,4.6ft,0.05s
4.24.2026 20:10:15,T0,T1,4.6ft,0.05s
4.24.2026 20:10:15,T0,T1,4.6ft,0.05s
4.24.2026 20:10:15,T0,T1,4.8ft,0.05s
4.24.2026 20:10:15,T0,T1,4.7ft,0.05s
4.24.2026 20:10:15,T0,T1,4.6ft,0.05s
4.24.2026 20:10:15,T0,T1,4.6ft,0.05s
4.24.2026 20:10:15,T0,T1,4.6ft,0.05s
4.24.2026 20:10:15,T0,T1,4.5ft,0.05s
4.24.2026 20:10:15,T0,T1,4.5ft,0.05s
4.24.2026 20:10:15,T0,T1,4.5ft,0.05s
4.24.2026 20:10:15,T0,T1,4.5ft,0.05s
4.24.2026 20:10:15,T0,T1,4.5ft,0.05s
4.24.2026 20:10:15,T0,T1,4.5ft,0.05s
4.24.2026 20:10:15,T0,T1,4.5ft,0.05s
4.24.2026 20:10:15,T0,T1,4.5ft,0.05s
4.24.2026 20:10:16,T0,T1,4.5ft,0.05s
4.24.2026 20:10:16,T0,T1,4.5ft,0.05s
4.24.2026 20:10:16,T0,T1,4.5ft,0.05s
4.24.2026 20:10:16,T0,T1,4.5ft,0.05s
4.24.2026 20:10:16,T0,T1,4.5ft,0.06s
4.24.2026 20:10:16,T0,T1,4.6ft,0.05s
4.24.2026 20:10:16,T0,T1,4.6ft,0.05s
4.24.2026 20:10:16,T0,T1,4.6ft,0.05s
4.24.2026 20:10:16,T0,T1,4.6ft,0.05s
4.24.2026 20:10:16,T0,T1,4.6ft,0.05s
4.24.2026 20:10:16,T0,T1,4.5ft,0.05s
4.24.2026 20:10:16,T0,T1,4.5ft,0.05s
4.24.2026 20:10:16,T0,T1,4.5ft,0.05s
4.24.2026 20:10:16,T0,T1,4.5ft,0.05s
4.24.2026 20:10:16,T0,T1,4.5ft,0.05s
4.24.2026 20:10:16,T0,T1,4.5ft,0.05s
4.24.2026 20:10:16,T0,T1,4.5ft,0.05s
4.24.2026 20:10:16,T0,T1,4.5ft,0.05s
4.24.2026 20:10:16,T0,T1,4.5ft,0.05s
4.24.2026 20:10:16,T0,T1,4.5ft,0.05s
4.24.2026 20:10:17,T0,T1,4.5ft,0.05s
4.24.2026 20:10:17,T0,T1,4.5ft,0.05s
4.24.2026 20:10:17,T0,T1,4.5ft,0.05s
4.24.2026 20:10:17,T0,T1,4.5ft,0.05s
4.24.2026 20:10:17,T0,T1,4.5ft,0.05s
4.24.2026 20:10:17,T0,T1,4.5ft,0.05s
4.24.2026 20:10:17,T0,T1,4.5ft,0.05s
4.24.2026 20:10:17,T0,T1,4.5ft,0.05s
4.24.2026 20:10:17,T0,T1,4.5ft,0.05s
4.24.2026 20:10:17,T0,T1,4.5ft,0.05s
4.24.2026 20:10:17,T0,T1,4.5ft,0.05s
4.24.2026 20:10:17,T0,T1,4.5ft,0.05s
4.24.2026 20:10:17,T0,T1,4.5ft,0.05s
4.24.2026 20:10:17,T0,T1,4.7ft,0.05s
4.24.2026 20:10:17,T0,T1,5.0ft,0.05s
4.24.2026 20:10:17,T0,T1,5.3ft,0.05s
4.24.2026 20:10:17,T0,T1,5.1ft,0.05s
4.24.2026 20:10:17,T0,T1,5.4ft,0.05s
4.24.2026 20:10:17,T0,T1,5.6ft,0.05s
4.24.2026 20:10:18,T0,T1,5.3ft,0.05s
4.24.2026 20:10:18,T0,T1,5.1ft,0.05s
4.24.2026 20:10:18,T0,T1,4.9ft,0.05s
4.24.2026 20:10:18,T0,T1,4.8ft,0.05s
4.24.2026 20:10:18,T0,T1,4.7ft,0.05s
4.24.2026 20:10:18,T0,T1,4.6ft,0.05s
4.24.2026 20:10:18,T0,T1,4.6ft,0.05s
4.24.2026 20:10:18,T0,T1,4.6ft,0.05s
4.24.2026 20:10:18,T0,T1,4.6ft,0.05s
4.24.2026 20:10:18,T0,T1,4.6ft,0.05s
4.24.2026 20:10:18,T0,T1,4.6ft,0.05s
4.24.2026 20:10:18,T0,T1,4.6ft,0.05s
4.24.2026 20:10:18,T0,T1,4.6ft,0.05s
4.24.2026 20:10:18,T0,T1,4.6ft,0.05s
4.24.2026 20:10:18,T0,T1,4.6ft,0.05s
4.24.2026 20:10:18,T0,T1,4.6ft,0.05s
4.24.2026 20:10:18,T0,T1,4.6ft,0.05s
4.24.2026 20:10:18,T0,T1,4.6ft,0.05s
4.24.2026 20:10:18,T0,T1,4.6ft,0.05s
4.24.2026 20:10:18,T0,T1,4.6ft,0.05s
4.24.2026 20:10:19,T0,T1,4.6ft,0.05s
4.24.2026 20:10:19,T0,T1,4.6ft,0.05s
4.24.2026 20:10:19,T0,T1,4.6ft,0.05s
4.24.2026 20:10:19,T0,T1,4.6ft,0.05s
4.24.2026 20:10:19,T0,T1,4.6ft,0.05s
4.24.2026 20:10:19,T0,T1,4.6ft,0.05s
4.24.2026 20:10:19,T0,T1,4.5ft,0.05s
4.24.2026 20:10:19,T0,T1,4.5ft,0.05s
4.24.2026 20:10:19,T0,T1,4.5ft,0.05s
4.24.2026 20:10:19,T0,T1,4.5ft,0.05s
4.24.2026 20:10:19,T0,T1,4.5ft,0.05s
4.24.2026 20:10:19,T0,T1,4.5ft,0.05s
4.24.2026 20:10:19,T0,T1,4.5ft,0.05s
4.24.2026 20:10:19,T0,T1,4.5ft,0.05s
4.24.2026 20:10:19,T0,T1,4.5ft,0.05s
4.24.2026 20:10:19,T0,T1,4.5ft,0.05s
4.24.2026 20:10:19,T0,T1,4.5ft,0.05s
4.24.2026 20:10:19,T0,T1,4.5ft,0.05s
4.24.2026 20:10:19,T0,T1,4.7ft,0.05s
4.24.2026 20:10:20,T0,T1,5.0ft,0.05s
4.24.2026 20:10:20,T0,T1,4.8ft,0.05s
4.24.2026 20:10:20,T0,T1,4.7ft,0.05s
4.24.2026 20:10:20,T0,T1,4.6ft,0.05s
4.24.2026 20:10:20,T0,T1,4.6ft,0.05s
4.24.2026 20:10:20,T0,T1,4.6ft,0.05s
4.24.2026 20:10:20,T0,T1,4.5ft,0.05s
4.24.2026 20:10:20,T0,T1,4.5ft,0.05s
4.24.2026 20:10:20,T0,T1,4.5ft,0.05s
4.24.2026 20:10:20,T0,T1,4.5ft,0.05s
4.24.2026 20:10:20,T0,T1,4.5ft,0.05s
4.24.2026 20:10:20,T0,T1,4.5ft,0.05s
4.24.2026 20:10:20,T0,T1,4.6ft,0.05s
4.24.2026 20:10:20,T0,T1,4.8ft,0.05s
4.24.2026 20:10:20,T0,T1,4.7ft,0.05s
4.24.2026 20:10:20,T0,T1,4.6ft,0.05s
4.24.2026 20:10:20,T0,T1,4.6ft,0.05s
4.24.2026 20:10:20,T0,T1,4.6ft,0.05s
4.24.2026 20:10:20,T0,T1,4.5ft,0.05s
4.24.2026 20:10:20,T0,T1,4.5ft,0.05s
4.24.2026 20:10:21,T0,T1,4.5ft,0.05s
4.24.2026 20:10:21,T0,T1,4.5ft,0.05s
4.24.2026 20:10:21,T0,T1,4.5ft,0.05s
4.24.2026 20:10:21,T0,T1,4.5ft,0.06s
4.24.2026 20:10:21,T0,T1,4.5ft,0.05s
4.24.2026 20:10:21,T0,T1,4.5ft,0.05s
4.24.2026 20:10:21,T0,T1,4.5ft,0.05s
4.24.2026 20:10:21,T0,T1,4.5ft,0.05s
4.24.2026 20:10:21,T0,T1,4.5ft,0.05s
4.24.2026 20:10:21,T0,T1,4.5ft,0.05s
4.24.2026 20:10:21,T0,T1,4.5ft,0.05s
4.24.2026 20:10:21,T0,T1,4.5ft,0.05s
4.24.2026 20:10:21,T0,T1,4.5ft,0.05s
4.24.2026 20:10:21,T0,T1,4.6ft,0.05s
4.24.2026 20:10:21,T0,T1,4.6ft,0.05s
4.24.2026 20:10:21,T0,T1,4.6ft,0.05s
4.24.2026 20:10:21,T0,T1,4.6ft,0.05s
4.24.2026 20:10:21,T0,T1,4.5ft,0.05s
4.24.2026 20:10:21,T0,T1,4.5ft,0.05s
4.24.2026 20:10:22,T0,T1,4.7ft,0.05s
4.24.2026 20:10:22,T0,T1,4.9ft,0.05s
4.24.2026 20:10:22,T0,T1,5.2ft,0.05s
4.24.2026 20:10:22,T0,T1,5.0ft,0.05s
4.24.2026 20:10:22,T0,T1,4.8ft,0.05s
4.24.2026 20:10:22,T0,T1,4.7ft,0.05s
4.24.2026 20:10:22,T0,T1,4.6ft,0.05s
4.24.2026 20:10:22,T0,T1,4.6ft,0.05s
4.24.2026 20:10:22,T0,T1,4.8ft,0.05s
4.24.2026 20:10:22,T0,T1,5.1ft,0.06s
4.24.2026 20:10:22,T0,T1,5.4ft,0.05s
4.24.2026 20:10:22,T0,T1,5.1ft,0.05s
4.24.2026 20:10:22,T0,T1,4.9ft,0.05s
4.24.2026 20:10:22,T0,T1,4.8ft,0.05s
4.24.2026 20:10:22,T0,T1,4.7ft,0.05s
4.24.2026 20:10:22,T0,T1,4.6ft,0.05s
4.24.2026 20:10:22,T0,T1,4.6ft,0.05s
4.24.2026 20:10:22,T0,T1,4.5ft,0.05s
4.24.2026 20:10:22,T0,T1,4.5ft,0.05s
4.24.2026 20:10:22,T0,T1,4.5ft,0.05s
4.24.2026 20:10:23,T0,T1,4.5ft,0.05s
4.24.2026 20:10:23,T0,T1,4.5ft,0.05s
4.24.2026 20:10:23,T0,T1,4.5ft,0.05s
4.24.2026 20:10:23,T0,T1,4.5ft,0.05s
4.24.2026 20:10:23,T0,T1,4.6ft,0.05s
4.24.2026 20:10:23,T0,T1,4.9ft,0.05s
4.24.2026 20:10:23,T0,T1,5.1ft,0.05s
4.24.2026 20:10:23,T0,T1,5.4ft,0.05s
4.24.2026 20:10:23,T0,T1,5.2ft,0.05s
4.24.2026 20:10:23,T0,T1,5.0ft,0.05s
4.24.2026 20:10:23,T0,T1,4.8ft,0.05s
4.24.2026 20:10:23,T0,T1,5.1ft,0.05s
4.24.2026 20:10:23,T0,T1,5.4ft,0.05s
4.24.2026 20:10:23,T0,T1,5.7ft,0.05s
4.24.2026 20:10:23,T0,T1,6.0ft,0.05s
4.24.2026 20:10:23,T0,T1,6.2ft,0.05s
4.24.2026 20:10:23,T0,T1,5.7ft,0.05s
4.24.2026 20:10:23,T0,T1,5.4ft,0.05s
4.24.2026 20:10:23,T0,T1,5.1ft,0.05s
4.24.2026 20:10:24,T0,T1,4.9ft,0.05s
4.24.2026 20:10:24,T0,T1,4.8ft,0.05s
4.24.2026 20:10:24,T0,T1,4.7ft,0.05s
4.24.2026 20:10:24,T0,T1,4.7ft,0.05s
4.24.2026 20:10:24,T0,T1,4.9ft,0.05s
4.24.2026 20:10:24,T0,T1,5.2ft,0.05s
4.24.2026 20:10:24,T0,T1,5.4ft,0.05s
4.24.2026 20:10:24,T0,T1,5.7ft,0.05s
4.24.2026 20:10:24,T0,T1,5.4ft,0.05s
4.24.2026 20:10:24,T0,T1,5.1ft,0.05s
4.24.2026 20:10:24,T0,T1,5.4ft,0.05s
4.24.2026 20:10:24,T0,T1,5.7ft,0.05s
4.24.2026 20:10:24,T0,T1,5.9ft,0.05s
4.24.2026 20:10:24,T0,T1,6.2ft,0.05s
4.24.2026 20:10:24,T0,T1,6.4ft,0.05s
4.24.2026 20:10:24,T0,T1,5.9ft,0.05s
4.24.2026 20:10:24,T0,T1,5.5ft,0.05s
4.24.2026 20:10:24,T0,T1,5.2ft,0.05s
4.24.2026 20:10:24,T0,T1,5.0ft,0.05s
4.24.2026 20:10:24,T0,T1,4.8ft,0.05s
4.24.2026 20:10:25,T0,T1,4.7ft,0.05s
4.24.2026 20:10:25,T0,T1,4.7ft,0.06s
4.24.2026 20:10:25,T0,T1,4.6ft,0.05s
4.24.2026 20:10:25,T0,T1,4.6ft,0.05s
4.24.2026 20:10:25,T0,T1,4.8ft,0.05s
4.24.2026 20:10:25,T0,T1,5.0ft,0.05s
4.24.2026 20:10:25,T0,T1,5.3ft,0.05s
4.24.2026 20:10:25,T0,T1,5.1ft,0.05s
4.24.2026 20:10:25,T0,T1,4.9ft,0.05s
4.24.2026 20:10:25,T0,T1,4.8ft,0.05s
4.24.2026 20:10:25,T0,T1,4.7ft,0.05s
4.24.2026 20:10:25,T0,T1,4.6ft,0.06s
4.24.2026 20:10:25,T0,T1,4.9ft,0.05s
4.24.2026 20:10:25,T0,T1,5.1ft,0.05s
4.24.2026 20:10:25,T0,T1,5.4ft,0.05s
4.24.2026 20:10:25,T0,T1,5.7ft,0.05s
4.24.2026 20:10:25,T0,T1,6.0ft,0.05s
4.24.2026 20:10:25,T0,T1,6.2ft,0.05s
4.24.2026 20:10:25,T0,T1,5.8ft,0.05s
4.24.2026 20:10:26,T0,T1,5.4ft,0.05s
4.24.2026 20:10:26,T0,T1,5.2ft,0.05s
4.24.2026 20:10:26,T0,T1,5.0ft,0.05s
4.24.2026 20:10:26,T0,T1,4.8ft,0.05s
4.24.2026 20:10:26,T0,T1,4.8ft,0.05s
4.24.2026 20:10:26,T0,T1,4.7ft,0.05s
4.24.2026 20:10:26,T0,T1,4.9ft,0.06s
4.24.2026 20:10:26,T0,T1,4.8ft,0.05s
4.24.2026 20:10:26,T0,T1,4.7ft,0.05s
4.24.2026 20:10:26,T0,T1,4.7ft,0.05s
4.24.2026 20:10:26,T0,T1,4.6ft,0.05s
4.24.2026 20:10:26,T0,T1,4.6ft,0.05s
4.24.2026 20:10:26,T0,T1,4.6ft,0.05s
4.24.2026 20:10:26,T0,T1,4.6ft,0.05s
4.24.2026 20:10:26,T0,T1,4.6ft,0.05s
4.24.2026 20:10:26,T0,T1,4.6ft,0.05s
4.24.2026 20:10:26,T0,T1,4.7ft,0.05s
4.24.2026 20:10:26,T0,T1,4.9ft,0.05s
4.24.2026 20:10:26,T0,T1,4.8ft,0.05s
4.24.2026 20:10:26,T0,T1,4.7ft,0.05s
4.24.2026 20:10:27,T0,T1,4.6ft,0.05s
4.24.2026 20:10:27,T0,T1,4.6ft,0.05s
4.24.2026 20:10:27,T0,T1,4.6ft,0.05s
4.24.2026 20:10:27,T0,T1,4.5ft,0.05s
4.24.2026 20:10:27,T0,T1,4.5ft,0.05s
4.24.2026 20:10:27,T0,T1,4.5ft,0.05s
4.24.2026 20:10:27,T0,T1,4.5ft,0.05s
4.24.2026 20:10:27,T0,T1,4.5ft,0.05s
4.24.2026 20:10:27,T0,T1,4.5ft,0.05s
4.24.2026 20:10:27,T0,T1,4.5ft,0.05s
4.24.2026 20:10:27,T0,T1,4.5ft,0.05s
4.24.2026 20:10:27,T0,T1,4.5ft,0.06s
4.24.2026 20:10:27,T0,T1,4.6ft,0.05s
4.24.2026 20:10:27,T0,T1,4.8ft,0.05s
4.24.2026 20:10:27,T0,T1,4.7ft,0.05s
4.24.2026 20:10:27,T0,T1,4.6ft,0.05s
4.24.2026 20:10:27,T0,T1,4.6ft,0.05s
4.24.2026 20:10:27,T0,T1,4.6ft,0.05s
4.24.2026 20:10:27,T0,T1,4.6ft,0.05s
4.24.2026 20:10:27,T0,T1,4.5ft,0.05s
4.24.2026 20:10:28,T0,T1,4.5ft,0.05s
4.24.2026 20:10:28,T0,T1,4.5ft,0.05s
4.24.2026 20:10:28,T0,T1,4.5ft,0.05s
4.24.2026 20:10:28,T0,T1,4.5ft,0.05s
4.24.2026 20:10:28,T0,T1,4.5ft,0.05s
4.24.2026 20:10:28,T0,T1,4.6ft,0.05s
4.24.2026 20:10:28,T0,T1,4.6ft,0.05s
4.24.2026 20:10:28,T0,T1,4.6ft,0.05s
4.24.2026 20:10:28,T0,T1,4.6ft,0.05s
4.24.2026 20:10:28,T0,T1,4.6ft,0.05s
4.24.2026 20:10:28,T0,T1,4.6ft,0.05s
4.24.2026 20:10:28,T0,T1,4.6ft,0.05s
4.24.2026 20:10:28,T0,T1,4.6ft,0.05s
4.24.2026 20:10:28,T0,T1,4.6ft,0.05s
4.24.2026 20:10:28,T0,T1,4.6ft,0.05s
4.24.2026 20:10:28,T0,T1,4.6ft,0.05s
4.24.2026 20:10:28,T0,T1,4.6ft,0.05s
4.24.2026 20:10:28,T0,T1,4.6ft,0.05s
4.24.2026 20:10:28,T0,T1,4.6ft,0.05s
4.24.2026 20:10:29,T0,T1,4.6ft,0.05s
4.24.2026 20:10:29,T0,T1,4.6ft,0.05s
4.24.2026 20:10:29,T0,T1,4.6ft,0.05s
4.24.2026 20:10:29,T0,T1,4.6ft,0.05s
4.24.2026 20:10:29,T0,T1,4.6ft,0.05s
4.24.2026 20:10:29,T0,T1,4.6ft,0.05s
4.24.2026 20:10:29,T0,T1,4.6ft,0.05s
4.24.2026 20:10:29,T0,T1,4.6ft,0.05s
4.24.2026 20:10:29,T0,T1,4.6ft,0.05s
4.24.2026 20:10:29,T0,T1,4.6ft,0.05s
4.24.2026 20:10:29,T0,T1,4.6ft,0.05s
4.24.2026 20:10:29,T0,T1,4.6ft,0.05s
4.24.2026 20:10:29,T0,T1,4.6ft,0.05s
4.24.2026 20:10:29,T0,T1,4.6ft,0.05s
4.24.2026 20:10:29,T0,T1,4.6ft,0.05s
4.24.2026 20:10:29,T0,T1,4.6ft,0.05s
4.24.2026 20:10:29,T0,T1,4.8ft,0.05s
4.24.2026 20:10:29,T0,T1,4.7ft,0.05s
4.24.2026 20:10:29,T0,T1,4.6ft,0.05s
4.24.2026 20:10:29,T0,T1,4.6ft,0.05s
4.24.2026 20:10:30,T0,T1,4.6ft,0.05s
4.24.2026 20:10:30,T0,T1,4.5ft,0.05s
4.24.2026 20:10:30,T0,T1,4.5ft,0.05s
4.24.2026 20:10:30,T0,T1,4.5ft,0.05s
4.24.2026 20:10:30,T0,T1,4.5ft,0.05s
4.24.2026 20:10:30,T0,T1,4.5ft,0.05s
4.24.2026 20:10:30,T0,T1,4.5ft,0.05s
4.24.2026 20:10:30,T0,T1,4.5ft,0.05s
4.24.2026 20:10:30,T0,T1,4.6ft,0.05s
4.24.2026 20:10:30,T0,T1,4.8ft,0.05s
4.24.2026 20:10:30,T0,T1,5.1ft,0.05s
4.24.2026 20:10:30,T0,T1,5.4ft,0.05s
4.24.2026 20:10:30,T0,T1,5.7ft,0.05s
4.24.2026 20:10:30,T0,T1,5.3ft,0.05s
4.24.2026 20:10:30,T0,T1,5.1ft,0.05s
4.24.2026 20:10:30,T0,T1,4.9ft,0.05s
4.24.2026 20:10:30,T0,T1,4.8ft,0.05s
4.24.2026 20:10:30,T0,T1,4.7ft,0.05s
4.24.2026 20:10:30,T0,T1,4.6ft,0.05s
4.24.2026 20:10:31,T0,T1,4.6ft,0.05s
4.24.2026 20:10:31,T0,T1,4.6ft,0.05s
4.24.2026 20:10:31,T0,T1,4.5ft,0.05s
4.24.2026 20:10:31,T0,T1,4.5ft,0.05s
4.24.2026 20:10:31,T0,T1,4.5ft,0.05s
4.24.2026 20:10:31,T0,T1,4.5ft,0.05s
4.24.2026 20:10:31,T0,T1,4.5ft,0.05s
4.24.2026 20:10:31,T0,T1,4.5ft,0.05s
4.24.2026 20:10:31,T0,T1,4.5ft,0.05s
4.24.2026 20:10:31,T0,T1,4.5ft,0.05s
4.24.2026 20:10:31,T0,T1,4.5ft,0.05s
4.24.2026 20:10:31,T0,T1,4.5ft,0.05s
4.24.2026 20:10:31,T0,T1,4.5ft,0.05s
4.24.2026 20:10:31,T0,T1,4.5ft,0.05s
4.24.2026 20:10:31,T0,T1,4.5ft,0.05s
4.24.2026 20:10:31,T0,T1,4.5ft,0.05s
4.24.2026 20:10:31,T0,T1,4.6ft,0.05s
4.24.2026 20:10:31,T0,T1,4.6ft,0.05s
4.24.2026 20:10:31,T0,T1,4.6ft,0.05s
4.24.2026 20:10:31,T0,T1,4.6ft,0.05s
4.24.2026 20:10:32,T0,T1,4.6ft,0.05s
4.24.2026 20:10:32,T0,T1,4.6ft,0.05s
4.24.2026 20:10:32,T0,T1,4.6ft,0.05s
4.24.2026 20:10:32,T0,T1,4.5ft,0.05s
4.24.2026 20:10:32,T0,T1,4.5ft,0.05s
4.24.2026 20:10:32,T0,T1,4.5ft,0.05s
4.24.2026 20:10:32,T0,T1,4.5ft,0.05s
4.24.2026 20:10:32,T0,T1,4.5ft,0.05s
4.24.2026 20:10:32,T0,T1,4.5ft,0.05s
4.24.2026 20:10:32,T0,T1,4.6ft,0.05s
4.24.2026 20:10:32,T0,T1,4.8ft,0.05s
4.24.2026 20:10:32,T0,T1,4.7ft,0.05s
4.24.2026 20:10:32,T0,T1,4.6ft,0.05s
4.24.2026 20:10:32,T0,T1,4.6ft,0.05s
4.24.2026 20:10:32,T0,T1,4.6ft,0.05s
4.24.2026 20:10:32,T0,T1,4.6ft,0.05s
4.24.2026 20:10:32,T0,T1,4.5ft,0.05s
4.24.2026 20:10:32,T0,T1,4.5ft,0.05s
4.24.2026 20:10:32,T0,T1,4.7ft,0.05s
4.24.2026 20:10:32,T0,T1,4.9ft,0.05s
4.24.2026 20:10:33,T0,T1,5.2ft,0.05s
4.24.2026 20:10:33,T0,T1,5.5ft,0.05s
4.24.2026 20:10:33,T0,T1,5.2ft,0.05s
4.24.2026 20:10:33,T0,T1,5.0ft,0.05s
4.24.2026 20:10:33,T0,T1,4.9ft,0.05s
4.24.2026 20:10:33,T0,T1,4.8ft,0.05s
4.24.2026 20:10:33,T0,T1,4.7ft,0.05s
4.24.2026 20:10:33,T0,T1,4.6ft,0.05s
4.24.2026 20:10:33,T0,T1,4.6ft,0.05s
4.24.2026 20:10:33,T0,T1,4.6ft,0.05s
4.24.2026 20:10:33,T0,T1,4.6ft,0.05s
4.24.2026 20:10:33,T0,T1,4.6ft,0.05s
4.24.2026 20:10:33,T0,T1,4.6ft,0.05s
4.24.2026 20:10:33,T0,T1,4.6ft,0.05s
4.24.2026 20:10:33,T0,T1,4.6ft,0.05s
4.24.2026 20:10:33,T0,T1,4.6ft,0.05s
4.24.2026 20:10:33,T0,T1,4.6ft,0.05s
4.24.2026 20:10:33,T0,T1,4.6ft,0.06s
4.24.2026 20:10:33,T0,T1,4.6ft,0.05s
4.24.2026 20:10:34,T0,T1,4.6ft,0.05s
4.24.2026 20:10:34,T0,T1,4.6ft,0.05s
4.24.2026 20:10:34,T0,T1,4.6ft,0.05s
4.24.2026 20:10:34,T0,T1,4.6ft,0.05s
4.24.2026 20:10:34,T0,T1,4.6ft,0.05s
4.24.2026 20:10:34,T0,T1,4.6ft,0.05s
4.24.2026 20:10:34,T0,T1,4.6ft,0.05s
4.24.2026 20:10:34,T0,T1,4.6ft,0.05s
4.24.2026 20:10:34,T0,T1,4.6ft,0.05s
4.24.2026 20:10:34,T0,T1,4.6ft,0.05s
4.24.2026 20:10:34,T0,T1,4.6ft,0.05s
4.24.2026 20:10:34,T0,T1,4.6ft,0.05s
4.24.2026 20:10:34,T0,T1,4.6ft,0.05s
4.24.2026 20:10:34,T0,T1,4.6ft,0.05s
4.24.2026 20:10:34,T0,T1,4.6ft,0.05s
4.24.2026 20:10:34,T0,T1,4.6ft,0.05s
4.24.2026 20:10:34,T0,T1,4.8ft,0.05s
4.24.2026 20:10:34,T0,T1,5.1ft,0.05s
4.24.2026 20:10:34,T0,T1,5.3ft,0.05s
4.24.2026 20:10:34,T0,T1,5.1ft,0.05s
4.24.2026 20:10:35,T0,T1,4.9ft,0.05s
4.24.2026 20:10:35,T0,T1,4.8ft,0.05s
4.24.2026 20:10:35,T0,T1,4.7ft,0.05s
4.24.2026 20:10:35,T0,T1,4.7ft,0.05s
4.24.2026 20:10:35,T0,T1,4.6ft,0.05s
4.24.2026 20:10:35,T0,T1,4.6ft,0.05s
4.24.2026 20:10:35,T0,T1,4.6ft,0.05s
4.24.2026 20:10:35,T0,T1,4.6ft,0.05s
4.24.2026 20:10:35,T0,T1,4.6ft,0.05s
4.24.2026 20:10:35,T0,T1,4.6ft,0.05s
4.24.2026 20:10:35,T0,T1,4.5ft,0.05s
4.24.2026 20:10:35,T0,T1,4.5ft,0.05s
4.24.2026 20:10:35,T0,T1,4.5ft,0.05s
4.24.2026 20:10:35,T0,T1,4.5ft,0.05s
4.24.2026 20:10:35,T0,T1,4.6ft,0.05s
4.24.2026 20:10:35,T0,T1,4.6ft,0.05s
4.24.2026 20:10:35,T0,T1,4.6ft,0.05s
4.24.2026 20:10:35,T0,T1,4.6ft,0.05s
4.24.2026 20:10:35,T0,T1,4.6ft,0.05s
4.24.2026 20:10:36,T0,T1,4.6ft,0.05s
4.24.2026 20:10:36,T0,T1,4.6ft,0.05s
4.24.2026 20:10:36,T0,T1,4.6ft,0.05s
4.24.2026 20:10:36,T0,T1,4.6ft,0.05s
4.24.2026 20:10:36,T0,T1,4.6ft,0.05s
4.24.2026 20:10:36,T0,T1,4.6ft,0.05s
4.24.2026 20:10:36,T0,T1,4.8ft,0.05s
4.24.2026 20:10:36,T0,T1,5.0ft,0.05s
4.24.2026 20:10:36,T0,T1,5.3ft,0.05s
4.24.2026 20:10:36,T0,T1,5.6ft,0.05s
4.24.2026 20:10:36,T0,T1,5.9ft,0.05s
4.24.2026 20:10:36,T0,T1,5.5ft,0.05s
4.24.2026 20:10:36,T0,T1,5.2ft,0.05s
4.24.2026 20:10:36,T0,T1,5.0ft,0.05s
4.24.2026 20:10:36,T0,T1,4.8ft,0.05s
4.24.2026 20:10:36,T0,T1,4.7ft,0.05s
4.24.2026 20:10:36,T0,T1,4.6ft,0.05s
4.24.2026 20:10:36,T0,T1,4.6ft,0.05s
4.24.2026 20:10:36,T0,T1,4.6ft,0.05s
4.24.2026 20:10:36,T0,T1,4.5ft,0.05s
4.24.2026 20:10:37,T0,T1,4.5ft,0.05s
4.24.2026 20:10:37,T0,T1,4.5ft,0.05s
4.24.2026 20:10:37,T0,T1,4.5ft,0.05s
4.24.2026 20:10:37,T0,T1,4.6ft,0.05s
4.24.2026 20:10:37,T0,T1,4.9ft,0.05s
4.24.2026 20:10:37,T0,T1,4.8ft,0.05s
4.24.2026 20:10:37,T0,T1,5.0ft,0.05s
4.24.2026 20:10:37,T0,T1,5.3ft,0.05s
4.24.2026 20:10:37,T0,T1,5.6ft,0.05s
4.24.2026 20:10:37,T0,T1,5.3ft,0.05s
4.24.2026 20:10:37,T0,T1,5.1ft,0.05s
4.24.2026 20:10:37,T0,T1,4.9ft,0.05s
4.24.2026 20:10:37,T0,T1,4.8ft,0.05s
4.24.2026 20:10:37,T0,T1,4.7ft,0.05s
4.24.2026 20:10:37,T0,T1,4.6ft,0.05s
4.24.2026 20:10:37,T0,T1,4.6ft,0.05s
4.24.2026 20:10:37,T0,T1,4.6ft,0.05s
4.24.2026 20:10:37,T0,T1,4.8ft,0.05s
4.24.2026 20:10:37,T0,T1,5.0ft,0.05s
4.24.2026 20:10:38,T0,T1,5.3ft,0.05s
4.24.2026 20:10:38,T0,T1,5.6ft,0.05s
4.24.2026 20:10:38,T0,T1,5.9ft,0.05s
4.24.2026 20:10:38,T0,T1,6.1ft,0.05s
4.24.2026 20:10:38,T0,T1,6.3ft,0.05s
4.24.2026 20:10:38,T0,T1,5.8ft,0.05s
4.24.2026 20:10:38,T0,T1,5.5ft,0.05s
4.24.2026 20:10:38,T0,T1,5.2ft,0.05s
4.24.2026 20:10:38,T0,T1,5.0ft,0.05s
4.24.2026 20:10:38,T0,T1,4.8ft,0.05s
4.24.2026 20:10:38,T0,T1,4.7ft,0.05s
4.24.2026 20:10:38,T0,T1,4.7ft,0.05s
4.24.2026 20:10:38,T0,T1,4.6ft,0.05s
4.24.2026 20:10:38,T0,T1,4.6ft,0.05s
4.24.2026 20:10:38,T0,T1,4.6ft,0.05s
4.24.2026 20:10:38,T0,T1,4.6ft,0.05s
4.24.2026 20:10:38,T0,T1,4.6ft,0.05s
4.24.2026 20:10:38,T0,T1,4.6ft,0.05s
4.24.2026 20:10:38,T0,T1,4.6ft,0.05s
4.24.2026 20:10:38,T0,T1,4.7ft,0.05s
4.24.2026 20:10:39,T0,T1,4.9ft,0.05s
4.24.2026 20:10:39,T0,T1,4.8ft,0.05s
4.24.2026 20:10:39,T0,T1,4.7ft,0.05s
4.24.2026 20:10:39,T0,T1,4.6ft,0.05s
4.24.2026 20:10:39,T0,T1,4.6ft,0.05s
4.24.2026 20:10:39,T0,T1,4.6ft,0.05s
4.24.2026 20:10:39,T0,T1,4.5ft,0.05s
4.24.2026 20:10:39,T0,T1,4.5ft,0.05s
4.24.2026 20:10:39,T0,T1,4.5ft,0.06s
4.24.2026 20:10:39,T0,T1,4.5ft,0.05s
4.24.2026 20:10:39,T0,T1,4.5ft,0.05s
4.24.2026 20:10:39,T0,T1,4.5ft,0.05s
4.24.2026 20:10:39,T0,T1,4.5ft,0.05s
4.24.2026 20:10:39,T0,T1,4.5ft,0.05s
4.24.2026 20:10:39,T0,T1,4.5ft,0.05s
4.24.2026 20:10:39,T0,T1,4.5ft,0.05s
4.24.2026 20:10:39,T0,T1,4.5ft,0.05s
4.24.2026 20:10:39,T0,T1,4.6ft,0.05s
4.24.2026 20:10:39,T0,T1,4.6ft,0.05s
4.24.2026 20:10:39,T0,T1,4.6ft,0.05s
4.24.2026 20:10:40,T0,T1,4.6ft,0.05s
4.24.2026 20:10:40,T0,T1,4.8ft,0.05s
4.24.2026 20:10:40,T0,T1,4.7ft,0.05s
4.24.2026 20:10:40,T0,T1,4.6ft,0.05s
4.24.2026 20:10:40,T0,T1,4.6ft,0.05s
4.24.2026 20:10:40,T0,T1,4.6ft,0.05s
4.24.2026 20:10:40,T0,T1,4.5ft,0.05s
4.24.2026 20:10:40,T0,T1,4.5ft,0.05s
4.24.2026 20:10:40,T0,T1,4.5ft,0.05s
4.24.2026 20:10:40,T0,T1,4.5ft,0.05s
4.24.2026 20:10:40,T0,T1,4.5ft,0.05s
4.24.2026 20:10:40,T0,T1,4.6ft,0.05s
4.24.2026 20:10:40,T0,T1,4.8ft,0.05s
4.24.2026 20:10:40,T0,T1,4.7ft,0.05s
4.24.2026 20:10:40,T0,T1,4.7ft,0.05s
4.24.2026 20:10:40,T0,T1,4.6ft,0.05s
4.24.2026 20:10:40,T0,T1,4.6ft,0.05s
4.24.2026 20:10:40,T0,T1,4.6ft,0.05s
4.24.2026 20:10:40,T0,T1,4.7ft,0.05s
4.24.2026 20:10:41,T0,T1,5.0ft,0.05s
4.24.2026 20:10:41,T0,T1,4.8ft,0.05s
4.24.2026 20:10:41,T0,T1,4.7ft,0.05s
4.24.2026 20:10:41,T0,T1,4.7ft,0.05s
4.24.2026 20:10:41,T0,T1,4.6ft,0.05s
4.24.2026 20:10:41,T0,T1,4.6ft,0.06s
4.24.2026 20:10:41,T0,T1,4.6ft,0.05s
4.24.2026 20:10:41,T0,T1,4.6ft,0.05s
4.24.2026 20:10:41,T0,T1,4.6ft,0.05s
4.24.2026 20:10:41,T0,T1,4.7ft,0.05s
4.24.2026 20:10:41,T0,T1,4.9ft,0.05s
4.24.2026 20:10:41,T0,T1,5.2ft,0.05s
4.24.2026 20:10:41,T0,T1,5.0ft,0.05s
4.24.2026 20:10:41,T0,T1,4.9ft,0.05s
4.24.2026 20:10:41,T0,T1,4.8ft,0.05s
4.24.2026 20:10:41,T0,T1,5.0ft,0.05s
4.24.2026 20:10:41,T0,T1,4.9ft,0.05s
4.24.2026 20:10:41,T0,T1,4.8ft,0.05s
4.24.2026 20:10:41,T0,T1,4.7ft,0.05s
4.24.2026 20:10:41,T0,T1,4.6ft,0.05s
4.24.2026 20:10:42,T0,T1,4.6ft,0.05s
4.24.2026 20:10:42,T0,T1,4.6ft,0.05s
4.24.2026 20:10:42,T0,T1,4.7ft,0.05s
4.24.2026 20:10:42,T0,T1,4.7ft,0.05s
4.24.2026 20:10:42,T0,T1,4.6ft,0.05s
4.24.2026 20:10:42,T0,T1,4.6ft,0.05s
4.24.2026 20:10:42,T0,T1,4.8ft,0.05s
4.24.2026 20:10:42,T0,T1,5.0ft,0.05s
4.24.2026 20:10:42,T0,T1,5.3ft,0.05s
4.24.2026 20:10:42,T0,T1,5.1ft,0.05s
4.24.2026 20:10:42,T0,T1,4.9ft,0.05s
4.24.2026 20:10:42,T0,T1,4.8ft,0.05s
4.24.2026 20:10:42,T0,T1,4.7ft,0.05s
4.24.2026 20:10:42,T0,T1,5.0ft,0.05s
4.24.2026 20:10:42,T0,T1,4.8ft,0.05s
4.24.2026 20:10:42,T0,T1,4.7ft,0.05s
4.24.2026 20:10:42,T0,T1,4.7ft,0.05s
4.24.2026 20:10:42,T0,T1,4.9ft,0.05s
4.24.2026 20:10:42,T0,T1,5.2ft,0.05s
4.24.2026 20:10:43,T0,T1,5.4ft,0.05s
4.24.2026 20:10:43,T0,T1,5.2ft,0.05s
4.24.2026 20:10:43,T0,T1,5.0ft,0.05s
4.24.2026 20:10:43,T0,T1,4.8ft,0.05s
4.24.2026 20:10:43,T0,T1,4.7ft,0.05s
4.24.2026 20:10:43,T0,T1,4.6ft,0.05s
4.24.2026 20:10:43,T0,T1,4.9ft,0.05s
4.24.2026 20:10:43,T0,T1,5.2ft,0.05s
4.24.2026 20:10:43,T0,T1,4.9ft,0.05s
4.24.2026 20:10:43,T0,T1,4.8ft,0.05s
4.24.2026 20:10:43,T0,T1,4.7ft,0.05s
4.24.2026 20:10:43,T0,T1,4.6ft,0.05s
4.24.2026 20:10:43,T0,T1,4.6ft,0.05s
4.24.2026 20:10:43,T0,T1,4.5ft,0.05s
4.24.2026 20:10:43,T0,T1,4.5ft,0.05s
4.24.2026 20:10:43,T0,T1,4.5ft,0.05s
4.24.2026 20:10:43,T0,T1,4.5ft,0.05s
4.24.2026 20:10:43,T0,T1,4.5ft,0.05s
4.24.2026 20:10:43,T0,T1,4.5ft,0.05s
4.24.2026 20:10:43,T0,T1,4.5ft,0.05s
4.24.2026 20:10:44,T0,T1,4.5ft,0.05s
4.24.2026 20:10:44,T0,T1,4.5ft,0.05s
4.24.2026 20:10:44,T0,T1,4.5ft,0.05s
4.24.2026 20:10:44,T0,T1,4.5ft,0.05s
4.24.2026 20:10:44,T0,T1,4.5ft,0.05s
4.24.2026 20:10:44,T0,T1,4.5ft,0.05s
4.24.2026 20:10:44,T0,T1,4.5ft,0.05s
4.24.2026 20:10:44,T0,T1,4.5ft,0.05s
4.24.2026 20:10:44,T0,T1,4.5ft,0.05s
4.24.2026 20:10:44,T0,T1,4.5ft,0.05s
4.24.2026 20:10:44,T0,T1,4.5ft,0.05s
4.24.2026 20:10:44,T0,T1,4.5ft,0.05s
4.24.2026 20:10:44,T0,T1,4.5ft,0.05s
4.24.2026 20:10:44,T0,T1,4.7ft,0.05s
4.24.2026 20:10:44,T0,T1,4.6ft,0.05s
4.24.2026 20:10:44,T0,T1,4.6ft,0.05s
4.24.2026 20:10:44,T0,T1,4.6ft,0.05s
4.24.2026 20:10:44,T0,T1,4.6ft,0.05s
4.24.2026 20:10:44,T0,T1,4.5ft,0.05s
4.24.2026 20:10:45,T0,T1,4.5ft,0.05s
4.24.2026 20:10:45,T0,T1,4.5ft,0.05s
4.24.2026 20:10:45,T0,T1,4.5ft,0.05s
4.24.2026 20:10:45,T0,T1,4.5ft,0.05s
4.24.2026 20:10:45,T0,T1,4.5ft,0.05s
4.24.2026 20:10:45,T0,T1,4.5ft,0.05s
4.24.2026 20:10:45,T0,T1,4.5ft,0.05s
4.24.2026 20:10:45,T0,T1,4.6ft,0.05s
4.24.2026 20:10:45,T0,T1,4.5ft,0.05s
4.24.2026 20:10:45,T0,T1,4.5ft,0.05s
4.24.2026 20:10:45,T0,T1,4.5ft,0.05s
4.24.2026 20:10:45,T0,T1,4.5ft,0.05s
4.24.2026 20:10:45,T0,T1,4.6ft,0.05s
4.24.2026 20:10:45,T0,T1,4.6ft,0.05s
4.24.2026 20:10:45,T0,T1,4.6ft,0.05s
4.24.2026 20:10:45,T0,T1,4.6ft,0.05s
4.24.2026 20:10:45,T0,T1,4.6ft,0.05s
4.24.2026 20:10:45,T0,T1,4.8ft,0.05s
4.24.2026 20:10:45,T0,T1,5.0ft,0.05s
4.24.2026 20:10:45,T0,T1,5.3ft,0.05s
4.24.2026 20:10:46,T0,T1,5.6ft,0.05s
4.24.2026 20:10:46,T0,T1,5.9ft,0.05s
4.24.2026 20:10:46,T0,T1,6.1ft,0.05s
4.24.2026 20:10:46,T0,T1,5.7ft,0.05s
4.24.2026 20:10:46,T0,T1,5.4ft,0.05s
4.24.2026 20:10:46,T0,T1,5.1ft,0.05s
4.24.2026 20:10:46,T0,T1,4.9ft,0.05s
4.24.2026 20:10:46,T0,T1,4.8ft,0.05s
4.24.2026 20:10:46,T0,T1,4.7ft,0.05s
4.24.2026 20:10:46,T0,T1,4.7ft,0.05s
4.24.2026 20:10:46,T0,T1,4.6ft,0.05s
4.24.2026 20:10:46,T0,T1,4.6ft,0.05s
4.24.2026 20:10:46,T0,T1,4.6ft,0.05s
4.24.2026 20:10:46,T0,T1,4.5ft,0.05s
4.24.2026 20:10:46,T0,T1,4.5ft,0.05s
4.24.2026 20:10:46,T0,T1,4.5ft,0.05s
4.24.2026 20:10:46,T0,T1,4.5ft,0.05s
4.24.2026 20:10:46,T0,T1,4.6ft,0.05s
4.24.2026 20:10:46,T0,T1,4.8ft,0.05s
4.24.2026 20:10:46,T0,T1,5.1ft,0.05s
4.24.2026 20:10:47,T0,T1,5.4ft,0.05s
4.24.2026 20:10:47,T0,T1,5.7ft,0.05s
4.24.2026 20:10:47,T0,T1,6.0ft,0.05s
4.24.2026 20:10:47,T0,T1,5.6ft,0.05s
4.24.2026 20:10:47,T0,T1,5.3ft,0.05s
4.24.2026 20:10:47,T0,T1,5.0ft,0.05s
4.24.2026 20:10:47,T0,T1,4.9ft,0.05s
4.24.2026 20:10:47,T0,T1,4.8ft,0.05s
4.24.2026 20:10:47,T0,T1,4.7ft,0.05s
4.24.2026 20:10:47,T0,T1,4.6ft,0.05s
4.24.2026 20:10:47,T0,T1,4.9ft,0.05s
4.24.2026 20:10:47,T0,T1,4.8ft,0.05s
4.24.2026 20:10:47,T0,T1,4.7ft,0.05s
4.24.2026 20:10:47,T0,T1,4.6ft,0.05s
4.24.2026 20:10:47,T0,T1,4.6ft,0.05s
4.24.2026 20:10:47,T0,T1,4.6ft,0.05s
4.24.2026 20:10:47,T0,T1,4.6ft,0.05s
4.24.2026 20:10:47,T0,T1,4.6ft,0.05s
4.24.2026 20:10:47,T0,T1,4.6ft,0.05s
4.24.2026 20:10:48,T0,T1,4.6ft,0.05s
4.24.2026 20:10:48,T0,T1,4.6ft,0.05s
4.24.2026 20:10:48,T0,T1,4.6ft,0.05s
4.24.2026 20:10:48,T0,T1,4.5ft,0.05s
4.24.2026 20:10:48,T0,T1,4.6ft,0.05s
4.24.2026 20:10:48,T0,T1,4.5ft,0.05s
4.24.2026 20:10:48,T0,T1,4.6ft,0.05s
4.24.2026 20:10:48,T0,T1,4.8ft,0.05s
4.24.2026 20:10:48,T0,T1,4.7ft,0.05s
4.24.2026 20:10:48,T0,T1,4.6ft,0.05s
4.24.2026 20:10:48,T0,T1,4.6ft,0.05s
4.24.2026 20:10:48,T0,T1,4.6ft,0.05s
4.24.2026 20:10:48,T0,T1,4.6ft,0.06s
4.24.2026 20:10:48,T0,T1,4.5ft,0.05s
4.24.2026 20:10:48,T0,T1,4.5ft,0.05s
4.24.2026 20:10:48,T0,T1,4.7ft,0.05s
4.24.2026 20:10:48,T0,T1,4.9ft,0.05s
4.24.2026 20:10:48,T0,T1,4.8ft,0.05s
4.24.2026 20:10:48,T0,T1,4.7ft,0.05s
4.24.2026 20:10:48,T0,T1,4.6ft,0.05s
4.24.2026 20:10:49,T0,T1,4.6ft,0.05s
4.24.2026 20:10:49,T0,T1,4.6ft,0.05s
4.24.2026 20:10:49,T0,T1,4.6ft,0.05s
4.24.2026 20:10:49,T0,T1,4.6ft,0.05s
4.24.2026 20:10:49,T0,T1,4.7ft,0.05s
4.24.2026 20:10:49,T0,T1,4.9ft,0.05s
4.24.2026 20:10:49,T0,T1,5.2ft,0.05s
4.24.2026 20:10:49,T0,T1,5.0ft,0.05s
4.24.2026 20:10:49,T0,T1,4.9ft,0.05s
4.24.2026 20:10:49,T0,T1,4.8ft,0.05s
4.24.2026 20:10:49,T0,T1,4.7ft,0.05s
4.24.2026 20:10:49,T0,T1,4.6ft,0.05s
4.24.2026 20:10:49,T0,T1,4.6ft,0.05s
4.24.2026 20:10:49,T0,T1,4.8ft,0.05s
4.24.2026 20:10:49,T0,T1,4.7ft,0.05s
4.24.2026 20:10:49,T0,T1,4.7ft,0.05s
4.24.2026 20:10:49,T0,T1,4.6ft,0.05s
4.24.2026 20:10:49,T0,T1,4.8ft,0.05s
4.24.2026 20:10:49,T0,T1,4.7ft,0.05s
4.24.2026 20:10:50,T0,T1,4.6ft,0.05s
4.24.2026 20:10:50,T0,T1,4.6ft,0.05s
4.24.2026 20:10:50,T0,T1,4.8ft,0.05s
4.24.2026 20:10:50,T0,T1,5.1ft,0.05s
4.24.2026 20:10:50,T0,T1,5.4ft,0.05s
4.24.2026 20:10:50,T0,T1,5.1ft,0.05s
4.24.2026 20:10:50,T0,T1,4.9ft,0.05s
4.24.2026 20:10:50,T0,T1,4.8ft,0.05s
4.24.2026 20:10:50,T0,T1,5.1ft,0.05s
4.24.2026 20:10:50,T0,T1,4.9ft,0.05s
4.24.2026 20:10:50,T0,T1,4.8ft,0.05s
4.24.2026 20:10:50,T0,T1,4.7ft,0.05s
4.24.2026 20:10:50,T0,T1,4.7ft,0.05s
4.24.2026 20:10:50,T0,T1,4.6ft,0.05s
4.24.2026 20:10:50,T0,T1,4.6ft,0.05s
4.24.2026 20:10:50,T0,T1,4.6ft,0.05s
4.24.2026 20:10:50,T0,T1,4.6ft,0.05s
4.24.2026 20:10:50,T0,T1,4.6ft,0.05s
4.24.2026 20:10:50,T0,T1,4.6ft,0.05s
4.24.2026 20:10:50,T0,T1,4.6ft,0.05s
4.24.2026 20:10:51,T0,T1,4.6ft,0.05s
4.24.2026 20:10:51,T0,T1,4.6ft,0.05s
4.24.2026 20:10:51,T0,T1,4.6ft,0.05s
4.24.2026 20:10:51,T0,T1,4.9ft,0.06s
4.24.2026 20:10:51,T0,T1,5.1ft,0.05s
4.24.2026 20:10:51,T0,T1,5.4ft,0.05s
4.24.2026 20:10:51,T0,T1,5.7ft,0.05s
4.24.2026 20:10:51,T0,T1,5.4ft,0.05s
4.24.2026 20:10:51,T0,T1,5.1ft,0.05s
4.24.2026 20:10:51,T0,T1,5.4ft,0.05s
4.24.2026 20:10:51,T0,T1,5.2ft,0.05s
4.24.2026 20:10:51,T0,T1,5.0ft,0.05s
4.24.2026 20:10:51,T0,T1,4.8ft,0.05s
4.24.2026 20:10:51,T0,T1,4.7ft,0.05s
4.24.2026 20:10:51,T0,T1,4.7ft,0.05s
4.24.2026 20:10:51,T0,T1,4.6ft,0.05s
4.24.2026 20:10:51,T0,T1,4.6ft,0.05s
4.24.2026 20:10:51,T0,T1,4.6ft,0.05s
4.24.2026 20:10:51,T0,T1,4.6ft,0.05s
4.24.2026 20:10:52,T0,T1,4.6ft,0.05s
4.24.2026 20:10:52,T0,T1,4.6ft,0.05s
4.24.2026 20:10:52,T0,T1,4.6ft,0.05s
4.24.2026 20:10:52,T0,T1,4.5ft,0.05s
4.24.2026 20:10:52,T0,T1,4.5ft,0.05s
4.24.2026 20:10:52,T0,T1,4.5ft,0.05s
4.24.2026 20:10:52,T0,T1,4.5ft,0.05s
4.24.2026 20:10:52,T0,T1,4.5ft,0.05s
4.24.2026 20:10:52,T0,T1,4.5ft,0.05s
4.24.2026 20:10:52,T0,T1,4.6ft,0.05s
4.24.2026 20:10:52,T0,T1,4.6ft,0.05s
4.24.2026 20:10:52,T0,T1,4.6ft,0.05s
4.24.2026 20:10:52,T0,T1,4.6ft,0.05s
4.24.2026 20:10:52,T0,T1,4.6ft,0.05s
4.24.2026 20:10:52,T0,T1,4.6ft,0.05s
4.24.2026 20:10:52,T0,T1,4.6ft,0.05s
4.24.2026 20:10:52,T0,T1,4.6ft,0.05s
4.24.2026 20:10:52,T0,T1,4.6ft,0.05s
4.24.2026 20:10:52,T0,T1,4.6ft,0.05s
4.24.2026 20:10:52,T0,T1,4.8ft,0.05s
4.24.2026 20:10:53,T0,T1,4.7ft,0.05s
4.24.2026 20:10:53,T0,T1,4.7ft,0.05s
4.24.2026 20:10:53,T0,T1,4.6ft,0.05s
4.24.2026 20:10:53,T0,T1,4.6ft,0.05s
4.24.2026 20:10:53,T0,T1,4.6ft,0.05s
4.24.2026 20:10:53,T0,T1,4.6ft,0.05s
4.24.2026 20:10:53,T0,T1,4.6ft,0.05s
4.24.2026 20:10:53,T0,T1,4.6ft,0.05s
4.24.2026 20:10:53,T0,T1,4.6ft,0.05s
4.24.2026 20:10:53,T0,T1,4.6ft,0.05s
4.24.2026 20:10:53,T0,T1,4.6ft,0.05s
4.24.2026 20:10:53,T0,T1,4.6ft,0.05s
4.24.2026 20:10:53,T0,T1,4.6ft,0.05s
4.24.2026 20:10:53,T0,T1,4.6ft,0.05s
4.24.2026 20:10:53,T0,T1,4.7ft,0.05s
4.24.2026 20:10:53,T0,T1,4.9ft,0.05s
4.24.2026 20:10:53,T0,T1,4.8ft,0.05s
4.24.2026 20:10:53,T0,T1,4.7ft,0.05s
4.24.2026 20:10:53,T0,T1,4.6ft,0.05s
4.24.2026 20:10:53,T0,T1,4.6ft,0.05s
4.24.2026 20:10:54,T0,T1,4.6ft,0.05s
4.24.2026 20:10:54,T0,T1,4.6ft,0.05s
4.24.2026 20:10:54,T0,T1,4.6ft,0.05s
4.24.2026 20:10:54,T0,T1,4.7ft,0.05s
4.24.2026 20:10:54,T0,T1,4.9ft,0.05s
4.24.2026 20:10:54,T0,T1,5.2ft,0.05s
4.24.2026 20:10:54,T0,T1,5.5ft,0.05s
4.24.2026 20:10:54,T0,T1,5.2ft,0.05s
4.24.2026 20:10:54,T0,T1,5.5ft,0.05s
4.24.2026 20:10:54,T0,T1,5.8ft,0.05s
4.24.2026 20:10:54,T0,T1,5.4ft,0.05s
4.24.2026 20:10:54,T0,T1,5.7ft,0.05s
4.24.2026 20:10:54,T0,T1,6.0ft,0.05s
4.24.2026 20:10:54,T0,T1,6.2ft,0.05s
4.24.2026 20:10:54,T0,T1,5.7ft,0.05s
4.24.2026 20:10:54,T0,T1,5.4ft,0.05s
4.24.2026 20:10:54,T0,T1,5.1ft,0.05s
4.24.2026 20:10:54,T0,T1,4.9ft,0.05s
4.24.2026 20:10:54,T0,T1,4.8ft,0.05s
4.24.2026 20:10:55,T0,T1,4.7ft,0.05s
4.24.2026 20:10:55,T0,T1,4.7ft,0.05s
4.24.2026 20:10:55,T0,T1,4.6ft,0.05s
4.24.2026 20:10:55,T0,T1,4.6ft,0.05s
4.24.2026 20:10:55,T0,T1,4.6ft,0.05s
4.24.2026 20:10:55,T0,T1,4.7ft,0.05s
4.24.2026 20:10:55,T0,T1,5.0ft,0.05s
4.24.2026 20:10:55,T0,T1,5.3ft,0.05s
4.24.2026 20:10:55,T0,T1,5.6ft,0.05s
4.24.2026 20:10:55,T0,T1,5.3ft,0.05s
4.24.2026 20:10:55,T0,T1,5.0ft,0.05s
4.24.2026 20:10:55,T0,T1,4.9ft,0.05s
4.24.2026 20:10:55,T0,T1,4.8ft,0.05s
4.24.2026 20:10:55,T0,T1,4.7ft,0.05s
4.24.2026 20:10:55,T0,T1,4.6ft,0.05s
4.24.2026 20:10:55,T0,T1,4.6ft,0.05s
4.24.2026 20:10:55,T0,T1,4.6ft,0.06s
4.24.2026 20:10:55,T0,T1,4.5ft,0.05s
4.24.2026 20:10:55,T0,T1,4.5ft,0.05s
4.24.2026 20:10:55,T0,T1,4.5ft,0.05s
4.24.2026 20:10:56,T0,T1,4.5ft,0.05s
4.24.2026 20:10:56,T0,T1,4.5ft,0.05s
4.24.2026 20:10:56,T0,T1,4.5ft,0.05s
4.24.2026 20:10:56,T0,T1,4.5ft,0.05s
4.24.2026 20:10:56,T0,T1,4.5ft,0.05s
4.24.2026 20:10:56,T0,T1,4.5ft,0.05s
4.24.2026 20:10:56,T0,T1,4.6ft,0.05s
4.24.2026 20:10:56,T0,T1,4.8ft,0.05s
4.24.2026 20:10:56,T0,T1,5.0ft,0.05s
4.24.2026 20:10:56,T0,T1,5.3ft,0.05s
4.24.2026 20:10:56,T0,T1,5.1ft,0.05s
4.24.2026 20:10:56,T0,T1,4.9ft,0.05s
4.24.2026 20:10:56,T0,T1,4.8ft,0.05s
4.24.2026 20:10:56,T0,T1,4.7ft,0.05s
4.24.2026 20:10:56,T0,T1,4.9ft,0.05s
4.24.2026 20:10:56,T0,T1,5.2ft,0.05s
4.24.2026 20:10:56,T0,T1,5.5ft,0.05s
4.24.2026 20:10:56,T0,T1,5.8ft,0.05s
4.24.2026 20:10:56,T0,T1,6.0ft,0.05s
4.24.2026 20:10:57,T0,T1,6.3ft,0.05s
4.24.2026 20:10:57,T0,T1,6.5ft,0.05s
4.24.2026 20:10:57,T0,T1,6.0ft,0.05s
4.24.2026 20:10:57,T0,T1,5.6ft,0.05s
4.24.2026 20:10:57,T0,T1,5.3ft,0.05s
4.24.2026 20:10:57,T0,T1,5.0ft,0.05s
4.24.2026 20:10:57,T0,T1,4.9ft,0.05s
4.24.2026 20:10:57,T0,T1,4.8ft,0.05s
4.24.2026 20:10:57,T0,T1,4.7ft,0.05s
4.24.2026 20:10:57,T0,T1,4.9ft,0.05s
4.24.2026 20:10:57,T0,T1,4.8ft,0.05s
4.24.2026 20:10:57,T0,T1,4.7ft,0.05s
4.24.2026 20:10:57,T0,T1,5.0ft,0.05s
4.24.2026 20:10:57,T0,T1,4.8ft,0.05s
4.24.2026 20:10:57,T0,T1,4.7ft,0.05s
4.24.2026 20:10:57,T0,T1,4.7ft,0.05s
4.24.2026 20:10:57,T0,T1,4.6ft,0.05s
4.24.2026 20:10:57,T0,T1,4.8ft,0.05s
4.24.2026 20:10:57,T0,T1,5.1ft,0.05s
4.24.2026 20:10:57,T0,T1,4.9ft,0.05s
4.24.2026 20:10:58,T0,T1,4.8ft,0.05s
4.24.2026 20:10:58,T0,T1,4.7ft,0.05s
4.24.2026 20:10:58,T0,T1,4.6ft,0.05s
4.24.2026 20:10:58,T0,T1,4.6ft,0.05s
4.24.2026 20:10:58,T0,T1,4.6ft,0.05s
4.24.2026 20:10:58,T0,T1,4.6ft,0.05s
4.24.2026 20:10:58,T0,T1,4.6ft,0.05s
4.24.2026 20:10:58,T0,T1,4.5ft,0.05s
4.24.2026 20:10:58,T0,T1,4.5ft,0.05s
4.24.2026 20:10:58,T0,T1,4.5ft,0.05s
4.24.2026 20:10:58,T0,T1,4.5ft,0.05s
4.24.2026 20:10:58,T0,T1,4.5ft,0.05s
4.24.2026 20:10:58,T0,T1,4.5ft,0.05s
4.24.2026 20:10:58,T0,T1,4.5ft,0.05s
4.24.2026 20:10:58,T0,T1,4.5ft,0.05s
4.24.2026 20:10:58,T0,T1,4.5ft,0.05s
4.24.2026 20:10:58,T0,T1,4.5ft,0.05s
4.24.2026 20:10:58,T0,T1,4.5ft,0.05s
4.24.2026 20:10:58,T0,T1,4.5ft,0.05s
4.24.2026 20:10:59,T0,T1,4.5ft,0.05s
4.24.2026 20:10:59,T0,T1,4.5ft,0.05s
4.24.2026 20:10:59,T0,T1,4.5ft,0.05s
4.24.2026 20:10:59,T0,T1,4.5ft,0.05s
4.24.2026 20:10:59,T0,T1,4.5ft,0.05s
4.24.2026 20:10:59,T0,T1,4.6ft,0.05s
4.24.2026 20:10:59,T0,T1,4.6ft,0.05s
4.24.2026 20:10:59,T0,T1,4.6ft,0.05s
4.24.2026 20:10:59,T0,T1,4.6ft,0.05s
4.24.2026 20:10:59,T0,T1,4.7ft,0.05s
4.24.2026 20:10:59,T0,T1,5.0ft,0.05s
4.24.2026 20:10:59,T0,T1,5.3ft,0.05s
4.24.2026 20:10:59,T0,T1,5.1ft,0.05s
4.24.2026 20:10:59,T0,T1,4.9ft,0.05s
4.24.2026 20:10:59,T0,T1,4.8ft,0.05s
4.24.2026 20:10:59,T0,T1,4.7ft,0.05s
4.24.2026 20:10:59,T0,T1,4.6ft,0.05s
4.24.2026 20:10:59,T0,T1,4.6ft,0.05s
4.24.2026 20:10:59,T0,T1,4.6ft,0.05s
4.24.2026 20:10:59,T0,T1,4.6ft,0.05s
4.24.2026 20:11:00,T0,T1,4.6ft,0.05s
4.24.2026 20:11:00,T0,T1,4.6ft,0.06s
4.24.2026 20:11:00,T0,T1,4.6ft,0.05s
4.24.2026 20:11:00,T0,T1,4.5ft,0.05s
4.24.2026 20:11:00,T0,T1,4.5ft,0.05s
4.24.2026 20:11:00,T0,T1,4.5ft,0.05s
4.24.2026 20:11:00,T0,T1,4.6ft,0.05s
4.24.2026 20:11:00,T0,T1,4.8ft,0.05s
4.24.2026 20:11:00,T0,T1,5.1ft,0.05s
4.24.2026 20:11:00,T0,T1,5.4ft,0.05s
4.24.2026 20:11:00,T0,T1,5.7ft,0.05s
4.24.2026 20:11:00,T0,T1,5.3ft,0.05s
4.24.2026 20:11:00,T0,T1,5.1ft,0.05s
4.24.2026 20:11:00,T0,T1,4.9ft,0.05s
4.24.2026 20:11:00,T0,T1,5.2ft,0.05s
4.24.2026 20:11:00,T0,T1,5.5ft,0.05s
4.24.2026 20:11:00,T0,T1,5.8ft,0.05s
4.24.2026 20:11:00,T0,T1,5.4ft,0.05s
4.24.2026 20:11:00,T0,T1,5.1ft,0.05s
4.24.2026 20:11:00,T0,T1,4.9ft,0.05s
4.24.2026 20:11:01,T0,T1,4.8ft,0.05s
4.24.2026 20:11:01,T0,T1,4.7ft,0.05s
4.24.2026 20:11:01,T0,T1,4.7ft,0.05s
4.24.2026 20:11:01,T0,T1,4.6ft,0.05s
4.24.2026 20:11:01,T0,T1,4.6ft,0.05s
4.24.2026 20:11:01,T0,T1,4.8ft,0.05s
4.24.2026 20:11:01,T0,T1,5.0ft,0.06s
4.24.2026 20:11:01,T0,T1,4.9ft,0.05s
4.24.2026 20:11:01,T0,T1,4.8ft,0.05s
4.24.2026 20:11:01,T0,T1,4.7ft,0.05s
4.24.2026 20:11:01,T0,T1,4.6ft,0.05s
4.24.2026 20:11:01,T0,T1,4.6ft,0.05s
4.24.2026 20:11:01,T0,T1,4.6ft,0.05s
4.24.2026 20:11:01,T0,T1,4.6ft,0.05s
4.24.2026 20:11:01,T0,T1,4.5ft,0.05s
4.24.2026 20:11:01,T0,T1,4.7ft,0.05s
4.24.2026 20:11:01,T0,T1,4.9ft,0.05s
4.24.2026 20:11:01,T0,T1,5.2ft,0.05s
4.24.2026 20:11:01,T0,T1,5.0ft,0.05s
4.24.2026 20:11:02,T0,T1,5.3ft,0.05s
4.24.2026 20:11:02,T0,T1,5.6ft,0.05s
4.24.2026 20:11:02,T0,T1,5.2ft,0.05s
4.24.2026 20:11:02,T0,T1,5.0ft,0.05s
4.24.2026 20:11:02,T0,T1,4.9ft,0.05s
4.24.2026 20:11:02,T0,T1,4.7ft,0.05s
4.24.2026 20:11:02,T0,T1,4.7ft,0.05s
4.24.2026 20:11:02,T0,T1,4.6ft,0.05s
4.24.2026 20:11:02,T0,T1,4.6ft,0.05s
4.24.2026 20:11:02,T0,T1,4.6ft,0.05s
4.24.2026 20:11:02,T0,T1,4.7ft,0.05s
4.24.2026 20:11:02,T0,T1,5.0ft,0.05s
4.24.2026 20:11:02,T0,T1,5.3ft,0.06s
4.24.2026 20:11:02,T0,T1,5.1ft,0.05s
4.24.2026 20:11:02,T0,T1,4.9ft,0.05s
4.24.2026 20:11:02,T0,T1,4.8ft,0.05s
4.24.2026 20:11:02,T0,T1,4.7ft,0.05s
4.24.2026 20:11:02,T0,T1,4.7ft,0.05s
4.24.2026 20:11:02,T0,T1,4.6ft,0.05s
4.24.2026 20:11:02,T0,T1,4.6ft,0.05s
4.24.2026 20:11:03,T0,T1,4.6ft,0.05s
4.24.2026 20:11:03,T0,T1,4.6ft,0.05s
4.24.2026 20:11:03,T0,T1,4.6ft,0.05s
4.24.2026 20:11:03,T0,T1,4.6ft,0.05s
4.24.2026 20:11:03,T0,T1,4.6ft,0.05s
4.24.2026 20:11:03,T0,T1,4.6ft,0.05s
4.24.2026 20:11:03,T0,T1,4.6ft,0.05s
4.24.2026 20:11:03,T0,T1,4.6ft,0.05s
4.24.2026 20:11:03,T0,T1,4.6ft,0.05s
4.24.2026 20:11:03,T0,T1,4.5ft,0.05s
4.24.2026 20:11:03,T0,T1,4.6ft,0.05s
4.24.2026 20:11:03,T0,T1,4.8ft,0.05s
4.24.2026 20:11:03,T0,T1,4.7ft,0.05s
4.24.2026 20:11:03,T0,T1,4.6ft,0.05s
4.24.2026 20:11:03,T0,T1,4.6ft,0.05s
4.24.2026 20:11:03,T0,T1,4.5ft,0.05s
4.24.2026 20:11:03,T0,T1,4.5ft,0.05s
4.24.2026 20:11:03,T0,T1,4.5ft,0.06s
4.24.2026 20:11:03,T0,T1,4.5ft,0.05s
4.24.2026 20:11:04,T0,T1,4.6ft,0.05s
4.24.2026 20:11:04,T0,T1,4.9ft,0.05s
4.24.2026 20:11:04,T0,T1,4.8ft,0.05s
4.24.2026 20:11:04,T0,T1,5.0ft,0.05s
4.24.2026 20:11:04,T0,T1,5.3ft,0.05s
4.24.2026 20:11:04,T0,T1,5.1ft,0.05s
4.24.2026 20:11:04,T0,T1,4.9ft,0.05s
4.24.2026 20:11:04,T0,T1,4.8ft,0.05s
4.24.2026 20:11:04,T0,T1,4.7ft,0.05s
4.24.2026 20:11:04,T0,T1,4.6ft,0.05s
4.24.2026 20:11:04,T0,T1,4.6ft,0.05s
4.24.2026 20:11:04,T0,T1,4.6ft,0.05s
4.24.2026 20:11:04,T0,T1,4.5ft,0.05s
4.24.2026 20:11:04,T0,T1,4.5ft,0.05s
4.24.2026 20:11:04,T0,T1,4.5ft,0.05s
4.24.2026 20:11:04,T0,T1,4.5ft,0.05s
4.24.2026 20:11:04,T0,T1,4.5ft,0.05s
4.24.2026 20:11:04,T0,T1,4.5ft,0.05s
4.24.2026 20:11:04,T0,T1,4.5ft,0.05s
4.24.2026 20:11:04,T0,T1,4.5ft,0.05s
4.24.2026 20:11:05,T0,T1,4.5ft,0.05s
4.24.2026 20:11:05,T0,T1,4.6ft,0.05s
4.24.2026 20:11:05,T0,T1,4.6ft,0.05s
4.24.2026 20:11:05,T0,T1,4.6ft,0.05s
4.24.2026 20:11:05,T0,T1,4.6ft,0.05s
4.24.2026 20:11:05,T0,T1,4.8ft,0.05s
4.24.2026 20:11:05,T0,T1,5.0ft,0.05s
4.24.2026 20:11:05,T0,T1,4.9ft,0.05s
4.24.2026 20:11:05,T0,T1,4.8ft,0.05s
4.24.2026 20:11:05,T0,T1,4.7ft,0.05s
4.24.2026 20:11:05,T0,T1,4.6ft,0.05s
4.24.2026 20:11:05,T0,T1,4.6ft,0.05s
4.24.2026 20:11:05,T0,T1,4.5ft,0.05s
4.24.2026 20:11:05,T0,T1,4.5ft,0.05s
4.24.2026 20:11:05,T0,T1,4.7ft,0.05s
4.24.2026 20:11:05,T0,T1,4.9ft,0.05s
4.24.2026 20:11:05,T0,T1,5.2ft,0.05s
4.24.2026 20:11:05,T0,T1,5.5ft,0.05s
4.24.2026 20:11:05,T0,T1,5.2ft,0.05s
4.24.2026 20:11:06,T0,T1,5.0ft,0.05s
4.24.2026 20:11:06,T0,T1,4.8ft,0.05s
4.24.2026 20:11:06,T0,T1,4.7ft,0.05s
4.24.2026 20:11:06,T0,T1,5.0ft,0.05s
4.24.2026 20:11:06,T0,T1,5.3ft,0.05s
4.24.2026 20:11:06,T0,T1,5.1ft,0.05s
4.24.2026 20:11:06,T0,T1,4.9ft,0.06s
4.24.2026 20:11:06,T0,T1,4.8ft,0.05s
4.24.2026 20:11:06,T0,T1,4.7ft,0.05s
4.24.2026 20:11:06,T0,T1,4.6ft,0.05s
4.24.2026 20:11:06,T0,T1,4.6ft,0.05s
4.24.2026 20:11:06,T0,T1,4.5ft,0.05s
4.24.2026 20:11:06,T0,T1,4.5ft,0.05s
4.24.2026 20:11:06,T0,T1,4.7ft,0.05s
4.24.2026 20:11:06,T0,T1,4.9ft,0.05s
4.24.2026 20:11:06,T0,T1,5.2ft,0.05s
4.24.2026 20:11:06,T0,T1,5.5ft,0.05s
4.24.2026 20:11:06,T0,T1,5.8ft,0.05s
4.24.2026 20:11:06,T0,T1,6.0ft,0.05s
4.24.2026 20:11:06,T0,T1,5.6ft,0.05s
4.24.2026 20:11:07,T0,T1,5.9ft,0.05s
4.24.2026 20:11:07,T0,T1,6.1ft,0.05s
4.24.2026 20:11:07,T0,T1,6.3ft,0.05s
4.24.2026 20:11:07,T0,T1,6.5ft,0.05s
4.24.2026 20:11:07,T0,T1,6.0ft,0.05s
4.24.2026 20:11:07,T0,T1,5.6ft,0.05s
4.24.2026 20:11:07,T0,T1,5.2ft,0.05s
4.24.2026 20:11:07,T0,T1,5.0ft,0.05s
4.24.2026 20:11:07,T0,T1,4.8ft,0.05s
4.24.2026 20:11:07,T0,T1,4.7ft,0.05s
4.24.2026 20:11:07,T0,T1,4.7ft,0.05s
4.24.2026 20:11:07,T0,T1,4.9ft,0.06s
4.24.2026 20:11:07,T0,T1,5.2ft,0.05s
4.24.2026 20:11:07,T0,T1,5.5ft,0.05s
4.24.2026 20:11:07,T0,T1,5.2ft,0.05s
4.24.2026 20:11:07,T0,T1,5.0ft,0.05s
4.24.2026 20:11:07,T0,T1,4.8ft,0.05s
4.24.2026 20:11:07,T0,T1,4.7ft,0.05s
4.24.2026 20:11:07,T0,T1,4.6ft,0.05s
4.24.2026 20:11:08,T0,T1,4.6ft,0.05s
4.24.2026 20:11:08,T0,T1,4.6ft,0.05s
4.24.2026 20:11:08,T0,T1,4.5ft,0.05s
4.24.2026 20:11:08,T0,T1,4.5ft,0.05s
4.24.2026 20:11:08,T0,T1,4.5ft,0.05s
4.24.2026 20:11:08,T0,T1,4.5ft,0.05s
4.24.2026 20:11:08,T0,T1,4.5ft,0.05s
4.24.2026 20:11:08,T0,T1,4.5ft,0.05s
4.24.2026 20:11:08,T0,T1,4.5ft,0.05s
4.24.2026 20:11:08,T0,T1,4.5ft,0.05s
4.24.2026 20:11:08,T0,T1,4.5ft,0.05s
4.24.2026 20:11:08,T0,T1,4.5ft,0.05s
4.24.2026 20:11:08,T0,T1,4.5ft,0.05s
4.24.2026 20:11:08,T0,T1,4.5ft,0.05s
4.24.2026 20:11:08,T0,T1,4.5ft,0.05s
4.24.2026 20:11:08,T0,T1,4.5ft,0.05s
4.24.2026 20:11:08,T0,T1,4.5ft,0.05s
4.24.2026 20:11:08,T0,T1,4.5ft,0.05s
4.24.2026 20:11:08,T0,T1,4.5ft,0.05s
4.24.2026 20:11:08,T0,T1,4.5ft,0.05s
4.24.2026 20:11:09,T0,T1,4.5ft,0.05s
4.24.2026 20:11:09,T0,T1,4.5ft,0.05s
4.24.2026 20:11:09,T0,T1,4.5ft,0.05s
4.24.2026 20:11:09,T0,T1,4.5ft,0.05s
4.24.2026 20:11:09,T0,T1,4.5ft,0.05s
4.24.2026 20:11:09,T0,T1,4.5ft,0.06s
4.24.2026 20:11:09,T0,T1,4.5ft,0.05s
4.24.2026 20:11:09,T0,T1,4.6ft,0.05s
4.24.2026 20:11:09,T0,T1,4.8ft,0.05s
4.24.2026 20:11:09,T0,T1,5.1ft,0.05s
4.24.2026 20:11:09,T0,T1,4.9ft,0.05s
4.24.2026 20:11:09,T0,T1,5.2ft,0.05s
4.24.2026 20:11:09,T0,T1,5.5ft,0.05s
4.24.2026 20:11:09,T0,T1,5.7ft,0.05s
4.24.2026 20:11:09,T0,T1,6.0ft,0.05s
4.24.2026 20:11:09,T0,T1,6.2ft,0.05s
4.24.2026 20:11:09,T0,T1,6.4ft,0.05s
4.24.2026 20:11:09,T0,T1,6.6ft,0.05s
4.24.2026 20:11:09,T0,T1,6.7ft,0.05s
4.24.2026 20:11:09,T0,T1,6.9ft,0.06s
4.24.2026 20:11:10,T0,T1,6.3ft,0.05s
4.24.2026 20:11:10,T0,T1,5.8ft,0.05s
4.24.2026 20:11:10,T0,T1,5.4ft,0.05s
4.24.2026 20:11:10,T0,T1,5.2ft,0.05s
4.24.2026 20:11:10,T0,T1,5.5ft,0.05s
4.24.2026 20:11:10,T0,T1,5.2ft,0.05s
4.24.2026 20:11:10,T0,T1,5.0ft,0.05s
4.24.2026 20:11:10,T0,T1,4.8ft,0.05s
4.24.2026 20:11:10,T0,T1,4.7ft,0.05s
4.24.2026 20:11:10,T0,T1,4.7ft,0.05s
4.24.2026 20:11:10,T0,T1,4.6ft,0.05s
4.24.2026 20:11:10,T0,T1,4.8ft,0.05s
4.24.2026 20:11:10,T0,T1,4.7ft,0.05s
4.24.2026 20:11:10,T0,T1,4.7ft,0.05s
4.24.2026 20:11:10,T0,T1,4.6ft,0.05s
4.24.2026 20:11:10,T0,T1,4.6ft,0.05s
4.24.2026 20:11:10,T0,T1,4.6ft,0.05s
4.24.2026 20:11:10,T0,T1,4.6ft,0.05s
4.24.2026 20:11:10,T0,T1,4.7ft,0.05s
4.24.2026 20:11:11,T0,T1,4.6ft,0.05s
4.24.2026 20:11:11,T0,T1,4.6ft,0.05s
4.24.2026 20:11:11,T0,T1,4.8ft,0.05s
4.24.2026 20:11:11,T0,T1,4.7ft,0.05s
4.24.2026 20:11:11,T0,T1,4.7ft,0.05s
4.24.2026 20:11:11,T0,T1,4.6ft,0.05s
4.24.2026 20:11:11,T0,T1,4.6ft,0.05s
4.24.2026 20:11:11,T0,T1,4.6ft,0.05s
4.24.2026 20:11:11,T0,T1,4.5ft,0.05s
4.24.2026 20:11:11,T0,T1,4.7ft,0.05s
4.24.2026 20:11:11,T0,T1,4.9ft,0.05s
4.24.2026 20:11:11,T0,T1,5.2ft,0.05s
4.24.2026 20:11:11,T0,T1,5.5ft,0.05s
4.24.2026 20:11:11,T0,T1,5.2ft,0.05s
4.24.2026 20:11:11,T0,T1,5.5ft,0.05s
4.24.2026 20:11:11,T0,T1,5.8ft,0.05s
4.24.2026 20:11:11,T0,T1,6.0ft,0.05s
4.24.2026 20:11:11,T0,T1,5.6ft,0.05s
4.24.2026 20:11:11,T0,T1,5.3ft,0.05s
4.24.2026 20:11:11,T0,T1,5.1ft,0.05s
4.24.2026 20:11:12,T0,T1,4.9ft,0.05s
4.24.2026 20:11:12,T0,T1,4.8ft,0.05s
4.24.2026 20:11:12,T0,T1,4.7ft,0.05s
4.24.2026 20:11:12,T0,T1,4.9ft,0.05s
4.24.2026 20:11:12,T0,T1,4.8ft,0.05s
4.24.2026 20:11:12,T0,T1,4.7ft,0.05s
4.24.2026 20:11:12,T0,T1,4.7ft,0.05s
4.24.2026 20:11:12,T0,T1,4.6ft,0.05s
4.24.2026 20:11:12,T0,T1,4.6ft,0.05s
4.24.2026 20:11:12,T0,T1,4.6ft,0.05s
4.24.2026 20:11:12,T0,T1,4.7ft,0.05s
4.24.2026 20:11:12,T0,T1,5.0ft,0.05s
4.24.2026 20:11:12,T0,T1,5.3ft,0.05s
4.24.2026 20:11:12,T0,T1,5.5ft,0.05s
4.24.2026 20:11:12,T0,T1,5.2ft,0.05s
4.24.2026 20:11:12,T0,T1,5.0ft,0.05s
4.24.2026 20:11:12,T0,T1,4.9ft,0.05s
4.24.2026 20:11:12,T0,T1,4.7ft,0.05s
4.24.2026 20:11:12,T0,T1,4.7ft,0.05s
4.24.2026 20:11:13,T0,T1,4.6ft,0.05s
4.24.2026 20:11:13,T0,T1,4.6ft,0.05s
4.24.2026 20:11:13,T0,T1,4.6ft,0.05s
4.24.2026 20:11:13,T0,T1,4.5ft,0.05s
4.24.2026 20:11:13,T0,T1,4.5ft,0.05s
4.24.2026 20:11:13,T0,T1,4.5ft,0.06s
4.24.2026 20:11:13,T0,T1,4.5ft,0.05s
4.24.2026 20:11:13,T0,T1,4.5ft,0.05s
4.24.2026 20:11:13,T0,T1,4.5ft,0.05s
4.24.2026 20:11:13,T0,T1,4.5ft,0.05s
4.24.2026 20:11:13,T0,T1,4.5ft,0.05s
4.24.2026 20:11:13,T0,T1,4.5ft,0.05s
4.24.2026 20:11:13,T0,T1,4.5ft,0.05s
4.24.2026 20:11:13,T0,T1,4.5ft,0.05s
4.24.2026 20:11:13,T0,T1,4.5ft,0.05s
4.24.2026 20:11:13,T0,T1,4.5ft,0.05s
4.24.2026 20:11:13,T0,T1,4.5ft,0.05s
4.24.2026 20:11:13,T0,T1,4.5ft,0.05s
4.24.2026 20:11:13,T0,T1,4.5ft,0.05s
4.24.2026 20:11:13,T0,T1,4.5ft,0.05s
4.24.2026 20:11:14,T0,T1,4.5ft,0.05s
4.24.2026 20:11:14,T0,T1,4.5ft,0.05s
4.24.2026 20:11:14,T0,T1,4.5ft,0.05s
4.24.2026 20:11:14,T0,T1,4.5ft,0.05s
4.24.2026 20:11:14,T0,T1,4.5ft,0.05s
4.24.2026 20:11:14,T0,T1,4.5ft,0.05s
4.24.2026 20:11:14,T0,T1,4.5ft,0.05s
4.24.2026 20:11:14,T0,T1,4.5ft,0.05s
4.24.2026 20:11:14,T0,T1,4.5ft,0.05s
4.24.2026 20:11:14,T0,T1,4.5ft,0.05s
4.24.2026 20:11:14,T0,T1,4.5ft,0.05s
4.24.2026 20:11:14,T0,T1,4.5ft,0.05s
4.24.2026 20:11:14,T0,T1,4.5ft,0.05s
4.24.2026 20:11:14,T0,T1,4.5ft,0.05s
4.24.2026 20:11:14,T0,T1,4.5ft,0.05s
4.24.2026 20:11:14,T0,T1,4.5ft,0.05s
4.24.2026 20:11:14,T0,T1,4.5ft,0.05s
4.24.2026 20:11:14,T0,T1,4.6ft,0.05s
4.24.2026 20:11:14,T0,T1,4.6ft,0.05s
4.24.2026 20:11:15,T0,T1,4.6ft,0.05s
4.24.2026 20:11:15,T0,T1,4.6ft,0.05s
4.24.2026 20:11:15,T0,T1,4.6ft,0.05s
4.24.2026 20:11:15,T0,T1,4.6ft,0.05s
4.24.2026 20:11:15,T0,T1,4.7ft,0.05s
4.24.2026 20:11:15,T0,T1,4.6ft,0.05s
4.24.2026 20:11:15,T0,T1,4.6ft,0.05s
4.24.2026 20:11:15,T0,T1,4.6ft,0.05s
4.24.2026 20:11:15,T0,T1,4.6ft,0.05s
4.24.2026 20:11:15,T0,T1,4.5ft,0.05s
4.24.2026 20:11:15,T0,T1,4.5ft,0.05s
4.24.2026 20:11:15,T0,T1,4.5ft,0.05s
4.24.2026 20:11:15,T0,T1,4.5ft,0.05s
4.24.2026 20:11:15,T0,T1,4.5ft,0.05s
4.24.2026 20:11:15,T0,T1,4.5ft,0.05s
4.24.2026 20:11:15,T0,T1,4.5ft,0.05s
4.24.2026 20:11:15,T0,T1,4.5ft,0.05s
4.24.2026 20:11:15,T0,T1,4.5ft,0.05s
4.24.2026 20:11:15,T0,T1,4.5ft,0.05s
4.24.2026 20:11:15,T0,T1,4.6ft,0.05s
4.24.2026 20:11:16,T0,T1,4.6ft,0.05s
4.24.2026 20:11:16,T0,T1,4.6ft,0.05s
4.24.2026 20:11:16,T0,T1,4.6ft,0.05s
4.24.2026 20:11:16,T0,T1,4.6ft,0.05s
4.24.2026 20:11:16,T0,T1,4.6ft,0.05s
4.24.2026 20:11:16,T0,T1,4.6ft,0.05s
4.24.2026 20:11:16,T0,T1,4.5ft,0.05s
4.24.2026 20:11:16,T0,T1,4.7ft,0.05s
4.24.2026 20:11:16,T0,T1,4.9ft,0.05s
4.24.2026 20:11:16,T0,T1,5.2ft,0.05s
4.24.2026 20:11:16,T0,T1,5.5ft,0.05s
4.24.2026 20:11:16,T0,T1,5.2ft,0.05s
4.24.2026 20:11:16,T0,T1,5.0ft,0.05s
4.24.2026 20:11:16,T0,T1,4.8ft,0.05s
4.24.2026 20:11:16,T0,T1,4.7ft,0.05s
4.24.2026 20:11:16,T0,T1,4.7ft,0.05s
4.24.2026 20:11:16,T0,T1,4.6ft,0.05s
4.24.2026 20:11:16,T0,T1,4.6ft,0.05s
4.24.2026 20:11:16,T0,T1,4.8ft,0.05s
4.24.2026 20:11:17,T0,T1,5.0ft,0.05s
4.24.2026 20:11:17,T0,T1,5.3ft,0.05s
4.24.2026 20:11:17,T0,T1,5.1ft,0.05s
4.24.2026 20:11:17,T0,T1,4.9ft,0.05s
4.24.2026 20:11:17,T0,T1,4.8ft,0.05s
4.24.2026 20:11:17,T0,T1,4.7ft,0.05s
4.24.2026 20:11:17,T0,T1,4.6ft,0.05s
4.24.2026 20:11:17,T0,T1,4.6ft,0.05s
4.24.2026 20:11:17,T0,T1,4.6ft,0.05s
4.24.2026 20:11:17,T0,T1,4.5ft,0.05s
4.24.2026 20:11:17,T0,T1,4.5ft,0.05s
4.24.2026 20:11:17,T0,T1,4.5ft,0.05s
4.24.2026 20:11:17,T0,T1,4.5ft,0.05s
4.24.2026 20:11:17,T0,T1,4.6ft,0.05s
4.24.2026 20:11:17,T0,T1,4.8ft,0.05s
4.24.2026 20:11:17,T0,T1,4.7ft,0.05s
4.24.2026 20:11:17,T0,T1,4.6ft,0.05s
4.24.2026 20:11:17,T0,T1,4.6ft,0.05s
4.24.2026 20:11:17,T0,T1,4.6ft,0.05s
4.24.2026 20:11:17,T0,T1,4.5ft,0.05s
4.24.2026 20:11:18,T0,T1,4.7ft,0.05s
4.24.2026 20:11:18,T0,T1,5.0ft,0.05s
4.24.2026 20:11:18,T0,T1,4.8ft,0.05s
4.24.2026 20:11:18,T0,T1,4.7ft,0.05s
4.24.2026 20:11:18,T0,T1,5.0ft,0.05s
4.24.2026 20:11:18,T0,T1,5.3ft,0.05s
4.24.2026 20:11:18,T0,T1,5.6ft,0.05s
4.24.2026 20:11:18,T0,T1,5.8ft,0.05s
4.24.2026 20:11:18,T0,T1,6.1ft,0.05s
4.24.2026 20:11:18,T0,T1,6.3ft,0.05s
4.24.2026 20:11:18,T0,T1,6.5ft,0.05s
4.24.2026 20:11:18,T0,T1,6.0ft,0.05s
4.24.2026 20:11:18,T0,T1,5.6ft,0.05s
4.24.2026 20:11:18,T0,T1,5.3ft,0.05s
4.24.2026 20:11:18,T0,T1,5.0ft,0.05s
4.24.2026 20:11:18,T0,T1,4.9ft,0.05s
4.24.2026 20:11:18,T0,T1,4.8ft,0.05s
4.24.2026 20:11:18,T0,T1,4.7ft,0.05s
4.24.2026 20:11:18,T0,T1,4.6ft,0.05s
4.24.2026 20:11:18,T0,T1,4.6ft,0.05s
4.24.2026 20:11:19,T0,T1,4.6ft,0.05s
4.24.2026 20:11:19,T0,T1,4.7ft,0.05s
4.24.2026 20:11:19,T0,T1,5.0ft,0.05s
4.24.2026 20:11:19,T0,T1,5.3ft,0.05s
4.24.2026 20:11:19,T0,T1,5.1ft,0.05s
4.24.2026 20:11:19,T0,T1,4.9ft,0.05s
4.24.2026 20:11:19,T0,T1,4.8ft,0.05s
4.24.2026 20:11:19,T0,T1,4.7ft,0.05s
4.24.2026 20:11:19,T0,T1,4.6ft,0.05s
4.24.2026 20:11:19,T0,T1,4.6ft,0.05s
4.24.2026 20:11:19,T0,T1,4.6ft,0.05s
4.24.2026 20:11:19,T0,T1,4.6ft,0.06s
4.24.2026 20:11:19,T0,T1,4.5ft,0.05s
4.24.2026 20:11:19,T0,T1,4.5ft,0.05s
4.24.2026 20:11:19,T0,T1,4.5ft,0.05s
4.24.2026 20:11:19,T0,T1,4.5ft,0.05s
4.24.2026 20:11:19,T0,T1,4.5ft,0.05s
4.24.2026 20:11:19,T0,T1,4.5ft,0.05s
4.24.2026 20:11:19,T0,T1,4.5ft,0.05s
4.24.2026 20:11:20,T0,T1,4.5ft,0.05s
4.24.2026 20:11:20,T0,T1,4.5ft,0.05s
4.24.2026 20:11:20,T0,T1,4.5ft,0.05s
4.24.2026 20:11:20,T0,T1,4.5ft,0.05s
4.24.2026 20:11:20,T0,T1,4.5ft,0.05s
4.24.2026 20:11:20,T0,T1,4.5ft,0.05s
4.24.2026 20:11:20,T0,T1,4.5ft,0.05s
4.24.2026 20:11:20,T0,T1,4.6ft,0.05s
4.24.2026 20:11:20,T0,T1,4.6ft,0.05s
4.24.2026 20:11:20,T0,T1,4.6ft,0.05s
4.24.2026 20:11:20,T0,T1,4.6ft,0.05s
4.24.2026 20:11:20,T0,T1,4.6ft,0.05s
4.24.2026 20:11:20,T0,T1,4.6ft,0.05s
4.24.2026 20:11:20,T0,T1,4.6ft,0.05s
4.24.2026 20:11:20,T0,T1,4.6ft,0.05s
4.24.2026 20:11:20,T0,T1,4.5ft,0.05s
4.24.2026 20:11:20,T0,T1,4.5ft,0.05s
4.24.2026 20:11:20,T0,T1,4.5ft,0.05s
4.24.2026 20:11:20,T0,T1,4.5ft,0.05s
4.24.2026 20:11:20,T0,T1,4.6ft,0.05s
4.24.2026 20:11:21,T0,T1,4.6ft,0.05s
4.24.2026 20:11:21,T0,T1,4.6ft,0.05s
4.24.2026 20:11:21,T0,T1,4.6ft,0.05s
4.24.2026 20:11:21,T0,T1,4.6ft,0.05s
4.24.2026 20:11:21,T0,T1,4.8ft,0.05s
4.24.2026 20:11:21,T0,T1,5.1ft,0.05s
4.24.2026 20:11:21,T0,T1,5.4ft,0.05s
4.24.2026 20:11:21,T0,T1,5.1ft,0.05s
4.24.2026 20:11:21,T0,T1,5.4ft,0.05s
4.24.2026 20:11:21,T0,T1,5.7ft,0.05s
4.24.2026 20:11:21,T0,T1,5.4ft,0.05s
4.24.2026 20:11:21,T0,T1,5.1ft,0.05s
4.24.2026 20:11:21,T0,T1,4.9ft,0.05s
4.24.2026 20:11:21,T0,T1,4.8ft,0.05s
4.24.2026 20:11:21,T0,T1,4.7ft,0.05s
4.24.2026 20:11:21,T0,T1,5.0ft,0.05s
4.24.2026 20:11:21,T0,T1,5.2ft,0.05s
4.24.2026 20:11:21,T0,T1,5.0ft,0.05s
4.24.2026 20:11:21,T0,T1,4.9ft,0.05s
4.24.2026 20:11:22,T0,T1,4.8ft,0.05s
4.24.2026 20:11:22,T0,T1,4.7ft,0.05s
4.24.2026 20:11:22,T0,T1,4.6ft,0.05s
4.24.2026 20:11:22,T0,T1,4.6ft,0.05s
4.24.2026 20:11:22,T0,T1,4.6ft,0.05s
4.24.2026 20:11:22,T0,T1,4.5ft,0.05s
4.24.2026 20:11:22,T0,T1,4.5ft,0.05s
4.24.2026 20:11:22,T0,T1,4.5ft,0.05s
4.24.2026 20:11:22,T0,T1,4.5ft,0.05s
4.24.2026 20:11:22,T0,T1,4.5ft,0.05s
4.24.2026 20:11:22,T0,T1,4.5ft,0.05s
4.24.2026 20:11:22,T0,T1,4.5ft,0.05s
4.24.2026 20:11:22,T0,T1,4.6ft,0.05s
4.24.2026 20:11:22,T0,T1,4.6ft,0.05s
4.24.2026 20:11:22,T0,T1,4.6ft,0.05s
4.24.2026 20:11:22,T0,T1,4.6ft,0.05s
4.24.2026 20:11:22,T0,T1,4.6ft,0.05s
4.24.2026 20:11:22,T0,T1,4.6ft,0.05s
4.24.2026 20:11:22,T0,T1,4.8ft,0.05s
4.24.2026 20:11:22,T0,T1,5.0ft,0.05s
4.24.2026 20:11:23,T0,T1,5.3ft,0.05s
4.24.2026 20:11:23,T0,T1,5.6ft,0.05s
4.24.2026 20:11:23,T0,T1,5.9ft,0.05s
4.24.2026 20:11:23,T0,T1,6.1ft,0.05s
4.24.2026 20:11:23,T0,T1,5.7ft,0.05s
4.24.2026 20:11:23,T0,T1,5.4ft,0.05s
4.24.2026 20:11:23,T0,T1,5.1ft,0.05s
4.24.2026 20:11:23,T0,T1,4.9ft,0.05s
4.24.2026 20:11:23,T0,T1,4.8ft,0.05s
4.24.2026 20:11:23,T0,T1,4.7ft,0.05s
4.24.2026 20:11:23,T0,T1,5.0ft,0.05s
4.24.2026 20:11:23,T0,T1,4.8ft,0.05s
4.24.2026 20:11:23,T0,T1,4.7ft,0.05s
4.24.2026 20:11:23,T0,T1,4.6ft,0.05s
4.24.2026 20:11:23,T0,T1,4.6ft,0.05s
4.24.2026 20:11:23,T0,T1,4.8ft,0.05s
4.24.2026 20:11:23,T0,T1,5.1ft,0.05s
4.24.2026 20:11:23,T0,T1,4.9ft,0.05s
4.24.2026 20:11:23,T0,T1,4.8ft,0.05s
4.24.2026 20:11:24,T0,T1,4.7ft,0.05s
4.24.2026 20:11:24,T0,T1,4.6ft,0.05s
4.24.2026 20:11:24,T0,T1,4.6ft,0.05s
4.24.2026 20:11:24,T0,T1,4.6ft,0.05s
4.24.2026 20:11:24,T0,T1,4.6ft,0.05s
4.24.2026 20:11:24,T0,T1,4.5ft,0.05s
4.24.2026 20:11:24,T0,T1,4.7ft,0.05s
4.24.2026 20:11:24,T0,T1,4.9ft,0.05s
4.24.2026 20:11:24,T0,T1,5.2ft,0.05s
4.24.2026 20:11:24,T0,T1,5.5ft,0.05s
4.24.2026 20:11:24,T0,T1,5.2ft,0.05s
4.24.2026 20:11:24,T0,T1,5.0ft,0.05s
4.24.2026 20:11:24,T0,T1,4.8ft,0.05s
4.24.2026 20:11:24,T0,T1,4.7ft,0.05s
4.24.2026 20:11:24,T0,T1,4.7ft,0.05s
4.24.2026 20:11:24,T0,T1,4.6ft,0.05s
4.24.2026 20:11:24,T0,T1,4.6ft,0.05s
4.24.2026 20:11:24,T0,T1,4.8ft,0.05s
4.24.2026 20:11:24,T0,T1,5.0ft,0.05s
4.24.2026 20:11:24,T0,T1,4.9ft,0.05s
4.24.2026 20:11:25,T0,T1,4.7ft,0.05s
4.24.2026 20:11:25,T0,T1,4.7ft,0.05s
4.24.2026 20:11:25,T0,T1,4.6ft,0.05s
4.24.2026 20:11:25,T0,T1,4.8ft,0.05s
4.24.2026 20:11:25,T0,T1,4.7ft,0.05s
4.24.2026 20:11:25,T0,T1,4.6ft,0.05s
4.24.2026 20:11:25,T0,T1,4.9ft,0.05s
4.24.2026 20:11:25,T0,T1,5.1ft,0.05s
4.24.2026 20:11:25,T0,T1,5.4ft,0.05s
4.24.2026 20:11:25,T0,T1,5.7ft,0.05s
4.24.2026 20:11:25,T0,T1,5.4ft,0.05s
4.24.2026 20:11:25,T0,T1,5.7ft,0.05s
4.24.2026 20:11:25,T0,T1,5.9ft,0.05s
4.24.2026 20:11:25,T0,T1,5.5ft,0.05s
4.24.2026 20:11:25,T0,T1,5.2ft,0.05s
4.24.2026 20:11:25,T0,T1,5.5ft,0.05s
4.24.2026 20:11:25,T0,T1,5.8ft,0.05s
4.24.2026 20:11:25,T0,T1,6.0ft,0.05s
4.24.2026 20:11:25,T0,T1,6.3ft,0.05s
4.24.2026 20:11:25,T0,T1,6.5ft,0.05s
4.24.2026 20:11:26,T0,T1,5.9ft,0.05s
4.24.2026 20:11:26,T0,T1,5.5ft,0.05s
4.24.2026 20:11:26,T0,T1,5.2ft,0.05s
4.24.2026 20:11:26,T0,T1,5.0ft,0.05s
4.24.2026 20:11:26,T0,T1,4.8ft,0.05s
4.24.2026 20:11:26,T0,T1,5.1ft,0.05s
4.24.2026 20:11:26,T0,T1,5.4ft,0.05s
4.24.2026 20:11:26,T0,T1,5.7ft,0.05s
4.24.2026 20:11:26,T0,T1,5.4ft,0.05s
4.24.2026 20:11:26,T0,T1,5.1ft,0.05s
4.24.2026 20:11:26,T0,T1,4.9ft,0.05s
4.24.2026 20:11:26,T0,T1,4.8ft,0.05s
4.24.2026 20:11:26,T0,T1,4.7ft,0.05s
4.24.2026 20:11:26,T0,T1,4.6ft,0.05s
4.24.2026 20:11:26,T0,T1,4.6ft,0.05s
4.24.2026 20:11:26,T0,T1,4.5ft,0.05s
4.24.2026 20:11:26,T0,T1,4.5ft,0.05s
4.24.2026 20:11:26,T0,T1,4.5ft,0.05s
4.24.2026 20:11:26,T0,T1,4.5ft,0.05s
4.24.2026 20:11:27,T0,T1,4.5ft,0.05s
4.24.2026 20:11:27,T0,T1,4.5ft,0.05s
4.24.2026 20:11:27,T0,T1,4.5ft,0.05s
4.24.2026 20:11:27,T0,T1,4.5ft,0.05s
4.24.2026 20:11:27,T0,T1,4.5ft,0.05s
4.24.2026 20:11:27,T0,T1,4.5ft,0.05s
4.24.2026 20:11:27,T0,T1,4.6ft,0.05s
4.24.2026 20:11:27,T0,T1,4.5ft,0.05s
4.24.2026 20:11:27,T0,T1,4.5ft,0.05s
4.24.2026 20:11:27,T0,T1,4.5ft,0.05s
4.24.2026 20:11:27,T0,T1,4.5ft,0.05s
4.24.2026 20:11:27,T0,T1,4.5ft,0.05s
4.24.2026 20:11:27,T0,T1,4.5ft,0.05s
4.24.2026 20:11:27,T0,T1,4.5ft,0.05s
4.24.2026 20:11:27,T0,T1,4.6ft,0.05s
4.24.2026 20:11:27,T0,T1,4.6ft,0.05s
4.24.2026 20:11:27,T0,T1,4.6ft,0.06s
4.24.2026 20:11:27,T0,T1,4.6ft,0.05s
4.24.2026 20:11:27,T0,T1,4.6ft,0.05s
4.24.2026 20:11:27,T0,T1,4.8ft,0.05s
4.24.2026 20:11:28,T0,T1,4.7ft,0.05s
4.24.2026 20:11:28,T0,T1,4.7ft,0.05s
4.24.2026 20:11:28,T0,T1,4.6ft,0.05s
4.24.2026 20:11:28,T0,T1,4.6ft,0.05s
4.24.2026 20:11:28,T0,T1,4.6ft,0.05s
4.24.2026 20:11:28,T0,T1,4.5ft,0.05s
4.24.2026 20:11:28,T0,T1,4.5ft,0.05s
4.24.2026 20:11:28,T0,T1,4.5ft,0.06s
4.24.2026 20:11:28,T0,T1,4.5ft,0.05s
4.24.2026 20:11:28,T0,T1,4.5ft,0.05s
4.24.2026 20:11:28,T0,T1,4.5ft,0.05s
4.24.2026 20:11:28,T0,T1,4.5ft,0.05s
4.24.2026 20:11:28,T0,T1,4.6ft,0.05s
4.24.2026 20:11:28,T0,T1,4.8ft,0.05s
4.24.2026 20:11:28,T0,T1,4.7ft,0.05s
4.24.2026 20:11:28,T0,T1,4.6ft,0.05s
4.24.2026 20:11:28,T0,T1,4.6ft,0.05s
4.24.2026 20:11:28,T0,T1,4.6ft,0.05s
4.24.2026 20:11:28,T0,T1,4.5ft,0.05s
4.24.2026 20:11:29,T0,T1,4.5ft,0.05s
4.24.2026 20:11:29,T0,T1,4.5ft,0.05s
4.24.2026 20:11:29,T0,T1,4.6ft,0.05s
4.24.2026 20:11:29,T0,T1,4.9ft,0.05s
4.24.2026 20:11:29,T0,T1,5.2ft,0.05s
4.24.2026 20:11:29,T0,T1,5.4ft,0.05s
4.24.2026 20:11:29,T0,T1,5.2ft,0.05s
4.24.2026 20:11:29,T0,T1,5.0ft,0.05s
4.24.2026 20:11:29,T0,T1,4.8ft,0.05s
4.24.2026 20:11:29,T0,T1,4.7ft,0.05s
4.24.2026 20:11:29,T0,T1,4.6ft,0.05s
4.24.2026 20:11:29,T0,T1,4.6ft,0.05s
4.24.2026 20:11:29,T0,T1,4.6ft,0.05s
4.24.2026 20:11:29,T0,T1,4.5ft,0.06s
4.24.2026 20:11:29,T0,T1,4.5ft,0.05s
4.24.2026 20:11:29,T0,T1,4.5ft,0.05s
4.24.2026 20:11:29,T0,T1,4.5ft,0.05s
4.24.2026 20:11:29,T0,T1,4.5ft,0.05s
4.24.2026 20:11:29,T0,T1,4.5ft,0.05s
4.24.2026 20:11:29,T0,T1,4.5ft,0.05s
4.24.2026 20:11:30,T0,T1,4.5ft,0.05s
4.24.2026 20:11:30,T0,T1,4.5ft,0.05s
4.24.2026 20:11:30,T0,T1,4.5ft,0.05s
4.24.2026 20:11:30,T0,T1,4.5ft,0.05s
4.24.2026 20:11:30,T0,T1,4.6ft,0.05s
4.24.2026 20:11:30,T0,T1,4.6ft,0.05s
4.24.2026 20:11:30,T0,T1,4.6ft,0.05s
4.24.2026 20:11:30,T0,T1,4.6ft,0.05s
4.24.2026 20:11:30,T0,T1,4.6ft,0.05s
4.24.2026 20:11:30,T0,T1,4.8ft,0.05s
4.24.2026 20:11:30,T0,T1,4.7ft,0.05s
4.24.2026 20:11:30,T0,T1,4.6ft,0.05s
4.24.2026 20:11:30,T0,T1,4.6ft,0.05s
4.24.2026 20:11:30,T0,T1,4.6ft,0.05s
4.24.2026 20:11:30,T0,T1,4.6ft,0.05s
4.24.2026 20:11:30,T0,T1,4.6ft,0.05s
4.24.2026 20:11:30,T0,T1,4.6ft,0.05s
4.24.2026 20:11:30,T0,T1,4.6ft,0.05s
4.24.2026 20:11:30,T0,T1,4.6ft,0.05s
4.24.2026 20:11:31,T0,T1,4.6ft,0.05s
4.24.2026 20:11:31,T0,T1,4.6ft,0.05s
4.24.2026 20:11:31,T0,T1,4.6ft,0.05s
4.24.2026 20:11:31,T0,T1,4.6ft,0.05s
4.24.2026 20:11:31,T0,T1,4.6ft,0.05s
4.24.2026 20:11:31,T0,T1,4.6ft,0.05s
4.24.2026 20:11:31,T0,T1,4.6ft,0.05s
4.24.2026 20:11:31,T0,T1,4.6ft,0.05s
4.24.2026 20:11:31,T0,T1,4.6ft,0.05s
4.24.2026 20:11:31,T0,T1,4.6ft,0.05s
4.24.2026 20:11:31,T0,T1,4.6ft,0.05s
4.24.2026 20:11:31,T0,T1,4.8ft,0.05s
4.24.2026 20:11:31,T0,T1,5.0ft,0.05s
4.24.2026 20:11:31,T0,T1,5.3ft,0.06s
4.24.2026 20:11:31,T0,T1,5.6ft,0.05s
4.24.2026 20:11:31,T0,T1,5.9ft,0.05s
4.24.2026 20:11:31,T0,T1,6.1ft,0.05s
4.24.2026 20:11:31,T0,T1,5.7ft,0.05s
4.24.2026 20:11:31,T0,T1,5.3ft,0.05s
4.24.2026 20:11:31,T0,T1,5.1ft,0.05s
4.24.2026 20:11:32,T0,T1,4.9ft,0.05s
4.24.2026 20:11:32,T0,T1,4.8ft,0.05s
4.24.2026 20:11:32,T0,T1,4.7ft,0.05s
4.24.2026 20:11:32,T0,T1,4.6ft,0.05s
4.24.2026 20:11:32,T0,T1,4.6ft,0.05s
4.24.2026 20:11:32,T0,T1,4.5ft,0.05s
4.24.2026 20:11:32,T0,T1,4.5ft,0.05s
4.24.2026 20:11:32,T0,T1,4.5ft,0.05s
4.24.2026 20:11:32,T0,T1,4.5ft,0.05s
4.24.2026 20:11:32,T0,T1,4.5ft,0.05s
4.24.2026 20:11:32,T0,T1,4.5ft,0.05s
4.24.2026 20:11:32,T0,T1,4.5ft,0.05s
4.24.2026 20:11:32,T0,T1,4.5ft,0.05s
4.24.2026 20:11:32,T0,T1,4.5ft,0.05s
4.24.2026 20:11:32,T0,T1,4.5ft,0.05s
4.24.2026 20:11:32,T0,T1,4.5ft,0.05s
4.24.2026 20:11:32,T0,T1,4.5ft,0.05s
4.24.2026 20:11:32,T0,T1,4.5ft,0.05s
4.24.2026 20:11:32,T0,T1,4.5ft,0.05s
4.24.2026 20:11:32,T0,T1,4.5ft,0.05s
4.24.2026 20:11:33,T0,T1,4.5ft,0.05s
4.24.2026 20:11:33,T0,T1,4.5ft,0.05s
4.24.2026 20:11:33,T0,T1,4.5ft,0.05s
4.24.2026 20:11:33,T0,T1,4.6ft,0.05s
4.24.2026 20:11:33,T0,T1,4.5ft,0.05s
4.24.2026 20:11:33,T0,T1,4.5ft,0.05s
4.24.2026 20:11:33,T0,T1,4.5ft,0.06s
4.24.2026 20:11:33,T0,T1,4.5ft,0.05s
4.24.2026 20:11:33,T0,T1,4.5ft,0.05s
4.24.2026 20:11:33,T0,T1,4.5ft,0.06s
4.24.2026 20:11:33,T0,T1,4.5ft,0.05s
4.24.2026 20:11:33,T0,T1,4.5ft,0.05s
4.24.2026 20:11:33,T0,T1,4.5ft,0.05s
4.24.2026 20:11:33,T0,T1,4.5ft,0.05s
4.24.2026 20:11:33,T0,T1,4.5ft,0.05s
4.24.2026 20:11:33,T0,T1,4.5ft,0.05s
4.24.2026 20:11:33,T0,T1,4.5ft,0.05s
4.24.2026 20:11:33,T0,T1,4.5ft,0.05s
4.24.2026 20:11:33,T0,T1,4.5ft,0.05s
4.24.2026 20:11:34,T0,T1,4.5ft,0.05s
4.24.2026 20:11:34,T0,T1,4.5ft,0.05s
4.24.2026 20:11:34,T0,T1,4.5ft,0.05s
4.24.2026 20:11:34,T0,T1,4.5ft,0.05s
4.24.2026 20:11:34,T0,T1,4.5ft,0.05s
4.24.2026 20:11:34,T0,T1,4.6ft,0.05s
4.24.2026 20:11:34,T0,T1,4.6ft,0.05s
4.24.2026 20:11:34,T0,T1,4.6ft,0.05s
4.24.2026 20:11:34,T0,T1,4.6ft,0.05s
4.24.2026 20:11:34,T0,T1,4.6ft,0.05s
4.24.2026 20:11:34,T0,T1,4.6ft,0.05s
4.24.2026 20:11:34,T0,T1,4.6ft,0.05s
4.24.2026 20:11:34,T0,T1,4.7ft,0.05s
4.24.2026 20:11:34,T0,T1,5.0ft,0.05s
4.24.2026 20:11:34,T0,T1,5.3ft,0.05s
4.24.2026 20:11:34,T0,T1,5.6ft,0.05s
4.24.2026 20:11:34,T0,T1,5.8ft,0.05s
4.24.2026 20:11:34,T0,T1,5.5ft,0.05s
4.24.2026 20:11:34,T0,T1,5.2ft,0.05s
4.24.2026 20:11:34,T0,T1,5.0ft,0.05s
4.24.2026 20:11:35,T0,T1,4.8ft,0.05s
4.24.2026 20:11:35,T0,T1,4.7ft,0.05s
4.24.2026 20:11:35,T0,T1,4.7ft,0.05s
4.24.2026 20:11:35,T0,T1,4.6ft,0.05s
4.24.2026 20:11:35,T0,T1,4.8ft,0.05s
4.24.2026 20:11:35,T0,T1,4.7ft,0.05s
4.24.2026 20:11:35,T0,T1,4.6ft,0.05s
4.24.2026 20:11:35,T0,T1,4.6ft,0.05s
4.24.2026 20:11:35,T0,T1,4.6ft,0.05s
4.24.2026 20:11:35,T0,T1,4.5ft,0.05s
4.24.2026 20:11:35,T0,T1,4.5ft,0.05s
4.24.2026 20:11:35,T0,T1,4.7ft,0.05s
4.24.2026 20:11:35,T0,T1,4.6ft,0.05s
4.24.2026 20:11:35,T0,T1,4.6ft,0.05s
4.24.2026 20:11:35,T0,T1,4.5ft,0.05s
4.24.2026 20:11:35,T0,T1,4.5ft,0.05s
4.24.2026 20:11:35,T0,T1,4.5ft,0.05s
4.24.2026 20:11:35,T0,T1,4.5ft,0.05s
4.24.2026 20:11:35,T0,T1,4.5ft,0.05s
4.24.2026 20:11:36,T0,T1,4.5ft,0.05s
4.24.2026 20:11:36,T0,T1,4.5ft,0.05s
4.24.2026 20:11:36,T0,T1,4.5ft,0.05s
4.24.2026 20:11:36,T0,T1,4.5ft,0.05s
4.24.2026 20:11:36,T0,T1,4.5ft,0.05s
4.24.2026 20:11:36,T0,T1,4.6ft,0.05s
4.24.2026 20:11:36,T0,T1,4.6ft,0.05s
4.24.2026 20:11:36,T0,T1,4.6ft,0.05s
4.24.2026 20:11:36,T0,T1,4.6ft,0.05s
4.24.2026 20:11:36,T0,T1,4.6ft,0.06s
4.24.2026 20:11:36,T0,T1,4.5ft,0.05s
4.24.2026 20:11:36,T0,T1,4.5ft,0.05s
4.24.2026 20:11:36,T0,T1,4.5ft,0.05s
4.24.2026 20:11:36,T0,T1,4.6ft,0.05s
4.24.2026 20:11:36,T0,T1,4.6ft,0.05s
4.24.2026 20:11:36,T0,T1,4.6ft,0.05s
4.24.2026 20:11:36,T0,T1,4.6ft,0.05s
4.24.2026 20:11:36,T0,T1,4.7ft,0.05s
4.24.2026 20:11:36,T0,T1,4.7ft,0.05s
4.24.2026 20:11:36,T0,T1,4.6ft,0.05s
4.24.2026 20:11:37,T0,T1,4.6ft,0.05s
4.24.2026 20:11:37,T0,T1,4.6ft,0.05s
4.24.2026 20:11:37,T0,T1,4.6ft,0.05s
4.24.2026 20:11:37,T0,T1,4.6ft,0.06s
4.24.2026 20:11:37,T0,T1,4.6ft,0.05s
4.24.2026 20:11:37,T0,T1,4.7ft,0.05s
4.24.2026 20:11:37,T0,T1,4.9ft,0.05s
4.24.2026 20:11:37,T0,T1,5.2ft,0.05s
4.24.2026 20:11:37,T0,T1,5.0ft,0.05s
4.24.2026 20:11:37,T0,T1,4.8ft,0.05s
4.24.2026 20:11:37,T0,T1,4.7ft,0.05s
4.24.2026 20:11:37,T0,T1,4.7ft,0.05s
4.24.2026 20:11:37,T0,T1,4.9ft,0.05s
4.24.2026 20:11:37,T0,T1,5.2ft,0.05s
4.24.2026 20:11:37,T0,T1,5.0ft,0.05s
4.24.2026 20:11:37,T0,T1,4.8ft,0.05s
4.24.2026 20:11:37,T0,T1,4.7ft,0.05s
4.24.2026 20:11:37,T0,T1,4.7ft,0.05s
4.24.2026 20:11:37,T0,T1,4.6ft,0.05s
4.24.2026 20:11:38,T0,T1,4.6ft,0.05s
4.24.2026 20:11:38,T0,T1,4.6ft,0.05s
4.24.2026 20:11:38,T0,T1,4.5ft,0.05s
4.24.2026 20:11:38,T0,T1,4.5ft,0.05s
4.24.2026 20:11:38,T0,T1,4.7ft,0.05s
4.24.2026 20:11:38,T0,T1,4.9ft,0.05s
4.24.2026 20:11:38,T0,T1,5.2ft,0.05s
4.24.2026 20:11:38,T0,T1,5.5ft,0.05s
4.24.2026 20:11:38,T0,T1,5.8ft,0.05s
4.24.2026 20:11:38,T0,T1,6.0ft,0.05s
4.24.2026 20:11:38,T0,T1,6.2ft,0.05s
4.24.2026 20:11:38,T0,T1,6.5ft,0.05s
4.24.2026 20:11:38,T0,T1,6.6ft,0.05s
4.24.2026 20:11:38,T0,T1,6.1ft,0.05s
4.24.2026 20:11:38,T0,T1,5.7ft,0.05s
4.24.2026 20:11:38,T0,T1,5.3ft,0.05s
4.24.2026 20:11:38,T0,T1,5.1ft,0.05s
4.24.2026 20:11:38,T0,T1,4.9ft,0.05s
4.24.2026 20:11:38,T0,T1,4.8ft,0.05s
4.24.2026 20:11:38,T0,T1,4.7ft,0.05s
4.24.2026 20:11:39,T0,T1,5.0ft,0.05s
4.24.2026 20:11:39,T0,T1,5.2ft,0.05s
4.24.2026 20:11:39,T0,T1,5.5ft,0.05s
4.24.2026 20:11:39,T0,T1,5.8ft,0.05s
4.24.2026 20:11:39,T0,T1,5.4ft,0.05s
4.24.2026 20:11:39,T0,T1,5.2ft,0.05s
4.24.2026 20:11:39,T0,T1,5.0ft,0.05s
4.24.2026 20:11:39,T0,T1,5.3ft,0.05s
4.24.2026 20:11:39,T0,T1,5.0ft,0.05s
4.24.2026 20:11:39,T0,T1,4.9ft,0.05s
4.24.2026 20:11:39,T0,T1,4.8ft,0.05s
4.24.2026 20:11:39,T0,T1,4.7ft,0.05s
4.24.2026 20:11:39,T0,T1,4.6ft,0.05s
4.24.2026 20:11:39,T0,T1,4.6ft,0.05s
4.24.2026 20:11:39,T0,T1,4.6ft,0.05s
4.24.2026 20:11:39,T0,T1,4.6ft,0.05s
4.24.2026 20:11:39,T0,T1,4.6ft,0.05s
4.24.2026 20:11:39,T0,T1,4.5ft,0.05s
4.24.2026 20:11:39,T0,T1,4.5ft,0.05s
4.24.2026 20:11:39,T0,T1,4.5ft,0.05s
4.24.2026 20:11:40,T0,T1,4.5ft,0.05s
4.24.2026 20:11:40,T0,T1,4.5ft,0.05s
4.24.2026 20:11:40,T0,T1,4.5ft,0.05s
4.24.2026 20:11:40,T0,T1,4.5ft,0.05s
4.24.2026 20:11:40,T0,T1,4.5ft,0.05s
4.24.2026 20:11:40,T0,T1,4.6ft,0.05s
4.24.2026 20:11:40,T0,T1,4.6ft,0.05s
4.24.2026 20:11:40,T0,T1,4.6ft,0.05s
4.24.2026 20:11:40,T0,T1,4.7ft,0.05s
4.24.2026 20:11:40,T0,T1,4.7ft,0.05s
4.24.2026 20:11:40,T0,T1,4.6ft,0.05s
4.24.2026 20:11:40,T0,T1,4.6ft,0.05s
4.24.2026 20:11:40,T0,T1,4.8ft,0.05s
4.24.2026 20:11:40,T0,T1,4.7ft,0.05s
4.24.2026 20:11:40,T0,T1,4.6ft,0.05s
4.24.2026 20:11:40,T0,T1,4.6ft,0.05s
4.24.2026 20:11:40,T0,T1,4.6ft,0.05s
4.24.2026 20:11:40,T0,T1,4.6ft,0.05s
4.24.2026 20:11:40,T0,T1,4.5ft,0.05s
4.24.2026 20:11:41,T0,T1,4.5ft,0.05s
4.24.2026 20:11:41,T0,T1,4.5ft,0.05s
4.24.2026 20:11:41,T0,T1,4.5ft,0.05s
4.24.2026 20:11:41,T0,T1,4.6ft,0.05s
4.24.2026 20:11:41,T0,T1,4.8ft,0.05s
4.24.2026 20:11:41,T0,T1,5.1ft,0.05s
4.24.2026 20:11:41,T0,T1,5.4ft,0.05s
4.24.2026 20:11:41,T0,T1,5.7ft,0.05s
4.24.2026 20:11:41,T0,T1,5.3ft,0.05s
4.24.2026 20:11:41,T0,T1,5.1ft,0.05s
4.24.2026 20:11:41,T0,T1,4.9ft,0.05s
4.24.2026 20:11:41,T0,T1,4.8ft,0.05s
4.24.2026 20:11:41,T0,T1,4.7ft,0.05s
4.24.2026 20:11:41,T0,T1,4.6ft,0.05s
4.24.2026 20:11:41,T0,T1,4.6ft,0.05s
4.24.2026 20:11:41,T0,T1,4.5ft,0.05s
4.24.2026 20:11:41,T0,T1,4.5ft,0.05s
4.24.2026 20:11:41,T0,T1,4.5ft,0.05s
4.24.2026 20:11:41,T0,T1,4.6ft,0.05s
4.24.2026 20:11:41,T0,T1,4.6ft,0.05s
4.24.2026 20:11:42,T0,T1,4.5ft,0.05s
4.24.2026 20:11:42,T0,T1,4.5ft,0.05s
4.24.2026 20:11:42,T0,T1,4.5ft,0.05s
4.24.2026 20:11:42,T0,T1,4.5ft,0.05s
4.24.2026 20:11:42,T0,T1,4.5ft,0.05s
4.24.2026 20:11:42,T0,T1,4.5ft,0.05s
4.24.2026 20:11:42,T0,T1,4.5ft,0.05s
4.24.2026 20:11:42,T0,T1,4.5ft,0.05s
4.24.2026 20:11:42,T0,T1,4.5ft,0.05s
4.24.2026 20:11:42,T0,T1,4.5ft,0.05s
4.24.2026 20:11:42,T0,T1,4.5ft,0.05s
4.24.2026 20:11:42,T0,T1,4.5ft,0.05s
4.24.2026 20:11:42,T0,T1,4.5ft,0.05s
4.24.2026 20:11:42,T0,T1,4.5ft,0.05s
4.24.2026 20:11:42,T0,T1,4.5ft,0.05s
4.24.2026 20:11:42,T0,T1,4.5ft,0.05s
4.24.2026 20:11:42,T0,T1,4.5ft,0.05s
4.24.2026 20:11:42,T0,T1,4.5ft,0.05s
4.24.2026 20:11:42,T0,T1,4.5ft,0.05s
4.24.2026 20:11:43,T0,T1,4.5ft,0.05s
4.24.2026 20:11:43,T0,T1,4.5ft,0.05s
4.24.2026 20:11:43,T0,T1,4.5ft,0.05s
4.24.2026 20:11:43,T0,T1,4.5ft,0.05s
4.24.2026 20:11:43,T0,T1,4.5ft,0.05s
4.24.2026 20:11:43,T0,T1,4.5ft,0.05s
4.24.2026 20:11:43,T0,T1,4.5ft,0.05s
4.24.2026 20:11:43,T0,T1,4.6ft,0.05s
4.24.2026 20:11:43,T0,T1,4.6ft,0.05s
4.24.2026 20:11:43,T0,T1,4.6ft,0.05s
4.24.2026 20:11:43,T0,T1,4.6ft,0.05s
4.24.2026 20:11:43,T0,T1,4.6ft,0.05s
4.24.2026 20:11:43,T0,T1,4.7ft,0.05s
4.24.2026 20:11:43,T0,T1,5.0ft,0.05s
4.24.2026 20:11:43,T0,T1,5.3ft,0.05s
4.24.2026 20:11:43,T0,T1,5.6ft,0.05s
4.24.2026 20:11:43,T0,T1,5.8ft,0.05s
4.24.2026 20:11:43,T0,T1,5.5ft,0.05s
4.24.2026 20:11:43,T0,T1,5.2ft,0.05s
4.24.2026 20:11:43,T0,T1,5.0ft,0.05s
4.24.2026 20:11:44,T0,T1,4.8ft,0.05s
4.24.2026 20:11:44,T0,T1,4.7ft,0.05s
4.24.2026 20:11:44,T0,T1,5.0ft,0.05s
4.24.2026 20:11:44,T0,T1,5.3ft,0.05s
4.24.2026 20:11:44,T0,T1,5.0ft,0.05s
4.24.2026 20:11:44,T0,T1,4.9ft,0.05s
4.24.2026 20:11:44,T0,T1,4.8ft,0.05s
4.24.2026 20:11:44,T0,T1,4.7ft,0.05s
4.24.2026 20:11:44,T0,T1,4.6ft,0.05s
4.24.2026 20:11:44,T0,T1,4.6ft,0.05s
4.24.2026 20:11:44,T0,T1,4.6ft,0.05s
4.24.2026 20:11:44,T0,T1,4.7ft,0.05s
4.24.2026 20:11:44,T0,T1,5.0ft,0.05s
4.24.2026 20:11:44,T0,T1,4.9ft,0.05s
4.24.2026 20:11:44,T0,T1,4.7ft,0.05s
4.24.2026 20:11:44,T0,T1,5.0ft,0.05s
4.24.2026 20:11:44,T0,T1,4.9ft,0.05s
4.24.2026 20:11:44,T0,T1,4.8ft,0.05s
4.24.2026 20:11:44,T0,T1,4.7ft,0.05s
4.24.2026 20:11:44,T0,T1,4.6ft,0.05s
4.24.2026 20:11:45,T0,T1,4.6ft,0.05s
4.24.2026 20:11:45,T0,T1,4.6ft,0.05s
4.24.2026 20:11:45,T0,T1,4.8ft,0.05s
4.24.2026 20:11:45,T0,T1,4.7ft,0.05s
4.24.2026 20:11:45,T0,T1,4.6ft,0.05s
4.24.2026 20:11:45,T0,T1,4.6ft,0.05s
4.24.2026 20:11:45,T0,T1,4.6ft,0.05s
4.24.2026 20:11:45,T0,T1,4.6ft,0.05s
4.24.2026 20:11:45,T0,T1,4.6ft,0.05s
4.24.2026 20:11:45,T0,T1,4.6ft,0.06s
4.24.2026 20:11:45,T0,T1,4.5ft,0.05s
4.24.2026 20:11:45,T0,T1,4.5ft,0.05s
4.24.2026 20:11:45,T0,T1,4.5ft,0.05s
4.24.2026 20:11:45,T0,T1,4.5ft,0.05s
4.24.2026 20:11:45,T0,T1,4.5ft,0.05s
4.24.2026 20:11:45,T0,T1,4.6ft,0.05s
4.24.2026 20:11:45,T0,T1,4.6ft,0.05s
4.24.2026 20:11:45,T0,T1,4.6ft,0.05s
4.24.2026 20:11:45,T0,T1,4.6ft,0.05s
4.24.2026 20:11:46,T0,T1,4.6ft,0.05s
4.24.2026 20:11:46,T0,T1,4.6ft,0.05s
4.24.2026 20:11:46,T0,T1,4.6ft,0.05s
4.24.2026 20:11:46,T0,T1,4.6ft,0.05s
4.24.2026 20:11:46,T0,T1,4.6ft,0.05s
4.24.2026 20:11:46,T0,T1,4.6ft,0.05s
4.24.2026 20:11:46,T0,T1,4.6ft,0.05s
4.24.2026 20:11:46,T0,T1,4.6ft,0.05s
4.24.2026 20:11:46,T0,T1,4.6ft,0.05s
4.24.2026 20:11:46,T0,T1,4.6ft,0.05s
4.24.2026 20:11:46,T0,T1,4.6ft,0.05s
4.24.2026 20:11:46,T0,T1,4.6ft,0.05s
4.24.2026 20:11:46,T0,T1,4.6ft,0.05s
4.24.2026 20:11:46,T0,T1,4.6ft,0.05s
4.24.2026 20:11:46,T0,T1,4.6ft,0.05s
4.24.2026 20:11:46,T0,T1,4.6ft,0.05s
4.24.2026 20:11:46,T0,T1,4.6ft,0.05s
4.24.2026 20:11:46,T0,T1,4.6ft,0.05s
4.24.2026 20:11:46,T0,T1,4.6ft,0.05s
4.24.2026 20:11:46,T0,T1,4.6ft,0.05s
4.24.2026 20:11:47,T0,T1,4.6ft,0.05s
4.24.2026 20:11:47,T0,T1,4.6ft,0.05s
4.24.2026 20:11:47,T0,T1,4.6ft,0.05s
4.24.2026 20:11:47,T0,T1,4.6ft,0.05s
4.24.2026 20:11:47,T0,T1,4.6ft,0.05s
4.24.2026 20:11:47,T0,T1,4.6ft,0.05s
4.24.2026 20:11:47,T0,T1,4.6ft,0.05s
4.24.2026 20:11:47,T0,T1,4.6ft,0.05s
4.24.2026 20:11:47,T0,T1,4.6ft,0.05s
4.24.2026 20:11:47,T0,T1,4.6ft,0.05s
4.24.2026 20:11:47,T0,T1,4.6ft,0.05s
4.24.2026 20:11:47,T0,T1,4.7ft,0.05s
4.24.2026 20:11:47,T0,T1,4.7ft,0.05s
4.24.2026 20:11:47,T0,T1,4.6ft,0.05s
4.24.2026 20:11:47,T0,T1,4.8ft,0.05s
4.24.2026 20:11:47,T0,T1,5.1ft,0.05s
4.24.2026 20:11:47,T0,T1,4.9ft,0.05s
4.24.2026 20:11:47,T0,T1,4.8ft,0.05s
4.24.2026 20:11:47,T0,T1,4.7ft,0.05s
4.24.2026 20:11:48,T0,T1,4.9ft,0.05s
4.24.2026 20:11:48,T0,T1,5.2ft,0.05s
4.24.2026 20:11:48,T0,T1,5.0ft,0.05s
4.24.2026 20:11:48,T0,T1,4.8ft,0.05s
4.24.2026 20:11:48,T0,T1,4.7ft,0.05s
4.24.2026 20:11:48,T0,T1,4.6ft,0.05s
4.24.2026 20:11:48,T0,T1,4.6ft,0.05s
4.24.2026 20:11:48,T0,T1,4.5ft,0.05s
4.24.2026 20:11:48,T0,T1,4.5ft,0.05s
4.24.2026 20:11:48,T0,T1,4.5ft,0.05s
4.24.2026 20:11:48,T0,T1,4.5ft,0.05s
4.24.2026 20:11:48,T0,T1,4.5ft,0.05s
4.24.2026 20:11:48,T0,T1,4.5ft,0.05s
4.24.2026 20:11:48,T0,T1,4.5ft,0.05s
4.24.2026 20:11:48,T0,T1,4.5ft,0.05s
4.24.2026 20:11:48,T0,T1,4.5ft,0.05s
4.24.2026 20:11:48,T0,T1,4.5ft,0.05s
4.24.2026 20:11:48,T0,T1,4.5ft,0.05s
4.24.2026 20:11:48,T0,T1,4.5ft,0.05s
4.24.2026 20:11:48,T0,T1,4.5ft,0.05s
4.24.2026 20:11:49,T0,T1,4.5ft,0.05s
4.24.2026 20:11:49,T0,T1,4.5ft,0.05s
4.24.2026 20:11:49,T0,T1,4.6ft,0.05s
4.24.2026 20:11:49,T0,T1,4.5ft,0.05s
4.24.2026 20:11:49,T0,T1,4.5ft,0.05s
4.24.2026 20:11:49,T0,T1,4.5ft,0.05s
4.24.2026 20:11:49,T0,T1,4.5ft,0.05s
4.24.2026 20:11:49,T0,T1,4.5ft,0.05s
4.24.2026 20:11:49,T0,T1,4.5ft,0.05s
4.24.2026 20:11:49,T0,T1,4.5ft,0.05s
4.24.2026 20:11:49,T0,T1,4.5ft,0.05s
4.24.2026 20:11:49,T0,T1,4.5ft,0.06s
4.24.2026 20:11:49,T0,T1,4.5ft,0.05s
4.24.2026 20:11:49,T0,T1,4.6ft,0.05s
4.24.2026 20:11:49,T0,T1,4.6ft,0.05s
4.24.2026 20:11:49,T0,T1,4.6ft,0.05s
4.24.2026 20:11:49,T0,T1,4.6ft,0.05s
4.24.2026 20:11:49,T0,T1,4.6ft,0.05s
4.24.2026 20:11:49,T0,T1,4.6ft,0.05s
4.24.2026 20:11:49,T0,T1,4.5ft,0.05s
4.24.2026 20:11:50,T0,T1,4.5ft,0.05s
4.24.2026 20:11:50,T0,T1,4.5ft,0.05s
4.24.2026 20:11:50,T0,T1,4.6ft,0.05s
4.24.2026 20:11:50,T0,T1,4.6ft,0.05s
4.24.2026 20:11:50,T0,T1,4.5ft,0.05s
4.24.2026 20:11:50,T0,T1,4.5ft,0.05s
4.24.2026 20:11:50,T0,T1,4.7ft,0.05s
4.24.2026 20:11:50,T0,T1,4.9ft,0.05s
4.24.2026 20:11:50,T0,T1,5.2ft,0.05s
4.24.2026 20:11:50,T0,T1,5.5ft,0.05s
4.24.2026 20:11:50,T0,T1,5.8ft,0.05s
4.24.2026 20:11:50,T0,T1,5.4ft,0.05s
4.24.2026 20:11:50,T0,T1,5.1ft,0.05s
4.24.2026 20:11:50,T0,T1,4.9ft,0.05s
4.24.2026 20:11:50,T0,T1,4.8ft,0.05s
4.24.2026 20:11:50,T0,T1,4.7ft,0.05s
4.24.2026 20:11:50,T0,T1,4.6ft,0.05s
4.24.2026 20:11:50,T0,T1,4.6ft,0.05s
4.24.2026 20:11:50,T0,T1,4.6ft,0.05s
4.24.2026 20:11:51,T0,T1,4.5ft,0.05s
4.24.2026 20:11:51,T0,T1,4.5ft,0.05s
4.24.2026 20:11:51,T0,T1,4.5ft,0.05s
4.24.2026 20:11:51,T0,T1,4.5ft,0.05s
4.24.2026 20:11:51,T0,T1,4.5ft,0.05s
4.24.2026 20:11:51,T0,T1,4.5ft,0.05s
4.24.2026 20:11:51,T0,T1,4.5ft,0.05s
4.24.2026 20:11:51,T0,T1,4.5ft,0.05s
4.24.2026 20:11:51,T0,T1,4.6ft,0.05s
4.24.2026 20:11:51,T0,T1,4.6ft,0.05s
4.24.2026 20:11:51,T0,T1,4.6ft,0.05s
4.24.2026 20:11:51,T0,T1,4.8ft,0.05s
4.24.2026 20:11:51,T0,T1,4.7ft,0.05s
4.24.2026 20:11:51,T0,T1,4.7ft,0.05s
4.24.2026 20:11:51,T0,T1,4.6ft,0.05s
4.24.2026 20:11:51,T0,T1,4.6ft,0.05s
4.24.2026 20:11:51,T0,T1,4.8ft,0.05s
4.24.2026 20:11:51,T0,T1,5.0ft,0.05s
4.24.2026 20:11:51,T0,T1,5.3ft,0.05s
4.24.2026 20:11:51,T0,T1,5.1ft,0.05s
4.24.2026 20:11:52,T0,T1,4.9ft,0.05s
4.24.2026 20:11:52,T0,T1,4.8ft,0.05s
4.24.2026 20:11:52,T0,T1,4.7ft,0.05s
4.24.2026 20:11:52,T0,T1,5.0ft,0.05s
4.24.2026 20:11:52,T0,T1,5.3ft,0.05s
4.24.2026 20:11:52,T0,T1,5.5ft,0.05s
4.24.2026 20:11:52,T0,T1,5.3ft,0.05s
4.24.2026 20:11:52,T0,T1,5.0ft,0.05s
4.24.2026 20:11:52,T0,T1,4.9ft,0.05s
4.24.2026 20:11:52,T0,T1,4.8ft,0.05s
4.24.2026 20:11:52,T0,T1,4.7ft,0.05s
4.24.2026 20:11:52,T0,T1,4.6ft,0.05s
4.24.2026 20:11:52,T0,T1,4.6ft,0.05s
4.24.2026 20:11:52,T0,T1,4.6ft,0.05s
4.24.2026 20:11:52,T0,T1,4.6ft,0.05s
4.24.2026 20:11:52,T0,T1,4.6ft,0.05s
4.24.2026 20:11:52,T0,T1,4.6ft,0.05s
4.24.2026 20:11:52,T0,T1,4.6ft,0.05s
4.24.2026 20:11:52,T0,T1,4.7ft,0.05s
4.24.2026 20:11:53,T0,T1,4.9ft,0.05s
4.24.2026 20:11:53,T0,T1,4.8ft,0.05s
4.24.2026 20:11:53,T0,T1,4.7ft,0.05s
4.24.2026 20:11:53,T0,T1,4.6ft,0.05s
4.24.2026 20:11:53,T0,T1,4.6ft,0.05s
4.24.2026 20:11:53,T0,T1,4.6ft,0.05s
4.24.2026 20:11:53,T0,T1,4.6ft,0.05s
4.24.2026 20:11:53,T0,T1,4.6ft,0.05s
4.24.2026 20:11:53,T0,T1,4.7ft,0.05s
4.24.2026 20:11:53,T0,T1,4.9ft,0.05s
4.24.2026 20:11:53,T0,T1,5.2ft,0.05s
4.24.2026 20:11:53,T0,T1,5.5ft,0.05s
4.24.2026 20:11:53,T0,T1,5.2ft,0.05s
4.24.2026 20:11:53,T0,T1,5.5ft,0.05s
4.24.2026 20:11:53,T0,T1,5.8ft,0.05s
4.24.2026 20:11:53,T0,T1,5.4ft,0.05s
4.24.2026 20:11:53,T0,T1,5.2ft,0.05s
4.24.2026 20:11:53,T0,T1,5.0ft,0.05s
4.24.2026 20:11:53,T0,T1,4.8ft,0.05s
4.24.2026 20:11:53,T0,T1,4.7ft,0.05s
4.24.2026 20:11:54,T0,T1,4.7ft,0.05s
4.24.2026 20:11:54,T0,T1,4.6ft,0.05s
4.24.2026 20:11:54,T0,T1,4.6ft,0.05s
4.24.2026 20:11:54,T0,T1,4.6ft,0.05s
4.24.2026 20:11:54,T0,T1,4.7ft,0.05s
4.24.2026 20:11:54,T0,T1,5.0ft,0.05s
4.24.2026 20:11:54,T0,T1,4.8ft,0.05s
4.24.2026 20:11:54,T0,T1,4.7ft,0.05s
4.24.2026 20:11:54,T0,T1,4.7ft,0.05s
4.24.2026 20:11:54,T0,T1,4.6ft,0.05s
4.24.2026 20:11:54,T0,T1,4.8ft,0.05s
4.24.2026 20:11:54,T0,T1,4.7ft,0.05s
4.24.2026 20:11:54,T0,T1,4.7ft,0.05s
4.24.2026 20:11:54,T0,T1,4.9ft,0.05s
4.24.2026 20:11:54,T0,T1,4.8ft,0.05s
4.24.2026 20:11:54,T0,T1,4.7ft,0.05s
4.24.2026 20:11:54,T0,T1,4.6ft,0.05s
4.24.2026 20:11:54,T0,T1,4.6ft,0.05s
4.24.2026 20:11:54,T0,T1,4.8ft,0.05s
4.24.2026 20:11:54,T0,T1,5.0ft,0.05s
4.24.2026 20:11:55,T0,T1,4.9ft,0.05s
4.24.2026 20:11:55,T0,T1,4.8ft,0.05s
4.24.2026 20:11:55,T0,T1,4.7ft,0.05s
4.24.2026 20:11:55,T0,T1,4.6ft,0.05s
4.24.2026 20:11:55,T0,T1,4.6ft,0.05s
4.24.2026 20:11:55,T0,T1,4.6ft,0.05s
4.24.2026 20:11:55,T0,T1,4.6ft,0.05s
4.24.2026 20:11:55,T0,T1,4.7ft,0.05s
4.24.2026 20:11:55,T0,T1,4.7ft,0.05s
4.24.2026 20:11:55,T0,T1,4.6ft,0.05s
4.24.2026 20:11:55,T0,T1,4.6ft,0.05s
4.24.2026 20:11:55,T0,T1,4.6ft,0.05s
4.24.2026 20:11:55,T0,T1,4.6ft,0.05s
4.24.2026 20:11:55,T0,T1,4.6ft,0.05s
4.24.2026 20:11:55,T0,T1,4.6ft,0.05s
4.24.2026 20:11:55,T0,T1,4.6ft,0.05s
4.24.2026 20:11:55,T0,T1,4.6ft,0.05s
4.24.2026 20:11:55,T0,T1,4.6ft,0.05s
4.24.2026 20:11:55,T0,T1,4.6ft,0.05s
4.24.2026 20:11:56,T0,T1,4.6ft,0.05s
4.24.2026 20:11:56,T0,T1,4.6ft,0.05s
4.24.2026 20:11:56,T0,T1,4.6ft,0.05s
4.24.2026 20:11:56,T0,T1,4.8ft,0.05s
4.24.2026 20:11:56,T0,T1,4.7ft,0.05s
4.24.2026 20:11:56,T0,T1,4.6ft,0.05s
4.24.2026 20:11:56,T0,T1,4.9ft,0.05s
4.24.2026 20:11:56,T0,T1,5.1ft,0.05s
4.24.2026 20:11:56,T0,T1,5.4ft,0.05s
4.24.2026 20:11:56,T0,T1,5.2ft,0.05s
4.24.2026 20:11:56,T0,T1,5.0ft,0.05s
4.24.2026 20:11:56,T0,T1,4.8ft,0.05s
4.24.2026 20:11:56,T0,T1,4.7ft,0.08s
4.24.2026 20:11:56,T0,T1,4.6ft,0.05s
4.24.2026 20:11:56,T0,T1,4.9ft,0.05s
4.24.2026 20:11:56,T0,T1,5.2ft,0.05s
4.24.2026 20:11:56,T0,T1,5.0ft,0.05s
4.24.2026 20:11:56,T0,T1,4.8ft,0.05s
4.24.2026 20:11:56,T0,T1,4.7ft,0.05s
4.24.2026 20:11:57,T0,T1,4.6ft,0.05s
4.24.2026 20:11:57,T0,T1,4.6ft,0.05s
4.24.2026 20:11:57,T0,T1,4.6ft,0.06s
4.24.2026 20:11:57,T0,T1,4.5ft,0.05s
4.24.2026 20:11:57,T0,T1,4.5ft,0.05s
4.24.2026 20:11:57,T0,T1,4.5ft,0.05s
4.24.2026 20:11:57,T0,T1,4.5ft,0.05s
4.24.2026 20:11:57,T0,T1,4.5ft,0.05s
4.24.2026 20:11:57,T0,T1,4.5ft,0.05s
4.24.2026 20:11:57,T0,T1,4.5ft,0.05s
4.24.2026 20:11:57,T0,T1,4.5ft,0.05s
4.24.2026 20:11:57,T0,T1,4.6ft,0.05s
4.24.2026 20:11:57,T0,T1,4.6ft,0.05s
4.24.2026 20:11:57,T0,T1,4.5ft,0.05s
4.24.2026 20:11:57,T0,T1,4.5ft,0.05s
4.24.2026 20:11:57,T0,T1,4.5ft,0.05s
4.24.2026 20:11:57,T0,T1,4.5ft,0.05s
4.24.2026 20:11:57,T0,T1,4.5ft,0.05s
4.24.2026 20:11:57,T0,T1,4.5ft,0.05s
4.24.2026 20:11:57,T0,T1,4.5ft,0.05s
4.24.2026 20:11:58,T0,T1,4.5ft,0.05s
4.24.2026 20:11:58,T0,T1,4.5ft,0.05s
4.24.2026 20:11:58,T0,T1,4.5ft,0.05s
4.24.2026 20:11:58,T0,T1,4.5ft,0.05s
4.24.2026 20:11:58,T0,T1,4.5ft,0.05s
4.24.2026 20:11:58,T0,T1,4.6ft,0.05s
4.24.2026 20:11:58,T0,T1,4.6ft,0.05s
4.24.2026 20:11:58,T0,T1,4.5ft,0.05s
4.24.2026 20:11:58,T0,T1,4.5ft,0.05s
4.24.2026 20:11:58,T0,T1,4.5ft,0.05s
4.24.2026 20:11:58,T0,T1,4.6ft,0.05s
4.24.2026 20:11:58,T0,T1,4.9ft,0.05s
4.24.2026 20:11:58,T0,T1,4.8ft,0.05s
4.24.2026 20:11:58,T0,T1,4.7ft,0.05s
4.24.2026 20:11:58,T0,T1,4.6ft,0.05s
4.24.2026 20:11:58,T0,T1,4.6ft,0.05s
4.24.2026 20:11:58,T0,T1,4.8ft,0.05s
4.24.2026 20:11:58,T0,T1,5.0ft,0.05s
4.24.2026 20:11:58,T0,T1,5.3ft,0.05s
4.24.2026 20:11:59,T0,T1,5.6ft,0.05s
4.24.2026 20:11:59,T0,T1,5.3ft,0.05s
4.24.2026 20:11:59,T0,T1,5.0ft,0.05s
4.24.2026 20:11:59,T0,T1,4.9ft,0.05s
4.24.2026 20:11:59,T0,T1,4.8ft,0.05s
4.24.2026 20:11:59,T0,T1,4.7ft,0.05s
4.24.2026 20:11:59,T0,T1,4.6ft,0.05s
4.24.2026 20:11:59,T0,T1,4.6ft,0.05s
4.24.2026 20:11:59,T0,T1,4.8ft,0.05s
4.24.2026 20:11:59,T0,T1,5.0ft,0.05s
4.24.2026 20:11:59,T0,T1,5.3ft,0.05s
4.24.2026 20:11:59,T0,T1,5.1ft,0.05s
4.24.2026 20:11:59,T0,T1,4.9ft,0.05s
4.24.2026 20:11:59,T0,T1,4.8ft,0.05s
4.24.2026 20:11:59,T0,T1,4.7ft,0.05s
4.24.2026 20:11:59,T0,T1,4.6ft,0.05s
4.24.2026 20:11:59,T0,T1,4.6ft,0.05s
4.24.2026 20:11:59,T0,T1,4.6ft,0.05s
4.24.2026 20:11:59,T0,T1,4.6ft,0.05s
4.24.2026 20:11:59,T0,T1,4.5ft,0.05s
4.24.2026 20:12:00,T0,T1,4.5ft,0.05s
4.24.2026 20:12:00,T0,T1,4.5ft,0.05s
4.24.2026 20:12:00,T0,T1,4.5ft,0.05s
4.24.2026 20:12:00,T0,T1,4.5ft,0.05s
4.24.2026 20:12:00,T0,T1,4.5ft,0.06s
4.24.2026 20:12:00,T0,T1,4.5ft,0.05s
4.24.2026 20:12:00,T0,T1,4.6ft,0.05s
4.24.2026 20:12:00,T0,T1,4.8ft,0.05s
4.24.2026 20:12:00,T0,T1,5.1ft,0.05s
4.24.2026 20:12:00,T0,T1,4.9ft,0.05s
4.24.2026 20:12:00,T0,T1,4.8ft,0.05s
4.24.2026 20:12:00,T0,T1,4.7ft,0.05s
4.24.2026 20:12:00,T0,T1,4.6ft,0.05s
4.24.2026 20:12:00,T0,T1,4.8ft,0.05s
4.24.2026 20:12:00,T0,T1,5.1ft,0.05s
4.24.2026 20:12:00,T0,T1,4.9ft,0.05s
4.24.2026 20:12:00,T0,T1,4.8ft,0.05s
4.24.2026 20:12:00,T0,T1,4.7ft,0.05s
4.24.2026 20:12:00,T0,T1,4.7ft,0.05s
4.24.2026 20:12:01,T0,T1,4.6ft,0.05s
4.24.2026 20:12:01,T0,T1,4.8ft,0.05s
4.24.2026 20:12:01,T0,T1,5.1ft,0.05s
4.24.2026 20:12:01,T0,T1,4.9ft,0.05s
4.24.2026 20:12:01,T0,T1,4.8ft,0.05s
4.24.2026 20:12:01,T0,T1,4.7ft,0.05s
4.24.2026 20:12:01,T0,T1,4.7ft,0.05s
4.24.2026 20:12:01,T0,T1,4.6ft,0.05s
4.24.2026 20:12:01,T0,T1,4.6ft,0.05s
4.24.2026 20:12:01,T0,T1,4.6ft,0.05s
4.24.2026 20:12:01,T0,T1,4.7ft,0.05s
4.24.2026 20:12:01,T0,T1,4.7ft,0.05s
4.24.2026 20:12:01,T0,T1,4.6ft,0.05s
4.24.2026 20:12:01,T0,T1,4.6ft,0.05s
4.24.2026 20:12:01,T0,T1,4.6ft,0.05s
4.24.2026 20:12:01,T0,T1,4.6ft,0.05s
4.24.2026 20:12:01,T0,T1,4.6ft,0.05s
4.24.2026 20:12:01,T0,T1,4.7ft,0.05s
4.24.2026 20:12:01,T0,T1,4.9ft,0.05s
4.24.2026 20:12:01,T0,T1,4.8ft,0.05s
4.24.2026 20:12:02,T0,T1,4.7ft,0.05s
4.24.2026 20:12:02,T0,T1,4.6ft,0.05s
4.24.2026 20:12:02,T0,T1,4.6ft,0.05s
4.24.2026 20:12:02,T0,T1,4.6ft,0.05s
4.24.2026 20:12:02,T0,T1,4.6ft,0.05s
4.24.2026 20:12:02,T0,T1,4.5ft,0.05s
4.24.2026 20:12:02,T0,T1,4.5ft,0.05s
4.24.2026 20:12:02,T0,T1,4.5ft,0.05s
4.24.2026 20:12:02,T0,T1,4.6ft,0.05s
4.24.2026 20:12:02,T0,T1,4.6ft,0.05s
4.24.2026 20:12:02,T0,T1,4.6ft,0.05s
4.24.2026 20:12:02,T0,T1,4.6ft,0.05s
4.24.2026 20:12:02,T0,T1,4.6ft,0.05s
4.24.2026 20:12:02,T0,T1,4.6ft,0.05s
4.24.2026 20:12:02,T0,T1,4.6ft,0.05s
4.24.2026 20:12:02,T0,T1,4.5ft,0.05s
4.24.2026 20:12:02,T0,T1,4.5ft,0.05s
4.24.2026 20:12:02,T0,T1,4.5ft,0.05s
4.24.2026 20:12:02,T0,T1,4.6ft,0.05s
4.24.2026 20:12:02,T0,T1,4.8ft,0.05s
4.24.2026 20:12:03,T0,T1,5.1ft,0.05s
4.24.2026 20:12:03,T0,T1,5.4ft,0.05s
4.24.2026 20:12:03,T0,T1,5.1ft,0.05s
4.24.2026 20:12:03,T0,T1,4.9ft,0.05s
4.24.2026 20:12:03,T0,T1,4.8ft,0.05s
4.24.2026 20:12:03,T0,T1,4.7ft,0.05s
4.24.2026 20:12:03,T0,T1,4.6ft,0.05s
4.24.2026 20:12:03,T0,T1,4.6ft,0.05s
4.24.2026 20:12:03,T0,T1,4.6ft,0.05s
4.24.2026 20:12:03,T0,T1,4.7ft,0.05s
4.24.2026 20:12:03,T0,T1,4.7ft,0.05s
4.24.2026 20:12:03,T0,T1,4.6ft,0.05s
4.24.2026 20:12:03,T0,T1,4.8ft,0.05s
4.24.2026 20:12:03,T0,T1,5.1ft,0.05s
4.24.2026 20:12:03,T0,T1,5.0ft,0.05s
4.24.2026 20:12:03,T0,T1,4.8ft,0.05s
4.24.2026 20:12:03,T0,T1,4.7ft,0.05s
4.24.2026 20:12:03,T0,T1,5.0ft,0.05s
4.24.2026 20:12:03,T0,T1,5.3ft,0.05s
4.24.2026 20:12:04,T0,T1,5.6ft,0.05s
4.24.2026 20:12:04,T0,T1,5.3ft,0.05s
4.24.2026 20:12:04,T0,T1,5.1ft,0.05s
4.24.2026 20:12:04,T0,T1,4.9ft,0.05s
4.24.2026 20:12:04,T0,T1,4.8ft,0.05s
4.24.2026 20:12:04,T0,T1,4.7ft,0.05s
4.24.2026 20:12:04,T0,T1,4.6ft,0.05s
4.24.2026 20:12:04,T0,T1,4.6ft,0.05s
4.24.2026 20:12:04,T0,T1,4.6ft,0.05s
4.24.2026 20:12:04,T0,T1,4.5ft,0.05s
4.24.2026 20:12:04,T0,T1,4.5ft,0.05s
4.24.2026 20:12:04,T0,T1,4.5ft,0.05s
4.24.2026 20:12:04,T0,T1,4.5ft,0.05s
4.24.2026 20:12:04,T0,T1,4.5ft,0.05s
4.24.2026 20:12:04,T0,T1,4.5ft,0.05s
4.24.2026 20:12:04,T0,T1,4.5ft,0.06s
4.24.2026 20:12:04,T0,T1,4.5ft,0.05s
4.24.2026 20:12:04,T0,T1,4.5ft,0.05s
4.24.2026 20:12:04,T0,T1,4.5ft,0.05s
4.24.2026 20:12:04,T0,T1,4.5ft,0.05s
4.24.2026 20:12:05,T0,T1,4.6ft,0.05s
4.24.2026 20:12:05,T0,T1,4.6ft,0.05s
4.24.2026 20:12:05,T0,T1,4.6ft,0.05s
4.24.2026 20:12:05,T0,T1,4.6ft,0.05s
4.24.2026 20:12:05,T0,T1,4.6ft,0.05s
4.24.2026 20:12:05,T0,T1,4.5ft,0.05s
4.24.2026 20:12:05,T0,T1,4.6ft,0.06s
4.24.2026 20:12:05,T0,T1,4.6ft,0.05s
4.24.2026 20:12:05,T0,T1,4.6ft,0.05s
4.24.2026 20:12:05,T0,T1,4.6ft,0.05s
4.24.2026 20:12:05,T0,T1,4.6ft,0.05s
4.24.2026 20:12:05,T0,T1,4.6ft,0.05s
4.24.2026 20:12:05,T0,T1,4.6ft,0.05s
4.24.2026 20:12:05,T0,T1,4.6ft,0.05s
4.24.2026 20:12:05,T0,T1,4.6ft,0.05s
4.24.2026 20:12:05,T0,T1,4.6ft,0.05s
4.24.2026 20:12:05,T0,T1,4.6ft,0.05s
4.24.2026 20:12:05,T0,T1,4.6ft,0.05s
4.24.2026 20:12:05,T0,T1,4.6ft,0.05s
4.24.2026 20:12:06,T0,T1,4.6ft,0.05s
4.24.2026 20:12:06,T0,T1,4.6ft,0.05s
4.24.2026 20:12:06,T0,T1,4.7ft,0.05s
4.24.2026 20:12:06,T0,T1,5.0ft,0.05s
4.24.2026 20:12:06,T0,T1,4.8ft,0.05s
4.24.2026 20:12:06,T0,T1,4.7ft,0.05s
4.24.2026 20:12:06,T0,T1,4.7ft,0.05s
4.24.2026 20:12:06,T0,T1,4.6ft,0.05s
4.24.2026 20:12:06,T0,T1,4.6ft,0.05s
4.24.2026 20:12:06,T0,T1,4.5ft,0.05s
4.24.2026 20:12:06,T0,T1,4.5ft,0.05s
4.24.2026 20:12:06,T0,T1,4.5ft,0.05s
4.24.2026 20:12:06,T0,T1,4.5ft,0.05s
4.24.2026 20:12:06,T0,T1,4.5ft,0.05s
4.24.2026 20:12:06,T0,T1,4.5ft,0.05s
4.24.2026 20:12:06,T0,T1,4.5ft,0.05s
4.24.2026 20:12:06,T0,T1,4.5ft,0.05s
4.24.2026 20:12:06,T0,T1,4.5ft,0.05s
4.24.2026 20:12:06,T0,T1,4.6ft,0.05s
4.24.2026 20:12:06,T0,T1,4.6ft,0.05s
4.24.2026 20:12:07,T0,T1,4.6ft,0.05s
4.24.2026 20:12:07,T0,T1,4.6ft,0.05s
4.24.2026 20:12:07,T0,T1,4.6ft,0.05s
4.24.2026 20:12:07,T0,T1,4.6ft,0.05s
4.24.2026 20:12:07,T0,T1,4.6ft,0.06s
4.24.2026 20:12:07,T0,T1,4.6ft,0.05s
4.24.2026 20:12:07,T0,T1,4.6ft,0.05s
4.24.2026 20:12:07,T0,T1,4.6ft,0.05s
4.24.2026 20:12:07,T0,T1,4.6ft,0.05s
4.24.2026 20:12:07,T0,T1,4.6ft,0.05s
4.24.2026 20:12:07,T0,T1,4.6ft,0.05s
4.24.2026 20:12:07,T0,T1,4.6ft,0.05s
4.24.2026 20:12:07,T0,T1,4.6ft,0.05s
4.24.2026 20:12:07,T0,T1,4.6ft,0.05s
4.24.2026 20:12:07,T0,T1,4.6ft,0.05s
4.24.2026 20:12:07,T0,T1,4.6ft,0.05s
4.24.2026 20:12:07,T0,T1,4.6ft,0.05s
4.24.2026 20:12:07,T0,T1,4.6ft,0.05s
4.24.2026 20:12:07,T0,T1,4.6ft,0.05s
4.24.2026 20:12:08,T0,T1,4.6ft,0.05s
4.24.2026 20:12:08,T0,T1,4.6ft,0.05s
4.24.2026 20:12:08,T0,T1,4.6ft,0.05s
4.24.2026 20:12:08,T0,T1,4.6ft,0.05s
4.24.2026 20:12:08,T0,T1,4.6ft,0.05s
4.24.2026 20:12:08,T0,T1,4.6ft,0.05s
4.24.2026 20:12:08,T0,T1,4.6ft,0.05s
4.24.2026 20:12:08,T0,T1,4.6ft,0.05s
4.24.2026 20:12:08,T0,T1,4.6ft,0.05s
4.24.2026 20:12:08,T0,T1,4.6ft,0.05s
4.24.2026 20:12:08,T0,T1,4.6ft,0.05s
4.24.2026 20:12:08,T0,T1,4.6ft,0.05s
4.24.2026 20:12:08,T0,T1,4.6ft,0.05s
4.24.2026 20:12:08,T0,T1,4.6ft,0.05s
4.24.2026 20:12:08,T0,T1,4.6ft,0.05s
4.24.2026 20:12:08,T0,T1,4.6ft,0.05s
4.24.2026 20:12:08,T0,T1,4.7ft,0.05s
4.24.2026 20:12:08,T0,T1,4.7ft,0.05s
4.24.2026 20:12:08,T0,T1,4.6ft,0.05s
4.24.2026 20:12:08,T0,T1,4.6ft,0.05s
4.24.2026 20:12:09,T0,T1,4.6ft,0.05s
4.24.2026 20:12:09,T0,T1,4.6ft,0.05s
4.24.2026 20:12:09,T0,T1,4.7ft,0.05s
4.24.2026 20:12:09,T0,T1,4.9ft,0.05s
4.24.2026 20:12:09,T0,T1,4.8ft,0.05s
4.24.2026 20:12:09,T0,T1,4.7ft,0.05s
4.24.2026 20:12:09,T0,T1,4.6ft,0.05s
4.24.2026 20:12:09,T0,T1,4.6ft,0.05s
4.24.2026 20:12:09,T0,T1,4.6ft,0.05s
4.24.2026 20:12:09,T0,T1,4.6ft,0.05s
4.24.2026 20:12:09,T0,T1,4.6ft,0.05s
4.24.2026 20:12:09,T0,T1,4.5ft,0.05s
4.24.2026 20:12:09,T0,T1,4.6ft,0.05s
4.24.2026 20:12:09,T0,T1,4.7ft,0.05s
4.24.2026 20:12:09,T0,T1,4.9ft,0.05s
4.24.2026 20:12:09,T0,T1,5.2ft,0.05s
4.24.2026 20:12:09,T0,T1,5.0ft,0.05s
4.24.2026 20:12:09,T0,T1,4.8ft,0.05s
4.24.2026 20:12:09,T0,T1,4.7ft,0.05s
4.24.2026 20:12:10,T0,T1,4.7ft,0.05s
4.24.2026 20:12:10,T0,T1,4.6ft,0.05s
4.24.2026 20:12:10,T0,T1,4.6ft,0.05s
4.24.2026 20:12:10,T0,T1,4.6ft,0.05s
4.24.2026 20:12:10,T0,T1,4.5ft,0.05s
4.24.2026 20:12:10,T0,T1,4.5ft,0.05s
4.24.2026 20:12:10,T0,T1,4.5ft,0.05s
4.24.2026 20:12:10,T0,T1,4.5ft,0.05s
4.24.2026 20:12:10,T0,T1,4.5ft,0.05s
4.24.2026 20:12:10,T0,T1,4.5ft,0.05s
4.24.2026 20:12:10,T0,T1,4.6ft,0.05s
4.24.2026 20:12:10,T0,T1,4.6ft,0.05s
4.24.2026 20:12:10,T0,T1,4.6ft,0.05s
4.24.2026 20:12:10,T0,T1,4.6ft,0.05s
4.24.2026 20:12:10,T0,T1,4.6ft,0.05s
4.24.2026 20:12:10,T0,T1,4.6ft,0.05s
4.24.2026 20:12:10,T0,T1,4.6ft,0.05s
4.24.2026 20:12:10,T0,T1,4.6ft,0.05s
4.24.2026 20:12:10,T0,T1,4.7ft,0.05s
4.24.2026 20:12:10,T0,T1,4.9ft,0.05s
4.24.2026 20:12:11,T0,T1,5.1ft,0.06s
4.24.2026 20:12:11,T0,T1,5.4ft,0.05s
4.24.2026 20:12:11,T0,T1,5.2ft,0.05s
4.24.2026 20:12:11,T0,T1,5.0ft,0.05s
4.24.2026 20:12:11,T0,T1,4.9ft,0.05s
4.24.2026 20:12:11,T0,T1,4.8ft,0.05s
4.24.2026 20:12:11,T0,T1,4.7ft,0.05s
4.24.2026 20:12:11,T0,T1,4.7ft,0.05s
4.24.2026 20:12:11,T0,T1,4.9ft,0.05s
4.24.2026 20:12:11,T0,T1,5.1ft,0.05s
4.24.2026 20:12:11,T0,T1,5.4ft,0.05s
4.24.2026 20:12:11,T0,T1,5.2ft,0.05s
4.24.2026 20:12:11,T0,T1,5.0ft,0.05s
4.24.2026 20:12:11,T0,T1,4.8ft,0.05s
4.24.2026 20:12:11,T0,T1,4.7ft,0.06s
4.24.2026 20:12:11,T0,T1,5.0ft,0.05s
4.24.2026 20:12:11,T0,T1,4.9ft,0.05s
4.24.2026 20:12:11,T0,T1,4.7ft,0.05s
4.24.2026 20:12:11,T0,T1,4.7ft,0.05s
4.24.2026 20:12:12,T0,T1,4.6ft,0.05s
4.24.2026 20:12:12,T0,T1,4.6ft,0.05s
4.24.2026 20:12:12,T0,T1,4.6ft,0.05s
4.24.2026 20:12:12,T0,T1,4.5ft,0.05s
4.24.2026 20:12:12,T0,T1,4.5ft,0.05s
4.24.2026 20:12:12,T0,T1,4.5ft,0.05s
4.24.2026 20:12:12,T0,T1,4.5ft,0.05s
4.24.2026 20:12:12,T0,T1,4.5ft,0.05s
4.24.2026 20:12:12,T0,T1,4.5ft,0.05s
4.24.2026 20:12:12,T0,T1,4.6ft,0.05s
4.24.2026 20:12:12,T0,T1,4.6ft,0.05s
4.24.2026 20:12:12,T0,T1,4.6ft,0.05s
4.24.2026 20:12:12,T0,T1,4.8ft,0.05s
4.24.2026 20:12:12,T0,T1,4.7ft,0.05s
4.24.2026 20:12:12,T0,T1,4.7ft,0.05s
4.24.2026 20:12:12,T0,T1,4.6ft,0.05s
4.24.2026 20:12:12,T0,T1,4.6ft,0.05s
4.24.2026 20:12:12,T0,T1,4.6ft,0.05s
4.24.2026 20:12:12,T0,T1,4.7ft,0.05s
4.24.2026 20:12:12,T0,T1,5.0ft,0.05s
4.24.2026 20:12:13,T0,T1,5.2ft,0.05s
4.24.2026 20:12:13,T0,T1,5.5ft,0.05s
4.24.2026 20:12:13,T0,T1,5.2ft,0.05s
4.24.2026 20:12:13,T0,T1,5.0ft,0.05s
4.24.2026 20:12:13,T0,T1,5.3ft,0.05s
4.24.2026 20:12:13,T0,T1,5.1ft,0.05s
4.24.2026 20:12:13,T0,T1,4.9ft,0.05s
4.24.2026 20:12:13,T0,T1,4.8ft,0.05s
4.24.2026 20:12:13,T0,T1,4.7ft,0.05s
4.24.2026 20:12:13,T0,T1,4.6ft,0.05s
4.24.2026 20:12:13,T0,T1,4.6ft,0.05s
4.24.2026 20:12:13,T0,T1,4.8ft,0.05s
4.24.2026 20:12:13,T0,T1,4.7ft,0.05s
4.24.2026 20:12:13,T0,T1,4.6ft,0.05s
4.24.2026 20:12:13,T0,T1,4.6ft,0.05s
4.24.2026 20:12:13,T0,T1,4.6ft,0.05s
4.24.2026 20:12:13,T0,T1,4.6ft,0.05s
4.24.2026 20:12:13,T0,T1,4.5ft,0.05s
4.24.2026 20:12:13,T0,T1,4.5ft,0.05s
4.24.2026 20:12:13,T0,T1,4.5ft,0.05s
4.24.2026 20:12:14,T0,T1,4.5ft,0.05s
4.24.2026 20:12:14,T0,T1,4.5ft,0.05s
4.24.2026 20:12:14,T0,T1,4.6ft,0.05s
4.24.2026 20:12:14,T0,T1,4.8ft,0.05s
4.24.2026 20:12:14,T0,T1,5.1ft,0.05s
4.24.2026 20:12:14,T0,T1,4.9ft,0.05s
4.24.2026 20:12:14,T0,T1,4.8ft,0.05s
4.24.2026 20:12:14,T0,T1,4.7ft,0.05s
4.24.2026 20:12:14,T0,T1,4.6ft,0.05s
4.24.2026 20:12:14,T0,T1,4.6ft,0.05s
4.24.2026 20:12:14,T0,T1,4.6ft,0.05s
4.24.2026 20:12:14,T0,T1,4.5ft,0.05s
4.24.2026 20:12:14,T0,T1,4.7ft,0.05s
4.24.2026 20:12:14,T0,T1,4.6ft,0.05s
4.24.2026 20:12:14,T0,T1,4.6ft,0.05s
4.24.2026 20:12:14,T0,T1,4.6ft,0.05s
4.24.2026 20:12:14,T0,T1,4.5ft,0.05s
4.24.2026 20:12:14,T0,T1,4.5ft,0.05s
4.24.2026 20:12:14,T0,T1,4.5ft,0.05s
4.24.2026 20:12:15,T0,T1,4.5ft,0.05s
4.24.2026 20:12:15,T0,T1,4.5ft,0.05s
4.24.2026 20:12:15,T0,T1,4.6ft,0.05s
4.24.2026 20:12:15,T0,T1,4.9ft,0.05s
4.24.2026 20:12:15,T0,T1,4.7ft,0.05s
4.24.2026 20:12:15,T0,T1,4.7ft,0.05s
4.24.2026 20:12:15,T0,T1,4.6ft,0.05s
4.24.2026 20:12:15,T0,T1,4.6ft,0.05s
4.24.2026 20:12:15,T0,T1,4.6ft,0.05s
4.24.2026 20:12:15,T0,T1,4.5ft,0.05s
4.24.2026 20:12:15,T0,T1,4.5ft,0.05s
4.24.2026 20:12:15,T0,T1,4.5ft,0.05s
4.24.2026 20:12:15,T0,T1,4.5ft,0.05s
4.24.2026 20:12:15,T0,T1,4.5ft,0.05s
4.24.2026 20:12:15,T0,T1,4.5ft,0.05s
4.24.2026 20:12:15,T0,T1,4.6ft,0.05s
4.24.2026 20:12:15,T0,T1,4.6ft,0.05s
4.24.2026 20:12:15,T0,T1,4.6ft,0.05s
4.24.2026 20:12:15,T0,T1,4.6ft,0.05s
4.24.2026 20:12:15,T0,T1,4.6ft,0.05s
4.24.2026 20:12:16,T0,T1,4.5ft,0.05s
4.24.2026 20:12:16,T0,T1,4.5ft,0.05s
4.24.2026 20:12:16,T0,T1,4.5ft,0.05s
4.24.2026 20:12:16,T0,T1,4.5ft,0.05s
4.24.2026 20:12:16,T0,T1,4.5ft,0.05s
4.24.2026 20:12:16,T0,T1,4.5ft,0.05s
4.24.2026 20:12:16,T0,T1,4.5ft,0.05s
4.24.2026 20:12:16,T0,T1,4.7ft,0.05s
4.24.2026 20:12:16,T0,T1,5.0ft,0.05s
4.24.2026 20:12:16,T0,T1,4.8ft,0.05s
4.24.2026 20:12:16,T0,T1,4.7ft,0.05s
4.24.2026 20:12:16,T0,T1,4.6ft,0.05s
4.24.2026 20:12:16,T0,T1,4.6ft,0.05s
4.24.2026 20:12:16,T0,T1,4.8ft,0.05s
4.24.2026 20:12:16,T0,T1,5.1ft,0.05s
4.24.2026 20:12:16,T0,T1,5.4ft,0.05s
4.24.2026 20:12:16,T0,T1,5.7ft,0.05s
4.24.2026 20:12:16,T0,T1,5.3ft,0.05s
4.24.2026 20:12:16,T0,T1,5.1ft,0.06s
4.24.2026 20:12:17,T0,T1,4.9ft,0.05s
4.24.2026 20:12:17,T0,T1,5.2ft,0.05s
4.24.2026 20:12:17,T0,T1,5.5ft,0.05s
4.24.2026 20:12:17,T0,T1,5.8ft,0.05s
4.24.2026 20:12:17,T0,T1,5.4ft,0.05s
4.24.2026 20:12:17,T0,T1,5.1ft,0.05s
4.24.2026 20:12:17,T0,T1,4.9ft,0.05s
4.24.2026 20:12:17,T0,T1,4.8ft,0.05s
4.24.2026 20:12:17,T0,T1,4.7ft,0.05s
4.24.2026 20:12:17,T0,T1,4.6ft,0.05s
4.24.2026 20:12:17,T0,T1,4.6ft,0.05s
4.24.2026 20:12:17,T0,T1,4.6ft,0.05s
4.24.2026 20:12:17,T0,T1,4.5ft,0.05s
4.24.2026 20:12:17,T0,T1,4.5ft,0.05s
4.24.2026 20:12:17,T0,T1,4.5ft,0.05s
4.24.2026 20:12:17,T0,T1,4.5ft,0.05s
4.24.2026 20:12:17,T0,T1,4.5ft,0.05s
4.24.2026 20:12:17,T0,T1,4.5ft,0.05s
4.24.2026 20:12:17,T0,T1,4.5ft,0.05s
4.24.2026 20:12:17,T0,T1,4.5ft,0.05s
4.24.2026 20:12:18,T0,T1,4.5ft,0.05s
4.24.2026 20:12:18,T0,T1,4.5ft,0.05s
4.24.2026 20:12:18,T0,T1,4.5ft,0.05s
4.24.2026 20:12:18,T0,T1,4.5ft,0.05s
4.24.2026 20:12:18,T0,T1,4.5ft,0.10s
4.24.2026 20:12:18,T0,T1,4.5ft,0.05s
4.24.2026 20:12:18,T0,T1,4.7ft,0.05s
4.24.2026 20:12:18,T0,T1,5.0ft,0.05s
4.24.2026 20:12:18,T0,T1,5.3ft,0.05s
4.24.2026 20:12:18,T0,T1,5.6ft,0.05s
4.24.2026 20:12:18,T0,T1,5.9ft,0.05s
4.24.2026 20:12:18,T0,T1,6.1ft,0.05s
4.24.2026 20:12:18,T0,T1,5.7ft,0.05s
4.24.2026 20:12:18,T0,T1,5.3ft,0.05s
4.24.2026 20:12:18,T0,T1,5.6ft,0.05s
4.24.2026 20:12:18,T0,T1,5.9ft,0.05s
4.24.2026 20:12:18,T0,T1,5.5ft,0.05s
4.24.2026 20:12:18,T0,T1,5.2ft,0.05s
4.24.2026 20:12:18,T0,T1,5.0ft,0.05s
4.24.2026 20:12:19,T0,T1,5.3ft,0.05s
4.24.2026 20:12:19,T0,T1,5.6ft,0.05s
4.24.2026 20:12:19,T0,T1,5.8ft,0.05s
4.24.2026 20:12:19,T0,T1,5.5ft,0.05s
4.24.2026 20:12:19,T0,T1,5.2ft,0.05s
4.24.2026 20:12:19,T0,T1,5.0ft,0.05s
4.24.2026 20:12:19,T0,T1,5.3ft,0.05s
4.24.2026 20:12:19,T0,T1,5.5ft,0.05s
4.24.2026 20:12:19,T0,T1,5.8ft,0.05s
4.24.2026 20:12:19,T0,T1,6.1ft,0.05s
4.24.2026 20:12:19,T0,T1,5.6ft,0.05s
4.24.2026 20:12:19,T0,T1,5.3ft,0.05s
4.24.2026 20:12:19,T0,T1,5.0ft,0.05s
4.24.2026 20:12:19,T0,T1,4.9ft,0.05s
4.24.2026 20:12:19,T0,T1,4.7ft,0.05s
4.24.2026 20:12:19,T0,T1,4.7ft,0.05s
4.24.2026 20:12:19,T0,T1,4.6ft,0.05s
4.24.2026 20:12:19,T0,T1,4.6ft,0.06s
4.24.2026 20:12:19,T0,T1,4.5ft,0.05s
4.24.2026 20:12:20,T0,T1,4.5ft,0.05s
4.24.2026 20:12:20,T0,T1,4.5ft,0.05s
4.24.2026 20:12:20,T0,T1,4.5ft,0.05s
4.24.2026 20:12:20,T0,T1,4.5ft,0.05s
4.24.2026 20:12:20,T0,T1,4.5ft,0.05s
4.24.2026 20:12:20,T0,T1,4.5ft,0.05s
4.24.2026 20:12:20,T0,T1,4.5ft,0.05s
4.24.2026 20:12:20,T0,T1,4.5ft,0.05s
4.24.2026 20:12:20,T0,T1,4.5ft,0.05s
4.24.2026 20:12:20,T0,T1,4.5ft,0.05s
4.24.2026 20:12:20,T0,T1,4.5ft,0.05s
4.24.2026 20:12:20,T0,T1,4.5ft,0.05s
4.24.2026 20:12:20,T0,T1,4.5ft,0.05s
4.24.2026 20:12:20,T0,T1,4.5ft,0.05s
4.24.2026 20:12:20,T0,T1,4.5ft,0.05s
4.24.2026 20:12:20,T0,T1,4.5ft,0.05s
4.24.2026 20:12:20,T0,T1,4.5ft,0.05s
4.24.2026 20:12:20,T0,T1,4.5ft,0.05s
4.24.2026 20:12:20,T0,T1,4.5ft,0.05s
4.24.2026 20:12:20,T0,T1,4.5ft,0.05s
4.24.2026 20:12:21,T0,T1,4.6ft,0.05s
4.24.2026 20:12:21,T0,T1,4.7ft,0.05s
4.24.2026 20:12:21,T0,T1,5.0ft,0.05s
4.24.2026 20:12:21,T0,T1,4.9ft,0.05s
4.24.2026 20:12:21,T0,T1,4.7ft,0.05s
4.24.2026 20:12:21,T0,T1,4.7ft,0.05s
4.24.2026 20:12:21,T0,T1,4.6ft,0.05s
4.24.2026 20:12:21,T0,T1,4.6ft,0.05s
4.24.2026 20:12:21,T0,T1,4.6ft,0.05s
4.24.2026 20:12:21,T0,T1,4.5ft,0.05s
4.24.2026 20:12:21,T0,T1,4.5ft,0.05s
4.24.2026 20:12:21,T0,T1,4.5ft,0.05s
4.24.2026 20:12:21,T0,T1,4.5ft,0.05s
4.24.2026 20:12:21,T0,T1,4.5ft,0.05s
4.24.2026 20:12:21,T0,T1,4.6ft,0.05s
4.24.2026 20:12:21,T0,T1,4.8ft,0.05s
4.24.2026 20:12:21,T0,T1,5.1ft,0.05s
4.24.2026 20:12:21,T0,T1,5.4ft,0.05s
4.24.2026 20:12:21,T0,T1,5.7ft,0.05s
4.24.2026 20:12:22,T0,T1,5.9ft,0.05s
4.24.2026 20:12:22,T0,T1,6.2ft,0.05s
4.24.2026 20:12:22,T0,T1,6.4ft,0.05s
4.24.2026 20:12:22,T0,T1,6.6ft,0.05s
4.24.2026 20:12:22,T0,T1,6.0ft,0.05s
4.24.2026 20:12:22,T0,T1,5.6ft,0.05s
4.24.2026 20:12:22,T0,T1,5.9ft,0.06s
4.24.2026 20:12:22,T0,T1,6.1ft,0.05s
4.24.2026 20:12:22,T0,T1,5.7ft,0.05s
4.24.2026 20:12:22,T0,T1,5.9ft,0.05s
4.24.2026 20:12:22,T0,T1,6.2ft,0.05s
4.24.2026 20:12:22,T0,T1,5.7ft,0.05s
4.24.2026 20:12:22,T0,T1,5.4ft,0.05s
4.24.2026 20:12:22,T0,T1,5.1ft,0.05s
4.24.2026 20:12:22,T0,T1,4.9ft,0.05s
4.24.2026 20:12:22,T0,T1,5.2ft,0.05s
4.24.2026 20:12:22,T0,T1,5.0ft,0.05s
4.24.2026 20:12:22,T0,T1,4.8ft,0.05s
4.24.2026 20:12:22,T0,T1,4.7ft,0.05s
4.24.2026 20:12:22,T0,T1,4.6ft,0.05s
4.24.2026 20:12:23,T0,T1,4.6ft,0.05s
4.24.2026 20:12:23,T0,T1,4.5ft,0.05s
4.24.2026 20:12:23,T0,T1,4.5ft,0.05s
4.24.2026 20:12:23,T0,T1,4.5ft,0.05s
4.24.2026 20:12:23,T0,T1,4.5ft,0.05s
4.24.2026 20:12:23,T0,T1,4.5ft,0.05s
4.24.2026 20:12:23,T0,T1,4.5ft,0.05s
4.24.2026 20:12:23,T0,T1,4.5ft,0.05s
4.24.2026 20:12:23,T0,T1,4.5ft,0.05s
4.24.2026 20:12:23,T0,T1,4.6ft,0.05s
4.24.2026 20:12:23,T0,T1,4.8ft,0.05s
4.24.2026 20:12:23,T0,T1,5.1ft,0.05s
4.24.2026 20:12:23,T0,T1,5.4ft,0.05s
4.24.2026 20:12:23,T0,T1,5.6ft,0.05s
4.24.2026 20:12:23,T0,T1,5.3ft,0.05s
4.24.2026 20:12:23,T0,T1,5.1ft,0.05s
4.24.2026 20:12:23,T0,T1,4.9ft,0.05s
4.24.2026 20:12:23,T0,T1,4.8ft,0.05s
4.24.2026 20:12:23,T0,T1,4.7ft,0.05s
4.24.2026 20:12:24,T0,T1,4.6ft,0.05s
4.24.2026 20:12:24,T0,T1,4.6ft,0.05s
4.24.2026 20:12:24,T0,T1,4.5ft,0.05s
4.24.2026 20:12:24,T0,T1,4.5ft,0.05s
4.24.2026 20:12:24,T0,T1,4.5ft,0.05s
4.24.2026 20:12:24,T0,T1,4.5ft,0.05s
4.24.2026 20:12:24,T0,T1,4.5ft,0.05s
4.24.2026 20:12:24,T0,T1,4.5ft,0.05s
4.24.2026 20:12:24,T0,T1,4.5ft,0.05s
4.24.2026 20:12:24,T0,T1,4.5ft,0.05s
4.24.2026 20:12:24,T0,T1,4.5ft,0.05s
4.24.2026 20:12:24,T0,T1,4.5ft,0.05s
4.24.2026 20:12:24,T0,T1,4.5ft,0.05s
4.24.2026 20:12:24,T0,T1,4.5ft,0.05s
4.24.2026 20:12:24,T0,T1,4.5ft,0.05s
4.24.2026 20:12:24,T0,T1,4.5ft,0.05s
4.24.2026 20:12:24,T0,T1,4.5ft,0.05s
4.24.2026 20:12:24,T0,T1,4.5ft,0.05s
4.24.2026 20:12:24,T0,T1,4.5ft,0.05s
4.24.2026 20:12:24,T0,T1,4.6ft,0.05s
4.24.2026 20:12:25,T0,T1,4.9ft,0.05s
4.24.2026 20:12:25,T0,T1,5.1ft,0.05s
4.24.2026 20:12:25,T0,T1,4.9ft,0.05s
4.24.2026 20:12:25,T0,T1,5.2ft,0.05s
4.24.2026 20:12:25,T0,T1,5.5ft,0.05s
4.24.2026 20:12:25,T0,T1,5.8ft,0.05s
4.24.2026 20:12:25,T0,T1,5.4ft,0.05s
4.24.2026 20:12:25,T0,T1,5.1ft,0.05s
4.24.2026 20:12:25,T0,T1,4.9ft,0.05s
4.24.2026 20:12:25,T0,T1,5.2ft,0.05s
4.24.2026 20:12:25,T0,T1,5.0ft,0.05s
4.24.2026 20:12:25,T0,T1,4.8ft,0.05s
4.24.2026 20:12:25,T0,T1,4.7ft,0.05s
4.24.2026 20:12:25,T0,T1,4.6ft,0.05s
4.24.2026 20:12:25,T0,T1,4.9ft,0.05s
4.24.2026 20:12:25,T0,T1,5.2ft,0.05s
4.24.2026 20:12:25,T0,T1,5.5ft,0.05s
4.24.2026 20:12:25,T0,T1,5.2ft,0.05s
4.24.2026 20:12:25,T0,T1,5.0ft,0.05s
4.24.2026 20:12:25,T0,T1,4.8ft,0.05s
4.24.2026 20:12:26,T0,T1,4.7ft,0.05s
4.24.2026 20:12:26,T0,T1,5.0ft,0.05s
4.24.2026 20:12:26,T0,T1,5.3ft,0.05s
4.24.2026 20:12:26,T0,T1,5.0ft,0.05s
4.24.2026 20:12:26,T0,T1,5.3ft,0.05s
4.24.2026 20:12:26,T0,T1,5.6ft,0.05s
4.24.2026 20:12:26,T0,T1,5.3ft,0.05s
4.24.2026 20:12:26,T0,T1,5.1ft,0.05s
4.24.2026 20:12:26,T0,T1,4.9ft,0.05s
4.24.2026 20:12:26,T0,T1,4.8ft,0.05s
4.24.2026 20:12:26,T0,T1,4.7ft,0.05s
4.24.2026 20:12:26,T0,T1,4.6ft,0.05s
4.24.2026 20:12:26,T0,T1,4.6ft,0.05s
4.24.2026 20:12:26,T0,T1,4.6ft,0.05s
4.24.2026 20:12:26,T0,T1,4.6ft,0.05s
4.24.2026 20:12:26,T0,T1,4.5ft,0.05s
4.24.2026 20:12:26,T0,T1,4.5ft,0.05s
4.24.2026 20:12:26,T0,T1,4.7ft,0.05s
4.24.2026 20:12:26,T0,T1,4.6ft,0.05s
4.24.2026 20:12:27,T0,T1,4.6ft,0.05s
4.24.2026 20:12:27,T0,T1,4.6ft,0.05s
4.24.2026 20:12:27,T0,T1,4.7ft,0.05s
4.24.2026 20:12:27,T0,T1,5.0ft,0.05s
4.24.2026 20:12:27,T0,T1,5.3ft,0.05s
4.24.2026 20:12:27,T0,T1,5.6ft,0.06s
4.24.2026 20:12:27,T0,T1,5.3ft,0.05s
4.24.2026 20:12:27,T0,T1,5.1ft,0.05s
4.24.2026 20:12:27,T0,T1,4.9ft,0.05s
4.24.2026 20:12:27,T0,T1,4.8ft,0.05s
4.24.2026 20:12:27,T0,T1,4.7ft,0.05s
4.24.2026 20:12:27,T0,T1,4.7ft,0.05s
4.24.2026 20:12:27,T0,T1,4.9ft,0.05s
4.24.2026 20:12:27,T0,T1,4.8ft,0.05s
4.24.2026 20:12:27,T0,T1,4.7ft,0.05s
4.24.2026 20:12:27,T0,T1,4.6ft,0.05s
4.24.2026 20:12:27,T0,T1,4.6ft,0.05s
4.24.2026 20:12:27,T0,T1,4.6ft,0.05s
4.24.2026 20:12:27,T0,T1,4.6ft,0.05s
4.24.2026 20:12:27,T0,T1,4.5ft,0.05s
4.24.2026 20:12:28,T0,T1,4.5ft,0.05s
4.24.2026 20:12:28,T0,T1,4.5ft,0.05s
4.24.2026 20:12:28,T0,T1,4.5ft,0.05s
4.24.2026 20:12:28,T0,T1,4.6ft,0.05s
4.24.2026 20:12:28,T0,T1,4.8ft,0.05s
4.24.2026 20:12:28,T0,T1,5.1ft,0.05s
4.24.2026 20:12:28,T0,T1,4.9ft,0.05s
4.24.2026 20:12:28,T0,T1,4.8ft,0.05s
4.24.2026 20:12:28,T0,T1,4.7ft,0.05s
4.24.2026 20:12:28,T0,T1,4.6ft,0.05s
4.24.2026 20:12:28,T0,T1,4.6ft,0.05s
4.24.2026 20:12:28,T0,T1,4.6ft,0.05s
4.24.2026 20:12:28,T0,T1,4.6ft,0.05s
4.24.2026 20:12:28,T0,T1,4.5ft,0.05s
4.24.2026 20:12:28,T0,T1,4.5ft,0.05s
4.24.2026 20:12:28,T0,T1,4.5ft,0.05s
4.24.2026 20:12:28,T0,T1,4.5ft,0.05s
4.24.2026 20:12:28,T0,T1,4.5ft,0.05s
4.24.2026 20:12:28,T0,T1,4.6ft,0.05s
4.24.2026 20:12:29,T0,T1,4.8ft,0.05s
4.24.2026 20:12:29,T0,T1,4.7ft,0.05s
4.24.2026 20:12:29,T0,T1,5.0ft,0.05s
4.24.2026 20:12:29,T0,T1,5.3ft,0.05s
4.24.2026 20:12:29,T0,T1,5.5ft,0.05s
4.24.2026 20:12:29,T0,T1,5.8ft,0.05s
4.24.2026 20:12:29,T0,T1,6.1ft,0.05s
4.24.2026 20:12:29,T0,T1,6.3ft,0.05s
4.24.2026 20:12:29,T0,T1,6.5ft,0.05s
4.24.2026 20:12:29,T0,T1,6.6ft,0.05s
4.24.2026 20:12:29,T0,T1,6.1ft,0.05s
4.24.2026 20:12:29,T0,T1,5.6ft,0.05s
4.24.2026 20:12:29,T0,T1,5.3ft,0.05s
4.24.2026 20:12:29,T0,T1,5.1ft,0.05s
4.24.2026 20:12:29,T0,T1,4.9ft,0.05s
4.24.2026 20:12:29,T0,T1,4.8ft,0.05s
4.24.2026 20:12:29,T0,T1,4.7ft,0.05s
4.24.2026 20:12:29,T0,T1,4.6ft,0.05s
4.24.2026 20:12:29,T0,T1,4.6ft,0.05s
4.24.2026 20:12:29,T0,T1,4.6ft,0.05s
4.24.2026 20:12:30,T0,T1,4.6ft,0.05s
4.24.2026 20:12:30,T0,T1,4.6ft,0.05s
4.24.2026 20:12:30,T0,T1,4.6ft,0.05s
4.24.2026 20:12:30,T0,T1,4.6ft,0.05s
4.24.2026 20:12:30,T0,T1,4.7ft,0.05s
4.24.2026 20:12:30,T0,T1,4.9ft,0.05s
4.24.2026 20:12:30,T0,T1,4.8ft,0.05s
4.24.2026 20:12:30,T0,T1,4.7ft,0.05s
4.24.2026 20:12:30,T0,T1,4.6ft,0.05s
4.24.2026 20:12:30,T0,T1,4.9ft,0.05s
4.24.2026 20:12:30,T0,T1,5.1ft,0.05s
4.24.2026 20:12:30,T0,T1,5.0ft,0.05s
4.24.2026 20:12:30,T0,T1,4.8ft,0.05s
4.24.2026 20:12:30,T0,T1,4.7ft,0.05s
4.24.2026 20:12:30,T0,T1,4.7ft,0.05s
4.24.2026 20:12:30,T0,T1,4.6ft,0.05s
4.24.2026 20:12:30,T0,T1,4.6ft,0.05s
4.24.2026 20:12:30,T0,T1,4.6ft,0.05s
4.24.2026 20:12:30,T0,T1,4.7ft,0.05s
4.24.2026 20:12:31,T0,T1,5.0ft,0.05s
4.24.2026 20:12:31,T0,T1,4.8ft,0.05s
4.24.2026 20:12:31,T0,T1,5.1ft,0.05s
4.24.2026 20:12:31,T0,T1,5.4ft,0.05s
4.24.2026 20:12:31,T0,T1,5.1ft,0.05s
4.24.2026 20:12:31,T0,T1,4.9ft,0.05s
4.24.2026 20:12:31,T0,T1,4.8ft,0.05s
4.24.2026 20:12:31,T0,T1,4.7ft,0.05s
4.24.2026 20:12:31,T0,T1,4.6ft,0.05s
4.24.2026 20:12:31,T0,T1,4.9ft,0.05s
4.24.2026 20:12:31,T0,T1,5.1ft,0.05s
4.24.2026 20:12:31,T0,T1,4.9ft,0.05s
4.24.2026 20:12:31,T0,T1,4.8ft,0.05s
4.24.2026 20:12:31,T0,T1,4.7ft,0.05s
4.24.2026 20:12:31,T0,T1,4.6ft,0.05s
4.24.2026 20:12:31,T0,T1,4.6ft,0.05s
4.24.2026 20:12:31,T0,T1,4.6ft,0.05s
4.24.2026 20:12:31,T0,T1,4.6ft,0.05s
4.24.2026 20:12:31,T0,T1,4.5ft,0.05s
4.24.2026 20:12:31,T0,T1,4.7ft,0.05s
4.24.2026 20:12:32,T0,T1,4.6ft,0.05s
4.24.2026 20:12:32,T0,T1,4.6ft,0.05s
4.24.2026 20:12:32,T0,T1,4.6ft,0.05s
4.24.2026 20:12:32,T0,T1,4.7ft,0.05s
4.24.2026 20:12:32,T0,T1,5.0ft,0.06s
4.24.2026 20:12:32,T0,T1,5.3ft,0.05s
4.24.2026 20:12:32,T0,T1,5.1ft,0.05s
4.24.2026 20:12:32,T0,T1,4.9ft,0.05s
4.24.2026 20:12:32,T0,T1,4.8ft,0.05s
4.24.2026 20:12:32,T0,T1,5.0ft,0.05s
4.24.2026 20:12:32,T0,T1,4.9ft,0.05s
4.24.2026 20:12:32,T0,T1,4.8ft,0.05s
4.24.2026 20:12:32,T0,T1,4.7ft,0.05s
4.24.2026 20:12:32,T0,T1,4.6ft,0.05s
4.24.2026 20:12:32,T0,T1,4.6ft,0.05s
4.24.2026 20:12:32,T0,T1,4.6ft,0.05s
4.24.2026 20:12:32,T0,T1,4.6ft,0.05s
4.24.2026 20:12:32,T0,T1,4.7ft,0.05s
4.24.2026 20:12:32,T0,T1,4.9ft,0.05s
4.24.2026 20:12:33,T0,T1,5.2ft,0.05s
4.24.2026 20:12:33,T0,T1,5.0ft,0.05s
4.24.2026 20:12:33,T0,T1,4.8ft,0.05s
4.24.2026 20:12:33,T0,T1,4.7ft,0.05s
4.24.2026 20:12:33,T0,T1,4.7ft,0.05s
4.24.2026 20:12:33,T0,T1,4.6ft,0.05s
4.24.2026 20:12:33,T0,T1,4.6ft,0.05s
4.24.2026 20:12:33,T0,T1,4.5ft,0.05s
4.24.2026 20:12:33,T0,T1,4.5ft,0.05s
4.24.2026 20:12:33,T0,T1,4.5ft,0.05s
4.24.2026 20:12:33,T0,T1,4.5ft,0.05s
4.24.2026 20:12:33,T0,T1,4.6ft,0.05s
4.24.2026 20:12:33,T0,T1,4.6ft,0.05s
4.24.2026 20:12:33,T0,T1,4.5ft,0.05s
4.24.2026 20:12:33,T0,T1,4.5ft,0.05s
4.24.2026 20:12:33,T0,T1,4.5ft,0.05s
4.24.2026 20:12:33,T0,T1,4.7ft,0.05s
4.24.2026 20:12:33,T0,T1,4.9ft,0.05s
4.24.2026 20:12:33,T0,T1,5.2ft,0.05s
4.24.2026 20:12:33,T0,T1,5.0ft,0.05s
4.24.2026 20:12:34,T0,T1,4.8ft,0.05s
4.24.2026 20:12:34,T0,T1,4.7ft,0.06s
4.24.2026 20:12:34,T0,T1,4.7ft,0.05s
4.24.2026 20:12:34,T0,T1,4.6ft,0.05s
4.24.2026 20:12:34,T0,T1,4.6ft,0.05s
4.24.2026 20:12:34,T0,T1,4.5ft,0.05s
4.24.2026 20:12:34,T0,T1,4.7ft,0.05s
4.24.2026 20:12:34,T0,T1,5.0ft,0.05s
4.24.2026 20:12:34,T0,T1,5.3ft,0.05s
4.24.2026 20:12:34,T0,T1,5.0ft,0.05s
4.24.2026 20:12:34,T0,T1,5.3ft,0.05s
4.24.2026 20:12:34,T0,T1,5.6ft,0.05s
4.24.2026 20:12:34,T0,T1,5.3ft,0.05s
4.24.2026 20:12:34,T0,T1,5.1ft,0.05s
4.24.2026 20:12:34,T0,T1,4.9ft,0.05s
4.24.2026 20:12:34,T0,T1,4.8ft,0.05s
4.24.2026 20:12:34,T0,T1,4.7ft,0.05s
4.24.2026 20:12:34,T0,T1,4.6ft,0.05s
4.24.2026 20:12:34,T0,T1,4.6ft,0.05s
4.24.2026 20:12:34,T0,T1,4.6ft,0.05s
4.24.2026 20:12:35,T0,T1,4.5ft,0.05s
4.24.2026 20:12:35,T0,T1,4.5ft,0.05s
4.24.2026 20:12:35,T0,T1,4.5ft,0.05s
4.24.2026 20:12:35,T0,T1,4.5ft,0.05s
4.24.2026 20:12:35,T0,T1,4.5ft,0.05s
4.24.2026 20:12:35,T0,T1,4.5ft,0.05s
4.24.2026 20:12:35,T0,T1,4.6ft,0.05s
4.24.2026 20:12:35,T0,T1,4.8ft,0.05s
4.24.2026 20:12:35,T0,T1,4.7ft,0.05s
4.24.2026 20:12:35,T0,T1,4.6ft,0.05s
4.24.2026 20:12:35,T0,T1,4.6ft,0.05s
4.24.2026 20:12:35,T0,T1,4.6ft,0.05s
4.24.2026 20:12:35,T0,T1,4.5ft,0.05s
4.24.2026 20:12:35,T0,T1,4.5ft,0.05s
4.24.2026 20:12:35,T0,T1,4.5ft,0.05s
4.24.2026 20:12:35,T0,T1,4.6ft,0.05s
4.24.2026 20:12:35,T0,T1,4.9ft,0.05s
4.24.2026 20:12:35,T0,T1,5.2ft,0.06s
4.24.2026 20:12:35,T0,T1,5.5ft,0.05s
4.24.2026 20:12:36,T0,T1,5.8ft,0.05s
4.24.2026 20:12:36,T0,T1,5.4ft,0.05s
4.24.2026 20:12:36,T0,T1,5.1ft,0.05s
4.24.2026 20:12:36,T0,T1,4.9ft,0.05s
4.24.2026 20:12:36,T0,T1,4.8ft,0.05s
4.24.2026 20:12:36,T0,T1,5.1ft,0.05s
4.24.2026 20:12:36,T0,T1,4.9ft,0.05s
4.24.2026 20:12:36,T0,T1,4.8ft,0.05s
4.24.2026 20:12:36,T0,T1,4.7ft,0.05s
4.24.2026 20:12:36,T0,T1,4.6ft,0.06s
4.24.2026 20:12:36,T0,T1,4.6ft,0.05s
4.24.2026 20:12:36,T0,T1,4.6ft,0.05s
4.24.2026 20:12:36,T0,T1,4.7ft,0.05s
4.24.2026 20:12:36,T0,T1,4.7ft,0.05s
4.24.2026 20:12:36,T0,T1,4.6ft,0.05s
4.24.2026 20:12:36,T0,T1,4.6ft,0.05s
4.24.2026 20:12:36,T0,T1,4.6ft,0.05s
4.24.2026 20:12:36,T0,T1,4.5ft,0.05s
4.24.2026 20:12:36,T0,T1,4.5ft,0.05s
4.24.2026 20:12:36,T0,T1,4.5ft,0.05s
4.24.2026 20:12:37,T0,T1,4.5ft,0.05s
4.24.2026 20:12:37,T0,T1,4.5ft,0.05s
4.24.2026 20:12:37,T0,T1,4.5ft,0.05s
4.24.2026 20:12:37,T0,T1,4.5ft,0.06s
4.24.2026 20:12:37,T0,T1,4.5ft,0.05s
4.24.2026 20:12:37,T0,T1,4.6ft,0.05s
4.24.2026 20:12:37,T0,T1,4.5ft,0.05s
4.24.2026 20:12:37,T0,T1,4.5ft,0.05s
4.24.2026 20:12:37,T0,T1,4.6ft,0.05s
4.24.2026 20:12:37,T0,T1,4.6ft,0.05s
4.24.2026 20:12:37,T0,T1,4.6ft,0.05s
4.24.2026 20:12:37,T0,T1,4.6ft,0.05s
4.24.2026 20:12:37,T0,T1,4.5ft,0.05s
4.24.2026 20:12:37,T0,T1,4.5ft,0.05s
4.24.2026 20:12:37,T0,T1,4.7ft,0.05s
4.24.2026 20:12:37,T0,T1,4.9ft,0.05s
4.24.2026 20:12:37,T0,T1,5.2ft,0.05s
4.24.2026 20:12:37,T0,T1,5.0ft,0.05s
4.24.2026 20:12:37,T0,T1,4.8ft,0.05s
4.24.2026 20:12:38,T0,T1,4.7ft,0.05s
4.24.2026 20:12:38,T0,T1,4.6ft,0.05s
4.24.2026 20:12:38,T0,T1,4.6ft,0.05s
4.24.2026 20:12:38,T0,T1,4.6ft,0.05s
4.24.2026 20:12:38,T0,T1,4.5ft,0.05s
4.24.2026 20:12:38,T0,T1,4.5ft,0.05s
4.24.2026 20:12:38,T0,T1,4.5ft,0.05s
4.24.2026 20:12:38,T0,T1,4.5ft,0.05s
4.24.2026 20:12:38,T0,T1,4.5ft,0.05s
4.24.2026 20:12:38,T0,T1,4.6ft,0.05s
4.24.2026 20:12:38,T0,T1,4.8ft,0.05s
4.24.2026 20:12:38,T0,T1,5.1ft,0.05s
4.24.2026 20:12:38,T0,T1,4.9ft,0.05s
4.24.2026 20:12:38,T0,T1,5.2ft,0.05s
4.24.2026 20:12:38,T0,T1,5.5ft,0.05s
4.24.2026 20:12:38,T0,T1,5.2ft,0.05s
4.24.2026 20:12:38,T0,T1,5.5ft,0.05s
4.24.2026 20:12:38,T0,T1,5.8ft,0.05s
4.24.2026 20:12:38,T0,T1,6.0ft,0.05s
4.24.2026 20:12:38,T0,T1,6.3ft,0.05s
4.24.2026 20:12:39,T0,T1,5.8ft,0.05s
4.24.2026 20:12:39,T0,T1,5.4ft,0.05s
4.24.2026 20:12:39,T0,T1,5.1ft,0.05s
4.24.2026 20:12:39,T0,T1,4.9ft,0.05s
4.24.2026 20:12:39,T0,T1,4.8ft,0.05s
4.24.2026 20:12:39,T0,T1,4.7ft,0.05s
4.24.2026 20:12:39,T0,T1,5.0ft,0.05s
4.24.2026 20:12:39,T0,T1,4.8ft,0.05s
4.24.2026 20:12:39,T0,T1,4.7ft,0.05s
4.24.2026 20:12:39,T0,T1,4.6ft,0.05s
4.24.2026 20:12:39,T0,T1,4.6ft,0.05s
4.24.2026 20:12:39,T0,T1,4.6ft,0.05s
4.24.2026 20:12:39,T0,T1,4.5ft,0.05s
4.24.2026 20:12:39,T0,T1,4.5ft,0.05s
4.24.2026 20:12:39,T0,T1,4.5ft,0.05s
4.24.2026 20:12:39,T0,T1,4.5ft,0.05s
4.24.2026 20:12:39,T0,T1,4.5ft,0.05s
4.24.2026 20:12:39,T0,T1,4.5ft,0.05s
4.24.2026 20:12:39,T0,T1,4.5ft,0.05s
4.24.2026 20:12:40,T0,T1,4.5ft,0.05s
4.24.2026 20:12:40,T0,T1,4.5ft,0.05s
4.24.2026 20:12:40,T0,T1,4.5ft,0.05s
4.24.2026 20:12:40,T0,T1,4.5ft,0.05s
4.24.2026 20:12:40,T0,T1,4.5ft,0.05s
4.24.2026 20:12:40,T0,T1,4.5ft,0.05s
4.24.2026 20:12:40,T0,T1,4.5ft,0.06s
4.24.2026 20:12:40,T0,T1,4.6ft,0.05s
4.24.2026 20:12:40,T0,T1,4.6ft,0.05s
4.24.2026 20:12:40,T0,T1,4.6ft,0.05s
4.24.2026 20:12:40,T0,T1,4.6ft,0.05s
4.24.2026 20:12:40,T0,T1,4.6ft,0.05s
4.24.2026 20:12:40,T0,T1,4.6ft,0.05s
4.24.2026 20:12:40,T0,T1,4.6ft,0.05s
4.24.2026 20:12:40,T0,T1,4.6ft,0.05s
4.24.2026 20:12:40,T0,T1,4.6ft,0.05s
4.24.2026 20:12:40,T0,T1,4.6ft,0.05s
4.24.2026 20:12:40,T0,T1,4.6ft,0.05s
4.24.2026 20:12:40,T0,T1,4.6ft,0.05s
4.24.2026 20:12:40,T0,T1,4.8ft,0.05s
4.24.2026 20:12:41,T0,T1,4.7ft,0.05s
4.24.2026 20:12:41,T0,T1,4.7ft,0.05s
4.24.2026 20:12:41,T0,T1,4.9ft,0.05s
4.24.2026 20:12:41,T0,T1,4.8ft,0.05s
4.24.2026 20:12:41,T0,T1,4.7ft,0.05s
4.24.2026 20:12:41,T0,T1,4.6ft,0.05s
4.24.2026 20:12:41,T0,T1,4.6ft,0.05s
4.24.2026 20:12:41,T0,T1,4.6ft,0.05s
4.24.2026 20:12:41,T0,T1,4.6ft,0.05s
4.24.2026 20:12:41,T0,T1,4.5ft,0.05s
4.24.2026 20:12:41,T0,T1,4.5ft,0.05s
4.24.2026 20:12:41,T0,T1,4.5ft,0.05s
4.24.2026 20:12:41,T0,T1,4.5ft,0.05s
4.24.2026 20:12:41,T0,T1,4.5ft,0.05s
4.24.2026 20:12:41,T0,T1,4.5ft,0.05s
4.24.2026 20:12:41,T0,T1,4.6ft,0.05s
4.24.2026 20:12:41,T0,T1,4.6ft,0.05s
4.24.2026 20:12:41,T0,T1,4.6ft,0.05s
4.24.2026 20:12:41,T0,T1,4.6ft,0.05s
4.24.2026 20:12:42,T0,T1,4.6ft,0.05s
4.24.2026 20:12:42,T0,T1,4.6ft,0.05s
4.24.2026 20:12:42,T0,T1,4.6ft,0.05s
4.24.2026 20:12:42,T0,T1,4.6ft,0.05s
4.24.2026 20:12:42,T0,T1,4.5ft,0.05s
4.24.2026 20:12:42,T0,T1,4.5ft,0.05s
4.24.2026 20:12:42,T0,T1,4.5ft,0.05s
4.24.2026 20:12:42,T0,T1,4.5ft,0.05s
4.24.2026 20:12:42,T0,T1,4.6ft,0.05s
4.24.2026 20:12:42,T0,T1,4.6ft,0.05s
4.24.2026 20:12:42,T0,T1,4.6ft,0.05s
4.24.2026 20:12:42,T0,T1,4.6ft,0.05s
4.24.2026 20:12:42,T0,T1,4.6ft,0.05s
4.24.2026 20:12:42,T0,T1,4.6ft,0.05s
4.24.2026 20:12:42,T0,T1,4.6ft,0.05s
4.24.2026 20:12:42,T0,T1,4.6ft,0.05s
4.24.2026 20:12:42,T0,T1,4.6ft,0.05s
4.24.2026 20:12:42,T0,T1,4.6ft,0.05s
4.24.2026 20:12:42,T0,T1,4.6ft,0.05s
4.24.2026 20:12:42,T0,T1,4.6ft,0.05s
4.24.2026 20:12:43,T0,T1,4.6ft,0.05s
4.24.2026 20:12:43,T0,T1,4.6ft,0.05s
4.24.2026 20:12:43,T0,T1,4.6ft,0.05s
4.24.2026 20:12:43,T0,T1,4.6ft,0.05s
4.24.2026 20:12:43,T0,T1,4.6ft,0.05s
4.24.2026 20:12:43,T0,T1,4.6ft,0.05s
4.24.2026 20:12:43,T0,T1,4.6ft,0.05s
4.24.2026 20:12:43,T0,T1,4.6ft,0.05s
4.24.2026 20:12:43,T0,T1,4.6ft,0.06s
4.24.2026 20:12:43,T0,T1,4.6ft,0.05s
4.24.2026 20:12:43,T0,T1,4.6ft,0.05s
4.24.2026 20:12:43,T0,T1,4.6ft,0.05s
4.24.2026 20:12:43,T0,T1,4.6ft,0.05s
4.24.2026 20:12:43,T0,T1,4.6ft,0.05s
4.24.2026 20:12:43,T0,T1,4.6ft,0.05s
4.24.2026 20:12:43,T0,T1,4.6ft,0.05s
4.24.2026 20:12:43,T0,T1,4.6ft,0.05s
4.24.2026 20:12:43,T0,T1,4.6ft,0.05s
4.24.2026 20:12:43,T0,T1,4.6ft,0.05s
4.24.2026 20:12:43,T0,T1,4.6ft,0.05s
4.24.2026 20:12:44,T0,T1,4.6ft,0.05s
4.24.2026 20:12:44,T0,T1,4.6ft,0.05s
4.24.2026 20:12:44,T0,T1,4.6ft,0.05s
4.24.2026 20:12:44,T0,T1,4.6ft,0.05s
4.24.2026 20:12:44,T0,T1,4.6ft,0.05s
4.24.2026 20:12:44,T0,T1,4.6ft,0.05s
4.24.2026 20:12:44,T0,T1,4.6ft,0.05s
4.24.2026 20:12:44,T0,T1,4.6ft,0.05s
4.24.2026 20:12:44,T0,T1,4.6ft,0.05s
4.24.2026 20:12:44,T0,T1,4.6ft,0.05s
4.24.2026 20:12:44,T0,T1,4.6ft,0.05s
4.24.2026 20:12:44,T0,T1,4.6ft,0.05s
4.24.2026 20:12:44,T0,T1,4.6ft,0.05s
4.24.2026 20:12:44,T0,T1,4.6ft,0.05s
4.24.2026 20:12:44,T0,T1,4.6ft,0.05s
4.24.2026 20:12:44,T0,T1,4.6ft,0.05s
4.24.2026 20:12:44,T0,T1,4.6ft,0.05s
4.24.2026 20:12:44,T0,T1,4.6ft,0.05s
4.24.2026 20:12:44,T0,T1,4.6ft,0.05s
4.24.2026 20:12:45,T0,T1,4.6ft,0.05s
4.24.2026 20:12:45,T0,T1,4.6ft,0.05s
4.24.2026 20:12:45,T0,T1,4.6ft,0.05s
4.24.2026 20:12:45,T0,T1,4.6ft,0.05s
4.24.2026 20:12:45,T0,T1,4.6ft,0.05s
4.24.2026 20:12:45,T0,T1,4.6ft,0.06s
4.24.2026 20:12:45,T0,T1,4.6ft,0.05s
4.24.2026 20:12:45,T0,T1,4.6ft,0.05s
4.24.2026 20:12:45,T0,T1,4.6ft,0.05s
4.24.2026 20:12:45,T0,T1,4.6ft,0.05s
4.24.2026 20:12:45,T0,T1,4.6ft,0.05s
4.24.2026 20:12:45,T0,T1,4.7ft,0.05s
4.24.2026 20:12:45,T0,T1,4.7ft,0.05s
4.24.2026 20:12:45,T0,T1,4.9ft,0.05s
4.24.2026 20:12:45,T0,T1,5.2ft,0.05s
4.24.2026 20:12:45,T0,T1,5.5ft,0.05s
4.24.2026 20:12:45,T0,T1,5.2ft,0.06s
4.24.2026 20:12:45,T0,T1,5.0ft,0.05s
4.24.2026 20:12:45,T0,T1,4.8ft,0.05s
4.24.2026 20:12:45,T0,T1,4.7ft,0.05s
4.24.2026 20:12:46,T0,T1,4.7ft,0.05s
4.24.2026 20:12:46,T0,T1,4.6ft,0.05s
4.24.2026 20:12:46,T0,T1,4.6ft,0.05s
4.24.2026 20:12:46,T0,T1,4.8ft,0.05s
4.24.2026 20:12:46,T0,T1,5.0ft,0.05s
4.24.2026 20:12:46,T0,T1,5.3ft,0.05s
4.24.2026 20:12:46,T0,T1,5.6ft,0.05s
4.24.2026 20:12:46,T0,T1,5.3ft,0.05s
4.24.2026 20:12:46,T0,T1,5.0ft,0.05s
4.24.2026 20:12:46,T0,T1,4.9ft,0.05s
4.24.2026 20:12:46,T0,T1,4.7ft,0.05s
4.24.2026 20:12:46,T0,T1,4.7ft,0.05s
4.24.2026 20:12:46,T0,T1,4.6ft,0.05s
4.24.2026 20:12:46,T0,T1,4.6ft,0.05s
4.24.2026 20:12:46,T0,T1,4.5ft,0.05s
4.24.2026 20:12:46,T0,T1,4.5ft,0.05s
4.24.2026 20:12:46,T0,T1,4.5ft,0.05s
4.24.2026 20:12:46,T0,T1,4.5ft,0.05s
4.24.2026 20:12:46,T0,T1,4.5ft,0.05s
4.24.2026 20:12:47,T0,T1,4.5ft,0.05s
4.24.2026 20:12:47,T0,T1,4.5ft,0.05s
4.24.2026 20:12:47,T0,T1,4.5ft,0.06s
4.24.2026 20:12:47,T0,T1,4.5ft,0.05s
4.24.2026 20:12:47,T0,T1,4.5ft,0.05s
4.24.2026 20:12:47,T0,T1,4.5ft,0.05s
4.24.2026 20:12:47,T0,T1,4.5ft,0.05s
4.24.2026 20:12:47,T0,T1,4.5ft,0.05s
4.24.2026 20:12:47,T0,T1,4.5ft,0.05s
4.24.2026 20:12:47,T0,T1,4.5ft,0.05s
4.24.2026 20:12:47,T0,T1,4.5ft,0.05s
4.24.2026 20:12:47,T0,T1,4.5ft,0.05s
4.24.2026 20:12:47,T0,T1,4.5ft,0.05s
4.24.2026 20:12:47,T0,T1,4.5ft,0.05s
4.24.2026 20:12:47,T0,T1,4.5ft,0.05s
4.24.2026 20:12:47,T0,T1,4.5ft,0.05s
4.24.2026 20:12:47,T0,T1,4.5ft,0.05s
4.24.2026 20:12:47,T0,T1,4.7ft,0.05s
4.24.2026 20:12:47,T0,T1,5.0ft,0.05s
4.24.2026 20:12:47,T0,T1,5.3ft,0.05s
4.24.2026 20:12:48,T0,T1,5.5ft,0.05s
4.24.2026 20:12:48,T0,T1,5.8ft,0.05s
4.24.2026 20:12:48,T0,T1,5.4ft,0.05s
4.24.2026 20:12:48,T0,T1,5.2ft,0.05s
4.24.2026 20:12:48,T0,T1,5.0ft,0.05s
4.24.2026 20:12:48,T0,T1,4.8ft,0.05s
4.24.2026 20:12:48,T0,T1,4.7ft,0.05s
4.24.2026 20:12:48,T0,T1,4.6ft,0.05s
4.24.2026 20:12:48,T0,T1,4.6ft,0.05s
4.24.2026 20:12:48,T0,T1,4.5ft,0.05s
4.24.2026 20:12:48,T0,T1,4.5ft,0.06s
4.24.2026 20:12:48,T0,T1,4.5ft,0.05s
4.24.2026 20:12:48,T0,T1,4.5ft,0.05s
4.24.2026 20:12:48,T0,T1,4.5ft,0.05s
4.24.2026 20:12:48,T0,T1,4.5ft,0.05s
4.24.2026 20:12:48,T0,T1,4.5ft,0.05s
4.24.2026 20:12:48,T0,T1,4.5ft,0.05s
4.24.2026 20:12:48,T0,T1,4.6ft,0.05s
4.24.2026 20:12:48,T0,T1,4.8ft,0.05s
4.24.2026 20:12:49,T0,T1,5.1ft,0.05s
4.24.2026 20:12:49,T0,T1,4.9ft,0.05s
4.24.2026 20:12:49,T0,T1,4.8ft,0.05s
4.24.2026 20:12:49,T0,T1,4.7ft,0.05s
4.24.2026 20:12:49,T0,T1,4.6ft,0.05s
4.24.2026 20:12:49,T0,T1,4.6ft,0.05s
4.24.2026 20:12:49,T0,T1,4.6ft,0.05s
4.24.2026 20:12:49,T0,T1,4.5ft,0.05s
4.24.2026 20:12:49,T0,T1,4.5ft,0.05s
4.24.2026 20:12:49,T0,T1,4.5ft,0.05s
4.24.2026 20:12:49,T0,T1,4.5ft,0.05s
4.24.2026 20:12:49,T0,T1,4.5ft,0.05s
4.24.2026 20:12:49,T0,T1,4.5ft,0.05s
4.24.2026 20:12:49,T0,T1,4.5ft,0.05s
4.24.2026 20:12:49,T0,T1,4.5ft,0.05s
4.24.2026 20:12:49,T0,T1,4.5ft,0.05s
4.24.2026 20:12:49,T0,T1,4.5ft,0.05s
4.24.2026 20:12:49,T0,T1,4.6ft,0.05s
4.24.2026 20:12:49,T0,T1,4.6ft,0.05s
4.24.2026 20:12:49,T0,T1,4.6ft,0.05s
4.24.2026 20:12:50,T0,T1,4.6ft,0.05s
4.24.2026 20:12:50,T0,T1,4.6ft,0.05s
4.24.2026 20:12:50,T0,T1,4.6ft,0.05s
4.24.2026 20:12:50,T0,T1,4.6ft,0.05s
4.24.2026 20:12:50,T0,T1,4.8ft,0.05s
4.24.2026 20:12:50,T0,T1,5.0ft,0.05s
4.24.2026 20:12:50,T0,T1,4.9ft,0.05s
4.24.2026 20:12:50,T0,T1,4.8ft,0.05s
4.24.2026 20:12:50,T0,T1,4.7ft,0.05s
4.24.2026 20:12:50,T0,T1,4.6ft,0.05s
4.24.2026 20:12:50,T0,T1,4.6ft,0.05s
4.24.2026 20:12:50,T0,T1,4.6ft,0.05s
4.24.2026 20:12:50,T0,T1,4.6ft,0.05s
4.24.2026 20:12:50,T0,T1,4.6ft,0.05s
4.24.2026 20:12:50,T0,T1,4.6ft,0.05s
4.24.2026 20:12:50,T0,T1,4.5ft,0.05s
4.24.2026 20:12:50,T0,T1,4.7ft,0.05s
4.24.2026 20:12:50,T0,T1,4.6ft,0.05s
4.24.2026 20:12:50,T0,T1,4.6ft,0.06s
4.24.2026 20:12:51,T0,T1,4.6ft,0.05s
4.24.2026 20:12:51,T0,T1,4.5ft,0.05s
4.24.2026 20:12:51,T0,T1,4.5ft,0.05s
4.24.2026 20:12:51,T0,T1,4.5ft,0.05s
4.24.2026 20:12:51,T0,T1,4.6ft,0.05s
4.24.2026 20:12:51,T0,T1,4.9ft,0.05s
4.24.2026 20:12:51,T0,T1,5.1ft,0.05s
4.24.2026 20:12:51,T0,T1,5.4ft,0.05s
4.24.2026 20:12:51,T0,T1,5.2ft,0.05s
4.24.2026 20:12:51,T0,T1,5.0ft,0.05s
4.24.2026 20:12:51,T0,T1,4.8ft,0.05s
4.24.2026 20:12:51,T0,T1,5.1ft,0.05s
4.24.2026 20:12:51,T0,T1,4.9ft,0.05s
4.24.2026 20:12:51,T0,T1,4.8ft,0.05s
4.24.2026 20:12:51,T0,T1,4.7ft,0.05s
4.24.2026 20:12:51,T0,T1,4.6ft,0.05s
4.24.2026 20:12:51,T0,T1,4.6ft,0.05s
4.24.2026 20:12:51,T0,T1,4.6ft,0.05s
4.24.2026 20:12:51,T0,T1,4.5ft,0.05s
4.24.2026 20:12:51,T0,T1,4.5ft,0.05s
4.24.2026 20:12:52,T0,T1,4.5ft,0.05s
4.24.2026 20:12:52,T0,T1,4.5ft,0.05s
4.24.2026 20:12:52,T0,T1,4.5ft,0.05s
4.24.2026 20:12:52,T0,T1,4.5ft,0.05s
4.24.2026 20:12:52,T0,T1,4.5ft,0.05s
4.24.2026 20:12:52,T0,T1,4.5ft,0.05s
4.24.2026 20:12:52,T0,T1,4.5ft,0.05s
4.24.2026 20:12:52,T0,T1,4.5ft,0.05s
4.24.2026 20:12:52,T0,T1,4.5ft,0.05s
4.24.2026 20:12:52,T0,T1,4.5ft,0.05s
4.24.2026 20:12:52,T0,T1,4.5ft,0.05s
4.24.2026 20:12:52,T0,T1,4.5ft,0.05s
4.24.2026 20:12:52,T0,T1,4.5ft,0.05s
4.24.2026 20:12:52,T0,T1,4.5ft,0.05s
4.24.2026 20:12:52,T0,T1,4.5ft,0.05s
4.24.2026 20:12:52,T0,T1,4.5ft,0.06s
4.24.2026 20:12:52,T0,T1,4.5ft,0.05s
4.24.2026 20:12:52,T0,T1,4.5ft,0.05s
4.24.2026 20:12:52,T0,T1,4.5ft,0.05s
4.24.2026 20:12:52,T0,T1,4.7ft,0.05s
4.24.2026 20:12:53,T0,T1,4.6ft,0.05s
4.24.2026 20:12:53,T0,T1,4.6ft,0.05s
4.24.2026 20:12:53,T0,T1,4.5ft,0.05s
4.24.2026 20:12:53,T0,T1,4.5ft,0.05s
4.24.2026 20:12:53,T0,T1,4.7ft,0.05s
4.24.2026 20:12:53,T0,T1,4.9ft,0.05s
4.24.2026 20:12:53,T0,T1,4.8ft,0.05s
4.24.2026 20:12:53,T0,T1,4.7ft,0.05s
4.24.2026 20:12:53,T0,T1,4.6ft,0.05s
4.24.2026 20:12:53,T0,T1,4.6ft,0.06s
4.24.2026 20:12:53,T0,T1,4.6ft,0.05s
4.24.2026 20:12:53,T0,T1,4.5ft,0.05s
4.24.2026 20:12:53,T0,T1,4.5ft,0.05s
4.24.2026 20:12:53,T0,T1,4.7ft,0.05s
4.24.2026 20:12:53,T0,T1,4.6ft,0.05s
4.24.2026 20:12:53,T0,T1,4.6ft,0.05s
4.24.2026 20:12:53,T0,T1,4.6ft,0.05s
4.24.2026 20:12:53,T0,T1,4.5ft,0.05s
4.24.2026 20:12:53,T0,T1,4.5ft,0.05s
4.24.2026 20:12:54,T0,T1,4.5ft,0.05s
4.24.2026 20:12:54,T0,T1,4.5ft,0.05s
4.24.2026 20:12:54,T0,T1,4.5ft,0.05s
4.24.2026 20:12:54,T0,T1,4.5ft,0.05s
4.24.2026 20:12:54,T0,T1,4.5ft,0.05s
4.24.2026 20:12:54,T0,T1,4.5ft,0.05s
4.24.2026 20:12:54,T0,T1,4.5ft,0.05s
4.24.2026 20:12:54,T0,T1,4.5ft,0.05s
4.24.2026 20:12:54,T0,T1,4.5ft,0.05s
4.24.2026 20:12:54,T0,T1,4.5ft,0.05s
4.24.2026 20:12:54,T0,T1,4.6ft,0.05s
4.24.2026 20:12:54,T0,T1,4.8ft,0.05s
4.24.2026 20:12:54,T0,T1,4.7ft,0.05s
4.24.2026 20:12:54,T0,T1,4.6ft,0.05s
4.24.2026 20:12:54,T0,T1,4.6ft,0.05s
4.24.2026 20:12:54,T0,T1,4.6ft,0.05s
4.24.2026 20:12:54,T0,T1,4.6ft,0.05s
4.24.2026 20:12:54,T0,T1,4.6ft,0.05s
4.24.2026 20:12:54,T0,T1,4.5ft,0.05s
4.24.2026 20:12:54,T0,T1,4.5ft,0.05s
4.24.2026 20:12:55,T0,T1,4.5ft,0.05s
4.24.2026 20:12:55,T0,T1,4.5ft,0.05s
4.24.2026 20:12:55,T0,T1,4.6ft,0.05s
4.24.2026 20:12:55,T0,T1,4.6ft,0.05s
4.24.2026 20:12:55,T0,T1,4.6ft,0.05s
4.24.2026 20:12:55,T0,T1,4.6ft,0.05s
4.24.2026 20:12:55,T0,T1,4.6ft,0.05s
4.24.2026 20:12:55,T0,T1,4.6ft,0.05s
4.24.2026 20:12:55,T0,T1,4.6ft,0.05s
4.24.2026 20:12:55,T0,T1,4.6ft,0.05s
4.24.2026 20:12:55,T0,T1,4.6ft,0.05s
4.24.2026 20:12:55,T0,T1,4.6ft,0.05s
4.24.2026 20:12:55,T0,T1,4.8ft,0.05s
4.24.2026 20:12:55,T0,T1,5.0ft,0.05s
4.24.2026 20:12:55,T0,T1,4.9ft,0.05s
4.24.2026 20:12:55,T0,T1,4.8ft,0.05s
4.24.2026 20:12:55,T0,T1,4.7ft,0.05s
4.24.2026 20:12:55,T0,T1,4.6ft,0.05s
4.24.2026 20:12:55,T0,T1,4.6ft,0.05s
4.24.2026 20:12:56,T0,T1,4.6ft,0.05s
4.24.2026 20:12:56,T0,T1,4.6ft,0.05s
4.24.2026 20:12:56,T0,T1,4.6ft,0.05s
4.24.2026 20:12:56,T0,T1,4.6ft,0.05s
4.24.2026 20:12:56,T0,T1,4.6ft,0.05s
4.24.2026 20:12:56,T0,T1,4.6ft,0.05s
4.24.2026 20:12:56,T0,T1,4.6ft,0.05s
4.24.2026 20:12:56,T0,T1,4.6ft,0.05s
4.24.2026 20:12:56,T0,T1,4.6ft,0.05s
4.24.2026 20:12:56,T0,T1,4.6ft,0.05s
4.24.2026 20:12:56,T0,T1,4.6ft,0.05s
4.24.2026 20:12:56,T0,T1,4.6ft,0.05s
4.24.2026 20:12:56,T0,T1,4.6ft,0.05s
4.24.2026 20:12:56,T0,T1,4.6ft,0.05s
4.24.2026 20:12:56,T0,T1,4.6ft,0.05s
4.24.2026 20:12:56,T0,T1,4.6ft,0.05s
4.24.2026 20:12:56,T0,T1,4.6ft,0.05s
4.24.2026 20:12:56,T0,T1,4.6ft,0.05s
4.24.2026 20:12:56,T0,T1,4.6ft,0.05s
4.24.2026 20:12:56,T0,T1,4.6ft,0.05s
4.24.2026 20:12:57,T0,T1,4.6ft,0.05s
4.24.2026 20:12:57,T0,T1,4.6ft,0.05s
4.24.2026 20:12:57,T0,T1,4.6ft,0.05s
4.24.2026 20:12:57,T0,T1,4.6ft,0.05s
4.24.2026 20:12:57,T0,T1,4.6ft,0.05s
4.24.2026 20:12:57,T0,T1,4.6ft,0.05s
4.24.2026 20:12:57,T0,T1,4.6ft,0.05s
4.24.2026 20:12:57,T0,T1,4.6ft,0.05s
4.24.2026 20:12:57,T0,T1,4.6ft,0.05s
4.24.2026 20:12:57,T0,T1,4.6ft,0.05s
4.24.2026 20:12:57,T0,T1,4.8ft,0.05s
4.24.2026 20:12:57,T0,T1,4.7ft,0.05s
4.24.2026 20:12:57,T0,T1,4.6ft,0.05s
4.24.2026 20:12:57,T0,T1,4.6ft,0.05s
4.24.2026 20:12:57,T0,T1,4.8ft,0.06s
4.24.2026 20:12:57,T0,T1,5.0ft,0.05s
4.24.2026 20:12:57,T0,T1,4.9ft,0.05s
4.24.2026 20:12:57,T0,T1,4.8ft,0.05s
4.24.2026 20:12:57,T0,T1,4.7ft,0.05s
4.24.2026 20:12:58,T0,T1,4.6ft,0.05s
4.24.2026 20:12:58,T0,T1,4.6ft,0.05s
4.24.2026 20:12:58,T0,T1,4.6ft,0.05s
4.24.2026 20:12:58,T0,T1,4.6ft,0.05s
4.24.2026 20:12:58,T0,T1,4.6ft,0.05s
4.24.2026 20:12:58,T0,T1,4.6ft,0.05s
4.24.2026 20:12:58,T0,T1,4.7ft,0.05s
4.24.2026 20:12:58,T0,T1,4.9ft,0.05s
4.24.2026 20:12:58,T0,T1,4.8ft,0.05s
4.24.2026 20:12:58,T0,T1,5.1ft,0.05s
4.24.2026 20:12:58,T0,T1,5.4ft,0.05s
4.24.2026 20:12:58,T0,T1,5.7ft,0.05s
4.24.2026 20:12:58,T0,T1,5.9ft,0.05s
4.24.2026 20:12:58,T0,T1,5.5ft,0.05s
4.24.2026 20:12:58,T0,T1,5.2ft,0.05s
4.24.2026 20:12:58,T0,T1,5.0ft,0.05s
4.24.2026 20:12:58,T0,T1,4.9ft,0.05s
4.24.2026 20:12:58,T0,T1,4.8ft,0.05s
4.24.2026 20:12:58,T0,T1,4.7ft,0.05s
4.24.2026 20:12:58,T0,T1,4.6ft,0.05s
4.24.2026 20:12:59,T0,T1,4.6ft,0.06s
4.24.2026 20:12:59,T0,T1,4.6ft,0.05s
4.24.2026 20:12:59,T0,T1,4.6ft,0.05s
4.24.2026 20:12:59,T0,T1,4.6ft,0.05s
4.24.2026 20:12:59,T0,T1,4.6ft,0.05s
4.24.2026 20:12:59,T0,T1,4.6ft,0.05s
4.24.2026 20:12:59,T0,T1,4.6ft,0.05s
4.24.2026 20:12:59,T0,T1,4.6ft,0.05s
4.24.2026 20:12:59,T0,T1,4.6ft,0.05s
4.24.2026 20:12:59,T0,T1,4.6ft,0.05s
4.24.2026 20:12:59,T0,T1,4.6ft,0.05s
4.24.2026 20:12:59,T0,T1,4.6ft,0.05s
4.24.2026 20:12:59,T0,T1,4.6ft,0.05s
4.24.2026 20:12:59,T0,T1,4.6ft,0.05s
4.24.2026 20:12:59,T0,T1,4.6ft,0.05s
4.24.2026 20:12:59,T0,T1,4.6ft,0.05s
4.24.2026 20:12:59,T0,T1,4.6ft,0.05s
4.24.2026 20:12:59,T0,T1,4.6ft,0.05s
4.24.2026 20:12:59,T0,T1,4.6ft,0.05s
4.24.2026 20:13:00,T0,T1,4.6ft,0.05s
4.24.2026 20:13:00,T0,T1,4.6ft,0.05s
4.24.2026 20:13:00,T0,T1,4.6ft,0.05s
4.24.2026 20:13:00,T0,T1,4.6ft,0.05s
4.24.2026 20:13:00,T0,T1,4.6ft,0.05s
4.24.2026 20:13:00,T0,T1,4.6ft,0.05s
4.24.2026 20:13:00,T0,T1,4.6ft,0.05s
4.24.2026 20:13:00,T0,T1,4.6ft,0.05s
4.24.2026 20:13:00,T0,T1,4.6ft,0.05s
4.24.2026 20:13:00,T0,T1,4.6ft,0.05s
4.24.2026 20:13:00,T0,T1,4.6ft,0.05s
4.24.2026 20:13:00,T0,T1,4.6ft,0.05s
4.24.2026 20:13:00,T0,T1,4.6ft,0.05s
4.24.2026 20:13:00,T0,T1,4.6ft,0.05s
4.24.2026 20:13:00,T0,T1,4.6ft,0.05s
4.24.2026 20:13:00,T0,T1,4.6ft,0.05s
4.24.2026 20:13:00,T0,T1,4.6ft,0.05s
4.24.2026 20:13:00,T0,T1,4.6ft,0.05s
4.24.2026 20:13:00,T0,T1,4.6ft,0.05s
4.24.2026 20:13:00,T0,T1,4.6ft,0.05s
4.24.2026 20:13:01,T0,T1,4.7ft,0.05s
4.24.2026 20:13:01,T0,T1,5.0ft,0.05s
4.24.2026 20:13:01,T0,T1,5.3ft,0.05s
4.24.2026 20:13:01,T0,T1,5.0ft,0.05s
4.24.2026 20:13:01,T0,T1,4.9ft,0.05s
4.24.2026 20:13:01,T0,T1,5.2ft,0.05s
4.24.2026 20:13:01,T0,T1,5.0ft,0.05s
4.24.2026 20:13:01,T0,T1,4.8ft,0.05s
4.24.2026 20:13:01,T0,T1,4.7ft,0.05s
4.24.2026 20:13:01,T0,T1,4.6ft,0.05s
4.24.2026 20:13:01,T0,T1,4.6ft,0.05s
4.24.2026 20:13:01,T0,T1,4.6ft,0.05s
4.24.2026 20:13:01,T0,T1,4.6ft,0.05s
4.24.2026 20:13:01,T0,T1,4.5ft,0.05s
4.24.2026 20:13:01,T0,T1,4.5ft,0.05s
4.24.2026 20:13:01,T0,T1,4.5ft,0.05s
4.24.2026 20:13:01,T0,T1,4.5ft,0.05s
4.24.2026 20:13:01,T0,T1,4.5ft,0.05s
4.24.2026 20:13:01,T0,T1,4.5ft,0.05s
4.24.2026 20:13:01,T0,T1,4.5ft,0.06s
4.24.2026 20:13:02,T0,T1,4.5ft,0.05s
4.24.2026 20:13:02,T0,T1,4.5ft,0.05s
4.24.2026 20:13:02,T0,T1,4.5ft,0.05s
4.24.2026 20:13:02,T0,T1,4.6ft,0.05s
4.24.2026 20:13:02,T0,T1,4.6ft,0.05s
4.24.2026 20:13:02,T0,T1,4.5ft,0.05s
4.24.2026 20:13:02,T0,T1,4.5ft,0.05s
4.24.2026 20:13:02,T0,T1,4.5ft,0.05s
4.24.2026 20:13:02,T0,T1,4.5ft,0.05s
4.24.2026 20:13:02,T0,T1,4.5ft,0.05s
4.24.2026 20:13:02,T0,T1,4.6ft,0.05s
4.24.2026 20:13:02,T0,T1,4.6ft,0.05s
4.24.2026 20:13:02,T0,T1,4.6ft,0.05s
4.24.2026 20:13:02,T0,T1,4.7ft,0.05s
4.24.2026 20:13:02,T0,T1,5.0ft,0.05s
4.24.2026 20:13:02,T0,T1,4.8ft,0.05s
4.24.2026 20:13:02,T0,T1,4.7ft,0.05s
4.24.2026 20:13:02,T0,T1,4.7ft,0.05s
4.24.2026 20:13:02,T0,T1,4.6ft,0.05s
4.24.2026 20:13:03,T0,T1,4.6ft,0.05s
4.24.2026 20:13:03,T0,T1,4.6ft,0.05s
4.24.2026 20:13:03,T0,T1,4.5ft,0.05s
4.24.2026 20:13:03,T0,T1,4.5ft,0.05s
4.24.2026 20:13:03,T0,T1,4.5ft,0.05s
4.24.2026 20:13:03,T0,T1,4.5ft,0.05s
4.24.2026 20:13:03,T0,T1,4.5ft,0.05s
4.24.2026 20:13:03,T0,T1,4.5ft,0.05s
4.24.2026 20:13:03,T0,T1,4.5ft,0.05s
4.24.2026 20:13:03,T0,T1,4.5ft,0.05s
4.24.2026 20:13:03,T0,T1,4.6ft,0.05s
4.24.2026 20:13:03,T0,T1,4.8ft,0.05s
4.24.2026 20:13:03,T0,T1,4.7ft,0.05s
4.24.2026 20:13:03,T0,T1,4.9ft,0.05s
4.24.2026 20:13:03,T0,T1,5.2ft,0.05s
4.24.2026 20:13:03,T0,T1,5.5ft,0.05s
4.24.2026 20:13:03,T0,T1,5.8ft,0.05s
4.24.2026 20:13:03,T0,T1,5.4ft,0.05s
4.24.2026 20:13:03,T0,T1,5.2ft,0.05s
4.24.2026 20:13:03,T0,T1,5.0ft,0.06s
4.24.2026 20:13:04,T0,T1,5.3ft,0.05s
4.24.2026 20:13:04,T0,T1,5.5ft,0.05s
4.24.2026 20:13:04,T0,T1,5.2ft,0.05s
4.24.2026 20:13:04,T0,T1,5.0ft,0.05s
4.24.2026 20:13:04,T0,T1,4.9ft,0.05s
4.24.2026 20:13:04,T0,T1,4.8ft,0.05s
4.24.2026 20:13:04,T0,T1,5.0ft,0.05s
4.24.2026 20:13:04,T0,T1,4.9ft,0.05s
4.24.2026 20:13:04,T0,T1,4.7ft,0.05s
4.24.2026 20:13:04,T0,T1,4.7ft,0.05s
4.24.2026 20:13:04,T0,T1,4.6ft,0.05s
4.24.2026 20:13:04,T0,T1,4.6ft,0.05s
4.24.2026 20:13:04,T0,T1,4.6ft,0.05s
4.24.2026 20:13:04,T0,T1,4.6ft,0.05s
4.24.2026 20:13:04,T0,T1,4.5ft,0.05s
4.24.2026 20:13:04,T0,T1,4.5ft,0.05s
4.24.2026 20:13:04,T0,T1,4.5ft,0.05s
4.24.2026 20:13:04,T0,T1,4.5ft,0.05s
4.24.2026 20:13:04,T0,T1,4.6ft,0.05s
4.24.2026 20:13:05,T0,T1,4.8ft,0.05s
4.24.2026 20:13:05,T0,T1,5.1ft,0.05s
4.24.2026 20:13:05,T0,T1,5.4ft,0.05s
4.24.2026 20:13:05,T0,T1,5.7ft,0.05s
4.24.2026 20:13:05,T0,T1,6.0ft,0.05s
4.24.2026 20:13:05,T0,T1,5.6ft,0.05s
4.24.2026 20:13:05,T0,T1,5.3ft,0.05s
4.24.2026 20:13:05,T0,T1,5.0ft,0.05s
4.24.2026 20:13:05,T0,T1,4.9ft,0.05s
4.24.2026 20:13:05,T0,T1,4.8ft,0.05s
4.24.2026 20:13:05,T0,T1,4.7ft,0.05s
4.24.2026 20:13:05,T0,T1,4.6ft,0.05s
4.24.2026 20:13:05,T0,T1,4.6ft,0.05s
4.24.2026 20:13:05,T0,T1,4.8ft,0.05s
4.24.2026 20:13:05,T0,T1,5.1ft,0.05s
4.24.2026 20:13:05,T0,T1,4.9ft,0.05s
4.24.2026 20:13:05,T0,T1,4.8ft,0.05s
4.24.2026 20:13:05,T0,T1,4.7ft,0.05s
4.24.2026 20:13:05,T0,T1,4.7ft,0.05s
4.24.2026 20:13:05,T0,T1,4.6ft,0.05s
4.24.2026 20:13:06,T0,T1,4.6ft,0.05s
4.24.2026 20:13:06,T0,T1,4.6ft,0.05s
4.24.2026 20:13:06,T0,T1,4.6ft,0.05s
4.24.2026 20:13:06,T0,T1,4.6ft,0.05s
4.24.2026 20:13:06,T0,T1,4.6ft,0.05s
4.24.2026 20:13:06,T0,T1,4.6ft,0.05s
4.24.2026 20:13:06,T0,T1,4.6ft,0.05s
4.24.2026 20:13:06,T0,T1,4.6ft,0.05s
4.24.2026 20:13:06,T0,T1,4.6ft,0.05s
4.24.2026 20:13:06,T0,T1,4.5ft,0.05s
4.24.2026 20:13:06,T0,T1,4.5ft,0.05s
4.24.2026 20:13:06,T0,T1,4.5ft,0.05s
4.24.2026 20:13:06,T0,T1,4.5ft,0.05s
4.24.2026 20:13:06,T0,T1,4.5ft,0.05s
4.24.2026 20:13:06,T0,T1,4.5ft,0.05s
4.24.2026 20:13:06,T0,T1,4.6ft,0.05s
4.24.2026 20:13:06,T0,T1,4.6ft,0.05s
4.24.2026 20:13:06,T0,T1,4.6ft,0.05s
4.24.2026 20:13:06,T0,T1,4.6ft,0.05s
4.24.2026 20:13:07,T0,T1,4.5ft,0.05s
4.24.2026 20:13:07,T0,T1,4.5ft,0.05s
4.24.2026 20:13:07,T0,T1,4.5ft,0.05s
4.24.2026 20:13:07,T0,T1,4.6ft,0.05s
4.24.2026 20:13:07,T0,T1,4.6ft,0.05s
4.24.2026 20:13:07,T0,T1,4.6ft,0.05s
4.24.2026 20:13:07,T0,T1,4.6ft,0.05s
4.24.2026 20:13:07,T0,T1,4.6ft,0.05s
4.24.2026 20:13:07,T0,T1,4.6ft,0.05s
4.24.2026 20:13:07,T0,T1,4.6ft,0.05s
4.24.2026 20:13:07,T0,T1,4.6ft,0.05s
4.24.2026 20:13:07,T0,T1,4.6ft,0.05s
4.24.2026 20:13:07,T0,T1,4.6ft,0.05s
4.24.2026 20:13:07,T0,T1,4.6ft,0.05s
4.24.2026 20:13:07,T0,T1,4.6ft,0.05s
4.24.2026 20:13:07,T0,T1,4.6ft,0.05s
4.24.2026 20:13:07,T0,T1,4.6ft,0.05s
4.24.2026 20:13:07,T0,T1,4.6ft,0.05s
4.24.2026 20:13:07,T0,T1,4.6ft,0.05s
4.24.2026 20:13:07,T0,T1,4.6ft,0.05s
4.24.2026 20:13:08,T0,T1,4.6ft,0.05s
4.24.2026 20:13:08,T0,T1,4.6ft,0.05s
4.24.2026 20:13:08,T0,T1,4.6ft,0.05s
4.24.2026 20:13:08,T0,T1,4.6ft,0.05s
4.24.2026 20:13:08,T0,T1,4.6ft,0.05s
4.24.2026 20:13:08,T0,T1,4.6ft,0.05s
4.24.2026 20:13:08,T0,T1,4.6ft,0.05s
4.24.2026 20:13:08,T0,T1,4.6ft,0.05s
4.24.2026 20:13:08,T0,T1,4.6ft,0.05s
4.24.2026 20:13:08,T0,T1,4.6ft,0.05s
4.24.2026 20:13:08,T0,T1,4.6ft,0.05s
4.24.2026 20:13:08,T0,T1,4.6ft,0.05s
4.24.2026 20:13:08,T0,T1,4.6ft,0.05s
4.24.2026 20:13:08,T0,T1,4.6ft,0.06s
4.24.2026 20:13:08,T0,T1,4.6ft,0.05s
4.24.2026 20:13:08,T0,T1,4.6ft,0.05s
4.24.2026 20:13:08,T0,T1,4.6ft,0.05s
4.24.2026 20:13:08,T0,T1,4.6ft,0.05s
4.24.2026 20:13:08,T0,T1,4.6ft,0.05s
4.24.2026 20:13:09,T0,T1,4.6ft,0.05s
4.24.2026 20:13:09,T0,T1,4.6ft,0.05s
4.24.2026 20:13:09,T0,T1,4.5ft,0.05s
4.24.2026 20:13:09,T0,T1,4.5ft,0.05s
4.24.2026 20:13:09,T0,T1,4.5ft,0.05s
4.24.2026 20:13:09,T0,T1,4.5ft,0.05s
4.24.2026 20:13:09,T0,T1,4.5ft,0.05s
4.24.2026 20:13:09,T0,T1,4.5ft,0.05s
4.24.2026 20:13:09,T0,T1,4.5ft,0.05s
4.24.2026 20:13:09,T0,T1,4.5ft,0.05s
4.24.2026 20:13:09,T0,T1,4.5ft,0.05s
4.24.2026 20:13:09,T0,T1,4.5ft,0.05s
4.24.2026 20:13:09,T0,T1,4.6ft,0.05s
4.24.2026 20:13:09,T0,T1,4.6ft,0.06s
4.24.2026 20:13:09,T0,T1,4.6ft,0.05s
4.24.2026 20:13:09,T0,T1,4.6ft,0.05s
4.24.2026 20:13:09,T0,T1,4.6ft,0.05s
4.24.2026 20:13:09,T0,T1,4.6ft,0.05s
4.24.2026 20:13:09,T0,T1,4.6ft,0.05s
4.24.2026 20:13:09,T0,T1,4.6ft,0.05s
4.24.2026 20:13:10,T0,T1,4.6ft,0.05s
4.24.2026 20:13:10,T0,T1,4.6ft,0.05s
4.24.2026 20:13:10,T0,T1,4.6ft,0.05s
4.24.2026 20:13:10,T0,T1,4.6ft,0.05s
4.24.2026 20:13:10,T0,T1,4.6ft,0.05s
4.24.2026 20:13:10,T0,T1,4.6ft,0.05s
4.24.2026 20:13:10,T0,T1,4.8ft,0.05s
4.24.2026 20:13:10,T0,T1,5.1ft,0.05s
4.24.2026 20:13:10,T0,T1,5.3ft,0.05s
4.24.2026 20:13:10,T0,T1,5.6ft,0.05s
4.24.2026 20:13:10,T0,T1,5.3ft,0.05s
4.24.2026 20:13:10,T0,T1,5.1ft,0.05s
4.24.2026 20:13:10,T0,T1,4.9ft,0.05s
4.24.2026 20:13:10,T0,T1,4.8ft,0.05s
4.24.2026 20:13:10,T0,T1,4.7ft,0.05s
4.24.2026 20:13:10,T0,T1,4.7ft,0.05s
4.24.2026 20:13:10,T0,T1,4.6ft,0.05s
4.24.2026 20:13:10,T0,T1,4.6ft,0.05s
4.24.2026 20:13:10,T0,T1,4.6ft,0.05s
4.24.2026 20:13:11,T0,T1,4.6ft,0.05s
4.24.2026 20:13:11,T0,T1,4.6ft,0.05s
4.24.2026 20:13:11,T0,T1,4.6ft,0.05s
4.24.2026 20:13:11,T0,T1,4.6ft,0.05s
4.24.2026 20:13:11,T0,T1,4.6ft,0.05s
4.24.2026 20:13:11,T0,T1,4.6ft,0.05s
4.24.2026 20:13:11,T0,T1,4.6ft,0.05s
4.24.2026 20:13:11,T0,T1,4.6ft,0.05s
4.24.2026 20:13:11,T0,T1,4.5ft,0.05s
4.24.2026 20:13:11,T0,T1,4.5ft,0.05s
4.24.2026 20:13:11,T0,T1,4.5ft,0.06s
4.24.2026 20:13:11,T0,T1,4.5ft,0.05s
4.24.2026 20:13:11,T0,T1,4.5ft,0.05s
4.24.2026 20:13:11,T0,T1,4.5ft,0.06s
4.24.2026 20:13:11,T0,T1,4.5ft,0.05s
4.24.2026 20:13:11,T0,T1,4.5ft,0.05s
4.24.2026 20:13:11,T0,T1,4.5ft,0.05s
4.24.2026 20:13:11,T0,T1,4.5ft,0.05s
4.24.2026 20:13:11,T0,T1,4.6ft,0.05s
4.24.2026 20:13:11,T0,T1,4.7ft,0.05s
4.24.2026 20:13:12,T0,T1,5.0ft,0.05s
4.24.2026 20:13:12,T0,T1,5.3ft,0.05s
4.24.2026 20:13:12,T0,T1,5.1ft,0.05s
4.24.2026 20:13:12,T0,T1,4.9ft,0.05s
4.24.2026 20:13:12,T0,T1,4.8ft,0.05s
4.24.2026 20:13:12,T0,T1,4.7ft,0.05s
4.24.2026 20:13:12,T0,T1,4.6ft,0.05s
4.24.2026 20:13:12,T0,T1,4.6ft,0.05s
4.24.2026 20:13:12,T0,T1,4.5ft,0.05s
4.24.2026 20:13:12,T0,T1,4.5ft,0.05s
4.24.2026 20:13:12,T0,T1,4.5ft,0.05s
4.24.2026 20:13:12,T0,T1,4.5ft,0.05s
4.24.2026 20:13:12,T0,T1,4.5ft,0.05s
4.24.2026 20:13:12,T0,T1,4.5ft,0.05s
4.24.2026 20:13:12,T0,T1,4.5ft,0.09s
4.24.2026 20:13:12,T0,T1,4.5ft,0.05s
4.24.2026 20:13:12,T0,T1,4.6ft,0.05s
4.24.2026 20:13:12,T0,T1,4.8ft,0.05s
4.24.2026 20:13:12,T0,T1,4.7ft,0.05s
4.24.2026 20:13:13,T0,T1,4.6ft,0.05s
4.24.2026 20:13:13,T0,T1,4.6ft,0.05s
4.24.2026 20:13:13,T0,T1,4.6ft,0.05s
4.24.2026 20:13:13,T0,T1,4.5ft,0.06s
4.24.2026 20:13:13,T0,T1,4.5ft,0.05s
4.24.2026 20:13:13,T0,T1,4.5ft,0.05s
4.24.2026 20:13:13,T0,T1,4.5ft,0.05s
4.24.2026 20:13:13,T0,T1,4.6ft,0.05s
4.24.2026 20:13:13,T0,T1,4.9ft,0.05s
4.24.2026 20:13:13,T0,T1,5.1ft,0.05s
4.24.2026 20:13:13,T0,T1,4.9ft,0.05s
4.24.2026 20:13:13,T0,T1,4.8ft,0.05s
4.24.2026 20:13:13,T0,T1,4.7ft,0.05s
4.24.2026 20:13:13,T0,T1,4.6ft,0.05s
4.24.2026 20:13:13,T0,T1,4.6ft,0.05s
4.24.2026 20:13:13,T0,T1,4.6ft,0.05s
4.24.2026 20:13:13,T0,T1,4.5ft,0.05s
4.24.2026 20:13:13,T0,T1,4.5ft,0.05s
4.24.2026 20:13:13,T0,T1,4.5ft,0.05s
4.24.2026 20:13:14,T0,T1,4.5ft,0.05s
4.24.2026 20:13:14,T0,T1,4.5ft,0.05s
4.24.2026 20:13:14,T0,T1,4.5ft,0.05s
4.24.2026 20:13:14,T0,T1,4.5ft,0.05s
4.24.2026 20:13:14,T0,T1,4.5ft,0.05s
4.24.2026 20:13:14,T0,T1,4.5ft,0.05s
4.24.2026 20:13:14,T0,T1,4.5ft,0.05s
4.24.2026 20:13:14,T0,T1,4.5ft,0.05s
4.24.2026 20:13:14,T0,T1,4.5ft,0.05s
4.24.2026 20:13:14,T0,T1,4.5ft,0.06s
4.24.2026 20:13:14,T0,T1,4.5ft,0.05s
4.24.2026 20:13:14,T0,T1,4.5ft,0.05s
4.24.2026 20:13:14,T0,T1,4.5ft,0.05s
4.24.2026 20:13:14,T0,T1,4.5ft,0.05s
4.24.2026 20:13:14,T0,T1,4.5ft,0.05s
4.24.2026 20:13:14,T0,T1,4.5ft,0.05s
4.24.2026 20:13:14,T0,T1,4.6ft,0.05s
4.24.2026 20:13:14,T0,T1,4.7ft,0.05s
4.24.2026 20:13:14,T0,T1,5.0ft,0.05s
4.24.2026 20:13:14,T0,T1,4.8ft,0.05s
4.24.2026 20:13:15,T0,T1,4.7ft,0.06s
4.24.2026 20:13:15,T0,T1,4.7ft,0.05s
4.24.2026 20:13:15,T0,T1,4.6ft,0.05s
4.24.2026 20:13:15,T0,T1,4.6ft,0.05s
4.24.2026 20:13:15,T0,T1,4.5ft,0.05s
4.24.2026 20:13:15,T0,T1,4.5ft,0.05s
4.24.2026 20:13:15,T0,T1,4.5ft,0.05s
4.24.2026 20:13:15,T0,T1,4.5ft,0.05s
4.24.2026 20:13:15,T0,T1,4.5ft,0.05s
4.24.2026 20:13:15,T0,T1,4.5ft,0.05s
4.24.2026 20:13:15,T0,T1,4.5ft,0.05s
4.24.2026 20:13:15,T0,T1,4.5ft,0.05s
4.24.2026 20:13:15,T0,T1,4.5ft,0.05s
4.24.2026 20:13:15,T0,T1,4.5ft,0.05s
4.24.2026 20:13:15,T0,T1,4.5ft,0.05s
4.24.2026 20:13:15,T0,T1,4.5ft,0.05s
4.24.2026 20:13:15,T0,T1,4.5ft,0.05s
4.24.2026 20:13:15,T0,T1,4.5ft,0.05s
4.24.2026 20:13:15,T0,T1,4.5ft,0.05s
4.24.2026 20:13:16,T0,T1,4.5ft,0.05s
4.24.2026 20:13:16,T0,T1,4.5ft,0.05s
4.24.2026 20:13:16,T0,T1,4.6ft,0.05s
4.24.2026 20:13:16,T0,T1,4.8ft,0.05s
4.24.2026 20:13:16,T0,T1,4.7ft,0.05s
4.24.2026 20:13:16,T0,T1,4.6ft,0.05s
4.24.2026 20:13:16,T0,T1,4.9ft,0.05s
4.24.2026 20:13:16,T0,T1,5.1ft,0.05s
4.24.2026 20:13:16,T0,T1,4.9ft,0.05s
4.24.2026 20:13:16,T0,T1,5.2ft,0.05s
4.24.2026 20:13:16,T0,T1,5.5ft,0.05s
4.24.2026 20:13:16,T0,T1,5.2ft,0.05s
4.24.2026 20:13:16,T0,T1,5.0ft,0.05s
4.24.2026 20:13:16,T0,T1,4.9ft,0.05s
4.24.2026 20:13:16,T0,T1,4.8ft,0.05s
4.24.2026 20:13:16,T0,T1,4.7ft,0.05s
4.24.2026 20:13:16,T0,T1,4.6ft,0.05s
4.24.2026 20:13:16,T0,T1,4.6ft,0.05s
4.24.2026 20:13:16,T0,T1,4.6ft,0.05s
4.24.2026 20:13:16,T0,T1,4.6ft,0.07s
4.24.2026 20:13:17,T0,T1,4.6ft,0.05s
4.24.2026 20:13:17,T0,T1,4.6ft,0.05s
4.24.2026 20:13:17,T0,T1,4.6ft,0.05s
4.24.2026 20:13:17,T0,T1,4.6ft,0.05s
4.24.2026 20:13:17,T0,T1,4.6ft,0.05s
4.24.2026 20:13:17,T0,T1,4.6ft,0.05s
4.24.2026 20:13:17,T0,T1,4.6ft,0.06s
4.24.2026 20:13:17,T0,T1,4.6ft,0.05s
4.24.2026 20:13:17,T0,T1,4.6ft,0.05s
4.24.2026 20:13:17,T0,T1,4.6ft,0.05s
4.24.2026 20:13:17,T0,T1,4.6ft,0.05s
4.24.2026 20:13:17,T0,T1,4.6ft,0.05s
4.24.2026 20:13:17,T0,T1,4.6ft,0.05s
4.24.2026 20:13:17,T0,T1,4.7ft,0.05s
4.24.2026 20:13:17,T0,T1,5.0ft,0.05s
4.24.2026 20:13:17,T0,T1,5.3ft,0.05s
4.24.2026 20:13:17,T0,T1,5.1ft,0.05s
4.24.2026 20:13:17,T0,T1,4.9ft,0.05s
4.24.2026 20:13:17,T0,T1,4.8ft,0.05s
4.24.2026 20:13:18,T0,T1,4.7ft,0.05s
4.24.2026 20:13:18,T0,T1,4.6ft,0.05s
4.24.2026 20:13:18,T0,T1,4.6ft,0.05s
4.24.2026 20:13:18,T0,T1,4.6ft,0.05s
4.24.2026 20:13:18,T0,T1,4.5ft,0.05s
4.24.2026 20:13:18,T0,T1,4.5ft,0.05s
4.24.2026 20:13:18,T0,T1,4.5ft,0.05s
4.24.2026 20:13:18,T0,T1,4.5ft,0.05s
4.24.2026 20:13:18,T0,T1,4.5ft,0.05s
4.24.2026 20:13:18,T0,T1,4.5ft,0.05s
4.24.2026 20:13:18,T0,T1,4.5ft,0.05s
4.24.2026 20:13:18,T0,T1,4.5ft,0.05s
4.24.2026 20:13:18,T0,T1,4.5ft,0.05s
4.24.2026 20:13:18,T0,T1,4.5ft,0.05s
4.24.2026 20:13:18,T0,T1,4.5ft,0.05s
4.24.2026 20:13:18,T0,T1,4.6ft,0.05s
4.24.2026 20:13:18,T0,T1,4.6ft,0.05s
4.24.2026 20:13:18,T0,T1,4.6ft,0.05s
4.24.2026 20:13:18,T0,T1,4.6ft,0.05s
4.24.2026 20:13:18,T0,T1,4.6ft,0.05s
4.24.2026 20:13:19,T0,T1,4.6ft,0.05s
4.24.2026 20:13:19,T0,T1,4.6ft,0.05s
4.24.2026 20:13:19,T0,T1,4.6ft,0.05s
4.24.2026 20:13:19,T0,T1,4.6ft,0.05s
4.24.2026 20:13:19,T0,T1,4.6ft,0.05s
4.24.2026 20:13:19,T0,T1,4.7ft,0.05s
4.24.2026 20:13:19,T0,T1,4.7ft,0.05s
4.24.2026 20:13:19,T0,T1,4.6ft,0.05s
4.24.2026 20:13:19,T0,T1,4.6ft,0.05s
4.24.2026 20:13:19,T0,T1,4.6ft,0.05s
4.24.2026 20:13:19,T0,T1,4.6ft,0.05s
4.24.2026 20:13:19,T0,T1,4.6ft,0.05s
4.24.2026 20:13:19,T0,T1,4.6ft,0.05s
4.24.2026 20:13:19,T0,T1,4.6ft,0.05s
4.24.2026 20:13:19,T0,T1,4.6ft,0.06s
4.24.2026 20:13:19,T0,T1,4.6ft,0.05s
4.24.2026 20:13:19,T0,T1,4.6ft,0.05s
4.24.2026 20:13:19,T0,T1,4.6ft,0.05s
4.24.2026 20:13:19,T0,T1,4.6ft,0.05s
4.24.2026 20:13:20,T0,T1,4.6ft,0.05s
4.24.2026 20:13:20,T0,T1,4.6ft,0.05s
4.24.2026 20:13:20,T0,T1,4.6ft,0.05s
4.24.2026 20:13:20,T0,T1,4.6ft,0.05s
4.24.2026 20:13:20,T0,T1,4.6ft,0.05s
4.24.2026 20:13:20,T0,T1,4.6ft,0.05s
4.24.2026 20:13:20,T0,T1,4.6ft,0.05s
4.24.2026 20:13:20,T0,T1,4.6ft,0.05s
4.24.2026 20:13:20,T0,T1,4.6ft,0.05s
4.24.2026 20:13:20,T0,T1,4.6ft,0.05s
4.24.2026 20:13:20,T0,T1,4.6ft,0.05s
4.24.2026 20:13:20,T0,T1,4.6ft,0.05s
4.24.2026 20:13:20,T0,T1,4.6ft,0.05s
4.24.2026 20:13:20,T0,T1,4.6ft,0.05s
4.24.2026 20:13:20,T0,T1,4.6ft,0.05s
4.24.2026 20:13:20,T0,T1,4.6ft,0.05s
4.24.2026 20:13:20,T0,T1,4.6ft,0.05s
4.24.2026 20:13:20,T0,T1,4.6ft,0.05s
4.24.2026 20:13:20,T0,T1,4.6ft,0.05s
4.24.2026 20:13:20,T0,T1,4.6ft,0.05s
4.24.2026 20:13:21,T0,T1,4.8ft,0.06s
4.24.2026 20:13:21,T0,T1,5.1ft,0.05s
4.24.2026 20:13:21,T0,T1,4.9ft,0.05s
4.24.2026 20:13:21,T0,T1,4.8ft,0.05s
4.24.2026 20:13:21,T0,T1,4.7ft,0.05s
4.24.2026 20:13:21,T0,T1,4.6ft,0.05s
4.24.2026 20:13:21,T0,T1,4.6ft,0.05s
4.24.2026 20:13:21,T0,T1,4.6ft,0.05s
4.24.2026 20:13:21,T0,T1,4.5ft,0.05s
4.24.2026 20:13:21,T0,T1,4.5ft,0.05s
4.24.2026 20:13:21,T0,T1,4.5ft,0.05s
4.24.2026 20:13:21,T0,T1,4.5ft,0.05s
4.24.2026 20:13:21,T0,T1,4.5ft,0.05s
4.24.2026 20:13:21,T0,T1,4.5ft,0.05s
4.24.2026 20:13:21,T0,T1,4.5ft,0.05s
4.24.2026 20:13:21,T0,T1,4.5ft,0.05s
4.24.2026 20:13:21,T0,T1,4.5ft,0.05s
4.24.2026 20:13:21,T0,T1,4.5ft,0.05s
4.24.2026 20:13:21,T0,T1,4.5ft,0.05s
4.24.2026 20:13:22,T0,T1,4.5ft,0.05s
4.24.2026 20:13:22,T0,T1,4.5ft,0.05s
4.24.2026 20:13:22,T0,T1,4.6ft,0.05s
4.24.2026 20:13:22,T0,T1,4.6ft,0.05s
4.24.2026 20:13:22,T0,T1,4.6ft,0.05s
4.24.2026 20:13:22,T0,T1,4.6ft,0.05s
4.24.2026 20:13:22,T0,T1,4.6ft,0.05s
4.24.2026 20:13:22,T0,T1,4.6ft,0.05s
4.24.2026 20:13:22,T0,T1,4.6ft,0.05s
4.24.2026 20:13:22,T0,T1,4.6ft,0.05s
4.24.2026 20:13:22,T0,T1,4.6ft,0.05s
4.24.2026 20:13:22,T0,T1,4.6ft,0.05s
4.24.2026 20:13:22,T0,T1,4.6ft,0.05s
4.24.2026 20:13:22,T0,T1,4.6ft,0.05s
4.24.2026 20:13:22,T0,T1,4.6ft,0.05s
4.24.2026 20:13:22,T0,T1,4.6ft,0.05s
4.24.2026 20:13:22,T0,T1,4.6ft,0.05s
4.24.2026 20:13:22,T0,T1,4.6ft,0.05s
4.24.2026 20:13:22,T0,T1,4.6ft,0.05s
4.24.2026 20:13:22,T0,T1,4.6ft,0.05s
4.24.2026 20:13:23,T0,T1,4.6ft,0.05s
4.24.2026 20:13:23,T0,T1,4.6ft,0.05s
4.24.2026 20:13:23,T0,T1,4.6ft,0.05s
4.24.2026 20:13:23,T0,T1,4.6ft,0.05s
4.24.2026 20:13:23,T0,T1,4.6ft,0.05s
4.24.2026 20:13:23,T0,T1,4.6ft,0.05s
4.24.2026 20:13:23,T0,T1,4.6ft,0.05s
4.24.2026 20:13:23,T0,T1,4.6ft,0.05s
4.24.2026 20:13:23,T0,T1,4.6ft,0.05s
4.24.2026 20:13:23,T0,T1,4.5ft,0.05s
4.24.2026 20:13:23,T0,T1,4.5ft,0.05s
4.24.2026 20:13:23,T0,T1,4.5ft,0.05s
4.24.2026 20:13:23,T0,T1,4.5ft,0.05s
4.24.2026 20:13:23,T0,T1,4.5ft,0.05s
4.24.2026 20:13:23,T0,T1,4.5ft,0.05s
4.24.2026 20:13:23,T0,T1,4.5ft,0.05s
4.24.2026 20:13:23,T0,T1,4.6ft,0.05s
4.24.2026 20:13:23,T0,T1,4.6ft,0.05s
4.24.2026 20:13:23,T0,T1,4.6ft,0.05s
4.24.2026 20:13:23,T0,T1,4.6ft,0.06s
4.24.2026 20:13:24,T0,T1,4.6ft,0.05s
4.24.2026 20:13:24,T0,T1,4.6ft,0.05s
4.24.2026 20:13:24,T0,T1,4.6ft,0.05s
4.24.2026 20:13:24,T0,T1,4.6ft,0.05s
4.24.2026 20:13:24,T0,T1,4.6ft,0.05s
4.24.2026 20:13:24,T0,T1,4.6ft,0.05s
4.24.2026 20:13:24,T0,T1,4.7ft,0.05s
4.24.2026 20:13:24,T0,T1,4.6ft,0.05s
4.24.2026 20:13:24,T0,T1,4.6ft,0.05s
4.24.2026 20:13:24,T0,T1,4.6ft,0.05s
4.24.2026 20:13:24,T0,T1,4.6ft,0.05s
4.24.2026 20:13:24,T0,T1,4.6ft,0.05s
4.24.2026 20:13:24,T0,T1,4.6ft,0.05s
4.24.2026 20:13:24,T0,T1,4.6ft,0.05s
4.24.2026 20:13:24,T0,T1,4.6ft,0.05s
4.24.2026 20:13:24,T0,T1,4.6ft,0.05s
4.24.2026 20:13:24,T0,T1,4.6ft,0.05s
4.24.2026 20:13:24,T0,T1,4.8ft,0.05s
4.24.2026 20:13:24,T0,T1,5.1ft,0.05s
4.24.2026 20:13:25,T0,T1,5.4ft,0.05s
4.24.2026 20:13:25,T0,T1,5.1ft,0.05s
4.24.2026 20:13:25,T0,T1,5.0ft,0.05s
4.24.2026 20:13:25,T0,T1,4.8ft,0.05s
4.24.2026 20:13:25,T0,T1,4.7ft,0.05s
4.24.2026 20:13:25,T0,T1,4.7ft,0.05s
4.24.2026 20:13:25,T0,T1,4.6ft,0.05s
4.24.2026 20:13:25,T0,T1,4.6ft,0.05s
4.24.2026 20:13:25,T0,T1,4.6ft,0.05s
4.24.2026 20:13:25,T0,T1,4.5ft,0.05s
4.24.2026 20:13:25,T0,T1,4.5ft,0.05s
4.24.2026 20:13:25,T0,T1,4.5ft,0.05s
4.24.2026 20:13:25,T0,T1,4.5ft,0.05s
4.24.2026 20:13:25,T0,T1,4.5ft,0.05s
4.24.2026 20:13:25,T0,T1,4.5ft,0.05s
4.24.2026 20:13:25,T0,T1,4.5ft,0.05s
4.24.2026 20:13:25,T0,T1,4.5ft,0.05s
4.24.2026 20:13:25,T0,T1,4.5ft,0.05s
4.24.2026 20:13:25,T0,T1,4.5ft,0.05s
4.24.2026 20:13:25,T0,T1,4.5ft,0.05s
4.24.2026 20:13:26,T0,T1,4.5ft,0.05s
4.24.2026 20:13:26,T0,T1,4.5ft,0.05s
4.24.2026 20:13:26,T0,T1,4.5ft,0.05s
4.24.2026 20:13:26,T0,T1,4.5ft,0.05s
4.24.2026 20:13:26,T0,T1,4.5ft,0.05s
4.24.2026 20:13:26,T0,T1,4.5ft,0.05s
4.24.2026 20:13:26,T0,T1,4.5ft,0.05s
4.24.2026 20:13:26,T0,T1,4.5ft,0.05s
4.24.2026 20:13:26,T0,T1,4.5ft,0.05s
4.24.2026 20:13:26,T0,T1,4.6ft,0.05s
4.24.2026 20:13:26,T0,T1,4.6ft,0.05s
4.24.2026 20:13:26,T0,T1,4.6ft,0.05s
4.24.2026 20:13:26,T0,T1,4.6ft,0.05s
4.24.2026 20:13:26,T0,T1,4.6ft,0.05s
4.24.2026 20:13:26,T0,T1,4.6ft,0.05s
4.24.2026 20:13:26,T0,T1,4.6ft,0.05s
4.24.2026 20:13:26,T0,T1,4.6ft,0.05s
4.24.2026 20:13:26,T0,T1,4.6ft,0.05s
4.24.2026 20:13:26,T0,T1,4.6ft,0.05s
4.24.2026 20:13:27,T0,T1,4.6ft,0.05s
4.24.2026 20:13:27,T0,T1,4.6ft,0.05s
4.24.2026 20:13:27,T0,T1,4.6ft,0.05s
4.24.2026 20:13:27,T0,T1,4.6ft,0.05s
4.24.2026 20:13:27,T0,T1,4.6ft,0.05s
4.24.2026 20:13:27,T0,T1,4.6ft,0.05s
4.24.2026 20:13:27,T0,T1,4.6ft,0.05s
4.24.2026 20:13:27,T0,T1,4.6ft,0.05s
4.24.2026 20:13:27,T0,T1,4.6ft,0.05s
4.24.2026 20:13:27,T0,T1,4.6ft,0.05s
4.24.2026 20:13:27,T0,T1,4.6ft,0.05s
4.24.2026 20:13:27,T0,T1,4.6ft,0.05s
4.24.2026 20:13:27,T0,T1,4.6ft,0.05s
4.24.2026 20:13:27,T0,T1,4.6ft,0.05s
4.24.2026 20:13:27,T0,T1,4.6ft,0.05s
4.24.2026 20:13:27,T0,T1,4.5ft,0.05s
4.24.2026 20:13:27,T0,T1,4.5ft,0.05s
4.24.2026 20:13:27,T0,T1,4.5ft,0.05s
4.24.2026 20:13:27,T0,T1,4.5ft,0.05s
4.24.2026 20:13:27,T0,T1,4.5ft,0.05s
4.24.2026 20:13:28,T0,T1,4.5ft,0.05s
4.24.2026 20:13:28,T0,T1,4.6ft,0.05s
4.24.2026 20:13:28,T0,T1,4.6ft,0.05s
4.24.2026 20:13:28,T0,T1,4.6ft,0.05s
4.24.2026 20:13:28,T0,T1,4.6ft,0.05s
4.24.2026 20:13:28,T0,T1,4.6ft,0.05s
4.24.2026 20:13:28,T0,T1,4.6ft,0.05s
4.24.2026 20:13:28,T0,T1,4.6ft,0.05s
4.24.2026 20:13:28,T0,T1,4.6ft,0.05s
4.24.2026 20:13:28,T0,T1,4.6ft,0.05s
4.24.2026 20:13:28,T0,T1,4.7ft,0.05s
4.24.2026 20:13:28,T0,T1,5.0ft,0.05s
4.24.2026 20:13:28,T0,T1,5.3ft,0.05s
4.24.2026 20:13:28,T0,T1,5.1ft,0.05s
4.24.2026 20:13:28,T0,T1,4.9ft,0.05s
4.24.2026 20:13:28,T0,T1,4.8ft,0.05s
4.24.2026 20:13:28,T0,T1,4.7ft,0.05s
4.24.2026 20:13:28,T0,T1,4.6ft,0.05s
4.24.2026 20:13:28,T0,T1,4.6ft,0.05s
4.24.2026 20:13:29,T0,T1,4.6ft,0.05s
4.24.2026 20:13:29,T0,T1,4.6ft,0.05s
4.24.2026 20:13:29,T0,T1,4.5ft,0.05s
4.24.2026 20:13:29,T0,T1,4.5ft,0.05s
4.24.2026 20:13:29,T0,T1,4.5ft,0.05s
4.24.2026 20:13:29,T0,T1,4.5ft,0.05s
4.24.2026 20:13:29,T0,T1,4.5ft,0.05s
4.24.2026 20:13:29,T0,T1,4.5ft,0.05s
4.24.2026 20:13:29,T0,T1,4.5ft,0.05s
4.24.2026 20:13:29,T0,T1,4.5ft,0.05s
4.24.2026 20:13:29,T0,T1,4.5ft,0.05s
4.24.2026 20:13:29,T0,T1,4.5ft,0.05s
4.24.2026 20:13:29,T0,T1,4.5ft,0.05s
4.24.2026 20:13:29,T0,T1,4.5ft,0.05s
4.24.2026 20:13:29,T0,T1,4.5ft,0.05s
4.24.2026 20:13:29,T0,T1,4.5ft,0.05s
4.24.2026 20:13:29,T0,T1,4.5ft,0.05s
4.24.2026 20:13:29,T0,T1,4.5ft,0.05s
4.24.2026 20:13:29,T0,T1,4.5ft,0.05s
4.24.2026 20:13:29,T0,T1,4.5ft,0.05s
4.24.2026 20:13:30,T0,T1,4.5ft,0.05s
4.24.2026 20:13:30,T0,T1,4.5ft,0.05s
4.24.2026 20:13:30,T0,T1,4.5ft,0.05s
4.24.2026 20:13:30,T0,T1,4.5ft,0.05s
4.24.2026 20:13:30,T0,T1,4.5ft,0.05s
4.24.2026 20:13:30,T0,T1,4.5ft,0.05s
4.24.2026 20:13:30,T0,T1,4.5ft,0.05s
4.24.2026 20:13:30,T0,T1,4.5ft,0.05s
4.24.2026 20:13:30,T0,T1,4.5ft,0.05s
4.24.2026 20:13:30,T0,T1,4.5ft,0.05s
4.24.2026 20:13:30,T0,T1,4.5ft,0.05s
4.24.2026 20:13:30,T0,T1,4.5ft,0.05s
4.24.2026 20:13:30,T0,T1,4.6ft,0.06s
4.24.2026 20:13:30,T0,T1,4.8ft,0.05s
4.24.2026 20:13:30,T0,T1,5.1ft,0.05s
4.24.2026 20:13:30,T0,T1,4.9ft,0.05s
4.24.2026 20:13:30,T0,T1,4.8ft,0.05s
4.24.2026 20:13:30,T0,T1,5.1ft,0.05s
4.24.2026 20:13:30,T0,T1,5.4ft,0.05s
4.24.2026 20:13:30,T0,T1,5.7ft,0.05s
4.24.2026 20:13:31,T0,T1,5.3ft,0.05s
4.24.2026 20:13:31,T0,T1,5.1ft,0.05s
4.24.2026 20:13:31,T0,T1,4.9ft,0.05s
4.24.2026 20:13:31,T0,T1,4.8ft,0.05s
4.24.2026 20:13:31,T0,T1,4.7ft,0.05s
4.24.2026 20:13:31,T0,T1,4.7ft,0.05s
4.24.2026 20:13:31,T0,T1,4.6ft,0.05s
4.24.2026 20:13:31,T0,T1,4.6ft,0.05s
4.24.2026 20:13:31,T0,T1,4.6ft,0.05s
4.24.2026 20:13:31,T0,T1,4.6ft,0.05s
4.24.2026 20:13:31,T0,T1,4.7ft,0.05s
4.24.2026 20:13:31,T0,T1,4.6ft,0.05s
4.24.2026 20:13:31,T0,T1,4.6ft,0.05s
4.24.2026 20:13:31,T0,T1,4.6ft,0.05s
4.24.2026 20:13:31,T0,T1,4.6ft,0.05s
4.24.2026 20:13:31,T0,T1,4.5ft,0.05s
4.24.2026 20:13:31,T0,T1,4.5ft,0.05s
4.24.2026 20:13:31,T0,T1,4.6ft,0.05s
4.24.2026 20:13:31,T0,T1,4.6ft,0.05s
4.24.2026 20:13:32,T0,T1,4.6ft,0.05s
4.24.2026 20:13:32,T0,T1,4.5ft,0.05s
4.24.2026 20:13:32,T0,T1,4.5ft,0.05s
4.24.2026 20:13:32,T0,T1,4.5ft,0.05s
4.24.2026 20:13:32,T0,T1,4.5ft,0.05s
4.24.2026 20:13:32,T0,T1,4.6ft,0.05s
4.24.2026 20:13:32,T0,T1,4.8ft,0.05s
4.24.2026 20:13:32,T0,T1,5.1ft,0.05s
4.24.2026 20:13:32,T0,T1,5.4ft,0.05s
4.24.2026 20:13:32,T0,T1,5.1ft,0.05s
4.24.2026 20:13:32,T0,T1,4.9ft,0.05s
4.24.2026 20:13:32,T0,T1,4.8ft,0.05s
4.24.2026 20:13:32,T0,T1,5.1ft,0.05s
4.24.2026 20:13:32,T0,T1,4.9ft,0.05s
4.24.2026 20:13:32,T0,T1,4.8ft,0.05s
4.24.2026 20:13:32,T0,T1,5.0ft,0.05s
4.24.2026 20:13:32,T0,T1,5.3ft,0.05s
4.24.2026 20:13:32,T0,T1,5.6ft,0.05s
4.24.2026 20:13:32,T0,T1,5.9ft,0.05s
4.24.2026 20:13:32,T0,T1,6.1ft,0.05s
4.24.2026 20:13:33,T0,T1,6.3ft,0.05s
4.24.2026 20:13:33,T0,T1,6.5ft,0.05s
4.24.2026 20:13:33,T0,T1,6.7ft,0.05s
4.24.2026 20:13:33,T0,T1,6.8ft,0.05s
4.24.2026 20:13:33,T0,T1,6.2ft,0.05s
4.24.2026 20:13:33,T0,T1,5.7ft,0.05s
4.24.2026 20:13:33,T0,T1,5.4ft,0.05s
4.24.2026 20:13:33,T0,T1,5.1ft,0.05s
4.24.2026 20:13:33,T0,T1,4.9ft,0.05s
4.24.2026 20:13:33,T0,T1,5.2ft,0.05s
4.24.2026 20:13:33,T0,T1,5.5ft,0.05s
4.24.2026 20:13:33,T0,T1,5.7ft,0.05s
4.24.2026 20:13:33,T0,T1,6.0ft,0.05s
4.24.2026 20:13:33,T0,T1,6.2ft,0.05s
4.24.2026 20:13:33,T0,T1,6.4ft,0.05s
4.24.2026 20:13:33,T0,T1,6.6ft,0.05s
4.24.2026 20:13:33,T0,T1,6.7ft,0.05s
4.24.2026 20:13:33,T0,T1,6.1ft,0.05s
4.24.2026 20:13:33,T0,T1,5.7ft,0.05s
4.24.2026 20:13:34,T0,T1,5.3ft,0.05s
4.24.2026 20:13:34,T0,T1,5.1ft,0.05s
4.24.2026 20:13:34,T0,T1,4.9ft,0.05s
4.24.2026 20:13:34,T0,T1,4.7ft,0.05s
4.24.2026 20:13:34,T0,T1,4.6ft,0.05s
4.24.2026 20:13:34,T0,T1,4.6ft,0.05s
4.24.2026 20:13:34,T0,T1,4.5ft,0.05s
4.24.2026 20:13:34,T0,T1,4.5ft,0.05s
4.24.2026 20:13:34,T0,T1,4.5ft,0.05s
4.24.2026 20:13:34,T0,T1,4.5ft,0.05s
4.24.2026 20:13:34,T0,T1,4.5ft,0.05s
4.24.2026 20:13:34,T0,T1,4.5ft,0.11s
4.24.2026 20:13:34,T0,T1,4.5ft,0.05s
4.24.2026 20:13:34,T0,T1,4.5ft,0.05s
4.24.2026 20:13:34,T0,T1,4.5ft,0.05s
4.24.2026 20:13:34,T0,T1,4.6ft,0.05s
4.24.2026 20:13:34,T0,T1,4.8ft,0.05s
4.24.2026 20:13:34,T0,T1,5.1ft,0.05s
4.24.2026 20:13:34,T0,T1,4.9ft,0.05s
4.24.2026 20:13:35,T0,T1,4.8ft,0.05s
4.24.2026 20:13:35,T0,T1,4.7ft,0.05s
4.24.2026 20:13:35,T0,T1,4.6ft,0.05s
4.24.2026 20:13:35,T0,T1,4.6ft,0.05s
4.24.2026 20:13:35,T0,T1,4.6ft,0.05s
4.24.2026 20:13:35,T0,T1,4.6ft,0.05s
4.24.2026 20:13:35,T0,T1,4.6ft,0.05s
4.24.2026 20:13:35,T0,T1,4.5ft,0.05s
4.24.2026 20:13:35,T0,T1,4.5ft,0.05s
4.24.2026 20:13:35,T0,T1,4.5ft,0.05s
4.24.2026 20:13:35,T0,T1,4.5ft,0.05s
4.24.2026 20:13:35,T0,T1,4.5ft,0.05s
4.24.2026 20:13:35,T0,T1,4.5ft,0.05s
4.24.2026 20:13:35,T0,T1,4.5ft,0.05s
4.24.2026 20:13:35,T0,T1,4.5ft,0.05s
4.24.2026 20:13:35,T0,T1,4.5ft,0.05s
4.24.2026 20:13:35,T0,T1,4.6ft,0.05s
4.24.2026 20:13:35,T0,T1,4.5ft,0.05s
4.24.2026 20:13:35,T0,T1,4.5ft,0.05s
4.24.2026 20:13:35,T0,T1,4.5ft,0.05s
4.24.2026 20:13:36,T0,T1,4.5ft,0.05s
4.24.2026 20:13:36,T0,T1,4.5ft,0.05s
4.24.2026 20:13:36,T0,T1,4.5ft,0.05s
4.24.2026 20:13:36,T0,T1,4.5ft,0.05s
4.24.2026 20:13:36,T0,T1,4.6ft,0.05s
4.24.2026 20:13:36,T0,T1,4.8ft,0.05s
4.24.2026 20:13:36,T0,T1,5.0ft,0.05s
4.24.2026 20:13:36,T0,T1,4.9ft,0.05s
4.24.2026 20:13:36,T0,T1,4.7ft,0.05s
4.24.2026 20:13:36,T0,T1,4.6ft,0.05s
4.24.2026 20:13:36,T0,T1,4.6ft,0.05s
4.24.2026 20:13:36,T0,T1,4.8ft,0.05s
4.24.2026 20:13:36,T0,T1,5.1ft,0.05s
4.24.2026 20:13:36,T0,T1,5.4ft,0.05s
4.24.2026 20:13:36,T0,T1,5.7ft,0.05s
4.24.2026 20:13:36,T0,T1,5.9ft,0.05s
4.24.2026 20:13:36,T0,T1,6.1ft,0.05s
4.24.2026 20:13:36,T0,T1,5.7ft,0.05s
4.24.2026 20:13:36,T0,T1,5.3ft,0.05s
4.24.2026 20:13:37,T0,T1,5.1ft,0.05s
4.24.2026 20:13:37,T0,T1,4.9ft,0.05s
4.24.2026 20:13:37,T0,T1,4.8ft,0.05s
4.24.2026 20:13:37,T0,T1,4.7ft,0.05s
4.24.2026 20:13:37,T0,T1,4.6ft,0.05s
4.24.2026 20:13:37,T0,T1,4.6ft,0.05s
4.24.2026 20:13:37,T0,T1,4.5ft,0.05s
4.24.2026 20:13:37,T0,T1,4.5ft,0.05s
4.24.2026 20:13:37,T0,T1,4.5ft,0.05s
4.24.2026 20:13:37,T0,T1,4.5ft,0.05s
4.24.2026 20:13:37,T0,T1,4.5ft,0.05s
4.24.2026 20:13:37,T0,T1,4.5ft,0.05s
4.24.2026 20:13:37,T0,T1,4.5ft,0.05s
4.24.2026 20:13:37,T0,T1,4.5ft,0.05s
4.24.2026 20:13:37,T0,T1,4.6ft,0.05s
4.24.2026 20:13:37,T0,T1,4.8ft,0.05s
4.24.2026 20:13:37,T0,T1,4.7ft,0.05s
4.24.2026 20:13:37,T0,T1,4.6ft,0.05s
4.24.2026 20:13:37,T0,T1,4.6ft,0.05s
4.24.2026 20:13:37,T0,T1,4.6ft,0.05s
4.24.2026 20:13:38,T0,T1,4.5ft,0.05s
4.24.2026 20:13:38,T0,T1,4.5ft,0.05s
4.24.2026 20:13:38,T0,T1,4.5ft,0.05s
4.24.2026 20:13:38,T0,T1,4.5ft,0.05s
4.24.2026 20:13:38,T0,T1,4.5ft,0.05s
4.24.2026 20:13:38,T0,T1,4.5ft,0.05s
4.24.2026 20:13:38,T0,T1,4.5ft,0.05s
4.24.2026 20:13:38,T0,T1,4.5ft,0.05s
4.24.2026 20:13:38,T0,T1,4.5ft,0.05s
4.24.2026 20:13:38,T0,T1,4.5ft,0.05s
4.24.2026 20:13:38,T0,T1,4.5ft,0.05s
4.24.2026 20:13:38,T0,T1,4.5ft,0.05s
4.24.2026 20:13:38,T0,T1,4.5ft,0.05s
4.24.2026 20:13:38,T0,T1,4.5ft,0.05s
4.24.2026 20:13:38,T0,T1,4.5ft,0.05s
4.24.2026 20:13:38,T0,T1,4.5ft,0.05s
4.24.2026 20:13:38,T0,T1,4.5ft,0.05s
4.24.2026 20:13:38,T0,T1,4.5ft,0.05s
4.24.2026 20:13:38,T0,T1,4.6ft,0.05s
4.24.2026 20:13:39,T0,T1,4.7ft,0.05s
4.24.2026 20:13:39,T0,T1,5.0ft,0.05s
4.24.2026 20:13:39,T0,T1,4.9ft,0.06s
4.24.2026 20:13:39,T0,T1,4.8ft,0.05s
4.24.2026 20:13:39,T0,T1,4.7ft,0.05s
4.24.2026 20:13:39,T0,T1,4.9ft,0.05s
4.24.2026 20:13:39,T0,T1,4.8ft,0.05s
4.24.2026 20:13:39,T0,T1,4.7ft,0.05s
4.24.2026 20:13:39,T0,T1,4.7ft,0.05s
4.24.2026 20:13:39,T0,T1,4.6ft,0.05s
4.24.2026 20:13:39,T0,T1,4.8ft,0.05s
4.24.2026 20:13:39,T0,T1,5.1ft,0.05s
4.24.2026 20:13:39,T0,T1,5.4ft,0.05s
4.24.2026 20:13:39,T0,T1,5.1ft,0.05s
4.24.2026 20:13:39,T0,T1,5.0ft,0.05s
4.24.2026 20:13:39,T0,T1,4.8ft,0.05s
4.24.2026 20:13:39,T0,T1,4.7ft,0.05s
4.24.2026 20:13:39,T0,T1,4.7ft,0.05s
4.24.2026 20:13:39,T0,T1,4.6ft,0.05s
4.24.2026 20:13:39,T0,T1,4.8ft,0.05s
4.24.2026 20:13:40,T0,T1,4.8ft,0.05s
4.24.2026 20:13:40,T0,T1,4.7ft,0.05s
4.24.2026 20:13:40,T0,T1,4.6ft,0.05s
4.24.2026 20:13:40,T0,T1,4.8ft,0.05s
4.24.2026 20:13:40,T0,T1,5.1ft,0.05s
4.24.2026 20:13:40,T0,T1,5.4ft,0.05s
4.24.2026 20:13:40,T0,T1,5.1ft,0.05s
4.24.2026 20:13:40,T0,T1,4.9ft,0.05s
4.24.2026 20:13:40,T0,T1,4.8ft,0.05s
4.24.2026 20:13:40,T0,T1,4.7ft,0.05s
4.24.2026 20:13:40,T0,T1,5.0ft,0.05s
4.24.2026 20:13:40,T0,T1,4.8ft,0.05s
4.24.2026 20:13:40,T0,T1,4.7ft,0.05s
4.24.2026 20:13:40,T0,T1,5.0ft,0.05s
4.24.2026 20:13:40,T0,T1,5.3ft,0.05s
4.24.2026 20:13:40,T0,T1,5.0ft,0.05s
4.24.2026 20:13:40,T0,T1,4.9ft,0.05s
4.24.2026 20:13:40,T0,T1,4.8ft,0.05s
4.24.2026 20:13:40,T0,T1,5.0ft,0.06s
4.24.2026 20:13:41,T0,T1,5.3ft,0.05s
4.24.2026 20:13:41,T0,T1,5.1ft,0.05s
4.24.2026 20:13:41,T0,T1,4.9ft,0.05s
4.24.2026 20:13:41,T0,T1,4.8ft,0.05s
4.24.2026 20:13:41,T0,T1,4.7ft,0.05s
4.24.2026 20:13:41,T0,T1,4.6ft,0.05s
4.24.2026 20:13:41,T0,T1,4.6ft,0.05s
4.24.2026 20:13:41,T0,T1,4.5ft,0.05s
4.24.2026 20:13:41,T0,T1,4.5ft,0.05s
4.24.2026 20:13:41,T0,T1,4.5ft,0.05s
4.24.2026 20:13:41,T0,T1,4.7ft,0.05s
4.24.2026 20:13:41,T0,T1,4.9ft,0.05s
4.24.2026 20:13:41,T0,T1,5.2ft,0.05s
4.24.2026 20:13:41,T0,T1,5.5ft,0.05s
4.24.2026 20:13:41,T0,T1,5.7ft,0.05s
4.24.2026 20:13:41,T0,T1,6.0ft,0.05s
4.24.2026 20:13:41,T0,T1,6.2ft,0.05s
4.24.2026 20:13:41,T0,T1,5.7ft,0.05s
4.24.2026 20:13:41,T0,T1,5.4ft,0.05s
4.24.2026 20:13:41,T0,T1,5.7ft,0.05s
4.24.2026 20:13:42,T0,T1,5.3ft,0.05s
4.24.2026 20:13:42,T0,T1,5.1ft,0.05s
4.24.2026 20:13:42,T0,T1,4.9ft,0.05s
4.24.2026 20:13:42,T0,T1,4.8ft,0.05s
4.24.2026 20:13:42,T0,T1,4.7ft,0.05s
4.24.2026 20:13:42,T0,T1,4.6ft,0.05s
4.24.2026 20:13:42,T0,T1,4.6ft,0.05s
4.24.2026 20:13:42,T0,T1,4.6ft,0.05s
4.24.2026 20:13:42,T0,T1,4.6ft,0.05s
4.24.2026 20:13:42,T0,T1,4.6ft,0.05s
4.24.2026 20:13:42,T0,T1,4.6ft,0.05s
4.24.2026 20:13:42,T0,T1,4.6ft,0.05s
4.24.2026 20:13:42,T0,T1,4.6ft,0.05s
4.24.2026 20:13:42,T0,T1,4.6ft,0.05s
4.24.2026 20:13:42,T0,T1,4.6ft,0.05s
4.24.2026 20:13:42,T0,T1,4.6ft,0.05s
4.24.2026 20:13:42,T0,T1,4.6ft,0.05s
4.24.2026 20:13:42,T0,T1,4.6ft,0.05s
4.24.2026 20:13:42,T0,T1,4.5ft,0.05s
4.24.2026 20:13:42,T0,T1,4.5ft,0.05s
4.24.2026 20:13:43,T0,T1,4.6ft,0.05s
4.24.2026 20:13:43,T0,T1,4.6ft,0.05s
4.24.2026 20:13:43,T0,T1,4.5ft,0.05s
4.24.2026 20:13:43,T0,T1,4.5ft,0.05s
4.24.2026 20:13:43,T0,T1,4.5ft,0.05s
4.24.2026 20:13:43,T0,T1,4.5ft,0.05s
4.24.2026 20:13:43,T0,T1,4.5ft,0.05s
4.24.2026 20:13:43,T0,T1,4.5ft,0.05s
4.24.2026 20:13:43,T0,T1,4.5ft,0.05s
4.24.2026 20:13:43,T0,T1,4.5ft,0.05s
4.24.2026 20:13:43,T0,T1,4.5ft,0.05s
4.24.2026 20:13:43,T0,T1,4.5ft,0.05s
4.24.2026 20:13:43,T0,T1,4.6ft,0.05s
4.24.2026 20:13:43,T0,T1,4.6ft,0.05s
4.24.2026 20:13:43,T0,T1,4.6ft,0.05s
4.24.2026 20:13:43,T0,T1,4.6ft,0.05s
4.24.2026 20:13:43,T0,T1,4.6ft,0.05s
4.24.2026 20:13:43,T0,T1,4.6ft,0.05s
4.24.2026 20:13:43,T0,T1,4.6ft,0.05s
4.24.2026 20:13:44,T0,T1,4.6ft,0.05s
4.24.2026 20:13:44,T0,T1,4.6ft,0.05s
4.24.2026 20:13:44,T0,T1,4.6ft,0.05s
4.24.2026 20:13:44,T0,T1,4.6ft,0.05s
4.24.2026 20:13:44,T0,T1,4.6ft,0.05s
4.24.2026 20:13:44,T0,T1,4.6ft,0.05s
4.24.2026 20:13:44,T0,T1,4.6ft,0.05s
4.24.2026 20:13:44,T0,T1,4.6ft,0.05s
4.24.2026 20:13:44,T0,T1,4.6ft,0.05s
4.24.2026 20:13:44,T0,T1,4.6ft,0.05s
4.24.2026 20:13:44,T0,T1,4.5ft,0.05s
4.24.2026 20:13:44,T0,T1,4.5ft,0.05s
4.24.2026 20:13:44,T0,T1,4.5ft,0.05s
4.24.2026 20:13:44,T0,T1,4.5ft,0.05s
4.24.2026 20:13:44,T0,T1,4.5ft,0.05s
4.24.2026 20:13:44,T0,T1,4.5ft,0.05s
4.24.2026 20:13:44,T0,T1,4.5ft,0.05s
4.24.2026 20:13:44,T0,T1,4.5ft,0.05s
4.24.2026 20:13:44,T0,T1,4.5ft,0.05s
4.24.2026 20:13:44,T0,T1,4.5ft,0.05s
4.24.2026 20:13:45,T0,T1,4.5ft,0.05s
4.24.2026 20:13:45,T0,T1,4.5ft,0.05s
4.24.2026 20:13:45,T0,T1,4.5ft,0.05s
4.24.2026 20:13:45,T0,T1,4.5ft,0.05s
4.24.2026 20:13:45,T0,T1,4.5ft,0.05s
4.24.2026 20:13:45,T0,T1,4.5ft,0.05s
4.24.2026 20:13:45,T0,T1,4.5ft,0.05s
4.24.2026 20:13:45,T0,T1,4.5ft,0.05s
4.24.2026 20:13:45,T0,T1,4.5ft,0.05s
4.24.2026 20:13:45,T0,T1,4.5ft,0.05s
4.24.2026 20:13:45,T0,T1,4.5ft,0.05s
4.24.2026 20:13:45,T0,T1,4.5ft,0.05s
4.24.2026 20:13:45,T0,T1,4.6ft,0.05s
4.24.2026 20:13:45,T0,T1,4.8ft,0.05s
4.24.2026 20:13:45,T0,T1,4.7ft,0.05s
4.24.2026 20:13:45,T0,T1,4.6ft,0.05s
4.24.2026 20:13:45,T0,T1,4.6ft,0.05s
4.24.2026 20:13:45,T0,T1,4.6ft,0.05s
4.24.2026 20:13:45,T0,T1,4.8ft,0.05s
4.24.2026 20:13:46,T0,T1,4.7ft,0.05s
4.24.2026 20:13:46,T0,T1,4.6ft,0.05s
4.24.2026 20:13:46,T0,T1,4.8ft,0.05s
4.24.2026 20:13:46,T0,T1,4.7ft,0.05s
4.24.2026 20:13:46,T0,T1,4.7ft,0.05s
4.24.2026 20:13:46,T0,T1,4.6ft,0.05s
4.24.2026 20:13:46,T0,T1,4.6ft,0.05s
4.24.2026 20:13:46,T0,T1,4.5ft,0.05s
4.24.2026 20:13:46,T0,T1,4.5ft,0.05s
4.24.2026 20:13:46,T0,T1,4.7ft,0.05s
4.24.2026 20:13:46,T0,T1,4.6ft,0.05s
4.24.2026 20:13:46,T0,T1,4.6ft,0.05s
4.24.2026 20:13:46,T0,T1,4.6ft,0.05s
4.24.2026 20:13:46,T0,T1,4.7ft,0.05s
4.24.2026 20:13:46,T0,T1,5.0ft,0.05s
4.24.2026 20:13:46,T0,T1,5.3ft,0.05s
4.24.2026 20:13:46,T0,T1,5.6ft,0.05s
4.24.2026 20:13:46,T0,T1,5.3ft,0.06s
4.24.2026 20:13:46,T0,T1,5.0ft,0.05s
4.24.2026 20:13:46,T0,T1,4.9ft,0.05s
4.24.2026 20:13:47,T0,T1,4.7ft,0.05s
4.24.2026 20:13:47,T0,T1,4.7ft,0.05s
4.24.2026 20:13:47,T0,T1,4.6ft,0.05s
4.24.2026 20:13:47,T0,T1,4.6ft,0.05s
4.24.2026 20:13:47,T0,T1,4.5ft,0.05s
4.24.2026 20:13:47,T0,T1,4.5ft,0.05s
4.24.2026 20:13:47,T0,T1,4.5ft,0.05s
4.24.2026 20:13:47,T0,T1,4.5ft,0.05s
4.24.2026 20:13:47,T0,T1,4.5ft,0.05s
4.24.2026 20:13:47,T0,T1,4.5ft,0.05s
4.24.2026 20:13:47,T0,T1,4.5ft,0.05s
4.24.2026 20:13:47,T0,T1,4.6ft,0.06s
4.24.2026 20:13:47,T0,T1,4.8ft,0.05s
4.24.2026 20:13:47,T0,T1,5.1ft,0.05s
4.24.2026 20:13:47,T0,T1,4.9ft,0.05s
4.24.2026 20:13:47,T0,T1,4.8ft,0.05s
4.24.2026 20:13:47,T0,T1,4.7ft,0.05s
4.24.2026 20:13:47,T0,T1,4.6ft,0.05s
4.24.2026 20:13:47,T0,T1,4.6ft,0.05s
