Timestamp,Tag1,Tag2,Distance_ft,Delta_s
4.17.2026 15:11:52,T0,T1,0.6ft,0.04s
4.17.2026 15:11:52,T0,T2,8.4ft,0.04s
4.17.2026 15:11:52,T1,T2,8.6ft,0.04s
4.17.2026 15:11:52,T0,T1,0.5ft,0.05s
4.17.2026 15:11:52,T0,T2,8.4ft,0.05s
4.17.2026 15:11:52,T1,T2,8.6ft,0.05s
4.17.2026 15:11:52,T0,T1,0.4ft,0.05s
4.17.2026 15:11:52,T0,T2,8.4ft,0.05s
4.17.2026 15:11:52,T1,T2,8.6ft,0.05s
4.17.2026 15:11:52,T0,T1,0.4ft,0.05s
4.17.2026 15:11:52,T0,T2,8.4ft,0.05s
4.17.2026 15:11:52,T1,T2,8.6ft,0.05s
4.17.2026 15:11:52,T0,T1,0.3ft,0.05s
4.17.2026 15:11:52,T0,T2,8.4ft,0.05s
4.17.2026 15:11:52,T1,T2,8.7ft,0.05s
4.17.2026 15:11:52,T0,T1,0.3ft,0.05s
4.17.2026 15:11:52,T0,T2,8.4ft,0.05s
4.17.2026 15:11:52,T1,T2,8.7ft,0.05s
4.17.2026 15:11:52,T0,T1,0.3ft,0.05s
4.17.2026 15:11:52,T0,T2,8.4ft,0.05s
4.17.2026 15:11:52,T1,T2,8.7ft,0.05s
4.17.2026 15:11:52,T0,T1,0.3ft,0.05s
4.17.2026 15:11:52,T0,T2,8.4ft,0.05s
4.17.2026 15:11:52,T1,T2,8.7ft,0.05s
4.17.2026 15:11:52,T0,T1,0.3ft,0.05s
4.17.2026 15:11:52,T0,T2,8.4ft,0.05s
4.17.2026 15:11:52,T1,T2,8.7ft,0.05s
4.17.2026 15:11:52,T0,T1,0.3ft,0.05s
4.17.2026 15:11:52,T0,T2,8.3ft,0.05s
4.17.2026 15:11:52,T1,T2,8.6ft,0.05s
4.17.2026 15:11:52,T0,T1,0.4ft,0.05s
4.17.2026 15:11:52,T0,T2,8.3ft,0.05s
4.17.2026 15:11:52,T1,T2,8.6ft,0.05s
4.17.2026 15:11:52,T0,T1,0.5ft,0.05s
4.17.2026 15:11:52,T0,T2,8.3ft,0.05s
4.17.2026 15:11:52,T1,T2,8.6ft,0.05s
4.17.2026 15:11:52,T0,T1,0.5ft,0.05s
4.17.2026 15:11:52,T0,T2,8.2ft,0.05s
4.17.2026 15:11:52,T1,T2,8.6ft,0.05s
4.17.2026 15:11:52,T0,T1,0.6ft,0.05s
4.17.2026 15:11:52,T0,T2,8.2ft,0.05s
4.17.2026 15:11:52,T1,T2,8.6ft,0.05s
4.17.2026 15:11:52,T0,T1,0.6ft,0.05s
4.17.2026 15:11:52,T0,T2,8.2ft,0.05s
4.17.2026 15:11:52,T1,T2,8.6ft,0.05s
4.17.2026 15:11:52,T0,T1,0.7ft,0.05s
4.17.2026 15:11:52,T0,T2,8.1ft,0.05s
4.17.2026 15:11:52,T1,T2,8.5ft,0.05s
4.17.2026 15:11:52,T0,T1,0.6ft,0.05s
4.17.2026 15:11:52,T0,T2,8.1ft,0.05s
4.17.2026 15:11:52,T1,T2,8.5ft,0.05s
4.17.2026 15:11:52,T0,T1,0.6ft,0.05s
4.17.2026 15:11:52,T0,T2,8.0ft,0.05s
4.17.2026 15:11:52,T1,T2,8.5ft,0.05s
4.17.2026 15:11:53,T0,T1,0.6ft,0.05s
4.17.2026 15:11:53,T0,T2,8.0ft,0.05s
4.17.2026 15:11:53,T1,T2,8.5ft,0.05s
4.17.2026 15:11:53,T0,T1,0.6ft,0.05s
4.17.2026 15:11:53,T0,T2,8.0ft,0.05s
4.17.2026 15:11:53,T1,T2,8.5ft,0.05s
4.17.2026 15:11:53,T0,T1,0.5ft,0.05s
4.17.2026 15:11:53,T0,T2,8.0ft,0.05s
4.17.2026 15:11:53,T1,T2,8.5ft,0.05s
4.17.2026 15:11:53,T0,T1,0.5ft,0.05s
4.17.2026 15:11:53,T0,T2,8.1ft,0.05s
4.17.2026 15:11:53,T1,T2,8.5ft,0.05s
4.17.2026 15:11:53,T0,T1,0.5ft,0.05s
4.17.2026 15:11:53,T0,T2,8.1ft,0.05s
4.17.2026 15:11:53,T1,T2,8.5ft,0.05s
4.17.2026 15:11:53,T0,T1,0.5ft,0.05s
4.17.2026 15:11:53,T0,T2,8.1ft,0.05s
4.17.2026 15:11:53,T1,T2,8.5ft,0.05s
4.17.2026 15:11:53,T0,T1,0.5ft,0.05s
4.17.2026 15:11:53,T0,T2,8.1ft,0.05s
4.17.2026 15:11:53,T1,T2,8.6ft,0.05s
4.17.2026 15:11:53,T0,T1,0.6ft,0.05s
4.17.2026 15:11:53,T0,T2,8.1ft,0.05s
4.17.2026 15:11:53,T1,T2,8.6ft,0.05s
4.17.2026 15:11:53,T0,T1,0.7ft,0.05s
4.17.2026 15:11:53,T0,T2,8.1ft,0.05s
4.17.2026 15:11:53,T1,T2,8.6ft,0.05s
4.17.2026 15:11:53,T0,T1,0.7ft,0.05s
4.17.2026 15:11:53,T0,T2,8.0ft,0.05s
4.17.2026 15:11:53,T1,T2,8.6ft,0.05s
4.17.2026 15:11:53,T0,T1,0.8ft,0.05s
4.17.2026 15:11:53,T0,T2,8.0ft,0.05s
4.17.2026 15:11:53,T1,T2,8.6ft,0.05s
4.17.2026 15:11:53,T0,T1,0.9ft,0.05s
4.17.2026 15:11:53,T0,T2,8.0ft,0.05s
4.17.2026 15:11:53,T1,T2,8.6ft,0.05s
4.17.2026 15:11:53,T0,T1,0.9ft,0.05s
4.17.2026 15:11:53,T0,T2,8.0ft,0.05s
4.17.2026 15:11:53,T1,T2,8.6ft,0.05s
4.17.2026 15:11:53,T0,T1,1.0ft,0.05s
4.17.2026 15:11:53,T0,T2,8.0ft,0.05s
4.17.2026 15:11:53,T1,T2,8.6ft,0.05s
4.17.2026 15:11:53,T0,T1,0.9ft,0.05s
4.17.2026 15:11:53,T0,T2,8.0ft,0.05s
4.17.2026 15:11:53,T1,T2,8.7ft,0.05s
4.17.2026 15:11:53,T0,T1,0.8ft,0.05s
4.17.2026 15:11:53,T0,T2,8.0ft,0.05s
4.17.2026 15:11:53,T1,T2,8.7ft,0.05s
4.17.2026 15:11:53,T0,T1,0.8ft,0.05s
4.17.2026 15:11:53,T0,T2,8.0ft,0.05s
4.17.2026 15:11:53,T1,T2,8.7ft,0.05s
4.17.2026 15:11:53,T0,T1,0.8ft,0.05s
4.17.2026 15:11:53,T0,T2,8.0ft,0.05s
4.17.2026 15:11:53,T1,T2,8.7ft,0.05s
4.17.2026 15:11:53,T0,T1,0.8ft,0.05s
4.17.2026 15:11:53,T0,T2,8.0ft,0.05s
4.17.2026 15:11:53,T1,T2,8.8ft,0.05s
4.17.2026 15:11:54,T0,T1,0.9ft,0.05s
4.17.2026 15:11:54,T0,T2,8.0ft,0.05s
4.17.2026 15:11:54,T1,T2,8.8ft,0.05s
4.17.2026 15:11:54,T0,T1,1.0ft,0.05s
4.17.2026 15:11:54,T0,T2,8.0ft,0.05s
4.17.2026 15:11:54,T1,T2,8.9ft,0.05s
4.17.2026 15:11:54,T0,T1,1.2ft,0.05s
4.17.2026 15:11:54,T0,T2,8.0ft,0.05s
4.17.2026 15:11:54,T1,T2,9.0ft,0.05s
4.17.2026 15:11:54,T0,T1,1.4ft,0.05s
4.17.2026 15:11:54,T0,T2,8.0ft,0.05s
4.17.2026 15:11:54,T1,T2,9.0ft,0.05s
4.17.2026 15:11:54,T0,T1,1.5ft,0.05s
4.17.2026 15:11:54,T0,T2,8.0ft,0.05s
4.17.2026 15:11:54,T1,T2,9.1ft,0.05s
4.17.2026 15:11:54,T0,T1,1.5ft,0.05s
4.17.2026 15:11:54,T0,T2,8.0ft,0.05s
4.17.2026 15:11:54,T1,T2,9.0ft,0.05s
4.17.2026 15:11:54,T0,T1,1.5ft,0.05s
4.17.2026 15:11:54,T0,T2,8.1ft,0.05s
4.17.2026 15:11:54,T1,T2,9.0ft,0.05s
4.17.2026 15:11:54,T0,T1,1.6ft,0.05s
4.17.2026 15:11:54,T0,T2,8.1ft,0.05s
4.17.2026 15:11:54,T1,T2,9.0ft,0.05s
4.17.2026 15:11:54,T0,T1,1.6ft,0.05s
4.17.2026 15:11:54,T0,T2,8.1ft,0.05s
4.17.2026 15:11:54,T1,T2,9.0ft,0.05s
4.17.2026 15:11:54,T0,T1,1.5ft,0.05s
4.17.2026 15:11:54,T0,T2,8.1ft,0.05s
4.17.2026 15:11:54,T1,T2,9.0ft,0.05s
4.17.2026 15:11:54,T0,T1,1.6ft,0.05s
4.17.2026 15:11:54,T0,T2,8.1ft,0.05s
4.17.2026 15:11:54,T1,T2,8.9ft,0.05s
4.17.2026 15:11:54,T0,T1,1.6ft,0.05s
4.17.2026 15:11:54,T0,T2,8.1ft,0.05s
4.17.2026 15:11:54,T1,T2,8.9ft,0.05s
4.17.2026 15:11:54,T0,T1,1.6ft,0.05s
4.17.2026 15:11:54,T0,T2,8.1ft,0.05s
4.17.2026 15:11:54,T1,T2,8.9ft,0.05s
4.17.2026 15:11:54,T0,T1,1.6ft,0.05s
4.17.2026 15:11:54,T0,T2,8.2ft,0.05s
4.17.2026 15:11:54,T1,T2,8.9ft,0.05s
4.17.2026 15:11:54,T0,T1,1.6ft,0.05s
4.17.2026 15:11:54,T0,T2,8.2ft,0.05s
4.17.2026 15:11:54,T1,T2,8.8ft,0.05s
4.17.2026 15:11:54,T0,T1,1.6ft,0.05s
4.17.2026 15:11:54,T0,T2,8.2ft,0.05s
4.17.2026 15:11:54,T1,T2,8.8ft,0.05s
4.17.2026 15:11:54,T0,T1,1.6ft,0.05s
4.17.2026 15:11:54,T0,T2,8.2ft,0.05s
4.17.2026 15:11:54,T1,T2,8.8ft,0.05s
4.17.2026 15:11:54,T0,T1,1.6ft,0.05s
4.17.2026 15:11:54,T0,T2,8.2ft,0.05s
4.17.2026 15:11:54,T1,T2,8.8ft,0.05s
4.17.2026 15:11:54,T0,T1,1.6ft,0.05s
4.17.2026 15:11:54,T0,T2,8.2ft,0.05s
4.17.2026 15:11:54,T1,T2,8.7ft,0.05s
4.17.2026 15:11:54,T0,T1,1.6ft,0.05s
4.17.2026 15:11:54,T0,T2,8.2ft,0.05s
4.17.2026 15:11:54,T1,T2,8.7ft,0.05s
4.17.2026 15:11:55,T0,T1,1.7ft,0.05s
4.17.2026 15:11:55,T0,T2,8.2ft,0.05s
4.17.2026 15:11:55,T1,T2,8.7ft,0.05s
4.17.2026 15:11:55,T0,T1,1.9ft,0.05s
4.17.2026 15:11:55,T0,T2,8.2ft,0.05s
4.17.2026 15:11:55,T1,T2,8.7ft,0.05s
4.17.2026 15:11:55,T0,T1,2.0ft,0.05s
4.17.2026 15:11:55,T0,T2,8.1ft,0.05s
4.17.2026 15:11:55,T1,T2,8.7ft,0.05s
4.17.2026 15:11:55,T0,T1,1.9ft,0.05s
4.17.2026 15:11:55,T0,T2,8.1ft,0.05s
4.17.2026 15:11:55,T1,T2,8.7ft,0.05s
4.17.2026 15:11:55,T0,T1,1.9ft,0.05s
4.17.2026 15:11:55,T0,T2,8.2ft,0.05s
4.17.2026 15:11:55,T1,T2,8.8ft,0.05s
4.17.2026 15:11:55,T0,T1,1.9ft,0.05s
4.17.2026 15:11:55,T0,T2,8.2ft,0.05s
4.17.2026 15:11:55,T1,T2,8.9ft,0.05s
4.17.2026 15:11:55,T0,T1,1.8ft,0.05s
4.17.2026 15:11:55,T0,T2,8.2ft,0.05s
4.17.2026 15:11:55,T1,T2,9.0ft,0.05s
4.17.2026 15:11:55,T0,T1,1.7ft,0.05s
4.17.2026 15:11:55,T0,T2,8.2ft,0.05s
4.17.2026 15:11:55,T1,T2,9.0ft,0.05s
4.17.2026 15:11:55,T0,T1,1.6ft,0.05s
4.17.2026 15:11:55,T0,T2,8.2ft,0.05s
4.17.2026 15:11:55,T1,T2,9.0ft,0.05s
4.17.2026 15:11:55,T0,T1,1.4ft,0.05s
4.17.2026 15:11:55,T0,T2,8.2ft,0.05s
4.17.2026 15:11:55,T1,T2,9.0ft,0.05s
4.17.2026 15:11:55,T0,T1,1.3ft,0.05s
4.17.2026 15:11:55,T0,T2,8.1ft,0.05s
4.17.2026 15:11:55,T1,T2,8.9ft,0.05s
4.17.2026 15:11:55,T0,T1,1.2ft,0.05s
4.17.2026 15:11:55,T0,T2,8.1ft,0.05s
4.17.2026 15:11:55,T1,T2,8.9ft,0.05s
4.17.2026 15:11:55,T0,T1,1.2ft,0.05s
4.17.2026 15:11:55,T0,T2,8.1ft,0.05s
4.17.2026 15:11:55,T1,T2,8.9ft,0.05s
4.17.2026 15:11:55,T0,T1,1.1ft,0.05s
4.17.2026 15:11:55,T0,T2,8.2ft,0.05s
4.17.2026 15:11:55,T1,T2,8.9ft,0.05s
4.17.2026 15:11:55,T0,T1,1.1ft,0.05s
4.17.2026 15:11:55,T0,T2,8.2ft,0.05s
4.17.2026 15:11:55,T1,T2,9.0ft,0.05s
4.17.2026 15:11:55,T0,T1,1.1ft,0.05s
4.17.2026 15:11:55,T0,T2,8.3ft,0.05s
4.17.2026 15:11:55,T1,T2,9.0ft,0.05s
4.17.2026 15:11:55,T0,T1,1.1ft,0.05s
4.17.2026 15:11:55,T0,T2,8.4ft,0.05s
4.17.2026 15:11:55,T1,T2,9.1ft,0.05s
4.17.2026 15:11:55,T0,T1,1.1ft,0.05s
4.17.2026 15:11:55,T0,T2,8.4ft,0.05s
4.17.2026 15:11:55,T1,T2,9.1ft,0.05s
4.17.2026 15:11:55,T0,T1,1.0ft,0.05s
4.17.2026 15:11:55,T0,T2,8.4ft,0.05s
4.17.2026 15:11:55,T1,T2,9.2ft,0.05s
4.17.2026 15:11:55,T0,T1,1.0ft,0.05s
4.17.2026 15:11:55,T0,T2,8.5ft,0.05s
4.17.2026 15:11:55,T1,T2,9.2ft,0.05s
4.17.2026 15:11:56,T0,T1,1.0ft,0.05s
4.17.2026 15:11:56,T0,T2,8.4ft,0.05s
4.17.2026 15:11:56,T1,T2,9.1ft,0.05s
4.17.2026 15:11:56,T0,T1,0.9ft,0.05s
4.17.2026 15:11:56,T0,T2,8.4ft,0.05s
4.17.2026 15:11:56,T1,T2,9.1ft,0.05s
4.17.2026 15:11:56,T0,T1,0.9ft,0.05s
4.17.2026 15:11:56,T0,T2,8.3ft,0.05s
4.17.2026 15:11:56,T1,T2,9.0ft,0.05s
4.17.2026 15:11:56,T0,T1,0.8ft,0.05s
4.17.2026 15:11:56,T0,T2,8.3ft,0.05s
4.17.2026 15:11:56,T1,T2,9.0ft,0.05s
4.17.2026 15:11:56,T0,T1,0.8ft,0.05s
4.17.2026 15:11:56,T0,T2,8.3ft,0.05s
4.17.2026 15:11:56,T1,T2,9.0ft,0.05s
4.17.2026 15:11:56,T0,T1,0.8ft,0.05s
4.17.2026 15:11:56,T0,T2,8.2ft,0.05s
4.17.2026 15:11:56,T1,T2,8.9ft,0.05s
4.17.2026 15:11:56,T0,T1,0.8ft,0.06s
4.17.2026 15:11:56,T0,T2,8.2ft,0.06s
4.17.2026 15:11:56,T1,T2,8.9ft,0.06s
4.17.2026 15:11:56,T0,T1,0.7ft,0.05s
4.17.2026 15:11:56,T0,T2,8.2ft,0.05s
4.17.2026 15:11:56,T1,T2,8.9ft,0.05s
4.17.2026 15:11:56,T0,T1,0.7ft,0.05s
4.17.2026 15:11:56,T0,T2,8.2ft,0.05s
4.17.2026 15:11:56,T1,T2,8.9ft,0.05s
4.17.2026 15:11:56,T0,T1,0.7ft,0.05s
4.17.2026 15:11:56,T0,T2,8.2ft,0.05s
4.17.2026 15:11:56,T1,T2,8.9ft,0.05s
4.17.2026 15:11:56,T0,T1,0.6ft,0.05s
4.17.2026 15:11:56,T0,T2,8.2ft,0.05s
4.17.2026 15:11:56,T1,T2,8.8ft,0.05s
4.17.2026 15:11:56,T0,T1,0.6ft,0.05s
4.17.2026 15:11:56,T0,T2,8.2ft,0.05s
4.17.2026 15:11:56,T1,T2,8.8ft,0.05s
4.17.2026 15:11:56,T0,T1,0.6ft,0.05s
4.17.2026 15:11:56,T0,T2,8.2ft,0.05s
4.17.2026 15:11:56,T1,T2,8.7ft,0.05s
4.17.2026 15:11:56,T0,T1,0.6ft,0.05s
4.17.2026 15:11:56,T0,T2,8.2ft,0.05s
4.17.2026 15:11:56,T1,T2,8.7ft,0.05s
4.17.2026 15:11:56,T0,T1,0.6ft,0.05s
4.17.2026 15:11:56,T0,T2,8.2ft,0.05s
4.17.2026 15:11:56,T1,T2,8.7ft,0.05s
4.17.2026 15:11:56,T0,T1,0.5ft,0.05s
4.17.2026 15:11:56,T0,T2,8.2ft,0.05s
4.17.2026 15:11:56,T1,T2,8.7ft,0.05s
4.17.2026 15:11:56,T0,T1,0.5ft,0.05s
4.17.2026 15:11:56,T0,T2,8.3ft,0.05s
4.17.2026 15:11:56,T1,T2,8.8ft,0.05s
4.17.2026 15:11:56,T0,T1,0.6ft,0.05s
4.17.2026 15:11:56,T0,T2,8.3ft,0.05s
4.17.2026 15:11:56,T1,T2,8.9ft,0.05s
4.17.2026 15:11:56,T0,T1,0.8ft,0.05s
4.17.2026 15:11:56,T0,T2,8.3ft,0.05s
4.17.2026 15:11:56,T1,T2,9.0ft,0.05s
4.17.2026 15:11:57,T0,T1,0.9ft,0.05s
4.17.2026 15:11:57,T0,T2,8.3ft,0.05s
4.17.2026 15:11:57,T1,T2,9.2ft,0.05s
4.17.2026 15:11:57,T0,T1,0.9ft,0.05s
4.17.2026 15:11:57,T0,T2,8.5ft,0.05s
4.17.2026 15:11:57,T1,T2,9.3ft,0.05s
4.17.2026 15:11:57,T0,T1,0.9ft,0.05s
4.17.2026 15:11:57,T0,T2,8.6ft,0.05s
4.17.2026 15:11:57,T1,T2,9.4ft,0.05s
4.17.2026 15:11:57,T0,T1,1.1ft,0.05s
4.17.2026 15:11:57,T0,T2,8.6ft,0.05s
4.17.2026 15:11:57,T1,T2,9.6ft,0.05s
4.17.2026 15:11:57,T0,T1,1.3ft,0.05s
4.17.2026 15:11:57,T0,T2,8.6ft,0.05s
4.17.2026 15:11:57,T1,T2,9.8ft,0.05s
4.17.2026 15:11:57,T0,T1,1.4ft,0.05s
4.17.2026 15:11:57,T0,T2,8.6ft,0.05s
4.17.2026 15:11:57,T1,T2,9.8ft,0.05s
4.17.2026 15:11:57,T0,T1,1.5ft,0.05s
4.17.2026 15:11:57,T0,T2,8.6ft,0.05s
4.17.2026 15:11:57,T1,T2,9.9ft,0.05s
4.17.2026 15:11:57,T0,T1,1.7ft,0.05s
4.17.2026 15:11:57,T0,T2,8.5ft,0.05s
4.17.2026 15:11:57,T1,T2,10.0ft,0.05s
4.17.2026 15:11:57,T0,T1,2.0ft,0.05s
4.17.2026 15:11:57,T0,T2,8.5ft,0.05s
4.17.2026 15:11:57,T1,T2,10.1ft,0.05s
4.17.2026 15:11:57,T0,T1,2.1ft,0.05s
4.17.2026 15:11:57,T0,T2,8.4ft,0.05s
4.17.2026 15:11:57,T1,T2,10.1ft,0.05s
4.17.2026 15:11:57,T0,T1,2.2ft,0.05s
4.17.2026 15:11:57,T0,T2,8.3ft,0.05s
4.17.2026 15:11:57,T1,T2,10.1ft,0.05s
4.17.2026 15:11:57,T0,T1,2.2ft,0.05s
4.17.2026 15:11:57,T0,T2,8.3ft,0.05s
4.17.2026 15:11:57,T1,T2,10.1ft,0.05s
4.17.2026 15:11:57,T0,T1,2.2ft,0.05s
4.17.2026 15:11:57,T0,T2,8.2ft,0.05s
4.17.2026 15:11:57,T1,T2,9.9ft,0.05s
4.17.2026 15:11:57,T0,T1,2.2ft,0.05s
4.17.2026 15:11:57,T0,T2,8.1ft,0.05s
4.17.2026 15:11:57,T1,T2,9.8ft,0.05s
4.17.2026 15:11:57,T0,T1,2.1ft,0.05s
4.17.2026 15:11:57,T0,T2,8.1ft,0.05s
4.17.2026 15:11:57,T1,T2,9.7ft,0.05s
4.17.2026 15:11:57,T0,T1,2.0ft,0.05s
4.17.2026 15:11:57,T0,T2,8.1ft,0.05s
4.17.2026 15:11:57,T1,T2,9.6ft,0.05s
4.17.2026 15:11:57,T0,T1,1.8ft,0.05s
4.17.2026 15:11:57,T0,T2,8.1ft,0.05s
4.17.2026 15:11:57,T1,T2,9.5ft,0.05s
4.17.2026 15:11:57,T0,T1,1.6ft,0.05s
4.17.2026 15:11:57,T0,T2,8.1ft,0.05s
4.17.2026 15:11:57,T1,T2,9.3ft,0.05s
4.17.2026 15:11:57,T0,T1,1.3ft,0.05s
4.17.2026 15:11:57,T0,T2,8.1ft,0.05s
4.17.2026 15:11:57,T1,T2,9.2ft,0.05s
4.17.2026 15:11:57,T0,T1,1.1ft,0.05s
4.17.2026 15:11:57,T0,T2,8.1ft,0.05s
4.17.2026 15:11:57,T1,T2,9.1ft,0.05s
4.17.2026 15:11:58,T0,T1,1.0ft,0.05s
4.17.2026 15:11:58,T0,T2,8.1ft,0.05s
4.17.2026 15:11:58,T1,T2,9.0ft,0.05s
4.17.2026 15:11:58,T0,T1,0.8ft,0.05s
4.17.2026 15:11:58,T0,T2,8.1ft,0.05s
4.17.2026 15:11:58,T1,T2,8.9ft,0.05s
4.17.2026 15:11:58,T0,T1,0.7ft,0.05s
4.17.2026 15:11:58,T0,T2,8.1ft,0.05s
4.17.2026 15:11:58,T1,T2,8.8ft,0.05s
4.17.2026 15:11:58,T0,T1,0.7ft,0.05s
4.17.2026 15:11:58,T0,T2,8.1ft,0.05s
4.17.2026 15:11:58,T1,T2,8.8ft,0.05s
4.17.2026 15:11:58,T0,T1,0.7ft,0.05s
4.17.2026 15:11:58,T0,T2,8.2ft,0.05s
4.17.2026 15:11:58,T1,T2,8.8ft,0.05s
4.17.2026 15:11:58,T0,T1,0.8ft,0.05s
4.17.2026 15:11:58,T0,T2,8.2ft,0.05s
4.17.2026 15:11:58,T1,T2,8.9ft,0.05s
4.17.2026 15:11:58,T0,T1,0.8ft,0.05s
4.17.2026 15:11:58,T0,T2,8.1ft,0.05s
4.17.2026 15:11:58,T1,T2,8.9ft,0.05s
4.17.2026 15:11:58,T0,T1,0.9ft,0.05s
4.17.2026 15:11:58,T0,T2,8.1ft,0.05s
4.17.2026 15:11:58,T1,T2,8.9ft,0.05s
4.17.2026 15:11:58,T0,T1,1.1ft,0.05s
4.17.2026 15:11:58,T0,T2,8.1ft,0.05s
4.17.2026 15:11:58,T1,T2,9.0ft,0.05s
4.17.2026 15:11:58,T0,T1,1.3ft,0.05s
4.17.2026 15:11:58,T0,T2,8.1ft,0.05s
4.17.2026 15:11:58,T1,T2,9.1ft,0.05s
4.17.2026 15:11:58,T0,T1,1.6ft,0.05s
4.17.2026 15:11:58,T0,T2,8.1ft,0.05s
4.17.2026 15:11:58,T1,T2,9.3ft,0.05s
4.17.2026 15:11:58,T0,T1,1.7ft,0.05s
4.17.2026 15:11:58,T0,T2,8.1ft,0.05s
4.17.2026 15:11:58,T1,T2,9.3ft,0.05s
4.17.2026 15:11:58,T0,T1,1.9ft,0.05s
4.17.2026 15:11:58,T0,T2,8.0ft,0.05s
4.17.2026 15:11:58,T1,T2,9.4ft,0.05s
4.17.2026 15:11:58,T0,T1,2.1ft,0.05s
4.17.2026 15:11:58,T0,T2,8.0ft,0.05s
4.17.2026 15:11:58,T1,T2,9.5ft,0.05s
4.17.2026 15:11:58,T0,T1,2.1ft,0.05s
4.17.2026 15:11:58,T0,T2,8.0ft,0.05s
4.17.2026 15:11:58,T1,T2,9.5ft,0.05s
4.17.2026 15:11:58,T0,T1,2.1ft,0.05s
4.17.2026 15:11:58,T0,T2,8.0ft,0.05s
4.17.2026 15:11:58,T1,T2,9.4ft,0.05s
4.17.2026 15:11:58,T0,T1,2.0ft,0.05s
4.17.2026 15:11:58,T0,T2,7.9ft,0.05s
4.17.2026 15:11:58,T1,T2,9.4ft,0.05s
4.17.2026 15:11:58,T0,T1,1.9ft,0.05s
4.17.2026 15:11:58,T0,T2,7.9ft,0.05s
4.17.2026 15:11:58,T1,T2,9.4ft,0.05s
4.17.2026 15:11:58,T0,T1,1.8ft,0.05s
4.17.2026 15:11:58,T0,T2,7.9ft,0.05s
4.17.2026 15:11:58,T1,T2,9.3ft,0.05s
4.17.2026 15:11:59,T0,T1,1.7ft,0.05s
4.17.2026 15:11:59,T0,T2,7.9ft,0.05s
4.17.2026 15:11:59,T1,T2,9.2ft,0.05s
4.17.2026 15:11:59,T0,T1,1.6ft,0.05s
4.17.2026 15:11:59,T0,T2,7.9ft,0.05s
4.17.2026 15:11:59,T1,T2,9.2ft,0.05s
4.17.2026 15:11:59,T0,T1,1.5ft,0.05s
4.17.2026 15:11:59,T0,T2,7.8ft,0.05s
4.17.2026 15:11:59,T1,T2,9.1ft,0.05s
4.17.2026 15:11:59,T0,T1,1.5ft,0.05s
4.17.2026 15:11:59,T0,T2,7.9ft,0.05s
4.17.2026 15:11:59,T1,T2,9.1ft,0.05s
4.17.2026 15:11:59,T0,T1,1.4ft,0.05s
4.17.2026 15:11:59,T0,T2,7.9ft,0.05s
4.17.2026 15:11:59,T1,T2,9.1ft,0.05s
4.17.2026 15:11:59,T0,T1,1.4ft,0.05s
4.17.2026 15:11:59,T0,T2,8.0ft,0.05s
4.17.2026 15:11:59,T1,T2,9.1ft,0.05s
4.17.2026 15:11:59,T0,T1,1.4ft,0.05s
4.17.2026 15:11:59,T0,T2,8.1ft,0.05s
4.17.2026 15:11:59,T1,T2,9.1ft,0.05s
4.17.2026 15:11:59,T0,T1,1.4ft,0.05s
4.17.2026 15:11:59,T0,T2,8.1ft,0.05s
4.17.2026 15:11:59,T1,T2,9.1ft,0.05s
4.17.2026 15:11:59,T0,T1,1.4ft,0.05s
4.17.2026 15:11:59,T0,T2,8.2ft,0.05s
4.17.2026 15:11:59,T1,T2,9.1ft,0.05s
4.17.2026 15:11:59,T0,T1,1.4ft,0.05s
4.17.2026 15:11:59,T0,T2,8.2ft,0.05s
4.17.2026 15:11:59,T1,T2,9.1ft,0.05s
4.17.2026 15:11:59,T0,T1,1.5ft,0.05s
4.17.2026 15:11:59,T0,T2,8.2ft,0.05s
4.17.2026 15:11:59,T1,T2,9.1ft,0.05s
4.17.2026 15:11:59,T0,T1,1.6ft,0.05s
4.17.2026 15:11:59,T0,T2,8.2ft,0.05s
4.17.2026 15:11:59,T1,T2,9.1ft,0.05s
4.17.2026 15:11:59,T0,T1,1.6ft,0.05s
4.17.2026 15:11:59,T0,T2,8.2ft,0.05s
4.17.2026 15:11:59,T1,T2,9.0ft,0.05s
4.17.2026 15:11:59,T0,T1,1.7ft,0.05s
4.17.2026 15:11:59,T0,T2,8.3ft,0.05s
4.17.2026 15:11:59,T1,T2,9.2ft,0.05s
4.17.2026 15:11:59,T0,T1,1.7ft,0.05s
4.17.2026 15:11:59,T0,T2,8.4ft,0.05s
4.17.2026 15:11:59,T1,T2,9.3ft,0.05s
4.17.2026 15:11:59,T0,T1,1.7ft,0.05s
4.17.2026 15:11:59,T0,T2,8.5ft,0.05s
4.17.2026 15:11:59,T1,T2,9.3ft,0.05s
4.17.2026 15:11:59,T0,T1,1.7ft,0.05s
4.17.2026 15:11:59,T0,T2,8.5ft,0.05s
4.17.2026 15:11:59,T1,T2,9.4ft,0.05s
4.17.2026 15:11:59,T0,T1,1.6ft,0.05s
4.17.2026 15:11:59,T0,T2,8.5ft,0.05s
4.17.2026 15:11:59,T1,T2,9.4ft,0.05s
4.17.2026 15:11:59,T0,T1,1.6ft,0.05s
4.17.2026 15:11:59,T0,T2,8.5ft,0.05s
4.17.2026 15:11:59,T1,T2,9.4ft,0.05s
4.17.2026 15:11:59,T0,T1,1.5ft,0.05s
4.17.2026 15:11:59,T0,T2,8.5ft,0.05s
4.17.2026 15:11:59,T1,T2,9.4ft,0.05s
4.17.2026 15:12:00,T0,T1,1.4ft,0.05s
4.17.2026 15:12:00,T0,T2,8.5ft,0.05s
4.17.2026 15:12:00,T1,T2,9.3ft,0.05s
4.17.2026 15:12:00,T0,T1,1.3ft,0.05s
4.17.2026 15:12:00,T0,T2,8.4ft,0.05s
4.17.2026 15:12:00,T1,T2,9.3ft,0.05s
4.17.2026 15:12:00,T0,T1,1.3ft,0.05s
4.17.2026 15:12:00,T0,T2,8.4ft,0.05s
4.17.2026 15:12:00,T1,T2,9.2ft,0.05s
4.17.2026 15:12:00,T0,T1,1.2ft,0.05s
4.17.2026 15:12:00,T0,T2,8.3ft,0.05s
4.17.2026 15:12:00,T1,T2,9.2ft,0.05s
4.17.2026 15:12:00,T0,T1,1.2ft,0.05s
4.17.2026 15:12:00,T0,T2,8.2ft,0.05s
4.17.2026 15:12:00,T1,T2,9.1ft,0.05s
4.17.2026 15:12:00,T0,T1,1.2ft,0.05s
4.17.2026 15:12:00,T0,T2,8.1ft,0.05s
4.17.2026 15:12:00,T1,T2,9.1ft,0.05s
4.17.2026 15:12:00,T0,T1,1.2ft,0.05s
4.17.2026 15:12:00,T0,T2,8.1ft,0.05s
4.17.2026 15:12:00,T1,T2,9.0ft,0.05s
4.17.2026 15:12:00,T0,T1,1.2ft,0.05s
4.17.2026 15:12:00,T0,T2,8.0ft,0.05s
4.17.2026 15:12:00,T1,T2,9.0ft,0.05s
4.17.2026 15:12:00,T0,T1,1.1ft,0.05s
4.17.2026 15:12:00,T0,T2,8.0ft,0.05s
4.17.2026 15:12:00,T1,T2,8.9ft,0.05s
4.17.2026 15:12:00,T0,T1,1.1ft,0.05s
4.17.2026 15:12:00,T0,T2,7.9ft,0.05s
4.17.2026 15:12:00,T1,T2,8.9ft,0.05s
4.17.2026 15:12:00,T0,T1,1.0ft,0.05s
4.17.2026 15:12:00,T0,T2,7.9ft,0.05s
4.17.2026 15:12:00,T1,T2,8.8ft,0.05s
4.17.2026 15:12:00,T0,T1,1.0ft,0.05s
4.17.2026 15:12:00,T0,T2,7.8ft,0.05s
4.17.2026 15:12:00,T1,T2,8.7ft,0.05s
4.17.2026 15:12:00,T0,T1,0.9ft,0.05s
4.17.2026 15:12:00,T0,T2,7.8ft,0.05s
4.17.2026 15:12:00,T1,T2,8.7ft,0.05s
4.17.2026 15:12:00,T0,T1,0.9ft,0.05s
4.17.2026 15:12:00,T0,T2,7.8ft,0.05s
4.17.2026 15:12:00,T1,T2,8.6ft,0.05s
4.17.2026 15:12:00,T0,T1,0.9ft,0.05s
4.17.2026 15:12:00,T0,T2,7.7ft,0.05s
4.17.2026 15:12:00,T1,T2,8.6ft,0.05s
4.17.2026 15:12:00,T0,T1,0.8ft,0.05s
4.17.2026 15:12:00,T0,T2,7.7ft,0.05s
4.17.2026 15:12:00,T1,T2,8.5ft,0.05s
4.17.2026 15:12:00,T0,T1,0.9ft,0.05s
4.17.2026 15:12:00,T0,T2,7.7ft,0.05s
4.17.2026 15:12:00,T1,T2,8.5ft,0.05s
4.17.2026 15:12:00,T0,T1,0.9ft,0.05s
4.17.2026 15:12:00,T0,T2,7.6ft,0.05s
4.17.2026 15:12:00,T1,T2,8.5ft,0.05s
4.17.2026 15:12:00,T0,T1,0.8ft,0.05s
4.17.2026 15:12:00,T0,T2,7.7ft,0.05s
4.17.2026 15:12:00,T1,T2,8.4ft,0.05s
4.17.2026 15:12:00,T0,T1,0.7ft,0.05s
4.17.2026 15:12:00,T0,T2,7.7ft,0.05s
4.17.2026 15:12:00,T1,T2,8.4ft,0.05s
4.17.2026 15:12:01,T0,T1,0.6ft,0.05s
4.17.2026 15:12:01,T0,T2,7.8ft,0.05s
4.17.2026 15:12:01,T1,T2,8.4ft,0.05s
4.17.2026 15:12:01,T0,T1,0.5ft,0.05s
4.17.2026 15:12:01,T0,T2,7.8ft,0.05s
4.17.2026 15:12:01,T1,T2,8.3ft,0.05s
4.17.2026 15:12:01,T0,T1,0.5ft,0.06s
4.17.2026 15:12:01,T0,T2,7.8ft,0.06s
4.17.2026 15:12:01,T1,T2,8.3ft,0.06s
4.17.2026 15:12:01,T0,T1,0.5ft,0.05s
4.17.2026 15:12:01,T0,T2,7.8ft,0.05s
4.17.2026 15:12:01,T1,T2,8.3ft,0.05s
4.17.2026 15:12:01,T0,T1,0.5ft,0.05s
4.17.2026 15:12:01,T0,T2,7.7ft,0.05s
4.17.2026 15:12:01,T1,T2,8.2ft,0.05s
4.17.2026 15:12:01,T0,T1,0.5ft,0.05s
4.17.2026 15:12:01,T0,T2,7.7ft,0.05s
4.17.2026 15:12:01,T1,T2,8.2ft,0.05s
4.17.2026 15:12:01,T0,T1,0.4ft,0.05s
4.17.2026 15:12:01,T0,T2,7.7ft,0.05s
4.17.2026 15:12:01,T1,T2,8.2ft,0.05s
4.17.2026 15:12:01,T0,T1,0.4ft,0.05s
4.17.2026 15:12:01,T0,T2,7.7ft,0.05s
4.17.2026 15:12:01,T1,T2,8.1ft,0.05s
4.17.2026 15:12:01,T0,T1,0.4ft,0.05s
4.17.2026 15:12:01,T0,T2,7.7ft,0.05s
4.17.2026 15:12:01,T1,T2,8.1ft,0.05s
4.17.2026 15:12:01,T0,T1,0.4ft,0.05s
4.17.2026 15:12:01,T0,T2,7.7ft,0.05s
4.17.2026 15:12:01,T1,T2,8.1ft,0.05s
4.17.2026 15:12:01,T0,T1,0.4ft,0.05s
4.17.2026 15:12:01,T0,T2,7.7ft,0.05s
4.17.2026 15:12:01,T1,T2,8.1ft,0.05s
4.17.2026 15:12:01,T0,T1,0.4ft,0.05s
4.17.2026 15:12:01,T0,T2,7.8ft,0.05s
4.17.2026 15:12:01,T1,T2,8.1ft,0.05s
4.17.2026 15:12:01,T0,T1,0.4ft,0.05s
4.17.2026 15:12:01,T0,T2,7.8ft,0.05s
4.17.2026 15:12:01,T1,T2,8.1ft,0.05s
4.17.2026 15:12:01,T0,T1,0.3ft,0.05s
4.17.2026 15:12:01,T0,T2,7.8ft,0.05s
4.17.2026 15:12:01,T1,T2,8.1ft,0.05s
4.17.2026 15:12:01,T0,T1,0.3ft,0.05s
4.17.2026 15:12:01,T0,T2,7.8ft,0.05s
4.17.2026 15:12:01,T1,T2,8.1ft,0.05s
4.17.2026 15:12:01,T0,T1,0.4ft,0.05s
4.17.2026 15:12:01,T0,T2,7.8ft,0.05s
4.17.2026 15:12:01,T1,T2,8.1ft,0.05s
4.17.2026 15:12:01,T0,T1,0.4ft,0.05s
4.17.2026 15:12:01,T0,T2,7.8ft,0.05s
4.17.2026 15:12:01,T1,T2,8.1ft,0.05s
4.17.2026 15:12:01,T0,T1,0.4ft,0.05s
4.17.2026 15:12:01,T0,T2,7.7ft,0.05s
4.17.2026 15:12:01,T1,T2,8.1ft,0.05s
4.17.2026 15:12:01,T0,T1,0.5ft,0.05s
4.17.2026 15:12:01,T0,T2,7.7ft,0.05s
4.17.2026 15:12:01,T1,T2,8.1ft,0.05s
4.17.2026 15:12:02,T0,T1,0.5ft,0.05s
4.17.2026 15:12:02,T0,T2,7.7ft,0.05s
4.17.2026 15:12:02,T1,T2,8.1ft,0.05s
4.17.2026 15:12:02,T0,T1,0.6ft,0.05s
4.17.2026 15:12:02,T0,T2,7.7ft,0.05s
4.17.2026 15:12:02,T1,T2,8.2ft,0.05s
4.17.2026 15:12:02,T0,T1,0.6ft,0.05s
4.17.2026 15:12:02,T0,T2,7.7ft,0.05s
4.17.2026 15:12:02,T1,T2,8.2ft,0.05s
4.17.2026 15:12:02,T0,T1,0.6ft,0.05s
4.17.2026 15:12:02,T0,T2,7.8ft,0.05s
4.17.2026 15:12:02,T1,T2,8.2ft,0.05s
4.17.2026 15:12:02,T0,T1,0.6ft,0.05s
4.17.2026 15:12:02,T0,T2,7.8ft,0.05s
4.17.2026 15:12:02,T1,T2,8.3ft,0.05s
4.17.2026 15:12:02,T0,T1,0.6ft,0.05s
4.17.2026 15:12:02,T0,T2,7.8ft,0.05s
4.17.2026 15:12:02,T1,T2,8.4ft,0.05s
4.17.2026 15:12:02,T0,T1,0.6ft,0.05s
4.17.2026 15:12:02,T0,T2,7.8ft,0.05s
4.17.2026 15:12:02,T1,T2,8.4ft,0.05s
4.17.2026 15:12:02,T0,T1,0.7ft,0.05s
4.17.2026 15:12:02,T0,T2,7.8ft,0.05s
4.17.2026 15:12:02,T1,T2,8.4ft,0.05s
4.17.2026 15:12:02,T0,T1,0.7ft,0.05s
4.17.2026 15:12:02,T0,T2,7.8ft,0.05s
4.17.2026 15:12:02,T1,T2,8.5ft,0.05s
4.17.2026 15:12:02,T0,T1,0.7ft,0.05s
4.17.2026 15:12:02,T0,T2,7.8ft,0.05s
4.17.2026 15:12:02,T1,T2,8.5ft,0.05s
4.17.2026 15:12:02,T0,T1,0.7ft,0.05s
4.17.2026 15:12:02,T0,T2,7.8ft,0.05s
4.17.2026 15:12:02,T1,T2,8.5ft,0.05s
4.17.2026 15:12:02,T0,T1,0.8ft,0.05s
4.17.2026 15:12:02,T0,T2,7.9ft,0.05s
4.17.2026 15:12:02,T1,T2,8.7ft,0.05s
4.17.2026 15:12:02,T0,T1,1.0ft,0.05s
4.17.2026 15:12:02,T0,T2,7.9ft,0.05s
4.17.2026 15:12:02,T1,T2,8.9ft,0.05s
4.17.2026 15:12:02,T0,T1,1.2ft,0.05s
4.17.2026 15:12:02,T0,T2,8.0ft,0.05s
4.17.2026 15:12:02,T1,T2,9.1ft,0.05s
4.17.2026 15:12:02,T0,T1,1.6ft,0.05s
4.17.2026 15:12:02,T0,T2,8.0ft,0.05s
4.17.2026 15:12:02,T1,T2,9.5ft,0.05s
4.17.2026 15:12:02,T0,T1,2.0ft,0.05s
4.17.2026 15:12:02,T0,T2,8.1ft,0.05s
4.17.2026 15:12:02,T1,T2,9.9ft,0.05s
4.17.2026 15:12:02,T0,T1,2.3ft,0.05s
4.17.2026 15:12:02,T0,T2,8.2ft,0.05s
4.17.2026 15:12:02,T1,T2,10.2ft,0.05s
4.17.2026 15:12:02,T0,T1,2.5ft,0.05s
4.17.2026 15:12:02,T0,T2,8.2ft,0.05s
4.17.2026 15:12:02,T1,T2,10.3ft,0.05s
4.17.2026 15:12:02,T0,T1,2.4ft,0.05s
4.17.2026 15:12:02,T0,T2,8.2ft,0.05s
4.17.2026 15:12:02,T1,T2,10.3ft,0.05s
4.17.2026 15:12:02,T0,T1,2.4ft,0.05s
4.17.2026 15:12:02,T0,T2,8.2ft,0.05s
4.17.2026 15:12:02,T1,T2,10.2ft,0.05s
4.17.2026 15:12:03,T0,T1,2.4ft,0.05s
4.17.2026 15:12:03,T0,T2,8.2ft,0.05s
4.17.2026 15:12:03,T1,T2,10.2ft,0.05s
4.17.2026 15:12:03,T0,T1,2.5ft,0.05s
4.17.2026 15:12:03,T0,T2,8.1ft,0.05s
4.17.2026 15:12:03,T1,T2,10.2ft,0.05s
4.17.2026 15:12:03,T0,T1,2.6ft,0.05s
4.17.2026 15:12:03,T0,T2,8.1ft,0.05s
4.17.2026 15:12:03,T1,T2,10.3ft,0.05s
4.17.2026 15:12:03,T0,T1,2.7ft,0.05s
4.17.2026 15:12:03,T0,T2,8.1ft,0.05s
4.17.2026 15:12:03,T1,T2,10.3ft,0.05s
4.17.2026 15:12:03,T0,T1,2.5ft,0.05s
4.17.2026 15:12:03,T0,T2,8.0ft,0.05s
4.17.2026 15:12:03,T1,T2,10.2ft,0.05s
4.17.2026 15:12:03,T0,T1,2.5ft,0.05s
4.17.2026 15:12:03,T0,T2,8.0ft,0.05s
4.17.2026 15:12:03,T1,T2,10.2ft,0.05s
4.17.2026 15:12:03,T0,T1,2.5ft,0.05s
4.17.2026 15:12:03,T0,T2,8.0ft,0.05s
4.17.2026 15:12:03,T1,T2,10.1ft,0.05s
4.17.2026 15:12:03,T0,T1,2.4ft,0.05s
4.17.2026 15:12:03,T0,T2,8.0ft,0.05s
4.17.2026 15:12:03,T1,T2,10.1ft,0.05s
4.17.2026 15:12:03,T0,T1,2.3ft,0.05s
4.17.2026 15:12:03,T0,T2,8.0ft,0.05s
4.17.2026 15:12:03,T1,T2,10.0ft,0.05s
4.17.2026 15:12:03,T0,T1,2.2ft,0.05s
4.17.2026 15:12:03,T0,T2,7.9ft,0.05s
4.17.2026 15:12:03,T1,T2,9.9ft,0.05s
4.17.2026 15:12:03,T0,T1,2.1ft,0.05s
4.17.2026 15:12:03,T0,T2,7.9ft,0.05s
4.17.2026 15:12:03,T1,T2,9.8ft,0.05s
4.17.2026 15:12:03,T0,T1,2.0ft,0.05s
4.17.2026 15:12:03,T0,T2,7.9ft,0.05s
4.17.2026 15:12:03,T1,T2,9.7ft,0.05s
4.17.2026 15:12:03,T0,T1,1.8ft,0.05s
4.17.2026 15:12:03,T0,T2,7.9ft,0.05s
4.17.2026 15:12:03,T1,T2,9.6ft,0.05s
4.17.2026 15:12:03,T0,T1,1.7ft,0.06s
4.17.2026 15:12:03,T0,T2,7.9ft,0.06s
4.17.2026 15:12:03,T1,T2,9.5ft,0.06s
4.17.2026 15:12:03,T0,T1,1.7ft,0.05s
4.17.2026 15:12:03,T0,T2,7.9ft,0.05s
4.17.2026 15:12:03,T1,T2,9.5ft,0.05s
4.17.2026 15:12:03,T0,T1,1.6ft,0.05s
4.17.2026 15:12:03,T0,T2,7.9ft,0.05s
4.17.2026 15:12:03,T1,T2,9.6ft,0.05s
4.17.2026 15:12:03,T0,T1,1.6ft,0.05s
4.17.2026 15:12:03,T0,T2,8.0ft,0.05s
4.17.2026 15:12:03,T1,T2,9.6ft,0.05s
4.17.2026 15:12:03,T0,T1,1.6ft,0.05s
4.17.2026 15:12:03,T0,T2,8.0ft,0.05s
4.17.2026 15:12:03,T1,T2,9.6ft,0.05s
4.17.2026 15:12:03,T0,T1,1.6ft,0.05s
4.17.2026 15:12:03,T0,T2,8.1ft,0.05s
4.17.2026 15:12:03,T1,T2,9.6ft,0.05s
4.17.2026 15:12:04,T0,T1,1.6ft,0.05s
4.17.2026 15:12:04,T0,T2,8.1ft,0.05s
4.17.2026 15:12:04,T1,T2,9.6ft,0.05s
4.17.2026 15:12:04,T0,T1,1.6ft,0.05s
4.17.2026 15:12:04,T0,T2,8.2ft,0.05s
4.17.2026 15:12:04,T1,T2,9.7ft,0.05s
4.17.2026 15:12:04,T0,T1,1.6ft,0.05s
4.17.2026 15:12:04,T0,T2,8.3ft,0.05s
4.17.2026 15:12:04,T1,T2,9.7ft,0.05s
4.17.2026 15:12:04,T0,T1,1.5ft,0.05s
4.17.2026 15:12:04,T0,T2,8.4ft,0.05s
4.17.2026 15:12:04,T1,T2,9.7ft,0.05s
4.17.2026 15:12:04,T0,T1,1.5ft,0.05s
4.17.2026 15:12:04,T0,T2,8.4ft,0.05s
4.17.2026 15:12:04,T1,T2,9.8ft,0.05s
4.17.2026 15:12:04,T0,T1,1.5ft,0.05s
4.17.2026 15:12:04,T0,T2,8.5ft,0.05s
4.17.2026 15:12:04,T1,T2,9.8ft,0.05s
4.17.2026 15:12:04,T0,T1,1.5ft,0.05s
4.17.2026 15:12:04,T0,T2,8.6ft,0.05s
4.17.2026 15:12:04,T1,T2,9.9ft,0.05s
4.17.2026 15:12:04,T0,T1,1.5ft,0.05s
4.17.2026 15:12:04,T0,T2,8.7ft,0.05s
4.17.2026 15:12:04,T1,T2,9.9ft,0.05s
4.17.2026 15:12:04,T0,T1,1.4ft,0.05s
4.17.2026 15:12:04,T0,T2,8.8ft,0.05s
4.17.2026 15:12:04,T1,T2,10.0ft,0.05s
4.17.2026 15:12:04,T0,T1,1.4ft,0.05s
4.17.2026 15:12:04,T0,T2,8.8ft,0.05s
4.17.2026 15:12:04,T1,T2,10.0ft,0.05s
4.17.2026 15:12:04,T0,T1,1.4ft,0.05s
4.17.2026 15:12:04,T0,T2,8.8ft,0.05s
4.17.2026 15:12:04,T1,T2,9.9ft,0.05s
4.17.2026 15:12:04,T0,T1,1.4ft,0.05s
4.17.2026 15:12:04,T0,T2,8.7ft,0.05s
4.17.2026 15:12:04,T1,T2,9.8ft,0.05s
4.17.2026 15:12:04,T0,T1,1.4ft,0.05s
4.17.2026 15:12:04,T0,T2,8.7ft,0.05s
4.17.2026 15:12:04,T1,T2,9.7ft,0.05s
4.17.2026 15:12:04,T0,T1,1.4ft,0.05s
4.17.2026 15:12:04,T0,T2,8.6ft,0.05s
4.17.2026 15:12:04,T1,T2,9.6ft,0.05s
4.17.2026 15:12:04,T0,T1,1.3ft,0.05s
4.17.2026 15:12:04,T0,T2,8.6ft,0.05s
4.17.2026 15:12:04,T1,T2,9.5ft,0.05s
4.17.2026 15:12:04,T0,T1,1.3ft,0.05s
4.17.2026 15:12:04,T0,T2,8.5ft,0.05s
4.17.2026 15:12:04,T1,T2,9.4ft,0.05s
4.17.2026 15:12:04,T0,T1,1.3ft,0.05s
4.17.2026 15:12:04,T0,T2,8.4ft,0.05s
4.17.2026 15:12:04,T1,T2,9.4ft,0.05s
4.17.2026 15:12:04,T0,T1,1.3ft,0.05s
4.17.2026 15:12:04,T0,T2,8.3ft,0.05s
4.17.2026 15:12:04,T1,T2,9.4ft,0.05s
4.17.2026 15:12:04,T0,T1,1.3ft,0.05s
4.17.2026 15:12:04,T0,T2,8.3ft,0.05s
4.17.2026 15:12:04,T1,T2,9.5ft,0.05s
4.17.2026 15:12:04,T0,T1,1.3ft,0.05s
4.17.2026 15:12:04,T0,T2,8.2ft,0.05s
4.17.2026 15:12:04,T1,T2,9.5ft,0.05s
4.17.2026 15:12:05,T0,T1,1.5ft,0.05s
4.17.2026 15:12:05,T0,T2,8.1ft,0.05s
4.17.2026 15:12:05,T1,T2,9.6ft,0.05s
4.17.2026 15:12:05,T0,T1,1.5ft,0.05s
4.17.2026 15:12:05,T0,T2,8.1ft,0.05s
4.17.2026 15:12:05,T1,T2,9.6ft,0.05s
4.17.2026 15:12:05,T0,T1,1.6ft,0.05s
4.17.2026 15:12:05,T0,T2,8.0ft,0.05s
4.17.2026 15:12:05,T1,T2,9.6ft,0.05s
4.17.2026 15:12:05,T0,T1,1.5ft,0.05s
4.17.2026 15:12:05,T0,T2,8.0ft,0.05s
4.17.2026 15:12:05,T1,T2,9.5ft,0.05s
4.17.2026 15:12:05,T0,T1,1.5ft,0.05s
4.17.2026 15:12:05,T0,T2,8.0ft,0.05s
4.17.2026 15:12:05,T1,T2,9.5ft,0.05s
4.17.2026 15:12:05,T0,T1,1.4ft,0.05s
4.17.2026 15:12:05,T0,T2,8.0ft,0.05s
4.17.2026 15:12:05,T1,T2,9.4ft,0.05s
4.17.2026 15:12:05,T0,T1,1.4ft,0.05s
4.17.2026 15:12:05,T0,T2,8.0ft,0.05s
4.17.2026 15:12:05,T1,T2,9.3ft,0.05s
4.17.2026 15:12:05,T0,T1,1.3ft,0.05s
4.17.2026 15:12:05,T0,T2,8.0ft,0.05s
4.17.2026 15:12:05,T1,T2,9.3ft,0.05s
4.17.2026 15:12:05,T0,T1,1.3ft,0.05s
4.17.2026 15:12:05,T0,T2,8.0ft,0.05s
4.17.2026 15:12:05,T1,T2,9.2ft,0.05s
4.17.2026 15:12:05,T0,T1,1.2ft,0.05s
4.17.2026 15:12:05,T0,T2,8.0ft,0.05s
4.17.2026 15:12:05,T1,T2,9.2ft,0.05s
4.17.2026 15:12:05,T0,T1,1.2ft,0.05s
4.17.2026 15:12:05,T0,T2,8.0ft,0.05s
4.17.2026 15:12:05,T1,T2,9.1ft,0.05s
4.17.2026 15:12:05,T0,T1,1.1ft,0.05s
4.17.2026 15:12:05,T0,T2,7.9ft,0.05s
4.17.2026 15:12:05,T1,T2,9.1ft,0.05s
4.17.2026 15:12:05,T0,T1,1.1ft,0.05s
4.17.2026 15:12:05,T0,T2,7.9ft,0.05s
4.17.2026 15:12:05,T1,T2,9.0ft,0.05s
4.17.2026 15:12:05,T0,T1,1.1ft,0.05s
4.17.2026 15:12:05,T0,T2,7.9ft,0.05s
4.17.2026 15:12:05,T1,T2,9.0ft,0.05s
4.17.2026 15:12:05,T0,T1,1.1ft,0.05s
4.17.2026 15:12:05,T0,T2,7.9ft,0.05s
4.17.2026 15:12:05,T1,T2,8.9ft,0.05s
4.17.2026 15:12:05,T0,T1,1.0ft,0.05s
4.17.2026 15:12:05,T0,T2,7.9ft,0.05s
4.17.2026 15:12:05,T1,T2,8.9ft,0.05s
4.17.2026 15:12:05,T0,T1,1.0ft,0.05s
4.17.2026 15:12:05,T0,T2,7.9ft,0.05s
4.17.2026 15:12:05,T1,T2,8.8ft,0.05s
4.17.2026 15:12:05,T0,T1,1.0ft,0.05s
4.17.2026 15:12:05,T0,T2,7.9ft,0.05s
4.17.2026 15:12:05,T1,T2,8.9ft,0.05s
4.17.2026 15:12:05,T0,T1,1.1ft,0.05s
4.17.2026 15:12:05,T0,T2,7.9ft,0.05s
4.17.2026 15:12:05,T1,T2,9.0ft,0.05s
4.17.2026 15:12:06,T0,T1,1.3ft,0.05s
4.17.2026 15:12:06,T0,T2,7.9ft,0.05s
4.17.2026 15:12:06,T1,T2,9.2ft,0.05s
4.17.2026 15:12:06,T0,T1,1.4ft,0.05s
4.17.2026 15:12:06,T0,T2,7.9ft,0.05s
4.17.2026 15:12:06,T1,T2,9.3ft,0.05s
4.17.2026 15:12:06,T0,T1,1.4ft,0.05s
4.17.2026 15:12:06,T0,T2,7.9ft,0.05s
4.17.2026 15:12:06,T1,T2,9.3ft,0.05s
4.17.2026 15:12:06,T0,T1,1.4ft,0.05s
4.17.2026 15:12:06,T0,T2,7.9ft,0.05s
4.17.2026 15:12:06,T1,T2,9.3ft,0.05s
4.17.2026 15:12:06,T0,T1,1.4ft,0.05s
4.17.2026 15:12:06,T0,T2,7.9ft,0.05s
4.17.2026 15:12:06,T1,T2,9.3ft,0.05s
4.17.2026 15:12:06,T0,T1,1.3ft,0.06s
4.17.2026 15:12:06,T0,T2,7.9ft,0.06s
4.17.2026 15:12:06,T1,T2,9.2ft,0.06s
4.17.2026 15:12:06,T0,T1,1.3ft,0.05s
4.17.2026 15:12:06,T0,T2,7.9ft,0.05s
4.17.2026 15:12:06,T1,T2,9.1ft,0.05s
4.17.2026 15:12:06,T0,T1,1.2ft,0.05s
4.17.2026 15:12:06,T0,T2,7.9ft,0.05s
4.17.2026 15:12:06,T1,T2,9.1ft,0.05s
4.17.2026 15:12:06,T0,T1,1.1ft,0.05s
4.17.2026 15:12:06,T0,T2,7.9ft,0.05s
4.17.2026 15:12:06,T1,T2,9.0ft,0.05s
4.17.2026 15:12:06,T0,T1,1.0ft,0.05s
4.17.2026 15:12:06,T0,T2,8.0ft,0.05s
4.17.2026 15:12:06,T1,T2,9.0ft,0.05s
4.17.2026 15:12:06,T0,T1,1.0ft,0.05s
4.17.2026 15:12:06,T0,T2,8.0ft,0.05s
4.17.2026 15:12:06,T1,T2,8.9ft,0.05s
4.17.2026 15:12:06,T0,T1,0.9ft,0.05s
4.17.2026 15:12:06,T0,T2,8.0ft,0.05s
4.17.2026 15:12:06,T1,T2,8.9ft,0.05s
4.17.2026 15:12:06,T0,T1,0.9ft,0.05s
4.17.2026 15:12:06,T0,T2,8.0ft,0.05s
4.17.2026 15:12:06,T1,T2,8.8ft,0.05s
4.17.2026 15:12:06,T0,T1,0.9ft,0.05s
4.17.2026 15:12:06,T0,T2,8.0ft,0.05s
4.17.2026 15:12:06,T1,T2,8.8ft,0.05s
4.17.2026 15:12:06,T0,T1,0.9ft,0.05s
4.17.2026 15:12:06,T0,T2,8.0ft,0.05s
4.17.2026 15:12:06,T1,T2,8.8ft,0.05s
4.17.2026 15:12:06,T0,T1,0.9ft,0.05s
4.17.2026 15:12:06,T0,T2,8.0ft,0.05s
4.17.2026 15:12:06,T1,T2,8.7ft,0.05s
4.17.2026 15:12:06,T0,T1,1.0ft,0.05s
4.17.2026 15:12:06,T0,T2,7.9ft,0.05s
4.17.2026 15:12:06,T1,T2,8.9ft,0.05s
4.17.2026 15:12:06,T0,T1,1.2ft,0.05s
4.17.2026 15:12:06,T0,T2,7.9ft,0.05s
4.17.2026 15:12:06,T1,T2,9.2ft,0.05s
4.17.2026 15:12:06,T0,T1,1.5ft,0.05s
4.17.2026 15:12:06,T0,T2,7.9ft,0.05s
4.17.2026 15:12:06,T1,T2,9.4ft,0.05s
4.17.2026 15:12:06,T0,T1,1.8ft,0.05s
4.17.2026 15:12:06,T0,T2,7.9ft,0.05s
4.17.2026 15:12:06,T1,T2,9.6ft,0.05s
4.17.2026 15:12:07,T0,T1,2.1ft,0.05s
4.17.2026 15:12:07,T0,T2,7.9ft,0.05s
4.17.2026 15:12:07,T1,T2,9.9ft,0.05s
4.17.2026 15:12:07,T0,T1,2.4ft,0.05s
4.17.2026 15:12:07,T0,T2,7.9ft,0.05s
4.17.2026 15:12:07,T1,T2,10.0ft,0.05s
4.17.2026 15:12:07,T0,T1,2.7ft,0.05s
4.17.2026 15:12:07,T0,T2,7.9ft,0.05s
4.17.2026 15:12:07,T1,T2,10.2ft,0.05s
4.17.2026 15:12:07,T0,T1,2.6ft,0.05s
4.17.2026 15:12:07,T0,T2,7.8ft,0.05s
4.17.2026 15:12:07,T1,T2,10.2ft,0.05s
4.17.2026 15:12:07,T0,T1,2.5ft,0.05s
4.17.2026 15:12:07,T0,T2,7.8ft,0.05s
4.17.2026 15:12:07,T1,T2,10.0ft,0.05s
4.17.2026 15:12:07,T0,T1,2.4ft,0.05s
4.17.2026 15:12:07,T0,T2,7.8ft,0.05s
4.17.2026 15:12:07,T1,T2,10.0ft,0.05s
4.17.2026 15:12:07,T0,T1,2.4ft,0.05s
4.17.2026 15:12:07,T0,T2,7.7ft,0.05s
4.17.2026 15:12:07,T1,T2,9.9ft,0.05s
4.17.2026 15:12:07,T0,T1,2.3ft,0.05s
4.17.2026 15:12:07,T0,T2,7.7ft,0.05s
4.17.2026 15:12:07,T1,T2,9.9ft,0.05s
4.17.2026 15:12:07,T0,T1,2.4ft,0.05s
4.17.2026 15:12:07,T0,T2,7.7ft,0.05s
4.17.2026 15:12:07,T1,T2,9.9ft,0.05s
4.17.2026 15:12:07,T0,T1,2.5ft,0.05s
4.17.2026 15:12:07,T0,T2,7.7ft,0.05s
4.17.2026 15:12:07,T1,T2,10.0ft,0.05s
4.17.2026 15:12:07,T0,T1,2.7ft,0.05s
4.17.2026 15:12:07,T0,T2,7.6ft,0.05s
4.17.2026 15:12:07,T1,T2,10.1ft,0.05s
4.17.2026 15:12:07,T0,T1,2.9ft,0.05s
4.17.2026 15:12:07,T0,T2,7.6ft,0.05s
4.17.2026 15:12:07,T1,T2,10.2ft,0.05s
4.17.2026 15:12:07,T0,T1,3.1ft,0.05s
4.17.2026 15:12:07,T0,T2,7.6ft,0.05s
4.17.2026 15:12:07,T1,T2,10.4ft,0.05s
4.17.2026 15:12:07,T0,T1,3.2ft,0.05s
4.17.2026 15:12:07,T0,T2,7.6ft,0.05s
4.17.2026 15:12:07,T1,T2,10.5ft,0.05s
4.17.2026 15:12:07,T0,T1,3.2ft,0.05s
4.17.2026 15:12:07,T0,T2,7.6ft,0.05s
4.17.2026 15:12:07,T1,T2,10.5ft,0.05s
4.17.2026 15:12:07,T0,T1,3.0ft,0.05s
4.17.2026 15:12:07,T0,T2,7.6ft,0.05s
4.17.2026 15:12:07,T1,T2,10.3ft,0.05s
4.17.2026 15:12:07,T0,T1,2.8ft,0.05s
4.17.2026 15:12:07,T0,T2,7.5ft,0.05s
4.17.2026 15:12:07,T1,T2,10.1ft,0.05s
4.17.2026 15:12:07,T0,T1,2.6ft,0.05s
4.17.2026 15:12:07,T0,T2,7.5ft,0.05s
4.17.2026 15:12:07,T1,T2,9.9ft,0.05s
4.17.2026 15:12:07,T0,T1,2.4ft,0.05s
4.17.2026 15:12:07,T0,T2,7.6ft,0.05s
4.17.2026 15:12:07,T1,T2,9.8ft,0.05s
4.17.2026 15:12:08,T0,T1,2.1ft,0.05s
4.17.2026 15:12:08,T0,T2,7.6ft,0.05s
4.17.2026 15:12:08,T1,T2,9.6ft,0.05s
4.17.2026 15:12:08,T0,T1,2.0ft,0.05s
4.17.2026 15:12:08,T0,T2,7.6ft,0.05s
4.17.2026 15:12:08,T1,T2,9.5ft,0.05s
4.17.2026 15:12:08,T0,T1,1.8ft,0.05s
4.17.2026 15:12:08,T0,T2,7.6ft,0.05s
4.17.2026 15:12:08,T1,T2,9.4ft,0.05s
4.17.2026 15:12:08,T0,T1,1.8ft,0.05s
4.17.2026 15:12:08,T0,T2,7.6ft,0.05s
4.17.2026 15:12:08,T1,T2,9.4ft,0.05s
4.17.2026 15:12:08,T0,T1,1.8ft,0.05s
4.17.2026 15:12:08,T0,T2,7.7ft,0.05s
4.17.2026 15:12:08,T1,T2,9.4ft,0.05s
4.17.2026 15:12:08,T0,T1,1.7ft,0.05s
4.17.2026 15:12:08,T0,T2,7.7ft,0.05s
4.17.2026 15:12:08,T1,T2,9.4ft,0.05s
4.17.2026 15:12:08,T0,T1,1.6ft,0.05s
4.17.2026 15:12:08,T0,T2,7.7ft,0.05s
4.17.2026 15:12:08,T1,T2,9.3ft,0.05s
4.17.2026 15:12:08,T0,T1,1.6ft,0.05s
4.17.2026 15:12:08,T0,T2,7.7ft,0.05s
4.17.2026 15:12:08,T1,T2,9.3ft,0.05s
4.17.2026 15:12:08,T0,T1,1.6ft,0.05s
4.17.2026 15:12:08,T0,T2,7.8ft,0.05s
4.17.2026 15:12:08,T1,T2,9.3ft,0.05s
4.17.2026 15:12:08,T0,T1,1.5ft,0.05s
4.17.2026 15:12:08,T0,T2,7.8ft,0.05s
4.17.2026 15:12:08,T1,T2,9.4ft,0.05s
4.17.2026 15:12:08,T0,T1,1.5ft,0.05s
4.17.2026 15:12:08,T0,T2,7.9ft,0.05s
4.17.2026 15:12:08,T1,T2,9.5ft,0.05s
4.17.2026 15:12:08,T0,T1,1.5ft,0.05s
4.17.2026 15:12:08,T0,T2,8.1ft,0.05s
4.17.2026 15:12:08,T1,T2,9.6ft,0.05s
4.17.2026 15:12:08,T0,T1,1.6ft,0.05s
4.17.2026 15:12:08,T0,T2,8.3ft,0.05s
4.17.2026 15:12:08,T1,T2,9.8ft,0.05s
4.17.2026 15:12:08,T0,T1,1.5ft,0.05s
4.17.2026 15:12:08,T0,T2,8.4ft,0.05s
4.17.2026 15:12:08,T1,T2,10.0ft,0.05s
4.17.2026 15:12:08,T0,T1,1.5ft,0.05s
4.17.2026 15:12:08,T0,T2,8.5ft,0.05s
4.17.2026 15:12:08,T1,T2,10.0ft,0.05s
4.17.2026 15:12:08,T0,T1,1.5ft,0.05s
4.17.2026 15:12:08,T0,T2,8.6ft,0.05s
4.17.2026 15:12:08,T1,T2,10.1ft,0.05s
4.17.2026 15:12:08,T0,T1,1.5ft,0.05s
4.17.2026 15:12:08,T0,T2,8.6ft,0.05s
4.17.2026 15:12:08,T1,T2,10.1ft,0.05s
4.17.2026 15:12:08,T0,T1,1.5ft,0.05s
4.17.2026 15:12:08,T0,T2,8.6ft,0.05s
4.17.2026 15:12:08,T1,T2,10.1ft,0.05s
4.17.2026 15:12:08,T0,T1,1.5ft,0.05s
4.17.2026 15:12:08,T0,T2,8.6ft,0.05s
4.17.2026 15:12:08,T1,T2,10.1ft,0.05s
4.17.2026 15:12:08,T0,T1,1.5ft,0.05s
4.17.2026 15:12:08,T0,T2,8.5ft,0.05s
4.17.2026 15:12:08,T1,T2,10.0ft,0.05s
4.17.2026 15:12:09,T0,T1,1.6ft,0.05s
4.17.2026 15:12:09,T0,T2,8.4ft,0.05s
4.17.2026 15:12:09,T1,T2,10.0ft,0.05s
4.17.2026 15:12:09,T0,T1,1.7ft,0.05s
4.17.2026 15:12:09,T0,T2,8.3ft,0.05s
4.17.2026 15:12:09,T1,T2,10.0ft,0.05s
4.17.2026 15:12:09,T0,T1,1.8ft,0.05s
4.17.2026 15:12:09,T0,T2,8.2ft,0.05s
4.17.2026 15:12:09,T1,T2,10.0ft,0.05s
4.17.2026 15:12:09,T0,T1,1.9ft,0.05s
4.17.2026 15:12:09,T0,T2,8.1ft,0.05s
4.17.2026 15:12:09,T1,T2,9.9ft,0.05s
4.17.2026 15:12:09,T0,T1,1.8ft,0.05s
4.17.2026 15:12:09,T0,T2,8.1ft,0.05s
4.17.2026 15:12:09,T1,T2,9.9ft,0.05s
4.17.2026 15:12:09,T0,T1,1.8ft,0.05s
4.17.2026 15:12:09,T0,T2,8.1ft,0.05s
4.17.2026 15:12:09,T1,T2,9.8ft,0.05s
4.17.2026 15:12:09,T0,T1,1.9ft,0.05s
4.17.2026 15:12:09,T0,T2,8.0ft,0.05s
4.17.2026 15:12:09,T1,T2,9.8ft,0.05s
4.17.2026 15:12:09,T0,T1,1.9ft,0.05s
4.17.2026 15:12:09,T0,T2,8.0ft,0.05s
4.17.2026 15:12:09,T1,T2,9.7ft,0.05s
4.17.2026 15:12:09,T0,T1,1.9ft,0.05s
4.17.2026 15:12:09,T0,T2,7.9ft,0.05s
4.17.2026 15:12:09,T1,T2,9.7ft,0.05s
4.17.2026 15:12:09,T0,T1,1.9ft,0.05s
4.17.2026 15:12:09,T0,T2,7.9ft,0.05s
4.17.2026 15:12:09,T1,T2,9.6ft,0.05s
4.17.2026 15:12:09,T0,T1,1.8ft,0.05s
4.17.2026 15:12:09,T0,T2,7.8ft,0.05s
4.17.2026 15:12:09,T1,T2,9.5ft,0.05s
4.17.2026 15:12:09,T0,T1,1.9ft,0.05s
4.17.2026 15:12:09,T0,T2,7.8ft,0.05s
4.17.2026 15:12:09,T1,T2,9.5ft,0.05s
4.17.2026 15:12:09,T0,T1,1.9ft,0.05s
4.17.2026 15:12:09,T0,T2,7.8ft,0.05s
4.17.2026 15:12:09,T1,T2,9.6ft,0.05s
4.17.2026 15:12:09,T0,T1,1.9ft,0.05s
4.17.2026 15:12:09,T0,T2,7.8ft,0.05s
4.17.2026 15:12:09,T1,T2,9.6ft,0.05s
4.17.2026 15:12:09,T0,T1,1.9ft,0.05s
4.17.2026 15:12:09,T0,T2,7.8ft,0.05s
4.17.2026 15:12:09,T1,T2,9.6ft,0.05s
4.17.2026 15:12:09,T0,T1,1.9ft,0.05s
4.17.2026 15:12:09,T0,T2,7.8ft,0.05s
4.17.2026 15:12:09,T1,T2,9.6ft,0.05s
4.17.2026 15:12:09,T0,T1,1.9ft,0.05s
4.17.2026 15:12:09,T0,T2,7.8ft,0.05s
4.17.2026 15:12:09,T1,T2,9.5ft,0.05s
4.17.2026 15:12:09,T0,T1,1.9ft,0.05s
4.17.2026 15:12:09,T0,T2,7.8ft,0.05s
4.17.2026 15:12:09,T1,T2,9.5ft,0.05s
4.17.2026 15:12:09,T0,T1,2.1ft,0.05s
4.17.2026 15:12:09,T0,T2,7.8ft,0.05s
4.17.2026 15:12:09,T1,T2,9.6ft,0.05s
4.17.2026 15:12:09,T0,T1,2.3ft,0.05s
4.17.2026 15:12:09,T0,T2,7.8ft,0.05s
4.17.2026 15:12:09,T1,T2,9.6ft,0.05s
4.17.2026 15:12:10,T0,T1,2.3ft,0.05s
4.17.2026 15:12:10,T0,T2,7.8ft,0.05s
4.17.2026 15:12:10,T1,T2,9.7ft,0.05s
4.17.2026 15:12:10,T0,T1,2.2ft,0.05s
4.17.2026 15:12:10,T0,T2,7.8ft,0.05s
4.17.2026 15:12:10,T1,T2,9.7ft,0.05s
4.17.2026 15:12:10,T0,T1,2.1ft,0.05s
4.17.2026 15:12:10,T0,T2,7.7ft,0.05s
4.17.2026 15:12:10,T1,T2,9.7ft,0.05s
4.17.2026 15:12:10,T0,T1,2.2ft,0.05s
4.17.2026 15:12:10,T0,T2,7.7ft,0.05s
4.17.2026 15:12:10,T1,T2,9.8ft,0.05s
4.17.2026 15:12:10,T0,T1,2.2ft,0.05s
4.17.2026 15:12:10,T0,T2,7.6ft,0.05s
4.17.2026 15:12:10,T1,T2,9.8ft,0.05s
4.17.2026 15:12:10,T0,T1,2.3ft,0.05s
4.17.2026 15:12:10,T0,T2,7.6ft,0.05s
4.17.2026 15:12:10,T1,T2,9.8ft,0.05s
4.17.2026 15:12:10,T0,T1,2.3ft,0.05s
4.17.2026 15:12:10,T0,T2,7.5ft,0.05s
4.17.2026 15:12:10,T1,T2,9.8ft,0.05s
4.17.2026 15:12:10,T0,T1,2.3ft,0.05s
4.17.2026 15:12:10,T0,T2,7.5ft,0.05s
4.17.2026 15:12:10,T1,T2,9.8ft,0.05s
4.17.2026 15:12:10,T0,T1,2.3ft,0.05s
4.17.2026 15:12:10,T0,T2,7.5ft,0.05s
4.17.2026 15:12:10,T1,T2,9.8ft,0.05s
4.17.2026 15:12:10,T0,T1,2.5ft,0.05s
4.17.2026 15:12:10,T0,T2,7.5ft,0.05s
4.17.2026 15:12:10,T1,T2,9.8ft,0.05s
4.17.2026 15:12:10,T0,T1,2.7ft,0.05s
4.17.2026 15:12:10,T0,T2,7.4ft,0.05s
4.17.2026 15:12:10,T1,T2,9.8ft,0.05s
4.17.2026 15:12:10,T0,T1,2.9ft,0.05s
4.17.2026 15:12:10,T0,T2,7.4ft,0.05s
4.17.2026 15:12:10,T1,T2,9.8ft,0.05s
4.17.2026 15:12:10,T0,T1,2.8ft,0.05s
4.17.2026 15:12:10,T0,T2,7.4ft,0.05s
4.17.2026 15:12:10,T1,T2,9.7ft,0.05s
4.17.2026 15:12:10,T0,T1,2.8ft,0.05s
4.17.2026 15:12:10,T0,T2,7.4ft,0.05s
4.17.2026 15:12:10,T1,T2,9.7ft,0.05s
4.17.2026 15:12:10,T0,T1,2.6ft,0.05s
4.17.2026 15:12:10,T0,T2,7.4ft,0.05s
4.17.2026 15:12:10,T1,T2,9.6ft,0.05s
4.17.2026 15:12:10,T0,T1,2.5ft,0.05s
4.17.2026 15:12:10,T0,T2,7.4ft,0.05s
4.17.2026 15:12:10,T1,T2,9.5ft,0.05s
4.17.2026 15:12:10,T0,T1,2.3ft,0.05s
4.17.2026 15:12:10,T0,T2,7.4ft,0.05s
4.17.2026 15:12:10,T1,T2,9.4ft,0.05s
4.17.2026 15:12:10,T0,T1,2.1ft,0.05s
4.17.2026 15:12:10,T0,T2,7.4ft,0.05s
4.17.2026 15:12:10,T1,T2,9.3ft,0.05s
4.17.2026 15:12:10,T0,T1,1.9ft,0.05s
4.17.2026 15:12:10,T0,T2,7.5ft,0.05s
4.17.2026 15:12:10,T1,T2,9.2ft,0.05s
4.17.2026 15:12:11,T0,T1,1.9ft,0.05s
4.17.2026 15:12:11,T0,T2,7.5ft,0.05s
4.17.2026 15:12:11,T1,T2,9.2ft,0.05s
4.17.2026 15:12:11,T0,T1,1.8ft,0.05s
4.17.2026 15:12:11,T0,T2,7.6ft,0.05s
4.17.2026 15:12:11,T1,T2,9.2ft,0.05s
4.17.2026 15:12:11,T0,T1,1.7ft,0.05s
4.17.2026 15:12:11,T0,T2,7.6ft,0.05s
4.17.2026 15:12:11,T1,T2,9.1ft,0.05s
4.17.2026 15:12:11,T0,T1,1.6ft,0.05s
4.17.2026 15:12:11,T0,T2,7.7ft,0.05s
4.17.2026 15:12:11,T1,T2,9.1ft,0.05s
4.17.2026 15:12:11,T0,T1,1.3ft,0.05s
4.17.2026 15:12:11,T0,T2,7.8ft,0.05s
4.17.2026 15:12:11,T1,T2,9.1ft,0.05s
4.17.2026 15:12:11,T0,T1,1.0ft,0.05s
4.17.2026 15:12:11,T0,T2,8.0ft,0.05s
4.17.2026 15:12:11,T1,T2,9.0ft,0.05s
4.17.2026 15:12:11,T0,T1,1.3ft,0.05s
4.17.2026 15:12:11,T0,T2,8.3ft,0.05s
4.17.2026 15:12:11,T1,T2,9.0ft,0.05s
4.17.2026 15:12:11,T0,T1,1.7ft,0.05s
4.17.2026 15:12:11,T0,T2,8.5ft,0.05s
4.17.2026 15:12:11,T1,T2,9.0ft,0.05s
4.17.2026 15:12:11,T0,T1,2.1ft,0.05s
4.17.2026 15:12:11,T0,T2,8.8ft,0.05s
4.17.2026 15:12:11,T1,T2,9.0ft,0.05s
4.17.2026 15:12:11,T0,T1,2.4ft,0.05s
4.17.2026 15:12:11,T0,T2,9.0ft,0.05s
4.17.2026 15:12:11,T1,T2,9.0ft,0.05s
4.17.2026 15:12:11,T0,T1,2.6ft,0.05s
4.17.2026 15:12:11,T0,T2,9.1ft,0.05s
4.17.2026 15:12:11,T1,T2,9.0ft,0.05s
4.17.2026 15:12:11,T0,T1,3.0ft,0.05s
4.17.2026 15:12:11,T0,T2,9.2ft,0.05s
4.17.2026 15:12:11,T1,T2,9.0ft,0.05s
4.17.2026 15:12:11,T0,T1,3.3ft,0.05s
4.17.2026 15:12:11,T0,T2,9.2ft,0.05s
4.17.2026 15:12:11,T1,T2,9.0ft,0.05s
4.17.2026 15:12:11,T0,T1,3.5ft,0.05s
4.17.2026 15:12:11,T0,T2,9.2ft,0.05s
4.17.2026 15:12:11,T1,T2,9.1ft,0.05s
4.17.2026 15:12:11,T0,T1,3.6ft,0.05s
4.17.2026 15:12:11,T0,T2,9.1ft,0.05s
4.17.2026 15:12:11,T1,T2,9.1ft,0.05s
4.17.2026 15:12:11,T0,T1,3.6ft,0.05s
4.17.2026 15:12:11,T0,T2,8.9ft,0.05s
4.17.2026 15:12:11,T1,T2,9.1ft,0.05s
4.17.2026 15:12:11,T0,T1,3.5ft,0.05s
4.17.2026 15:12:11,T0,T2,8.8ft,0.05s
4.17.2026 15:12:11,T1,T2,9.1ft,0.05s
4.17.2026 15:12:11,T0,T1,3.4ft,0.05s
4.17.2026 15:12:11,T0,T2,8.6ft,0.05s
4.17.2026 15:12:11,T1,T2,9.1ft,0.05s
4.17.2026 15:12:11,T0,T1,3.2ft,0.05s
4.17.2026 15:12:11,T0,T2,8.5ft,0.05s
4.17.2026 15:12:11,T1,T2,9.1ft,0.05s
4.17.2026 15:12:11,T0,T1,3.0ft,0.05s
4.17.2026 15:12:11,T0,T2,8.3ft,0.05s
4.17.2026 15:12:11,T1,T2,9.1ft,0.05s
4.17.2026 15:12:12,T0,T1,2.9ft,0.05s
4.17.2026 15:12:12,T0,T2,8.2ft,0.05s
4.17.2026 15:12:12,T1,T2,9.1ft,0.05s
4.17.2026 15:12:12,T0,T1,2.7ft,0.05s
4.17.2026 15:12:12,T0,T2,8.1ft,0.05s
4.17.2026 15:12:12,T1,T2,9.0ft,0.05s
4.17.2026 15:12:12,T0,T1,2.6ft,0.05s
4.17.2026 15:12:12,T0,T2,8.0ft,0.05s
4.17.2026 15:12:12,T1,T2,9.0ft,0.05s
4.17.2026 15:12:12,T0,T1,2.4ft,0.05s
4.17.2026 15:12:12,T0,T2,8.0ft,0.05s
4.17.2026 15:12:12,T1,T2,8.9ft,0.05s
4.17.2026 15:12:12,T0,T1,2.3ft,0.05s
4.17.2026 15:12:12,T0,T2,7.9ft,0.05s
4.17.2026 15:12:12,T1,T2,8.9ft,0.05s
4.17.2026 15:12:12,T0,T1,2.0ft,0.05s
4.17.2026 15:12:12,T0,T2,7.8ft,0.05s
4.17.2026 15:12:12,T1,T2,8.9ft,0.05s
4.17.2026 15:12:12,T0,T1,1.9ft,0.05s
4.17.2026 15:12:12,T0,T2,7.8ft,0.05s
4.17.2026 15:12:12,T1,T2,9.0ft,0.05s
4.17.2026 15:12:12,T0,T1,1.8ft,0.05s
4.17.2026 15:12:12,T0,T2,7.7ft,0.05s
4.17.2026 15:12:12,T1,T2,9.1ft,0.05s
4.17.2026 15:12:12,T0,T1,1.7ft,0.05s
4.17.2026 15:12:12,T0,T2,7.7ft,0.05s
4.17.2026 15:12:12,T1,T2,9.1ft,0.05s
4.17.2026 15:12:12,T0,T1,1.7ft,0.05s
4.17.2026 15:12:12,T0,T2,7.6ft,0.05s
4.17.2026 15:12:12,T1,T2,9.2ft,0.05s
4.17.2026 15:12:12,T0,T1,1.8ft,0.05s
4.17.2026 15:12:12,T0,T2,7.6ft,0.05s
4.17.2026 15:12:12,T1,T2,9.2ft,0.05s
4.17.2026 15:12:12,T0,T1,1.8ft,0.05s
4.17.2026 15:12:12,T0,T2,7.7ft,0.05s
4.17.2026 15:12:12,T1,T2,9.2ft,0.05s
4.17.2026 15:12:12,T0,T1,1.9ft,0.05s
4.17.2026 15:12:12,T0,T2,7.7ft,0.05s
4.17.2026 15:12:12,T1,T2,9.3ft,0.05s
4.17.2026 15:12:12,T0,T1,1.8ft,0.05s
4.17.2026 15:12:12,T0,T2,7.7ft,0.05s
4.17.2026 15:12:12,T1,T2,9.3ft,0.05s
4.17.2026 15:12:12,T0,T1,1.8ft,0.05s
4.17.2026 15:12:12,T0,T2,7.6ft,0.05s
4.17.2026 15:12:12,T1,T2,9.4ft,0.05s
4.17.2026 15:12:12,T0,T1,1.8ft,0.05s
4.17.2026 15:12:12,T0,T2,7.6ft,0.05s
4.17.2026 15:12:12,T1,T2,9.4ft,0.05s
4.17.2026 15:12:12,T0,T1,1.8ft,0.05s
4.17.2026 15:12:12,T0,T2,7.6ft,0.05s
4.17.2026 15:12:12,T1,T2,9.4ft,0.05s
4.17.2026 15:12:12,T0,T1,1.9ft,0.05s
4.17.2026 15:12:12,T0,T2,7.6ft,0.05s
4.17.2026 15:12:12,T1,T2,9.5ft,0.05s
4.17.2026 15:12:12,T0,T1,2.0ft,0.05s
4.17.2026 15:12:12,T0,T2,7.6ft,0.05s
4.17.2026 15:12:12,T1,T2,9.5ft,0.05s
4.17.2026 15:12:13,T0,T1,2.1ft,0.05s
4.17.2026 15:12:13,T0,T2,7.6ft,0.05s
4.17.2026 15:12:13,T1,T2,9.6ft,0.05s
4.17.2026 15:12:13,T0,T1,2.1ft,0.05s
4.17.2026 15:12:13,T0,T2,7.5ft,0.05s
4.17.2026 15:12:13,T1,T2,9.6ft,0.05s
4.17.2026 15:12:13,T0,T1,2.2ft,0.05s
4.17.2026 15:12:13,T0,T2,7.5ft,0.05s
4.17.2026 15:12:13,T1,T2,9.6ft,0.05s
4.17.2026 15:12:13,T0,T1,2.2ft,0.05s
4.17.2026 15:12:13,T0,T2,7.5ft,0.05s
4.17.2026 15:12:13,T1,T2,9.6ft,0.05s
4.17.2026 15:12:13,T0,T1,2.2ft,0.05s
4.17.2026 15:12:13,T0,T2,7.5ft,0.05s
4.17.2026 15:12:13,T1,T2,9.6ft,0.05s
4.17.2026 15:12:13,T0,T1,2.2ft,0.05s
4.17.2026 15:12:13,T0,T2,7.5ft,0.05s
4.17.2026 15:12:13,T1,T2,9.6ft,0.05s
4.17.2026 15:12:13,T0,T1,2.2ft,0.05s
4.17.2026 15:12:13,T0,T2,7.5ft,0.05s
4.17.2026 15:12:13,T1,T2,9.6ft,0.05s
4.17.2026 15:12:13,T0,T1,2.3ft,0.05s
4.17.2026 15:12:13,T0,T2,7.5ft,0.05s
4.17.2026 15:12:13,T1,T2,9.7ft,0.05s
4.17.2026 15:12:13,T0,T1,2.4ft,0.05s
4.17.2026 15:12:13,T0,T2,7.5ft,0.05s
4.17.2026 15:12:13,T1,T2,9.8ft,0.05s
4.17.2026 15:12:13,T0,T1,2.5ft,0.05s
4.17.2026 15:12:13,T0,T2,7.5ft,0.05s
4.17.2026 15:12:13,T1,T2,9.9ft,0.05s
4.17.2026 15:12:13,T0,T1,2.6ft,0.05s
4.17.2026 15:12:13,T0,T2,7.5ft,0.05s
4.17.2026 15:12:13,T1,T2,9.9ft,0.05s
4.17.2026 15:12:13,T0,T1,2.6ft,0.05s
4.17.2026 15:12:13,T0,T2,7.6ft,0.05s
4.17.2026 15:12:13,T1,T2,10.0ft,0.05s
4.17.2026 15:12:13,T0,T1,2.5ft,0.05s
4.17.2026 15:12:13,T0,T2,7.6ft,0.05s
4.17.2026 15:12:13,T1,T2,9.9ft,0.05s
4.17.2026 15:12:13,T0,T1,2.4ft,0.05s
4.17.2026 15:12:13,T0,T2,7.7ft,0.05s
4.17.2026 15:12:13,T1,T2,9.9ft,0.05s
4.17.2026 15:12:13,T0,T1,2.3ft,0.05s
4.17.2026 15:12:13,T0,T2,7.7ft,0.05s
4.17.2026 15:12:13,T1,T2,9.9ft,0.05s
4.17.2026 15:12:13,T0,T1,2.2ft,0.05s
4.17.2026 15:12:13,T0,T2,7.6ft,0.05s
4.17.2026 15:12:13,T1,T2,9.8ft,0.05s
4.17.2026 15:12:13,T0,T1,2.1ft,0.05s
4.17.2026 15:12:13,T0,T2,7.6ft,0.05s
4.17.2026 15:12:13,T1,T2,9.7ft,0.05s
4.17.2026 15:12:13,T0,T1,2.0ft,0.05s
4.17.2026 15:12:13,T0,T2,7.6ft,0.05s
4.17.2026 15:12:13,T1,T2,9.7ft,0.05s
4.17.2026 15:12:13,T0,T1,1.9ft,0.05s
4.17.2026 15:12:13,T0,T2,7.6ft,0.05s
4.17.2026 15:12:13,T1,T2,9.6ft,0.05s
4.17.2026 15:12:13,T0,T1,1.8ft,0.05s
4.17.2026 15:12:13,T0,T2,7.6ft,0.05s
4.17.2026 15:12:13,T1,T2,9.5ft,0.05s
4.17.2026 15:12:14,T0,T1,1.8ft,0.05s
4.17.2026 15:12:14,T0,T2,7.6ft,0.05s
4.17.2026 15:12:14,T1,T2,9.4ft,0.05s
4.17.2026 15:12:14,T0,T1,1.8ft,0.05s
4.17.2026 15:12:14,T0,T2,7.6ft,0.05s
4.17.2026 15:12:14,T1,T2,9.4ft,0.05s
4.17.2026 15:12:14,T0,T1,1.9ft,0.05s
4.17.2026 15:12:14,T0,T2,7.6ft,0.05s
4.17.2026 15:12:14,T1,T2,9.5ft,0.05s
4.17.2026 15:12:14,T0,T1,2.0ft,0.05s
4.17.2026 15:12:14,T0,T2,7.6ft,0.05s
4.17.2026 15:12:14,T1,T2,9.6ft,0.05s
4.17.2026 15:12:14,T0,T1,2.2ft,0.05s
4.17.2026 15:12:14,T0,T2,7.6ft,0.05s
4.17.2026 15:12:14,T1,T2,9.6ft,0.05s
4.17.2026 15:12:14,T0,T1,2.4ft,0.05s
4.17.2026 15:12:14,T0,T2,7.6ft,0.05s
4.17.2026 15:12:14,T1,T2,9.7ft,0.05s
4.17.2026 15:12:14,T0,T1,2.5ft,0.05s
4.17.2026 15:12:14,T0,T2,7.6ft,0.05s
4.17.2026 15:12:14,T1,T2,9.8ft,0.05s
4.17.2026 15:12:14,T0,T1,2.5ft,0.05s
4.17.2026 15:12:14,T0,T2,7.6ft,0.05s
4.17.2026 15:12:14,T1,T2,9.8ft,0.05s
4.17.2026 15:12:14,T0,T1,2.6ft,0.05s
4.17.2026 15:12:14,T0,T2,7.6ft,0.05s
4.17.2026 15:12:14,T1,T2,9.9ft,0.05s
4.17.2026 15:12:14,T0,T1,2.6ft,0.05s
4.17.2026 15:12:14,T0,T2,7.6ft,0.05s
4.17.2026 15:12:14,T1,T2,9.9ft,0.05s
4.17.2026 15:12:14,T0,T1,2.7ft,0.05s
4.17.2026 15:12:14,T0,T2,7.6ft,0.05s
4.17.2026 15:12:14,T1,T2,10.0ft,0.05s
4.17.2026 15:12:14,T0,T1,2.8ft,0.05s
4.17.2026 15:12:14,T0,T2,7.6ft,0.05s
4.17.2026 15:12:14,T1,T2,10.0ft,0.05s
4.17.2026 15:12:14,T0,T1,2.9ft,0.05s
4.17.2026 15:12:14,T0,T2,7.6ft,0.05s
4.17.2026 15:12:14,T1,T2,10.1ft,0.05s
4.17.2026 15:12:14,T0,T1,2.9ft,0.05s
4.17.2026 15:12:14,T0,T2,7.6ft,0.05s
4.17.2026 15:12:14,T1,T2,10.2ft,0.05s
4.17.2026 15:12:14,T0,T1,3.0ft,0.06s
4.17.2026 15:12:14,T0,T2,7.6ft,0.06s
4.17.2026 15:12:14,T1,T2,10.3ft,0.06s
4.17.2026 15:12:14,T0,T1,3.2ft,0.05s
4.17.2026 15:12:14,T0,T2,7.6ft,0.05s
4.17.2026 15:12:14,T1,T2,10.4ft,0.05s
4.17.2026 15:12:14,T0,T1,3.3ft,0.05s
4.17.2026 15:12:14,T0,T2,7.7ft,0.05s
4.17.2026 15:12:14,T1,T2,10.4ft,0.05s
4.17.2026 15:12:14,T0,T1,3.4ft,0.05s
4.17.2026 15:12:14,T0,T2,7.7ft,0.05s
4.17.2026 15:12:14,T1,T2,10.5ft,0.05s
4.17.2026 15:12:14,T0,T1,3.4ft,0.05s
4.17.2026 15:12:14,T0,T2,7.7ft,0.05s
4.17.2026 15:12:14,T1,T2,10.6ft,0.05s
4.17.2026 15:12:15,T0,T1,3.5ft,0.05s
4.17.2026 15:12:15,T0,T2,7.7ft,0.05s
4.17.2026 15:12:15,T1,T2,10.7ft,0.05s
4.17.2026 15:12:15,T0,T1,3.5ft,0.05s
4.17.2026 15:12:15,T0,T2,7.7ft,0.05s
4.17.2026 15:12:15,T1,T2,10.8ft,0.05s
4.17.2026 15:12:15,T0,T1,3.5ft,0.05s
4.17.2026 15:12:15,T0,T2,7.7ft,0.05s
4.17.2026 15:12:15,T1,T2,11.0ft,0.05s
4.17.2026 15:12:15,T0,T1,3.6ft,0.05s
4.17.2026 15:12:15,T0,T2,7.7ft,0.05s
4.17.2026 15:12:15,T1,T2,11.1ft,0.05s
4.17.2026 15:12:15,T0,T1,3.7ft,0.05s
4.17.2026 15:12:15,T0,T2,7.8ft,0.05s
4.17.2026 15:12:15,T1,T2,11.3ft,0.05s
4.17.2026 15:12:15,T0,T1,3.7ft,0.05s
4.17.2026 15:12:15,T0,T2,7.8ft,0.05s
4.17.2026 15:12:15,T1,T2,11.4ft,0.05s
4.17.2026 15:12:15,T0,T1,3.8ft,0.05s
4.17.2026 15:12:15,T0,T2,7.8ft,0.05s
4.17.2026 15:12:15,T1,T2,11.5ft,0.05s
4.17.2026 15:12:15,T0,T1,3.9ft,0.05s
4.17.2026 15:12:15,T0,T2,7.8ft,0.05s
4.17.2026 15:12:15,T1,T2,11.6ft,0.05s
4.17.2026 15:12:15,T0,T1,4.0ft,0.05s
4.17.2026 15:12:15,T0,T2,7.7ft,0.05s
4.17.2026 15:12:15,T1,T2,11.7ft,0.05s
4.17.2026 15:12:15,T0,T1,4.1ft,0.05s
4.17.2026 15:12:15,T0,T2,7.7ft,0.05s
4.17.2026 15:12:15,T1,T2,11.8ft,0.05s
4.17.2026 15:12:15,T0,T1,4.2ft,0.05s
4.17.2026 15:12:15,T0,T2,7.7ft,0.05s
4.17.2026 15:12:15,T1,T2,11.9ft,0.05s
4.17.2026 15:12:15,T0,T1,4.3ft,0.05s
4.17.2026 15:12:15,T0,T2,7.7ft,0.05s
4.17.2026 15:12:15,T1,T2,12.0ft,0.05s
4.17.2026 15:12:15,T0,T1,4.5ft,0.05s
4.17.2026 15:12:15,T0,T2,7.7ft,0.05s
4.17.2026 15:12:15,T1,T2,12.1ft,0.05s
4.17.2026 15:12:15,T0,T1,4.6ft,0.05s
4.17.2026 15:12:15,T0,T2,7.7ft,0.05s
4.17.2026 15:12:15,T1,T2,12.1ft,0.05s
4.17.2026 15:12:15,T0,T1,4.7ft,0.05s
4.17.2026 15:12:15,T0,T2,7.6ft,0.05s
4.17.2026 15:12:15,T1,T2,12.2ft,0.05s
4.17.2026 15:12:15,T0,T1,4.8ft,0.05s
4.17.2026 15:12:15,T0,T2,7.6ft,0.05s
4.17.2026 15:12:15,T1,T2,12.2ft,0.05s
4.17.2026 15:12:15,T0,T1,4.8ft,0.05s
4.17.2026 15:12:15,T0,T2,7.6ft,0.05s
4.17.2026 15:12:15,T1,T2,12.3ft,0.05s
4.17.2026 15:12:15,T0,T1,4.9ft,0.05s
4.17.2026 15:12:15,T0,T2,7.6ft,0.05s
4.17.2026 15:12:15,T1,T2,12.3ft,0.05s
4.17.2026 15:12:15,T0,T1,4.9ft,0.05s
4.17.2026 15:12:15,T0,T2,7.6ft,0.05s
4.17.2026 15:12:15,T1,T2,12.3ft,0.05s
4.17.2026 15:12:15,T0,T1,5.0ft,0.05s
4.17.2026 15:12:15,T0,T2,7.6ft,0.05s
4.17.2026 15:12:15,T1,T2,12.3ft,0.05s
4.17.2026 15:12:16,T0,T1,5.0ft,0.05s
4.17.2026 15:12:16,T0,T2,7.5ft,0.05s
4.17.2026 15:12:16,T1,T2,12.3ft,0.05s
4.17.2026 15:12:16,T0,T1,5.1ft,0.05s
4.17.2026 15:12:16,T0,T2,7.5ft,0.05s
4.17.2026 15:12:16,T1,T2,12.4ft,0.05s
4.17.2026 15:12:16,T0,T1,5.2ft,0.05s
4.17.2026 15:12:16,T0,T2,7.5ft,0.05s
4.17.2026 15:12:16,T1,T2,12.4ft,0.05s
4.17.2026 15:12:16,T0,T1,5.4ft,0.05s
4.17.2026 15:12:16,T0,T2,7.5ft,0.05s
4.17.2026 15:12:16,T1,T2,12.5ft,0.05s
4.17.2026 15:12:16,T0,T1,5.5ft,0.05s
4.17.2026 15:12:16,T0,T2,7.5ft,0.05s
4.17.2026 15:12:16,T1,T2,12.5ft,0.05s
4.17.2026 15:12:16,T0,T1,5.5ft,0.05s
4.17.2026 15:12:16,T0,T2,7.5ft,0.05s
4.17.2026 15:12:16,T1,T2,12.5ft,0.05s
4.17.2026 15:12:16,T0,T1,5.6ft,0.05s
4.17.2026 15:12:16,T0,T2,7.5ft,0.05s
4.17.2026 15:12:16,T1,T2,12.6ft,0.05s
4.17.2026 15:12:16,T0,T1,5.7ft,0.05s
4.17.2026 15:12:16,T0,T2,7.5ft,0.05s
4.17.2026 15:12:16,T1,T2,12.6ft,0.05s
4.17.2026 15:12:16,T0,T1,5.8ft,0.05s
4.17.2026 15:12:16,T0,T2,7.5ft,0.05s
4.17.2026 15:12:16,T1,T2,12.6ft,0.05s
4.17.2026 15:12:16,T0,T1,5.8ft,0.05s
4.17.2026 15:12:16,T0,T2,7.4ft,0.05s
4.17.2026 15:12:16,T1,T2,12.7ft,0.05s
4.17.2026 15:12:16,T0,T1,5.8ft,0.05s
4.17.2026 15:12:16,T0,T2,7.4ft,0.05s
4.17.2026 15:12:16,T1,T2,12.7ft,0.05s
4.17.2026 15:12:16,T0,T1,5.7ft,0.05s
4.17.2026 15:12:16,T0,T2,7.4ft,0.05s
4.17.2026 15:12:16,T1,T2,12.6ft,0.05s
4.17.2026 15:12:16,T0,T1,5.6ft,0.05s
4.17.2026 15:12:16,T0,T2,7.4ft,0.05s
4.17.2026 15:12:16,T1,T2,12.5ft,0.05s
4.17.2026 15:12:16,T0,T1,5.5ft,0.05s
4.17.2026 15:12:16,T0,T2,7.4ft,0.05s
4.17.2026 15:12:16,T1,T2,12.5ft,0.05s
4.17.2026 15:12:16,T0,T1,5.4ft,0.05s
4.17.2026 15:12:16,T0,T2,7.4ft,0.05s
4.17.2026 15:12:16,T1,T2,12.4ft,0.05s
4.17.2026 15:12:16,T0,T1,5.3ft,0.05s
4.17.2026 15:12:16,T0,T2,7.4ft,0.05s
4.17.2026 15:12:16,T1,T2,12.4ft,0.05s
4.17.2026 15:12:16,T0,T1,5.2ft,0.05s
4.17.2026 15:12:16,T0,T2,7.4ft,0.05s
4.17.2026 15:12:16,T1,T2,12.3ft,0.05s
4.17.2026 15:12:16,T0,T1,5.0ft,0.05s
4.17.2026 15:12:16,T0,T2,7.5ft,0.05s
4.17.2026 15:12:16,T1,T2,12.3ft,0.05s
4.17.2026 15:12:16,T0,T1,4.9ft,0.05s
4.17.2026 15:12:16,T0,T2,7.5ft,0.05s
4.17.2026 15:12:16,T1,T2,12.3ft,0.05s
4.17.2026 15:12:16,T0,T1,4.7ft,0.05s
4.17.2026 15:12:16,T0,T2,7.6ft,0.05s
4.17.2026 15:12:16,T1,T2,12.2ft,0.05s
4.17.2026 15:12:17,T0,T1,4.6ft,0.05s
4.17.2026 15:12:17,T0,T2,7.7ft,0.05s
4.17.2026 15:12:17,T1,T2,12.2ft,0.05s
4.17.2026 15:12:17,T0,T1,4.5ft,0.05s
4.17.2026 15:12:17,T0,T2,7.8ft,0.05s
4.17.2026 15:12:17,T1,T2,12.2ft,0.05s
4.17.2026 15:12:17,T0,T1,4.3ft,0.06s
4.17.2026 15:12:17,T0,T2,7.9ft,0.06s
4.17.2026 15:12:17,T1,T2,12.1ft,0.06s
4.17.2026 15:12:17,T0,T1,4.2ft,0.05s
4.17.2026 15:12:17,T0,T2,8.0ft,0.05s
4.17.2026 15:12:17,T1,T2,12.0ft,0.05s
4.17.2026 15:12:17,T0,T1,4.2ft,0.05s
4.17.2026 15:12:17,T0,T2,8.1ft,0.05s
4.17.2026 15:12:17,T1,T2,11.9ft,0.05s
4.17.2026 15:12:17,T0,T1,4.2ft,0.05s
4.17.2026 15:12:17,T0,T2,8.2ft,0.05s
4.17.2026 15:12:17,T1,T2,11.8ft,0.05s
4.17.2026 15:12:17,T0,T1,4.3ft,0.05s
4.17.2026 15:12:17,T0,T2,8.3ft,0.05s
4.17.2026 15:12:17,T1,T2,11.7ft,0.05s
4.17.2026 15:12:17,T0,T1,4.5ft,0.05s
4.17.2026 15:12:17,T0,T2,8.4ft,0.05s
4.17.2026 15:12:17,T1,T2,11.7ft,0.05s
4.17.2026 15:12:17,T0,T1,4.6ft,0.05s
4.17.2026 15:12:17,T0,T2,8.4ft,0.05s
4.17.2026 15:12:17,T1,T2,11.6ft,0.05s
4.17.2026 15:12:17,T0,T1,4.7ft,0.05s
4.17.2026 15:12:17,T0,T2,8.5ft,0.05s
4.17.2026 15:12:17,T1,T2,11.6ft,0.05s
4.17.2026 15:12:17,T0,T1,4.8ft,0.05s
4.17.2026 15:12:17,T0,T2,8.6ft,0.05s
4.17.2026 15:12:17,T1,T2,11.6ft,0.05s
4.17.2026 15:12:17,T0,T1,4.9ft,0.05s
4.17.2026 15:12:17,T0,T2,8.6ft,0.05s
4.17.2026 15:12:17,T1,T2,11.6ft,0.05s
4.17.2026 15:12:17,T0,T1,5.0ft,0.05s
4.17.2026 15:12:17,T0,T2,8.7ft,0.05s
4.17.2026 15:12:17,T1,T2,11.6ft,0.05s
4.17.2026 15:12:17,T0,T1,5.0ft,0.06s
4.17.2026 15:12:17,T0,T2,8.7ft,0.06s
4.17.2026 15:12:17,T1,T2,11.6ft,0.06s
4.17.2026 15:12:17,T0,T1,5.0ft,0.05s
4.17.2026 15:12:17,T0,T2,8.7ft,0.05s
4.17.2026 15:12:17,T1,T2,11.6ft,0.05s
4.17.2026 15:12:17,T0,T1,5.0ft,0.05s
4.17.2026 15:12:17,T0,T2,8.7ft,0.05s
4.17.2026 15:12:17,T1,T2,11.6ft,0.05s
4.17.2026 15:12:17,T0,T1,5.0ft,0.06s
4.17.2026 15:12:17,T0,T2,8.8ft,0.06s
4.17.2026 15:12:17,T1,T2,11.6ft,0.06s
4.17.2026 15:12:17,T0,T1,5.1ft,0.05s
4.17.2026 15:12:17,T0,T2,8.8ft,0.05s
4.17.2026 15:12:17,T1,T2,11.5ft,0.05s
4.17.2026 15:12:17,T0,T1,5.1ft,0.05s
4.17.2026 15:12:17,T0,T2,8.8ft,0.05s
4.17.2026 15:12:17,T1,T2,11.5ft,0.05s
4.17.2026 15:12:18,T0,T1,5.1ft,0.05s
4.17.2026 15:12:18,T0,T2,8.8ft,0.05s
4.17.2026 15:12:18,T1,T2,11.5ft,0.05s
4.17.2026 15:12:18,T0,T1,5.2ft,0.05s
4.17.2026 15:12:18,T0,T2,8.8ft,0.05s
4.17.2026 15:12:18,T1,T2,11.5ft,0.05s
4.17.2026 15:12:18,T0,T1,5.2ft,0.05s
4.17.2026 15:12:18,T0,T2,8.8ft,0.05s
4.17.2026 15:12:18,T1,T2,11.5ft,0.05s
4.17.2026 15:12:18,T0,T1,5.3ft,0.05s
4.17.2026 15:12:18,T0,T2,8.7ft,0.05s
4.17.2026 15:12:18,T1,T2,11.5ft,0.05s
4.17.2026 15:12:18,T0,T1,5.4ft,0.05s
4.17.2026 15:12:18,T0,T2,8.8ft,0.05s
4.17.2026 15:12:18,T1,T2,11.5ft,0.05s
4.17.2026 15:12:18,T0,T1,5.3ft,0.05s
4.17.2026 15:12:18,T0,T2,8.8ft,0.05s
4.17.2026 15:12:18,T1,T2,11.4ft,0.05s
4.17.2026 15:12:18,T0,T1,5.2ft,0.05s
4.17.2026 15:12:18,T0,T2,8.8ft,0.05s
4.17.2026 15:12:18,T1,T2,11.4ft,0.05s
4.17.2026 15:12:18,T0,T1,5.2ft,0.05s
4.17.2026 15:12:18,T0,T2,8.8ft,0.05s
4.17.2026 15:12:18,T1,T2,11.4ft,0.05s
4.17.2026 15:12:18,T0,T1,5.2ft,0.05s
4.17.2026 15:12:18,T0,T2,8.8ft,0.05s
4.17.2026 15:12:18,T1,T2,11.4ft,0.05s
4.17.2026 15:12:18,T0,T1,5.3ft,0.05s
4.17.2026 15:12:18,T0,T2,8.8ft,0.05s
4.17.2026 15:12:18,T1,T2,11.4ft,0.05s
4.17.2026 15:12:18,T0,T1,5.4ft,0.05s
4.17.2026 15:12:18,T0,T2,8.7ft,0.05s
4.17.2026 15:12:18,T1,T2,11.3ft,0.05s
4.17.2026 15:12:18,T0,T1,5.3ft,0.06s
4.17.2026 15:12:18,T0,T2,8.6ft,0.06s
4.17.2026 15:12:18,T1,T2,11.3ft,0.06s
4.17.2026 15:12:18,T0,T1,5.3ft,0.05s
4.17.2026 15:12:18,T0,T2,8.6ft,0.05s
4.17.2026 15:12:18,T1,T2,11.3ft,0.05s
4.17.2026 15:12:18,T0,T1,5.4ft,0.05s
4.17.2026 15:12:18,T0,T2,8.5ft,0.05s
4.17.2026 15:12:18,T1,T2,11.3ft,0.05s
4.17.2026 15:12:18,T0,T1,5.5ft,0.05s
4.17.2026 15:12:18,T0,T2,8.4ft,0.05s
4.17.2026 15:12:18,T1,T2,11.3ft,0.05s
4.17.2026 15:12:18,T0,T1,5.6ft,0.05s
4.17.2026 15:12:18,T0,T2,8.4ft,0.05s
4.17.2026 15:12:18,T1,T2,11.3ft,0.05s
4.17.2026 15:12:18,T0,T1,5.7ft,0.05s
4.17.2026 15:12:18,T0,T2,8.4ft,0.05s
4.17.2026 15:12:18,T1,T2,11.3ft,0.05s
4.17.2026 15:12:18,T0,T1,5.9ft,0.05s
4.17.2026 15:12:18,T0,T2,8.4ft,0.05s
4.17.2026 15:12:18,T1,T2,11.3ft,0.05s
4.17.2026 15:12:18,T0,T1,6.1ft,0.05s
4.17.2026 15:12:18,T0,T2,8.4ft,0.05s
4.17.2026 15:12:18,T1,T2,11.3ft,0.05s
4.17.2026 15:12:18,T0,T1,6.3ft,0.05s
4.17.2026 15:12:18,T0,T2,8.5ft,0.05s
4.17.2026 15:12:18,T1,T2,11.4ft,0.05s
4.17.2026 15:12:19,T0,T1,6.5ft,0.05s
4.17.2026 15:12:19,T0,T2,8.5ft,0.05s
4.17.2026 15:12:19,T1,T2,11.4ft,0.05s
4.17.2026 15:12:19,T0,T1,6.6ft,0.05s
4.17.2026 15:12:19,T0,T2,8.5ft,0.05s
4.17.2026 15:12:19,T1,T2,11.4ft,0.05s
4.17.2026 15:12:19,T0,T1,6.8ft,0.05s
4.17.2026 15:12:19,T0,T2,8.5ft,0.05s
4.17.2026 15:12:19,T1,T2,11.4ft,0.05s
4.17.2026 15:12:19,T0,T1,6.9ft,0.05s
4.17.2026 15:12:19,T0,T2,8.6ft,0.05s
4.17.2026 15:12:19,T1,T2,11.4ft,0.05s
4.17.2026 15:12:19,T0,T1,7.1ft,0.05s
4.17.2026 15:12:19,T0,T2,8.7ft,0.05s
4.17.2026 15:12:19,T1,T2,11.4ft,0.05s
4.17.2026 15:12:19,T0,T1,7.0ft,0.05s
4.17.2026 15:12:19,T0,T2,8.7ft,0.05s
4.17.2026 15:12:19,T1,T2,11.4ft,0.05s
4.17.2026 15:12:19,T0,T1,7.0ft,0.05s
4.17.2026 15:12:19,T0,T2,8.8ft,0.05s
4.17.2026 15:12:19,T1,T2,11.4ft,0.05s
4.17.2026 15:12:19,T0,T1,7.0ft,0.05s
4.17.2026 15:12:19,T0,T2,8.8ft,0.05s
4.17.2026 15:12:19,T1,T2,11.3ft,0.05s
4.17.2026 15:12:19,T0,T1,7.1ft,0.05s
4.17.2026 15:12:19,T0,T2,8.8ft,0.05s
4.17.2026 15:12:19,T1,T2,11.3ft,0.05s
4.17.2026 15:12:19,T0,T1,7.1ft,0.05s
4.17.2026 15:12:19,T0,T2,8.8ft,0.05s
4.17.2026 15:12:19,T1,T2,11.3ft,0.05s
4.17.2026 15:12:19,T0,T1,7.1ft,0.05s
4.17.2026 15:12:19,T0,T2,8.8ft,0.05s
4.17.2026 15:12:19,T1,T2,11.3ft,0.05s
4.17.2026 15:12:19,T0,T1,7.0ft,0.05s
4.17.2026 15:12:19,T0,T2,8.9ft,0.05s
4.17.2026 15:12:19,T1,T2,11.3ft,0.05s
4.17.2026 15:12:19,T0,T1,7.1ft,0.05s
4.17.2026 15:12:19,T0,T2,8.9ft,0.05s
4.17.2026 15:12:19,T1,T2,11.3ft,0.05s
4.17.2026 15:12:19,T0,T1,7.1ft,0.05s
4.17.2026 15:12:19,T0,T2,9.0ft,0.05s
4.17.2026 15:12:19,T1,T2,11.3ft,0.05s
4.17.2026 15:12:19,T0,T1,7.1ft,0.05s
4.17.2026 15:12:19,T0,T2,9.0ft,0.05s
4.17.2026 15:12:19,T1,T2,11.4ft,0.05s
4.17.2026 15:12:19,T0,T1,7.1ft,0.05s
4.17.2026 15:12:19,T0,T2,9.0ft,0.05s
4.17.2026 15:12:19,T1,T2,11.4ft,0.05s
4.17.2026 15:12:19,T0,T1,7.1ft,0.05s
4.17.2026 15:12:19,T0,T2,9.1ft,0.05s
4.17.2026 15:12:19,T1,T2,11.4ft,0.05s
4.17.2026 15:12:19,T0,T1,7.0ft,0.05s
4.17.2026 15:12:19,T0,T2,9.0ft,0.05s
4.17.2026 15:12:19,T1,T2,11.4ft,0.05s
4.17.2026 15:12:19,T0,T1,6.9ft,0.05s
4.17.2026 15:12:19,T0,T2,9.0ft,0.05s
4.17.2026 15:12:19,T1,T2,11.4ft,0.05s
4.17.2026 15:12:20,T0,T1,7.0ft,0.05s
4.17.2026 15:12:20,T0,T2,9.0ft,0.05s
4.17.2026 15:12:20,T1,T2,11.4ft,0.05s
4.17.2026 15:12:20,T0,T1,6.8ft,0.05s
4.17.2026 15:12:20,T0,T2,9.0ft,0.05s
4.17.2026 15:12:20,T1,T2,11.4ft,0.05s
4.17.2026 15:12:20,T0,T1,6.7ft,0.05s
4.17.2026 15:12:20,T0,T2,9.0ft,0.05s
4.17.2026 15:12:20,T1,T2,11.3ft,0.05s
4.17.2026 15:12:20,T0,T1,6.6ft,0.05s
4.17.2026 15:12:20,T0,T2,8.9ft,0.05s
4.17.2026 15:12:20,T1,T2,11.3ft,0.05s
4.17.2026 15:12:20,T0,T1,6.5ft,0.05s
4.17.2026 15:12:20,T0,T2,8.9ft,0.05s
4.17.2026 15:12:20,T1,T2,11.3ft,0.05s
4.17.2026 15:12:20,T0,T1,6.3ft,0.05s
4.17.2026 15:12:20,T0,T2,9.0ft,0.05s
4.17.2026 15:12:20,T1,T2,11.3ft,0.05s
4.17.2026 15:12:20,T0,T1,6.2ft,0.05s
4.17.2026 15:12:20,T0,T2,9.0ft,0.05s
4.17.2026 15:12:20,T1,T2,11.3ft,0.05s
4.17.2026 15:12:20,T0,T1,6.2ft,0.05s
4.17.2026 15:12:20,T0,T2,9.0ft,0.05s
4.17.2026 15:12:20,T1,T2,11.3ft,0.05s
4.17.2026 15:12:20,T0,T1,6.3ft,0.05s
4.17.2026 15:12:20,T0,T2,9.0ft,0.05s
4.17.2026 15:12:20,T1,T2,11.3ft,0.05s
4.17.2026 15:12:20,T0,T1,6.3ft,0.05s
4.17.2026 15:12:20,T0,T2,9.0ft,0.05s
4.17.2026 15:12:20,T1,T2,11.3ft,0.05s
4.17.2026 15:12:20,T0,T1,6.3ft,0.05s
4.17.2026 15:12:20,T0,T2,8.9ft,0.05s
4.17.2026 15:12:20,T1,T2,11.3ft,0.05s
4.17.2026 15:12:20,T0,T1,6.2ft,0.05s
4.17.2026 15:12:20,T0,T2,8.9ft,0.05s
4.17.2026 15:12:20,T1,T2,11.3ft,0.05s
4.17.2026 15:12:20,T0,T1,6.2ft,0.05s
4.17.2026 15:12:20,T0,T2,8.9ft,0.05s
4.17.2026 15:12:20,T1,T2,11.3ft,0.05s
4.17.2026 15:12:20,T0,T1,6.1ft,0.05s
4.17.2026 15:12:20,T0,T2,8.8ft,0.05s
4.17.2026 15:12:20,T1,T2,11.3ft,0.05s
4.17.2026 15:12:20,T0,T1,6.1ft,0.05s
4.17.2026 15:12:20,T0,T2,8.8ft,0.05s
4.17.2026 15:12:20,T1,T2,11.4ft,0.05s
4.17.2026 15:12:20,T0,T1,6.0ft,0.05s
4.17.2026 15:12:20,T0,T2,8.7ft,0.05s
4.17.2026 15:12:20,T1,T2,11.4ft,0.05s
4.17.2026 15:12:20,T0,T1,5.9ft,0.05s
4.17.2026 15:12:20,T0,T2,8.7ft,0.05s
4.17.2026 15:12:20,T1,T2,11.4ft,0.05s
4.17.2026 15:12:20,T0,T1,5.8ft,0.05s
4.17.2026 15:12:20,T0,T2,8.7ft,0.05s
4.17.2026 15:12:20,T1,T2,11.4ft,0.05s
4.17.2026 15:12:20,T0,T1,5.8ft,0.05s
4.17.2026 15:12:20,T0,T2,8.6ft,0.05s
4.17.2026 15:12:20,T1,T2,11.5ft,0.05s
4.17.2026 15:12:20,T0,T1,5.8ft,0.05s
4.17.2026 15:12:20,T0,T2,8.6ft,0.05s
4.17.2026 15:12:20,T1,T2,11.5ft,0.05s
4.17.2026 15:12:21,T0,T1,5.8ft,0.05s
4.17.2026 15:12:21,T0,T2,8.6ft,0.05s
4.17.2026 15:12:21,T1,T2,11.5ft,0.05s
4.17.2026 15:12:21,T0,T1,5.7ft,0.05s
4.17.2026 15:12:21,T0,T2,8.6ft,0.05s
4.17.2026 15:12:21,T1,T2,11.5ft,0.05s
4.17.2026 15:12:21,T0,T1,5.7ft,0.05s
4.17.2026 15:12:21,T0,T2,8.6ft,0.05s
4.17.2026 15:12:21,T1,T2,11.5ft,0.05s
4.17.2026 15:12:21,T0,T1,5.6ft,0.05s
4.17.2026 15:12:21,T0,T2,8.5ft,0.05s
4.17.2026 15:12:21,T1,T2,11.5ft,0.05s
4.17.2026 15:12:21,T0,T1,5.6ft,0.05s
4.17.2026 15:12:21,T0,T2,8.5ft,0.05s
4.17.2026 15:12:21,T1,T2,11.5ft,0.05s
4.17.2026 15:12:21,T0,T1,5.5ft,0.05s
4.17.2026 15:12:21,T0,T2,8.5ft,0.05s
4.17.2026 15:12:21,T1,T2,11.5ft,0.05s
4.17.2026 15:12:21,T0,T1,5.6ft,0.05s
4.17.2026 15:12:21,T0,T2,8.5ft,0.05s
4.17.2026 15:12:21,T1,T2,11.5ft,0.05s
4.17.2026 15:12:21,T0,T1,5.6ft,0.05s
4.17.2026 15:12:21,T0,T2,8.5ft,0.05s
4.17.2026 15:12:21,T1,T2,11.5ft,0.05s
4.17.2026 15:12:21,T0,T1,5.6ft,0.05s
4.17.2026 15:12:21,T0,T2,8.5ft,0.05s
4.17.2026 15:12:21,T1,T2,11.5ft,0.05s
4.17.2026 15:12:21,T0,T1,5.7ft,0.05s
4.17.2026 15:12:21,T0,T2,8.5ft,0.05s
4.17.2026 15:12:21,T1,T2,11.5ft,0.05s
4.17.2026 15:12:21,T0,T1,5.7ft,0.05s
4.17.2026 15:12:21,T0,T2,8.5ft,0.05s
4.17.2026 15:12:21,T1,T2,11.5ft,0.05s
4.17.2026 15:12:21,T0,T1,5.8ft,0.05s
4.17.2026 15:12:21,T0,T2,8.4ft,0.05s
4.17.2026 15:12:21,T1,T2,11.5ft,0.05s
4.17.2026 15:12:21,T0,T1,5.8ft,0.05s
4.17.2026 15:12:21,T0,T2,8.4ft,0.05s
4.17.2026 15:12:21,T1,T2,11.5ft,0.05s
4.17.2026 15:12:21,T0,T1,6.0ft,0.05s
4.17.2026 15:12:21,T0,T2,8.4ft,0.05s
4.17.2026 15:12:21,T1,T2,11.4ft,0.05s
4.17.2026 15:12:21,T0,T1,6.1ft,0.05s
4.17.2026 15:12:21,T0,T2,8.4ft,0.05s
4.17.2026 15:12:21,T1,T2,11.4ft,0.05s
4.17.2026 15:12:21,T0,T1,6.1ft,0.05s
4.17.2026 15:12:21,T0,T2,8.3ft,0.05s
4.17.2026 15:12:21,T1,T2,11.4ft,0.05s
4.17.2026 15:12:21,T0,T1,6.2ft,0.05s
4.17.2026 15:12:21,T0,T2,8.3ft,0.05s
4.17.2026 15:12:21,T1,T2,11.4ft,0.05s
4.17.2026 15:12:21,T0,T1,6.3ft,0.05s
4.17.2026 15:12:21,T0,T2,8.3ft,0.05s
4.17.2026 15:12:21,T1,T2,11.4ft,0.05s
4.17.2026 15:12:21,T0,T1,6.4ft,0.05s
4.17.2026 15:12:21,T0,T2,8.3ft,0.05s
4.17.2026 15:12:21,T1,T2,11.4ft,0.05s
4.17.2026 15:12:22,T0,T1,6.4ft,0.05s
4.17.2026 15:12:22,T0,T2,8.3ft,0.05s
4.17.2026 15:12:22,T1,T2,11.4ft,0.05s
4.17.2026 15:12:22,T0,T1,6.4ft,0.05s
4.17.2026 15:12:22,T0,T2,8.3ft,0.05s
4.17.2026 15:12:22,T1,T2,11.4ft,0.05s
4.17.2026 15:12:22,T0,T1,6.4ft,0.05s
4.17.2026 15:12:22,T0,T2,8.3ft,0.05s
4.17.2026 15:12:22,T1,T2,11.4ft,0.05s
4.17.2026 15:12:22,T0,T1,6.4ft,0.05s
4.17.2026 15:12:22,T0,T2,8.4ft,0.05s
4.17.2026 15:12:22,T1,T2,11.4ft,0.05s
4.17.2026 15:12:22,T0,T1,6.5ft,0.05s
4.17.2026 15:12:22,T0,T2,8.4ft,0.05s
4.17.2026 15:12:22,T1,T2,11.4ft,0.05s
4.17.2026 15:12:22,T0,T1,6.5ft,0.05s
4.17.2026 15:12:22,T0,T2,8.4ft,0.05s
4.17.2026 15:12:22,T1,T2,11.3ft,0.05s
4.17.2026 15:12:22,T0,T1,6.5ft,0.05s
4.17.2026 15:12:22,T0,T2,8.4ft,0.05s
4.17.2026 15:12:22,T1,T2,11.3ft,0.05s
4.17.2026 15:12:22,T0,T1,6.5ft,0.05s
4.17.2026 15:12:22,T0,T2,8.4ft,0.05s
4.17.2026 15:12:22,T1,T2,11.3ft,0.05s
4.17.2026 15:12:22,T0,T1,6.5ft,0.05s
4.17.2026 15:12:22,T0,T2,8.3ft,0.05s
4.17.2026 15:12:22,T1,T2,11.4ft,0.05s
4.17.2026 15:12:22,T0,T1,6.6ft,0.05s
4.17.2026 15:12:22,T0,T2,8.3ft,0.05s
4.17.2026 15:12:22,T1,T2,11.4ft,0.05s
4.17.2026 15:12:22,T0,T1,6.6ft,0.05s
4.17.2026 15:12:22,T0,T2,8.3ft,0.05s
4.17.2026 15:12:22,T1,T2,11.4ft,0.05s
4.17.2026 15:12:22,T0,T1,6.5ft,0.05s
4.17.2026 15:12:22,T0,T2,8.3ft,0.05s
4.17.2026 15:12:22,T1,T2,11.4ft,0.05s
4.17.2026 15:12:22,T0,T1,6.5ft,0.05s
4.17.2026 15:12:22,T0,T2,8.3ft,0.05s
4.17.2026 15:12:22,T1,T2,11.4ft,0.05s
4.17.2026 15:12:22,T0,T1,6.4ft,0.05s
4.17.2026 15:12:22,T0,T2,8.3ft,0.05s
4.17.2026 15:12:22,T1,T2,11.4ft,0.05s
4.17.2026 15:12:22,T0,T1,6.4ft,0.05s
4.17.2026 15:12:22,T0,T2,8.3ft,0.05s
4.17.2026 15:12:22,T1,T2,11.3ft,0.05s
4.17.2026 15:12:22,T0,T1,6.4ft,0.05s
4.17.2026 15:12:22,T0,T2,8.3ft,0.05s
4.17.2026 15:12:22,T1,T2,11.3ft,0.05s
4.17.2026 15:12:22,T0,T1,6.4ft,0.05s
4.17.2026 15:12:22,T0,T2,8.3ft,0.05s
4.17.2026 15:12:22,T1,T2,11.3ft,0.05s
4.17.2026 15:12:22,T0,T1,6.4ft,0.05s
4.17.2026 15:12:22,T0,T2,8.3ft,0.05s
4.17.2026 15:12:22,T1,T2,11.3ft,0.05s
4.17.2026 15:12:22,T0,T1,6.3ft,0.05s
4.17.2026 15:12:22,T0,T2,8.3ft,0.05s
4.17.2026 15:12:22,T1,T2,11.3ft,0.05s
4.17.2026 15:12:22,T0,T1,6.2ft,0.05s
4.17.2026 15:12:22,T0,T2,8.3ft,0.05s
4.17.2026 15:12:22,T1,T2,11.3ft,0.05s
4.17.2026 15:12:23,T0,T1,6.2ft,0.05s
4.17.2026 15:12:23,T0,T2,8.3ft,0.05s
4.17.2026 15:12:23,T1,T2,11.3ft,0.05s
4.17.2026 15:12:23,T0,T1,6.2ft,0.05s
4.17.2026 15:12:23,T0,T2,8.3ft,0.05s
4.17.2026 15:12:23,T1,T2,11.3ft,0.05s
4.17.2026 15:12:23,T0,T1,6.2ft,0.05s
4.17.2026 15:12:23,T0,T2,8.3ft,0.05s
4.17.2026 15:12:23,T1,T2,11.3ft,0.05s
4.17.2026 15:12:23,T0,T1,6.1ft,0.05s
4.17.2026 15:12:23,T0,T2,8.3ft,0.05s
4.17.2026 15:12:23,T1,T2,11.3ft,0.05s
4.17.2026 15:12:23,T0,T1,6.1ft,0.05s
4.17.2026 15:12:23,T0,T2,8.3ft,0.05s
4.17.2026 15:12:23,T1,T2,11.3ft,0.05s
4.17.2026 15:12:23,T0,T1,6.1ft,0.05s
4.17.2026 15:12:23,T0,T2,8.3ft,0.05s
4.17.2026 15:12:23,T1,T2,11.3ft,0.05s
4.17.2026 15:12:23,T0,T1,6.1ft,0.05s
4.17.2026 15:12:23,T0,T2,8.2ft,0.05s
4.17.2026 15:12:23,T1,T2,11.3ft,0.05s
4.17.2026 15:12:23,T0,T1,6.1ft,0.06s
4.17.2026 15:12:23,T0,T2,8.2ft,0.06s
4.17.2026 15:12:23,T1,T2,11.3ft,0.06s
4.17.2026 15:12:23,T0,T1,6.2ft,0.05s
4.17.2026 15:12:23,T0,T2,8.2ft,0.05s
4.17.2026 15:12:23,T1,T2,11.3ft,0.05s
4.17.2026 15:12:23,T0,T1,6.3ft,0.05s
4.17.2026 15:12:23,T0,T2,8.2ft,0.05s
4.17.2026 15:12:23,T1,T2,11.3ft,0.05s
4.17.2026 15:12:23,T0,T1,6.3ft,0.05s
4.17.2026 15:12:23,T0,T2,8.2ft,0.05s
4.17.2026 15:12:23,T1,T2,11.3ft,0.05s
4.17.2026 15:12:23,T0,T1,6.4ft,0.05s
4.17.2026 15:12:23,T0,T2,8.2ft,0.05s
4.17.2026 15:12:23,T1,T2,11.3ft,0.05s
4.17.2026 15:12:23,T0,T1,6.5ft,0.05s
4.17.2026 15:12:23,T0,T2,8.3ft,0.05s
4.17.2026 15:12:23,T1,T2,11.3ft,0.05s
4.17.2026 15:12:23,T0,T1,6.5ft,0.05s
4.17.2026 15:12:23,T0,T2,8.3ft,0.05s
4.17.2026 15:12:23,T1,T2,11.3ft,0.05s
4.17.2026 15:12:23,T0,T1,6.5ft,0.05s
4.17.2026 15:12:23,T0,T2,8.3ft,0.05s
4.17.2026 15:12:23,T1,T2,11.3ft,0.05s
4.17.2026 15:12:23,T0,T1,6.5ft,0.05s
4.17.2026 15:12:23,T0,T2,8.3ft,0.05s
4.17.2026 15:12:23,T1,T2,11.3ft,0.05s
4.17.2026 15:12:23,T0,T1,6.6ft,0.05s
4.17.2026 15:12:23,T0,T2,8.3ft,0.05s
4.17.2026 15:12:23,T1,T2,11.3ft,0.05s
4.17.2026 15:12:23,T0,T1,6.6ft,0.05s
4.17.2026 15:12:23,T0,T2,8.3ft,0.05s
4.17.2026 15:12:23,T1,T2,11.3ft,0.05s
4.17.2026 15:12:23,T0,T1,6.7ft,0.05s
4.17.2026 15:12:23,T0,T2,8.3ft,0.05s
4.17.2026 15:12:23,T1,T2,11.3ft,0.05s
4.17.2026 15:12:24,T0,T1,6.7ft,0.05s
4.17.2026 15:12:24,T0,T2,8.3ft,0.05s
4.17.2026 15:12:24,T1,T2,11.3ft,0.05s
4.17.2026 15:12:24,T0,T1,6.4ft,0.05s
4.17.2026 15:12:24,T0,T2,8.3ft,0.05s
4.17.2026 15:12:24,T1,T2,11.1ft,0.05s
4.17.2026 15:12:24,T0,T1,6.1ft,0.05s
4.17.2026 15:12:24,T0,T2,8.2ft,0.05s
4.17.2026 15:12:24,T1,T2,10.9ft,0.05s
4.17.2026 15:12:24,T0,T1,5.7ft,0.05s
4.17.2026 15:12:24,T0,T2,8.1ft,0.05s
4.17.2026 15:12:24,T1,T2,10.7ft,0.05s
4.17.2026 15:12:24,T0,T1,5.3ft,0.05s
4.17.2026 15:12:24,T0,T2,8.1ft,0.05s
4.17.2026 15:12:24,T1,T2,10.4ft,0.05s
4.17.2026 15:12:24,T0,T1,4.9ft,0.05s
4.17.2026 15:12:24,T0,T2,8.0ft,0.05s
4.17.2026 15:12:24,T1,T2,10.2ft,0.05s
4.17.2026 15:12:24,T0,T1,4.5ft,0.05s
4.17.2026 15:12:24,T0,T2,7.9ft,0.05s
4.17.2026 15:12:24,T1,T2,10.0ft,0.05s
4.17.2026 15:12:24,T0,T1,4.1ft,0.05s
4.17.2026 15:12:24,T0,T2,7.8ft,0.05s
4.17.2026 15:12:24,T1,T2,9.7ft,0.05s
4.17.2026 15:12:24,T0,T1,3.7ft,0.05s
4.17.2026 15:12:24,T0,T2,7.7ft,0.05s
4.17.2026 15:12:24,T1,T2,9.5ft,0.05s
4.17.2026 15:12:24,T0,T1,3.4ft,0.05s
4.17.2026 15:12:24,T0,T2,7.6ft,0.05s
4.17.2026 15:12:24,T1,T2,9.3ft,0.05s
4.17.2026 15:12:24,T0,T1,3.4ft,0.05s
4.17.2026 15:12:24,T0,T2,7.6ft,0.05s
4.17.2026 15:12:24,T1,T2,9.3ft,0.05s
4.17.2026 15:12:24,T0,T1,3.4ft,0.05s
4.17.2026 15:12:24,T0,T2,7.5ft,0.05s
4.17.2026 15:12:24,T1,T2,9.4ft,0.05s
4.17.2026 15:12:24,T0,T1,3.5ft,0.05s
4.17.2026 15:12:24,T0,T2,7.5ft,0.05s
4.17.2026 15:12:24,T1,T2,9.5ft,0.05s
4.17.2026 15:12:24,T0,T1,3.6ft,0.06s
4.17.2026 15:12:24,T0,T2,7.4ft,0.06s
4.17.2026 15:12:24,T1,T2,9.6ft,0.06s
4.17.2026 15:12:24,T0,T1,3.6ft,0.05s
4.17.2026 15:12:24,T0,T2,7.4ft,0.05s
4.17.2026 15:12:24,T1,T2,9.7ft,0.05s
4.17.2026 15:12:24,T0,T1,3.7ft,0.05s
4.17.2026 15:12:24,T0,T2,7.4ft,0.05s
4.17.2026 15:12:24,T1,T2,9.8ft,0.05s
4.17.2026 15:12:24,T0,T1,3.7ft,0.05s
4.17.2026 15:12:24,T0,T2,7.4ft,0.05s
4.17.2026 15:12:24,T1,T2,9.9ft,0.05s
4.17.2026 15:12:24,T0,T1,3.8ft,0.05s
4.17.2026 15:12:24,T0,T2,7.4ft,0.05s
4.17.2026 15:12:24,T1,T2,10.0ft,0.05s
4.17.2026 15:12:24,T0,T1,3.6ft,0.05s
4.17.2026 15:12:24,T0,T2,7.4ft,0.05s
4.17.2026 15:12:24,T1,T2,9.9ft,0.05s
4.17.2026 15:12:36,T0,T1,1.7ft,0.05s
4.17.2026 15:12:36,T0,T2,7.9ft,0.05s
4.17.2026 15:12:36,T1,T2,9.5ft,0.05s
4.17.2026 15:12:36,T0,T1,1.6ft,0.05s
4.17.2026 15:12:36,T0,T2,7.9ft,0.05s
4.17.2026 15:12:36,T1,T2,9.6ft,0.05s
4.17.2026 15:12:36,T0,T1,1.6ft,0.05s
4.17.2026 15:12:36,T0,T2,8.0ft,0.05s
4.17.2026 15:12:36,T1,T2,9.6ft,0.05s
4.17.2026 15:12:36,T0,T1,1.7ft,0.05s
4.17.2026 15:12:36,T0,T2,8.0ft,0.05s
4.17.2026 15:12:36,T1,T2,9.6ft,0.05s
4.17.2026 15:12:36,T0,T1,1.7ft,0.05s
4.17.2026 15:12:36,T0,T2,8.0ft,0.05s
4.17.2026 15:12:36,T1,T2,9.6ft,0.05s
4.17.2026 15:12:36,T0,T1,1.7ft,0.05s
4.17.2026 15:12:36,T0,T2,7.9ft,0.05s
4.17.2026 15:12:36,T1,T2,9.6ft,0.05s
4.17.2026 15:12:36,T0,T1,1.6ft,0.05s
4.17.2026 15:12:36,T0,T2,7.9ft,0.05s
4.17.2026 15:12:36,T1,T2,9.5ft,0.05s
4.17.2026 15:12:36,T0,T1,1.6ft,0.05s
4.17.2026 15:12:36,T0,T2,7.9ft,0.05s
4.17.2026 15:12:36,T1,T2,9.4ft,0.05s
4.17.2026 15:12:36,T0,T1,1.6ft,0.05s
4.17.2026 15:12:36,T0,T2,7.9ft,0.05s
4.17.2026 15:12:36,T1,T2,9.5ft,0.05s
4.17.2026 15:12:36,T0,T1,1.7ft,0.05s
4.17.2026 15:12:36,T0,T2,7.8ft,0.05s
4.17.2026 15:12:36,T1,T2,9.5ft,0.05s
4.17.2026 15:12:36,T0,T1,1.8ft,0.05s
4.17.2026 15:12:36,T0,T2,7.8ft,0.05s
4.17.2026 15:12:36,T1,T2,9.5ft,0.05s
4.17.2026 15:12:36,T0,T1,2.0ft,0.05s
4.17.2026 15:12:36,T0,T2,7.8ft,0.05s
4.17.2026 15:12:36,T1,T2,9.5ft,0.05s
4.17.2026 15:12:36,T0,T1,2.4ft,0.05s
4.17.2026 15:12:36,T0,T2,7.7ft,0.05s
4.17.2026 15:12:36,T1,T2,9.6ft,0.05s
4.17.2026 15:12:36,T0,T1,2.7ft,0.05s
4.17.2026 15:12:36,T0,T2,7.7ft,0.05s
4.17.2026 15:12:36,T1,T2,9.7ft,0.05s
4.17.2026 15:12:36,T0,T1,3.0ft,0.05s
4.17.2026 15:12:36,T0,T2,7.6ft,0.05s
4.17.2026 15:12:36,T1,T2,9.8ft,0.05s
4.17.2026 15:12:36,T0,T1,3.1ft,0.05s
4.17.2026 15:12:36,T0,T2,7.6ft,0.05s
4.17.2026 15:12:36,T1,T2,9.8ft,0.05s
4.17.2026 15:12:36,T0,T1,3.0ft,0.05s
4.17.2026 15:12:36,T0,T2,7.5ft,0.05s
4.17.2026 15:12:36,T1,T2,9.7ft,0.05s
4.17.2026 15:12:37,T0,T1,3.0ft,0.05s
4.17.2026 15:12:37,T0,T2,7.5ft,0.05s
4.17.2026 15:12:37,T1,T2,9.6ft,0.05s
4.17.2026 15:12:37,T0,T1,3.0ft,0.05s
4.17.2026 15:12:37,T0,T2,7.4ft,0.05s
4.17.2026 15:12:37,T1,T2,9.5ft,0.05s
4.17.2026 15:12:37,T0,T1,2.9ft,0.05s
4.17.2026 15:12:37,T0,T2,7.4ft,0.05s
4.17.2026 15:12:37,T1,T2,9.5ft,0.05s
4.17.2026 15:12:37,T0,T1,2.7ft,0.05s
4.17.2026 15:12:37,T0,T2,7.4ft,0.05s
4.17.2026 15:12:37,T1,T2,9.4ft,0.05s
4.17.2026 15:12:37,T0,T1,2.6ft,0.05s
4.17.2026 15:12:37,T0,T2,7.4ft,0.05s
4.17.2026 15:12:37,T1,T2,9.3ft,0.05s
4.17.2026 15:12:37,T0,T1,2.5ft,0.05s
4.17.2026 15:12:37,T0,T2,7.4ft,0.05s
4.17.2026 15:12:37,T1,T2,9.3ft,0.05s
4.17.2026 15:12:37,T0,T1,2.4ft,0.05s
4.17.2026 15:12:37,T0,T2,7.4ft,0.05s
4.17.2026 15:12:37,T1,T2,9.2ft,0.05s
4.17.2026 15:12:37,T0,T1,2.3ft,0.05s
4.17.2026 15:12:37,T0,T2,7.4ft,0.05s
4.17.2026 15:12:37,T1,T2,9.1ft,0.05s
4.17.2026 15:12:37,T0,T1,2.2ft,0.05s
4.17.2026 15:12:37,T0,T2,7.4ft,0.05s
4.17.2026 15:12:37,T1,T2,9.1ft,0.05s
4.17.2026 15:12:37,T0,T1,2.1ft,0.05s
4.17.2026 15:12:37,T0,T2,7.4ft,0.05s
4.17.2026 15:12:37,T1,T2,9.0ft,0.05s
4.17.2026 15:12:37,T0,T1,2.1ft,0.05s
4.17.2026 15:12:37,T0,T2,7.5ft,0.05s
4.17.2026 15:12:37,T1,T2,9.0ft,0.05s
4.17.2026 15:12:37,T0,T1,2.1ft,0.05s
4.17.2026 15:12:37,T0,T2,7.5ft,0.05s
4.17.2026 15:12:37,T1,T2,8.9ft,0.05s
4.17.2026 15:12:37,T0,T1,2.1ft,0.05s
4.17.2026 15:12:37,T0,T2,7.5ft,0.05s
4.17.2026 15:12:37,T1,T2,8.9ft,0.05s
4.17.2026 15:12:37,T0,T1,2.0ft,0.05s
4.17.2026 15:12:37,T0,T2,7.5ft,0.05s
4.17.2026 15:12:37,T1,T2,8.9ft,0.05s
4.17.2026 15:12:37,T0,T1,2.0ft,0.05s
4.17.2026 15:12:37,T0,T2,7.6ft,0.05s
4.17.2026 15:12:37,T1,T2,8.8ft,0.05s
4.17.2026 15:12:37,T0,T1,2.0ft,0.05s
4.17.2026 15:12:37,T0,T2,7.6ft,0.05s
4.17.2026 15:12:37,T1,T2,8.8ft,0.05s
4.17.2026 15:12:37,T0,T1,2.0ft,0.05s
4.17.2026 15:12:37,T0,T2,7.6ft,0.05s
4.17.2026 15:12:37,T1,T2,8.8ft,0.05s
4.17.2026 15:12:37,T0,T1,2.1ft,0.05s
4.17.2026 15:12:37,T0,T2,7.7ft,0.05s
4.17.2026 15:12:37,T1,T2,8.8ft,0.05s
4.17.2026 15:12:37,T0,T1,2.2ft,0.05s
4.17.2026 15:12:37,T0,T2,7.8ft,0.05s
4.17.2026 15:12:37,T1,T2,8.8ft,0.05s
4.17.2026 15:12:38,T0,T1,2.2ft,0.05s
4.17.2026 15:12:38,T0,T2,7.8ft,0.05s
4.17.2026 15:12:38,T1,T2,8.7ft,0.05s
4.17.2026 15:12:38,T0,T1,2.4ft,0.05s
4.17.2026 15:12:38,T0,T2,7.8ft,0.05s
4.17.2026 15:12:38,T1,T2,8.7ft,0.05s
4.17.2026 15:12:38,T0,T1,2.5ft,0.05s
4.17.2026 15:12:38,T0,T2,7.8ft,0.05s
4.17.2026 15:12:38,T1,T2,8.7ft,0.05s
4.17.2026 15:12:38,T0,T1,2.7ft,0.05s
4.17.2026 15:12:38,T0,T2,7.7ft,0.05s
4.17.2026 15:12:38,T1,T2,8.6ft,0.05s
4.17.2026 15:12:38,T0,T1,2.7ft,0.05s
4.17.2026 15:12:38,T0,T2,7.7ft,0.05s
4.17.2026 15:12:38,T1,T2,8.6ft,0.05s
4.17.2026 15:12:38,T0,T1,2.8ft,0.06s
4.17.2026 15:12:38,T0,T2,7.7ft,0.06s
4.17.2026 15:12:38,T1,T2,8.6ft,0.06s
4.17.2026 15:12:38,T0,T1,2.9ft,0.05s
4.17.2026 15:12:38,T0,T2,7.7ft,0.05s
4.17.2026 15:12:38,T1,T2,8.6ft,0.05s
4.17.2026 15:12:38,T0,T1,2.9ft,0.05s
4.17.2026 15:12:38,T0,T2,7.8ft,0.05s
4.17.2026 15:12:38,T1,T2,8.6ft,0.05s
4.17.2026 15:12:38,T0,T1,2.7ft,0.06s
4.17.2026 15:12:38,T0,T2,7.8ft,0.06s
4.17.2026 15:12:38,T1,T2,8.7ft,0.06s
4.17.2026 15:12:38,T0,T1,2.6ft,0.05s
4.17.2026 15:12:38,T0,T2,7.9ft,0.05s
4.17.2026 15:12:38,T1,T2,8.8ft,0.05s
4.17.2026 15:12:38,T0,T1,2.5ft,0.05s
4.17.2026 15:12:38,T0,T2,7.9ft,0.05s
4.17.2026 15:12:38,T1,T2,8.9ft,0.05s
4.17.2026 15:12:38,T0,T1,2.3ft,0.06s
4.17.2026 15:12:38,T0,T2,7.9ft,0.06s
4.17.2026 15:12:38,T1,T2,9.1ft,0.06s
4.17.2026 15:12:38,T0,T1,2.2ft,0.05s
4.17.2026 15:12:38,T0,T2,8.0ft,0.05s
4.17.2026 15:12:38,T1,T2,9.1ft,0.05s
4.17.2026 15:12:38,T0,T1,2.2ft,0.05s
4.17.2026 15:12:38,T0,T2,8.0ft,0.05s
4.17.2026 15:12:38,T1,T2,9.2ft,0.05s
4.17.2026 15:12:38,T0,T1,2.0ft,0.05s
4.17.2026 15:12:38,T0,T2,8.0ft,0.05s
4.17.2026 15:12:38,T1,T2,9.3ft,0.05s
4.17.2026 15:12:38,T0,T1,2.0ft,0.05s
4.17.2026 15:12:38,T0,T2,8.0ft,0.05s
4.17.2026 15:12:38,T1,T2,9.5ft,0.05s
4.17.2026 15:12:38,T0,T1,2.0ft,0.05s
4.17.2026 15:12:38,T0,T2,8.0ft,0.05s
4.17.2026 15:12:38,T1,T2,9.7ft,0.05s
4.17.2026 15:12:38,T0,T1,2.0ft,0.05s
4.17.2026 15:12:38,T0,T2,8.0ft,0.05s
4.17.2026 15:12:38,T1,T2,9.9ft,0.05s
4.17.2026 15:12:38,T0,T1,2.1ft,0.05s
4.17.2026 15:12:38,T0,T2,8.0ft,0.05s
4.17.2026 15:12:38,T1,T2,10.0ft,0.05s
4.17.2026 15:12:38,T0,T1,2.0ft,0.05s
4.17.2026 15:12:38,T0,T2,8.1ft,0.05s
4.17.2026 15:12:38,T1,T2,9.9ft,0.05s
4.17.2026 15:12:39,T0,T1,2.0ft,0.05s
4.17.2026 15:12:39,T0,T2,8.2ft,0.05s
4.17.2026 15:12:39,T1,T2,9.9ft,0.05s
4.17.2026 15:12:39,T0,T1,2.0ft,0.05s
4.17.2026 15:12:39,T0,T2,8.4ft,0.05s
4.17.2026 15:12:39,T1,T2,9.9ft,0.05s
4.17.2026 15:12:39,T0,T1,2.1ft,0.05s
4.17.2026 15:12:39,T0,T2,8.6ft,0.05s
4.17.2026 15:12:39,T1,T2,10.1ft,0.05s
4.17.2026 15:12:39,T0,T1,2.2ft,0.05s
4.17.2026 15:12:39,T0,T2,8.9ft,0.05s
4.17.2026 15:12:39,T1,T2,10.2ft,0.05s
4.17.2026 15:12:39,T0,T1,2.3ft,0.05s
4.17.2026 15:12:39,T0,T2,9.1ft,0.05s
4.17.2026 15:12:39,T1,T2,10.4ft,0.05s
4.17.2026 15:12:39,T0,T1,2.2ft,0.06s
4.17.2026 15:12:39,T0,T2,9.4ft,0.06s
4.17.2026 15:12:39,T1,T2,10.5ft,0.06s
4.17.2026 15:12:39,T0,T1,2.5ft,0.05s
4.17.2026 15:12:39,T0,T2,9.9ft,0.05s
4.17.2026 15:12:39,T1,T2,10.4ft,0.05s
4.17.2026 15:12:39,T0,T1,2.9ft,0.05s
4.17.2026 15:12:39,T0,T2,10.3ft,0.05s
4.17.2026 15:12:39,T1,T2,10.3ft,0.05s
4.17.2026 15:12:39,T0,T1,3.2ft,0.05s
4.17.2026 15:12:39,T0,T2,10.5ft,0.05s
4.17.2026 15:12:39,T1,T2,10.1ft,0.05s
4.17.2026 15:12:39,T0,T1,3.6ft,0.05s
4.17.2026 15:12:39,T0,T2,10.7ft,0.05s
4.17.2026 15:12:39,T1,T2,9.9ft,0.05s
4.17.2026 15:12:39,T0,T1,3.9ft,0.05s
4.17.2026 15:12:39,T0,T2,10.8ft,0.05s
4.17.2026 15:12:39,T1,T2,9.7ft,0.05s
4.17.2026 15:12:39,T0,T1,4.0ft,0.05s
4.17.2026 15:12:39,T0,T2,10.8ft,0.05s
4.17.2026 15:12:39,T1,T2,9.5ft,0.05s
4.17.2026 15:12:39,T0,T1,4.2ft,0.05s
4.17.2026 15:12:39,T0,T2,10.8ft,0.05s
4.17.2026 15:12:39,T1,T2,9.3ft,0.05s
4.17.2026 15:12:39,T0,T1,4.3ft,0.05s
4.17.2026 15:12:39,T0,T2,10.8ft,0.05s
4.17.2026 15:12:39,T1,T2,9.1ft,0.05s
4.17.2026 15:12:39,T0,T1,4.5ft,0.05s
4.17.2026 15:12:39,T0,T2,10.7ft,0.05s
4.17.2026 15:12:39,T1,T2,8.9ft,0.05s
4.17.2026 15:12:39,T0,T1,4.5ft,0.05s
4.17.2026 15:12:39,T0,T2,10.6ft,0.05s
4.17.2026 15:12:39,T1,T2,8.8ft,0.05s
4.17.2026 15:12:39,T0,T1,4.6ft,0.05s
4.17.2026 15:12:39,T0,T2,10.6ft,0.05s
4.17.2026 15:12:39,T1,T2,8.6ft,0.05s
4.17.2026 15:12:39,T0,T1,4.8ft,0.05s
4.17.2026 15:12:39,T0,T2,10.7ft,0.05s
4.17.2026 15:12:39,T1,T2,8.5ft,0.05s
4.17.2026 15:12:39,T0,T1,5.0ft,0.05s
4.17.2026 15:12:39,T0,T2,10.8ft,0.05s
4.17.2026 15:12:39,T1,T2,8.5ft,0.05s
4.17.2026 15:12:40,T0,T1,5.4ft,0.05s
4.17.2026 15:12:40,T0,T2,11.1ft,0.05s
4.17.2026 15:12:40,T1,T2,8.4ft,0.05s
4.17.2026 15:12:40,T0,T1,5.8ft,0.05s
4.17.2026 15:12:40,T0,T2,11.5ft,0.05s
4.17.2026 15:12:40,T1,T2,8.3ft,0.05s
4.17.2026 15:12:40,T0,T1,6.2ft,0.05s
4.17.2026 15:12:40,T0,T2,11.8ft,0.05s
4.17.2026 15:12:40,T1,T2,8.3ft,0.05s
4.17.2026 15:12:40,T0,T1,6.5ft,0.05s
4.17.2026 15:12:40,T0,T2,11.9ft,0.05s
4.17.2026 15:12:40,T1,T2,8.2ft,0.05s
4.17.2026 15:12:40,T0,T1,6.7ft,0.05s
4.17.2026 15:12:40,T0,T2,12.0ft,0.05s
4.17.2026 15:12:40,T1,T2,8.2ft,0.05s
4.17.2026 15:12:40,T0,T1,6.8ft,0.05s
4.17.2026 15:12:40,T0,T2,12.1ft,0.05s
4.17.2026 15:12:40,T1,T2,8.1ft,0.05s
4.17.2026 15:12:40,T0,T1,6.9ft,0.05s
4.17.2026 15:12:40,T0,T2,12.1ft,0.05s
4.17.2026 15:12:40,T1,T2,8.1ft,0.05s
4.17.2026 15:12:40,T0,T1,7.1ft,0.05s
4.17.2026 15:12:40,T0,T2,12.2ft,0.05s
4.17.2026 15:12:40,T1,T2,8.0ft,0.05s
4.17.2026 15:12:40,T0,T1,7.4ft,0.05s
4.17.2026 15:12:40,T0,T2,12.4ft,0.05s
4.17.2026 15:12:40,T1,T2,8.0ft,0.05s
4.17.2026 15:12:40,T0,T1,7.7ft,0.05s
4.17.2026 15:12:40,T0,T2,12.6ft,0.05s
4.17.2026 15:12:40,T1,T2,8.0ft,0.05s
4.17.2026 15:12:40,T0,T1,8.1ft,0.05s
4.17.2026 15:12:40,T0,T2,12.8ft,0.05s
4.17.2026 15:12:40,T1,T2,8.0ft,0.05s
4.17.2026 15:12:40,T0,T1,8.4ft,0.05s
4.17.2026 15:12:40,T0,T2,13.0ft,0.05s
4.17.2026 15:12:40,T1,T2,8.0ft,0.05s
4.17.2026 15:12:40,T0,T1,8.6ft,0.05s
4.17.2026 15:12:40,T0,T2,13.1ft,0.05s
4.17.2026 15:12:40,T1,T2,8.0ft,0.05s
4.17.2026 15:12:40,T0,T1,8.7ft,0.05s
4.17.2026 15:12:40,T0,T2,13.1ft,0.05s
4.17.2026 15:12:40,T1,T2,8.0ft,0.05s
4.17.2026 15:12:40,T0,T1,8.7ft,0.05s
4.17.2026 15:12:40,T0,T2,13.1ft,0.05s
4.17.2026 15:12:40,T1,T2,8.0ft,0.05s
4.17.2026 15:12:40,T0,T1,8.8ft,0.05s
4.17.2026 15:12:40,T0,T2,13.0ft,0.05s
4.17.2026 15:12:40,T1,T2,8.0ft,0.05s
4.17.2026 15:12:40,T0,T1,8.8ft,0.05s
4.17.2026 15:12:40,T0,T2,13.0ft,0.05s
4.17.2026 15:12:40,T1,T2,8.0ft,0.05s
4.17.2026 15:12:40,T0,T1,8.9ft,0.05s
4.17.2026 15:12:40,T0,T2,13.0ft,0.05s
4.17.2026 15:12:40,T1,T2,8.1ft,0.05s
4.17.2026 15:12:40,T0,T1,9.0ft,0.05s
4.17.2026 15:12:40,T0,T2,12.9ft,0.05s
4.17.2026 15:12:40,T1,T2,8.0ft,0.05s
4.17.2026 15:12:40,T0,T1,8.9ft,0.05s
4.17.2026 15:12:40,T0,T2,12.9ft,0.05s
4.17.2026 15:12:40,T1,T2,8.0ft,0.05s
4.17.2026 15:12:41,T0,T1,8.9ft,0.05s
4.17.2026 15:12:41,T0,T2,12.8ft,0.05s
4.17.2026 15:12:41,T1,T2,8.0ft,0.05s
4.17.2026 15:12:41,T0,T1,8.8ft,0.05s
4.17.2026 15:12:41,T0,T2,12.7ft,0.05s
4.17.2026 15:12:41,T1,T2,8.0ft,0.05s
4.17.2026 15:12:41,T0,T1,8.7ft,0.05s
4.17.2026 15:12:41,T0,T2,12.6ft,0.05s
4.17.2026 15:12:41,T1,T2,8.0ft,0.05s
4.17.2026 15:12:41,T0,T1,8.6ft,0.05s
4.17.2026 15:12:41,T0,T2,12.5ft,0.05s
4.17.2026 15:12:41,T1,T2,8.1ft,0.05s
4.17.2026 15:12:41,T0,T1,8.4ft,0.05s
4.17.2026 15:12:41,T0,T2,12.3ft,0.05s
4.17.2026 15:12:41,T1,T2,8.0ft,0.05s
4.17.2026 15:12:41,T0,T1,8.3ft,0.05s
4.17.2026 15:12:41,T0,T2,12.2ft,0.05s
4.17.2026 15:12:41,T1,T2,8.0ft,0.05s
4.17.2026 15:12:41,T0,T1,8.1ft,0.05s
4.17.2026 15:12:41,T0,T2,12.0ft,0.05s
4.17.2026 15:12:41,T1,T2,8.0ft,0.05s
4.17.2026 15:12:41,T0,T1,7.9ft,0.05s
4.17.2026 15:12:41,T0,T2,11.9ft,0.05s
4.17.2026 15:12:41,T1,T2,8.0ft,0.05s
4.17.2026 15:12:41,T0,T1,7.7ft,0.05s
4.17.2026 15:12:41,T0,T2,11.8ft,0.05s
4.17.2026 15:12:41,T1,T2,8.0ft,0.05s
4.17.2026 15:12:41,T0,T1,7.6ft,0.05s
4.17.2026 15:12:41,T0,T2,11.7ft,0.05s
4.17.2026 15:12:41,T1,T2,8.0ft,0.05s
4.17.2026 15:12:41,T0,T1,7.5ft,0.05s
4.17.2026 15:12:41,T0,T2,11.6ft,0.05s
4.17.2026 15:12:41,T1,T2,8.0ft,0.05s
4.17.2026 15:12:41,T0,T1,7.4ft,0.05s
4.17.2026 15:12:41,T0,T2,11.5ft,0.05s
4.17.2026 15:12:41,T1,T2,8.0ft,0.05s
4.17.2026 15:12:41,T0,T1,7.3ft,0.05s
4.17.2026 15:12:41,T0,T2,11.4ft,0.05s
4.17.2026 15:12:41,T1,T2,8.1ft,0.05s
4.17.2026 15:12:41,T0,T1,7.1ft,0.05s
4.17.2026 15:12:41,T0,T2,11.3ft,0.05s
4.17.2026 15:12:41,T1,T2,8.1ft,0.05s
4.17.2026 15:12:41,T0,T1,7.0ft,0.05s
4.17.2026 15:12:41,T0,T2,11.2ft,0.05s
4.17.2026 15:12:41,T1,T2,8.1ft,0.05s
4.17.2026 15:12:41,T0,T1,7.0ft,0.05s
4.17.2026 15:12:41,T0,T2,11.2ft,0.05s
4.17.2026 15:12:41,T1,T2,8.1ft,0.05s
4.17.2026 15:12:41,T0,T1,6.9ft,0.05s
4.17.2026 15:12:41,T0,T2,11.2ft,0.05s
4.17.2026 15:12:41,T1,T2,8.0ft,0.05s
4.17.2026 15:12:41,T0,T1,6.9ft,0.05s
4.17.2026 15:12:41,T0,T2,11.2ft,0.05s
4.17.2026 15:12:41,T1,T2,8.0ft,0.05s
4.17.2026 15:12:41,T0,T1,6.8ft,0.05s
4.17.2026 15:12:41,T0,T2,11.2ft,0.05s
4.17.2026 15:12:41,T1,T2,7.9ft,0.05s
4.17.2026 15:12:42,T0,T1,6.7ft,0.05s
4.17.2026 15:12:42,T0,T2,11.1ft,0.05s
4.17.2026 15:12:42,T1,T2,7.9ft,0.05s
4.17.2026 15:12:42,T0,T1,6.6ft,0.05s
4.17.2026 15:12:42,T0,T2,11.1ft,0.05s
4.17.2026 15:12:42,T1,T2,7.8ft,0.05s
4.17.2026 15:12:42,T0,T1,6.5ft,0.05s
4.17.2026 15:12:42,T0,T2,11.1ft,0.05s
4.17.2026 15:12:42,T1,T2,7.8ft,0.05s
4.17.2026 15:12:42,T0,T1,6.3ft,0.05s
4.17.2026 15:12:42,T0,T2,11.0ft,0.05s
4.17.2026 15:12:42,T1,T2,7.8ft,0.05s
4.17.2026 15:12:42,T0,T1,6.1ft,0.05s
4.17.2026 15:12:42,T0,T2,10.9ft,0.05s
4.17.2026 15:12:42,T1,T2,7.8ft,0.05s
4.17.2026 15:12:42,T0,T1,5.9ft,0.05s
4.17.2026 15:12:42,T0,T2,10.8ft,0.05s
4.17.2026 15:12:42,T1,T2,7.8ft,0.05s
4.17.2026 15:12:42,T0,T1,5.7ft,0.05s
4.17.2026 15:12:42,T0,T2,10.7ft,0.05s
4.17.2026 15:12:42,T1,T2,7.8ft,0.05s
4.17.2026 15:12:42,T0,T1,5.5ft,0.05s
4.17.2026 15:12:42,T0,T2,10.6ft,0.05s
4.17.2026 15:12:42,T1,T2,7.8ft,0.05s
4.17.2026 15:12:42,T0,T1,5.3ft,0.05s
4.17.2026 15:12:42,T0,T2,10.4ft,0.05s
4.17.2026 15:12:42,T1,T2,7.8ft,0.05s
4.17.2026 15:12:42,T0,T1,5.1ft,0.05s
4.17.2026 15:12:42,T0,T2,10.3ft,0.05s
4.17.2026 15:12:42,T1,T2,7.8ft,0.05s
4.17.2026 15:12:42,T0,T1,4.9ft,0.05s
4.17.2026 15:12:42,T0,T2,10.2ft,0.05s
4.17.2026 15:12:42,T1,T2,7.8ft,0.05s
4.17.2026 15:12:42,T0,T1,4.7ft,0.05s
4.17.2026 15:12:42,T0,T2,10.1ft,0.05s
4.17.2026 15:12:42,T1,T2,7.8ft,0.05s
4.17.2026 15:12:42,T0,T1,4.6ft,0.05s
4.17.2026 15:12:42,T0,T2,9.9ft,0.05s
4.17.2026 15:12:42,T1,T2,7.8ft,0.05s
4.17.2026 15:12:42,T0,T1,4.4ft,0.05s
4.17.2026 15:12:42,T0,T2,9.8ft,0.05s
4.17.2026 15:12:42,T1,T2,7.8ft,0.05s
4.17.2026 15:12:42,T0,T1,4.3ft,0.05s
4.17.2026 15:12:42,T0,T2,9.7ft,0.05s
4.17.2026 15:12:42,T1,T2,7.8ft,0.05s
4.17.2026 15:12:42,T0,T1,4.2ft,0.05s
4.17.2026 15:12:42,T0,T2,9.7ft,0.05s
4.17.2026 15:12:42,T1,T2,7.8ft,0.05s
4.17.2026 15:12:42,T0,T1,4.1ft,0.05s
4.17.2026 15:12:42,T0,T2,9.6ft,0.05s
4.17.2026 15:12:42,T1,T2,7.8ft,0.05s
4.17.2026 15:12:42,T0,T1,4.0ft,0.05s
4.17.2026 15:12:42,T0,T2,9.6ft,0.05s
4.17.2026 15:12:42,T1,T2,7.8ft,0.05s
4.17.2026 15:12:42,T0,T1,4.1ft,0.05s
4.17.2026 15:12:42,T0,T2,9.7ft,0.05s
4.17.2026 15:12:42,T1,T2,7.8ft,0.05s
4.17.2026 15:12:42,T0,T1,4.2ft,0.05s
4.17.2026 15:12:42,T0,T2,9.8ft,0.05s
4.17.2026 15:12:42,T1,T2,7.8ft,0.05s
4.17.2026 15:12:43,T0,T1,4.3ft,0.05s
4.17.2026 15:12:43,T0,T2,9.9ft,0.05s
4.17.2026 15:12:43,T1,T2,7.8ft,0.05s
4.17.2026 15:12:43,T0,T1,4.4ft,0.05s
4.17.2026 15:12:43,T0,T2,9.9ft,0.05s
4.17.2026 15:12:43,T1,T2,7.8ft,0.05s
4.17.2026 15:12:43,T0,T1,4.8ft,0.06s
4.17.2026 15:12:43,T0,T2,10.1ft,0.06s
4.17.2026 15:12:43,T1,T2,7.8ft,0.06s
4.17.2026 15:12:43,T0,T1,5.1ft,0.05s
4.17.2026 15:12:43,T0,T2,10.2ft,0.05s
4.17.2026 15:12:43,T1,T2,7.8ft,0.05s
4.17.2026 15:12:43,T0,T1,5.2ft,0.05s
4.17.2026 15:12:43,T0,T2,10.2ft,0.05s
4.17.2026 15:12:43,T1,T2,7.8ft,0.05s
4.17.2026 15:12:43,T0,T1,5.2ft,0.05s
4.17.2026 15:12:43,T0,T2,10.1ft,0.05s
4.17.2026 15:12:43,T1,T2,7.8ft,0.05s
4.17.2026 15:12:43,T0,T1,5.2ft,0.05s
4.17.2026 15:12:43,T0,T2,10.1ft,0.05s
4.17.2026 15:12:43,T1,T2,7.8ft,0.05s
4.17.2026 15:12:43,T0,T1,5.2ft,0.05s
4.17.2026 15:12:43,T0,T2,10.0ft,0.05s
4.17.2026 15:12:43,T1,T2,7.8ft,0.05s
4.17.2026 15:12:43,T0,T1,5.2ft,0.05s
4.17.2026 15:12:43,T0,T2,9.9ft,0.05s
4.17.2026 15:12:43,T1,T2,7.8ft,0.05s
4.17.2026 15:12:43,T0,T1,5.1ft,0.05s
4.17.2026 15:12:43,T0,T2,9.8ft,0.05s
4.17.2026 15:12:43,T1,T2,7.8ft,0.05s
4.17.2026 15:12:43,T0,T1,5.1ft,0.05s
4.17.2026 15:12:43,T0,T2,9.7ft,0.05s
4.17.2026 15:12:43,T1,T2,7.8ft,0.05s
4.17.2026 15:12:43,T0,T1,5.0ft,0.05s
4.17.2026 15:12:43,T0,T2,9.6ft,0.05s
4.17.2026 15:12:43,T1,T2,7.8ft,0.05s
4.17.2026 15:12:43,T0,T1,4.8ft,0.05s
4.17.2026 15:12:43,T0,T2,9.4ft,0.05s
4.17.2026 15:12:43,T1,T2,7.8ft,0.05s
4.17.2026 15:12:43,T0,T1,4.7ft,0.05s
4.17.2026 15:12:43,T0,T2,9.3ft,0.05s
4.17.2026 15:12:43,T1,T2,7.8ft,0.05s
4.17.2026 15:12:43,T0,T1,4.5ft,0.05s
4.17.2026 15:12:43,T0,T2,9.2ft,0.05s
4.17.2026 15:12:43,T1,T2,7.8ft,0.05s
4.17.2026 15:12:43,T0,T1,4.4ft,0.05s
4.17.2026 15:12:43,T0,T2,9.1ft,0.05s
4.17.2026 15:12:43,T1,T2,7.8ft,0.05s
4.17.2026 15:12:43,T0,T1,4.3ft,0.05s
4.17.2026 15:12:43,T0,T2,8.9ft,0.05s
4.17.2026 15:12:43,T1,T2,7.8ft,0.05s
4.17.2026 15:12:43,T0,T1,4.2ft,0.05s
4.17.2026 15:12:43,T0,T2,8.8ft,0.05s
4.17.2026 15:12:43,T1,T2,7.8ft,0.05s
4.17.2026 15:12:43,T0,T1,4.0ft,0.05s
4.17.2026 15:12:43,T0,T2,8.6ft,0.05s
4.17.2026 15:12:43,T1,T2,7.8ft,0.05s
4.17.2026 15:12:44,T0,T1,4.0ft,0.05s
4.17.2026 15:12:44,T0,T2,8.5ft,0.05s
4.17.2026 15:12:44,T1,T2,7.8ft,0.05s
4.17.2026 15:12:44,T0,T1,3.9ft,0.05s
4.17.2026 15:12:44,T0,T2,8.4ft,0.05s
4.17.2026 15:12:44,T1,T2,7.9ft,0.05s
4.17.2026 15:12:44,T0,T1,3.8ft,0.05s
4.17.2026 15:12:44,T0,T2,8.3ft,0.05s
4.17.2026 15:12:44,T1,T2,7.9ft,0.05s
4.17.2026 15:12:44,T0,T1,3.7ft,0.05s
4.17.2026 15:12:44,T0,T2,8.2ft,0.05s
4.17.2026 15:12:44,T1,T2,7.9ft,0.05s
4.17.2026 15:12:44,T0,T1,3.7ft,0.05s
4.17.2026 15:12:44,T0,T2,8.2ft,0.05s
4.17.2026 15:12:44,T1,T2,7.9ft,0.05s
4.17.2026 15:12:44,T0,T1,3.7ft,0.05s
4.17.2026 15:12:44,T0,T2,8.2ft,0.05s
4.17.2026 15:12:44,T1,T2,7.9ft,0.05s
4.17.2026 15:12:44,T0,T1,3.9ft,0.05s
4.17.2026 15:12:44,T0,T2,8.3ft,0.05s
4.17.2026 15:12:44,T1,T2,8.0ft,0.05s
4.17.2026 15:12:44,T0,T1,4.1ft,0.05s
4.17.2026 15:12:44,T0,T2,8.4ft,0.05s
4.17.2026 15:12:44,T1,T2,8.1ft,0.05s
4.17.2026 15:12:44,T0,T1,4.3ft,0.05s
4.17.2026 15:12:44,T0,T2,8.5ft,0.05s
4.17.2026 15:12:44,T1,T2,8.1ft,0.05s
4.17.2026 15:12:44,T0,T1,4.4ft,0.05s
4.17.2026 15:12:44,T0,T2,8.6ft,0.05s
4.17.2026 15:12:44,T1,T2,8.1ft,0.05s
4.17.2026 15:12:44,T0,T1,4.6ft,0.05s
4.17.2026 15:12:44,T0,T2,8.8ft,0.05s
4.17.2026 15:12:44,T1,T2,8.1ft,0.05s
4.17.2026 15:12:44,T0,T1,5.0ft,0.05s
4.17.2026 15:12:44,T0,T2,9.1ft,0.05s
4.17.2026 15:12:44,T1,T2,8.1ft,0.05s
4.17.2026 15:12:44,T0,T1,5.2ft,0.05s
4.17.2026 15:12:44,T0,T2,9.3ft,0.05s
4.17.2026 15:12:44,T1,T2,8.0ft,0.05s
4.17.2026 15:12:44,T0,T1,5.5ft,0.05s
4.17.2026 15:12:44,T0,T2,9.6ft,0.05s
4.17.2026 15:12:44,T1,T2,8.0ft,0.05s
4.17.2026 15:12:44,T0,T1,5.8ft,0.05s
4.17.2026 15:12:44,T0,T2,9.8ft,0.05s
4.17.2026 15:12:44,T1,T2,7.9ft,0.05s
4.17.2026 15:12:44,T0,T1,6.0ft,0.05s
4.17.2026 15:12:44,T0,T2,10.0ft,0.05s
4.17.2026 15:12:44,T1,T2,7.9ft,0.05s
4.17.2026 15:12:44,T0,T1,6.2ft,0.05s
4.17.2026 15:12:44,T0,T2,10.2ft,0.05s
4.17.2026 15:12:44,T1,T2,7.8ft,0.05s
4.17.2026 15:12:44,T0,T1,6.3ft,0.05s
4.17.2026 15:12:44,T0,T2,10.2ft,0.05s
4.17.2026 15:12:44,T1,T2,7.8ft,0.05s
4.17.2026 15:12:44,T0,T1,6.3ft,0.05s
4.17.2026 15:12:44,T0,T2,10.3ft,0.05s
4.17.2026 15:12:44,T1,T2,7.8ft,0.05s
4.17.2026 15:12:44,T0,T1,6.4ft,0.06s
4.17.2026 15:12:44,T0,T2,10.4ft,0.06s
4.17.2026 15:12:44,T1,T2,7.7ft,0.06s
4.17.2026 15:12:45,T0,T1,6.4ft,0.05s
4.17.2026 15:12:45,T0,T2,10.4ft,0.05s
4.17.2026 15:12:45,T1,T2,7.7ft,0.05s
4.17.2026 15:12:45,T0,T1,6.4ft,0.05s
4.17.2026 15:12:45,T0,T2,10.4ft,0.05s
4.17.2026 15:12:45,T1,T2,7.7ft,0.05s
4.17.2026 15:12:45,T0,T1,6.4ft,0.05s
4.17.2026 15:12:45,T0,T2,10.4ft,0.05s
4.17.2026 15:12:45,T1,T2,7.6ft,0.05s
4.17.2026 15:12:45,T0,T1,6.4ft,0.05s
4.17.2026 15:12:45,T0,T2,10.5ft,0.05s
4.17.2026 15:12:45,T1,T2,7.6ft,0.05s
4.17.2026 15:12:45,T0,T1,6.4ft,0.05s
4.17.2026 15:12:45,T0,T2,10.4ft,0.05s
4.17.2026 15:12:45,T1,T2,7.6ft,0.05s
4.17.2026 15:12:45,T0,T1,6.2ft,0.05s
4.17.2026 15:12:45,T0,T2,10.3ft,0.05s
4.17.2026 15:12:45,T1,T2,7.6ft,0.05s
4.17.2026 15:12:45,T0,T1,6.1ft,0.05s
4.17.2026 15:12:45,T0,T2,10.3ft,0.05s
4.17.2026 15:12:45,T1,T2,7.5ft,0.05s
4.17.2026 15:12:45,T0,T1,5.8ft,0.05s
4.17.2026 15:12:45,T0,T2,10.1ft,0.05s
4.17.2026 15:12:45,T1,T2,7.5ft,0.05s
4.17.2026 15:12:45,T0,T1,5.4ft,0.05s
4.17.2026 15:12:45,T0,T2,9.9ft,0.05s
4.17.2026 15:12:45,T1,T2,7.5ft,0.05s
4.17.2026 15:12:45,T0,T1,5.1ft,0.05s
4.17.2026 15:12:45,T0,T2,9.7ft,0.05s
4.17.2026 15:12:45,T1,T2,7.5ft,0.05s
4.17.2026 15:12:45,T0,T1,4.8ft,0.05s
4.17.2026 15:12:45,T0,T2,9.5ft,0.05s
4.17.2026 15:12:45,T1,T2,7.5ft,0.05s
4.17.2026 15:12:45,T0,T1,4.5ft,0.05s
4.17.2026 15:12:45,T0,T2,9.3ft,0.05s
4.17.2026 15:12:45,T1,T2,7.5ft,0.05s
4.17.2026 15:12:45,T0,T1,4.5ft,0.05s
4.17.2026 15:12:45,T0,T2,9.3ft,0.05s
4.17.2026 15:12:45,T1,T2,7.5ft,0.05s
4.17.2026 15:12:45,T0,T1,4.4ft,0.05s
4.17.2026 15:12:45,T0,T2,9.3ft,0.05s
4.17.2026 15:12:45,T1,T2,7.5ft,0.05s
4.17.2026 15:12:45,T0,T1,4.3ft,0.05s
4.17.2026 15:12:45,T0,T2,9.2ft,0.05s
4.17.2026 15:12:45,T1,T2,7.5ft,0.05s
4.17.2026 15:12:45,T0,T1,4.0ft,0.05s
4.17.2026 15:12:45,T0,T2,9.0ft,0.05s
4.17.2026 15:12:45,T1,T2,7.5ft,0.05s
4.17.2026 15:12:45,T0,T1,3.7ft,0.05s
4.17.2026 15:12:45,T0,T2,8.9ft,0.05s
4.17.2026 15:12:45,T1,T2,7.6ft,0.05s
4.17.2026 15:12:45,T0,T1,3.5ft,0.05s
4.17.2026 15:12:45,T0,T2,8.8ft,0.05s
4.17.2026 15:12:45,T1,T2,7.6ft,0.05s
4.17.2026 15:12:45,T0,T1,3.2ft,0.05s
4.17.2026 15:12:45,T0,T2,8.7ft,0.05s
4.17.2026 15:12:45,T1,T2,7.6ft,0.05s
4.17.2026 15:12:46,T0,T1,2.8ft,0.05s
4.17.2026 15:12:46,T0,T2,8.6ft,0.05s
4.17.2026 15:12:46,T1,T2,7.6ft,0.05s
4.17.2026 15:12:46,T0,T1,2.5ft,0.05s
4.17.2026 15:12:46,T0,T2,8.6ft,0.05s
4.17.2026 15:12:46,T1,T2,7.7ft,0.05s
4.17.2026 15:12:46,T0,T1,2.0ft,0.05s
4.17.2026 15:12:46,T0,T2,8.5ft,0.05s
4.17.2026 15:12:46,T1,T2,7.9ft,0.05s
4.17.2026 15:12:46,T0,T1,1.5ft,0.05s
4.17.2026 15:12:46,T0,T2,8.5ft,0.05s
4.17.2026 15:12:46,T1,T2,8.1ft,0.05s
4.17.2026 15:12:46,T0,T1,1.1ft,0.05s
4.17.2026 15:12:46,T0,T2,8.4ft,0.05s
4.17.2026 15:12:46,T1,T2,8.3ft,0.05s
4.17.2026 15:12:46,T0,T1,0.7ft,0.05s
4.17.2026 15:12:46,T0,T2,8.4ft,0.05s
4.17.2026 15:12:46,T1,T2,8.5ft,0.05s
4.17.2026 15:12:46,T0,T1,0.4ft,0.05s
4.17.2026 15:12:46,T0,T2,8.4ft,0.05s
4.17.2026 15:12:46,T1,T2,8.7ft,0.05s
4.17.2026 15:12:46,T0,T1,0.3ft,0.05s
4.17.2026 15:12:46,T0,T2,8.4ft,0.05s
4.17.2026 15:12:46,T1,T2,8.7ft,0.05s
4.17.2026 15:12:46,T0,T1,0.2ft,0.05s
4.17.2026 15:12:46,T0,T2,8.5ft,0.05s
4.17.2026 15:12:46,T1,T2,8.7ft,0.05s
4.17.2026 15:12:46,T0,T1,0.2ft,0.05s
4.17.2026 15:12:46,T0,T2,8.5ft,0.05s
4.17.2026 15:12:46,T1,T2,8.6ft,0.05s
4.17.2026 15:12:46,T0,T1,0.1ft,0.05s
4.17.2026 15:12:46,T0,T2,8.5ft,0.05s
4.17.2026 15:12:46,T1,T2,8.6ft,0.05s
4.17.2026 15:12:46,T0,T1,0.1ft,0.05s
4.17.2026 15:12:46,T0,T2,8.4ft,0.05s
4.17.2026 15:12:46,T1,T2,8.5ft,0.05s
4.17.2026 15:12:46,T0,T1,0.1ft,0.05s
4.17.2026 15:12:46,T0,T2,8.4ft,0.05s
4.17.2026 15:12:46,T1,T2,8.4ft,0.05s
4.17.2026 15:12:46,T0,T1,0.1ft,0.05s
4.17.2026 15:12:46,T0,T2,8.4ft,0.05s
4.17.2026 15:12:46,T1,T2,8.4ft,0.05s
4.17.2026 15:12:46,T0,T1,0.1ft,0.05s
4.17.2026 15:12:46,T0,T2,8.3ft,0.05s
4.17.2026 15:12:46,T1,T2,8.4ft,0.05s
4.17.2026 15:12:46,T0,T1,0.2ft,0.05s
4.17.2026 15:12:46,T0,T2,8.3ft,0.05s
4.17.2026 15:12:46,T1,T2,8.4ft,0.05s
4.17.2026 15:12:46,T0,T1,0.3ft,0.05s
4.17.2026 15:12:46,T0,T2,8.2ft,0.05s
4.17.2026 15:12:46,T1,T2,8.4ft,0.05s
4.17.2026 15:12:46,T0,T1,0.4ft,0.05s
4.17.2026 15:12:46,T0,T2,8.1ft,0.05s
4.17.2026 15:12:46,T1,T2,8.4ft,0.05s
4.17.2026 15:12:46,T0,T1,0.6ft,0.05s
4.17.2026 15:12:46,T0,T2,8.2ft,0.05s
4.17.2026 15:12:46,T1,T2,8.4ft,0.05s
4.17.2026 15:12:46,T0,T1,0.8ft,0.06s
4.17.2026 15:12:46,T0,T2,8.2ft,0.06s
4.17.2026 15:12:46,T1,T2,8.4ft,0.06s
4.17.2026 15:12:47,T0,T1,1.4ft,0.05s
4.17.2026 15:12:47,T0,T2,8.4ft,0.05s
4.17.2026 15:12:47,T1,T2,8.3ft,0.05s
4.17.2026 15:12:47,T0,T1,1.7ft,0.05s
4.17.2026 15:12:47,T0,T2,8.5ft,0.05s
4.17.2026 15:12:47,T1,T2,8.3ft,0.05s
4.17.2026 15:12:47,T0,T1,2.0ft,0.05s
4.17.2026 15:12:47,T0,T2,8.7ft,0.05s
4.17.2026 15:12:47,T1,T2,8.3ft,0.05s
4.17.2026 15:12:47,T0,T1,2.3ft,0.05s
4.17.2026 15:12:47,T0,T2,8.8ft,0.05s
4.17.2026 15:12:47,T1,T2,8.2ft,0.05s
4.17.2026 15:12:47,T0,T1,2.5ft,0.05s
4.17.2026 15:12:47,T0,T2,8.9ft,0.05s
4.17.2026 15:12:47,T1,T2,8.2ft,0.05s
4.17.2026 15:12:47,T0,T1,2.6ft,0.05s
4.17.2026 15:12:47,T0,T2,8.9ft,0.05s
4.17.2026 15:12:47,T1,T2,8.2ft,0.05s
4.17.2026 15:12:47,T0,T1,2.6ft,0.05s
4.17.2026 15:12:47,T0,T2,8.9ft,0.05s
4.17.2026 15:12:47,T1,T2,8.1ft,0.05s
4.17.2026 15:12:47,T0,T1,2.7ft,0.05s
4.17.2026 15:12:47,T0,T2,9.0ft,0.05s
4.17.2026 15:12:47,T1,T2,8.1ft,0.05s
4.17.2026 15:12:47,T0,T1,2.8ft,0.05s
4.17.2026 15:12:47,T0,T2,9.2ft,0.05s
4.17.2026 15:12:47,T1,T2,8.0ft,0.05s
4.17.2026 15:12:47,T0,T1,3.0ft,0.05s
4.17.2026 15:12:47,T0,T2,9.3ft,0.05s
4.17.2026 15:12:47,T1,T2,8.0ft,0.05s
4.17.2026 15:12:47,T0,T1,3.2ft,0.05s
4.17.2026 15:12:47,T0,T2,9.5ft,0.05s
4.17.2026 15:12:47,T1,T2,8.0ft,0.05s
4.17.2026 15:12:47,T0,T1,3.1ft,0.05s
4.17.2026 15:12:47,T0,T2,9.5ft,0.05s
4.17.2026 15:12:47,T1,T2,8.0ft,0.05s
4.17.2026 15:12:47,T0,T1,3.3ft,0.05s
4.17.2026 15:12:47,T0,T2,9.6ft,0.05s
4.17.2026 15:12:47,T1,T2,8.0ft,0.05s
4.17.2026 15:12:47,T0,T1,3.4ft,0.06s
4.17.2026 15:12:47,T0,T2,9.7ft,0.06s
4.17.2026 15:12:47,T1,T2,7.9ft,0.06s
4.17.2026 15:12:47,T0,T1,3.5ft,0.05s
4.17.2026 15:12:47,T0,T2,9.7ft,0.05s
4.17.2026 15:12:47,T1,T2,7.9ft,0.05s
4.17.2026 15:12:47,T0,T1,3.4ft,0.05s
4.17.2026 15:12:47,T0,T2,9.6ft,0.05s
4.17.2026 15:12:47,T1,T2,7.9ft,0.05s
4.17.2026 15:12:47,T0,T1,3.3ft,0.05s
4.17.2026 15:12:47,T0,T2,9.4ft,0.05s
4.17.2026 15:12:47,T1,T2,7.8ft,0.05s
4.17.2026 15:12:47,T0,T1,3.2ft,0.05s
4.17.2026 15:12:47,T0,T2,9.3ft,0.05s
4.17.2026 15:12:47,T1,T2,7.8ft,0.05s
4.17.2026 15:12:47,T0,T1,3.1ft,0.05s
4.17.2026 15:12:47,T0,T2,9.2ft,0.05s
4.17.2026 15:12:47,T1,T2,7.8ft,0.05s
4.17.2026 15:12:48,T0,T1,3.0ft,0.05s
4.17.2026 15:12:48,T0,T2,9.1ft,0.05s
4.17.2026 15:12:48,T1,T2,7.7ft,0.05s
4.17.2026 15:12:48,T0,T1,2.9ft,0.05s
4.17.2026 15:12:48,T0,T2,9.0ft,0.05s
4.17.2026 15:12:48,T1,T2,7.7ft,0.05s
4.17.2026 15:12:48,T0,T1,2.8ft,0.05s
4.17.2026 15:12:48,T0,T2,8.9ft,0.05s
4.17.2026 15:12:48,T1,T2,7.7ft,0.05s
4.17.2026 15:12:48,T0,T1,2.8ft,0.05s
4.17.2026 15:12:48,T0,T2,8.8ft,0.05s
4.17.2026 15:12:48,T1,T2,7.7ft,0.05s
4.17.2026 15:12:48,T0,T1,2.8ft,0.05s
4.17.2026 15:12:48,T0,T2,8.8ft,0.05s
4.17.2026 15:12:48,T1,T2,7.6ft,0.05s
4.17.2026 15:12:48,T0,T1,2.8ft,0.05s
4.17.2026 15:12:48,T0,T2,8.8ft,0.05s
4.17.2026 15:12:48,T1,T2,7.6ft,0.05s
4.17.2026 15:12:48,T0,T1,2.9ft,0.05s
4.17.2026 15:12:48,T0,T2,8.8ft,0.05s
4.17.2026 15:12:48,T1,T2,7.6ft,0.05s
4.17.2026 15:12:48,T0,T1,3.1ft,0.05s
4.17.2026 15:12:48,T0,T2,9.0ft,0.05s
4.17.2026 15:12:48,T1,T2,7.6ft,0.05s
4.17.2026 15:12:48,T0,T1,3.2ft,0.05s
4.17.2026 15:12:48,T0,T2,9.2ft,0.05s
4.17.2026 15:12:48,T1,T2,7.6ft,0.05s
4.17.2026 15:12:48,T0,T1,3.0ft,0.05s
4.17.2026 15:12:48,T0,T2,9.2ft,0.05s
4.17.2026 15:12:48,T1,T2,7.7ft,0.05s
4.17.2026 15:12:48,T0,T1,2.5ft,0.05s
4.17.2026 15:12:48,T0,T2,9.1ft,0.05s
4.17.2026 15:12:48,T1,T2,8.0ft,0.05s
4.17.2026 15:12:48,T0,T1,2.0ft,0.05s
4.17.2026 15:12:48,T0,T2,9.1ft,0.05s
4.17.2026 15:12:48,T1,T2,8.2ft,0.05s
4.17.2026 15:12:48,T0,T1,1.8ft,0.05s
4.17.2026 15:12:48,T0,T2,9.0ft,0.05s
4.17.2026 15:12:48,T1,T2,8.3ft,0.05s
4.17.2026 15:12:48,T0,T1,1.5ft,0.05s
4.17.2026 15:12:48,T0,T2,8.9ft,0.05s
4.17.2026 15:12:48,T1,T2,8.3ft,0.05s
4.17.2026 15:12:48,T0,T1,1.4ft,0.05s
4.17.2026 15:12:48,T0,T2,8.9ft,0.05s
4.17.2026 15:12:48,T1,T2,8.4ft,0.05s
4.17.2026 15:12:48,T0,T1,1.4ft,0.05s
4.17.2026 15:12:48,T0,T2,8.9ft,0.05s
4.17.2026 15:12:48,T1,T2,8.4ft,0.05s
4.17.2026 15:12:48,T0,T1,1.4ft,0.05s
4.17.2026 15:12:48,T0,T2,8.9ft,0.05s
4.17.2026 15:12:48,T1,T2,8.4ft,0.05s
4.17.2026 15:12:48,T0,T1,1.6ft,0.05s
4.17.2026 15:12:48,T0,T2,9.0ft,0.05s
4.17.2026 15:12:48,T1,T2,8.4ft,0.05s
4.17.2026 15:12:48,T0,T1,1.7ft,0.05s
4.17.2026 15:12:48,T0,T2,9.0ft,0.05s
4.17.2026 15:12:48,T1,T2,8.5ft,0.05s
4.17.2026 15:12:48,T0,T1,2.0ft,0.05s
4.17.2026 15:12:48,T0,T2,9.1ft,0.05s
4.17.2026 15:12:48,T1,T2,8.6ft,0.05s
4.17.2026 15:12:49,T0,T1,2.2ft,0.05s
4.17.2026 15:12:49,T0,T2,9.0ft,0.05s
4.17.2026 15:12:49,T1,T2,8.8ft,0.05s
4.17.2026 15:12:49,T0,T1,2.5ft,0.05s
4.17.2026 15:12:49,T0,T2,8.8ft,0.05s
4.17.2026 15:12:49,T1,T2,8.9ft,0.05s
4.17.2026 15:12:49,T0,T1,2.8ft,0.05s
4.17.2026 15:12:49,T0,T2,8.7ft,0.05s
4.17.2026 15:12:49,T1,T2,9.0ft,0.05s
4.17.2026 15:12:49,T0,T1,3.0ft,0.05s
4.17.2026 15:12:49,T0,T2,8.6ft,0.05s
4.17.2026 15:12:49,T1,T2,9.0ft,0.05s
4.17.2026 15:12:49,T0,T1,3.0ft,0.05s
4.17.2026 15:12:49,T0,T2,8.4ft,0.05s
4.17.2026 15:12:49,T1,T2,9.0ft,0.05s
4.17.2026 15:12:49,T0,T1,2.9ft,0.05s
4.17.2026 15:12:49,T0,T2,8.3ft,0.05s
4.17.2026 15:12:49,T1,T2,9.0ft,0.05s
4.17.2026 15:12:49,T0,T1,2.7ft,0.05s
4.17.2026 15:12:49,T0,T2,8.3ft,0.05s
4.17.2026 15:12:49,T1,T2,9.0ft,0.05s
4.17.2026 15:12:49,T0,T1,2.5ft,0.05s
4.17.2026 15:12:49,T0,T2,8.2ft,0.05s
4.17.2026 15:12:49,T1,T2,9.0ft,0.05s
4.17.2026 15:12:49,T0,T1,2.4ft,0.05s
4.17.2026 15:12:49,T0,T2,8.1ft,0.05s
4.17.2026 15:12:49,T1,T2,9.0ft,0.05s
4.17.2026 15:12:49,T0,T1,2.2ft,0.05s
4.17.2026 15:12:49,T0,T2,8.0ft,0.05s
4.17.2026 15:12:49,T1,T2,9.0ft,0.05s
4.17.2026 15:12:49,T0,T1,2.2ft,0.06s
4.17.2026 15:12:49,T0,T2,8.1ft,0.06s
4.17.2026 15:12:49,T1,T2,8.9ft,0.06s
4.17.2026 15:12:49,T0,T1,2.1ft,0.05s
4.17.2026 15:12:49,T0,T2,8.2ft,0.05s
4.17.2026 15:12:49,T1,T2,8.8ft,0.05s
4.17.2026 15:12:49,T0,T1,2.1ft,0.05s
4.17.2026 15:12:49,T0,T2,8.3ft,0.05s
4.17.2026 15:12:49,T1,T2,8.8ft,0.05s
4.17.2026 15:12:49,T0,T1,2.1ft,0.05s
4.17.2026 15:12:49,T0,T2,8.3ft,0.05s
4.17.2026 15:12:49,T1,T2,8.7ft,0.05s
4.17.2026 15:12:49,T0,T1,2.0ft,0.05s
4.17.2026 15:12:49,T0,T2,8.3ft,0.05s
4.17.2026 15:12:49,T1,T2,8.7ft,0.05s
4.17.2026 15:12:49,T0,T1,2.0ft,0.05s
4.17.2026 15:12:49,T0,T2,8.4ft,0.05s
4.17.2026 15:12:49,T1,T2,8.6ft,0.05s
4.17.2026 15:12:49,T0,T1,2.0ft,0.05s
4.17.2026 15:12:49,T0,T2,8.3ft,0.05s
4.17.2026 15:12:49,T1,T2,8.6ft,0.05s
4.17.2026 15:12:49,T0,T1,2.0ft,0.05s
4.17.2026 15:12:49,T0,T2,8.3ft,0.05s
4.17.2026 15:12:49,T1,T2,8.5ft,0.05s
4.17.2026 15:12:49,T0,T1,1.9ft,0.05s
4.17.2026 15:12:49,T0,T2,8.3ft,0.05s
4.17.2026 15:12:49,T1,T2,8.5ft,0.05s
4.17.2026 15:12:50,T0,T1,1.7ft,0.05s
4.17.2026 15:12:50,T0,T2,8.3ft,0.05s
4.17.2026 15:12:50,T1,T2,8.6ft,0.05s
4.17.2026 15:12:50,T0,T1,1.6ft,0.05s
4.17.2026 15:12:50,T0,T2,8.3ft,0.05s
4.17.2026 15:12:50,T1,T2,8.6ft,0.05s
4.17.2026 15:12:50,T0,T1,1.6ft,0.05s
4.17.2026 15:12:50,T0,T2,8.2ft,0.05s
4.17.2026 15:12:50,T1,T2,8.6ft,0.05s
4.17.2026 15:12:50,T0,T1,1.6ft,0.05s
4.17.2026 15:12:50,T0,T2,8.2ft,0.05s
4.17.2026 15:12:50,T1,T2,8.5ft,0.05s
4.17.2026 15:12:50,T0,T1,1.6ft,0.05s
4.17.2026 15:12:50,T0,T2,8.2ft,0.05s
4.17.2026 15:12:50,T1,T2,8.4ft,0.05s
4.17.2026 15:12:50,T0,T1,1.6ft,0.05s
4.17.2026 15:12:50,T0,T2,8.1ft,0.05s
4.17.2026 15:12:50,T1,T2,8.4ft,0.05s
4.17.2026 15:12:50,T0,T1,1.6ft,0.05s
4.17.2026 15:12:50,T0,T2,8.1ft,0.05s
4.17.2026 15:12:50,T1,T2,8.3ft,0.05s
4.17.2026 15:12:50,T0,T1,1.6ft,0.05s
4.17.2026 15:12:50,T0,T2,8.0ft,0.05s
4.17.2026 15:12:50,T1,T2,8.2ft,0.05s
4.17.2026 15:12:50,T0,T1,1.6ft,0.05s
4.17.2026 15:12:50,T0,T2,7.9ft,0.05s
4.17.2026 15:12:50,T1,T2,8.1ft,0.05s
4.17.2026 15:12:50,T0,T1,1.6ft,0.05s
4.17.2026 15:12:50,T0,T2,7.9ft,0.05s
4.17.2026 15:12:50,T1,T2,8.0ft,0.05s
4.17.2026 15:12:50,T0,T1,1.6ft,0.05s
4.17.2026 15:12:50,T0,T2,7.8ft,0.05s
4.17.2026 15:12:50,T1,T2,7.9ft,0.05s
4.17.2026 15:12:50,T0,T1,1.6ft,0.05s
4.17.2026 15:12:50,T0,T2,7.8ft,0.05s
4.17.2026 15:12:50,T1,T2,7.9ft,0.05s
4.17.2026 15:12:50,T0,T1,1.6ft,0.05s
4.17.2026 15:12:50,T0,T2,7.8ft,0.05s
4.17.2026 15:12:50,T1,T2,7.9ft,0.05s
4.17.2026 15:12:50,T0,T1,1.7ft,0.05s
4.17.2026 15:12:50,T0,T2,7.8ft,0.05s
4.17.2026 15:12:50,T1,T2,7.9ft,0.05s
4.17.2026 15:12:50,T0,T1,1.7ft,0.05s
4.17.2026 15:12:50,T0,T2,7.9ft,0.05s
4.17.2026 15:12:50,T1,T2,8.0ft,0.05s
4.17.2026 15:12:50,T0,T1,1.8ft,0.05s
4.17.2026 15:12:50,T0,T2,7.9ft,0.05s
4.17.2026 15:12:50,T1,T2,8.0ft,0.05s
4.17.2026 15:12:50,T0,T1,1.9ft,0.05s
4.17.2026 15:12:50,T0,T2,8.0ft,0.05s
4.17.2026 15:12:50,T1,T2,8.1ft,0.05s
4.17.2026 15:12:50,T0,T1,2.0ft,0.05s
4.17.2026 15:12:50,T0,T2,8.1ft,0.05s
4.17.2026 15:12:50,T1,T2,8.1ft,0.05s
4.17.2026 15:12:50,T0,T1,2.1ft,0.05s
4.17.2026 15:12:50,T0,T2,8.2ft,0.05s
4.17.2026 15:12:50,T1,T2,8.1ft,0.05s
4.17.2026 15:12:50,T0,T1,2.2ft,0.05s
4.17.2026 15:12:50,T0,T2,8.3ft,0.05s
4.17.2026 15:12:50,T1,T2,8.0ft,0.05s
4.17.2026 15:12:51,T0,T1,2.3ft,0.05s
4.17.2026 15:12:51,T0,T2,8.3ft,0.05s
4.17.2026 15:12:51,T1,T2,8.0ft,0.05s
4.17.2026 15:12:51,T0,T1,2.4ft,0.05s
4.17.2026 15:12:51,T0,T2,8.3ft,0.05s
4.17.2026 15:12:51,T1,T2,8.0ft,0.05s
4.17.2026 15:12:51,T0,T1,2.4ft,0.05s
4.17.2026 15:12:51,T0,T2,8.4ft,0.05s
4.17.2026 15:12:51,T1,T2,8.0ft,0.05s
4.17.2026 15:12:51,T0,T1,2.5ft,0.05s
4.17.2026 15:12:51,T0,T2,8.4ft,0.05s
4.17.2026 15:12:51,T1,T2,8.0ft,0.05s
4.17.2026 15:12:51,T0,T1,2.5ft,0.05s
4.17.2026 15:12:51,T0,T2,8.4ft,0.05s
4.17.2026 15:12:51,T1,T2,8.0ft,0.05s
4.17.2026 15:12:51,T0,T1,2.6ft,0.05s
4.17.2026 15:12:51,T0,T2,8.4ft,0.05s
4.17.2026 15:12:51,T1,T2,8.0ft,0.05s
4.17.2026 15:12:51,T0,T1,2.5ft,0.05s
4.17.2026 15:12:51,T0,T2,8.5ft,0.05s
4.17.2026 15:12:51,T1,T2,8.1ft,0.05s
4.17.2026 15:12:51,T0,T1,2.2ft,0.05s
4.17.2026 15:12:51,T0,T2,8.6ft,0.05s
4.17.2026 15:12:51,T1,T2,8.4ft,0.05s
4.17.2026 15:12:51,T0,T1,1.9ft,0.05s
4.17.2026 15:12:51,T0,T2,8.6ft,0.05s
4.17.2026 15:12:51,T1,T2,8.7ft,0.05s
4.17.2026 15:12:51,T0,T1,1.7ft,0.05s
4.17.2026 15:12:51,T0,T2,8.7ft,0.05s
4.17.2026 15:12:51,T1,T2,8.9ft,0.05s
4.17.2026 15:12:51,T0,T1,1.5ft,0.06s
4.17.2026 15:12:51,T0,T2,8.7ft,0.06s
4.17.2026 15:12:51,T1,T2,9.1ft,0.06s
4.17.2026 15:12:51,T0,T1,1.4ft,0.05s
4.17.2026 15:12:51,T0,T2,8.7ft,0.05s
4.17.2026 15:12:51,T1,T2,9.1ft,0.05s
4.17.2026 15:12:51,T0,T1,1.4ft,0.05s
4.17.2026 15:12:51,T0,T2,8.6ft,0.05s
4.17.2026 15:12:51,T1,T2,9.1ft,0.05s
4.17.2026 15:12:51,T0,T1,1.3ft,0.05s
4.17.2026 15:12:51,T0,T2,8.6ft,0.05s
4.17.2026 15:12:51,T1,T2,9.1ft,0.05s
4.17.2026 15:12:51,T0,T1,1.4ft,0.05s
4.17.2026 15:12:51,T0,T2,8.6ft,0.05s
4.17.2026 15:12:51,T1,T2,9.1ft,0.05s
4.17.2026 15:12:51,T0,T1,1.4ft,0.05s
4.17.2026 15:12:51,T0,T2,8.6ft,0.05s
4.17.2026 15:12:51,T1,T2,9.0ft,0.05s
4.17.2026 15:12:51,T0,T1,1.4ft,0.05s
4.17.2026 15:12:51,T0,T2,8.5ft,0.05s
4.17.2026 15:12:51,T1,T2,9.0ft,0.05s
4.17.2026 15:12:51,T0,T1,1.3ft,0.05s
4.17.2026 15:12:51,T0,T2,8.5ft,0.05s
4.17.2026 15:12:51,T1,T2,9.0ft,0.05s
4.17.2026 15:12:51,T0,T1,1.3ft,0.05s
4.17.2026 15:12:51,T0,T2,8.5ft,0.05s
4.17.2026 15:12:51,T1,T2,9.0ft,0.05s
4.17.2026 15:12:52,T0,T1,1.3ft,0.05s
4.17.2026 15:12:52,T0,T2,8.4ft,0.05s
4.17.2026 15:12:52,T1,T2,9.0ft,0.05s
4.17.2026 15:12:52,T0,T1,1.4ft,0.05s
4.17.2026 15:12:52,T0,T2,8.4ft,0.05s
4.17.2026 15:12:52,T1,T2,8.9ft,0.05s
4.17.2026 15:12:52,T0,T1,1.4ft,0.05s
4.17.2026 15:12:52,T0,T2,8.3ft,0.05s
4.17.2026 15:12:52,T1,T2,9.0ft,0.05s
4.17.2026 15:12:52,T0,T1,1.5ft,0.05s
4.17.2026 15:12:52,T0,T2,8.3ft,0.05s
4.17.2026 15:12:52,T1,T2,9.0ft,0.05s
4.17.2026 15:12:52,T0,T1,1.5ft,0.05s
4.17.2026 15:12:52,T0,T2,8.3ft,0.05s
4.17.2026 15:12:52,T1,T2,9.0ft,0.05s
4.17.2026 15:12:52,T0,T1,1.5ft,0.05s
4.17.2026 15:12:52,T0,T2,8.2ft,0.05s
4.17.2026 15:12:52,T1,T2,9.0ft,0.05s
4.17.2026 15:12:52,T0,T1,1.5ft,0.05s
4.17.2026 15:12:52,T0,T2,8.2ft,0.05s
4.17.2026 15:12:52,T1,T2,9.1ft,0.05s
4.17.2026 15:12:52,T0,T1,1.5ft,0.05s
4.17.2026 15:12:52,T0,T2,8.2ft,0.05s
4.17.2026 15:12:52,T1,T2,9.1ft,0.05s
4.17.2026 15:12:52,T0,T1,1.4ft,0.05s
4.17.2026 15:12:52,T0,T2,8.1ft,0.05s
4.17.2026 15:12:52,T1,T2,9.1ft,0.05s
4.17.2026 15:12:52,T0,T1,1.4ft,0.05s
4.17.2026 15:12:52,T0,T2,8.1ft,0.05s
4.17.2026 15:12:52,T1,T2,9.0ft,0.05s
4.17.2026 15:12:52,T0,T1,1.3ft,0.05s
4.17.2026 15:12:52,T0,T2,8.0ft,0.05s
4.17.2026 15:12:52,T1,T2,9.0ft,0.05s
4.17.2026 15:12:52,T0,T1,1.3ft,0.05s
4.17.2026 15:12:52,T0,T2,8.0ft,0.05s
4.17.2026 15:12:52,T1,T2,9.0ft,0.05s
4.17.2026 15:12:52,T0,T1,1.3ft,0.05s
4.17.2026 15:12:52,T0,T2,7.9ft,0.05s
4.17.2026 15:12:52,T1,T2,9.1ft,0.05s
4.17.2026 15:12:52,T0,T1,1.3ft,0.05s
4.17.2026 15:12:52,T0,T2,7.9ft,0.05s
4.17.2026 15:12:52,T1,T2,9.1ft,0.05s
4.17.2026 15:12:52,T0,T1,1.4ft,0.05s
4.17.2026 15:12:52,T0,T2,7.9ft,0.05s
4.17.2026 15:12:52,T1,T2,9.1ft,0.05s
4.17.2026 15:12:52,T0,T1,1.3ft,0.05s
4.17.2026 15:12:52,T0,T2,7.8ft,0.05s
4.17.2026 15:12:52,T1,T2,9.0ft,0.05s
4.17.2026 15:12:52,T0,T1,1.3ft,0.06s
4.17.2026 15:12:52,T0,T2,7.7ft,0.06s
4.17.2026 15:12:52,T1,T2,8.9ft,0.06s
4.17.2026 15:12:52,T0,T1,1.2ft,0.05s
4.17.2026 15:12:52,T0,T2,7.7ft,0.05s
4.17.2026 15:12:52,T1,T2,8.8ft,0.05s
4.17.2026 15:12:52,T0,T1,1.2ft,0.05s
4.17.2026 15:12:52,T0,T2,7.7ft,0.05s
4.17.2026 15:12:52,T1,T2,8.7ft,0.05s
4.17.2026 15:12:52,T0,T1,1.2ft,0.05s
4.17.2026 15:12:52,T0,T2,7.6ft,0.05s
4.17.2026 15:12:52,T1,T2,8.5ft,0.05s
4.17.2026 15:12:53,T0,T1,1.2ft,0.05s
4.17.2026 15:12:53,T0,T2,7.6ft,0.05s
4.17.2026 15:12:53,T1,T2,8.5ft,0.05s
4.17.2026 15:12:53,T0,T1,1.2ft,0.05s
4.17.2026 15:12:53,T0,T2,7.5ft,0.05s
4.17.2026 15:12:53,T1,T2,8.5ft,0.05s
4.17.2026 15:12:53,T0,T1,1.1ft,0.05s
4.17.2026 15:12:53,T0,T2,7.5ft,0.05s
4.17.2026 15:12:53,T1,T2,8.5ft,0.05s
4.17.2026 15:12:53,T0,T1,1.1ft,0.05s
4.17.2026 15:12:53,T0,T2,7.5ft,0.05s
4.17.2026 15:12:53,T1,T2,8.4ft,0.05s
4.17.2026 15:12:53,T0,T1,1.1ft,0.05s
4.17.2026 15:12:53,T0,T2,7.4ft,0.05s
4.17.2026 15:12:53,T1,T2,8.4ft,0.05s
4.17.2026 15:12:53,T0,T1,1.1ft,0.05s
4.17.2026 15:12:53,T0,T2,7.4ft,0.05s
4.17.2026 15:12:53,T1,T2,8.4ft,0.05s
4.17.2026 15:12:53,T0,T1,1.1ft,0.05s
4.17.2026 15:12:53,T0,T2,7.5ft,0.05s
4.17.2026 15:12:53,T1,T2,8.6ft,0.05s
4.17.2026 15:12:53,T0,T1,1.1ft,0.05s
4.17.2026 15:12:53,T0,T2,7.6ft,0.05s
4.17.2026 15:12:53,T1,T2,8.6ft,0.05s
4.17.2026 15:12:53,T0,T1,1.1ft,0.05s
4.17.2026 15:12:53,T0,T2,7.8ft,0.05s
4.17.2026 15:12:53,T1,T2,8.8ft,0.05s
4.17.2026 15:12:53,T0,T1,1.1ft,0.05s
4.17.2026 15:12:53,T0,T2,7.9ft,0.05s
4.17.2026 15:12:53,T1,T2,8.8ft,0.05s
4.17.2026 15:12:53,T0,T1,1.1ft,0.05s
4.17.2026 15:12:53,T0,T2,7.9ft,0.05s
4.17.2026 15:12:53,T1,T2,8.8ft,0.05s
4.17.2026 15:12:53,T0,T1,1.2ft,0.05s
4.17.2026 15:12:53,T0,T2,8.0ft,0.05s
4.17.2026 15:12:53,T1,T2,8.8ft,0.05s
4.17.2026 15:12:53,T0,T1,1.3ft,0.05s
4.17.2026 15:12:53,T0,T2,7.9ft,0.05s
4.17.2026 15:12:53,T1,T2,8.7ft,0.05s
4.17.2026 15:12:53,T0,T1,1.4ft,0.05s
4.17.2026 15:12:53,T0,T2,7.9ft,0.05s
4.17.2026 15:12:53,T1,T2,8.7ft,0.05s
4.17.2026 15:12:53,T0,T1,1.5ft,0.05s
4.17.2026 15:12:53,T0,T2,7.9ft,0.05s
4.17.2026 15:12:53,T1,T2,8.6ft,0.05s
4.17.2026 15:12:53,T0,T1,1.5ft,0.05s
4.17.2026 15:12:53,T0,T2,8.0ft,0.05s
4.17.2026 15:12:53,T1,T2,8.6ft,0.05s
4.17.2026 15:12:53,T0,T1,1.6ft,0.05s
4.17.2026 15:12:53,T0,T2,7.9ft,0.05s
4.17.2026 15:12:53,T1,T2,8.6ft,0.05s
4.17.2026 15:12:53,T0,T1,1.6ft,0.05s
4.17.2026 15:12:53,T0,T2,7.9ft,0.05s
4.17.2026 15:12:53,T1,T2,8.6ft,0.05s
4.17.2026 15:12:53,T0,T1,1.6ft,0.05s
4.17.2026 15:12:53,T0,T2,7.9ft,0.05s
4.17.2026 15:12:53,T1,T2,8.6ft,0.05s
4.17.2026 15:12:53,T0,T1,1.6ft,0.05s
4.17.2026 15:12:53,T0,T2,7.9ft,0.05s
4.17.2026 15:12:53,T1,T2,8.6ft,0.05s
4.17.2026 15:12:54,T0,T1,1.5ft,0.05s
4.17.2026 15:12:54,T0,T2,7.9ft,0.05s
4.17.2026 15:12:54,T1,T2,8.7ft,0.05s
4.17.2026 15:12:54,T0,T1,1.4ft,0.05s
4.17.2026 15:12:54,T0,T2,8.0ft,0.05s
4.17.2026 15:12:54,T1,T2,8.7ft,0.05s
4.17.2026 15:12:54,T0,T1,1.3ft,0.05s
4.17.2026 15:12:54,T0,T2,8.0ft,0.05s
4.17.2026 15:12:54,T1,T2,8.7ft,0.05s
4.17.2026 15:12:54,T0,T1,1.2ft,0.05s
4.17.2026 15:12:54,T0,T2,8.1ft,0.05s
4.17.2026 15:12:54,T1,T2,8.8ft,0.05s
4.17.2026 15:12:54,T0,T1,1.2ft,0.05s
4.17.2026 15:12:54,T0,T2,8.2ft,0.05s
4.17.2026 15:12:54,T1,T2,8.8ft,0.05s
4.17.2026 15:12:54,T0,T1,1.2ft,0.05s
4.17.2026 15:12:54,T0,T2,8.2ft,0.05s
4.17.2026 15:12:54,T1,T2,8.9ft,0.05s
4.17.2026 15:12:54,T0,T1,1.2ft,0.05s
4.17.2026 15:12:54,T0,T2,8.2ft,0.05s
4.17.2026 15:12:54,T1,T2,8.9ft,0.05s
4.17.2026 15:12:54,T0,T1,1.1ft,0.05s
4.17.2026 15:12:54,T0,T2,8.2ft,0.05s
4.17.2026 15:12:54,T1,T2,8.9ft,0.05s
4.17.2026 15:12:54,T0,T1,1.1ft,0.05s
4.17.2026 15:12:54,T0,T2,8.2ft,0.05s
4.17.2026 15:12:54,T1,T2,8.9ft,0.05s
4.17.2026 15:12:54,T0,T1,1.1ft,0.05s
4.17.2026 15:12:54,T0,T2,8.2ft,0.05s
4.17.2026 15:12:54,T1,T2,9.0ft,0.05s
4.17.2026 15:12:54,T0,T1,1.1ft,0.05s
4.17.2026 15:12:54,T0,T2,8.3ft,0.05s
4.17.2026 15:12:54,T1,T2,9.2ft,0.05s
4.17.2026 15:12:54,T0,T1,1.1ft,0.05s
4.17.2026 15:12:54,T0,T2,8.5ft,0.05s
4.17.2026 15:12:54,T1,T2,9.3ft,0.05s
4.17.2026 15:12:54,T0,T1,1.1ft,0.05s
4.17.2026 15:12:54,T0,T2,8.5ft,0.05s
4.17.2026 15:12:54,T1,T2,9.5ft,0.05s
4.17.2026 15:12:54,T0,T1,1.2ft,0.05s
4.17.2026 15:12:54,T0,T2,8.7ft,0.05s
4.17.2026 15:12:54,T1,T2,9.7ft,0.05s
4.17.2026 15:12:54,T0,T1,1.2ft,0.05s
4.17.2026 15:12:54,T0,T2,8.7ft,0.05s
4.17.2026 15:12:54,T1,T2,9.8ft,0.05s
4.17.2026 15:12:54,T0,T1,1.2ft,0.05s
4.17.2026 15:12:54,T0,T2,8.8ft,0.05s
4.17.2026 15:12:54,T1,T2,9.9ft,0.05s
4.17.2026 15:12:54,T0,T1,1.3ft,0.05s
4.17.2026 15:12:54,T0,T2,8.9ft,0.05s
4.17.2026 15:12:54,T1,T2,10.1ft,0.05s
4.17.2026 15:12:54,T0,T1,1.3ft,0.05s
4.17.2026 15:12:54,T0,T2,8.9ft,0.05s
4.17.2026 15:12:54,T1,T2,10.3ft,0.05s
4.17.2026 15:12:54,T0,T1,1.3ft,0.05s
4.17.2026 15:12:54,T0,T2,9.0ft,0.05s
4.17.2026 15:12:54,T1,T2,10.4ft,0.05s
4.17.2026 15:12:55,T0,T1,1.2ft,0.05s
4.17.2026 15:12:55,T0,T2,9.2ft,0.05s
4.17.2026 15:12:55,T1,T2,10.4ft,0.05s
4.17.2026 15:12:55,T0,T1,1.2ft,0.05s
4.17.2026 15:12:55,T0,T2,9.3ft,0.05s
4.17.2026 15:12:55,T1,T2,10.4ft,0.05s
4.17.2026 15:12:55,T0,T1,1.2ft,0.05s
4.17.2026 15:12:55,T0,T2,9.2ft,0.05s
4.17.2026 15:12:55,T1,T2,10.2ft,0.05s
4.17.2026 15:12:55,T0,T1,1.2ft,0.05s
4.17.2026 15:12:55,T0,T2,9.2ft,0.05s
4.17.2026 15:12:55,T1,T2,10.1ft,0.05s
4.17.2026 15:12:55,T0,T1,1.2ft,0.06s
4.17.2026 15:12:55,T0,T2,9.1ft,0.06s
4.17.2026 15:12:55,T1,T2,10.0ft,0.06s
4.17.2026 15:12:55,T0,T1,1.2ft,0.05s
4.17.2026 15:12:55,T0,T2,9.0ft,0.05s
4.17.2026 15:12:55,T1,T2,9.9ft,0.05s
4.17.2026 15:12:55,T0,T1,1.2ft,0.05s
4.17.2026 15:12:55,T0,T2,8.9ft,0.05s
4.17.2026 15:12:55,T1,T2,9.8ft,0.05s
4.17.2026 15:12:55,T0,T1,1.2ft,0.05s
4.17.2026 15:12:55,T0,T2,8.7ft,0.05s
4.17.2026 15:12:55,T1,T2,9.8ft,0.05s
4.17.2026 15:12:55,T0,T1,1.2ft,0.05s
4.17.2026 15:12:55,T0,T2,8.6ft,0.05s
4.17.2026 15:12:55,T1,T2,9.7ft,0.05s
4.17.2026 15:12:55,T0,T1,1.3ft,0.05s
4.17.2026 15:12:55,T0,T2,8.4ft,0.05s
4.17.2026 15:12:55,T1,T2,9.7ft,0.05s
4.17.2026 15:12:55,T0,T1,1.4ft,0.05s
4.17.2026 15:12:55,T0,T2,8.3ft,0.05s
4.17.2026 15:12:55,T1,T2,9.7ft,0.05s
4.17.2026 15:12:55,T0,T1,1.5ft,0.05s
4.17.2026 15:12:55,T0,T2,8.2ft,0.05s
4.17.2026 15:12:55,T1,T2,9.7ft,0.05s
4.17.2026 15:12:55,T0,T1,1.6ft,0.05s
4.17.2026 15:12:55,T0,T2,8.1ft,0.05s
4.17.2026 15:12:55,T1,T2,9.7ft,0.05s
4.17.2026 15:12:55,T0,T1,1.8ft,0.05s
4.17.2026 15:12:55,T0,T2,8.0ft,0.05s
4.17.2026 15:12:55,T1,T2,9.8ft,0.05s
4.17.2026 15:12:55,T0,T1,1.9ft,0.05s
4.17.2026 15:12:55,T0,T2,7.9ft,0.05s
4.17.2026 15:12:55,T1,T2,9.8ft,0.05s
4.17.2026 15:12:55,T0,T1,2.0ft,0.05s
4.17.2026 15:12:55,T0,T2,7.8ft,0.05s
4.17.2026 15:12:55,T1,T2,9.8ft,0.05s
4.17.2026 15:12:55,T0,T1,2.0ft,0.05s
4.17.2026 15:12:55,T0,T2,7.7ft,0.05s
4.17.2026 15:12:55,T1,T2,9.6ft,0.05s
4.17.2026 15:12:55,T0,T1,1.9ft,0.05s
4.17.2026 15:12:55,T0,T2,7.7ft,0.05s
4.17.2026 15:12:55,T1,T2,9.5ft,0.05s
4.17.2026 15:12:55,T0,T1,1.8ft,0.05s
4.17.2026 15:12:55,T0,T2,7.6ft,0.05s
4.17.2026 15:12:55,T1,T2,9.4ft,0.05s
4.17.2026 15:12:55,T0,T1,1.7ft,0.05s
4.17.2026 15:12:55,T0,T2,7.6ft,0.05s
4.17.2026 15:12:55,T1,T2,9.2ft,0.05s
4.17.2026 15:12:56,T0,T1,1.6ft,0.05s
4.17.2026 15:12:56,T0,T2,7.5ft,0.05s
4.17.2026 15:12:56,T1,T2,9.1ft,0.05s
4.17.2026 15:12:56,T0,T1,1.7ft,0.05s
4.17.2026 15:12:56,T0,T2,7.5ft,0.05s
4.17.2026 15:12:56,T1,T2,9.1ft,0.05s
4.17.2026 15:12:56,T0,T1,1.7ft,0.05s
4.17.2026 15:12:56,T0,T2,7.4ft,0.05s
4.17.2026 15:12:56,T1,T2,9.1ft,0.05s
4.17.2026 15:12:56,T0,T1,1.8ft,0.05s
4.17.2026 15:12:56,T0,T2,7.4ft,0.05s
4.17.2026 15:12:56,T1,T2,9.2ft,0.05s
4.17.2026 15:12:56,T0,T1,1.9ft,0.05s
4.17.2026 15:12:56,T0,T2,7.4ft,0.05s
4.17.2026 15:12:56,T1,T2,9.2ft,0.05s
4.17.2026 15:12:56,T0,T1,2.0ft,0.05s
4.17.2026 15:12:56,T0,T2,7.4ft,0.05s
4.17.2026 15:12:56,T1,T2,9.3ft,0.05s
4.17.2026 15:12:56,T0,T1,2.1ft,0.05s
4.17.2026 15:12:56,T0,T2,7.4ft,0.05s
4.17.2026 15:12:56,T1,T2,9.3ft,0.05s
4.17.2026 15:12:56,T0,T1,2.2ft,0.05s
4.17.2026 15:12:56,T0,T2,7.4ft,0.05s
4.17.2026 15:12:56,T1,T2,9.4ft,0.05s
4.17.2026 15:12:56,T0,T1,2.1ft,0.05s
4.17.2026 15:12:56,T0,T2,7.4ft,0.05s
4.17.2026 15:12:56,T1,T2,9.3ft,0.05s
4.17.2026 15:12:56,T0,T1,2.1ft,0.05s
4.17.2026 15:12:56,T0,T2,7.4ft,0.05s
4.17.2026 15:12:56,T1,T2,9.3ft,0.05s
4.17.2026 15:12:56,T0,T1,1.9ft,0.05s
4.17.2026 15:12:56,T0,T2,7.5ft,0.05s
4.17.2026 15:12:56,T1,T2,9.3ft,0.05s
4.17.2026 15:12:56,T0,T1,1.8ft,0.05s
4.17.2026 15:12:56,T0,T2,7.5ft,0.05s
4.17.2026 15:12:56,T1,T2,9.2ft,0.05s
4.17.2026 15:12:56,T0,T1,1.6ft,0.05s
4.17.2026 15:12:56,T0,T2,7.5ft,0.05s
4.17.2026 15:12:56,T1,T2,9.1ft,0.05s
4.17.2026 15:12:56,T0,T1,1.5ft,0.05s
4.17.2026 15:12:56,T0,T2,7.6ft,0.05s
4.17.2026 15:12:56,T1,T2,9.0ft,0.05s
4.17.2026 15:12:56,T0,T1,1.3ft,0.05s
4.17.2026 15:12:56,T0,T2,7.6ft,0.05s
4.17.2026 15:12:56,T1,T2,8.9ft,0.05s
4.17.2026 15:12:56,T0,T1,1.1ft,0.05s
4.17.2026 15:12:56,T0,T2,7.6ft,0.05s
4.17.2026 15:12:56,T1,T2,8.8ft,0.05s
4.17.2026 15:12:56,T0,T1,1.1ft,0.05s
4.17.2026 15:12:56,T0,T2,7.6ft,0.05s
4.17.2026 15:12:56,T1,T2,8.7ft,0.05s
4.17.2026 15:12:56,T0,T1,1.1ft,0.05s
4.17.2026 15:12:56,T0,T2,7.7ft,0.05s
4.17.2026 15:12:56,T1,T2,8.6ft,0.05s
4.17.2026 15:12:56,T0,T1,1.1ft,0.05s
4.17.2026 15:12:56,T0,T2,7.8ft,0.05s
4.17.2026 15:12:56,T1,T2,8.6ft,0.05s
4.17.2026 15:12:57,T0,T1,1.3ft,0.05s
4.17.2026 15:12:57,T0,T2,7.8ft,0.05s
4.17.2026 15:12:57,T1,T2,8.6ft,0.05s
4.17.2026 15:12:57,T0,T1,1.4ft,0.05s
4.17.2026 15:12:57,T0,T2,8.0ft,0.05s
4.17.2026 15:12:57,T1,T2,8.6ft,0.05s
4.17.2026 15:12:57,T0,T1,1.6ft,0.05s
4.17.2026 15:12:57,T0,T2,8.2ft,0.05s
4.17.2026 15:12:57,T1,T2,8.7ft,0.05s
4.17.2026 15:12:57,T0,T1,1.6ft,0.05s
4.17.2026 15:12:57,T0,T2,8.3ft,0.05s
4.17.2026 15:12:57,T1,T2,8.8ft,0.05s
4.17.2026 15:12:57,T0,T1,1.7ft,0.05s
4.17.2026 15:12:57,T0,T2,8.4ft,0.05s
4.17.2026 15:12:57,T1,T2,8.9ft,0.05s
4.17.2026 15:12:57,T0,T1,1.7ft,0.05s
4.17.2026 15:12:57,T0,T2,8.4ft,0.05s
4.17.2026 15:12:57,T1,T2,8.8ft,0.05s
4.17.2026 15:12:57,T0,T1,1.6ft,0.05s
4.17.2026 15:12:57,T0,T2,8.4ft,0.05s
4.17.2026 15:12:57,T1,T2,8.8ft,0.05s
4.17.2026 15:12:57,T0,T1,1.6ft,0.05s
4.17.2026 15:12:57,T0,T2,8.3ft,0.05s
4.17.2026 15:12:57,T1,T2,8.8ft,0.05s
4.17.2026 15:12:57,T0,T1,1.5ft,0.05s
4.17.2026 15:12:57,T0,T2,8.2ft,0.05s
4.17.2026 15:12:57,T1,T2,8.8ft,0.05s
4.17.2026 15:12:57,T0,T1,1.4ft,0.05s
4.17.2026 15:12:57,T0,T2,8.2ft,0.05s
4.17.2026 15:12:57,T1,T2,8.8ft,0.05s
4.17.2026 15:12:57,T0,T1,1.3ft,0.05s
4.17.2026 15:12:57,T0,T2,8.1ft,0.05s
4.17.2026 15:12:57,T1,T2,8.8ft,0.05s
4.17.2026 15:12:57,T0,T1,1.3ft,0.05s
4.17.2026 15:12:57,T0,T2,8.0ft,0.05s
4.17.2026 15:12:57,T1,T2,8.8ft,0.05s
4.17.2026 15:12:57,T0,T1,1.2ft,0.05s
4.17.2026 15:12:57,T0,T2,7.9ft,0.05s
4.17.2026 15:12:57,T1,T2,8.8ft,0.05s
4.17.2026 15:12:57,T0,T1,1.2ft,0.05s
4.17.2026 15:12:57,T0,T2,7.9ft,0.05s
4.17.2026 15:12:57,T1,T2,8.7ft,0.05s
4.17.2026 15:12:57,T0,T1,1.2ft,0.05s
4.17.2026 15:12:57,T0,T2,7.8ft,0.05s
4.17.2026 15:12:57,T1,T2,8.7ft,0.05s
4.17.2026 15:12:57,T0,T1,1.2ft,0.05s
4.17.2026 15:12:57,T0,T2,7.8ft,0.05s
4.17.2026 15:12:57,T1,T2,8.7ft,0.05s
4.17.2026 15:12:57,T0,T1,1.2ft,0.05s
4.17.2026 15:12:57,T0,T2,7.8ft,0.05s
4.17.2026 15:12:57,T1,T2,8.7ft,0.05s
4.17.2026 15:12:57,T0,T1,1.2ft,0.05s
4.17.2026 15:12:57,T0,T2,7.7ft,0.05s
4.17.2026 15:12:57,T1,T2,8.6ft,0.05s
4.17.2026 15:12:57,T0,T1,1.2ft,0.05s
4.17.2026 15:12:57,T0,T2,7.7ft,0.05s
4.17.2026 15:12:57,T1,T2,8.6ft,0.05s
4.17.2026 15:12:57,T0,T1,1.2ft,0.05s
4.17.2026 15:12:57,T0,T2,7.6ft,0.05s
4.17.2026 15:12:57,T1,T2,8.5ft,0.05s
4.17.2026 15:12:58,T0,T1,1.3ft,0.05s
4.17.2026 15:12:58,T0,T2,7.6ft,0.05s
4.17.2026 15:12:58,T1,T2,8.4ft,0.05s
4.17.2026 15:12:58,T0,T1,1.3ft,0.05s
4.17.2026 15:12:58,T0,T2,7.6ft,0.05s
4.17.2026 15:12:58,T1,T2,8.3ft,0.05s
4.17.2026 15:12:58,T0,T1,1.4ft,0.05s
4.17.2026 15:12:58,T0,T2,7.6ft,0.05s
4.17.2026 15:12:58,T1,T2,8.3ft,0.05s
4.17.2026 15:12:58,T0,T1,1.5ft,0.05s
4.17.2026 15:12:58,T0,T2,7.7ft,0.05s
4.17.2026 15:12:58,T1,T2,8.2ft,0.05s
4.17.2026 15:12:58,T0,T1,1.6ft,0.05s
4.17.2026 15:12:58,T0,T2,7.7ft,0.05s
4.17.2026 15:12:58,T1,T2,8.2ft,0.05s
4.17.2026 15:12:58,T0,T1,1.6ft,0.05s
4.17.2026 15:12:58,T0,T2,7.7ft,0.05s
4.17.2026 15:12:58,T1,T2,8.2ft,0.05s
4.17.2026 15:12:58,T0,T1,1.7ft,0.05s
4.17.2026 15:12:58,T0,T2,7.7ft,0.05s
4.17.2026 15:12:58,T1,T2,8.1ft,0.05s
4.17.2026 15:12:58,T0,T1,1.7ft,0.05s
4.17.2026 15:12:58,T0,T2,7.7ft,0.05s
4.17.2026 15:12:58,T1,T2,8.1ft,0.05s
4.17.2026 15:12:58,T0,T1,1.7ft,0.05s
4.17.2026 15:12:58,T0,T2,7.6ft,0.05s
4.17.2026 15:12:58,T1,T2,8.1ft,0.05s
4.17.2026 15:12:58,T0,T1,1.7ft,0.05s
4.17.2026 15:12:58,T0,T2,7.6ft,0.05s
4.17.2026 15:12:58,T1,T2,8.1ft,0.05s
4.17.2026 15:12:58,T0,T1,1.7ft,0.05s
4.17.2026 15:12:58,T0,T2,7.6ft,0.05s
4.17.2026 15:12:58,T1,T2,8.1ft,0.05s
4.17.2026 15:12:58,T0,T1,1.6ft,0.05s
4.17.2026 15:12:58,T0,T2,7.5ft,0.05s
4.17.2026 15:12:58,T1,T2,8.1ft,0.05s
4.17.2026 15:12:58,T0,T1,1.5ft,0.05s
4.17.2026 15:12:58,T0,T2,7.5ft,0.05s
4.17.2026 15:12:58,T1,T2,8.1ft,0.05s
4.17.2026 15:12:58,T0,T1,1.5ft,0.05s
4.17.2026 15:12:58,T0,T2,7.5ft,0.05s
4.17.2026 15:12:58,T1,T2,8.1ft,0.05s
4.17.2026 15:12:58,T0,T1,1.4ft,0.05s
4.17.2026 15:12:58,T0,T2,7.4ft,0.05s
4.17.2026 15:12:58,T1,T2,8.2ft,0.05s
4.17.2026 15:12:58,T0,T1,1.4ft,0.05s
4.17.2026 15:12:58,T0,T2,7.4ft,0.05s
4.17.2026 15:12:58,T1,T2,8.3ft,0.05s
4.17.2026 15:12:58,T0,T1,1.3ft,0.05s
4.17.2026 15:12:58,T0,T2,7.4ft,0.05s
4.17.2026 15:12:58,T1,T2,8.3ft,0.05s
4.17.2026 15:12:58,T0,T1,1.3ft,0.05s
4.17.2026 15:12:58,T0,T2,7.4ft,0.05s
4.17.2026 15:12:58,T1,T2,8.3ft,0.05s
4.17.2026 15:12:58,T0,T1,1.3ft,0.05s
4.17.2026 15:12:58,T0,T2,7.3ft,0.05s
4.17.2026 15:12:58,T1,T2,8.4ft,0.05s
4.17.2026 15:12:59,T0,T1,1.3ft,0.05s
4.17.2026 15:12:59,T0,T2,7.3ft,0.05s
4.17.2026 15:12:59,T1,T2,8.5ft,0.05s
4.17.2026 15:12:59,T0,T1,1.3ft,0.05s
4.17.2026 15:12:59,T0,T2,7.3ft,0.05s
4.17.2026 15:12:59,T1,T2,8.5ft,0.05s
4.17.2026 15:12:59,T0,T1,1.4ft,0.05s
4.17.2026 15:12:59,T0,T2,7.3ft,0.05s
4.17.2026 15:12:59,T1,T2,8.6ft,0.05s
4.17.2026 15:12:59,T0,T1,1.4ft,0.05s
4.17.2026 15:12:59,T0,T2,7.3ft,0.05s
4.17.2026 15:12:59,T1,T2,8.6ft,0.05s
4.17.2026 15:12:59,T0,T1,1.4ft,0.05s
4.17.2026 15:12:59,T0,T2,7.3ft,0.05s
4.17.2026 15:12:59,T1,T2,8.6ft,0.05s
4.17.2026 15:12:59,T0,T1,1.5ft,0.05s
4.17.2026 15:12:59,T0,T2,7.3ft,0.05s
4.17.2026 15:12:59,T1,T2,8.7ft,0.05s
4.17.2026 15:12:59,T0,T1,1.5ft,0.05s
4.17.2026 15:12:59,T0,T2,7.3ft,0.05s
4.17.2026 15:12:59,T1,T2,8.7ft,0.05s
4.17.2026 15:12:59,T0,T1,1.5ft,0.05s
4.17.2026 15:12:59,T0,T2,7.2ft,0.05s
4.17.2026 15:12:59,T1,T2,8.7ft,0.05s
4.17.2026 15:12:59,T0,T1,1.4ft,0.05s
4.17.2026 15:12:59,T0,T2,7.2ft,0.05s
4.17.2026 15:12:59,T1,T2,8.6ft,0.05s
4.17.2026 15:12:59,T0,T1,1.4ft,0.05s
4.17.2026 15:12:59,T0,T2,7.2ft,0.05s
4.17.2026 15:12:59,T1,T2,8.6ft,0.05s
4.17.2026 15:12:59,T0,T1,1.4ft,0.05s
4.17.2026 15:12:59,T0,T2,7.2ft,0.05s
4.17.2026 15:12:59,T1,T2,8.6ft,0.05s
4.17.2026 15:12:59,T0,T1,1.4ft,0.05s
4.17.2026 15:12:59,T0,T2,7.2ft,0.05s
4.17.2026 15:12:59,T1,T2,8.6ft,0.05s
4.17.2026 15:12:59,T0,T1,1.4ft,0.06s
4.17.2026 15:12:59,T0,T2,7.2ft,0.06s
4.17.2026 15:12:59,T1,T2,8.6ft,0.06s
4.17.2026 15:12:59,T0,T1,1.4ft,0.05s
4.17.2026 15:12:59,T0,T2,7.2ft,0.05s
4.17.2026 15:12:59,T1,T2,8.5ft,0.05s
4.17.2026 15:12:59,T0,T1,1.3ft,0.05s
4.17.2026 15:12:59,T0,T2,7.2ft,0.05s
4.17.2026 15:12:59,T1,T2,8.5ft,0.05s
4.17.2026 15:12:59,T0,T1,1.4ft,0.05s
4.17.2026 15:12:59,T0,T2,7.2ft,0.05s
4.17.2026 15:12:59,T1,T2,8.5ft,0.05s
4.17.2026 15:12:59,T0,T1,1.4ft,0.05s
4.17.2026 15:12:59,T0,T2,7.2ft,0.05s
4.17.2026 15:12:59,T1,T2,8.5ft,0.05s
4.17.2026 15:12:59,T0,T1,1.4ft,0.05s
4.17.2026 15:12:59,T0,T2,7.2ft,0.05s
4.17.2026 15:12:59,T1,T2,8.5ft,0.05s
4.17.2026 15:12:59,T0,T1,1.4ft,0.05s
4.17.2026 15:12:59,T0,T2,7.2ft,0.05s
4.17.2026 15:12:59,T1,T2,8.5ft,0.05s
4.17.2026 15:12:59,T0,T1,1.4ft,0.05s
4.17.2026 15:12:59,T0,T2,7.2ft,0.05s
4.17.2026 15:12:59,T1,T2,8.6ft,0.05s
4.17.2026 15:13:00,T0,T1,1.4ft,0.05s
4.17.2026 15:13:00,T0,T2,7.2ft,0.05s
4.17.2026 15:13:00,T1,T2,8.6ft,0.05s
4.17.2026 15:13:00,T0,T1,1.4ft,0.05s
4.17.2026 15:13:00,T0,T2,7.2ft,0.05s
4.17.2026 15:13:00,T1,T2,8.6ft,0.05s
4.17.2026 15:13:00,T0,T1,1.4ft,0.05s
4.17.2026 15:13:00,T0,T2,7.2ft,0.05s
4.17.2026 15:13:00,T1,T2,8.6ft,0.05s
4.17.2026 15:13:00,T0,T1,1.4ft,0.05s
4.17.2026 15:13:00,T0,T2,7.2ft,0.05s
4.17.2026 15:13:00,T1,T2,8.5ft,0.05s
4.17.2026 15:13:00,T0,T1,1.4ft,0.05s
4.17.2026 15:13:00,T0,T2,7.2ft,0.05s
4.17.2026 15:13:00,T1,T2,8.5ft,0.05s
4.17.2026 15:13:00,T0,T1,1.4ft,0.05s
4.17.2026 15:13:00,T0,T2,7.2ft,0.05s
4.17.2026 15:13:00,T1,T2,8.5ft,0.05s
4.17.2026 15:13:00,T0,T1,1.3ft,0.05s
4.17.2026 15:13:00,T0,T2,7.2ft,0.05s
4.17.2026 15:13:00,T1,T2,8.4ft,0.05s
4.17.2026 15:13:00,T0,T1,1.3ft,0.05s
4.17.2026 15:13:00,T0,T2,7.2ft,0.05s
4.17.2026 15:13:00,T1,T2,8.4ft,0.05s
4.17.2026 15:13:00,T0,T1,1.3ft,0.05s
4.17.2026 15:13:00,T0,T2,7.2ft,0.05s
4.17.2026 15:13:00,T1,T2,8.4ft,0.05s
4.17.2026 15:13:00,T0,T1,1.3ft,0.05s
4.17.2026 15:13:00,T0,T2,7.2ft,0.05s
4.17.2026 15:13:00,T1,T2,8.4ft,0.05s
4.17.2026 15:13:00,T0,T1,1.3ft,0.05s
4.17.2026 15:13:00,T0,T2,7.2ft,0.05s
4.17.2026 15:13:00,T1,T2,8.4ft,0.05s
4.17.2026 15:13:00,T0,T1,1.4ft,0.05s
4.17.2026 15:13:00,T0,T2,7.2ft,0.05s
4.17.2026 15:13:00,T1,T2,8.5ft,0.05s
4.17.2026 15:13:00,T0,T1,1.4ft,0.05s
4.17.2026 15:13:00,T0,T2,7.2ft,0.05s
4.17.2026 15:13:00,T1,T2,8.5ft,0.05s
4.17.2026 15:13:00,T0,T1,1.4ft,0.05s
4.17.2026 15:13:00,T0,T2,7.2ft,0.05s
4.17.2026 15:13:00,T1,T2,8.5ft,0.05s
4.17.2026 15:13:00,T0,T1,1.5ft,0.05s
4.17.2026 15:13:00,T0,T2,7.2ft,0.05s
4.17.2026 15:13:00,T1,T2,8.6ft,0.05s
4.17.2026 15:13:00,T0,T1,1.5ft,0.05s
4.17.2026 15:13:00,T0,T2,7.2ft,0.05s
4.17.2026 15:13:00,T1,T2,8.7ft,0.05s
4.17.2026 15:13:00,T0,T1,1.7ft,0.05s
4.17.2026 15:13:00,T0,T2,7.2ft,0.05s
4.17.2026 15:13:00,T1,T2,8.9ft,0.05s
4.17.2026 15:13:00,T0,T1,1.9ft,0.05s
4.17.2026 15:13:00,T0,T2,7.2ft,0.05s
4.17.2026 15:13:00,T1,T2,9.0ft,0.05s
4.17.2026 15:13:00,T0,T1,2.0ft,0.05s
4.17.2026 15:13:00,T0,T2,7.2ft,0.05s
4.17.2026 15:13:00,T1,T2,9.1ft,0.05s
4.17.2026 15:13:01,T0,T1,2.1ft,0.05s
4.17.2026 15:13:01,T0,T2,7.2ft,0.05s
4.17.2026 15:13:01,T1,T2,9.2ft,0.05s
4.17.2026 15:13:01,T0,T1,2.2ft,0.05s
4.17.2026 15:13:01,T0,T2,7.2ft,0.05s
4.17.2026 15:13:01,T1,T2,9.3ft,0.05s
4.17.2026 15:13:01,T0,T1,2.4ft,0.05s
4.17.2026 15:13:01,T0,T2,7.2ft,0.05s
4.17.2026 15:13:01,T1,T2,9.5ft,0.05s
4.17.2026 15:13:01,T0,T1,2.6ft,0.05s
4.17.2026 15:13:01,T0,T2,7.2ft,0.05s
4.17.2026 15:13:01,T1,T2,9.6ft,0.05s
4.17.2026 15:13:01,T0,T1,2.8ft,0.05s
4.17.2026 15:13:01,T0,T2,7.2ft,0.05s
4.17.2026 15:13:01,T1,T2,9.8ft,0.05s
4.17.2026 15:13:01,T0,T1,3.0ft,0.05s
4.17.2026 15:13:01,T0,T2,7.2ft,0.05s
4.17.2026 15:13:01,T1,T2,10.0ft,0.05s
4.17.2026 15:13:01,T0,T1,3.3ft,0.05s
4.17.2026 15:13:01,T0,T2,7.2ft,0.05s
4.17.2026 15:13:01,T1,T2,10.2ft,0.05s
4.17.2026 15:13:01,T0,T1,3.5ft,0.05s
4.17.2026 15:13:01,T0,T2,7.2ft,0.05s
4.17.2026 15:13:01,T1,T2,10.3ft,0.05s
4.17.2026 15:13:01,T0,T1,3.6ft,0.05s
4.17.2026 15:13:01,T0,T2,7.2ft,0.05s
4.17.2026 15:13:01,T1,T2,10.5ft,0.05s
4.17.2026 15:13:01,T0,T1,3.8ft,0.05s
4.17.2026 15:13:01,T0,T2,7.2ft,0.05s
4.17.2026 15:13:01,T1,T2,10.6ft,0.05s
4.17.2026 15:13:01,T0,T1,3.9ft,0.05s
4.17.2026 15:13:01,T0,T2,7.2ft,0.05s
4.17.2026 15:13:01,T1,T2,10.6ft,0.05s
4.17.2026 15:13:01,T0,T1,4.0ft,0.05s
4.17.2026 15:13:01,T0,T2,7.2ft,0.05s
4.17.2026 15:13:01,T1,T2,10.7ft,0.05s
4.17.2026 15:13:01,T0,T1,4.1ft,0.05s
4.17.2026 15:13:01,T0,T2,7.2ft,0.05s
4.17.2026 15:13:01,T1,T2,10.8ft,0.05s
4.17.2026 15:13:01,T0,T1,4.1ft,0.05s
4.17.2026 15:13:01,T0,T2,7.2ft,0.05s
4.17.2026 15:13:01,T1,T2,10.8ft,0.05s
4.17.2026 15:13:01,T0,T1,4.2ft,0.05s
4.17.2026 15:13:01,T0,T2,7.2ft,0.05s
4.17.2026 15:13:01,T1,T2,10.9ft,0.05s
4.17.2026 15:13:01,T0,T1,4.3ft,0.05s
4.17.2026 15:13:01,T0,T2,7.2ft,0.05s
4.17.2026 15:13:01,T1,T2,11.0ft,0.05s
4.17.2026 15:13:01,T0,T1,4.3ft,0.05s
4.17.2026 15:13:01,T0,T2,7.2ft,0.05s
4.17.2026 15:13:01,T1,T2,11.0ft,0.05s
4.17.2026 15:13:01,T0,T1,4.3ft,0.05s
4.17.2026 15:13:01,T0,T2,7.2ft,0.05s
4.17.2026 15:13:01,T1,T2,11.0ft,0.05s
4.17.2026 15:13:01,T0,T1,4.3ft,0.05s
4.17.2026 15:13:01,T0,T2,7.2ft,0.05s
4.17.2026 15:13:01,T1,T2,11.0ft,0.05s
4.17.2026 15:13:01,T0,T1,4.1ft,0.05s
4.17.2026 15:13:01,T0,T2,7.2ft,0.05s
4.17.2026 15:13:01,T1,T2,10.8ft,0.05s
4.17.2026 15:13:02,T0,T1,4.0ft,0.05s
4.17.2026 15:13:02,T0,T2,7.2ft,0.05s
4.17.2026 15:13:02,T1,T2,10.8ft,0.05s
4.17.2026 15:13:02,T0,T1,4.0ft,0.05s
4.17.2026 15:13:02,T0,T2,7.2ft,0.05s
4.17.2026 15:13:02,T1,T2,10.7ft,0.05s
4.17.2026 15:13:02,T0,T1,3.9ft,0.05s
4.17.2026 15:13:02,T0,T2,7.2ft,0.05s
4.17.2026 15:13:02,T1,T2,10.6ft,0.05s
4.17.2026 15:13:02,T0,T1,3.8ft,0.05s
4.17.2026 15:13:02,T0,T2,7.2ft,0.05s
4.17.2026 15:13:02,T1,T2,10.5ft,0.05s
4.17.2026 15:13:02,T0,T1,3.7ft,0.05s
4.17.2026 15:13:02,T0,T2,7.1ft,0.05s
4.17.2026 15:13:02,T1,T2,10.5ft,0.05s
4.17.2026 15:13:02,T0,T1,3.6ft,0.05s
4.17.2026 15:13:02,T0,T2,7.1ft,0.05s
4.17.2026 15:13:02,T1,T2,10.4ft,0.05s
4.17.2026 15:13:02,T0,T1,3.5ft,0.05s
4.17.2026 15:13:02,T0,T2,7.1ft,0.05s
4.17.2026 15:13:02,T1,T2,10.3ft,0.05s
4.17.2026 15:13:02,T0,T1,3.3ft,0.05s
4.17.2026 15:13:02,T0,T2,7.1ft,0.05s
4.17.2026 15:13:02,T1,T2,10.2ft,0.05s
4.17.2026 15:13:02,T0,T1,3.2ft,0.05s
4.17.2026 15:13:02,T0,T2,7.1ft,0.05s
4.17.2026 15:13:02,T1,T2,10.1ft,0.05s
4.17.2026 15:13:02,T0,T1,3.1ft,0.05s
4.17.2026 15:13:02,T0,T2,7.1ft,0.05s
4.17.2026 15:13:02,T1,T2,10.0ft,0.05s
4.17.2026 15:13:02,T0,T1,3.1ft,0.05s
4.17.2026 15:13:02,T0,T2,7.1ft,0.05s
4.17.2026 15:13:02,T1,T2,10.0ft,0.05s
4.17.2026 15:13:02,T0,T1,3.0ft,0.05s
4.17.2026 15:13:02,T0,T2,7.1ft,0.05s
4.17.2026 15:13:02,T1,T2,10.0ft,0.05s
4.17.2026 15:13:02,T0,T1,3.0ft,0.05s
4.17.2026 15:13:02,T0,T2,7.1ft,0.05s
4.17.2026 15:13:02,T1,T2,10.0ft,0.05s
4.17.2026 15:13:02,T0,T1,2.9ft,0.05s
4.17.2026 15:13:02,T0,T2,7.1ft,0.05s
4.17.2026 15:13:02,T1,T2,9.9ft,0.05s
4.17.2026 15:13:02,T0,T1,2.8ft,0.05s
4.17.2026 15:13:02,T0,T2,7.2ft,0.05s
4.17.2026 15:13:02,T1,T2,9.8ft,0.05s
4.17.2026 15:13:02,T0,T1,2.7ft,0.05s
4.17.2026 15:13:02,T0,T2,7.2ft,0.05s
4.17.2026 15:13:02,T1,T2,9.7ft,0.05s
4.17.2026 15:13:02,T0,T1,2.6ft,0.05s
4.17.2026 15:13:02,T0,T2,7.2ft,0.05s
4.17.2026 15:13:02,T1,T2,9.7ft,0.05s
4.17.2026 15:13:02,T0,T1,2.7ft,0.05s
4.17.2026 15:13:02,T0,T2,7.2ft,0.05s
4.17.2026 15:13:02,T1,T2,9.7ft,0.05s
4.17.2026 15:13:02,T0,T1,2.7ft,0.05s
4.17.2026 15:13:02,T0,T2,7.2ft,0.05s
4.17.2026 15:13:02,T1,T2,9.7ft,0.05s
4.17.2026 15:13:03,T0,T1,2.7ft,0.05s
4.17.2026 15:13:03,T0,T2,7.2ft,0.05s
4.17.2026 15:13:03,T1,T2,9.7ft,0.05s
4.17.2026 15:13:03,T0,T1,2.6ft,0.06s
4.17.2026 15:13:03,T0,T2,7.2ft,0.06s
4.17.2026 15:13:03,T1,T2,9.6ft,0.06s
4.17.2026 15:13:03,T0,T1,2.5ft,0.05s
4.17.2026 15:13:03,T0,T2,7.2ft,0.05s
4.17.2026 15:13:03,T1,T2,9.5ft,0.05s
4.17.2026 15:13:03,T0,T1,2.3ft,0.05s
4.17.2026 15:13:03,T0,T2,7.2ft,0.05s
4.17.2026 15:13:03,T1,T2,9.5ft,0.05s
4.17.2026 15:13:03,T0,T1,2.3ft,0.05s
4.17.2026 15:13:03,T0,T2,7.2ft,0.05s
4.17.2026 15:13:03,T1,T2,9.4ft,0.05s
4.17.2026 15:13:03,T0,T1,2.2ft,0.05s
4.17.2026 15:13:03,T0,T2,7.2ft,0.05s
4.17.2026 15:13:03,T1,T2,9.3ft,0.05s
4.17.2026 15:13:03,T0,T1,2.1ft,0.05s
4.17.2026 15:13:03,T0,T2,7.2ft,0.05s
4.17.2026 15:13:03,T1,T2,9.2ft,0.05s
4.17.2026 15:13:03,T0,T1,2.0ft,0.05s
4.17.2026 15:13:03,T0,T2,7.2ft,0.05s
4.17.2026 15:13:03,T1,T2,9.2ft,0.05s
4.17.2026 15:13:03,T0,T1,1.9ft,0.05s
4.17.2026 15:13:03,T0,T2,7.2ft,0.05s
4.17.2026 15:13:03,T1,T2,9.1ft,0.05s
4.17.2026 15:13:03,T0,T1,1.8ft,0.05s
4.17.2026 15:13:03,T0,T2,7.2ft,0.05s
4.17.2026 15:13:03,T1,T2,9.0ft,0.05s
4.17.2026 15:13:03,T0,T1,1.8ft,0.05s
4.17.2026 15:13:03,T0,T2,7.2ft,0.05s
4.17.2026 15:13:03,T1,T2,8.9ft,0.05s
4.17.2026 15:13:03,T0,T1,1.7ft,0.05s
4.17.2026 15:13:03,T0,T2,7.2ft,0.05s
4.17.2026 15:13:03,T1,T2,8.9ft,0.05s
4.17.2026 15:13:03,T0,T1,1.7ft,0.05s
4.17.2026 15:13:03,T0,T2,7.2ft,0.05s
4.17.2026 15:13:03,T1,T2,8.9ft,0.05s
4.17.2026 15:13:03,T0,T1,1.7ft,0.05s
4.17.2026 15:13:03,T0,T2,7.2ft,0.05s
4.17.2026 15:13:03,T1,T2,8.8ft,0.05s
4.17.2026 15:13:03,T0,T1,1.7ft,0.05s
4.17.2026 15:13:03,T0,T2,7.2ft,0.05s
4.17.2026 15:13:03,T1,T2,8.8ft,0.05s
4.17.2026 15:13:03,T0,T1,1.7ft,0.05s
4.17.2026 15:13:03,T0,T2,7.1ft,0.05s
4.17.2026 15:13:03,T1,T2,8.8ft,0.05s
4.17.2026 15:13:03,T0,T1,1.7ft,0.05s
4.17.2026 15:13:03,T0,T2,7.1ft,0.05s
4.17.2026 15:13:03,T1,T2,8.8ft,0.05s
4.17.2026 15:13:03,T0,T1,1.7ft,0.05s
4.17.2026 15:13:03,T0,T2,7.1ft,0.05s
4.17.2026 15:13:03,T1,T2,8.8ft,0.05s
4.17.2026 15:13:03,T0,T1,1.7ft,0.05s
4.17.2026 15:13:03,T0,T2,7.1ft,0.05s
4.17.2026 15:13:03,T1,T2,8.8ft,0.05s
4.17.2026 15:13:03,T0,T1,1.6ft,0.05s
4.17.2026 15:13:03,T0,T2,7.1ft,0.05s
4.17.2026 15:13:03,T1,T2,8.8ft,0.05s
4.17.2026 15:13:04,T0,T1,1.6ft,0.05s
4.17.2026 15:13:04,T0,T2,7.1ft,0.05s
4.17.2026 15:13:04,T1,T2,8.7ft,0.05s
4.17.2026 15:13:04,T0,T1,1.6ft,0.05s
4.17.2026 15:13:04,T0,T2,7.1ft,0.05s
4.17.2026 15:13:04,T1,T2,8.7ft,0.05s
4.17.2026 15:13:04,T0,T1,1.6ft,0.05s
4.17.2026 15:13:04,T0,T2,7.1ft,0.05s
4.17.2026 15:13:04,T1,T2,8.7ft,0.05s
4.17.2026 15:13:04,T0,T1,1.6ft,0.05s
4.17.2026 15:13:04,T0,T2,7.1ft,0.05s
4.17.2026 15:13:04,T1,T2,8.7ft,0.05s
4.17.2026 15:13:04,T0,T1,1.6ft,0.05s
4.17.2026 15:13:04,T0,T2,7.1ft,0.05s
4.17.2026 15:13:04,T1,T2,8.7ft,0.05s
4.17.2026 15:13:04,T0,T1,1.5ft,0.05s
4.17.2026 15:13:04,T0,T2,7.1ft,0.05s
4.17.2026 15:13:04,T1,T2,8.7ft,0.05s
4.17.2026 15:13:04,T0,T1,1.5ft,0.05s
4.17.2026 15:13:04,T0,T2,7.1ft,0.05s
4.17.2026 15:13:04,T1,T2,8.6ft,0.05s
4.17.2026 15:13:04,T0,T1,1.5ft,0.05s
4.17.2026 15:13:04,T0,T2,7.1ft,0.05s
4.17.2026 15:13:04,T1,T2,8.6ft,0.05s
4.17.2026 15:13:04,T0,T1,1.5ft,0.05s
4.17.2026 15:13:04,T0,T2,7.1ft,0.05s
4.17.2026 15:13:04,T1,T2,8.7ft,0.05s
4.17.2026 15:13:04,T0,T1,1.6ft,0.05s
4.17.2026 15:13:04,T0,T2,7.1ft,0.05s
4.17.2026 15:13:04,T1,T2,8.7ft,0.05s
4.17.2026 15:13:04,T0,T1,1.7ft,0.05s
4.17.2026 15:13:04,T0,T2,7.1ft,0.05s
4.17.2026 15:13:04,T1,T2,8.8ft,0.05s
4.17.2026 15:13:04,T0,T1,1.7ft,0.05s
4.17.2026 15:13:04,T0,T2,7.1ft,0.05s
4.17.2026 15:13:04,T1,T2,8.9ft,0.05s
4.17.2026 15:13:04,T0,T1,1.9ft,0.05s
4.17.2026 15:13:04,T0,T2,7.1ft,0.05s
4.17.2026 15:13:04,T1,T2,9.0ft,0.05s
4.17.2026 15:13:04,T0,T1,2.0ft,0.05s
4.17.2026 15:13:04,T0,T2,7.1ft,0.05s
4.17.2026 15:13:04,T1,T2,9.1ft,0.05s
4.17.2026 15:13:04,T0,T1,2.0ft,0.05s
4.17.2026 15:13:04,T0,T2,7.1ft,0.05s
4.17.2026 15:13:04,T1,T2,9.1ft,0.05s
4.17.2026 15:13:04,T0,T1,2.0ft,0.05s
4.17.2026 15:13:04,T0,T2,7.1ft,0.05s
4.17.2026 15:13:04,T1,T2,9.1ft,0.05s
4.17.2026 15:13:04,T0,T1,2.0ft,0.05s
4.17.2026 15:13:04,T0,T2,7.1ft,0.05s
4.17.2026 15:13:04,T1,T2,9.1ft,0.05s
4.17.2026 15:13:04,T0,T1,1.9ft,0.05s
4.17.2026 15:13:04,T0,T2,7.1ft,0.05s
4.17.2026 15:13:04,T1,T2,9.0ft,0.05s
4.17.2026 15:13:04,T0,T1,1.8ft,0.05s
4.17.2026 15:13:04,T0,T2,7.1ft,0.05s
4.17.2026 15:13:04,T1,T2,8.9ft,0.05s
4.17.2026 15:13:04,T0,T1,1.7ft,0.05s
4.17.2026 15:13:04,T0,T2,7.2ft,0.05s
4.17.2026 15:13:04,T1,T2,8.8ft,0.05s
4.17.2026 15:13:05,T0,T1,1.6ft,0.05s
4.17.2026 15:13:05,T0,T2,7.2ft,0.05s
4.17.2026 15:13:05,T1,T2,8.8ft,0.05s
4.17.2026 15:13:05,T0,T1,1.6ft,0.05s
4.17.2026 15:13:05,T0,T2,7.2ft,0.05s
4.17.2026 15:13:05,T1,T2,8.8ft,0.05s
4.17.2026 15:13:05,T0,T1,1.6ft,0.05s
4.17.2026 15:13:05,T0,T2,7.2ft,0.05s
4.17.2026 15:13:05,T1,T2,8.8ft,0.05s
4.17.2026 15:13:05,T0,T1,1.5ft,0.05s
4.17.2026 15:13:05,T0,T2,7.3ft,0.05s
4.17.2026 15:13:05,T1,T2,8.8ft,0.05s
4.17.2026 15:13:05,T0,T1,1.5ft,0.05s
4.17.2026 15:13:05,T0,T2,7.3ft,0.05s
4.17.2026 15:13:05,T1,T2,8.8ft,0.05s
4.17.2026 15:13:05,T0,T1,1.5ft,0.05s
4.17.2026 15:13:05,T0,T2,7.3ft,0.05s
4.17.2026 15:13:05,T1,T2,8.8ft,0.05s
4.17.2026 15:13:05,T0,T1,1.5ft,0.05s
4.17.2026 15:13:05,T0,T2,7.3ft,0.05s
4.17.2026 15:13:05,T1,T2,8.8ft,0.05s
4.17.2026 15:13:05,T0,T1,1.5ft,0.05s
4.17.2026 15:13:05,T0,T2,7.3ft,0.05s
4.17.2026 15:13:05,T1,T2,8.8ft,0.05s
4.17.2026 15:13:05,T0,T1,1.5ft,0.05s
4.17.2026 15:13:05,T0,T2,7.3ft,0.05s
4.17.2026 15:13:05,T1,T2,8.8ft,0.05s
4.17.2026 15:13:05,T0,T1,1.4ft,0.05s
4.17.2026 15:13:05,T0,T2,7.4ft,0.05s
4.17.2026 15:13:05,T1,T2,8.8ft,0.05s
4.17.2026 15:13:05,T0,T1,1.4ft,0.05s
4.17.2026 15:13:05,T0,T2,7.4ft,0.05s
4.17.2026 15:13:05,T1,T2,8.8ft,0.05s
4.17.2026 15:13:05,T0,T1,1.4ft,0.05s
4.17.2026 15:13:05,T0,T2,7.4ft,0.05s
4.17.2026 15:13:05,T1,T2,8.8ft,0.05s
4.17.2026 15:13:05,T0,T1,1.4ft,0.05s
4.17.2026 15:13:05,T0,T2,7.5ft,0.05s
4.17.2026 15:13:05,T1,T2,8.9ft,0.05s
4.17.2026 15:13:05,T0,T1,1.4ft,0.05s
4.17.2026 15:13:05,T0,T2,7.5ft,0.05s
4.17.2026 15:13:05,T1,T2,8.9ft,0.05s
4.17.2026 15:13:05,T0,T1,1.4ft,0.05s
4.17.2026 15:13:05,T0,T2,7.6ft,0.05s
4.17.2026 15:13:05,T1,T2,9.0ft,0.05s
4.17.2026 15:13:05,T0,T1,1.3ft,0.05s
4.17.2026 15:13:05,T0,T2,7.7ft,0.05s
4.17.2026 15:13:05,T1,T2,9.0ft,0.05s
4.17.2026 15:13:05,T0,T1,1.2ft,0.05s
4.17.2026 15:13:05,T0,T2,7.8ft,0.05s
4.17.2026 15:13:05,T1,T2,8.9ft,0.05s
4.17.2026 15:13:05,T0,T1,1.1ft,0.05s
4.17.2026 15:13:05,T0,T2,7.8ft,0.05s
4.17.2026 15:13:05,T1,T2,8.8ft,0.05s
4.17.2026 15:13:05,T0,T1,1.1ft,0.05s
4.17.2026 15:13:05,T0,T2,7.8ft,0.05s
4.17.2026 15:13:05,T1,T2,8.8ft,0.05s
4.17.2026 15:13:06,T0,T1,1.2ft,0.05s
4.17.2026 15:13:06,T0,T2,7.8ft,0.05s
4.17.2026 15:13:06,T1,T2,8.8ft,0.05s
4.17.2026 15:13:06,T0,T1,1.2ft,0.05s
4.17.2026 15:13:06,T0,T2,7.7ft,0.05s
4.17.2026 15:13:06,T1,T2,8.8ft,0.05s
4.17.2026 15:13:06,T0,T1,1.2ft,0.05s
4.17.2026 15:13:06,T0,T2,7.7ft,0.05s
4.17.2026 15:13:06,T1,T2,8.6ft,0.05s
4.17.2026 15:13:06,T0,T1,1.1ft,0.05s
4.17.2026 15:13:06,T0,T2,7.7ft,0.05s
4.17.2026 15:13:06,T1,T2,8.5ft,0.05s
4.17.2026 15:13:06,T0,T1,1.0ft,0.05s
4.17.2026 15:13:06,T0,T2,7.7ft,0.05s
4.17.2026 15:13:06,T1,T2,8.4ft,0.05s
4.17.2026 15:13:06,T0,T1,0.9ft,0.05s
4.17.2026 15:13:06,T0,T2,7.7ft,0.05s
4.17.2026 15:13:06,T1,T2,8.4ft,0.05s
4.17.2026 15:13:06,T0,T1,0.9ft,0.05s
4.17.2026 15:13:06,T0,T2,7.7ft,0.05s
4.17.2026 15:13:06,T1,T2,8.4ft,0.05s
4.17.2026 15:13:06,T0,T1,0.8ft,0.05s
4.17.2026 15:13:06,T0,T2,7.6ft,0.05s
4.17.2026 15:13:06,T1,T2,8.3ft,0.05s
4.17.2026 15:13:06,T0,T1,0.8ft,0.05s
4.17.2026 15:13:06,T0,T2,7.6ft,0.05s
4.17.2026 15:13:06,T1,T2,8.3ft,0.05s
4.17.2026 15:13:06,T0,T1,0.8ft,0.05s
4.17.2026 15:13:06,T0,T2,7.6ft,0.05s
4.17.2026 15:13:06,T1,T2,8.4ft,0.05s
4.17.2026 15:13:06,T0,T1,0.8ft,0.05s
4.17.2026 15:13:06,T0,T2,7.6ft,0.05s
4.17.2026 15:13:06,T1,T2,8.4ft,0.05s
4.17.2026 15:13:06,T0,T1,0.9ft,0.05s
4.17.2026 15:13:06,T0,T2,7.6ft,0.05s
4.17.2026 15:13:06,T1,T2,8.5ft,0.05s
4.17.2026 15:13:06,T0,T1,1.0ft,0.05s
4.17.2026 15:13:06,T0,T2,7.6ft,0.05s
4.17.2026 15:13:06,T1,T2,8.6ft,0.05s
4.17.2026 15:13:06,T0,T1,1.0ft,0.05s
4.17.2026 15:13:06,T0,T2,7.6ft,0.05s
4.17.2026 15:13:06,T1,T2,8.6ft,0.05s
4.17.2026 15:13:06,T0,T1,1.1ft,0.05s
4.17.2026 15:13:06,T0,T2,7.5ft,0.05s
4.17.2026 15:13:06,T1,T2,8.6ft,0.05s
4.17.2026 15:13:06,T0,T1,1.1ft,0.05s
4.17.2026 15:13:06,T0,T2,7.5ft,0.05s
4.17.2026 15:13:06,T1,T2,8.6ft,0.05s
4.17.2026 15:13:06,T0,T1,1.1ft,0.05s
4.17.2026 15:13:06,T0,T2,7.5ft,0.05s
4.17.2026 15:13:06,T1,T2,8.6ft,0.05s
4.17.2026 15:13:06,T0,T1,1.2ft,0.05s
4.17.2026 15:13:06,T0,T2,7.5ft,0.05s
4.17.2026 15:13:06,T1,T2,8.6ft,0.05s
4.17.2026 15:13:06,T0,T1,1.2ft,0.05s
4.17.2026 15:13:06,T0,T2,7.4ft,0.05s
4.17.2026 15:13:06,T1,T2,8.6ft,0.05s
4.17.2026 15:13:06,T0,T1,1.2ft,0.05s
4.17.2026 15:13:06,T0,T2,7.4ft,0.05s
4.17.2026 15:13:06,T1,T2,8.6ft,0.05s
4.17.2026 15:13:07,T0,T1,1.2ft,0.05s
4.17.2026 15:13:07,T0,T2,7.4ft,0.05s
4.17.2026 15:13:07,T1,T2,8.6ft,0.05s
4.17.2026 15:13:07,T0,T1,1.2ft,0.05s
4.17.2026 15:13:07,T0,T2,7.4ft,0.05s
4.17.2026 15:13:07,T1,T2,8.6ft,0.05s
4.17.2026 15:13:07,T0,T1,1.2ft,0.06s
4.17.2026 15:13:07,T0,T2,7.3ft,0.06s
4.17.2026 15:13:07,T1,T2,8.5ft,0.06s
4.17.2026 15:13:07,T0,T1,1.2ft,0.05s
4.17.2026 15:13:07,T0,T2,7.3ft,0.05s
4.17.2026 15:13:07,T1,T2,8.5ft,0.05s
4.17.2026 15:13:07,T0,T1,1.2ft,0.05s
4.17.2026 15:13:07,T0,T2,7.3ft,0.05s
4.17.2026 15:13:07,T1,T2,8.5ft,0.05s
4.17.2026 15:13:07,T0,T1,1.2ft,0.05s
4.17.2026 15:13:07,T0,T2,7.3ft,0.05s
4.17.2026 15:13:07,T1,T2,8.5ft,0.05s
4.17.2026 15:13:07,T0,T1,1.2ft,0.05s
4.17.2026 15:13:07,T0,T2,7.2ft,0.05s
4.17.2026 15:13:07,T1,T2,8.5ft,0.05s
4.17.2026 15:13:07,T0,T1,1.2ft,0.05s
4.17.2026 15:13:07,T0,T2,7.2ft,0.05s
4.17.2026 15:13:07,T1,T2,8.4ft,0.05s
4.17.2026 15:13:07,T0,T1,1.3ft,0.05s
4.17.2026 15:13:07,T0,T2,7.2ft,0.05s
4.17.2026 15:13:07,T1,T2,8.5ft,0.05s
4.17.2026 15:13:07,T0,T1,1.4ft,0.05s
4.17.2026 15:13:07,T0,T2,7.2ft,0.05s
4.17.2026 15:13:07,T1,T2,8.6ft,0.05s
4.17.2026 15:13:07,T0,T1,1.6ft,0.05s
4.17.2026 15:13:07,T0,T2,7.2ft,0.05s
4.17.2026 15:13:07,T1,T2,8.7ft,0.05s
4.17.2026 15:13:07,T0,T1,1.7ft,0.05s
4.17.2026 15:13:07,T0,T2,7.2ft,0.05s
4.17.2026 15:13:07,T1,T2,8.8ft,0.05s
4.17.2026 15:13:07,T0,T1,1.8ft,0.05s
4.17.2026 15:13:07,T0,T2,7.2ft,0.05s
4.17.2026 15:13:07,T1,T2,8.9ft,0.05s
4.17.2026 15:13:07,T0,T1,1.9ft,0.05s
4.17.2026 15:13:07,T0,T2,7.2ft,0.05s
4.17.2026 15:13:07,T1,T2,9.0ft,0.05s
4.17.2026 15:13:07,T0,T1,1.9ft,0.05s
4.17.2026 15:13:07,T0,T2,7.2ft,0.05s
4.17.2026 15:13:07,T1,T2,9.1ft,0.05s
4.17.2026 15:13:07,T0,T1,2.0ft,0.05s
4.17.2026 15:13:07,T0,T2,7.2ft,0.05s
4.17.2026 15:13:07,T1,T2,9.1ft,0.05s
4.17.2026 15:13:07,T0,T1,2.0ft,0.05s
4.17.2026 15:13:07,T0,T2,7.2ft,0.05s
4.17.2026 15:13:07,T1,T2,9.1ft,0.05s
4.17.2026 15:13:07,T0,T1,2.0ft,0.05s
4.17.2026 15:13:07,T0,T2,7.2ft,0.05s
4.17.2026 15:13:07,T1,T2,9.2ft,0.05s
4.17.2026 15:13:07,T0,T1,2.1ft,0.05s
4.17.2026 15:13:07,T0,T2,7.2ft,0.05s
4.17.2026 15:13:07,T1,T2,9.2ft,0.05s
4.17.2026 15:13:08,T0,T1,2.1ft,0.05s
4.17.2026 15:13:08,T0,T2,7.2ft,0.05s
4.17.2026 15:13:08,T1,T2,9.2ft,0.05s
4.17.2026 15:13:08,T0,T1,2.1ft,0.05s
4.17.2026 15:13:08,T0,T2,7.2ft,0.05s
4.17.2026 15:13:08,T1,T2,9.2ft,0.05s
4.17.2026 15:13:08,T0,T1,2.1ft,0.05s
4.17.2026 15:13:08,T0,T2,7.2ft,0.05s
4.17.2026 15:13:08,T1,T2,9.2ft,0.05s
4.17.2026 15:13:08,T0,T1,2.1ft,0.05s
4.17.2026 15:13:08,T0,T2,7.2ft,0.05s
4.17.2026 15:13:08,T1,T2,9.2ft,0.05s
4.17.2026 15:13:08,T0,T1,2.1ft,0.05s
4.17.2026 15:13:08,T0,T2,7.2ft,0.05s
4.17.2026 15:13:08,T1,T2,9.2ft,0.05s
4.17.2026 15:13:08,T0,T1,2.1ft,0.05s
4.17.2026 15:13:08,T0,T2,7.2ft,0.05s
4.17.2026 15:13:08,T1,T2,9.2ft,0.05s
4.17.2026 15:13:08,T0,T1,2.1ft,0.05s
4.17.2026 15:13:08,T0,T2,7.2ft,0.05s
4.17.2026 15:13:08,T1,T2,9.2ft,0.05s
4.17.2026 15:13:08,T0,T1,2.1ft,0.05s
4.17.2026 15:13:08,T0,T2,7.2ft,0.05s
4.17.2026 15:13:08,T1,T2,9.2ft,0.05s
4.17.2026 15:13:08,T0,T1,2.1ft,0.05s
4.17.2026 15:13:08,T0,T2,7.2ft,0.05s
4.17.2026 15:13:08,T1,T2,9.2ft,0.05s
4.17.2026 15:13:08,T0,T1,2.1ft,0.05s
4.17.2026 15:13:08,T0,T2,7.2ft,0.05s
4.17.2026 15:13:08,T1,T2,9.2ft,0.05s
4.17.2026 15:13:08,T0,T1,2.1ft,0.05s
4.17.2026 15:13:08,T0,T2,7.2ft,0.05s
4.17.2026 15:13:08,T1,T2,9.2ft,0.05s
4.17.2026 15:13:08,T0,T1,2.1ft,0.05s
4.17.2026 15:13:08,T0,T2,7.2ft,0.05s
4.17.2026 15:13:08,T1,T2,9.2ft,0.05s
4.17.2026 15:13:08,T0,T1,2.0ft,0.05s
4.17.2026 15:13:08,T0,T2,7.2ft,0.05s
4.17.2026 15:13:08,T1,T2,9.2ft,0.05s
4.17.2026 15:13:08,T0,T1,2.0ft,0.05s
4.17.2026 15:13:08,T0,T2,7.2ft,0.05s
4.17.2026 15:13:08,T1,T2,9.1ft,0.05s
4.17.2026 15:13:08,T0,T1,2.0ft,0.05s
4.17.2026 15:13:08,T0,T2,7.2ft,0.05s
4.17.2026 15:13:08,T1,T2,9.1ft,0.05s
4.17.2026 15:13:08,T0,T1,1.9ft,0.05s
4.17.2026 15:13:08,T0,T2,7.2ft,0.05s
4.17.2026 15:13:08,T1,T2,9.1ft,0.05s
4.17.2026 15:13:08,T0,T1,1.9ft,0.05s
4.17.2026 15:13:08,T0,T2,7.2ft,0.05s
4.17.2026 15:13:08,T1,T2,9.0ft,0.05s
4.17.2026 15:13:08,T0,T1,1.8ft,0.05s
4.17.2026 15:13:08,T0,T2,7.2ft,0.05s
4.17.2026 15:13:08,T1,T2,8.9ft,0.05s
4.17.2026 15:13:08,T0,T1,1.7ft,0.05s
4.17.2026 15:13:08,T0,T2,7.2ft,0.05s
4.17.2026 15:13:08,T1,T2,8.9ft,0.05s
4.17.2026 15:13:08,T0,T1,1.6ft,0.05s
4.17.2026 15:13:08,T0,T2,7.2ft,0.05s
4.17.2026 15:13:08,T1,T2,8.8ft,0.05s
4.17.2026 15:13:09,T0,T1,1.6ft,0.05s
4.17.2026 15:13:09,T0,T2,7.2ft,0.05s
4.17.2026 15:13:09,T1,T2,8.8ft,0.05s
4.17.2026 15:13:09,T0,T1,1.6ft,0.05s
4.17.2026 15:13:09,T0,T2,7.2ft,0.05s
4.17.2026 15:13:09,T1,T2,8.8ft,0.05s
4.17.2026 15:13:09,T0,T1,1.6ft,0.05s
4.17.2026 15:13:09,T0,T2,7.2ft,0.05s
4.17.2026 15:13:09,T1,T2,8.8ft,0.05s
4.17.2026 15:13:09,T0,T1,1.6ft,0.05s
4.17.2026 15:13:09,T0,T2,7.2ft,0.05s
4.17.2026 15:13:09,T1,T2,8.8ft,0.05s
4.17.2026 15:13:09,T0,T1,1.7ft,0.05s
4.17.2026 15:13:09,T0,T2,7.2ft,0.05s
4.17.2026 15:13:09,T1,T2,8.8ft,0.05s
4.17.2026 15:13:09,T0,T1,1.7ft,0.05s
4.17.2026 15:13:09,T0,T2,7.2ft,0.05s
4.17.2026 15:13:09,T1,T2,8.9ft,0.05s
4.17.2026 15:13:09,T0,T1,1.7ft,0.05s
4.17.2026 15:13:09,T0,T2,7.2ft,0.05s
4.17.2026 15:13:09,T1,T2,8.9ft,0.05s
4.17.2026 15:13:09,T0,T1,1.8ft,0.05s
4.17.2026 15:13:09,T0,T2,7.2ft,0.05s
4.17.2026 15:13:09,T1,T2,8.9ft,0.05s
4.17.2026 15:13:09,T0,T1,1.8ft,0.05s
4.17.2026 15:13:09,T0,T2,7.2ft,0.05s
4.17.2026 15:13:09,T1,T2,9.0ft,0.05s
4.17.2026 15:13:09,T0,T1,1.8ft,0.05s
4.17.2026 15:13:09,T0,T2,7.2ft,0.05s
4.17.2026 15:13:09,T1,T2,9.0ft,0.05s
4.17.2026 15:13:09,T0,T1,1.9ft,0.05s
4.17.2026 15:13:09,T0,T2,7.2ft,0.05s
4.17.2026 15:13:09,T1,T2,9.0ft,0.05s
4.17.2026 15:13:09,T0,T1,1.9ft,0.05s
4.17.2026 15:13:09,T0,T2,7.2ft,0.05s
4.17.2026 15:13:09,T1,T2,9.0ft,0.05s
4.17.2026 15:13:09,T0,T1,1.9ft,0.05s
4.17.2026 15:13:09,T0,T2,7.2ft,0.05s
4.17.2026 15:13:09,T1,T2,9.0ft,0.05s
4.17.2026 15:13:09,T0,T1,1.9ft,0.05s
4.17.2026 15:13:09,T0,T2,7.2ft,0.05s
4.17.2026 15:13:09,T1,T2,9.1ft,0.05s
4.17.2026 15:13:09,T0,T1,2.0ft,0.05s
4.17.2026 15:13:09,T0,T2,7.2ft,0.05s
4.17.2026 15:13:09,T1,T2,9.1ft,0.05s
4.17.2026 15:13:09,T0,T1,2.0ft,0.05s
4.17.2026 15:13:09,T0,T2,7.2ft,0.05s
4.17.2026 15:13:09,T1,T2,9.2ft,0.05s
4.17.2026 15:13:09,T0,T1,2.0ft,0.05s
4.17.2026 15:13:09,T0,T2,7.2ft,0.05s
4.17.2026 15:13:09,T1,T2,9.2ft,0.05s
4.17.2026 15:13:09,T0,T1,2.2ft,0.05s
4.17.2026 15:13:09,T0,T2,7.2ft,0.05s
4.17.2026 15:13:09,T1,T2,9.3ft,0.05s
4.17.2026 15:13:09,T0,T1,2.3ft,0.05s
4.17.2026 15:13:09,T0,T2,7.2ft,0.05s
4.17.2026 15:13:09,T1,T2,9.4ft,0.05s
4.17.2026 15:13:09,T0,T1,2.4ft,0.05s
4.17.2026 15:13:09,T0,T2,7.2ft,0.05s
4.17.2026 15:13:09,T1,T2,9.5ft,0.05s
4.17.2026 15:13:10,T0,T1,2.4ft,0.05s
4.17.2026 15:13:10,T0,T2,7.2ft,0.05s
4.17.2026 15:13:10,T1,T2,9.5ft,0.05s
4.17.2026 15:13:10,T0,T1,2.5ft,0.05s
4.17.2026 15:13:10,T0,T2,7.2ft,0.05s
4.17.2026 15:13:10,T1,T2,9.6ft,0.05s
4.17.2026 15:13:10,T0,T1,2.6ft,0.05s
4.17.2026 15:13:10,T0,T2,7.2ft,0.05s
4.17.2026 15:13:10,T1,T2,9.7ft,0.05s
4.17.2026 15:13:10,T0,T1,2.7ft,0.05s
4.17.2026 15:13:10,T0,T2,7.2ft,0.05s
4.17.2026 15:13:10,T1,T2,9.7ft,0.05s
4.17.2026 15:13:10,T0,T1,2.8ft,0.05s
4.17.2026 15:13:10,T0,T2,7.2ft,0.05s
4.17.2026 15:13:10,T1,T2,9.8ft,0.05s
4.17.2026 15:13:10,T0,T1,2.9ft,0.05s
4.17.2026 15:13:10,T0,T2,7.2ft,0.05s
4.17.2026 15:13:10,T1,T2,9.9ft,0.05s
4.17.2026 15:13:10,T0,T1,3.0ft,0.05s
4.17.2026 15:13:10,T0,T2,7.2ft,0.05s
4.17.2026 15:13:10,T1,T2,10.0ft,0.05s
4.17.2026 15:13:10,T0,T1,3.1ft,0.05s
4.17.2026 15:13:10,T0,T2,7.2ft,0.05s
4.17.2026 15:13:10,T1,T2,10.0ft,0.05s
4.17.2026 15:13:10,T0,T1,3.1ft,0.05s
4.17.2026 15:13:10,T0,T2,7.2ft,0.05s
4.17.2026 15:13:10,T1,T2,10.0ft,0.05s
4.17.2026 15:13:10,T0,T1,3.0ft,0.05s
4.17.2026 15:13:10,T0,T2,7.2ft,0.05s
4.17.2026 15:13:10,T1,T2,10.0ft,0.05s
4.17.2026 15:13:10,T0,T1,3.0ft,0.05s
4.17.2026 15:13:10,T0,T2,7.2ft,0.05s
4.17.2026 15:13:10,T1,T2,10.0ft,0.05s
4.17.2026 15:13:10,T0,T1,2.9ft,0.05s
4.17.2026 15:13:10,T0,T2,7.2ft,0.05s
4.17.2026 15:13:10,T1,T2,9.9ft,0.05s
4.17.2026 15:13:10,T0,T1,2.8ft,0.05s
4.17.2026 15:13:10,T0,T2,7.2ft,0.05s
4.17.2026 15:13:10,T1,T2,9.8ft,0.05s
4.17.2026 15:13:10,T0,T1,2.7ft,0.05s
4.17.2026 15:13:10,T0,T2,7.2ft,0.05s
4.17.2026 15:13:10,T1,T2,9.7ft,0.05s
4.17.2026 15:13:10,T0,T1,2.6ft,0.05s
4.17.2026 15:13:10,T0,T2,7.2ft,0.05s
4.17.2026 15:13:10,T1,T2,9.7ft,0.05s
4.17.2026 15:13:10,T0,T1,2.6ft,0.05s
4.17.2026 15:13:10,T0,T2,7.2ft,0.05s
4.17.2026 15:13:10,T1,T2,9.6ft,0.05s
4.17.2026 15:13:10,T0,T1,2.5ft,0.05s
4.17.2026 15:13:10,T0,T2,7.2ft,0.05s
4.17.2026 15:13:10,T1,T2,9.5ft,0.05s
4.17.2026 15:13:10,T0,T1,2.4ft,0.05s
4.17.2026 15:13:10,T0,T2,7.2ft,0.05s
4.17.2026 15:13:10,T1,T2,9.5ft,0.05s
4.17.2026 15:13:10,T0,T1,2.3ft,0.05s
4.17.2026 15:13:10,T0,T2,7.2ft,0.05s
4.17.2026 15:13:10,T1,T2,9.4ft,0.05s
4.17.2026 15:13:11,T0,T1,2.4ft,0.05s
4.17.2026 15:13:11,T0,T2,7.2ft,0.05s
4.17.2026 15:13:11,T1,T2,9.4ft,0.05s
4.17.2026 15:13:11,T0,T1,2.4ft,0.05s
4.17.2026 15:13:11,T0,T2,7.2ft,0.05s
4.17.2026 15:13:11,T1,T2,9.5ft,0.05s
4.17.2026 15:13:11,T0,T1,2.4ft,0.05s
4.17.2026 15:13:11,T0,T2,7.2ft,0.05s
4.17.2026 15:13:11,T1,T2,9.5ft,0.05s
4.17.2026 15:13:11,T0,T1,2.5ft,0.05s
4.17.2026 15:13:11,T0,T2,7.2ft,0.05s
4.17.2026 15:13:11,T1,T2,9.6ft,0.05s
4.17.2026 15:13:11,T0,T1,2.6ft,0.05s
4.17.2026 15:13:11,T0,T2,7.2ft,0.05s
4.17.2026 15:13:11,T1,T2,9.6ft,0.05s
4.17.2026 15:13:11,T0,T1,2.6ft,0.05s
4.17.2026 15:13:11,T0,T2,7.2ft,0.05s
4.17.2026 15:13:11,T1,T2,9.6ft,0.05s
4.17.2026 15:13:11,T0,T1,2.6ft,0.05s
4.17.2026 15:13:11,T0,T2,7.2ft,0.05s
4.17.2026 15:13:11,T1,T2,9.6ft,0.05s
4.17.2026 15:13:11,T0,T1,2.7ft,0.05s
4.17.2026 15:13:11,T0,T2,7.2ft,0.05s
4.17.2026 15:13:11,T1,T2,9.7ft,0.05s
4.17.2026 15:13:11,T0,T1,2.7ft,0.05s
4.17.2026 15:13:11,T0,T2,7.2ft,0.05s
4.17.2026 15:13:11,T1,T2,9.7ft,0.05s
4.17.2026 15:13:11,T0,T1,2.7ft,0.05s
4.17.2026 15:13:11,T0,T2,7.1ft,0.05s
4.17.2026 15:13:11,T1,T2,9.7ft,0.05s
4.17.2026 15:13:11,T0,T1,2.7ft,0.05s
4.17.2026 15:13:11,T0,T2,7.1ft,0.05s
4.17.2026 15:13:11,T1,T2,9.7ft,0.05s
4.17.2026 15:13:11,T0,T1,2.6ft,0.05s
4.17.2026 15:13:11,T0,T2,7.1ft,0.05s
4.17.2026 15:13:11,T1,T2,9.6ft,0.05s
4.17.2026 15:13:11,T0,T1,2.5ft,0.05s
4.17.2026 15:13:11,T0,T2,7.1ft,0.05s
4.17.2026 15:13:11,T1,T2,9.5ft,0.05s
4.17.2026 15:13:11,T0,T1,2.4ft,0.05s
4.17.2026 15:13:11,T0,T2,7.1ft,0.05s
4.17.2026 15:13:11,T1,T2,9.4ft,0.05s
4.17.2026 15:13:11,T0,T1,2.4ft,0.05s
4.17.2026 15:13:11,T0,T2,7.1ft,0.05s
4.17.2026 15:13:11,T1,T2,9.4ft,0.05s
4.17.2026 15:13:11,T0,T1,2.4ft,0.05s
4.17.2026 15:13:11,T0,T2,7.1ft,0.05s
4.17.2026 15:13:11,T1,T2,9.4ft,0.05s
4.17.2026 15:13:11,T0,T1,2.4ft,0.05s
4.17.2026 15:13:11,T0,T2,7.1ft,0.05s
4.17.2026 15:13:11,T1,T2,9.4ft,0.05s
4.17.2026 15:13:11,T0,T1,2.4ft,0.05s
4.17.2026 15:13:11,T0,T2,7.1ft,0.05s
4.17.2026 15:13:11,T1,T2,9.4ft,0.05s
4.17.2026 15:13:11,T0,T1,2.4ft,0.05s
4.17.2026 15:13:11,T0,T2,7.1ft,0.05s
4.17.2026 15:13:11,T1,T2,9.5ft,0.05s
4.17.2026 15:13:11,T0,T1,2.4ft,0.05s
4.17.2026 15:13:11,T0,T2,7.1ft,0.05s
4.17.2026 15:13:11,T1,T2,9.5ft,0.05s
4.17.2026 15:13:12,T0,T1,2.4ft,0.05s
4.17.2026 15:13:12,T0,T2,7.1ft,0.05s
4.17.2026 15:13:12,T1,T2,9.5ft,0.05s
4.17.2026 15:13:12,T0,T1,2.5ft,0.05s
4.17.2026 15:13:12,T0,T2,7.1ft,0.05s
4.17.2026 15:13:12,T1,T2,9.5ft,0.05s
4.17.2026 15:13:12,T0,T1,2.5ft,0.05s
4.17.2026 15:13:12,T0,T2,7.1ft,0.05s
4.17.2026 15:13:12,T1,T2,9.5ft,0.05s
4.17.2026 15:13:12,T0,T1,2.5ft,0.05s
4.17.2026 15:13:12,T0,T2,7.1ft,0.05s
4.17.2026 15:13:12,T1,T2,9.5ft,0.05s
4.17.2026 15:13:12,T0,T1,2.6ft,0.05s
4.17.2026 15:13:12,T0,T2,7.1ft,0.05s
4.17.2026 15:13:12,T1,T2,9.6ft,0.05s
4.17.2026 15:13:12,T0,T1,2.7ft,0.05s
4.17.2026 15:13:12,T0,T2,7.1ft,0.05s
4.17.2026 15:13:12,T1,T2,9.7ft,0.05s
4.17.2026 15:13:12,T0,T1,2.9ft,0.06s
4.17.2026 15:13:12,T0,T2,7.1ft,0.06s
4.17.2026 15:13:12,T1,T2,9.8ft,0.06s
4.17.2026 15:13:12,T0,T1,2.9ft,0.05s
4.17.2026 15:13:12,T0,T2,7.1ft,0.05s
4.17.2026 15:13:12,T1,T2,9.8ft,0.05s
4.17.2026 15:13:12,T0,T1,3.0ft,0.05s
4.17.2026 15:13:12,T0,T2,7.1ft,0.05s
4.17.2026 15:13:12,T1,T2,9.9ft,0.05s
4.17.2026 15:13:12,T0,T1,3.0ft,0.05s
4.17.2026 15:13:12,T0,T2,7.1ft,0.05s
4.17.2026 15:13:12,T1,T2,9.9ft,0.05s
4.17.2026 15:13:12,T0,T1,3.1ft,0.05s
4.17.2026 15:13:12,T0,T2,7.1ft,0.05s
4.17.2026 15:13:12,T1,T2,9.9ft,0.05s
4.17.2026 15:13:12,T0,T1,3.0ft,0.05s
4.17.2026 15:13:12,T0,T2,7.1ft,0.05s
4.17.2026 15:13:12,T1,T2,9.9ft,0.05s
4.17.2026 15:13:12,T0,T1,3.0ft,0.05s
4.17.2026 15:13:12,T0,T2,7.1ft,0.05s
4.17.2026 15:13:12,T1,T2,9.8ft,0.05s
4.17.2026 15:13:12,T0,T1,2.9ft,0.05s
4.17.2026 15:13:12,T0,T2,7.1ft,0.05s
4.17.2026 15:13:12,T1,T2,9.8ft,0.05s
4.17.2026 15:13:12,T0,T1,2.8ft,0.05s
4.17.2026 15:13:12,T0,T2,7.1ft,0.05s
4.17.2026 15:13:12,T1,T2,9.7ft,0.05s
4.17.2026 15:13:12,T0,T1,2.8ft,0.05s
4.17.2026 15:13:12,T0,T2,7.1ft,0.05s
4.17.2026 15:13:12,T1,T2,9.7ft,0.05s
4.17.2026 15:13:12,T0,T1,2.8ft,0.05s
4.17.2026 15:13:12,T0,T2,7.1ft,0.05s
4.17.2026 15:13:12,T1,T2,9.7ft,0.05s
4.17.2026 15:13:12,T0,T1,2.8ft,0.05s
4.17.2026 15:13:12,T0,T2,7.1ft,0.05s
4.17.2026 15:13:12,T1,T2,9.7ft,0.05s
4.17.2026 15:13:12,T0,T1,2.7ft,0.05s
4.17.2026 15:13:12,T0,T2,7.1ft,0.05s
4.17.2026 15:13:12,T1,T2,9.6ft,0.05s
4.17.2026 15:13:13,T0,T1,2.6ft,0.05s
4.17.2026 15:13:13,T0,T2,7.1ft,0.05s
4.17.2026 15:13:13,T1,T2,9.6ft,0.05s
4.17.2026 15:13:13,T0,T1,2.6ft,0.05s
4.17.2026 15:13:13,T0,T2,7.1ft,0.05s
4.17.2026 15:13:13,T1,T2,9.5ft,0.05s
4.17.2026 15:13:13,T0,T1,2.6ft,0.05s
4.17.2026 15:13:13,T0,T2,7.1ft,0.05s
4.17.2026 15:13:13,T1,T2,9.5ft,0.05s
4.17.2026 15:13:13,T0,T1,2.6ft,0.05s
4.17.2026 15:13:13,T0,T2,7.1ft,0.05s
4.17.2026 15:13:13,T1,T2,9.6ft,0.05s
4.17.2026 15:13:13,T0,T1,2.7ft,0.05s
4.17.2026 15:13:13,T0,T2,7.1ft,0.05s
4.17.2026 15:13:13,T1,T2,9.6ft,0.05s
4.17.2026 15:13:13,T0,T1,2.7ft,0.05s
4.17.2026 15:13:13,T0,T2,7.1ft,0.05s
4.17.2026 15:13:13,T1,T2,9.6ft,0.05s
4.17.2026 15:13:13,T0,T1,2.6ft,0.05s
4.17.2026 15:13:13,T0,T2,7.1ft,0.05s
4.17.2026 15:13:13,T1,T2,9.6ft,0.05s
4.17.2026 15:13:13,T0,T1,2.5ft,0.05s
4.17.2026 15:13:13,T0,T2,7.1ft,0.05s
4.17.2026 15:13:13,T1,T2,9.5ft,0.05s
4.17.2026 15:13:13,T0,T1,2.4ft,0.05s
4.17.2026 15:13:13,T0,T2,7.1ft,0.05s
4.17.2026 15:13:13,T1,T2,9.4ft,0.05s
4.17.2026 15:13:13,T0,T1,2.4ft,0.05s
4.17.2026 15:13:13,T0,T2,7.1ft,0.05s
4.17.2026 15:13:13,T1,T2,9.4ft,0.05s
4.17.2026 15:13:13,T0,T1,2.4ft,0.05s
4.17.2026 15:13:13,T0,T2,7.1ft,0.05s
4.17.2026 15:13:13,T1,T2,9.4ft,0.05s
4.17.2026 15:13:13,T0,T1,2.5ft,0.05s
4.17.2026 15:13:13,T0,T2,7.1ft,0.05s
4.17.2026 15:13:13,T1,T2,9.5ft,0.05s
4.17.2026 15:13:13,T0,T1,2.5ft,0.05s
4.17.2026 15:13:13,T0,T2,7.1ft,0.05s
4.17.2026 15:13:13,T1,T2,9.5ft,0.05s
4.17.2026 15:13:13,T0,T1,2.6ft,0.05s
4.17.2026 15:13:13,T0,T2,7.1ft,0.05s
4.17.2026 15:13:13,T1,T2,9.5ft,0.05s
4.17.2026 15:13:13,T0,T1,2.7ft,0.05s
4.17.2026 15:13:13,T0,T2,7.1ft,0.05s
4.17.2026 15:13:13,T1,T2,9.6ft,0.05s
4.17.2026 15:13:13,T0,T1,2.8ft,0.05s
4.17.2026 15:13:13,T0,T2,7.1ft,0.05s
4.17.2026 15:13:13,T1,T2,9.7ft,0.05s
4.17.2026 15:13:13,T0,T1,2.9ft,0.05s
4.17.2026 15:13:13,T0,T2,7.1ft,0.05s
4.17.2026 15:13:13,T1,T2,9.8ft,0.05s
4.17.2026 15:13:13,T0,T1,3.0ft,0.05s
4.17.2026 15:13:13,T0,T2,7.1ft,0.05s
4.17.2026 15:13:13,T1,T2,9.9ft,0.05s
4.17.2026 15:13:13,T0,T1,3.1ft,0.05s
4.17.2026 15:13:13,T0,T2,7.1ft,0.05s
4.17.2026 15:13:13,T1,T2,10.0ft,0.05s
4.17.2026 15:13:13,T0,T1,3.2ft,0.05s
4.17.2026 15:13:13,T0,T2,7.1ft,0.05s
4.17.2026 15:13:13,T1,T2,10.0ft,0.05s
4.17.2026 15:13:14,T0,T1,3.2ft,0.05s
4.17.2026 15:13:14,T0,T2,7.1ft,0.05s
4.17.2026 15:13:14,T1,T2,10.1ft,0.05s
4.17.2026 15:13:14,T0,T1,3.2ft,0.05s
4.17.2026 15:13:14,T0,T2,7.1ft,0.05s
4.17.2026 15:13:14,T1,T2,10.1ft,0.05s
4.17.2026 15:13:14,T0,T1,3.2ft,0.05s
4.17.2026 15:13:14,T0,T2,7.2ft,0.05s
4.17.2026 15:13:14,T1,T2,10.1ft,0.05s
4.17.2026 15:13:14,T0,T1,3.2ft,0.05s
4.17.2026 15:13:14,T0,T2,7.2ft,0.05s
4.17.2026 15:13:14,T1,T2,10.1ft,0.05s
4.17.2026 15:13:14,T0,T1,3.1ft,0.05s
4.17.2026 15:13:14,T0,T2,7.2ft,0.05s
4.17.2026 15:13:14,T1,T2,10.0ft,0.05s
4.17.2026 15:13:14,T0,T1,3.1ft,0.05s
4.17.2026 15:13:14,T0,T2,7.2ft,0.05s
4.17.2026 15:13:14,T1,T2,10.0ft,0.05s
4.17.2026 15:13:14,T0,T1,3.1ft,0.05s
4.17.2026 15:13:14,T0,T2,7.2ft,0.05s
4.17.2026 15:13:14,T1,T2,10.1ft,0.05s
4.17.2026 15:13:14,T0,T1,3.2ft,0.05s
4.17.2026 15:13:14,T0,T2,7.2ft,0.05s
4.17.2026 15:13:14,T1,T2,10.1ft,0.05s
4.17.2026 15:13:14,T0,T1,3.3ft,0.05s
4.17.2026 15:13:14,T0,T2,7.2ft,0.05s
4.17.2026 15:13:14,T1,T2,10.2ft,0.05s
4.17.2026 15:13:14,T0,T1,3.4ft,0.05s
4.17.2026 15:13:14,T0,T2,7.2ft,0.05s
4.17.2026 15:13:14,T1,T2,10.3ft,0.05s
4.17.2026 15:13:14,T0,T1,3.5ft,0.05s
4.17.2026 15:13:14,T0,T2,7.2ft,0.05s
4.17.2026 15:13:14,T1,T2,10.4ft,0.05s
4.17.2026 15:13:14,T0,T1,3.6ft,0.05s
4.17.2026 15:13:14,T0,T2,7.2ft,0.05s
4.17.2026 15:13:14,T1,T2,10.4ft,0.05s
4.17.2026 15:13:14,T0,T1,3.7ft,0.05s
4.17.2026 15:13:14,T0,T2,7.2ft,0.05s
4.17.2026 15:13:14,T1,T2,10.5ft,0.05s
4.17.2026 15:13:14,T0,T1,3.7ft,0.05s
4.17.2026 15:13:14,T0,T2,7.2ft,0.05s
4.17.2026 15:13:14,T1,T2,10.5ft,0.05s
4.17.2026 15:13:14,T0,T1,3.8ft,0.05s
4.17.2026 15:13:14,T0,T2,7.2ft,0.05s
4.17.2026 15:13:14,T1,T2,10.6ft,0.05s
4.17.2026 15:13:14,T0,T1,3.8ft,0.05s
4.17.2026 15:13:14,T0,T2,7.2ft,0.05s
4.17.2026 15:13:14,T1,T2,10.6ft,0.05s
4.17.2026 15:13:14,T0,T1,3.9ft,0.05s
4.17.2026 15:13:14,T0,T2,7.2ft,0.05s
4.17.2026 15:13:14,T1,T2,10.7ft,0.05s
4.17.2026 15:13:14,T0,T1,3.9ft,0.05s
4.17.2026 15:13:14,T0,T2,7.2ft,0.05s
4.17.2026 15:13:14,T1,T2,10.7ft,0.05s
4.17.2026 15:13:14,T0,T1,4.0ft,0.05s
4.17.2026 15:13:14,T0,T2,7.2ft,0.05s
4.17.2026 15:13:14,T1,T2,10.7ft,0.05s
4.17.2026 15:13:14,T0,T1,4.0ft,0.05s
4.17.2026 15:13:14,T0,T2,7.2ft,0.05s
4.17.2026 15:13:14,T1,T2,10.8ft,0.05s
4.17.2026 15:13:15,T0,T1,4.1ft,0.05s
4.17.2026 15:13:15,T0,T2,7.2ft,0.05s
4.17.2026 15:13:15,T1,T2,10.8ft,0.05s
4.17.2026 15:13:15,T0,T1,4.1ft,0.05s
4.17.2026 15:13:15,T0,T2,7.2ft,0.05s
4.17.2026 15:13:15,T1,T2,10.9ft,0.05s
4.17.2026 15:13:15,T0,T1,4.1ft,0.05s
4.17.2026 15:13:15,T0,T2,7.2ft,0.05s
4.17.2026 15:13:15,T1,T2,10.9ft,0.05s
4.17.2026 15:13:15,T0,T1,4.2ft,0.05s
4.17.2026 15:13:15,T0,T2,7.2ft,0.05s
4.17.2026 15:13:15,T1,T2,10.9ft,0.05s
4.17.2026 15:13:15,T0,T1,4.2ft,0.05s
4.17.2026 15:13:15,T0,T2,7.2ft,0.05s
4.17.2026 15:13:15,T1,T2,11.0ft,0.05s
4.17.2026 15:13:15,T0,T1,4.2ft,0.05s
4.17.2026 15:13:15,T0,T2,7.2ft,0.05s
4.17.2026 15:13:15,T1,T2,11.0ft,0.05s
4.17.2026 15:13:15,T0,T1,4.1ft,0.05s
4.17.2026 15:13:15,T0,T2,7.2ft,0.05s
4.17.2026 15:13:15,T1,T2,10.9ft,0.05s
4.17.2026 15:13:15,T0,T1,4.0ft,0.05s
4.17.2026 15:13:15,T0,T2,7.2ft,0.05s
4.17.2026 15:13:15,T1,T2,10.8ft,0.05s
4.17.2026 15:13:15,T0,T1,4.0ft,0.05s
4.17.2026 15:13:15,T0,T2,7.2ft,0.05s
4.17.2026 15:13:15,T1,T2,10.7ft,0.05s
4.17.2026 15:13:15,T0,T1,3.9ft,0.05s
4.17.2026 15:13:15,T0,T2,7.2ft,0.05s
4.17.2026 15:13:15,T1,T2,10.7ft,0.05s
4.17.2026 15:13:15,T0,T1,3.9ft,0.05s
4.17.2026 15:13:15,T0,T2,7.2ft,0.05s
4.17.2026 15:13:15,T1,T2,10.7ft,0.05s
4.17.2026 15:13:15,T0,T1,3.9ft,0.05s
4.17.2026 15:13:15,T0,T2,7.2ft,0.05s
4.17.2026 15:13:15,T1,T2,10.7ft,0.05s
4.17.2026 15:13:15,T0,T1,3.9ft,0.05s
4.17.2026 15:13:15,T0,T2,7.2ft,0.05s
4.17.2026 15:13:15,T1,T2,10.7ft,0.05s
4.17.2026 15:13:15,T0,T1,3.8ft,0.05s
4.17.2026 15:13:15,T0,T2,7.2ft,0.05s
4.17.2026 15:13:15,T1,T2,10.7ft,0.05s
4.17.2026 15:13:15,T0,T1,3.8ft,0.05s
4.17.2026 15:13:15,T0,T2,7.2ft,0.05s
4.17.2026 15:13:15,T1,T2,10.6ft,0.05s
4.17.2026 15:13:15,T0,T1,3.8ft,0.05s
4.17.2026 15:13:15,T0,T2,7.2ft,0.05s
4.17.2026 15:13:15,T1,T2,10.6ft,0.05s
4.17.2026 15:13:15,T0,T1,3.8ft,0.05s
4.17.2026 15:13:15,T0,T2,7.2ft,0.05s
4.17.2026 15:13:15,T1,T2,10.6ft,0.05s
4.17.2026 15:13:15,T0,T1,3.8ft,0.05s
4.17.2026 15:13:15,T0,T2,7.2ft,0.05s
4.17.2026 15:13:15,T1,T2,10.6ft,0.05s
4.17.2026 15:13:15,T0,T1,3.8ft,0.05s
4.17.2026 15:13:15,T0,T2,7.2ft,0.05s
4.17.2026 15:13:15,T1,T2,10.6ft,0.05s
4.17.2026 15:13:16,T0,T1,3.8ft,0.05s
4.17.2026 15:13:16,T0,T2,7.2ft,0.05s
4.17.2026 15:13:16,T1,T2,10.6ft,0.05s
4.17.2026 15:13:16,T0,T1,3.8ft,0.05s
4.17.2026 15:13:16,T0,T2,7.2ft,0.05s
4.17.2026 15:13:16,T1,T2,10.6ft,0.05s
4.17.2026 15:13:16,T0,T1,3.8ft,0.05s
4.17.2026 15:13:16,T0,T2,7.2ft,0.05s
4.17.2026 15:13:16,T1,T2,10.6ft,0.05s
4.17.2026 15:13:16,T0,T1,3.8ft,0.05s
4.17.2026 15:13:16,T0,T2,7.2ft,0.05s
4.17.2026 15:13:16,T1,T2,10.6ft,0.05s
4.17.2026 15:13:16,T0,T1,3.9ft,0.05s
4.17.2026 15:13:16,T0,T2,7.2ft,0.05s
4.17.2026 15:13:16,T1,T2,10.6ft,0.05s
4.17.2026 15:13:16,T0,T1,3.9ft,0.05s
4.17.2026 15:13:16,T0,T2,7.2ft,0.05s
4.17.2026 15:13:16,T1,T2,10.7ft,0.05s
4.17.2026 15:13:16,T0,T1,3.9ft,0.05s
4.17.2026 15:13:16,T0,T2,7.2ft,0.05s
4.17.2026 15:13:16,T1,T2,10.7ft,0.05s
4.17.2026 15:13:16,T0,T1,3.9ft,0.05s
4.17.2026 15:13:16,T0,T2,7.2ft,0.05s
4.17.2026 15:13:16,T1,T2,10.7ft,0.05s
4.17.2026 15:13:16,T0,T1,4.0ft,0.05s
4.17.2026 15:13:16,T0,T2,7.2ft,0.05s
4.17.2026 15:13:16,T1,T2,10.7ft,0.05s
4.17.2026 15:13:16,T0,T1,4.0ft,0.05s
4.17.2026 15:13:16,T0,T2,7.2ft,0.05s
4.17.2026 15:13:16,T1,T2,10.7ft,0.05s
4.17.2026 15:13:16,T0,T1,4.0ft,0.05s
4.17.2026 15:13:16,T0,T2,7.2ft,0.05s
4.17.2026 15:13:16,T1,T2,10.8ft,0.05s
4.17.2026 15:13:16,T0,T1,4.1ft,0.05s
4.17.2026 15:13:16,T0,T2,7.2ft,0.05s
4.17.2026 15:13:16,T1,T2,10.8ft,0.05s
4.17.2026 15:13:16,T0,T1,4.1ft,0.05s
4.17.2026 15:13:16,T0,T2,7.2ft,0.05s
4.17.2026 15:13:16,T1,T2,10.8ft,0.05s
4.17.2026 15:13:16,T0,T1,4.2ft,0.05s
4.17.2026 15:13:16,T0,T2,7.2ft,0.05s
4.17.2026 15:13:16,T1,T2,10.9ft,0.05s
4.17.2026 15:13:16,T0,T1,4.2ft,0.05s
4.17.2026 15:13:16,T0,T2,7.2ft,0.05s
4.17.2026 15:13:16,T1,T2,10.9ft,0.05s
4.17.2026 15:13:16,T0,T1,4.2ft,0.05s
4.17.2026 15:13:16,T0,T2,7.1ft,0.05s
4.17.2026 15:13:16,T1,T2,10.8ft,0.05s
4.17.2026 15:13:16,T0,T1,4.1ft,0.05s
4.17.2026 15:13:16,T0,T2,7.1ft,0.05s
4.17.2026 15:13:16,T1,T2,10.8ft,0.05s
4.17.2026 15:13:16,T0,T1,4.1ft,0.05s
4.17.2026 15:13:16,T0,T2,7.1ft,0.05s
4.17.2026 15:13:16,T1,T2,10.7ft,0.05s
4.17.2026 15:13:16,T0,T1,4.0ft,0.05s
4.17.2026 15:13:16,T0,T2,7.1ft,0.05s
4.17.2026 15:13:16,T1,T2,10.7ft,0.05s
4.17.2026 15:13:16,T0,T1,3.9ft,0.06s
4.17.2026 15:13:16,T0,T2,7.1ft,0.06s
4.17.2026 15:13:16,T1,T2,10.6ft,0.06s
4.17.2026 15:13:17,T0,T1,3.9ft,0.05s
4.17.2026 15:13:17,T0,T2,7.1ft,0.05s
4.17.2026 15:13:17,T1,T2,10.6ft,0.05s
4.17.2026 15:13:17,T0,T1,3.9ft,0.05s
4.17.2026 15:13:17,T0,T2,7.1ft,0.05s
4.17.2026 15:13:17,T1,T2,10.6ft,0.05s
4.17.2026 15:13:17,T0,T1,3.8ft,0.05s
4.17.2026 15:13:17,T0,T2,7.1ft,0.05s
4.17.2026 15:13:17,T1,T2,10.6ft,0.05s
4.17.2026 15:13:17,T0,T1,3.8ft,0.05s
4.17.2026 15:13:17,T0,T2,7.1ft,0.05s
4.17.2026 15:13:17,T1,T2,10.5ft,0.05s
4.17.2026 15:13:17,T0,T1,3.7ft,0.05s
4.17.2026 15:13:17,T0,T2,7.1ft,0.05s
4.17.2026 15:13:17,T1,T2,10.5ft,0.05s
4.17.2026 15:13:17,T0,T1,3.7ft,0.05s
4.17.2026 15:13:17,T0,T2,7.1ft,0.05s
4.17.2026 15:13:17,T1,T2,10.4ft,0.05s
4.17.2026 15:13:17,T0,T1,3.7ft,0.05s
4.17.2026 15:13:17,T0,T2,7.1ft,0.05s
4.17.2026 15:13:17,T1,T2,10.4ft,0.05s
4.17.2026 15:13:17,T0,T1,3.7ft,0.05s
4.17.2026 15:13:17,T0,T2,7.1ft,0.05s
4.17.2026 15:13:17,T1,T2,10.4ft,0.05s
4.17.2026 15:13:17,T0,T1,3.7ft,0.05s
4.17.2026 15:13:17,T0,T2,7.1ft,0.05s
4.17.2026 15:13:17,T1,T2,10.4ft,0.05s
4.17.2026 15:13:17,T0,T1,3.8ft,0.05s
4.17.2026 15:13:17,T0,T2,7.1ft,0.05s
4.17.2026 15:13:17,T1,T2,10.5ft,0.05s
4.17.2026 15:13:17,T0,T1,3.8ft,0.05s
4.17.2026 15:13:17,T0,T2,7.1ft,0.05s
4.17.2026 15:13:17,T1,T2,10.5ft,0.05s
4.17.2026 15:13:17,T0,T1,3.9ft,0.05s
4.17.2026 15:13:17,T0,T2,7.1ft,0.05s
4.17.2026 15:13:17,T1,T2,10.6ft,0.05s
4.17.2026 15:13:17,T0,T1,3.9ft,0.05s
4.17.2026 15:13:17,T0,T2,7.1ft,0.05s
4.17.2026 15:13:17,T1,T2,10.6ft,0.05s
4.17.2026 15:13:17,T0,T1,3.9ft,0.06s
4.17.2026 15:13:17,T0,T2,7.1ft,0.06s
4.17.2026 15:13:17,T1,T2,10.6ft,0.06s
4.17.2026 15:13:17,T0,T1,3.9ft,0.05s
4.17.2026 15:13:17,T0,T2,7.1ft,0.05s
4.17.2026 15:13:17,T1,T2,10.6ft,0.05s
4.17.2026 15:13:17,T0,T1,3.9ft,0.05s
4.17.2026 15:13:17,T0,T2,7.1ft,0.05s
4.17.2026 15:13:17,T1,T2,10.6ft,0.05s
4.17.2026 15:13:17,T0,T1,3.9ft,0.05s
4.17.2026 15:13:17,T0,T2,7.1ft,0.05s
4.17.2026 15:13:17,T1,T2,10.6ft,0.05s
4.17.2026 15:13:17,T0,T1,3.9ft,0.06s
4.17.2026 15:13:17,T0,T2,7.1ft,0.06s
4.17.2026 15:13:17,T1,T2,10.7ft,0.06s
4.17.2026 15:13:17,T0,T1,4.0ft,0.05s
4.17.2026 15:13:17,T0,T2,7.1ft,0.05s
4.17.2026 15:13:17,T1,T2,10.7ft,0.05s
4.17.2026 15:13:18,T0,T1,4.0ft,0.05s
4.17.2026 15:13:18,T0,T2,7.1ft,0.05s
4.17.2026 15:13:18,T1,T2,10.7ft,0.05s
4.17.2026 15:13:18,T0,T1,4.0ft,0.05s
4.17.2026 15:13:18,T0,T2,7.1ft,0.05s
4.17.2026 15:13:18,T1,T2,10.7ft,0.05s
4.17.2026 15:13:18,T0,T1,4.0ft,0.05s
4.17.2026 15:13:18,T0,T2,7.1ft,0.05s
4.17.2026 15:13:18,T1,T2,10.7ft,0.05s
4.17.2026 15:13:18,T0,T1,4.0ft,0.05s
4.17.2026 15:13:18,T0,T2,7.1ft,0.05s
4.17.2026 15:13:18,T1,T2,10.7ft,0.05s
4.17.2026 15:13:18,T0,T1,3.9ft,0.05s
4.17.2026 15:13:18,T0,T2,7.1ft,0.05s
4.17.2026 15:13:18,T1,T2,10.7ft,0.05s
4.17.2026 15:13:18,T0,T1,3.9ft,0.05s
4.17.2026 15:13:18,T0,T2,7.1ft,0.05s
4.17.2026 15:13:18,T1,T2,10.7ft,0.05s
4.17.2026 15:13:18,T0,T1,3.9ft,0.05s
4.17.2026 15:13:18,T0,T2,7.1ft,0.05s
4.17.2026 15:13:18,T1,T2,10.7ft,0.05s
4.17.2026 15:13:18,T0,T1,4.0ft,0.05s
4.17.2026 15:13:18,T0,T2,7.1ft,0.05s
4.17.2026 15:13:18,T1,T2,10.7ft,0.05s
4.17.2026 15:13:18,T0,T1,3.9ft,0.05s
4.17.2026 15:13:18,T0,T2,7.1ft,0.05s
4.17.2026 15:13:18,T1,T2,10.6ft,0.05s
4.17.2026 15:13:18,T0,T1,3.8ft,0.05s
4.17.2026 15:13:18,T0,T2,7.2ft,0.05s
4.17.2026 15:13:18,T1,T2,10.5ft,0.05s
4.17.2026 15:13:18,T0,T1,3.7ft,0.05s
4.17.2026 15:13:18,T0,T2,7.2ft,0.05s
4.17.2026 15:13:18,T1,T2,10.5ft,0.05s
4.17.2026 15:13:18,T0,T1,3.7ft,0.05s
4.17.2026 15:13:18,T0,T2,7.2ft,0.05s
4.17.2026 15:13:18,T1,T2,10.5ft,0.05s
4.17.2026 15:13:18,T0,T1,3.7ft,0.05s
4.17.2026 15:13:18,T0,T2,7.2ft,0.05s
4.17.2026 15:13:18,T1,T2,10.5ft,0.05s
4.17.2026 15:13:18,T0,T1,3.7ft,0.05s
4.17.2026 15:13:18,T0,T2,7.2ft,0.05s
4.17.2026 15:13:18,T1,T2,10.5ft,0.05s
4.17.2026 15:13:18,T0,T1,3.7ft,0.05s
4.17.2026 15:13:18,T0,T2,7.2ft,0.05s
4.17.2026 15:13:18,T1,T2,10.5ft,0.05s
4.17.2026 15:13:18,T0,T1,3.6ft,0.05s
4.17.2026 15:13:18,T0,T2,7.1ft,0.05s
4.17.2026 15:13:18,T1,T2,10.4ft,0.05s
4.17.2026 15:13:18,T0,T1,3.6ft,0.05s
4.17.2026 15:13:18,T0,T2,7.1ft,0.05s
4.17.2026 15:13:18,T1,T2,10.4ft,0.05s
4.17.2026 15:13:18,T0,T1,3.4ft,0.05s
4.17.2026 15:13:18,T0,T2,7.1ft,0.05s
4.17.2026 15:13:18,T1,T2,10.3ft,0.05s
4.17.2026 15:13:18,T0,T1,3.3ft,0.05s
4.17.2026 15:13:18,T0,T2,7.1ft,0.05s
4.17.2026 15:13:18,T1,T2,10.2ft,0.05s
4.17.2026 15:13:18,T0,T1,3.3ft,0.05s
4.17.2026 15:13:18,T0,T2,7.1ft,0.05s
4.17.2026 15:13:18,T1,T2,10.1ft,0.05s
4.17.2026 15:13:19,T0,T1,3.2ft,0.05s
4.17.2026 15:13:19,T0,T2,7.1ft,0.05s
4.17.2026 15:13:19,T1,T2,10.1ft,0.05s
4.17.2026 15:13:19,T0,T1,3.2ft,0.05s
4.17.2026 15:13:19,T0,T2,7.1ft,0.05s
4.17.2026 15:13:19,T1,T2,10.0ft,0.05s
4.17.2026 15:13:19,T0,T1,3.1ft,0.05s
4.17.2026 15:13:19,T0,T2,7.1ft,0.05s
4.17.2026 15:13:19,T1,T2,10.0ft,0.05s
4.17.2026 15:13:19,T0,T1,3.0ft,0.05s
4.17.2026 15:13:19,T0,T2,7.1ft,0.05s
4.17.2026 15:13:19,T1,T2,9.9ft,0.05s
4.17.2026 15:13:19,T0,T1,3.0ft,0.05s
4.17.2026 15:13:19,T0,T2,7.1ft,0.05s
4.17.2026 15:13:19,T1,T2,9.9ft,0.05s
4.17.2026 15:13:19,T0,T1,3.0ft,0.05s
4.17.2026 15:13:19,T0,T2,7.1ft,0.05s
4.17.2026 15:13:19,T1,T2,9.9ft,0.05s
4.17.2026 15:13:19,T0,T1,3.0ft,0.05s
4.17.2026 15:13:19,T0,T2,7.1ft,0.05s
4.17.2026 15:13:19,T1,T2,9.9ft,0.05s
4.17.2026 15:13:19,T0,T1,3.0ft,0.05s
4.17.2026 15:13:19,T0,T2,7.1ft,0.05s
4.17.2026 15:13:19,T1,T2,9.9ft,0.05s
4.17.2026 15:13:19,T0,T1,3.1ft,0.05s
4.17.2026 15:13:19,T0,T2,7.1ft,0.05s
4.17.2026 15:13:19,T1,T2,10.0ft,0.05s
4.17.2026 15:13:19,T0,T1,3.1ft,0.05s
4.17.2026 15:13:19,T0,T2,7.1ft,0.05s
4.17.2026 15:13:19,T1,T2,10.0ft,0.05s
4.17.2026 15:13:19,T0,T1,3.1ft,0.05s
4.17.2026 15:13:19,T0,T2,7.1ft,0.05s
4.17.2026 15:13:19,T1,T2,10.0ft,0.05s
4.17.2026 15:13:19,T0,T1,3.1ft,0.05s
4.17.2026 15:13:19,T0,T2,7.1ft,0.05s
4.17.2026 15:13:19,T1,T2,10.0ft,0.05s
4.17.2026 15:13:19,T0,T1,3.2ft,0.05s
4.17.2026 15:13:19,T0,T2,7.1ft,0.05s
4.17.2026 15:13:19,T1,T2,10.1ft,0.05s
4.17.2026 15:13:19,T0,T1,3.3ft,0.05s
4.17.2026 15:13:19,T0,T2,7.1ft,0.05s
4.17.2026 15:13:19,T1,T2,10.1ft,0.05s
4.17.2026 15:13:19,T0,T1,3.3ft,0.05s
4.17.2026 15:13:19,T0,T2,7.1ft,0.05s
4.17.2026 15:13:19,T1,T2,10.2ft,0.05s
4.17.2026 15:13:19,T0,T1,3.4ft,0.05s
4.17.2026 15:13:19,T0,T2,7.1ft,0.05s
4.17.2026 15:13:19,T1,T2,10.2ft,0.05s
4.17.2026 15:13:19,T0,T1,3.4ft,0.05s
4.17.2026 15:13:19,T0,T2,7.1ft,0.05s
4.17.2026 15:13:19,T1,T2,10.2ft,0.05s
4.17.2026 15:13:19,T0,T1,3.5ft,0.05s
4.17.2026 15:13:19,T0,T2,7.1ft,0.05s
4.17.2026 15:13:19,T1,T2,10.3ft,0.05s
4.17.2026 15:13:19,T0,T1,3.4ft,0.05s
4.17.2026 15:13:19,T0,T2,7.1ft,0.05s
4.17.2026 15:13:19,T1,T2,10.2ft,0.05s
4.17.2026 15:13:19,T0,T1,3.4ft,0.05s
4.17.2026 15:13:19,T0,T2,7.1ft,0.05s
4.17.2026 15:13:19,T1,T2,10.2ft,0.05s
4.17.2026 15:13:20,T0,T1,3.4ft,0.05s
4.17.2026 15:13:20,T0,T2,7.1ft,0.05s
4.17.2026 15:13:20,T1,T2,10.2ft,0.05s
4.17.2026 15:13:20,T0,T1,3.2ft,0.05s
4.17.2026 15:13:20,T0,T2,7.1ft,0.05s
4.17.2026 15:13:20,T1,T2,10.1ft,0.05s
4.17.2026 15:13:20,T0,T1,3.2ft,0.05s
4.17.2026 15:13:20,T0,T2,7.1ft,0.05s
4.17.2026 15:13:20,T1,T2,10.0ft,0.05s
4.17.2026 15:13:20,T0,T1,3.1ft,0.05s
4.17.2026 15:13:20,T0,T2,7.1ft,0.05s
4.17.2026 15:13:20,T1,T2,10.0ft,0.05s
4.17.2026 15:13:20,T0,T1,3.1ft,0.05s
4.17.2026 15:13:20,T0,T2,7.1ft,0.05s
4.17.2026 15:13:20,T1,T2,10.0ft,0.05s
4.17.2026 15:13:20,T0,T1,3.1ft,0.05s
4.17.2026 15:13:20,T0,T2,7.1ft,0.05s
4.17.2026 15:13:20,T1,T2,10.0ft,0.05s
4.17.2026 15:13:20,T0,T1,3.1ft,0.05s
4.17.2026 15:13:20,T0,T2,7.1ft,0.05s
4.17.2026 15:13:20,T1,T2,10.0ft,0.05s
4.17.2026 15:13:20,T0,T1,3.0ft,0.05s
4.17.2026 15:13:20,T0,T2,7.1ft,0.05s
4.17.2026 15:13:20,T1,T2,9.9ft,0.05s
4.17.2026 15:13:20,T0,T1,3.0ft,0.05s
4.17.2026 15:13:20,T0,T2,7.1ft,0.05s
4.17.2026 15:13:20,T1,T2,9.9ft,0.05s
4.17.2026 15:13:20,T0,T1,3.0ft,0.05s
4.17.2026 15:13:20,T0,T2,7.1ft,0.05s
4.17.2026 15:13:20,T1,T2,9.9ft,0.05s
4.17.2026 15:13:20,T0,T1,3.0ft,0.05s
4.17.2026 15:13:20,T0,T2,7.1ft,0.05s
4.17.2026 15:13:20,T1,T2,9.9ft,0.05s
4.17.2026 15:13:20,T0,T1,3.0ft,0.05s
4.17.2026 15:13:20,T0,T2,7.1ft,0.05s
4.17.2026 15:13:20,T1,T2,9.9ft,0.05s
4.17.2026 15:13:20,T0,T1,3.1ft,0.06s
4.17.2026 15:13:20,T0,T2,7.1ft,0.06s
4.17.2026 15:13:20,T1,T2,9.9ft,0.06s
4.17.2026 15:13:20,T0,T1,3.1ft,0.05s
4.17.2026 15:13:20,T0,T2,7.1ft,0.05s
4.17.2026 15:13:20,T1,T2,10.0ft,0.05s
4.17.2026 15:13:20,T0,T1,3.1ft,0.05s
4.17.2026 15:13:20,T0,T2,7.1ft,0.05s
4.17.2026 15:13:20,T1,T2,10.0ft,0.05s
4.17.2026 15:13:20,T0,T1,3.1ft,0.05s
4.17.2026 15:13:20,T0,T2,7.1ft,0.05s
4.17.2026 15:13:20,T1,T2,10.0ft,0.05s
4.17.2026 15:13:20,T0,T1,3.1ft,0.05s
4.17.2026 15:13:20,T0,T2,7.1ft,0.05s
4.17.2026 15:13:20,T1,T2,10.0ft,0.05s
4.17.2026 15:13:20,T0,T1,3.0ft,0.05s
4.17.2026 15:13:20,T0,T2,7.1ft,0.05s
4.17.2026 15:13:20,T1,T2,9.9ft,0.05s
4.17.2026 15:13:20,T0,T1,3.0ft,0.05s
4.17.2026 15:13:20,T0,T2,7.1ft,0.05s
4.17.2026 15:13:20,T1,T2,9.9ft,0.05s
4.17.2026 15:13:21,T0,T1,2.9ft,0.05s
4.17.2026 15:13:21,T0,T2,7.1ft,0.05s
4.17.2026 15:13:21,T1,T2,9.8ft,0.05s
4.17.2026 15:13:21,T0,T1,2.8ft,0.05s
4.17.2026 15:13:21,T0,T2,7.1ft,0.05s
4.17.2026 15:13:21,T1,T2,9.8ft,0.05s
4.17.2026 15:13:21,T0,T1,2.8ft,0.05s
4.17.2026 15:13:21,T0,T2,7.1ft,0.05s
4.17.2026 15:13:21,T1,T2,9.7ft,0.05s
4.17.2026 15:13:21,T0,T1,2.7ft,0.05s
4.17.2026 15:13:21,T0,T2,7.1ft,0.05s
4.17.2026 15:13:21,T1,T2,9.7ft,0.05s
4.17.2026 15:13:21,T0,T1,2.7ft,0.05s
4.17.2026 15:13:21,T0,T2,7.1ft,0.05s
4.17.2026 15:13:21,T1,T2,9.7ft,0.05s
4.17.2026 15:13:21,T0,T1,2.8ft,0.05s
4.17.2026 15:13:21,T0,T2,7.1ft,0.05s
4.17.2026 15:13:21,T1,T2,9.7ft,0.05s
4.17.2026 15:13:21,T0,T1,2.8ft,0.05s
4.17.2026 15:13:21,T0,T2,7.1ft,0.05s
4.17.2026 15:13:21,T1,T2,9.8ft,0.05s
4.17.2026 15:13:21,T0,T1,2.7ft,0.05s
4.17.2026 15:13:21,T0,T2,7.1ft,0.05s
4.17.2026 15:13:21,T1,T2,9.7ft,0.05s
4.17.2026 15:13:21,T0,T1,2.7ft,0.05s
4.17.2026 15:13:21,T0,T2,7.2ft,0.05s
4.17.2026 15:13:21,T1,T2,9.7ft,0.05s
4.17.2026 15:13:21,T0,T1,2.7ft,0.05s
4.17.2026 15:13:21,T0,T2,7.2ft,0.05s
4.17.2026 15:13:21,T1,T2,9.7ft,0.05s
4.17.2026 15:13:21,T0,T1,2.7ft,0.05s
4.17.2026 15:13:21,T0,T2,7.2ft,0.05s
4.17.2026 15:13:21,T1,T2,9.7ft,0.05s
4.17.2026 15:13:21,T0,T1,2.7ft,0.05s
4.17.2026 15:13:21,T0,T2,7.2ft,0.05s
4.17.2026 15:13:21,T1,T2,9.7ft,0.05s
4.17.2026 15:13:21,T0,T1,2.7ft,0.05s
4.17.2026 15:13:21,T0,T2,7.2ft,0.05s
4.17.2026 15:13:21,T1,T2,9.7ft,0.05s
4.17.2026 15:13:21,T0,T1,2.7ft,0.05s
4.17.2026 15:13:21,T0,T2,7.2ft,0.05s
4.17.2026 15:13:21,T1,T2,9.7ft,0.05s
4.17.2026 15:13:21,T0,T1,2.8ft,0.05s
4.17.2026 15:13:21,T0,T2,7.2ft,0.05s
4.17.2026 15:13:21,T1,T2,9.8ft,0.05s
4.17.2026 15:13:21,T0,T1,2.9ft,0.05s
4.17.2026 15:13:21,T0,T2,7.2ft,0.05s
4.17.2026 15:13:21,T1,T2,9.8ft,0.05s
4.17.2026 15:13:21,T0,T1,2.9ft,0.05s
4.17.2026 15:13:21,T0,T2,7.2ft,0.05s
4.17.2026 15:13:21,T1,T2,9.9ft,0.05s
4.17.2026 15:13:21,T0,T1,3.0ft,0.05s
4.17.2026 15:13:21,T0,T2,7.2ft,0.05s
4.17.2026 15:13:21,T1,T2,9.9ft,0.05s
4.17.2026 15:13:21,T0,T1,3.0ft,0.05s
4.17.2026 15:13:21,T0,T2,7.2ft,0.05s
4.17.2026 15:13:21,T1,T2,9.9ft,0.05s
4.17.2026 15:13:21,T0,T1,3.0ft,0.05s
4.17.2026 15:13:21,T0,T2,7.2ft,0.05s
4.17.2026 15:13:21,T1,T2,9.9ft,0.05s
4.17.2026 15:13:22,T0,T1,2.9ft,0.05s
4.17.2026 15:13:22,T0,T2,7.2ft,0.05s
4.17.2026 15:13:22,T1,T2,9.9ft,0.05s
4.17.2026 15:13:22,T0,T1,2.9ft,0.05s
4.17.2026 15:13:22,T0,T2,7.2ft,0.05s
4.17.2026 15:13:22,T1,T2,9.8ft,0.05s
4.17.2026 15:13:22,T0,T1,2.9ft,0.05s
4.17.2026 15:13:22,T0,T2,7.2ft,0.05s
4.17.2026 15:13:22,T1,T2,9.8ft,0.05s
4.17.2026 15:13:22,T0,T1,2.8ft,0.05s
4.17.2026 15:13:22,T0,T2,7.2ft,0.05s
4.17.2026 15:13:22,T1,T2,9.8ft,0.05s
4.17.2026 15:13:22,T0,T1,2.8ft,0.05s
4.17.2026 15:13:22,T0,T2,7.2ft,0.05s
4.17.2026 15:13:22,T1,T2,9.8ft,0.05s
4.17.2026 15:13:22,T0,T1,2.8ft,0.05s
4.17.2026 15:13:22,T0,T2,7.2ft,0.05s
4.17.2026 15:13:22,T1,T2,9.8ft,0.05s
4.17.2026 15:13:22,T0,T1,2.9ft,0.05s
4.17.2026 15:13:22,T0,T2,7.2ft,0.05s
4.17.2026 15:13:22,T1,T2,9.9ft,0.05s
4.17.2026 15:13:22,T0,T1,3.0ft,0.05s
4.17.2026 15:13:22,T0,T2,7.2ft,0.05s
4.17.2026 15:13:22,T1,T2,9.9ft,0.05s
4.17.2026 15:13:22,T0,T1,3.1ft,0.05s
4.17.2026 15:13:22,T0,T2,7.2ft,0.05s
4.17.2026 15:13:22,T1,T2,10.0ft,0.05s
4.17.2026 15:13:22,T0,T1,3.2ft,0.05s
4.17.2026 15:13:22,T0,T2,7.2ft,0.05s
4.17.2026 15:13:22,T1,T2,10.1ft,0.05s
4.17.2026 15:13:22,T0,T1,3.1ft,0.05s
4.17.2026 15:13:22,T0,T2,7.2ft,0.05s
4.17.2026 15:13:22,T1,T2,10.1ft,0.05s
4.17.2026 15:13:22,T0,T1,3.1ft,0.05s
4.17.2026 15:13:22,T0,T2,7.2ft,0.05s
4.17.2026 15:13:22,T1,T2,10.1ft,0.05s
4.17.2026 15:13:22,T0,T1,3.1ft,0.05s
4.17.2026 15:13:22,T0,T2,7.2ft,0.05s
4.17.2026 15:13:22,T1,T2,10.0ft,0.05s
4.17.2026 15:13:22,T0,T1,3.0ft,0.05s
4.17.2026 15:13:22,T0,T2,7.2ft,0.05s
4.17.2026 15:13:22,T1,T2,10.0ft,0.05s
4.17.2026 15:13:22,T0,T1,2.9ft,0.05s
4.17.2026 15:13:22,T0,T2,7.2ft,0.05s
4.17.2026 15:13:22,T1,T2,9.9ft,0.05s
4.17.2026 15:13:22,T0,T1,2.9ft,0.05s
4.17.2026 15:13:22,T0,T2,7.2ft,0.05s
4.17.2026 15:13:22,T1,T2,9.9ft,0.05s
4.17.2026 15:13:22,T0,T1,2.8ft,0.05s
4.17.2026 15:13:22,T0,T2,7.2ft,0.05s
4.17.2026 15:13:22,T1,T2,9.8ft,0.05s
4.17.2026 15:13:22,T0,T1,2.7ft,0.05s
4.17.2026 15:13:22,T0,T2,7.2ft,0.05s
4.17.2026 15:13:22,T1,T2,9.7ft,0.05s
4.17.2026 15:13:22,T0,T1,2.6ft,0.05s
4.17.2026 15:13:22,T0,T2,7.2ft,0.05s
4.17.2026 15:13:22,T1,T2,9.6ft,0.05s
4.17.2026 15:13:23,T0,T1,2.4ft,0.05s
4.17.2026 15:13:23,T0,T2,7.2ft,0.05s
4.17.2026 15:13:23,T1,T2,9.5ft,0.05s
4.17.2026 15:13:23,T0,T1,2.3ft,0.05s
4.17.2026 15:13:23,T0,T2,7.2ft,0.05s
4.17.2026 15:13:23,T1,T2,9.4ft,0.05s
4.17.2026 15:13:23,T0,T1,2.3ft,0.05s
4.17.2026 15:13:23,T0,T2,7.2ft,0.05s
4.17.2026 15:13:23,T1,T2,9.4ft,0.05s
4.17.2026 15:13:23,T0,T1,2.2ft,0.05s
4.17.2026 15:13:23,T0,T2,7.2ft,0.05s
4.17.2026 15:13:23,T1,T2,9.3ft,0.05s
4.17.2026 15:13:23,T0,T1,2.1ft,0.05s
4.17.2026 15:13:23,T0,T2,7.2ft,0.05s
4.17.2026 15:13:23,T1,T2,9.2ft,0.05s
4.17.2026 15:13:23,T0,T1,2.1ft,0.05s
4.17.2026 15:13:23,T0,T2,7.2ft,0.05s
4.17.2026 15:13:23,T1,T2,9.2ft,0.05s
4.17.2026 15:13:23,T0,T1,2.0ft,0.05s
4.17.2026 15:13:23,T0,T2,7.1ft,0.05s
4.17.2026 15:13:23,T1,T2,9.1ft,0.05s
4.17.2026 15:13:23,T0,T1,1.9ft,0.05s
4.17.2026 15:13:23,T0,T2,7.1ft,0.05s
4.17.2026 15:13:23,T1,T2,9.1ft,0.05s
4.17.2026 15:13:23,T0,T1,1.8ft,0.05s
4.17.2026 15:13:23,T0,T2,7.1ft,0.05s
4.17.2026 15:13:23,T1,T2,9.0ft,0.05s
4.17.2026 15:13:23,T0,T1,1.8ft,0.05s
4.17.2026 15:13:23,T0,T2,7.1ft,0.05s
4.17.2026 15:13:23,T1,T2,8.9ft,0.05s
4.17.2026 15:13:23,T0,T1,1.7ft,0.05s
4.17.2026 15:13:23,T0,T2,7.1ft,0.05s
4.17.2026 15:13:23,T1,T2,8.8ft,0.05s
4.17.2026 15:13:23,T0,T1,1.7ft,0.05s
4.17.2026 15:13:23,T0,T2,7.1ft,0.05s
4.17.2026 15:13:23,T1,T2,8.8ft,0.05s
4.17.2026 15:13:23,T0,T1,1.6ft,0.05s
4.17.2026 15:13:23,T0,T2,7.1ft,0.05s
4.17.2026 15:13:23,T1,T2,8.8ft,0.05s
4.17.2026 15:13:23,T0,T1,1.6ft,0.05s
4.17.2026 15:13:23,T0,T2,7.1ft,0.05s
4.17.2026 15:13:23,T1,T2,8.7ft,0.05s
4.17.2026 15:13:23,T0,T1,1.6ft,0.05s
4.17.2026 15:13:23,T0,T2,7.1ft,0.05s
4.17.2026 15:13:23,T1,T2,8.7ft,0.05s
4.17.2026 15:13:23,T0,T1,1.6ft,0.05s
4.17.2026 15:13:23,T0,T2,7.1ft,0.05s
4.17.2026 15:13:23,T1,T2,8.7ft,0.05s
4.17.2026 15:13:23,T0,T1,1.6ft,0.05s
4.17.2026 15:13:23,T0,T2,7.1ft,0.05s
4.17.2026 15:13:23,T1,T2,8.7ft,0.05s
4.17.2026 15:13:23,T0,T1,1.7ft,0.05s
4.17.2026 15:13:23,T0,T2,7.1ft,0.05s
4.17.2026 15:13:23,T1,T2,8.8ft,0.05s
4.17.2026 15:13:23,T0,T1,1.7ft,0.05s
4.17.2026 15:13:23,T0,T2,7.1ft,0.05s
4.17.2026 15:13:23,T1,T2,8.8ft,0.05s
4.17.2026 15:13:23,T0,T1,1.7ft,0.05s
4.17.2026 15:13:23,T0,T2,7.1ft,0.05s
4.17.2026 15:13:23,T1,T2,8.8ft,0.05s
4.17.2026 15:13:24,T0,T1,1.8ft,0.05s
4.17.2026 15:13:24,T0,T2,7.1ft,0.05s
4.17.2026 15:13:24,T1,T2,8.9ft,0.05s
4.17.2026 15:13:24,T0,T1,1.8ft,0.05s
4.17.2026 15:13:24,T0,T2,7.1ft,0.05s
4.17.2026 15:13:24,T1,T2,8.9ft,0.05s
4.17.2026 15:13:24,T0,T1,1.9ft,0.05s
4.17.2026 15:13:24,T0,T2,7.1ft,0.05s
4.17.2026 15:13:24,T1,T2,8.9ft,0.05s
4.17.2026 15:13:24,T0,T1,1.9ft,0.05s
4.17.2026 15:13:24,T0,T2,7.1ft,0.05s
4.17.2026 15:13:24,T1,T2,9.0ft,0.05s
4.17.2026 15:13:24,T0,T1,1.9ft,0.05s
4.17.2026 15:13:24,T0,T2,7.1ft,0.05s
4.17.2026 15:13:24,T1,T2,9.0ft,0.05s
4.17.2026 15:13:24,T0,T1,1.9ft,0.05s
4.17.2026 15:13:24,T0,T2,7.1ft,0.05s
4.17.2026 15:13:24,T1,T2,9.0ft,0.05s
4.17.2026 15:13:24,T0,T1,1.9ft,0.05s
4.17.2026 15:13:24,T0,T2,7.1ft,0.05s
4.17.2026 15:13:24,T1,T2,9.0ft,0.05s
4.17.2026 15:13:24,T0,T1,1.8ft,0.05s
4.17.2026 15:13:24,T0,T2,7.1ft,0.05s
4.17.2026 15:13:24,T1,T2,8.9ft,0.05s
4.17.2026 15:13:24,T0,T1,1.8ft,0.05s
4.17.2026 15:13:24,T0,T2,7.1ft,0.05s
4.17.2026 15:13:24,T1,T2,8.9ft,0.05s
4.17.2026 15:13:24,T0,T1,1.8ft,0.05s
4.17.2026 15:13:24,T0,T2,7.1ft,0.05s
4.17.2026 15:13:24,T1,T2,8.9ft,0.05s
4.17.2026 15:13:24,T0,T1,1.7ft,0.05s
4.17.2026 15:13:24,T0,T2,7.1ft,0.05s
4.17.2026 15:13:24,T1,T2,8.9ft,0.05s
4.17.2026 15:13:24,T0,T1,1.7ft,0.05s
4.17.2026 15:13:24,T0,T2,7.1ft,0.05s
4.17.2026 15:13:24,T1,T2,8.8ft,0.05s
4.17.2026 15:13:24,T0,T1,1.6ft,0.05s
4.17.2026 15:13:24,T0,T2,7.2ft,0.05s
4.17.2026 15:13:24,T1,T2,8.8ft,0.05s
4.17.2026 15:13:24,T0,T1,1.6ft,0.05s
4.17.2026 15:13:24,T0,T2,7.2ft,0.05s
4.17.2026 15:13:24,T1,T2,8.8ft,0.05s
4.17.2026 15:13:24,T0,T1,1.6ft,0.05s
4.17.2026 15:13:24,T0,T2,7.2ft,0.05s
4.17.2026 15:13:24,T1,T2,8.8ft,0.05s
4.17.2026 15:13:24,T0,T1,1.6ft,0.05s
4.17.2026 15:13:24,T0,T2,7.2ft,0.05s
4.17.2026 15:13:24,T1,T2,8.8ft,0.05s
4.17.2026 15:13:24,T0,T1,1.6ft,0.05s
4.17.2026 15:13:24,T0,T2,7.2ft,0.05s
4.17.2026 15:13:24,T1,T2,8.7ft,0.05s
4.17.2026 15:13:24,T0,T1,1.6ft,0.05s
4.17.2026 15:13:24,T0,T2,7.1ft,0.05s
4.17.2026 15:13:24,T1,T2,8.7ft,0.05s
4.17.2026 15:13:24,T0,T1,1.5ft,0.05s
4.17.2026 15:13:24,T0,T2,7.1ft,0.05s
4.17.2026 15:13:24,T1,T2,8.6ft,0.05s
4.17.2026 15:13:24,T0,T1,1.5ft,0.05s
4.17.2026 15:13:24,T0,T2,7.1ft,0.05s
4.17.2026 15:13:24,T1,T2,8.6ft,0.05s
4.17.2026 15:13:25,T0,T1,1.5ft,0.05s
4.17.2026 15:13:25,T0,T2,7.1ft,0.05s
4.17.2026 15:13:25,T1,T2,8.6ft,0.05s
4.17.2026 15:13:25,T0,T1,1.4ft,0.05s
4.17.2026 15:13:25,T0,T2,7.1ft,0.05s
4.17.2026 15:13:25,T1,T2,8.5ft,0.05s
4.17.2026 15:13:25,T0,T1,1.4ft,0.05s
4.17.2026 15:13:25,T0,T2,7.1ft,0.05s
4.17.2026 15:13:25,T1,T2,8.5ft,0.05s
4.17.2026 15:13:25,T0,T1,1.4ft,0.05s
4.17.2026 15:13:25,T0,T2,7.1ft,0.05s
4.17.2026 15:13:25,T1,T2,8.5ft,0.05s
4.17.2026 15:13:25,T0,T1,1.4ft,0.05s
4.17.2026 15:13:25,T0,T2,7.1ft,0.05s
4.17.2026 15:13:25,T1,T2,8.4ft,0.05s
4.17.2026 15:13:25,T0,T1,1.4ft,0.05s
4.17.2026 15:13:25,T0,T2,7.1ft,0.05s
4.17.2026 15:13:25,T1,T2,8.4ft,0.05s
4.17.2026 15:13:25,T0,T1,1.4ft,0.05s
4.17.2026 15:13:25,T0,T2,7.1ft,0.05s
4.17.2026 15:13:25,T1,T2,8.4ft,0.05s
4.17.2026 15:13:25,T0,T1,1.4ft,0.05s
4.17.2026 15:13:25,T0,T2,7.1ft,0.05s
4.17.2026 15:13:25,T1,T2,8.4ft,0.05s
4.17.2026 15:13:25,T0,T1,1.4ft,0.05s
4.17.2026 15:13:25,T0,T2,7.1ft,0.05s
4.17.2026 15:13:25,T1,T2,8.4ft,0.05s
4.17.2026 15:13:25,T0,T1,1.4ft,0.05s
4.17.2026 15:13:25,T0,T2,7.1ft,0.05s
4.17.2026 15:13:25,T1,T2,8.4ft,0.05s
4.17.2026 15:13:25,T0,T1,1.4ft,0.05s
4.17.2026 15:13:25,T0,T2,7.1ft,0.05s
4.17.2026 15:13:25,T1,T2,8.4ft,0.05s
4.17.2026 15:13:25,T0,T1,1.4ft,0.05s
4.17.2026 15:13:25,T0,T2,7.1ft,0.05s
4.17.2026 15:13:25,T1,T2,8.4ft,0.05s
4.17.2026 15:13:25,T0,T1,1.3ft,0.05s
4.17.2026 15:13:25,T0,T2,7.2ft,0.05s
4.17.2026 15:13:25,T1,T2,8.4ft,0.05s
4.17.2026 15:13:25,T0,T1,1.3ft,0.05s
4.17.2026 15:13:25,T0,T2,7.2ft,0.05s
4.17.2026 15:13:25,T1,T2,8.4ft,0.05s
4.17.2026 15:13:25,T0,T1,1.3ft,0.05s
4.17.2026 15:13:25,T0,T2,7.2ft,0.05s
4.17.2026 15:13:25,T1,T2,8.3ft,0.05s
4.17.2026 15:13:25,T0,T1,1.3ft,0.05s
4.17.2026 15:13:25,T0,T2,7.2ft,0.05s
4.17.2026 15:13:25,T1,T2,8.3ft,0.05s
4.17.2026 15:13:25,T0,T1,1.3ft,0.05s
4.17.2026 15:13:25,T0,T2,7.2ft,0.05s
4.17.2026 15:13:25,T1,T2,8.3ft,0.05s
4.17.2026 15:13:25,T0,T1,1.3ft,0.05s
4.17.2026 15:13:25,T0,T2,7.2ft,0.05s
4.17.2026 15:13:25,T1,T2,8.3ft,0.05s
4.17.2026 15:13:25,T0,T1,1.3ft,0.05s
4.17.2026 15:13:25,T0,T2,7.2ft,0.05s
4.17.2026 15:13:25,T1,T2,8.2ft,0.05s
4.17.2026 15:13:26,T0,T1,1.3ft,0.05s
4.17.2026 15:13:26,T0,T2,7.1ft,0.05s
4.17.2026 15:13:26,T1,T2,8.2ft,0.05s
4.17.2026 15:13:26,T0,T1,1.3ft,0.05s
4.17.2026 15:13:26,T0,T2,7.1ft,0.05s
4.17.2026 15:13:26,T1,T2,8.2ft,0.05s
4.17.2026 15:13:26,T0,T1,1.3ft,0.05s
4.17.2026 15:13:26,T0,T2,7.1ft,0.05s
4.17.2026 15:13:26,T1,T2,8.2ft,0.05s
4.17.2026 15:13:26,T0,T1,1.3ft,0.05s
4.17.2026 15:13:26,T0,T2,7.1ft,0.05s
4.17.2026 15:13:26,T1,T2,8.2ft,0.05s
4.17.2026 15:13:26,T0,T1,1.3ft,0.05s
4.17.2026 15:13:26,T0,T2,7.1ft,0.05s
4.17.2026 15:13:26,T1,T2,8.2ft,0.05s
4.17.2026 15:13:26,T0,T1,1.3ft,0.05s
4.17.2026 15:13:26,T0,T2,7.1ft,0.05s
4.17.2026 15:13:26,T1,T2,8.3ft,0.05s
4.17.2026 15:13:26,T0,T1,1.3ft,0.05s
4.17.2026 15:13:26,T0,T2,7.1ft,0.05s
4.17.2026 15:13:26,T1,T2,8.3ft,0.05s
4.17.2026 15:13:26,T0,T1,1.3ft,0.05s
4.17.2026 15:13:26,T0,T2,7.1ft,0.05s
4.17.2026 15:13:26,T1,T2,8.3ft,0.05s
4.17.2026 15:13:26,T0,T1,1.3ft,0.05s
4.17.2026 15:13:26,T0,T2,7.1ft,0.05s
4.17.2026 15:13:26,T1,T2,8.3ft,0.05s
4.17.2026 15:13:26,T0,T1,1.3ft,0.05s
4.17.2026 15:13:26,T0,T2,7.1ft,0.05s
4.17.2026 15:13:26,T1,T2,8.3ft,0.05s
4.17.2026 15:13:26,T0,T1,1.3ft,0.05s
4.17.2026 15:13:26,T0,T2,7.1ft,0.05s
4.17.2026 15:13:26,T1,T2,8.3ft,0.05s
4.17.2026 15:13:26,T0,T1,1.4ft,0.05s
4.17.2026 15:13:26,T0,T2,7.1ft,0.05s
4.17.2026 15:13:26,T1,T2,8.3ft,0.05s
4.17.2026 15:13:26,T0,T1,1.4ft,0.05s
4.17.2026 15:13:26,T0,T2,7.1ft,0.05s
4.17.2026 15:13:26,T1,T2,8.3ft,0.05s
4.17.2026 15:13:26,T0,T1,1.4ft,0.05s
4.17.2026 15:13:26,T0,T2,7.1ft,0.05s
4.17.2026 15:13:26,T1,T2,8.3ft,0.05s
4.17.2026 15:13:26,T0,T1,1.4ft,0.05s
4.17.2026 15:13:26,T0,T2,7.1ft,0.05s
4.17.2026 15:13:26,T1,T2,8.3ft,0.05s
4.17.2026 15:13:26,T0,T1,1.4ft,0.05s
4.17.2026 15:13:26,T0,T2,7.1ft,0.05s
4.17.2026 15:13:26,T1,T2,8.3ft,0.05s
4.17.2026 15:13:26,T0,T1,1.4ft,0.05s
4.17.2026 15:13:26,T0,T2,7.1ft,0.05s
4.17.2026 15:13:26,T1,T2,8.3ft,0.05s
4.17.2026 15:13:26,T0,T1,1.4ft,0.05s
4.17.2026 15:13:26,T0,T2,7.1ft,0.05s
4.17.2026 15:13:26,T1,T2,8.3ft,0.05s
4.17.2026 15:13:26,T0,T1,1.4ft,0.05s
4.17.2026 15:13:26,T0,T2,7.1ft,0.05s
4.17.2026 15:13:26,T1,T2,8.2ft,0.05s
4.17.2026 15:13:26,T0,T1,1.4ft,0.05s
4.17.2026 15:13:26,T0,T2,7.1ft,0.05s
4.17.2026 15:13:26,T1,T2,8.3ft,0.05s
4.17.2026 15:13:27,T0,T1,1.4ft,0.05s
4.17.2026 15:13:27,T0,T2,7.1ft,0.05s
4.17.2026 15:13:27,T1,T2,8.3ft,0.05s
4.17.2026 15:13:27,T0,T1,1.4ft,0.05s
4.17.2026 15:13:27,T0,T2,7.1ft,0.05s
4.17.2026 15:13:27,T1,T2,8.3ft,0.05s
4.17.2026 15:13:27,T0,T1,1.4ft,0.06s
4.17.2026 15:13:27,T0,T2,7.1ft,0.06s
4.17.2026 15:13:27,T1,T2,8.4ft,0.06s
4.17.2026 15:13:27,T0,T1,1.4ft,0.05s
4.17.2026 15:13:27,T0,T2,7.1ft,0.05s
4.17.2026 15:13:27,T1,T2,8.4ft,0.05s
4.17.2026 15:13:27,T0,T1,1.4ft,0.05s
4.17.2026 15:13:27,T0,T2,7.1ft,0.05s
4.17.2026 15:13:27,T1,T2,8.4ft,0.05s
4.17.2026 15:13:27,T0,T1,1.4ft,0.05s
4.17.2026 15:13:27,T0,T2,7.1ft,0.05s
4.17.2026 15:13:27,T1,T2,8.4ft,0.05s
4.17.2026 15:13:27,T0,T1,1.4ft,0.05s
4.17.2026 15:13:27,T0,T2,7.1ft,0.05s
4.17.2026 15:13:27,T1,T2,8.4ft,0.05s
4.17.2026 15:13:27,T0,T1,1.4ft,0.05s
4.17.2026 15:13:27,T0,T2,7.1ft,0.05s
4.17.2026 15:13:27,T1,T2,8.3ft,0.05s
4.17.2026 15:13:27,T0,T1,1.3ft,0.05s
4.17.2026 15:13:27,T0,T2,7.1ft,0.05s
4.17.2026 15:13:27,T1,T2,8.3ft,0.05s
4.17.2026 15:13:27,T0,T1,1.3ft,0.05s
4.17.2026 15:13:27,T0,T2,7.1ft,0.05s
4.17.2026 15:13:27,T1,T2,8.3ft,0.05s
4.17.2026 15:13:27,T0,T1,1.3ft,0.05s
4.17.2026 15:13:27,T0,T2,7.1ft,0.05s
4.17.2026 15:13:27,T1,T2,8.2ft,0.05s
4.17.2026 15:13:27,T0,T1,1.3ft,0.05s
4.17.2026 15:13:27,T0,T2,7.1ft,0.05s
4.17.2026 15:13:27,T1,T2,8.2ft,0.05s
4.17.2026 15:13:27,T0,T1,1.3ft,0.05s
4.17.2026 15:13:27,T0,T2,7.1ft,0.05s
4.17.2026 15:13:27,T1,T2,8.2ft,0.05s
4.17.2026 15:13:27,T0,T1,1.3ft,0.05s
4.17.2026 15:13:27,T0,T2,7.1ft,0.05s
4.17.2026 15:13:27,T1,T2,8.3ft,0.05s
4.17.2026 15:13:27,T0,T1,1.3ft,0.05s
4.17.2026 15:13:27,T0,T2,7.1ft,0.05s
4.17.2026 15:13:27,T1,T2,8.3ft,0.05s
4.17.2026 15:13:27,T0,T1,1.3ft,0.05s
4.17.2026 15:13:27,T0,T2,7.1ft,0.05s
4.17.2026 15:13:27,T1,T2,8.3ft,0.05s
4.17.2026 15:13:27,T0,T1,1.3ft,0.05s
4.17.2026 15:13:27,T0,T2,7.1ft,0.05s
4.17.2026 15:13:27,T1,T2,8.3ft,0.05s
4.17.2026 15:13:27,T0,T1,1.3ft,0.05s
4.17.2026 15:13:27,T0,T2,7.1ft,0.05s
4.17.2026 15:13:27,T1,T2,8.3ft,0.05s
4.17.2026 15:13:27,T0,T1,1.3ft,0.05s
4.17.2026 15:13:27,T0,T2,7.1ft,0.05s
4.17.2026 15:13:27,T1,T2,8.3ft,0.05s
4.17.2026 15:13:28,T0,T1,1.3ft,0.05s
4.17.2026 15:13:28,T0,T2,7.1ft,0.05s
4.17.2026 15:13:28,T1,T2,8.3ft,0.05s
4.17.2026 15:13:28,T0,T1,1.3ft,0.05s
4.17.2026 15:13:28,T0,T2,7.1ft,0.05s
4.17.2026 15:13:28,T1,T2,8.3ft,0.05s
4.17.2026 15:13:28,T0,T1,1.3ft,0.05s
4.17.2026 15:13:28,T0,T2,7.1ft,0.05s
4.17.2026 15:13:28,T1,T2,8.3ft,0.05s
4.17.2026 15:13:28,T0,T1,1.3ft,0.05s
4.17.2026 15:13:28,T0,T2,7.1ft,0.05s
4.17.2026 15:13:28,T1,T2,8.3ft,0.05s
4.17.2026 15:13:28,T0,T1,1.3ft,0.05s
4.17.2026 15:13:28,T0,T2,7.1ft,0.05s
4.17.2026 15:13:28,T1,T2,8.3ft,0.05s
4.17.2026 15:13:28,T0,T1,1.3ft,0.05s
4.17.2026 15:13:28,T0,T2,7.1ft,0.05s
4.17.2026 15:13:28,T1,T2,8.3ft,0.05s
4.17.2026 15:13:28,T0,T1,1.3ft,0.05s
4.17.2026 15:13:28,T0,T2,7.1ft,0.05s
4.17.2026 15:13:28,T1,T2,8.2ft,0.05s
4.17.2026 15:13:28,T0,T1,1.3ft,0.05s
4.17.2026 15:13:28,T0,T2,7.1ft,0.05s
4.17.2026 15:13:28,T1,T2,8.2ft,0.05s
4.17.2026 15:13:28,T0,T1,1.3ft,0.05s
4.17.2026 15:13:28,T0,T2,7.1ft,0.05s
4.17.2026 15:13:28,T1,T2,8.2ft,0.05s
4.17.2026 15:13:28,T0,T1,1.3ft,0.05s
4.17.2026 15:13:28,T0,T2,7.1ft,0.05s
4.17.2026 15:13:28,T1,T2,8.2ft,0.05s
4.17.2026 15:13:28,T0,T1,1.3ft,0.05s
4.17.2026 15:13:28,T0,T2,7.1ft,0.05s
4.17.2026 15:13:28,T1,T2,8.2ft,0.05s
4.17.2026 15:13:28,T0,T1,1.3ft,0.05s
4.17.2026 15:13:28,T0,T2,7.1ft,0.05s
4.17.2026 15:13:28,T1,T2,8.2ft,0.05s
4.17.2026 15:13:28,T0,T1,1.3ft,0.05s
4.17.2026 15:13:28,T0,T2,7.1ft,0.05s
4.17.2026 15:13:28,T1,T2,8.2ft,0.05s
4.17.2026 15:13:28,T0,T1,1.3ft,0.05s
4.17.2026 15:13:28,T0,T2,7.1ft,0.05s
4.17.2026 15:13:28,T1,T2,8.2ft,0.05s
4.17.2026 15:13:28,T0,T1,1.3ft,0.05s
4.17.2026 15:13:28,T0,T2,7.1ft,0.05s
4.17.2026 15:13:28,T1,T2,8.2ft,0.05s
4.17.2026 15:13:28,T0,T1,1.3ft,0.05s
4.17.2026 15:13:28,T0,T2,7.1ft,0.05s
4.17.2026 15:13:28,T1,T2,8.2ft,0.05s
4.17.2026 15:13:28,T0,T1,1.3ft,0.05s
4.17.2026 15:13:28,T0,T2,7.1ft,0.05s
4.17.2026 15:13:28,T1,T2,8.2ft,0.05s
4.17.2026 15:13:28,T0,T1,1.3ft,0.05s
4.17.2026 15:13:28,T0,T2,7.1ft,0.05s
4.17.2026 15:13:28,T1,T2,8.2ft,0.05s
4.17.2026 15:13:28,T0,T1,1.3ft,0.05s
4.17.2026 15:13:28,T0,T2,7.1ft,0.05s
4.17.2026 15:13:28,T1,T2,8.2ft,0.05s
4.17.2026 15:13:28,T0,T1,1.3ft,0.05s
4.17.2026 15:13:28,T0,T2,7.1ft,0.05s
4.17.2026 15:13:28,T1,T2,8.2ft,0.05s
4.17.2026 15:13:29,T0,T1,1.3ft,0.05s
4.17.2026 15:13:29,T0,T2,7.1ft,0.05s
4.17.2026 15:13:29,T1,T2,8.2ft,0.05s
4.17.2026 15:13:29,T0,T1,1.3ft,0.05s
4.17.2026 15:13:29,T0,T2,7.1ft,0.05s
4.17.2026 15:13:29,T1,T2,8.2ft,0.05s
4.17.2026 15:13:29,T0,T1,1.3ft,0.05s
4.17.2026 15:13:29,T0,T2,7.2ft,0.05s
4.17.2026 15:13:29,T1,T2,8.2ft,0.05s
4.17.2026 15:13:29,T0,T1,1.3ft,0.05s
4.17.2026 15:13:29,T0,T2,7.2ft,0.05s
4.17.2026 15:13:29,T1,T2,8.3ft,0.05s
4.17.2026 15:13:29,T0,T1,1.3ft,0.05s
4.17.2026 15:13:29,T0,T2,7.2ft,0.05s
4.17.2026 15:13:29,T1,T2,8.3ft,0.05s
4.17.2026 15:13:29,T0,T1,1.4ft,0.05s
4.17.2026 15:13:29,T0,T2,7.2ft,0.05s
4.17.2026 15:13:29,T1,T2,8.4ft,0.05s
4.17.2026 15:13:29,T0,T1,1.4ft,0.05s
4.17.2026 15:13:29,T0,T2,7.2ft,0.05s
4.17.2026 15:13:29,T1,T2,8.4ft,0.05s
4.17.2026 15:13:29,T0,T1,1.4ft,0.05s
4.17.2026 15:13:29,T0,T2,7.1ft,0.05s
4.17.2026 15:13:29,T1,T2,8.4ft,0.05s
4.17.2026 15:13:29,T0,T1,1.4ft,0.05s
4.17.2026 15:13:29,T0,T2,7.1ft,0.05s
4.17.2026 15:13:29,T1,T2,8.4ft,0.05s
4.17.2026 15:13:29,T0,T1,1.4ft,0.05s
4.17.2026 15:13:29,T0,T2,7.1ft,0.05s
4.17.2026 15:13:29,T1,T2,8.4ft,0.05s
4.17.2026 15:13:29,T0,T1,1.4ft,0.05s
4.17.2026 15:13:29,T0,T2,7.1ft,0.05s
4.17.2026 15:13:29,T1,T2,8.4ft,0.05s
4.17.2026 15:13:29,T0,T1,1.4ft,0.05s
4.17.2026 15:13:29,T0,T2,7.1ft,0.05s
4.17.2026 15:13:29,T1,T2,8.5ft,0.05s
4.17.2026 15:13:29,T0,T1,1.4ft,0.05s
4.17.2026 15:13:29,T0,T2,7.1ft,0.05s
4.17.2026 15:13:29,T1,T2,8.5ft,0.05s
4.17.2026 15:13:29,T0,T1,1.4ft,0.05s
4.17.2026 15:13:29,T0,T2,7.1ft,0.05s
4.17.2026 15:13:29,T1,T2,8.5ft,0.05s
4.17.2026 15:13:29,T0,T1,1.4ft,0.05s
4.17.2026 15:13:29,T0,T2,7.1ft,0.05s
4.17.2026 15:13:29,T1,T2,8.4ft,0.05s
4.17.2026 15:13:29,T0,T1,1.4ft,0.05s
4.17.2026 15:13:29,T0,T2,7.1ft,0.05s
4.17.2026 15:13:29,T1,T2,8.4ft,0.05s
4.17.2026 15:13:29,T0,T1,1.4ft,0.05s
4.17.2026 15:13:29,T0,T2,7.1ft,0.05s
4.17.2026 15:13:29,T1,T2,8.4ft,0.05s
4.17.2026 15:13:29,T0,T1,1.4ft,0.05s
4.17.2026 15:13:29,T0,T2,7.1ft,0.05s
4.17.2026 15:13:29,T1,T2,8.4ft,0.05s
4.17.2026 15:13:29,T0,T1,1.4ft,0.05s
4.17.2026 15:13:29,T0,T2,7.1ft,0.05s
4.17.2026 15:13:29,T1,T2,8.3ft,0.05s
4.17.2026 15:13:29,T0,T1,1.4ft,0.05s
4.17.2026 15:13:29,T0,T2,7.1ft,0.05s
4.17.2026 15:13:29,T1,T2,8.3ft,0.05s
4.17.2026 15:13:30,T0,T1,1.4ft,0.05s
4.17.2026 15:13:30,T0,T2,7.1ft,0.05s
4.17.2026 15:13:30,T1,T2,8.3ft,0.05s
4.17.2026 15:13:30,T0,T1,1.4ft,0.05s
4.17.2026 15:13:30,T0,T2,7.1ft,0.05s
4.17.2026 15:13:30,T1,T2,8.3ft,0.05s
4.17.2026 15:13:30,T0,T1,1.4ft,0.05s
4.17.2026 15:13:30,T0,T2,7.1ft,0.05s
4.17.2026 15:13:30,T1,T2,8.3ft,0.05s
4.17.2026 15:13:30,T0,T1,1.4ft,0.05s
4.17.2026 15:13:30,T0,T2,7.1ft,0.05s
4.17.2026 15:13:30,T1,T2,8.3ft,0.05s
4.17.2026 15:13:30,T0,T1,1.4ft,0.05s
4.17.2026 15:13:30,T0,T2,7.1ft,0.05s
4.17.2026 15:13:30,T1,T2,8.2ft,0.05s
4.17.2026 15:13:30,T0,T1,1.4ft,0.05s
4.17.2026 15:13:30,T0,T2,7.1ft,0.05s
4.17.2026 15:13:30,T1,T2,8.2ft,0.05s
4.17.2026 15:13:30,T0,T1,1.3ft,0.05s
4.17.2026 15:13:30,T0,T2,7.1ft,0.05s
4.17.2026 15:13:30,T1,T2,8.2ft,0.05s
4.17.2026 15:13:30,T0,T1,1.3ft,0.05s
4.17.2026 15:13:30,T0,T2,7.1ft,0.05s
4.17.2026 15:13:30,T1,T2,8.2ft,0.05s
4.17.2026 15:13:30,T0,T1,1.4ft,0.05s
4.17.2026 15:13:30,T0,T2,7.1ft,0.05s
4.17.2026 15:13:30,T1,T2,8.2ft,0.05s
4.17.2026 15:13:30,T0,T1,1.4ft,0.05s
4.17.2026 15:13:30,T0,T2,7.1ft,0.05s
4.17.2026 15:13:30,T1,T2,8.2ft,0.05s
4.17.2026 15:13:30,T0,T1,1.4ft,0.05s
4.17.2026 15:13:30,T0,T2,7.1ft,0.05s
4.17.2026 15:13:30,T1,T2,8.2ft,0.05s
4.17.2026 15:13:30,T0,T1,1.4ft,0.05s
4.17.2026 15:13:30,T0,T2,7.1ft,0.05s
4.17.2026 15:13:30,T1,T2,8.2ft,0.05s
4.17.2026 15:13:30,T0,T1,1.4ft,0.05s
4.17.2026 15:13:30,T0,T2,7.1ft,0.05s
4.17.2026 15:13:30,T1,T2,8.2ft,0.05s
4.17.2026 15:13:30,T0,T1,1.4ft,0.05s
4.17.2026 15:13:30,T0,T2,7.1ft,0.05s
4.17.2026 15:13:30,T1,T2,8.3ft,0.05s
4.17.2026 15:13:30,T0,T1,1.4ft,0.05s
4.17.2026 15:13:30,T0,T2,7.1ft,0.05s
4.17.2026 15:13:30,T1,T2,8.3ft,0.05s
4.17.2026 15:13:30,T0,T1,1.4ft,0.05s
4.17.2026 15:13:30,T0,T2,7.1ft,0.05s
4.17.2026 15:13:30,T1,T2,8.3ft,0.05s
4.17.2026 15:13:30,T0,T1,1.4ft,0.05s
4.17.2026 15:13:30,T0,T2,7.1ft,0.05s
4.17.2026 15:13:30,T1,T2,8.3ft,0.05s
4.17.2026 15:13:30,T0,T1,1.4ft,0.05s
4.17.2026 15:13:30,T0,T2,7.1ft,0.05s
4.17.2026 15:13:30,T1,T2,8.3ft,0.05s
4.17.2026 15:13:30,T0,T1,1.4ft,0.05s
4.17.2026 15:13:30,T0,T2,7.1ft,0.05s
4.17.2026 15:13:30,T1,T2,8.3ft,0.05s
4.17.2026 15:13:31,T0,T1,1.4ft,0.05s
4.17.2026 15:13:31,T0,T2,7.1ft,0.05s
4.17.2026 15:13:31,T1,T2,8.3ft,0.05s
4.17.2026 15:13:31,T0,T1,1.4ft,0.05s
4.17.2026 15:13:31,T0,T2,7.1ft,0.05s
4.17.2026 15:13:31,T1,T2,8.3ft,0.05s
4.17.2026 15:13:31,T0,T1,1.4ft,0.05s
4.17.2026 15:13:31,T0,T2,7.1ft,0.05s
4.17.2026 15:13:31,T1,T2,8.4ft,0.05s
4.17.2026 15:13:31,T0,T1,1.5ft,0.05s
4.17.2026 15:13:31,T0,T2,7.1ft,0.05s
4.17.2026 15:13:31,T1,T2,8.5ft,0.05s
4.17.2026 15:13:31,T0,T1,1.5ft,0.05s
4.17.2026 15:13:31,T0,T2,7.1ft,0.05s
4.17.2026 15:13:31,T1,T2,8.6ft,0.05s
4.17.2026 15:13:31,T0,T1,1.6ft,0.05s
4.17.2026 15:13:31,T0,T2,7.1ft,0.05s
4.17.2026 15:13:31,T1,T2,8.7ft,0.05s
4.17.2026 15:13:31,T0,T1,1.6ft,0.05s
4.17.2026 15:13:31,T0,T2,7.1ft,0.05s
4.17.2026 15:13:31,T1,T2,8.7ft,0.05s
4.17.2026 15:13:31,T0,T1,1.7ft,0.05s
4.17.2026 15:13:31,T0,T2,7.1ft,0.05s
4.17.2026 15:13:31,T1,T2,8.8ft,0.05s
4.17.2026 15:13:31,T0,T1,1.7ft,0.05s
4.17.2026 15:13:31,T0,T2,7.1ft,0.05s
4.17.2026 15:13:31,T1,T2,8.8ft,0.05s
4.17.2026 15:13:31,T0,T1,1.7ft,0.05s
4.17.2026 15:13:31,T0,T2,7.1ft,0.05s
4.17.2026 15:13:31,T1,T2,8.9ft,0.05s
4.17.2026 15:13:31,T0,T1,1.7ft,0.05s
4.17.2026 15:13:31,T0,T2,7.1ft,0.05s
4.17.2026 15:13:31,T1,T2,8.8ft,0.05s
4.17.2026 15:13:31,T0,T1,1.7ft,0.05s
4.17.2026 15:13:31,T0,T2,7.1ft,0.05s
4.17.2026 15:13:31,T1,T2,8.8ft,0.05s
4.17.2026 15:13:31,T0,T1,1.6ft,0.05s
4.17.2026 15:13:31,T0,T2,7.1ft,0.05s
4.17.2026 15:13:31,T1,T2,8.7ft,0.05s
4.17.2026 15:13:31,T0,T1,1.6ft,0.05s
4.17.2026 15:13:31,T0,T2,7.1ft,0.05s
4.17.2026 15:13:31,T1,T2,8.7ft,0.05s
4.17.2026 15:13:31,T0,T1,1.6ft,0.05s
4.17.2026 15:13:31,T0,T2,7.1ft,0.05s
4.17.2026 15:13:31,T1,T2,8.7ft,0.05s
4.17.2026 15:13:31,T0,T1,1.6ft,0.06s
4.17.2026 15:13:31,T0,T2,7.1ft,0.06s
4.17.2026 15:13:31,T1,T2,8.7ft,0.06s
4.17.2026 15:13:31,T0,T1,1.7ft,0.05s
4.17.2026 15:13:31,T0,T2,7.1ft,0.05s
4.17.2026 15:13:31,T1,T2,8.8ft,0.05s
4.17.2026 15:13:31,T0,T1,1.8ft,0.05s
4.17.2026 15:13:31,T0,T2,7.1ft,0.05s
4.17.2026 15:13:31,T1,T2,8.9ft,0.05s
4.17.2026 15:13:31,T0,T1,2.0ft,0.05s
4.17.2026 15:13:31,T0,T2,7.1ft,0.05s
4.17.2026 15:13:31,T1,T2,9.1ft,0.05s
4.17.2026 15:13:31,T0,T1,2.1ft,0.05s
4.17.2026 15:13:31,T0,T2,7.1ft,0.05s
4.17.2026 15:13:31,T1,T2,9.2ft,0.05s
4.17.2026 15:13:32,T0,T1,2.1ft,0.05s
4.17.2026 15:13:32,T0,T2,7.1ft,0.05s
4.17.2026 15:13:32,T1,T2,9.2ft,0.05s
4.17.2026 15:13:32,T0,T1,2.1ft,0.05s
4.17.2026 15:13:32,T0,T2,7.1ft,0.05s
4.17.2026 15:13:32,T1,T2,9.2ft,0.05s
4.17.2026 15:13:32,T0,T1,2.2ft,0.05s
4.17.2026 15:13:32,T0,T2,7.1ft,0.05s
4.17.2026 15:13:32,T1,T2,9.2ft,0.05s
4.17.2026 15:13:32,T0,T1,2.2ft,0.05s
4.17.2026 15:13:32,T0,T2,7.1ft,0.05s
4.17.2026 15:13:32,T1,T2,9.3ft,0.05s
4.17.2026 15:13:32,T0,T1,2.3ft,0.05s
4.17.2026 15:13:32,T0,T2,7.1ft,0.05s
4.17.2026 15:13:32,T1,T2,9.3ft,0.05s
4.17.2026 15:13:32,T0,T1,2.3ft,0.05s
4.17.2026 15:13:32,T0,T2,7.1ft,0.05s
4.17.2026 15:13:32,T1,T2,9.4ft,0.05s
4.17.2026 15:13:32,T0,T1,2.4ft,0.05s
4.17.2026 15:13:32,T0,T2,7.1ft,0.05s
4.17.2026 15:13:32,T1,T2,9.4ft,0.05s
4.17.2026 15:13:32,T0,T1,2.4ft,0.05s
4.17.2026 15:13:32,T0,T2,7.1ft,0.05s
4.17.2026 15:13:32,T1,T2,9.4ft,0.05s
4.17.2026 15:13:32,T0,T1,2.4ft,0.05s
4.17.2026 15:13:32,T0,T2,7.1ft,0.05s
4.17.2026 15:13:32,T1,T2,9.4ft,0.05s
4.17.2026 15:13:32,T0,T1,2.4ft,0.05s
4.17.2026 15:13:32,T0,T2,7.1ft,0.05s
4.17.2026 15:13:32,T1,T2,9.4ft,0.05s
4.17.2026 15:13:32,T0,T1,2.5ft,0.05s
4.17.2026 15:13:32,T0,T2,7.1ft,0.05s
4.17.2026 15:13:32,T1,T2,9.5ft,0.05s
4.17.2026 15:13:32,T0,T1,2.5ft,0.05s
4.17.2026 15:13:32,T0,T2,7.1ft,0.05s
4.17.2026 15:13:32,T1,T2,9.5ft,0.05s
4.17.2026 15:13:32,T0,T1,2.5ft,0.05s
4.17.2026 15:13:32,T0,T2,7.1ft,0.05s
4.17.2026 15:13:32,T1,T2,9.5ft,0.05s
4.17.2026 15:13:32,T0,T1,2.5ft,0.05s
4.17.2026 15:13:32,T0,T2,7.1ft,0.05s
4.17.2026 15:13:32,T1,T2,9.5ft,0.05s
4.17.2026 15:13:32,T0,T1,2.5ft,0.05s
4.17.2026 15:13:32,T0,T2,7.1ft,0.05s
4.17.2026 15:13:32,T1,T2,9.5ft,0.05s
4.17.2026 15:13:32,T0,T1,2.6ft,0.05s
4.17.2026 15:13:32,T0,T2,7.1ft,0.05s
4.17.2026 15:13:32,T1,T2,9.5ft,0.05s
4.17.2026 15:13:32,T0,T1,2.6ft,0.05s
4.17.2026 15:13:32,T0,T2,7.1ft,0.05s
4.17.2026 15:13:32,T1,T2,9.6ft,0.05s
4.17.2026 15:13:32,T0,T1,2.5ft,0.05s
4.17.2026 15:13:32,T0,T2,7.1ft,0.05s
4.17.2026 15:13:32,T1,T2,9.5ft,0.05s
4.17.2026 15:13:32,T0,T1,2.4ft,0.05s
4.17.2026 15:13:32,T0,T2,7.1ft,0.05s
4.17.2026 15:13:32,T1,T2,9.4ft,0.05s
4.17.2026 15:13:33,T0,T1,2.3ft,0.05s
4.17.2026 15:13:33,T0,T2,7.1ft,0.05s
4.17.2026 15:13:33,T1,T2,9.3ft,0.05s
4.17.2026 15:13:33,T0,T1,2.3ft,0.05s
4.17.2026 15:13:33,T0,T2,7.1ft,0.05s
4.17.2026 15:13:33,T1,T2,9.3ft,0.05s
4.17.2026 15:13:33,T0,T1,2.2ft,0.05s
4.17.2026 15:13:33,T0,T2,7.1ft,0.05s
4.17.2026 15:13:33,T1,T2,9.3ft,0.05s
4.17.2026 15:13:33,T0,T1,2.3ft,0.05s
4.17.2026 15:13:33,T0,T2,7.1ft,0.05s
4.17.2026 15:13:33,T1,T2,9.3ft,0.05s
4.17.2026 15:13:33,T0,T1,2.3ft,0.05s
4.17.2026 15:13:33,T0,T2,7.1ft,0.05s
4.17.2026 15:13:33,T1,T2,9.3ft,0.05s
4.17.2026 15:13:33,T0,T1,2.4ft,0.05s
4.17.2026 15:13:33,T0,T2,7.1ft,0.05s
4.17.2026 15:13:33,T1,T2,9.4ft,0.05s
4.17.2026 15:13:33,T0,T1,2.5ft,0.05s
4.17.2026 15:13:33,T0,T2,7.1ft,0.05s
4.17.2026 15:13:33,T1,T2,9.4ft,0.05s
4.17.2026 15:13:33,T0,T1,2.5ft,0.05s
4.17.2026 15:13:33,T0,T2,7.1ft,0.05s
4.17.2026 15:13:33,T1,T2,9.5ft,0.05s
4.17.2026 15:13:33,T0,T1,2.6ft,0.05s
4.17.2026 15:13:33,T0,T2,7.1ft,0.05s
4.17.2026 15:13:33,T1,T2,9.5ft,0.05s
4.17.2026 15:13:33,T0,T1,2.7ft,0.05s
4.17.2026 15:13:33,T0,T2,7.1ft,0.05s
4.17.2026 15:13:33,T1,T2,9.6ft,0.05s
4.17.2026 15:13:33,T0,T1,2.7ft,0.05s
4.17.2026 15:13:33,T0,T2,7.1ft,0.05s
4.17.2026 15:13:33,T1,T2,9.6ft,0.05s
4.17.2026 15:13:33,T0,T1,2.7ft,0.05s
4.17.2026 15:13:33,T0,T2,7.1ft,0.05s
4.17.2026 15:13:33,T1,T2,9.7ft,0.05s
4.17.2026 15:13:33,T0,T1,2.8ft,0.05s
4.17.2026 15:13:33,T0,T2,7.1ft,0.05s
4.17.2026 15:13:33,T1,T2,9.8ft,0.05s
4.17.2026 15:13:33,T0,T1,2.9ft,0.05s
4.17.2026 15:13:33,T0,T2,7.1ft,0.05s
4.17.2026 15:13:33,T1,T2,9.8ft,0.05s
4.17.2026 15:13:33,T0,T1,2.9ft,0.05s
4.17.2026 15:13:33,T0,T2,7.1ft,0.05s
4.17.2026 15:13:33,T1,T2,9.9ft,0.05s
4.17.2026 15:13:33,T0,T1,3.0ft,0.05s
4.17.2026 15:13:33,T0,T2,7.1ft,0.05s
4.17.2026 15:13:33,T1,T2,9.9ft,0.05s
4.17.2026 15:13:33,T0,T1,3.0ft,0.05s
4.17.2026 15:13:33,T0,T2,7.1ft,0.05s
4.17.2026 15:13:33,T1,T2,9.9ft,0.05s
4.17.2026 15:13:33,T0,T1,3.0ft,0.05s
4.17.2026 15:13:33,T0,T2,7.1ft,0.05s
4.17.2026 15:13:33,T1,T2,9.9ft,0.05s
4.17.2026 15:13:33,T0,T1,3.0ft,0.05s
4.17.2026 15:13:33,T0,T2,7.1ft,0.05s
4.17.2026 15:13:33,T1,T2,9.9ft,0.05s
4.17.2026 15:13:33,T0,T1,3.1ft,0.05s
4.17.2026 15:13:33,T0,T2,7.1ft,0.05s
4.17.2026 15:13:33,T1,T2,10.0ft,0.05s
4.17.2026 15:13:34,T0,T1,3.1ft,0.05s
4.17.2026 15:13:34,T0,T2,7.1ft,0.05s
4.17.2026 15:13:34,T1,T2,10.0ft,0.05s
4.17.2026 15:13:34,T0,T1,3.1ft,0.05s
4.17.2026 15:13:34,T0,T2,7.1ft,0.05s
4.17.2026 15:13:34,T1,T2,10.0ft,0.05s
4.17.2026 15:13:34,T0,T1,3.1ft,0.05s
4.17.2026 15:13:34,T0,T2,7.1ft,0.05s
4.17.2026 15:13:34,T1,T2,10.0ft,0.05s
4.17.2026 15:13:34,T0,T1,3.1ft,0.05s
4.17.2026 15:13:34,T0,T2,7.1ft,0.05s
4.17.2026 15:13:34,T1,T2,9.9ft,0.05s
4.17.2026 15:13:34,T0,T1,3.0ft,0.05s
4.17.2026 15:13:34,T0,T2,7.1ft,0.05s
4.17.2026 15:13:34,T1,T2,9.9ft,0.05s
4.17.2026 15:13:34,T0,T1,2.9ft,0.05s
4.17.2026 15:13:34,T0,T2,7.1ft,0.05s
4.17.2026 15:13:34,T1,T2,9.8ft,0.05s
4.17.2026 15:13:34,T0,T1,2.9ft,0.05s
4.17.2026 15:13:34,T0,T2,7.1ft,0.05s
4.17.2026 15:13:34,T1,T2,9.8ft,0.05s
4.17.2026 15:13:34,T0,T1,2.8ft,0.05s
4.17.2026 15:13:34,T0,T2,7.1ft,0.05s
4.17.2026 15:13:34,T1,T2,9.7ft,0.05s
4.17.2026 15:13:34,T0,T1,2.7ft,0.05s
4.17.2026 15:13:34,T0,T2,7.1ft,0.05s
4.17.2026 15:13:34,T1,T2,9.6ft,0.05s
4.17.2026 15:13:34,T0,T1,2.6ft,0.05s
4.17.2026 15:13:34,T0,T2,7.1ft,0.05s
4.17.2026 15:13:34,T1,T2,9.6ft,0.05s
4.17.2026 15:13:34,T0,T1,2.6ft,0.05s
4.17.2026 15:13:34,T0,T2,7.1ft,0.05s
4.17.2026 15:13:34,T1,T2,9.6ft,0.05s
4.17.2026 15:13:34,T0,T1,2.6ft,0.05s
4.17.2026 15:13:34,T0,T2,7.1ft,0.05s
4.17.2026 15:13:34,T1,T2,9.6ft,0.05s
4.17.2026 15:13:34,T0,T1,2.6ft,0.05s
4.17.2026 15:13:34,T0,T2,7.1ft,0.05s
4.17.2026 15:13:34,T1,T2,9.6ft,0.05s
4.17.2026 15:13:34,T0,T1,2.7ft,0.05s
4.17.2026 15:13:34,T0,T2,7.1ft,0.05s
4.17.2026 15:13:34,T1,T2,9.6ft,0.05s
4.17.2026 15:13:34,T0,T1,2.7ft,0.05s
4.17.2026 15:13:34,T0,T2,7.1ft,0.05s
4.17.2026 15:13:34,T1,T2,9.7ft,0.05s
4.17.2026 15:13:34,T0,T1,2.8ft,0.05s
4.17.2026 15:13:34,T0,T2,7.1ft,0.05s
4.17.2026 15:13:34,T1,T2,9.7ft,0.05s
4.17.2026 15:13:34,T0,T1,2.8ft,0.05s
4.17.2026 15:13:34,T0,T2,7.1ft,0.05s
4.17.2026 15:13:34,T1,T2,9.7ft,0.05s
4.17.2026 15:13:34,T0,T1,2.9ft,0.05s
4.17.2026 15:13:34,T0,T2,7.1ft,0.05s
4.17.2026 15:13:34,T1,T2,9.8ft,0.05s
4.17.2026 15:13:34,T0,T1,2.9ft,0.05s
4.17.2026 15:13:34,T0,T2,7.1ft,0.05s
4.17.2026 15:13:34,T1,T2,9.8ft,0.05s
4.17.2026 15:13:34,T0,T1,2.9ft,0.05s
4.17.2026 15:13:34,T0,T2,7.1ft,0.05s
4.17.2026 15:13:34,T1,T2,9.8ft,0.05s
4.17.2026 15:13:35,T0,T1,2.9ft,0.05s
4.17.2026 15:13:35,T0,T2,7.1ft,0.05s
4.17.2026 15:13:35,T1,T2,9.8ft,0.05s
4.17.2026 15:13:35,T0,T1,2.8ft,0.05s
4.17.2026 15:13:35,T0,T2,7.1ft,0.05s
4.17.2026 15:13:35,T1,T2,9.7ft,0.05s
4.17.2026 15:13:35,T0,T1,2.6ft,0.05s
4.17.2026 15:13:35,T0,T2,7.1ft,0.05s
4.17.2026 15:13:35,T1,T2,9.6ft,0.05s
4.17.2026 15:13:35,T0,T1,2.5ft,0.05s
4.17.2026 15:13:35,T0,T2,7.1ft,0.05s
4.17.2026 15:13:35,T1,T2,9.5ft,0.05s
4.17.2026 15:13:35,T0,T1,2.4ft,0.05s
4.17.2026 15:13:35,T0,T2,7.1ft,0.05s
4.17.2026 15:13:35,T1,T2,9.4ft,0.05s
4.17.2026 15:13:35,T0,T1,2.3ft,0.05s
4.17.2026 15:13:35,T0,T2,7.1ft,0.05s
4.17.2026 15:13:35,T1,T2,9.3ft,0.05s
4.17.2026 15:13:35,T0,T1,2.2ft,0.05s
4.17.2026 15:13:35,T0,T2,7.1ft,0.05s
4.17.2026 15:13:35,T1,T2,9.3ft,0.05s
4.17.2026 15:13:35,T0,T1,2.1ft,0.05s
4.17.2026 15:13:35,T0,T2,7.1ft,0.05s
4.17.2026 15:13:35,T1,T2,9.2ft,0.05s
4.17.2026 15:13:35,T0,T1,2.0ft,0.05s
4.17.2026 15:13:35,T0,T2,7.1ft,0.05s
4.17.2026 15:13:35,T1,T2,9.1ft,0.05s
4.17.2026 15:13:35,T0,T1,1.9ft,0.05s
4.17.2026 15:13:35,T0,T2,7.1ft,0.05s
4.17.2026 15:13:35,T1,T2,9.0ft,0.05s
4.17.2026 15:13:35,T0,T1,1.8ft,0.05s
4.17.2026 15:13:35,T0,T2,7.1ft,0.05s
4.17.2026 15:13:35,T1,T2,8.9ft,0.05s
4.17.2026 15:13:35,T0,T1,1.7ft,0.05s
4.17.2026 15:13:35,T0,T2,7.1ft,0.05s
4.17.2026 15:13:35,T1,T2,8.9ft,0.05s
4.17.2026 15:13:35,T0,T1,1.7ft,0.05s
4.17.2026 15:13:35,T0,T2,7.1ft,0.05s
4.17.2026 15:13:35,T1,T2,8.8ft,0.05s
4.17.2026 15:13:35,T0,T1,1.7ft,0.05s
4.17.2026 15:13:35,T0,T2,7.1ft,0.05s
4.17.2026 15:13:35,T1,T2,8.8ft,0.05s
4.17.2026 15:13:35,T0,T1,1.6ft,0.05s
4.17.2026 15:13:35,T0,T2,7.1ft,0.05s
4.17.2026 15:13:35,T1,T2,8.8ft,0.05s
4.17.2026 15:13:35,T0,T1,1.6ft,0.05s
4.17.2026 15:13:35,T0,T2,7.1ft,0.05s
4.17.2026 15:13:35,T1,T2,8.8ft,0.05s
4.17.2026 15:13:35,T0,T1,1.6ft,0.05s
4.17.2026 15:13:35,T0,T2,7.1ft,0.05s
4.17.2026 15:13:35,T1,T2,8.7ft,0.05s
4.17.2026 15:13:35,T0,T1,1.6ft,0.05s
4.17.2026 15:13:35,T0,T2,7.1ft,0.05s
4.17.2026 15:13:35,T1,T2,8.7ft,0.05s
4.17.2026 15:13:35,T0,T1,1.5ft,0.05s
4.17.2026 15:13:35,T0,T2,7.2ft,0.05s
4.17.2026 15:13:35,T1,T2,8.7ft,0.05s
4.17.2026 15:13:36,T0,T1,1.5ft,0.05s
4.17.2026 15:13:36,T0,T2,7.2ft,0.05s
4.17.2026 15:13:36,T1,T2,8.7ft,0.05s
4.17.2026 15:13:36,T0,T1,1.6ft,0.05s
4.17.2026 15:13:36,T0,T2,7.1ft,0.05s
4.17.2026 15:13:36,T1,T2,8.7ft,0.05s
4.17.2026 15:13:36,T0,T1,1.7ft,0.05s
4.17.2026 15:13:36,T0,T2,7.1ft,0.05s
4.17.2026 15:13:36,T1,T2,8.8ft,0.05s
4.17.2026 15:13:36,T0,T1,1.7ft,0.05s
4.17.2026 15:13:36,T0,T2,7.1ft,0.05s
4.17.2026 15:13:36,T1,T2,8.8ft,0.05s
4.17.2026 15:13:36,T0,T1,1.7ft,0.05s
4.17.2026 15:13:36,T0,T2,7.1ft,0.05s
4.17.2026 15:13:36,T1,T2,8.9ft,0.05s
4.17.2026 15:13:36,T0,T1,1.8ft,0.05s
4.17.2026 15:13:36,T0,T2,7.1ft,0.05s
4.17.2026 15:13:36,T1,T2,8.9ft,0.05s
4.17.2026 15:13:36,T0,T1,1.9ft,0.05s
4.17.2026 15:13:36,T0,T2,7.1ft,0.05s
4.17.2026 15:13:36,T1,T2,9.0ft,0.05s
4.17.2026 15:13:36,T0,T1,2.0ft,0.05s
4.17.2026 15:13:36,T0,T2,7.1ft,0.05s
4.17.2026 15:13:36,T1,T2,9.1ft,0.05s
4.17.2026 15:13:36,T0,T1,2.1ft,0.05s
4.17.2026 15:13:36,T0,T2,7.1ft,0.05s
4.17.2026 15:13:36,T1,T2,9.1ft,0.05s
4.17.2026 15:13:36,T0,T1,2.2ft,0.05s
4.17.2026 15:13:36,T0,T2,7.1ft,0.05s
4.17.2026 15:13:36,T1,T2,9.2ft,0.05s
4.17.2026 15:13:36,T0,T1,2.3ft,0.05s
4.17.2026 15:13:36,T0,T2,7.1ft,0.05s
4.17.2026 15:13:36,T1,T2,9.3ft,0.05s
4.17.2026 15:13:36,T0,T1,2.4ft,0.05s
4.17.2026 15:13:36,T0,T2,7.1ft,0.05s
4.17.2026 15:13:36,T1,T2,9.4ft,0.05s
4.17.2026 15:13:36,T0,T1,2.5ft,0.05s
4.17.2026 15:13:36,T0,T2,7.1ft,0.05s
4.17.2026 15:13:36,T1,T2,9.5ft,0.05s
4.17.2026 15:13:36,T0,T1,2.6ft,0.05s
4.17.2026 15:13:36,T0,T2,7.1ft,0.05s
4.17.2026 15:13:36,T1,T2,9.5ft,0.05s
4.17.2026 15:13:36,T0,T1,2.5ft,0.05s
4.17.2026 15:13:36,T0,T2,7.1ft,0.05s
4.17.2026 15:13:36,T1,T2,9.5ft,0.05s
4.17.2026 15:13:36,T0,T1,2.5ft,0.05s
4.17.2026 15:13:36,T0,T2,7.1ft,0.05s
4.17.2026 15:13:36,T1,T2,9.5ft,0.05s
4.17.2026 15:13:36,T0,T1,2.5ft,0.05s
4.17.2026 15:13:36,T0,T2,7.1ft,0.05s
4.17.2026 15:13:36,T1,T2,9.5ft,0.05s
4.17.2026 15:13:36,T0,T1,2.5ft,0.05s
4.17.2026 15:13:36,T0,T2,7.1ft,0.05s
4.17.2026 15:13:36,T1,T2,9.5ft,0.05s
4.17.2026 15:13:36,T0,T1,2.6ft,0.05s
4.17.2026 15:13:36,T0,T2,7.1ft,0.05s
4.17.2026 15:13:36,T1,T2,9.5ft,0.05s
4.17.2026 15:13:36,T0,T1,2.6ft,0.05s
4.17.2026 15:13:36,T0,T2,7.1ft,0.05s
4.17.2026 15:13:36,T1,T2,9.5ft,0.05s
4.17.2026 15:13:37,T0,T1,2.6ft,0.05s
4.17.2026 15:13:37,T0,T2,7.1ft,0.05s
4.17.2026 15:13:37,T1,T2,9.6ft,0.05s
4.17.2026 15:13:37,T0,T1,2.7ft,0.05s
4.17.2026 15:13:37,T0,T2,7.1ft,0.05s
4.17.2026 15:13:37,T1,T2,9.6ft,0.05s
4.17.2026 15:13:37,T0,T1,2.8ft,0.05s
4.17.2026 15:13:37,T0,T2,7.1ft,0.05s
4.17.2026 15:13:37,T1,T2,9.7ft,0.05s
4.17.2026 15:13:37,T0,T1,2.9ft,0.05s
4.17.2026 15:13:37,T0,T2,7.1ft,0.05s
4.17.2026 15:13:37,T1,T2,9.8ft,0.05s
4.17.2026 15:13:37,T0,T1,3.0ft,0.05s
4.17.2026 15:13:37,T0,T2,7.1ft,0.05s
4.17.2026 15:13:37,T1,T2,9.9ft,0.05s
4.17.2026 15:13:37,T0,T1,3.0ft,0.05s
4.17.2026 15:13:37,T0,T2,7.1ft,0.05s
4.17.2026 15:13:37,T1,T2,9.9ft,0.05s
4.17.2026 15:13:37,T0,T1,3.0ft,0.05s
4.17.2026 15:13:37,T0,T2,7.1ft,0.05s
4.17.2026 15:13:37,T1,T2,9.9ft,0.05s
4.17.2026 15:13:37,T0,T1,3.1ft,0.05s
4.17.2026 15:13:37,T0,T2,7.1ft,0.05s
4.17.2026 15:13:37,T1,T2,9.9ft,0.05s
4.17.2026 15:13:37,T0,T1,3.1ft,0.05s
4.17.2026 15:13:37,T0,T2,7.1ft,0.05s
4.17.2026 15:13:37,T1,T2,10.0ft,0.05s
4.17.2026 15:13:37,T0,T1,3.1ft,0.05s
4.17.2026 15:13:37,T0,T2,7.1ft,0.05s
4.17.2026 15:13:37,T1,T2,10.0ft,0.05s
4.17.2026 15:13:37,T0,T1,3.1ft,0.05s
4.17.2026 15:13:37,T0,T2,7.1ft,0.05s
4.17.2026 15:13:37,T1,T2,10.0ft,0.05s
4.17.2026 15:13:37,T0,T1,3.1ft,0.05s
4.17.2026 15:13:37,T0,T2,7.1ft,0.05s
4.17.2026 15:13:37,T1,T2,9.9ft,0.05s
4.17.2026 15:13:37,T0,T1,2.9ft,0.05s
4.17.2026 15:13:37,T0,T2,7.1ft,0.05s
4.17.2026 15:13:37,T1,T2,9.8ft,0.05s
4.17.2026 15:13:37,T0,T1,2.8ft,0.06s
4.17.2026 15:13:37,T0,T2,7.1ft,0.06s
4.17.2026 15:13:37,T1,T2,9.7ft,0.06s
4.17.2026 15:13:37,T0,T1,2.7ft,0.05s
4.17.2026 15:13:37,T0,T2,7.1ft,0.05s
4.17.2026 15:13:37,T1,T2,9.6ft,0.05s
4.17.2026 15:13:37,T0,T1,2.5ft,0.05s
4.17.2026 15:13:37,T0,T2,7.1ft,0.05s
4.17.2026 15:13:37,T1,T2,9.5ft,0.05s
4.17.2026 15:13:37,T0,T1,2.3ft,0.05s
4.17.2026 15:13:37,T0,T2,7.1ft,0.05s
4.17.2026 15:13:37,T1,T2,9.4ft,0.05s
4.17.2026 15:13:37,T0,T1,2.2ft,0.05s
4.17.2026 15:13:37,T0,T2,7.1ft,0.05s
4.17.2026 15:13:37,T1,T2,9.3ft,0.05s
4.17.2026 15:13:37,T0,T1,2.1ft,0.06s
4.17.2026 15:13:37,T0,T2,7.1ft,0.06s
4.17.2026 15:13:37,T1,T2,9.2ft,0.06s
4.17.2026 15:13:38,T0,T1,1.9ft,0.05s
4.17.2026 15:13:38,T0,T2,7.1ft,0.05s
4.17.2026 15:13:38,T1,T2,9.1ft,0.05s
4.17.2026 15:13:38,T0,T1,1.8ft,0.05s
4.17.2026 15:13:38,T0,T2,7.1ft,0.05s
4.17.2026 15:13:38,T1,T2,9.0ft,0.05s
4.17.2026 15:13:38,T0,T1,1.8ft,0.05s
4.17.2026 15:13:38,T0,T2,7.1ft,0.05s
4.17.2026 15:13:38,T1,T2,8.9ft,0.05s
4.17.2026 15:13:38,T0,T1,1.7ft,0.05s
4.17.2026 15:13:38,T0,T2,7.1ft,0.05s
4.17.2026 15:13:38,T1,T2,8.8ft,0.05s
4.17.2026 15:13:38,T0,T1,1.6ft,0.05s
4.17.2026 15:13:38,T0,T2,7.1ft,0.05s
4.17.2026 15:13:38,T1,T2,8.8ft,0.05s
4.17.2026 15:13:38,T0,T1,1.6ft,0.05s
4.17.2026 15:13:38,T0,T2,7.1ft,0.05s
4.17.2026 15:13:38,T1,T2,8.7ft,0.05s
4.17.2026 15:13:38,T0,T1,1.5ft,0.05s
4.17.2026 15:13:38,T0,T2,7.2ft,0.05s
4.17.2026 15:13:38,T1,T2,8.7ft,0.05s
4.17.2026 15:13:38,T0,T1,1.5ft,0.05s
4.17.2026 15:13:38,T0,T2,7.2ft,0.05s
4.17.2026 15:13:38,T1,T2,8.6ft,0.05s
4.17.2026 15:13:38,T0,T1,1.4ft,0.06s
4.17.2026 15:13:38,T0,T2,7.2ft,0.06s
4.17.2026 15:13:38,T1,T2,8.5ft,0.06s
4.17.2026 15:13:38,T0,T1,1.4ft,0.05s
4.17.2026 15:13:38,T0,T2,7.2ft,0.05s
4.17.2026 15:13:38,T1,T2,8.5ft,0.05s
4.17.2026 15:13:38,T0,T1,1.4ft,0.05s
4.17.2026 15:13:38,T0,T2,7.2ft,0.05s
4.17.2026 15:13:38,T1,T2,8.5ft,0.05s
4.17.2026 15:13:38,T0,T1,1.4ft,0.06s
4.17.2026 15:13:38,T0,T2,7.2ft,0.06s
4.17.2026 15:13:38,T1,T2,8.5ft,0.06s
4.17.2026 15:13:38,T0,T1,1.4ft,0.05s
4.17.2026 15:13:38,T0,T2,7.2ft,0.05s
4.17.2026 15:13:38,T1,T2,8.5ft,0.05s
4.17.2026 15:13:38,T0,T1,1.4ft,0.05s
4.17.2026 15:13:38,T0,T2,7.2ft,0.05s
4.17.2026 15:13:38,T1,T2,8.4ft,0.05s
4.17.2026 15:13:38,T0,T1,1.3ft,0.05s
4.17.2026 15:13:38,T0,T2,7.2ft,0.05s
4.17.2026 15:13:38,T1,T2,8.4ft,0.05s
4.17.2026 15:13:38,T0,T1,1.3ft,0.05s
4.17.2026 15:13:38,T0,T2,7.2ft,0.05s
4.17.2026 15:13:38,T1,T2,8.4ft,0.05s
4.17.2026 15:13:38,T0,T1,1.3ft,0.05s
4.17.2026 15:13:38,T0,T2,7.2ft,0.05s
4.17.2026 15:13:38,T1,T2,8.4ft,0.05s
4.17.2026 15:13:38,T0,T1,1.3ft,0.05s
4.17.2026 15:13:38,T0,T2,7.2ft,0.05s
4.17.2026 15:13:38,T1,T2,8.4ft,0.05s
4.17.2026 15:13:38,T0,T1,1.3ft,0.05s
4.17.2026 15:13:38,T0,T2,7.2ft,0.05s
4.17.2026 15:13:38,T1,T2,8.4ft,0.05s
4.17.2026 15:13:38,T0,T1,1.3ft,0.05s
4.17.2026 15:13:38,T0,T2,7.2ft,0.05s
4.17.2026 15:13:38,T1,T2,8.4ft,0.05s
4.17.2026 15:13:39,T0,T1,1.3ft,0.05s
4.17.2026 15:13:39,T0,T2,7.2ft,0.05s
4.17.2026 15:13:39,T1,T2,8.4ft,0.05s
4.17.2026 15:13:39,T0,T1,1.3ft,0.05s
4.17.2026 15:13:39,T0,T2,7.2ft,0.05s
4.17.2026 15:13:39,T1,T2,8.4ft,0.05s
4.17.2026 15:13:39,T0,T1,1.3ft,0.05s
4.17.2026 15:13:39,T0,T2,7.2ft,0.05s
4.17.2026 15:13:39,T1,T2,8.4ft,0.05s
4.17.2026 15:13:39,T0,T1,1.3ft,0.05s
4.17.2026 15:13:39,T0,T2,7.2ft,0.05s
4.17.2026 15:13:39,T1,T2,8.4ft,0.05s
4.17.2026 15:13:39,T0,T1,1.3ft,0.05s
4.17.2026 15:13:39,T0,T2,7.2ft,0.05s
4.17.2026 15:13:39,T1,T2,8.4ft,0.05s
4.17.2026 15:13:39,T0,T1,1.3ft,0.05s
4.17.2026 15:13:39,T0,T2,7.2ft,0.05s
4.17.2026 15:13:39,T1,T2,8.3ft,0.05s
4.17.2026 15:13:39,T0,T1,1.3ft,0.05s
4.17.2026 15:13:39,T0,T2,7.2ft,0.05s
4.17.2026 15:13:39,T1,T2,8.3ft,0.05s
4.17.2026 15:13:39,T0,T1,1.3ft,0.05s
4.17.2026 15:13:39,T0,T2,7.2ft,0.05s
4.17.2026 15:13:39,T1,T2,8.3ft,0.05s
4.17.2026 15:13:39,T0,T1,1.3ft,0.05s
4.17.2026 15:13:39,T0,T2,7.2ft,0.05s
4.17.2026 15:13:39,T1,T2,8.4ft,0.05s
4.17.2026 15:13:39,T0,T1,1.4ft,0.05s
4.17.2026 15:13:39,T0,T2,7.2ft,0.05s
4.17.2026 15:13:39,T1,T2,8.4ft,0.05s
4.17.2026 15:13:39,T0,T1,1.4ft,0.05s
4.17.2026 15:13:39,T0,T2,7.2ft,0.05s
4.17.2026 15:13:39,T1,T2,8.5ft,0.05s
4.17.2026 15:13:39,T0,T1,1.4ft,0.05s
4.17.2026 15:13:39,T0,T2,7.2ft,0.05s
4.17.2026 15:13:39,T1,T2,8.5ft,0.05s
4.17.2026 15:13:39,T0,T1,1.4ft,0.05s
4.17.2026 15:13:39,T0,T2,7.2ft,0.05s
4.17.2026 15:13:39,T1,T2,8.5ft,0.05s
4.17.2026 15:13:39,T0,T1,1.4ft,0.05s
4.17.2026 15:13:39,T0,T2,7.2ft,0.05s
4.17.2026 15:13:39,T1,T2,8.6ft,0.05s
4.17.2026 15:13:39,T0,T1,1.4ft,0.05s
4.17.2026 15:13:39,T0,T2,7.1ft,0.05s
4.17.2026 15:13:39,T1,T2,8.6ft,0.05s
4.17.2026 15:13:39,T0,T1,1.4ft,0.05s
4.17.2026 15:13:39,T0,T2,7.1ft,0.05s
4.17.2026 15:13:39,T1,T2,8.5ft,0.05s
4.17.2026 15:13:39,T0,T1,1.4ft,0.05s
4.17.2026 15:13:39,T0,T2,7.1ft,0.05s
4.17.2026 15:13:39,T1,T2,8.5ft,0.05s
4.17.2026 15:13:39,T0,T1,1.4ft,0.05s
4.17.2026 15:13:39,T0,T2,7.1ft,0.05s
4.17.2026 15:13:39,T1,T2,8.5ft,0.05s
4.17.2026 15:13:39,T0,T1,1.4ft,0.05s
4.17.2026 15:13:39,T0,T2,7.1ft,0.05s
4.17.2026 15:13:39,T1,T2,8.5ft,0.05s
4.17.2026 15:13:40,T0,T1,1.4ft,0.05s
4.17.2026 15:13:40,T0,T2,7.1ft,0.05s
4.17.2026 15:13:40,T1,T2,8.5ft,0.05s
4.17.2026 15:13:40,T0,T1,1.4ft,0.05s
4.17.2026 15:13:40,T0,T2,7.1ft,0.05s
4.17.2026 15:13:40,T1,T2,8.5ft,0.05s
4.17.2026 15:13:40,T0,T1,1.4ft,0.05s
4.17.2026 15:13:40,T0,T2,7.1ft,0.05s
4.17.2026 15:13:40,T1,T2,8.4ft,0.05s
4.17.2026 15:13:40,T0,T1,1.4ft,0.05s
4.17.2026 15:13:40,T0,T2,7.1ft,0.05s
4.17.2026 15:13:40,T1,T2,8.4ft,0.05s
4.17.2026 15:13:40,T0,T1,1.4ft,0.05s
4.17.2026 15:13:40,T0,T2,7.1ft,0.05s
4.17.2026 15:13:40,T1,T2,8.4ft,0.05s
4.17.2026 15:13:40,T0,T1,1.4ft,0.05s
4.17.2026 15:13:40,T0,T2,7.1ft,0.05s
4.17.2026 15:13:40,T1,T2,8.4ft,0.05s
4.17.2026 15:13:40,T0,T1,1.4ft,0.05s
4.17.2026 15:13:40,T0,T2,7.1ft,0.05s
4.17.2026 15:13:40,T1,T2,8.4ft,0.05s
4.17.2026 15:13:40,T0,T1,1.4ft,0.05s
4.17.2026 15:13:40,T0,T2,7.1ft,0.05s
4.17.2026 15:13:40,T1,T2,8.4ft,0.05s
4.17.2026 15:13:40,T0,T1,1.4ft,0.06s
4.17.2026 15:13:40,T0,T2,7.1ft,0.06s
4.17.2026 15:13:40,T1,T2,8.4ft,0.06s
4.17.2026 15:13:40,T0,T1,1.4ft,0.05s
4.17.2026 15:13:40,T0,T2,7.1ft,0.05s
4.17.2026 15:13:40,T1,T2,8.4ft,0.05s
4.17.2026 15:13:40,T0,T1,1.4ft,0.05s
4.17.2026 15:13:40,T0,T2,7.1ft,0.05s
4.17.2026 15:13:40,T1,T2,8.4ft,0.05s
4.17.2026 15:13:40,T0,T1,1.3ft,0.05s
4.17.2026 15:13:40,T0,T2,7.1ft,0.05s
4.17.2026 15:13:40,T1,T2,8.4ft,0.05s
4.17.2026 15:13:40,T0,T1,1.3ft,0.05s
4.17.2026 15:13:40,T0,T2,7.1ft,0.05s
4.17.2026 15:13:40,T1,T2,8.4ft,0.05s
4.17.2026 15:13:40,T0,T1,1.3ft,0.05s
4.17.2026 15:13:40,T0,T2,7.1ft,0.05s
4.17.2026 15:13:40,T1,T2,8.4ft,0.05s
4.17.2026 15:13:40,T0,T1,1.3ft,0.05s
4.17.2026 15:13:40,T0,T2,7.1ft,0.05s
4.17.2026 15:13:40,T1,T2,8.3ft,0.05s
4.17.2026 15:13:40,T0,T1,1.3ft,0.05s
4.17.2026 15:13:40,T0,T2,7.1ft,0.05s
4.17.2026 15:13:40,T1,T2,8.3ft,0.05s
4.17.2026 15:13:40,T0,T1,1.3ft,0.05s
4.17.2026 15:13:40,T0,T2,7.1ft,0.05s
4.17.2026 15:13:40,T1,T2,8.3ft,0.05s
4.17.2026 15:13:40,T0,T1,1.3ft,0.05s
4.17.2026 15:13:40,T0,T2,7.1ft,0.05s
4.17.2026 15:13:40,T1,T2,8.4ft,0.05s
4.17.2026 15:13:40,T0,T1,1.3ft,0.05s
4.17.2026 15:13:40,T0,T2,7.2ft,0.05s
4.17.2026 15:13:40,T1,T2,8.4ft,0.05s
4.17.2026 15:13:40,T0,T1,1.3ft,0.05s
4.17.2026 15:13:40,T0,T2,7.2ft,0.05s
4.17.2026 15:13:40,T1,T2,8.4ft,0.05s
4.17.2026 15:13:41,T0,T1,1.4ft,0.05s
4.17.2026 15:13:41,T0,T2,7.2ft,0.05s
4.17.2026 15:13:41,T1,T2,8.5ft,0.05s
4.17.2026 15:13:41,T0,T1,1.5ft,0.05s
4.17.2026 15:13:41,T0,T2,7.2ft,0.05s
4.17.2026 15:13:41,T1,T2,8.7ft,0.05s
4.17.2026 15:13:41,T0,T1,1.7ft,0.05s
4.17.2026 15:13:41,T0,T2,7.2ft,0.05s
4.17.2026 15:13:41,T1,T2,8.8ft,0.05s
4.17.2026 15:13:41,T0,T1,1.7ft,0.05s
4.17.2026 15:13:41,T0,T2,7.2ft,0.05s
4.17.2026 15:13:41,T1,T2,8.9ft,0.05s
4.17.2026 15:13:41,T0,T1,1.7ft,0.05s
4.17.2026 15:13:41,T0,T2,7.2ft,0.05s
4.17.2026 15:13:41,T1,T2,8.9ft,0.05s
4.17.2026 15:13:41,T0,T1,1.8ft,0.05s
4.17.2026 15:13:41,T0,T2,7.2ft,0.05s
4.17.2026 15:13:41,T1,T2,8.9ft,0.05s
4.17.2026 15:13:41,T0,T1,1.8ft,0.05s
4.17.2026 15:13:41,T0,T2,7.1ft,0.05s
4.17.2026 15:13:41,T1,T2,8.9ft,0.05s
4.17.2026 15:13:41,T0,T1,1.7ft,0.05s
4.17.2026 15:13:41,T0,T2,7.1ft,0.05s
4.17.2026 15:13:41,T1,T2,8.9ft,0.05s
4.17.2026 15:13:41,T0,T1,1.7ft,0.05s
4.17.2026 15:13:41,T0,T2,7.1ft,0.05s
4.17.2026 15:13:41,T1,T2,8.8ft,0.05s
4.17.2026 15:13:41,T0,T1,1.6ft,0.05s
4.17.2026 15:13:41,T0,T2,7.1ft,0.05s
4.17.2026 15:13:41,T1,T2,8.8ft,0.05s
4.17.2026 15:13:41,T0,T1,1.6ft,0.05s
4.17.2026 15:13:41,T0,T2,7.1ft,0.05s
4.17.2026 15:13:41,T1,T2,8.8ft,0.05s
4.17.2026 15:13:41,T0,T1,1.6ft,0.05s
4.17.2026 15:13:41,T0,T2,7.1ft,0.05s
4.17.2026 15:13:41,T1,T2,8.7ft,0.05s
4.17.2026 15:13:41,T0,T1,1.6ft,0.05s
4.17.2026 15:13:41,T0,T2,7.1ft,0.05s
4.17.2026 15:13:41,T1,T2,8.7ft,0.05s
4.17.2026 15:13:41,T0,T1,1.5ft,0.05s
4.17.2026 15:13:41,T0,T2,7.1ft,0.05s
4.17.2026 15:13:41,T1,T2,8.7ft,0.05s
4.17.2026 15:13:41,T0,T1,1.5ft,0.05s
4.17.2026 15:13:41,T0,T2,7.1ft,0.05s
4.17.2026 15:13:41,T1,T2,8.6ft,0.05s
4.17.2026 15:13:41,T0,T1,1.4ft,0.05s
4.17.2026 15:13:41,T0,T2,7.1ft,0.05s
4.17.2026 15:13:41,T1,T2,8.5ft,0.05s
4.17.2026 15:13:41,T0,T1,1.4ft,0.05s
4.17.2026 15:13:41,T0,T2,7.1ft,0.05s
4.17.2026 15:13:41,T1,T2,8.5ft,0.05s
4.17.2026 15:13:41,T0,T1,1.4ft,0.05s
4.17.2026 15:13:41,T0,T2,7.1ft,0.05s
4.17.2026 15:13:41,T1,T2,8.5ft,0.05s
4.17.2026 15:13:41,T0,T1,1.4ft,0.05s
4.17.2026 15:13:41,T0,T2,7.1ft,0.05s
4.17.2026 15:13:41,T1,T2,8.5ft,0.05s
4.17.2026 15:13:42,T0,T1,1.4ft,0.05s
4.17.2026 15:13:42,T0,T2,7.1ft,0.05s
4.17.2026 15:13:42,T1,T2,8.5ft,0.05s
4.17.2026 15:13:42,T0,T1,1.4ft,0.05s
4.17.2026 15:13:42,T0,T2,7.1ft,0.05s
4.17.2026 15:13:42,T1,T2,8.5ft,0.05s
4.17.2026 15:13:42,T0,T1,1.4ft,0.05s
4.17.2026 15:13:42,T0,T2,7.1ft,0.05s
4.17.2026 15:13:42,T1,T2,8.4ft,0.05s
4.17.2026 15:13:42,T0,T1,1.4ft,0.05s
4.17.2026 15:13:42,T0,T2,7.1ft,0.05s
4.17.2026 15:13:42,T1,T2,8.4ft,0.05s
4.17.2026 15:13:42,T0,T1,1.4ft,0.05s
4.17.2026 15:13:42,T0,T2,7.1ft,0.05s
4.17.2026 15:13:42,T1,T2,8.4ft,0.05s
4.17.2026 15:13:42,T0,T1,1.4ft,0.05s
4.17.2026 15:13:42,T0,T2,7.1ft,0.05s
4.17.2026 15:13:42,T1,T2,8.4ft,0.05s
4.17.2026 15:13:42,T0,T1,1.4ft,0.05s
4.17.2026 15:13:42,T0,T2,7.1ft,0.05s
4.17.2026 15:13:42,T1,T2,8.4ft,0.05s
4.17.2026 15:13:42,T0,T1,1.3ft,0.05s
4.17.2026 15:13:42,T0,T2,7.1ft,0.05s
4.17.2026 15:13:42,T1,T2,8.4ft,0.05s
4.17.2026 15:13:42,T0,T1,1.3ft,0.05s
4.17.2026 15:13:42,T0,T2,7.2ft,0.05s
4.17.2026 15:13:42,T1,T2,8.4ft,0.05s
4.17.2026 15:13:42,T0,T1,1.3ft,0.05s
4.17.2026 15:13:42,T0,T2,7.2ft,0.05s
4.17.2026 15:13:42,T1,T2,8.4ft,0.05s
4.17.2026 15:13:42,T0,T1,1.3ft,0.05s
4.17.2026 15:13:42,T0,T2,7.2ft,0.05s
4.17.2026 15:13:42,T1,T2,8.4ft,0.05s
4.17.2026 15:13:42,T0,T1,1.3ft,0.05s
4.17.2026 15:13:42,T0,T2,7.2ft,0.05s
4.17.2026 15:13:42,T1,T2,8.4ft,0.05s
4.17.2026 15:13:42,T0,T1,1.4ft,0.05s
4.17.2026 15:13:42,T0,T2,7.2ft,0.05s
4.17.2026 15:13:42,T1,T2,8.5ft,0.05s
4.17.2026 15:13:42,T0,T1,1.4ft,0.05s
4.17.2026 15:13:42,T0,T2,7.2ft,0.05s
4.17.2026 15:13:42,T1,T2,8.5ft,0.05s
4.17.2026 15:13:42,T0,T1,1.4ft,0.05s
4.17.2026 15:13:42,T0,T2,7.2ft,0.05s
4.17.2026 15:13:42,T1,T2,8.5ft,0.05s
4.17.2026 15:13:42,T0,T1,1.4ft,0.05s
4.17.2026 15:13:42,T0,T2,7.1ft,0.05s
4.17.2026 15:13:42,T1,T2,8.6ft,0.05s
4.17.2026 15:13:42,T0,T1,1.5ft,0.05s
4.17.2026 15:13:42,T0,T2,7.1ft,0.05s
4.17.2026 15:13:42,T1,T2,8.6ft,0.05s
4.17.2026 15:13:42,T0,T1,1.5ft,0.05s
4.17.2026 15:13:42,T0,T2,7.1ft,0.05s
4.17.2026 15:13:42,T1,T2,8.6ft,0.05s
4.17.2026 15:13:42,T0,T1,1.5ft,0.05s
4.17.2026 15:13:42,T0,T2,7.1ft,0.05s
4.17.2026 15:13:42,T1,T2,8.6ft,0.05s
4.17.2026 15:13:42,T0,T1,1.5ft,0.05s
4.17.2026 15:13:42,T0,T2,7.1ft,0.05s
4.17.2026 15:13:42,T1,T2,8.6ft,0.05s
4.17.2026 15:13:43,T0,T1,1.5ft,0.05s
4.17.2026 15:13:43,T0,T2,7.1ft,0.05s
4.17.2026 15:13:43,T1,T2,8.6ft,0.05s
4.17.2026 15:13:43,T0,T1,1.5ft,0.05s
4.17.2026 15:13:43,T0,T2,7.1ft,0.05s
4.17.2026 15:13:43,T1,T2,8.6ft,0.05s
4.17.2026 15:13:43,T0,T1,1.5ft,0.05s
4.17.2026 15:13:43,T0,T2,7.1ft,0.05s
4.17.2026 15:13:43,T1,T2,8.6ft,0.05s
4.17.2026 15:13:43,T0,T1,1.5ft,0.05s
4.17.2026 15:13:43,T0,T2,7.1ft,0.05s
4.17.2026 15:13:43,T1,T2,8.6ft,0.05s
4.17.2026 15:13:43,T0,T1,1.5ft,0.05s
4.17.2026 15:13:43,T0,T2,7.1ft,0.05s
4.17.2026 15:13:43,T1,T2,8.6ft,0.05s
4.17.2026 15:13:43,T0,T1,1.5ft,0.05s
4.17.2026 15:13:43,T0,T2,7.1ft,0.05s
4.17.2026 15:13:43,T1,T2,8.6ft,0.05s
4.17.2026 15:13:43,T0,T1,1.5ft,0.05s
4.17.2026 15:13:43,T0,T2,7.1ft,0.05s
4.17.2026 15:13:43,T1,T2,8.6ft,0.05s
4.17.2026 15:13:43,T0,T1,1.6ft,0.05s
4.17.2026 15:13:43,T0,T2,7.1ft,0.05s
4.17.2026 15:13:43,T1,T2,8.6ft,0.05s
4.17.2026 15:13:43,T0,T1,1.5ft,0.05s
4.17.2026 15:13:43,T0,T2,7.1ft,0.05s
4.17.2026 15:13:43,T1,T2,8.6ft,0.05s
4.17.2026 15:13:43,T0,T1,1.5ft,0.05s
4.17.2026 15:13:43,T0,T2,7.1ft,0.05s
4.17.2026 15:13:43,T1,T2,8.6ft,0.05s
4.17.2026 15:13:43,T0,T1,1.5ft,0.05s
4.17.2026 15:13:43,T0,T2,7.1ft,0.05s
4.17.2026 15:13:43,T1,T2,8.6ft,0.05s
4.17.2026 15:13:43,T0,T1,1.5ft,0.05s
4.17.2026 15:13:43,T0,T2,7.1ft,0.05s
4.17.2026 15:13:43,T1,T2,8.5ft,0.05s
4.17.2026 15:13:43,T0,T1,1.5ft,0.05s
4.17.2026 15:13:43,T0,T2,7.1ft,0.05s
4.17.2026 15:13:43,T1,T2,8.5ft,0.05s
4.17.2026 15:13:43,T0,T1,1.5ft,0.05s
4.17.2026 15:13:43,T0,T2,7.1ft,0.05s
4.17.2026 15:13:43,T1,T2,8.5ft,0.05s
4.17.2026 15:13:43,T0,T1,1.4ft,0.05s
4.17.2026 15:13:43,T0,T2,7.1ft,0.05s
4.17.2026 15:13:43,T1,T2,8.5ft,0.05s
4.17.2026 15:13:43,T0,T1,1.4ft,0.05s
4.17.2026 15:13:43,T0,T2,7.1ft,0.05s
4.17.2026 15:13:43,T1,T2,8.4ft,0.05s
4.17.2026 15:13:43,T0,T1,1.4ft,0.05s
4.17.2026 15:13:43,T0,T2,7.1ft,0.05s
4.17.2026 15:13:43,T1,T2,8.4ft,0.05s
4.17.2026 15:13:43,T0,T1,1.4ft,0.05s
4.17.2026 15:13:43,T0,T2,7.1ft,0.05s
4.17.2026 15:13:43,T1,T2,8.4ft,0.05s
4.17.2026 15:13:43,T0,T1,1.4ft,0.05s
4.17.2026 15:13:43,T0,T2,7.1ft,0.05s
4.17.2026 15:13:43,T1,T2,8.4ft,0.05s
4.17.2026 15:13:43,T0,T1,1.4ft,0.05s
4.17.2026 15:13:43,T0,T2,7.1ft,0.05s
4.17.2026 15:13:43,T1,T2,8.4ft,0.05s
4.17.2026 15:13:44,T0,T1,1.4ft,0.05s
4.17.2026 15:13:44,T0,T2,7.1ft,0.05s
4.17.2026 15:13:44,T1,T2,8.4ft,0.05s
4.17.2026 15:13:44,T0,T1,1.4ft,0.06s
4.17.2026 15:13:44,T0,T2,7.1ft,0.06s
4.17.2026 15:13:44,T1,T2,8.4ft,0.06s
4.17.2026 15:13:44,T0,T1,1.3ft,0.05s
4.17.2026 15:13:44,T0,T2,7.1ft,0.05s
4.17.2026 15:13:44,T1,T2,8.4ft,0.05s
4.17.2026 15:13:44,T0,T1,1.3ft,0.05s
4.17.2026 15:13:44,T0,T2,7.1ft,0.05s
4.17.2026 15:13:44,T1,T2,8.4ft,0.05s
4.17.2026 15:13:44,T0,T1,1.3ft,0.05s
4.17.2026 15:13:44,T0,T2,7.1ft,0.05s
4.17.2026 15:13:44,T1,T2,8.4ft,0.05s
4.17.2026 15:13:44,T0,T1,1.3ft,0.05s
4.17.2026 15:13:44,T0,T2,7.1ft,0.05s
4.17.2026 15:13:44,T1,T2,8.4ft,0.05s
4.17.2026 15:13:44,T0,T1,1.3ft,0.05s
4.17.2026 15:13:44,T0,T2,7.1ft,0.05s
4.17.2026 15:13:44,T1,T2,8.4ft,0.05s
4.17.2026 15:13:44,T0,T1,1.3ft,0.05s
4.17.2026 15:13:44,T0,T2,7.2ft,0.05s
4.17.2026 15:13:44,T1,T2,8.4ft,0.05s
4.17.2026 15:13:44,T0,T1,1.4ft,0.05s
4.17.2026 15:13:44,T0,T2,7.2ft,0.05s
4.17.2026 15:13:44,T1,T2,8.4ft,0.05s
4.17.2026 15:13:44,T0,T1,1.4ft,0.05s
4.17.2026 15:13:44,T0,T2,7.2ft,0.05s
4.17.2026 15:13:44,T1,T2,8.5ft,0.05s
4.17.2026 15:13:44,T0,T1,1.5ft,0.05s
4.17.2026 15:13:44,T0,T2,7.2ft,0.05s
4.17.2026 15:13:44,T1,T2,8.6ft,0.05s
4.17.2026 15:13:44,T0,T1,1.5ft,0.05s
4.17.2026 15:13:44,T0,T2,7.2ft,0.05s
4.17.2026 15:13:44,T1,T2,8.7ft,0.05s
4.17.2026 15:13:44,T0,T1,1.5ft,0.05s
4.17.2026 15:13:44,T0,T2,7.2ft,0.05s
4.17.2026 15:13:44,T1,T2,8.7ft,0.05s
4.17.2026 15:13:44,T0,T1,1.5ft,0.05s
4.17.2026 15:13:44,T0,T2,7.2ft,0.05s
4.17.2026 15:13:44,T1,T2,8.7ft,0.05s
4.17.2026 15:13:44,T0,T1,1.6ft,0.05s
4.17.2026 15:13:44,T0,T2,7.2ft,0.05s
4.17.2026 15:13:44,T1,T2,8.7ft,0.05s
4.17.2026 15:13:44,T0,T1,1.6ft,0.05s
4.17.2026 15:13:44,T0,T2,7.2ft,0.05s
4.17.2026 15:13:44,T1,T2,8.8ft,0.05s
4.17.2026 15:13:44,T0,T1,1.7ft,0.05s
4.17.2026 15:13:44,T0,T2,7.2ft,0.05s
4.17.2026 15:13:44,T1,T2,8.9ft,0.05s
4.17.2026 15:13:44,T0,T1,1.7ft,0.05s
4.17.2026 15:13:44,T0,T2,7.2ft,0.05s
4.17.2026 15:13:44,T1,T2,8.9ft,0.05s
4.17.2026 15:13:44,T0,T1,1.7ft,0.05s
4.17.2026 15:13:44,T0,T2,7.2ft,0.05s
4.17.2026 15:13:44,T1,T2,8.9ft,0.05s
4.17.2026 15:13:45,T0,T1,1.7ft,0.05s
4.17.2026 15:13:45,T0,T2,7.2ft,0.05s
4.17.2026 15:13:45,T1,T2,8.9ft,0.05s
4.17.2026 15:13:45,T0,T1,1.7ft,0.05s
4.17.2026 15:13:45,T0,T2,7.2ft,0.05s
4.17.2026 15:13:45,T1,T2,8.9ft,0.05s
4.17.2026 15:13:45,T0,T1,1.7ft,0.05s
4.17.2026 15:13:45,T0,T2,7.2ft,0.05s
4.17.2026 15:13:45,T1,T2,8.9ft,0.05s
4.17.2026 15:13:45,T0,T1,1.7ft,0.05s
4.17.2026 15:13:45,T0,T2,7.2ft,0.05s
4.17.2026 15:13:45,T1,T2,8.9ft,0.05s
4.17.2026 15:13:45,T0,T1,1.6ft,0.05s
4.17.2026 15:13:45,T0,T2,7.2ft,0.05s
4.17.2026 15:13:45,T1,T2,8.8ft,0.05s
4.17.2026 15:13:45,T0,T1,1.6ft,0.05s
4.17.2026 15:13:45,T0,T2,7.2ft,0.05s
4.17.2026 15:13:45,T1,T2,8.7ft,0.05s
4.17.2026 15:13:45,T0,T1,1.6ft,0.05s
4.17.2026 15:13:45,T0,T2,7.2ft,0.05s
4.17.2026 15:13:45,T1,T2,8.8ft,0.05s
4.17.2026 15:13:45,T0,T1,1.6ft,0.05s
4.17.2026 15:13:45,T0,T2,7.2ft,0.05s
4.17.2026 15:13:45,T1,T2,8.8ft,0.05s
4.17.2026 15:13:45,T0,T1,1.6ft,0.05s
4.17.2026 15:13:45,T0,T2,7.2ft,0.05s
4.17.2026 15:13:45,T1,T2,8.8ft,0.05s
4.17.2026 15:13:45,T0,T1,1.6ft,0.05s
4.17.2026 15:13:45,T0,T2,7.2ft,0.05s
4.17.2026 15:13:45,T1,T2,8.8ft,0.05s
4.17.2026 15:13:45,T0,T1,1.6ft,0.05s
4.17.2026 15:13:45,T0,T2,7.2ft,0.05s
4.17.2026 15:13:45,T1,T2,8.8ft,0.05s
4.17.2026 15:13:45,T0,T1,1.6ft,0.05s
4.17.2026 15:13:45,T0,T2,7.2ft,0.05s
4.17.2026 15:13:45,T1,T2,8.7ft,0.05s
4.17.2026 15:13:45,T0,T1,1.5ft,0.05s
4.17.2026 15:13:45,T0,T2,7.2ft,0.05s
4.17.2026 15:13:45,T1,T2,8.7ft,0.05s
4.17.2026 15:13:45,T0,T1,1.5ft,0.05s
4.17.2026 15:13:45,T0,T2,7.2ft,0.05s
4.17.2026 15:13:45,T1,T2,8.7ft,0.05s
4.17.2026 15:13:45,T0,T1,1.5ft,0.05s
4.17.2026 15:13:45,T0,T2,7.2ft,0.05s
4.17.2026 15:13:45,T1,T2,8.7ft,0.05s
4.17.2026 15:13:45,T0,T1,1.6ft,0.05s
4.17.2026 15:13:45,T0,T2,7.2ft,0.05s
4.17.2026 15:13:45,T1,T2,8.7ft,0.05s
4.17.2026 15:13:45,T0,T1,1.6ft,0.05s
4.17.2026 15:13:45,T0,T2,7.2ft,0.05s
4.17.2026 15:13:45,T1,T2,8.8ft,0.05s
4.17.2026 15:13:45,T0,T1,1.6ft,0.05s
4.17.2026 15:13:45,T0,T2,7.2ft,0.05s
4.17.2026 15:13:45,T1,T2,8.8ft,0.05s
4.17.2026 15:13:45,T0,T1,1.6ft,0.05s
4.17.2026 15:13:45,T0,T2,7.2ft,0.05s
4.17.2026 15:13:45,T1,T2,8.8ft,0.05s
4.17.2026 15:13:45,T0,T1,1.6ft,0.05s
4.17.2026 15:13:45,T0,T2,7.2ft,0.05s
4.17.2026 15:13:45,T1,T2,8.8ft,0.05s
4.17.2026 15:13:46,T0,T1,1.6ft,0.05s
4.17.2026 15:13:46,T0,T2,7.2ft,0.05s
4.17.2026 15:13:46,T1,T2,8.8ft,0.05s
4.17.2026 15:13:46,T0,T1,1.5ft,0.05s
4.17.2026 15:13:46,T0,T2,7.2ft,0.05s
4.17.2026 15:13:46,T1,T2,8.7ft,0.05s
4.17.2026 15:13:46,T0,T1,1.5ft,0.05s
4.17.2026 15:13:46,T0,T2,7.2ft,0.05s
4.17.2026 15:13:46,T1,T2,8.7ft,0.05s
4.17.2026 15:13:46,T0,T1,1.5ft,0.05s
4.17.2026 15:13:46,T0,T2,7.2ft,0.05s
4.17.2026 15:13:46,T1,T2,8.6ft,0.05s
4.17.2026 15:13:46,T0,T1,1.4ft,0.05s
4.17.2026 15:13:46,T0,T2,7.2ft,0.05s
4.17.2026 15:13:46,T1,T2,8.6ft,0.05s
4.17.2026 15:13:46,T0,T1,1.4ft,0.05s
4.17.2026 15:13:46,T0,T2,7.2ft,0.05s
4.17.2026 15:13:46,T1,T2,8.5ft,0.05s
4.17.2026 15:13:46,T0,T1,1.4ft,0.05s
4.17.2026 15:13:46,T0,T2,7.2ft,0.05s
4.17.2026 15:13:46,T1,T2,8.5ft,0.05s
4.17.2026 15:13:46,T0,T1,1.4ft,0.05s
4.17.2026 15:13:46,T0,T2,7.2ft,0.05s
4.17.2026 15:13:46,T1,T2,8.5ft,0.05s
4.17.2026 15:13:46,T0,T1,1.4ft,0.05s
4.17.2026 15:13:46,T0,T2,7.2ft,0.05s
4.17.2026 15:13:46,T1,T2,8.4ft,0.05s
4.17.2026 15:13:46,T0,T1,1.4ft,0.05s
4.17.2026 15:13:46,T0,T2,7.2ft,0.05s
4.17.2026 15:13:46,T1,T2,8.4ft,0.05s
4.17.2026 15:13:46,T0,T1,1.4ft,0.05s
4.17.2026 15:13:46,T0,T2,7.2ft,0.05s
4.17.2026 15:13:46,T1,T2,8.5ft,0.05s
4.17.2026 15:13:46,T0,T1,1.5ft,0.05s
4.17.2026 15:13:46,T0,T2,7.1ft,0.05s
4.17.2026 15:13:46,T1,T2,8.6ft,0.05s
4.17.2026 15:13:46,T0,T1,1.6ft,0.05s
4.17.2026 15:13:46,T0,T2,7.1ft,0.05s
4.17.2026 15:13:46,T1,T2,8.7ft,0.05s
4.17.2026 15:13:46,T0,T1,1.8ft,0.05s
4.17.2026 15:13:46,T0,T2,7.1ft,0.05s
4.17.2026 15:13:46,T1,T2,8.9ft,0.05s
4.17.2026 15:13:46,T0,T1,1.9ft,0.05s
4.17.2026 15:13:46,T0,T2,7.1ft,0.05s
4.17.2026 15:13:46,T1,T2,9.0ft,0.05s
4.17.2026 15:13:46,T0,T1,2.0ft,0.05s
4.17.2026 15:13:46,T0,T2,7.1ft,0.05s
4.17.2026 15:13:46,T1,T2,9.0ft,0.05s
4.17.2026 15:13:46,T0,T1,2.0ft,0.05s
4.17.2026 15:13:46,T0,T2,7.1ft,0.05s
4.17.2026 15:13:46,T1,T2,9.0ft,0.05s
4.17.2026 15:13:46,T0,T1,1.9ft,0.05s
4.17.2026 15:13:46,T0,T2,7.1ft,0.05s
4.17.2026 15:13:46,T1,T2,9.0ft,0.05s
4.17.2026 15:13:46,T0,T1,1.9ft,0.05s
4.17.2026 15:13:46,T0,T2,7.1ft,0.05s
4.17.2026 15:13:46,T1,T2,8.9ft,0.05s
4.17.2026 15:13:47,T0,T1,1.8ft,0.05s
4.17.2026 15:13:47,T0,T2,7.1ft,0.05s
4.17.2026 15:13:47,T1,T2,8.9ft,0.05s
4.17.2026 15:13:47,T0,T1,1.7ft,0.05s
4.17.2026 15:13:47,T0,T2,7.1ft,0.05s
4.17.2026 15:13:47,T1,T2,8.8ft,0.05s
4.17.2026 15:13:47,T0,T1,1.7ft,0.05s
4.17.2026 15:13:47,T0,T2,7.1ft,0.05s
4.17.2026 15:13:47,T1,T2,8.8ft,0.05s
4.17.2026 15:13:47,T0,T1,1.6ft,0.05s
4.17.2026 15:13:47,T0,T2,7.1ft,0.05s
4.17.2026 15:13:47,T1,T2,8.7ft,0.05s
4.17.2026 15:13:47,T0,T1,1.6ft,0.05s
4.17.2026 15:13:47,T0,T2,7.1ft,0.05s
4.17.2026 15:13:47,T1,T2,8.7ft,0.05s
4.17.2026 15:13:47,T0,T1,1.6ft,0.05s
4.17.2026 15:13:47,T0,T2,7.1ft,0.05s
4.17.2026 15:13:47,T1,T2,8.7ft,0.05s
4.17.2026 15:13:47,T0,T1,1.8ft,0.05s
4.17.2026 15:13:47,T0,T2,7.1ft,0.05s
4.17.2026 15:13:47,T1,T2,8.9ft,0.05s
4.17.2026 15:13:47,T0,T1,2.0ft,0.05s
4.17.2026 15:13:47,T0,T2,7.1ft,0.05s
4.17.2026 15:13:47,T1,T2,9.1ft,0.05s
4.17.2026 15:13:47,T0,T1,2.2ft,0.05s
4.17.2026 15:13:47,T0,T2,7.2ft,0.05s
4.17.2026 15:13:47,T1,T2,9.3ft,0.05s
4.17.2026 15:13:47,T0,T1,2.4ft,0.05s
4.17.2026 15:13:47,T0,T2,7.2ft,0.05s
4.17.2026 15:13:47,T1,T2,9.4ft,0.05s
4.17.2026 15:13:47,T0,T1,2.5ft,0.05s
4.17.2026 15:13:47,T0,T2,7.2ft,0.05s
4.17.2026 15:13:47,T1,T2,9.5ft,0.05s
4.17.2026 15:13:47,T0,T1,2.5ft,0.05s
4.17.2026 15:13:47,T0,T2,7.2ft,0.05s
4.17.2026 15:13:47,T1,T2,9.5ft,0.05s
4.17.2026 15:13:47,T0,T1,2.5ft,0.05s
4.17.2026 15:13:47,T0,T2,7.2ft,0.05s
4.17.2026 15:13:47,T1,T2,9.5ft,0.05s
4.17.2026 15:13:47,T0,T1,2.4ft,0.05s
4.17.2026 15:13:47,T0,T2,7.2ft,0.05s
4.17.2026 15:13:47,T1,T2,9.4ft,0.05s
4.17.2026 15:13:47,T0,T1,2.2ft,0.05s
4.17.2026 15:13:47,T0,T2,7.2ft,0.05s
4.17.2026 15:13:47,T1,T2,9.3ft,0.05s
4.17.2026 15:13:47,T0,T1,2.0ft,0.05s
4.17.2026 15:13:47,T0,T2,7.2ft,0.05s
4.17.2026 15:13:47,T1,T2,9.1ft,0.05s
4.17.2026 15:13:47,T0,T1,1.9ft,0.05s
4.17.2026 15:13:47,T0,T2,7.2ft,0.05s
4.17.2026 15:13:47,T1,T2,9.0ft,0.05s
4.17.2026 15:13:47,T0,T1,1.8ft,0.05s
4.17.2026 15:13:47,T0,T2,7.1ft,0.05s
4.17.2026 15:13:47,T1,T2,8.9ft,0.05s
4.17.2026 15:13:47,T0,T1,1.7ft,0.05s
4.17.2026 15:13:47,T0,T2,7.1ft,0.05s
4.17.2026 15:13:47,T1,T2,8.8ft,0.05s
4.17.2026 15:13:47,T0,T1,1.6ft,0.05s
4.17.2026 15:13:47,T0,T2,7.1ft,0.05s
4.17.2026 15:13:47,T1,T2,8.7ft,0.05s
4.17.2026 15:13:48,T0,T1,1.5ft,0.05s
4.17.2026 15:13:48,T0,T2,7.1ft,0.05s
4.17.2026 15:13:48,T1,T2,8.6ft,0.05s
4.17.2026 15:13:48,T0,T1,1.4ft,0.05s
4.17.2026 15:13:48,T0,T2,7.1ft,0.05s
4.17.2026 15:13:48,T1,T2,8.5ft,0.05s
4.17.2026 15:13:48,T0,T1,1.4ft,0.05s
4.17.2026 15:13:48,T0,T2,7.1ft,0.05s
4.17.2026 15:13:48,T1,T2,8.5ft,0.05s
4.17.2026 15:13:48,T0,T1,1.4ft,0.06s
4.17.2026 15:13:48,T0,T2,7.1ft,0.06s
4.17.2026 15:13:48,T1,T2,8.4ft,0.06s
4.17.2026 15:13:48,T0,T1,1.4ft,0.05s
4.17.2026 15:13:48,T0,T2,7.1ft,0.05s
4.17.2026 15:13:48,T1,T2,8.5ft,0.05s
4.17.2026 15:13:48,T0,T1,1.5ft,0.05s
4.17.2026 15:13:48,T0,T2,7.1ft,0.05s
4.17.2026 15:13:48,T1,T2,8.6ft,0.05s
4.17.2026 15:13:48,T0,T1,1.6ft,0.05s
4.17.2026 15:13:48,T0,T2,7.0ft,0.05s
4.17.2026 15:13:48,T1,T2,8.6ft,0.05s
4.17.2026 15:13:48,T0,T1,1.7ft,0.05s
4.17.2026 15:13:48,T0,T2,7.0ft,0.05s
4.17.2026 15:13:48,T1,T2,8.7ft,0.05s
4.17.2026 15:13:48,T0,T1,1.7ft,0.05s
4.17.2026 15:13:48,T0,T2,7.0ft,0.05s
4.17.2026 15:13:48,T1,T2,8.7ft,0.05s
4.17.2026 15:13:48,T0,T1,1.7ft,0.05s
4.17.2026 15:13:48,T0,T2,7.0ft,0.05s
4.17.2026 15:13:48,T1,T2,8.7ft,0.05s
4.17.2026 15:13:48,T0,T1,1.7ft,0.05s
4.17.2026 15:13:48,T0,T2,7.0ft,0.05s
4.17.2026 15:13:48,T1,T2,8.7ft,0.05s
4.17.2026 15:13:48,T0,T1,1.7ft,0.05s
4.17.2026 15:13:48,T0,T2,7.0ft,0.05s
4.17.2026 15:13:48,T1,T2,8.7ft,0.05s
4.17.2026 15:13:48,T0,T1,1.8ft,0.05s
4.17.2026 15:13:48,T0,T2,7.0ft,0.05s
4.17.2026 15:13:48,T1,T2,8.8ft,0.05s
4.17.2026 15:13:48,T0,T1,1.9ft,0.05s
4.17.2026 15:13:48,T0,T2,7.0ft,0.05s
4.17.2026 15:13:48,T1,T2,8.9ft,0.05s
4.17.2026 15:13:48,T0,T1,2.0ft,0.05s
4.17.2026 15:13:48,T0,T2,7.0ft,0.05s
4.17.2026 15:13:48,T1,T2,9.0ft,0.05s
4.17.2026 15:13:48,T0,T1,2.2ft,0.05s
4.17.2026 15:13:48,T0,T2,7.0ft,0.05s
4.17.2026 15:13:48,T1,T2,9.1ft,0.05s
4.17.2026 15:13:48,T0,T1,2.4ft,0.05s
4.17.2026 15:13:48,T0,T2,7.0ft,0.05s
4.17.2026 15:13:48,T1,T2,9.3ft,0.05s
4.17.2026 15:13:48,T0,T1,2.5ft,0.05s
4.17.2026 15:13:48,T0,T2,7.0ft,0.05s
4.17.2026 15:13:48,T1,T2,9.4ft,0.05s
4.17.2026 15:13:48,T0,T1,2.7ft,0.05s
4.17.2026 15:13:48,T0,T2,7.0ft,0.05s
4.17.2026 15:13:48,T1,T2,9.5ft,0.05s
4.17.2026 15:13:49,T0,T1,2.8ft,0.05s
4.17.2026 15:13:49,T0,T2,7.0ft,0.05s
4.17.2026 15:13:49,T1,T2,9.6ft,0.05s
4.17.2026 15:13:49,T0,T1,3.0ft,0.05s
4.17.2026 15:13:49,T0,T2,7.0ft,0.05s
4.17.2026 15:13:49,T1,T2,9.7ft,0.05s
4.17.2026 15:13:49,T0,T1,3.1ft,0.05s
4.17.2026 15:13:49,T0,T2,7.0ft,0.05s
4.17.2026 15:13:49,T1,T2,9.8ft,0.05s
4.17.2026 15:13:49,T0,T1,3.2ft,0.05s
4.17.2026 15:13:49,T0,T2,7.0ft,0.05s
4.17.2026 15:13:49,T1,T2,9.9ft,0.05s
4.17.2026 15:13:49,T0,T1,3.3ft,0.05s
4.17.2026 15:13:49,T0,T2,7.0ft,0.05s
4.17.2026 15:13:49,T1,T2,10.0ft,0.05s
4.17.2026 15:13:49,T0,T1,3.4ft,0.05s
4.17.2026 15:13:49,T0,T2,7.0ft,0.05s
4.17.2026 15:13:49,T1,T2,10.0ft,0.05s
4.17.2026 15:13:49,T0,T1,3.4ft,0.05s
4.17.2026 15:13:49,T0,T2,7.0ft,0.05s
4.17.2026 15:13:49,T1,T2,10.1ft,0.05s
4.17.2026 15:13:49,T0,T1,3.5ft,0.05s
4.17.2026 15:13:49,T0,T2,7.0ft,0.05s
4.17.2026 15:13:49,T1,T2,10.2ft,0.05s
4.17.2026 15:13:49,T0,T1,3.6ft,0.05s
4.17.2026 15:13:49,T0,T2,7.0ft,0.05s
4.17.2026 15:13:49,T1,T2,10.2ft,0.05s
4.17.2026 15:13:49,T0,T1,3.7ft,0.06s
4.17.2026 15:13:49,T0,T2,7.0ft,0.06s
4.17.2026 15:13:49,T1,T2,10.3ft,0.06s
4.17.2026 15:13:49,T0,T1,3.8ft,0.05s
4.17.2026 15:13:49,T0,T2,7.0ft,0.05s
4.17.2026 15:13:49,T1,T2,10.4ft,0.05s
4.17.2026 15:13:49,T0,T1,3.9ft,0.05s
4.17.2026 15:13:49,T0,T2,7.0ft,0.05s
4.17.2026 15:13:49,T1,T2,10.5ft,0.05s
4.17.2026 15:13:49,T0,T1,4.0ft,0.05s
4.17.2026 15:13:49,T0,T2,7.0ft,0.05s
4.17.2026 15:13:49,T1,T2,10.5ft,0.05s
4.17.2026 15:13:49,T0,T1,4.0ft,0.05s
4.17.2026 15:13:49,T0,T2,7.0ft,0.05s
4.17.2026 15:13:49,T1,T2,10.5ft,0.05s
4.17.2026 15:13:49,T0,T1,3.9ft,0.05s
4.17.2026 15:13:49,T0,T2,7.0ft,0.05s
4.17.2026 15:13:49,T1,T2,10.4ft,0.05s
4.17.2026 15:13:49,T0,T1,3.7ft,0.05s
4.17.2026 15:13:49,T0,T2,7.0ft,0.05s
4.17.2026 15:13:49,T1,T2,10.3ft,0.05s
4.17.2026 15:13:49,T0,T1,3.6ft,0.05s
4.17.2026 15:13:49,T0,T2,7.0ft,0.05s
4.17.2026 15:13:49,T1,T2,10.2ft,0.05s
4.17.2026 15:13:49,T0,T1,3.4ft,0.05s
4.17.2026 15:13:49,T0,T2,7.0ft,0.05s
4.17.2026 15:13:49,T1,T2,10.1ft,0.05s
4.17.2026 15:13:49,T0,T1,3.4ft,0.05s
4.17.2026 15:13:49,T0,T2,7.0ft,0.05s
4.17.2026 15:13:49,T1,T2,10.1ft,0.05s
4.17.2026 15:13:49,T0,T1,3.3ft,0.05s
4.17.2026 15:13:49,T0,T2,7.0ft,0.05s
4.17.2026 15:13:49,T1,T2,10.0ft,0.05s
4.17.2026 15:13:50,T0,T1,3.3ft,0.05s
4.17.2026 15:13:50,T0,T2,7.0ft,0.05s
4.17.2026 15:13:50,T1,T2,10.0ft,0.05s
4.17.2026 15:13:50,T0,T1,3.4ft,0.05s
4.17.2026 15:13:50,T0,T2,7.0ft,0.05s
4.17.2026 15:13:50,T1,T2,10.1ft,0.05s
4.17.2026 15:13:50,T0,T1,3.5ft,0.05s
4.17.2026 15:13:50,T0,T2,7.0ft,0.05s
4.17.2026 15:13:50,T1,T2,10.1ft,0.05s
4.17.2026 15:13:50,T0,T1,3.6ft,0.05s
4.17.2026 15:13:50,T0,T2,7.0ft,0.05s
4.17.2026 15:13:50,T1,T2,10.2ft,0.05s
4.17.2026 15:13:50,T0,T1,3.7ft,0.05s
4.17.2026 15:13:50,T0,T2,7.0ft,0.05s
4.17.2026 15:13:50,T1,T2,10.3ft,0.05s
4.17.2026 15:13:50,T0,T1,3.7ft,0.05s
4.17.2026 15:13:50,T0,T2,7.0ft,0.05s
4.17.2026 15:13:50,T1,T2,10.3ft,0.05s
4.17.2026 15:13:50,T0,T1,3.6ft,0.05s
4.17.2026 15:13:50,T0,T2,7.0ft,0.05s
4.17.2026 15:13:50,T1,T2,10.3ft,0.05s
4.17.2026 15:13:50,T0,T1,3.6ft,0.05s
4.17.2026 15:13:50,T0,T2,7.0ft,0.05s
4.17.2026 15:13:50,T1,T2,10.2ft,0.05s
4.17.2026 15:13:50,T0,T1,3.3ft,0.05s
4.17.2026 15:13:50,T0,T2,7.0ft,0.05s
4.17.2026 15:13:50,T1,T2,10.0ft,0.05s
4.17.2026 15:13:50,T0,T1,3.1ft,0.05s
4.17.2026 15:13:50,T0,T2,7.0ft,0.05s
4.17.2026 15:13:50,T1,T2,9.8ft,0.05s
4.17.2026 15:13:50,T0,T1,2.9ft,0.05s
4.17.2026 15:13:50,T0,T2,7.0ft,0.05s
4.17.2026 15:13:50,T1,T2,9.6ft,0.05s
4.17.2026 15:13:50,T0,T1,2.7ft,0.05s
4.17.2026 15:13:50,T0,T2,7.0ft,0.05s
4.17.2026 15:13:50,T1,T2,9.5ft,0.05s
4.17.2026 15:13:50,T0,T1,2.5ft,0.05s
4.17.2026 15:13:50,T0,T2,7.0ft,0.05s
4.17.2026 15:13:50,T1,T2,9.4ft,0.05s
4.17.2026 15:13:50,T0,T1,2.4ft,0.05s
4.17.2026 15:13:50,T0,T2,6.9ft,0.05s
4.17.2026 15:13:50,T1,T2,9.2ft,0.05s
4.17.2026 15:13:50,T0,T1,2.2ft,0.05s
4.17.2026 15:13:50,T0,T2,6.9ft,0.05s
4.17.2026 15:13:50,T1,T2,9.1ft,0.05s
4.17.2026 15:13:50,T0,T1,2.1ft,0.05s
4.17.2026 15:13:50,T0,T2,6.9ft,0.05s
4.17.2026 15:13:50,T1,T2,9.0ft,0.05s
4.17.2026 15:13:50,T0,T1,1.9ft,0.05s
4.17.2026 15:13:50,T0,T2,6.9ft,0.05s
4.17.2026 15:13:50,T1,T2,8.8ft,0.05s
4.17.2026 15:13:50,T0,T1,1.8ft,0.05s
4.17.2026 15:13:50,T0,T2,6.9ft,0.05s
4.17.2026 15:13:50,T1,T2,8.8ft,0.05s
4.17.2026 15:13:50,T0,T1,1.7ft,0.05s
4.17.2026 15:13:50,T0,T2,7.0ft,0.05s
4.17.2026 15:13:50,T1,T2,8.7ft,0.05s
4.17.2026 15:13:50,T0,T1,1.6ft,0.05s
4.17.2026 15:13:50,T0,T2,7.0ft,0.05s
4.17.2026 15:13:50,T1,T2,8.6ft,0.05s
4.17.2026 15:13:51,T0,T1,1.6ft,0.05s
4.17.2026 15:13:51,T0,T2,7.0ft,0.05s
4.17.2026 15:13:51,T1,T2,8.5ft,0.05s
4.17.2026 15:13:51,T0,T1,1.5ft,0.05s
4.17.2026 15:13:51,T0,T2,7.0ft,0.05s
4.17.2026 15:13:51,T1,T2,8.5ft,0.05s
4.17.2026 15:13:51,T0,T1,1.4ft,0.05s
4.17.2026 15:13:51,T0,T2,7.0ft,0.05s
4.17.2026 15:13:51,T1,T2,8.4ft,0.05s
4.17.2026 15:13:51,T0,T1,1.4ft,0.05s
4.17.2026 15:13:51,T0,T2,7.1ft,0.05s
4.17.2026 15:13:51,T1,T2,8.4ft,0.05s
4.17.2026 15:13:51,T0,T1,1.4ft,0.05s
4.17.2026 15:13:51,T0,T2,7.1ft,0.05s
4.17.2026 15:13:51,T1,T2,8.4ft,0.05s
4.17.2026 15:13:51,T0,T1,1.4ft,0.05s
4.17.2026 15:13:51,T0,T2,7.1ft,0.05s
4.17.2026 15:13:51,T1,T2,8.3ft,0.05s
4.17.2026 15:13:51,T0,T1,1.3ft,0.05s
4.17.2026 15:13:51,T0,T2,7.1ft,0.05s
4.17.2026 15:13:51,T1,T2,8.3ft,0.05s
4.17.2026 15:13:51,T0,T1,1.3ft,0.05s
4.17.2026 15:13:51,T0,T2,7.1ft,0.05s
4.17.2026 15:13:51,T1,T2,8.2ft,0.05s
4.17.2026 15:13:51,T0,T1,1.3ft,0.05s
4.17.2026 15:13:51,T0,T2,7.1ft,0.05s
4.17.2026 15:13:51,T1,T2,8.2ft,0.05s
4.17.2026 15:13:51,T0,T1,1.3ft,0.05s
4.17.2026 15:13:51,T0,T2,7.1ft,0.05s
4.17.2026 15:13:51,T1,T2,8.2ft,0.05s
4.17.2026 15:13:51,T0,T1,1.3ft,0.05s
4.17.2026 15:13:51,T0,T2,7.1ft,0.05s
4.17.2026 15:13:51,T1,T2,8.2ft,0.05s
4.17.2026 15:13:51,T0,T1,1.3ft,0.05s
4.17.2026 15:13:51,T0,T2,7.1ft,0.05s
4.17.2026 15:13:51,T1,T2,8.1ft,0.05s
4.17.2026 15:13:51,T0,T1,1.3ft,0.05s
4.17.2026 15:13:51,T0,T2,7.1ft,0.05s
4.17.2026 15:13:51,T1,T2,8.1ft,0.05s
4.17.2026 15:13:51,T0,T1,1.3ft,0.05s
4.17.2026 15:13:51,T0,T2,7.1ft,0.05s
4.17.2026 15:13:51,T1,T2,8.1ft,0.05s
4.17.2026 15:13:51,T0,T1,1.3ft,0.05s
4.17.2026 15:13:51,T0,T2,7.1ft,0.05s
4.17.2026 15:13:51,T1,T2,8.1ft,0.05s
4.17.2026 15:13:51,T0,T1,1.3ft,0.05s
4.17.2026 15:13:51,T0,T2,7.1ft,0.05s
4.17.2026 15:13:51,T1,T2,8.2ft,0.05s
4.17.2026 15:13:51,T0,T1,1.3ft,0.05s
4.17.2026 15:13:51,T0,T2,7.1ft,0.05s
4.17.2026 15:13:51,T1,T2,8.2ft,0.05s
4.17.2026 15:13:51,T0,T1,1.3ft,0.05s
4.17.2026 15:13:51,T0,T2,7.1ft,0.05s
4.17.2026 15:13:51,T1,T2,8.3ft,0.05s
4.17.2026 15:13:51,T0,T1,1.3ft,0.05s
4.17.2026 15:13:51,T0,T2,7.1ft,0.05s
4.17.2026 15:13:51,T1,T2,8.3ft,0.05s
4.17.2026 15:13:52,T0,T1,1.4ft,0.06s
4.17.2026 15:13:52,T0,T2,7.1ft,0.06s
4.17.2026 15:13:52,T1,T2,8.4ft,0.06s
4.17.2026 15:13:52,T0,T1,1.4ft,0.05s
4.17.2026 15:13:52,T0,T2,7.1ft,0.05s
4.17.2026 15:13:52,T1,T2,8.4ft,0.05s
4.17.2026 15:13:52,T0,T1,1.4ft,0.05s
4.17.2026 15:13:52,T0,T2,7.1ft,0.05s
4.17.2026 15:13:52,T1,T2,8.4ft,0.05s
4.17.2026 15:13:52,T0,T1,1.4ft,0.05s
4.17.2026 15:13:52,T0,T2,7.1ft,0.05s
4.17.2026 15:13:52,T1,T2,8.5ft,0.05s
4.17.2026 15:13:52,T0,T1,1.4ft,0.05s
4.17.2026 15:13:52,T0,T2,7.1ft,0.05s
4.17.2026 15:13:52,T1,T2,8.5ft,0.05s
4.17.2026 15:13:52,T0,T1,1.4ft,0.05s
4.17.2026 15:13:52,T0,T2,7.1ft,0.05s
4.17.2026 15:13:52,T1,T2,8.4ft,0.05s
4.17.2026 15:13:52,T0,T1,1.4ft,0.06s
4.17.2026 15:13:52,T0,T2,7.1ft,0.06s
4.17.2026 15:13:52,T1,T2,8.4ft,0.06s
4.17.2026 15:13:52,T0,T1,1.4ft,0.05s
4.17.2026 15:13:52,T0,T2,7.1ft,0.05s
4.17.2026 15:13:52,T1,T2,8.3ft,0.05s
4.17.2026 15:13:52,T0,T1,1.3ft,0.05s
4.17.2026 15:13:52,T0,T2,7.1ft,0.05s
4.17.2026 15:13:52,T1,T2,8.2ft,0.05s
4.17.2026 15:13:52,T0,T1,1.3ft,0.05s
4.17.2026 15:13:52,T0,T2,7.1ft,0.05s
4.17.2026 15:13:52,T1,T2,8.1ft,0.05s
4.17.2026 15:13:52,T0,T1,1.4ft,0.05s
4.17.2026 15:13:52,T0,T2,7.1ft,0.05s
4.17.2026 15:13:52,T1,T2,8.1ft,0.05s
4.17.2026 15:13:52,T0,T1,1.4ft,0.05s
4.17.2026 15:13:52,T0,T2,7.1ft,0.05s
4.17.2026 15:13:52,T1,T2,8.0ft,0.05s
4.17.2026 15:13:52,T0,T1,1.4ft,0.05s
4.17.2026 15:13:52,T0,T2,7.1ft,0.05s
4.17.2026 15:13:52,T1,T2,8.0ft,0.05s
4.17.2026 15:13:52,T0,T1,1.4ft,0.05s
4.17.2026 15:13:52,T0,T2,7.1ft,0.05s
4.17.2026 15:13:52,T1,T2,7.9ft,0.05s
4.17.2026 15:13:52,T0,T1,1.4ft,0.05s
4.17.2026 15:13:52,T0,T2,7.1ft,0.05s
4.17.2026 15:13:52,T1,T2,7.9ft,0.05s
4.17.2026 15:13:52,T0,T1,1.4ft,0.05s
4.17.2026 15:13:52,T0,T2,7.1ft,0.05s
4.17.2026 15:13:52,T1,T2,7.9ft,0.05s
4.17.2026 15:13:52,T0,T1,1.4ft,0.05s
4.17.2026 15:13:52,T0,T2,7.1ft,0.05s
4.17.2026 15:13:52,T1,T2,7.8ft,0.05s
4.17.2026 15:13:52,T0,T1,1.5ft,0.05s
4.17.2026 15:13:52,T0,T2,7.1ft,0.05s
4.17.2026 15:13:52,T1,T2,7.8ft,0.05s
4.17.2026 15:13:52,T0,T1,1.5ft,0.05s
4.17.2026 15:13:52,T0,T2,7.1ft,0.05s
4.17.2026 15:13:52,T1,T2,7.8ft,0.05s
4.17.2026 15:13:53,T0,T1,1.5ft,0.05s
4.17.2026 15:13:53,T0,T2,7.1ft,0.05s
4.17.2026 15:13:53,T1,T2,7.8ft,0.05s
4.17.2026 15:13:53,T0,T1,1.5ft,0.05s
4.17.2026 15:13:53,T0,T2,7.1ft,0.05s
4.17.2026 15:13:53,T1,T2,7.8ft,0.05s
4.17.2026 15:13:53,T0,T1,1.5ft,0.05s
4.17.2026 15:13:53,T0,T2,7.1ft,0.05s
4.17.2026 15:13:53,T1,T2,7.8ft,0.05s
4.17.2026 15:13:53,T0,T1,1.4ft,0.05s
4.17.2026 15:13:53,T0,T2,7.1ft,0.05s
4.17.2026 15:13:53,T1,T2,7.9ft,0.05s
4.17.2026 15:13:53,T0,T1,1.3ft,0.05s
4.17.2026 15:13:53,T0,T2,7.1ft,0.05s
4.17.2026 15:13:53,T1,T2,8.0ft,0.05s
4.17.2026 15:13:53,T0,T1,1.3ft,0.05s
4.17.2026 15:13:53,T0,T2,7.1ft,0.05s
4.17.2026 15:13:53,T1,T2,8.2ft,0.05s
4.17.2026 15:13:53,T0,T1,1.3ft,0.05s
4.17.2026 15:13:53,T0,T2,7.2ft,0.05s
4.17.2026 15:13:53,T1,T2,8.3ft,0.05s
4.17.2026 15:13:53,T0,T1,1.4ft,0.05s
4.17.2026 15:13:53,T0,T2,7.2ft,0.05s
4.17.2026 15:13:53,T1,T2,8.5ft,0.05s
4.17.2026 15:13:53,T0,T1,1.4ft,0.05s
4.17.2026 15:13:53,T0,T2,7.2ft,0.05s
4.17.2026 15:13:53,T1,T2,8.6ft,0.05s
4.17.2026 15:13:53,T0,T1,1.5ft,0.05s
4.17.2026 15:13:53,T0,T2,7.2ft,0.05s
4.17.2026 15:13:53,T1,T2,8.7ft,0.05s
4.17.2026 15:13:53,T0,T1,1.5ft,0.05s
4.17.2026 15:13:53,T0,T2,7.2ft,0.05s
4.17.2026 15:13:53,T1,T2,8.6ft,0.05s
4.17.2026 15:13:53,T0,T1,1.4ft,0.05s
4.17.2026 15:13:53,T0,T2,7.2ft,0.05s
4.17.2026 15:13:53,T1,T2,8.6ft,0.05s
4.17.2026 15:13:53,T0,T1,1.4ft,0.05s
4.17.2026 15:13:53,T0,T2,7.2ft,0.05s
4.17.2026 15:13:53,T1,T2,8.6ft,0.05s
4.17.2026 15:13:53,T0,T1,1.4ft,0.05s
4.17.2026 15:13:53,T0,T2,7.2ft,0.05s
4.17.2026 15:13:53,T1,T2,8.6ft,0.05s
4.17.2026 15:13:53,T0,T1,1.4ft,0.05s
4.17.2026 15:13:53,T0,T2,7.2ft,0.05s
4.17.2026 15:13:53,T1,T2,8.6ft,0.05s
4.17.2026 15:13:53,T0,T1,1.5ft,0.05s
4.17.2026 15:13:53,T0,T2,7.2ft,0.05s
4.17.2026 15:13:53,T1,T2,8.7ft,0.05s
4.17.2026 15:13:53,T0,T1,1.4ft,0.05s
4.17.2026 15:13:53,T0,T2,7.2ft,0.05s
4.17.2026 15:13:53,T1,T2,8.6ft,0.05s
4.17.2026 15:13:53,T0,T1,1.4ft,0.05s
4.17.2026 15:13:53,T0,T2,7.2ft,0.05s
4.17.2026 15:13:53,T1,T2,8.5ft,0.05s
4.17.2026 15:13:53,T0,T1,1.4ft,0.05s
4.17.2026 15:13:53,T0,T2,7.2ft,0.05s
4.17.2026 15:13:53,T1,T2,8.4ft,0.05s
4.17.2026 15:13:53,T0,T1,1.4ft,0.05s
4.17.2026 15:13:53,T0,T2,7.2ft,0.05s
4.17.2026 15:13:53,T1,T2,8.4ft,0.05s
4.17.2026 15:13:54,T0,T1,1.4ft,0.06s
4.17.2026 15:13:54,T0,T2,7.2ft,0.06s
4.17.2026 15:13:54,T1,T2,8.4ft,0.06s
4.17.2026 15:13:54,T0,T1,1.4ft,0.05s
4.17.2026 15:13:54,T0,T2,7.2ft,0.05s
4.17.2026 15:13:54,T1,T2,8.4ft,0.05s
4.17.2026 15:13:54,T0,T1,1.4ft,0.05s
4.17.2026 15:13:54,T0,T2,7.1ft,0.05s
4.17.2026 15:13:54,T1,T2,8.3ft,0.05s
4.17.2026 15:13:54,T0,T1,1.4ft,0.05s
4.17.2026 15:13:54,T0,T2,7.1ft,0.05s
4.17.2026 15:13:54,T1,T2,8.3ft,0.05s
4.17.2026 15:13:54,T0,T1,1.4ft,0.05s
4.17.2026 15:13:54,T0,T2,7.1ft,0.05s
4.17.2026 15:13:54,T1,T2,8.3ft,0.05s
4.17.2026 15:13:54,T0,T1,1.3ft,0.05s
4.17.2026 15:13:54,T0,T2,7.1ft,0.05s
4.17.2026 15:13:54,T1,T2,8.3ft,0.05s
4.17.2026 15:13:54,T0,T1,1.3ft,0.05s
4.17.2026 15:13:54,T0,T2,7.1ft,0.05s
4.17.2026 15:13:54,T1,T2,8.3ft,0.05s
4.17.2026 15:13:54,T0,T1,1.4ft,0.05s
4.17.2026 15:13:54,T0,T2,7.1ft,0.05s
4.17.2026 15:13:54,T1,T2,8.3ft,0.05s
4.17.2026 15:13:54,T0,T1,1.4ft,0.05s
4.17.2026 15:13:54,T0,T2,7.1ft,0.05s
4.17.2026 15:13:54,T1,T2,8.3ft,0.05s
4.17.2026 15:13:54,T0,T1,1.4ft,0.05s
4.17.2026 15:13:54,T0,T2,7.1ft,0.05s
4.17.2026 15:13:54,T1,T2,8.3ft,0.05s
4.17.2026 15:13:54,T0,T1,1.4ft,0.05s
4.17.2026 15:13:54,T0,T2,7.1ft,0.05s
4.17.2026 15:13:54,T1,T2,8.4ft,0.05s
4.17.2026 15:13:54,T0,T1,1.4ft,0.05s
4.17.2026 15:13:54,T0,T2,7.2ft,0.05s
4.17.2026 15:13:54,T1,T2,8.4ft,0.05s
4.17.2026 15:13:54,T0,T1,1.4ft,0.05s
4.17.2026 15:13:54,T0,T2,7.2ft,0.05s
4.17.2026 15:13:54,T1,T2,8.5ft,0.05s
4.17.2026 15:13:54,T0,T1,1.4ft,0.05s
4.17.2026 15:13:54,T0,T2,7.2ft,0.05s
4.17.2026 15:13:54,T1,T2,8.5ft,0.05s
4.17.2026 15:13:54,T0,T1,1.4ft,0.05s
4.17.2026 15:13:54,T0,T2,7.2ft,0.05s
4.17.2026 15:13:54,T1,T2,8.6ft,0.05s
4.17.2026 15:13:54,T0,T1,1.4ft,0.05s
4.17.2026 15:13:54,T0,T2,7.3ft,0.05s
4.17.2026 15:13:54,T1,T2,8.6ft,0.05s
4.17.2026 15:13:54,T0,T1,1.4ft,0.05s
4.17.2026 15:13:54,T0,T2,7.3ft,0.05s
4.17.2026 15:13:54,T1,T2,8.6ft,0.05s
4.17.2026 15:13:54,T0,T1,1.4ft,0.05s
4.17.2026 15:13:54,T0,T2,7.3ft,0.05s
4.17.2026 15:13:54,T1,T2,8.7ft,0.05s
4.17.2026 15:13:54,T0,T1,1.5ft,0.05s
4.17.2026 15:13:54,T0,T2,7.3ft,0.05s
4.17.2026 15:13:54,T1,T2,8.7ft,0.05s
4.17.2026 15:13:55,T0,T1,1.5ft,0.05s
4.17.2026 15:13:55,T0,T2,7.3ft,0.05s
4.17.2026 15:13:55,T1,T2,8.7ft,0.05s
4.17.2026 15:13:55,T0,T1,1.5ft,0.05s
4.17.2026 15:13:55,T0,T2,7.3ft,0.05s
4.17.2026 15:13:55,T1,T2,8.8ft,0.05s
4.17.2026 15:13:55,T0,T1,1.5ft,0.05s
4.17.2026 15:13:55,T0,T2,7.3ft,0.05s
4.17.2026 15:13:55,T1,T2,8.8ft,0.05s
4.17.2026 15:13:55,T0,T1,1.5ft,0.05s
4.17.2026 15:13:55,T0,T2,7.3ft,0.05s
4.17.2026 15:13:55,T1,T2,8.8ft,0.05s
4.17.2026 15:13:55,T0,T1,1.5ft,0.05s
4.17.2026 15:13:55,T0,T2,7.3ft,0.05s
4.17.2026 15:13:55,T1,T2,8.8ft,0.05s
4.17.2026 15:13:55,T0,T1,1.6ft,0.05s
4.17.2026 15:13:55,T0,T2,7.3ft,0.05s
4.17.2026 15:13:55,T1,T2,8.8ft,0.05s
4.17.2026 15:13:55,T0,T1,1.6ft,0.05s
4.17.2026 15:13:55,T0,T2,7.3ft,0.05s
4.17.2026 15:13:55,T1,T2,8.8ft,0.05s
4.17.2026 15:13:55,T0,T1,1.5ft,0.05s
4.17.2026 15:13:55,T0,T2,7.2ft,0.05s
4.17.2026 15:13:55,T1,T2,8.8ft,0.05s
4.17.2026 15:13:55,T0,T1,1.5ft,0.05s
4.17.2026 15:13:55,T0,T2,7.2ft,0.05s
4.17.2026 15:13:55,T1,T2,8.7ft,0.05s
4.17.2026 15:13:55,T0,T1,1.5ft,0.05s
4.17.2026 15:13:55,T0,T2,7.2ft,0.05s
4.17.2026 15:13:55,T1,T2,8.7ft,0.05s
4.17.2026 15:13:55,T0,T1,1.5ft,0.05s
4.17.2026 15:13:55,T0,T2,7.2ft,0.05s
4.17.2026 15:13:55,T1,T2,8.7ft,0.05s
4.17.2026 15:13:55,T0,T1,1.5ft,0.05s
4.17.2026 15:13:55,T0,T2,7.2ft,0.05s
4.17.2026 15:13:55,T1,T2,8.7ft,0.05s
4.17.2026 15:13:55,T0,T1,1.5ft,0.05s
4.17.2026 15:13:55,T0,T2,7.2ft,0.05s
4.17.2026 15:13:55,T1,T2,8.7ft,0.05s
4.17.2026 15:13:55,T0,T1,1.5ft,0.05s
4.17.2026 15:13:55,T0,T2,7.2ft,0.05s
4.17.2026 15:13:55,T1,T2,8.7ft,0.05s
4.17.2026 15:13:55,T0,T1,1.5ft,0.05s
4.17.2026 15:13:55,T0,T2,7.2ft,0.05s
4.17.2026 15:13:55,T1,T2,8.7ft,0.05s
4.17.2026 15:13:55,T0,T1,1.6ft,0.05s
4.17.2026 15:13:55,T0,T2,7.2ft,0.05s
4.17.2026 15:13:55,T1,T2,8.8ft,0.05s
4.17.2026 15:13:55,T0,T1,1.5ft,0.05s
4.17.2026 15:13:55,T0,T2,7.2ft,0.05s
4.17.2026 15:13:55,T1,T2,8.7ft,0.05s
4.17.2026 15:13:55,T0,T1,1.5ft,0.05s
4.17.2026 15:13:55,T0,T2,7.2ft,0.05s
4.17.2026 15:13:55,T1,T2,8.7ft,0.05s
4.17.2026 15:13:55,T0,T1,1.5ft,0.05s
4.17.2026 15:13:55,T0,T2,7.2ft,0.05s
4.17.2026 15:13:55,T1,T2,8.7ft,0.05s
4.17.2026 15:13:55,T0,T1,1.4ft,0.05s
4.17.2026 15:13:55,T0,T2,7.2ft,0.05s
4.17.2026 15:13:55,T1,T2,8.6ft,0.05s
4.17.2026 15:13:56,T0,T1,1.4ft,0.05s
4.17.2026 15:13:56,T0,T2,7.2ft,0.05s
4.17.2026 15:13:56,T1,T2,8.6ft,0.05s
4.17.2026 15:13:56,T0,T1,1.4ft,0.05s
4.17.2026 15:13:56,T0,T2,7.2ft,0.05s
4.17.2026 15:13:56,T1,T2,8.6ft,0.05s
4.17.2026 15:13:56,T0,T1,1.4ft,0.05s
4.17.2026 15:13:56,T0,T2,7.2ft,0.05s
4.17.2026 15:13:56,T1,T2,8.6ft,0.05s
4.17.2026 15:13:56,T0,T1,1.4ft,0.05s
4.17.2026 15:13:56,T0,T2,7.2ft,0.05s
4.17.2026 15:13:56,T1,T2,8.5ft,0.05s
4.17.2026 15:13:56,T0,T1,1.4ft,0.05s
4.17.2026 15:13:56,T0,T2,7.2ft,0.05s
4.17.2026 15:13:56,T1,T2,8.5ft,0.05s
4.17.2026 15:13:56,T0,T1,1.4ft,0.05s
4.17.2026 15:13:56,T0,T2,7.2ft,0.05s
4.17.2026 15:13:56,T1,T2,8.5ft,0.05s
4.17.2026 15:13:56,T0,T1,1.4ft,0.05s
4.17.2026 15:13:56,T0,T2,7.2ft,0.05s
4.17.2026 15:13:56,T1,T2,8.5ft,0.05s
4.17.2026 15:13:56,T0,T1,1.4ft,0.05s
4.17.2026 15:13:56,T0,T2,7.2ft,0.05s
4.17.2026 15:13:56,T1,T2,8.5ft,0.05s
4.17.2026 15:13:56,T0,T1,1.4ft,0.05s
4.17.2026 15:13:56,T0,T2,7.2ft,0.05s
4.17.2026 15:13:56,T1,T2,8.5ft,0.05s
4.17.2026 15:13:56,T0,T1,1.4ft,0.05s
4.17.2026 15:13:56,T0,T2,7.2ft,0.05s
4.17.2026 15:13:56,T1,T2,8.5ft,0.05s
4.17.2026 15:13:56,T0,T1,1.4ft,0.05s
4.17.2026 15:13:56,T0,T2,7.2ft,0.05s
4.17.2026 15:13:56,T1,T2,8.5ft,0.05s
4.17.2026 15:13:56,T0,T1,1.3ft,0.05s
4.17.2026 15:13:56,T0,T2,7.2ft,0.05s
4.17.2026 15:13:56,T1,T2,8.4ft,0.05s
4.17.2026 15:13:56,T0,T1,1.3ft,0.05s
4.17.2026 15:13:56,T0,T2,7.2ft,0.05s
4.17.2026 15:13:56,T1,T2,8.4ft,0.05s
4.17.2026 15:13:56,T0,T1,1.3ft,0.05s
4.17.2026 15:13:56,T0,T2,7.2ft,0.05s
4.17.2026 15:13:56,T1,T2,8.4ft,0.05s
4.17.2026 15:13:56,T0,T1,1.4ft,0.05s
4.17.2026 15:13:56,T0,T2,7.2ft,0.05s
4.17.2026 15:13:56,T1,T2,8.4ft,0.05s
4.17.2026 15:13:56,T0,T1,1.4ft,0.05s
4.17.2026 15:13:56,T0,T2,7.2ft,0.05s
4.17.2026 15:13:56,T1,T2,8.5ft,0.05s
4.17.2026 15:13:56,T0,T1,1.4ft,0.05s
4.17.2026 15:13:56,T0,T2,7.2ft,0.05s
4.17.2026 15:13:56,T1,T2,8.5ft,0.05s
4.17.2026 15:13:56,T0,T1,1.4ft,0.06s
4.17.2026 15:13:56,T0,T2,7.2ft,0.06s
4.17.2026 15:13:56,T1,T2,8.5ft,0.06s
4.17.2026 15:13:56,T0,T1,1.4ft,0.05s
4.17.2026 15:13:56,T0,T2,7.2ft,0.05s
4.17.2026 15:13:56,T1,T2,8.5ft,0.05s
4.17.2026 15:13:57,T0,T1,1.4ft,0.05s
4.17.2026 15:13:57,T0,T2,7.2ft,0.05s
4.17.2026 15:13:57,T1,T2,8.5ft,0.05s
4.17.2026 15:13:57,T0,T1,1.4ft,0.05s
4.17.2026 15:13:57,T0,T2,7.2ft,0.05s
4.17.2026 15:13:57,T1,T2,8.5ft,0.05s
4.17.2026 15:13:57,T0,T1,1.4ft,0.05s
4.17.2026 15:13:57,T0,T2,7.2ft,0.05s
4.17.2026 15:13:57,T1,T2,8.5ft,0.05s
4.17.2026 15:13:57,T0,T1,1.4ft,0.05s
4.17.2026 15:13:57,T0,T2,7.2ft,0.05s
4.17.2026 15:13:57,T1,T2,8.5ft,0.05s
4.17.2026 15:13:57,T0,T1,1.4ft,0.05s
4.17.2026 15:13:57,T0,T2,7.2ft,0.05s
4.17.2026 15:13:57,T1,T2,8.6ft,0.05s
4.17.2026 15:13:57,T0,T1,1.4ft,0.05s
4.17.2026 15:13:57,T0,T2,7.2ft,0.05s
4.17.2026 15:13:57,T1,T2,8.6ft,0.05s
4.17.2026 15:13:57,T0,T1,1.4ft,0.05s
4.17.2026 15:13:57,T0,T2,7.2ft,0.05s
4.17.2026 15:13:57,T1,T2,8.6ft,0.05s
4.17.2026 15:13:57,T0,T1,1.4ft,0.05s
4.17.2026 15:13:57,T0,T2,7.2ft,0.05s
4.17.2026 15:13:57,T1,T2,8.6ft,0.05s
4.17.2026 15:13:57,T0,T1,1.4ft,0.05s
4.17.2026 15:13:57,T0,T2,7.2ft,0.05s
4.17.2026 15:13:57,T1,T2,8.5ft,0.05s
4.17.2026 15:13:57,T0,T1,1.4ft,0.05s
4.17.2026 15:13:57,T0,T2,7.2ft,0.05s
4.17.2026 15:13:57,T1,T2,8.5ft,0.05s
4.17.2026 15:13:57,T0,T1,1.4ft,0.05s
4.17.2026 15:13:57,T0,T2,7.2ft,0.05s
4.17.2026 15:13:57,T1,T2,8.5ft,0.05s
4.17.2026 15:13:57,T0,T1,1.4ft,0.05s
4.17.2026 15:13:57,T0,T2,7.2ft,0.05s
4.17.2026 15:13:57,T1,T2,8.5ft,0.05s
4.17.2026 15:13:57,T0,T1,1.4ft,0.05s
4.17.2026 15:13:57,T0,T2,7.2ft,0.05s
4.17.2026 15:13:57,T1,T2,8.5ft,0.05s
4.17.2026 15:13:57,T0,T1,1.4ft,0.05s
4.17.2026 15:13:57,T0,T2,7.2ft,0.05s
4.17.2026 15:13:57,T1,T2,8.5ft,0.05s
4.17.2026 15:13:57,T0,T1,1.4ft,0.05s
4.17.2026 15:13:57,T0,T2,7.2ft,0.05s
4.17.2026 15:13:57,T1,T2,8.5ft,0.05s
4.17.2026 15:13:57,T0,T1,1.4ft,0.05s
4.17.2026 15:13:57,T0,T2,7.2ft,0.05s
4.17.2026 15:13:57,T1,T2,8.6ft,0.05s
4.17.2026 15:13:57,T0,T1,1.4ft,0.05s
4.17.2026 15:13:57,T0,T2,7.2ft,0.05s
4.17.2026 15:13:57,T1,T2,8.6ft,0.05s
4.17.2026 15:13:57,T0,T1,1.4ft,0.05s
4.17.2026 15:13:57,T0,T2,7.2ft,0.05s
4.17.2026 15:13:57,T1,T2,8.6ft,0.05s
4.17.2026 15:13:57,T0,T1,1.4ft,0.05s
4.17.2026 15:13:57,T0,T2,7.2ft,0.05s
4.17.2026 15:13:57,T1,T2,8.6ft,0.05s
4.17.2026 15:13:57,T0,T1,1.4ft,0.05s
4.17.2026 15:13:57,T0,T2,7.2ft,0.05s
4.17.2026 15:13:57,T1,T2,8.5ft,0.05s
4.17.2026 15:13:58,T0,T1,1.4ft,0.05s
4.17.2026 15:13:58,T0,T2,7.2ft,0.05s
4.17.2026 15:13:58,T1,T2,8.5ft,0.05s
4.17.2026 15:13:58,T0,T1,1.4ft,0.05s
4.17.2026 15:13:58,T0,T2,7.2ft,0.05s
4.17.2026 15:13:58,T1,T2,8.5ft,0.05s
4.17.2026 15:13:58,T0,T1,1.4ft,0.05s
4.17.2026 15:13:58,T0,T2,7.2ft,0.05s
4.17.2026 15:13:58,T1,T2,8.5ft,0.05s
4.17.2026 15:13:58,T0,T1,1.4ft,0.05s
4.17.2026 15:13:58,T0,T2,7.2ft,0.05s
4.17.2026 15:13:58,T1,T2,8.5ft,0.05s
4.17.2026 15:13:58,T0,T1,1.4ft,0.05s
4.17.2026 15:13:58,T0,T2,7.2ft,0.05s
4.17.2026 15:13:58,T1,T2,8.5ft,0.05s
4.17.2026 15:13:58,T0,T1,1.4ft,0.05s
4.17.2026 15:13:58,T0,T2,7.2ft,0.05s
4.17.2026 15:13:58,T1,T2,8.5ft,0.05s
4.17.2026 15:13:58,T0,T1,1.4ft,0.05s
4.17.2026 15:13:58,T0,T2,7.2ft,0.05s
4.17.2026 15:13:58,T1,T2,8.4ft,0.05s
4.17.2026 15:13:58,T0,T1,1.4ft,0.05s
4.17.2026 15:13:58,T0,T2,7.2ft,0.05s
4.17.2026 15:13:58,T1,T2,8.4ft,0.05s
4.17.2026 15:13:58,T0,T1,1.3ft,0.05s
4.17.2026 15:13:58,T0,T2,7.2ft,0.05s
4.17.2026 15:13:58,T1,T2,8.4ft,0.05s
4.17.2026 15:13:58,T0,T1,1.3ft,0.05s
4.17.2026 15:13:58,T0,T2,7.2ft,0.05s
4.17.2026 15:13:58,T1,T2,8.4ft,0.05s
4.17.2026 15:13:58,T0,T1,1.3ft,0.05s
4.17.2026 15:13:58,T0,T2,7.2ft,0.05s
4.17.2026 15:13:58,T1,T2,8.4ft,0.05s
4.17.2026 15:13:58,T0,T1,1.4ft,0.05s
4.17.2026 15:13:58,T0,T2,7.2ft,0.05s
4.17.2026 15:13:58,T1,T2,8.4ft,0.05s
4.17.2026 15:13:58,T0,T1,1.4ft,0.05s
4.17.2026 15:13:58,T0,T2,7.2ft,0.05s
4.17.2026 15:13:58,T1,T2,8.4ft,0.05s
4.17.2026 15:13:58,T0,T1,1.4ft,0.05s
4.17.2026 15:13:58,T0,T2,7.2ft,0.05s
4.17.2026 15:13:58,T1,T2,8.5ft,0.05s
4.17.2026 15:13:58,T0,T1,1.4ft,0.05s
4.17.2026 15:13:58,T0,T2,7.2ft,0.05s
4.17.2026 15:13:58,T1,T2,8.4ft,0.05s
4.17.2026 15:13:58,T0,T1,1.4ft,0.05s
4.17.2026 15:13:58,T0,T2,7.2ft,0.05s
4.17.2026 15:13:58,T1,T2,8.4ft,0.05s
4.17.2026 15:13:58,T0,T1,1.4ft,0.05s
4.17.2026 15:13:58,T0,T2,7.2ft,0.05s
4.17.2026 15:13:58,T1,T2,8.4ft,0.05s
4.17.2026 15:13:58,T0,T1,1.4ft,0.05s
4.17.2026 15:13:58,T0,T2,7.2ft,0.05s
4.17.2026 15:13:58,T1,T2,8.4ft,0.05s
4.17.2026 15:13:58,T0,T1,1.4ft,0.05s
4.17.2026 15:13:58,T0,T2,7.2ft,0.05s
4.17.2026 15:13:58,T1,T2,8.5ft,0.05s
4.17.2026 15:13:58,T0,T1,1.4ft,0.05s
4.17.2026 15:13:58,T0,T2,7.2ft,0.05s
4.17.2026 15:13:58,T1,T2,8.5ft,0.05s
4.17.2026 15:13:59,T0,T1,1.4ft,0.05s
4.17.2026 15:13:59,T0,T2,7.2ft,0.05s
4.17.2026 15:13:59,T1,T2,8.5ft,0.05s
4.17.2026 15:13:59,T0,T1,1.4ft,0.05s
4.17.2026 15:13:59,T0,T2,7.2ft,0.05s
4.17.2026 15:13:59,T1,T2,8.5ft,0.05s
4.17.2026 15:13:59,T0,T1,1.4ft,0.05s
4.17.2026 15:13:59,T0,T2,7.2ft,0.05s
4.17.2026 15:13:59,T1,T2,8.4ft,0.05s
4.17.2026 15:13:59,T0,T1,1.4ft,0.05s
4.17.2026 15:13:59,T0,T2,7.2ft,0.05s
4.17.2026 15:13:59,T1,T2,8.4ft,0.05s
4.17.2026 15:13:59,T0,T1,1.4ft,0.05s
4.17.2026 15:13:59,T0,T2,7.2ft,0.05s
4.17.2026 15:13:59,T1,T2,8.4ft,0.05s
4.17.2026 15:13:59,T0,T1,1.4ft,0.05s
4.17.2026 15:13:59,T0,T2,7.2ft,0.05s
4.17.2026 15:13:59,T1,T2,8.4ft,0.05s
4.17.2026 15:13:59,T0,T1,1.4ft,0.05s
4.17.2026 15:13:59,T0,T2,7.2ft,0.05s
4.17.2026 15:13:59,T1,T2,8.4ft,0.05s
4.17.2026 15:13:59,T0,T1,1.4ft,0.05s
4.17.2026 15:13:59,T0,T2,7.2ft,0.05s
4.17.2026 15:13:59,T1,T2,8.4ft,0.05s
4.17.2026 15:13:59,T0,T1,1.4ft,0.05s
4.17.2026 15:13:59,T0,T2,7.2ft,0.05s
4.17.2026 15:13:59,T1,T2,8.3ft,0.05s
4.17.2026 15:13:59,T0,T1,1.4ft,0.05s
4.17.2026 15:13:59,T0,T2,7.2ft,0.05s
4.17.2026 15:13:59,T1,T2,8.3ft,0.05s
4.17.2026 15:13:59,T0,T1,1.4ft,0.05s
4.17.2026 15:13:59,T0,T2,7.2ft,0.05s
4.17.2026 15:13:59,T1,T2,8.3ft,0.05s
4.17.2026 15:13:59,T0,T1,1.4ft,0.05s
4.17.2026 15:13:59,T0,T2,7.2ft,0.05s
4.17.2026 15:13:59,T1,T2,8.3ft,0.05s
4.17.2026 15:13:59,T0,T1,1.4ft,0.05s
4.17.2026 15:13:59,T0,T2,7.2ft,0.05s
4.17.2026 15:13:59,T1,T2,8.3ft,0.05s
4.17.2026 15:13:59,T0,T1,1.4ft,0.05s
4.17.2026 15:13:59,T0,T2,7.2ft,0.05s
4.17.2026 15:13:59,T1,T2,8.3ft,0.05s
4.17.2026 15:13:59,T0,T1,1.4ft,0.05s
4.17.2026 15:13:59,T0,T2,7.2ft,0.05s
4.17.2026 15:13:59,T1,T2,8.3ft,0.05s
4.17.2026 15:13:59,T0,T1,1.4ft,0.05s
4.17.2026 15:13:59,T0,T2,7.2ft,0.05s
4.17.2026 15:13:59,T1,T2,8.3ft,0.05s
4.17.2026 15:13:59,T0,T1,1.4ft,0.05s
4.17.2026 15:13:59,T0,T2,7.2ft,0.05s
4.17.2026 15:13:59,T1,T2,8.3ft,0.05s
4.17.2026 15:13:59,T0,T1,1.4ft,0.05s
4.17.2026 15:13:59,T0,T2,7.2ft,0.05s
4.17.2026 15:13:59,T1,T2,8.4ft,0.05s
4.17.2026 15:13:59,T0,T1,1.4ft,0.05s
4.17.2026 15:13:59,T0,T2,7.2ft,0.05s
4.17.2026 15:13:59,T1,T2,8.4ft,0.05s
4.17.2026 15:14:00,T0,T1,1.4ft,0.05s
4.17.2026 15:14:00,T0,T2,7.2ft,0.05s
4.17.2026 15:14:00,T1,T2,8.4ft,0.05s
4.17.2026 15:14:00,T0,T1,1.4ft,0.05s
4.17.2026 15:14:00,T0,T2,7.2ft,0.05s
4.17.2026 15:14:00,T1,T2,8.4ft,0.05s
4.17.2026 15:14:00,T0,T1,1.4ft,0.05s
4.17.2026 15:14:00,T0,T2,7.2ft,0.05s
4.17.2026 15:14:00,T1,T2,8.4ft,0.05s
4.17.2026 15:14:00,T0,T1,1.3ft,0.05s
4.17.2026 15:14:00,T0,T2,7.2ft,0.05s
4.17.2026 15:14:00,T1,T2,8.4ft,0.05s
4.17.2026 15:14:00,T0,T1,1.3ft,0.05s
4.17.2026 15:14:00,T0,T2,7.2ft,0.05s
4.17.2026 15:14:00,T1,T2,8.3ft,0.05s
4.17.2026 15:14:00,T0,T1,1.3ft,0.05s
4.17.2026 15:14:00,T0,T2,7.2ft,0.05s
4.17.2026 15:14:00,T1,T2,8.3ft,0.05s
4.17.2026 15:14:00,T0,T1,1.3ft,0.05s
4.17.2026 15:14:00,T0,T2,7.2ft,0.05s
4.17.2026 15:14:00,T1,T2,8.3ft,0.05s
4.17.2026 15:14:00,T0,T1,1.3ft,0.05s
4.17.2026 15:14:00,T0,T2,7.2ft,0.05s
4.17.2026 15:14:00,T1,T2,8.3ft,0.05s
4.17.2026 15:14:00,T0,T1,1.3ft,0.05s
4.17.2026 15:14:00,T0,T2,7.2ft,0.05s
4.17.2026 15:14:00,T1,T2,8.3ft,0.05s
4.17.2026 15:14:00,T0,T1,1.3ft,0.05s
4.17.2026 15:14:00,T0,T2,7.2ft,0.05s
4.17.2026 15:14:00,T1,T2,8.3ft,0.05s
4.17.2026 15:14:00,T0,T1,1.3ft,0.05s
4.17.2026 15:14:00,T0,T2,7.2ft,0.05s
4.17.2026 15:14:00,T1,T2,8.3ft,0.05s
4.17.2026 15:14:00,T0,T1,1.4ft,0.05s
4.17.2026 15:14:00,T0,T2,7.2ft,0.05s
4.17.2026 15:14:00,T1,T2,8.2ft,0.05s
4.17.2026 15:14:00,T0,T1,1.4ft,0.05s
4.17.2026 15:14:00,T0,T2,7.2ft,0.05s
4.17.2026 15:14:00,T1,T2,8.2ft,0.05s
4.17.2026 15:14:00,T0,T1,1.4ft,0.05s
4.17.2026 15:14:00,T0,T2,7.2ft,0.05s
4.17.2026 15:14:00,T1,T2,8.3ft,0.05s
4.17.2026 15:14:00,T0,T1,1.4ft,0.05s
4.17.2026 15:14:00,T0,T2,7.2ft,0.05s
4.17.2026 15:14:00,T1,T2,8.3ft,0.05s
4.17.2026 15:14:00,T0,T1,1.4ft,0.05s
4.17.2026 15:14:00,T0,T2,7.2ft,0.05s
4.17.2026 15:14:00,T1,T2,8.4ft,0.05s
4.17.2026 15:14:00,T0,T1,1.4ft,0.05s
4.17.2026 15:14:00,T0,T2,7.2ft,0.05s
4.17.2026 15:14:00,T1,T2,8.4ft,0.05s
4.17.2026 15:14:00,T0,T1,1.4ft,0.05s
4.17.2026 15:14:00,T0,T2,7.2ft,0.05s
4.17.2026 15:14:00,T1,T2,8.4ft,0.05s
4.17.2026 15:14:00,T0,T1,1.4ft,0.05s
4.17.2026 15:14:00,T0,T2,7.2ft,0.05s
4.17.2026 15:14:00,T1,T2,8.4ft,0.05s
4.17.2026 15:14:00,T0,T1,1.4ft,0.05s
4.17.2026 15:14:00,T0,T2,7.2ft,0.05s
4.17.2026 15:14:00,T1,T2,8.4ft,0.05s
4.17.2026 15:14:01,T0,T1,1.4ft,0.05s
4.17.2026 15:14:01,T0,T2,7.2ft,0.05s
4.17.2026 15:14:01,T1,T2,8.4ft,0.05s
4.17.2026 15:14:01,T0,T1,1.4ft,0.05s
4.17.2026 15:14:01,T0,T2,7.2ft,0.05s
4.17.2026 15:14:01,T1,T2,8.3ft,0.05s
4.17.2026 15:14:01,T0,T1,1.4ft,0.05s
4.17.2026 15:14:01,T0,T2,7.2ft,0.05s
4.17.2026 15:14:01,T1,T2,8.3ft,0.05s
4.17.2026 15:14:01,T0,T1,1.4ft,0.05s
4.17.2026 15:14:01,T0,T2,7.2ft,0.05s
4.17.2026 15:14:01,T1,T2,8.3ft,0.05s
4.17.2026 15:14:01,T0,T1,1.4ft,0.05s
4.17.2026 15:14:01,T0,T2,7.2ft,0.05s
4.17.2026 15:14:01,T1,T2,8.2ft,0.05s
4.17.2026 15:14:01,T0,T1,1.4ft,0.05s
4.17.2026 15:14:01,T0,T2,7.2ft,0.05s
4.17.2026 15:14:01,T1,T2,8.2ft,0.05s
4.17.2026 15:14:01,T0,T1,1.4ft,0.05s
4.17.2026 15:14:01,T0,T2,7.2ft,0.05s
4.17.2026 15:14:01,T1,T2,8.2ft,0.05s
4.17.2026 15:14:01,T0,T1,1.4ft,0.05s
4.17.2026 15:14:01,T0,T2,7.2ft,0.05s
4.17.2026 15:14:01,T1,T2,8.2ft,0.05s
4.17.2026 15:14:01,T0,T1,1.4ft,0.05s
4.17.2026 15:14:01,T0,T2,7.2ft,0.05s
4.17.2026 15:14:01,T1,T2,8.2ft,0.05s
4.17.2026 15:14:01,T0,T1,1.4ft,0.05s
4.17.2026 15:14:01,T0,T2,7.2ft,0.05s
4.17.2026 15:14:01,T1,T2,8.2ft,0.05s
4.17.2026 15:14:01,T0,T1,1.4ft,0.05s
4.17.2026 15:14:01,T0,T2,7.2ft,0.05s
4.17.2026 15:14:01,T1,T2,8.3ft,0.05s
4.17.2026 15:14:01,T0,T1,1.4ft,0.05s
4.17.2026 15:14:01,T0,T2,7.2ft,0.05s
4.17.2026 15:14:01,T1,T2,8.3ft,0.05s
4.17.2026 15:14:01,T0,T1,1.4ft,0.05s
4.17.2026 15:14:01,T0,T2,7.2ft,0.05s
4.17.2026 15:14:01,T1,T2,8.3ft,0.05s
4.17.2026 15:14:01,T0,T1,1.4ft,0.05s
4.17.2026 15:14:01,T0,T2,7.2ft,0.05s
4.17.2026 15:14:01,T1,T2,8.4ft,0.05s
4.17.2026 15:14:01,T0,T1,1.4ft,0.05s
4.17.2026 15:14:01,T0,T2,7.2ft,0.05s
4.17.2026 15:14:01,T1,T2,8.4ft,0.05s
4.17.2026 15:14:01,T0,T1,1.4ft,0.05s
4.17.2026 15:14:01,T0,T2,7.2ft,0.05s
4.17.2026 15:14:01,T1,T2,8.4ft,0.05s
4.17.2026 15:14:01,T0,T1,1.4ft,0.05s
4.17.2026 15:14:01,T0,T2,7.2ft,0.05s
4.17.2026 15:14:01,T1,T2,8.4ft,0.05s
4.17.2026 15:14:01,T0,T1,1.4ft,0.05s
4.17.2026 15:14:01,T0,T2,7.2ft,0.05s
4.17.2026 15:14:01,T1,T2,8.4ft,0.05s
4.17.2026 15:14:01,T0,T1,1.4ft,0.05s
4.17.2026 15:14:01,T0,T2,7.2ft,0.05s
4.17.2026 15:14:01,T1,T2,8.5ft,0.05s
4.17.2026 15:14:01,T0,T1,1.4ft,0.05s
4.17.2026 15:14:01,T0,T2,7.2ft,0.05s
4.17.2026 15:14:01,T1,T2,8.5ft,0.05s
4.17.2026 15:14:02,T0,T1,1.4ft,0.05s
4.17.2026 15:14:02,T0,T2,7.2ft,0.05s
4.17.2026 15:14:02,T1,T2,8.5ft,0.05s
4.17.2026 15:14:02,T0,T1,1.4ft,0.05s
4.17.2026 15:14:02,T0,T2,7.2ft,0.05s
4.17.2026 15:14:02,T1,T2,8.5ft,0.05s
4.17.2026 15:14:02,T0,T1,1.4ft,0.05s
4.17.2026 15:14:02,T0,T2,7.2ft,0.05s
4.17.2026 15:14:02,T1,T2,8.5ft,0.05s
4.17.2026 15:14:02,T0,T1,1.4ft,0.05s
4.17.2026 15:14:02,T0,T2,7.2ft,0.05s
4.17.2026 15:14:02,T1,T2,8.6ft,0.05s
4.17.2026 15:14:02,T0,T1,1.5ft,0.05s
4.17.2026 15:14:02,T0,T2,7.2ft,0.05s
4.17.2026 15:14:02,T1,T2,8.6ft,0.05s
4.17.2026 15:14:02,T0,T1,1.5ft,0.05s
4.17.2026 15:14:02,T0,T2,7.2ft,0.05s
4.17.2026 15:14:02,T1,T2,8.6ft,0.05s
4.17.2026 15:14:02,T0,T1,1.5ft,0.05s
4.17.2026 15:14:02,T0,T2,7.2ft,0.05s
4.17.2026 15:14:02,T1,T2,8.6ft,0.05s
4.17.2026 15:14:02,T0,T1,1.5ft,0.05s
4.17.2026 15:14:02,T0,T2,7.2ft,0.05s
4.17.2026 15:14:02,T1,T2,8.6ft,0.05s
4.17.2026 15:14:02,T0,T1,1.5ft,0.05s
4.17.2026 15:14:02,T0,T2,7.2ft,0.05s
4.17.2026 15:14:02,T1,T2,8.6ft,0.05s
4.17.2026 15:14:02,T0,T1,1.5ft,0.05s
4.17.2026 15:14:02,T0,T2,7.2ft,0.05s
4.17.2026 15:14:02,T1,T2,8.5ft,0.05s
4.17.2026 15:14:02,T0,T1,1.4ft,0.05s
4.17.2026 15:14:02,T0,T2,7.1ft,0.05s
4.17.2026 15:14:02,T1,T2,8.5ft,0.05s
4.17.2026 15:14:02,T0,T1,1.4ft,0.05s
4.17.2026 15:14:02,T0,T2,7.1ft,0.05s
4.17.2026 15:14:02,T1,T2,8.5ft,0.05s
4.17.2026 15:14:02,T0,T1,1.4ft,0.05s
4.17.2026 15:14:02,T0,T2,7.2ft,0.05s
4.17.2026 15:14:02,T1,T2,8.5ft,0.05s
4.17.2026 15:14:02,T0,T1,1.4ft,0.05s
4.17.2026 15:14:02,T0,T2,7.2ft,0.05s
4.17.2026 15:14:02,T1,T2,8.5ft,0.05s
4.17.2026 15:14:02,T0,T1,1.4ft,0.05s
4.17.2026 15:14:02,T0,T2,7.2ft,0.05s
4.17.2026 15:14:02,T1,T2,8.5ft,0.05s
4.17.2026 15:14:02,T0,T1,1.4ft,0.05s
4.17.2026 15:14:02,T0,T2,7.2ft,0.05s
4.17.2026 15:14:02,T1,T2,8.4ft,0.05s
4.17.2026 15:14:02,T0,T1,1.4ft,0.05s
4.17.2026 15:14:02,T0,T2,7.2ft,0.05s
4.17.2026 15:14:02,T1,T2,8.4ft,0.05s
4.17.2026 15:14:02,T0,T1,1.4ft,0.05s
4.17.2026 15:14:02,T0,T2,7.2ft,0.05s
4.17.2026 15:14:02,T1,T2,8.5ft,0.05s
4.17.2026 15:14:02,T0,T1,1.4ft,0.05s
4.17.2026 15:14:02,T0,T2,7.2ft,0.05s
4.17.2026 15:14:02,T1,T2,8.5ft,0.05s
4.17.2026 15:14:03,T0,T1,1.4ft,0.05s
4.17.2026 15:14:03,T0,T2,7.2ft,0.05s
4.17.2026 15:14:03,T1,T2,8.4ft,0.05s
4.17.2026 15:14:03,T0,T1,1.4ft,0.05s
4.17.2026 15:14:03,T0,T2,7.2ft,0.05s
4.17.2026 15:14:03,T1,T2,8.4ft,0.05s
4.17.2026 15:14:03,T0,T1,1.4ft,0.05s
4.17.2026 15:14:03,T0,T2,7.2ft,0.05s
4.17.2026 15:14:03,T1,T2,8.4ft,0.05s
4.17.2026 15:14:03,T0,T1,1.3ft,0.05s
4.17.2026 15:14:03,T0,T2,7.2ft,0.05s
4.17.2026 15:14:03,T1,T2,8.4ft,0.05s
4.17.2026 15:14:03,T0,T1,1.3ft,0.05s
4.17.2026 15:14:03,T0,T2,7.2ft,0.05s
4.17.2026 15:14:03,T1,T2,8.4ft,0.05s
4.17.2026 15:14:03,T0,T1,1.3ft,0.05s
4.17.2026 15:14:03,T0,T2,7.2ft,0.05s
4.17.2026 15:14:03,T1,T2,8.3ft,0.05s
4.17.2026 15:14:03,T0,T1,1.3ft,0.05s
4.17.2026 15:14:03,T0,T2,7.2ft,0.05s
4.17.2026 15:14:03,T1,T2,8.3ft,0.05s
4.17.2026 15:14:03,T0,T1,1.3ft,0.05s
4.17.2026 15:14:03,T0,T2,7.2ft,0.05s
4.17.2026 15:14:03,T1,T2,8.3ft,0.05s
4.17.2026 15:14:03,T0,T1,1.3ft,0.05s
4.17.2026 15:14:03,T0,T2,7.2ft,0.05s
4.17.2026 15:14:03,T1,T2,8.3ft,0.05s
4.17.2026 15:14:03,T0,T1,1.3ft,0.05s
4.17.2026 15:14:03,T0,T2,7.2ft,0.05s
4.17.2026 15:14:03,T1,T2,8.3ft,0.05s
4.17.2026 15:14:03,T0,T1,1.3ft,0.05s
4.17.2026 15:14:03,T0,T2,7.2ft,0.05s
4.17.2026 15:14:03,T1,T2,8.4ft,0.05s
4.17.2026 15:14:03,T0,T1,1.4ft,0.05s
4.17.2026 15:14:03,T0,T2,7.2ft,0.05s
4.17.2026 15:14:03,T1,T2,8.4ft,0.05s
4.17.2026 15:14:03,T0,T1,1.4ft,0.05s
4.17.2026 15:14:03,T0,T2,7.2ft,0.05s
4.17.2026 15:14:03,T1,T2,8.5ft,0.05s
4.17.2026 15:14:03,T0,T1,1.4ft,0.05s
4.17.2026 15:14:03,T0,T2,7.2ft,0.05s
4.17.2026 15:14:03,T1,T2,8.5ft,0.05s
4.17.2026 15:14:03,T0,T1,1.4ft,0.05s
4.17.2026 15:14:03,T0,T2,7.2ft,0.05s
4.17.2026 15:14:03,T1,T2,8.6ft,0.05s
4.17.2026 15:14:03,T0,T1,1.5ft,0.05s
4.17.2026 15:14:03,T0,T2,7.2ft,0.05s
4.17.2026 15:14:03,T1,T2,8.7ft,0.05s
4.17.2026 15:14:03,T0,T1,1.6ft,0.05s
4.17.2026 15:14:03,T0,T2,7.2ft,0.05s
4.17.2026 15:14:03,T1,T2,8.8ft,0.05s
4.17.2026 15:14:03,T0,T1,1.7ft,0.05s
4.17.2026 15:14:03,T0,T2,7.2ft,0.05s
4.17.2026 15:14:03,T1,T2,8.9ft,0.05s
4.17.2026 15:14:03,T0,T1,1.7ft,0.05s
4.17.2026 15:14:03,T0,T2,7.2ft,0.05s
4.17.2026 15:14:03,T1,T2,8.9ft,0.05s
4.17.2026 15:14:03,T0,T1,1.7ft,0.05s
4.17.2026 15:14:03,T0,T2,7.2ft,0.05s
4.17.2026 15:14:03,T1,T2,8.9ft,0.05s
4.17.2026 15:14:04,T0,T1,1.7ft,0.05s
4.17.2026 15:14:04,T0,T2,7.2ft,0.05s
4.17.2026 15:14:04,T1,T2,8.9ft,0.05s
4.17.2026 15:14:04,T0,T1,1.7ft,0.05s
4.17.2026 15:14:04,T0,T2,7.2ft,0.05s
4.17.2026 15:14:04,T1,T2,8.9ft,0.05s
4.17.2026 15:14:04,T0,T1,1.7ft,0.05s
4.17.2026 15:14:04,T0,T2,7.2ft,0.05s
4.17.2026 15:14:04,T1,T2,8.8ft,0.05s
4.17.2026 15:14:04,T0,T1,1.6ft,0.05s
4.17.2026 15:14:04,T0,T2,7.2ft,0.05s
4.17.2026 15:14:04,T1,T2,8.8ft,0.05s
4.17.2026 15:14:04,T0,T1,1.6ft,0.05s
4.17.2026 15:14:04,T0,T2,7.2ft,0.05s
4.17.2026 15:14:04,T1,T2,8.8ft,0.05s
4.17.2026 15:14:04,T0,T1,1.6ft,0.05s
4.17.2026 15:14:04,T0,T2,7.2ft,0.05s
4.17.2026 15:14:04,T1,T2,8.8ft,0.05s
4.17.2026 15:14:04,T0,T1,1.6ft,0.05s
4.17.2026 15:14:04,T0,T2,7.2ft,0.05s
4.17.2026 15:14:04,T1,T2,8.7ft,0.05s
4.17.2026 15:14:04,T0,T1,1.6ft,0.05s
4.17.2026 15:14:04,T0,T2,7.2ft,0.05s
4.17.2026 15:14:04,T1,T2,8.7ft,0.05s
4.17.2026 15:14:04,T0,T1,1.6ft,0.05s
4.17.2026 15:14:04,T0,T2,7.2ft,0.05s
4.17.2026 15:14:04,T1,T2,8.7ft,0.05s
4.17.2026 15:14:04,T0,T1,1.5ft,0.05s
4.17.2026 15:14:04,T0,T2,7.2ft,0.05s
4.17.2026 15:14:04,T1,T2,8.7ft,0.05s
4.17.2026 15:14:04,T0,T1,1.5ft,0.05s
4.17.2026 15:14:04,T0,T2,7.1ft,0.05s
4.17.2026 15:14:04,T1,T2,8.7ft,0.05s
4.17.2026 15:14:04,T0,T1,1.5ft,0.05s
4.17.2026 15:14:04,T0,T2,7.1ft,0.05s
4.17.2026 15:14:04,T1,T2,8.6ft,0.05s
4.17.2026 15:14:04,T0,T1,1.5ft,0.05s
4.17.2026 15:14:04,T0,T2,7.1ft,0.05s
4.17.2026 15:14:04,T1,T2,8.6ft,0.05s
4.17.2026 15:14:04,T0,T1,1.5ft,0.05s
4.17.2026 15:14:04,T0,T2,7.1ft,0.05s
4.17.2026 15:14:04,T1,T2,8.6ft,0.05s
4.17.2026 15:14:04,T0,T1,1.5ft,0.05s
4.17.2026 15:14:04,T0,T2,7.1ft,0.05s
4.17.2026 15:14:04,T1,T2,8.6ft,0.05s
4.17.2026 15:14:04,T0,T1,1.5ft,0.05s
4.17.2026 15:14:04,T0,T2,7.1ft,0.05s
4.17.2026 15:14:04,T1,T2,8.6ft,0.05s
4.17.2026 15:14:04,T0,T1,1.5ft,0.05s
4.17.2026 15:14:04,T0,T2,7.1ft,0.05s
4.17.2026 15:14:04,T1,T2,8.6ft,0.05s
4.17.2026 15:14:04,T0,T1,1.5ft,0.05s
4.17.2026 15:14:04,T0,T2,7.1ft,0.05s
4.17.2026 15:14:04,T1,T2,8.6ft,0.05s
4.17.2026 15:14:04,T0,T1,1.5ft,0.05s
4.17.2026 15:14:04,T0,T2,7.1ft,0.05s
4.17.2026 15:14:04,T1,T2,8.6ft,0.05s
4.17.2026 15:14:04,T0,T1,1.4ft,0.05s
4.17.2026 15:14:04,T0,T2,7.1ft,0.05s
4.17.2026 15:14:04,T1,T2,8.6ft,0.05s
4.17.2026 15:14:05,T0,T1,1.4ft,0.05s
4.17.2026 15:14:05,T0,T2,7.1ft,0.05s
4.17.2026 15:14:05,T1,T2,8.5ft,0.05s
4.17.2026 15:14:05,T0,T1,1.4ft,0.05s
4.17.2026 15:14:05,T0,T2,7.1ft,0.05s
4.17.2026 15:14:05,T1,T2,8.5ft,0.05s
4.17.2026 15:14:05,T0,T1,1.4ft,0.05s
4.17.2026 15:14:05,T0,T2,7.1ft,0.05s
4.17.2026 15:14:05,T1,T2,8.5ft,0.05s
4.17.2026 15:14:05,T0,T1,1.4ft,0.05s
4.17.2026 15:14:05,T0,T2,7.1ft,0.05s
4.17.2026 15:14:05,T1,T2,8.5ft,0.05s
4.17.2026 15:14:05,T0,T1,1.4ft,0.05s
4.17.2026 15:14:05,T0,T2,7.1ft,0.05s
4.17.2026 15:14:05,T1,T2,8.5ft,0.05s
4.17.2026 15:14:05,T0,T1,1.4ft,0.05s
4.17.2026 15:14:05,T0,T2,7.1ft,0.05s
4.17.2026 15:14:05,T1,T2,8.5ft,0.05s
4.17.2026 15:14:05,T0,T1,1.4ft,0.05s
4.17.2026 15:14:05,T0,T2,7.1ft,0.05s
4.17.2026 15:14:05,T1,T2,8.5ft,0.05s
4.17.2026 15:14:05,T0,T1,1.4ft,0.05s
4.17.2026 15:14:05,T0,T2,7.1ft,0.05s
4.17.2026 15:14:05,T1,T2,8.5ft,0.05s
4.17.2026 15:14:05,T0,T1,1.5ft,0.05s
4.17.2026 15:14:05,T0,T2,7.1ft,0.05s
4.17.2026 15:14:05,T1,T2,8.6ft,0.05s
4.17.2026 15:14:05,T0,T1,1.5ft,0.05s
4.17.2026 15:14:05,T0,T2,7.1ft,0.05s
4.17.2026 15:14:05,T1,T2,8.7ft,0.05s
4.17.2026 15:14:05,T0,T1,1.6ft,0.05s
4.17.2026 15:14:05,T0,T2,7.1ft,0.05s
4.17.2026 15:14:05,T1,T2,8.7ft,0.05s
4.17.2026 15:14:05,T0,T1,1.6ft,0.05s
4.17.2026 15:14:05,T0,T2,7.1ft,0.05s
4.17.2026 15:14:05,T1,T2,8.7ft,0.05s
4.17.2026 15:14:05,T0,T1,1.6ft,0.05s
4.17.2026 15:14:05,T0,T2,7.1ft,0.05s
4.17.2026 15:14:05,T1,T2,8.7ft,0.05s
4.17.2026 15:14:05,T0,T1,1.6ft,0.05s
4.17.2026 15:14:05,T0,T2,7.1ft,0.05s
4.17.2026 15:14:05,T1,T2,8.7ft,0.05s
4.17.2026 15:14:05,T0,T1,1.7ft,0.05s
4.17.2026 15:14:05,T0,T2,7.1ft,0.05s
4.17.2026 15:14:05,T1,T2,8.8ft,0.05s
4.17.2026 15:14:05,T0,T1,1.7ft,0.05s
4.17.2026 15:14:05,T0,T2,7.1ft,0.05s
4.17.2026 15:14:05,T1,T2,8.8ft,0.05s
4.17.2026 15:14:05,T0,T1,1.7ft,0.05s
4.17.2026 15:14:05,T0,T2,7.1ft,0.05s
4.17.2026 15:14:05,T1,T2,8.8ft,0.05s
4.17.2026 15:14:05,T0,T1,1.8ft,0.05s
4.17.2026 15:14:05,T0,T2,7.1ft,0.05s
4.17.2026 15:14:05,T1,T2,8.9ft,0.05s
4.17.2026 15:14:05,T0,T1,1.8ft,0.05s
4.17.2026 15:14:05,T0,T2,7.1ft,0.05s
4.17.2026 15:14:05,T1,T2,8.9ft,0.05s
4.17.2026 15:14:06,T0,T1,1.8ft,0.05s
4.17.2026 15:14:06,T0,T2,7.1ft,0.05s
4.17.2026 15:14:06,T1,T2,9.0ft,0.05s
4.17.2026 15:14:06,T0,T1,1.9ft,0.06s
4.17.2026 15:14:06,T0,T2,7.1ft,0.06s
4.17.2026 15:14:06,T1,T2,9.0ft,0.06s
4.17.2026 15:14:06,T0,T1,1.8ft,0.05s
4.17.2026 15:14:06,T0,T2,7.1ft,0.05s
4.17.2026 15:14:06,T1,T2,9.0ft,0.05s
4.17.2026 15:14:06,T0,T1,1.8ft,0.05s
4.17.2026 15:14:06,T0,T2,7.1ft,0.05s
4.17.2026 15:14:06,T1,T2,9.0ft,0.05s
4.17.2026 15:14:06,T0,T1,1.8ft,0.05s
4.17.2026 15:14:06,T0,T2,7.1ft,0.05s
4.17.2026 15:14:06,T1,T2,8.9ft,0.05s
4.17.2026 15:14:06,T0,T1,1.7ft,0.05s
4.17.2026 15:14:06,T0,T2,7.1ft,0.05s
4.17.2026 15:14:06,T1,T2,8.8ft,0.05s
4.17.2026 15:14:06,T0,T1,1.6ft,0.05s
4.17.2026 15:14:06,T0,T2,7.1ft,0.05s
4.17.2026 15:14:06,T1,T2,8.8ft,0.05s
4.17.2026 15:14:06,T0,T1,1.6ft,0.05s
4.17.2026 15:14:06,T0,T2,7.1ft,0.05s
4.17.2026 15:14:06,T1,T2,8.7ft,0.05s
4.17.2026 15:14:06,T0,T1,1.5ft,0.05s
4.17.2026 15:14:06,T0,T2,7.1ft,0.05s
4.17.2026 15:14:06,T1,T2,8.7ft,0.05s
4.17.2026 15:14:06,T0,T1,1.5ft,0.05s
4.17.2026 15:14:06,T0,T2,7.1ft,0.05s
4.17.2026 15:14:06,T1,T2,8.6ft,0.05s
4.17.2026 15:14:06,T0,T1,1.4ft,0.05s
4.17.2026 15:14:06,T0,T2,7.1ft,0.05s
4.17.2026 15:14:06,T1,T2,8.5ft,0.05s
4.17.2026 15:14:06,T0,T1,1.4ft,0.05s
4.17.2026 15:14:06,T0,T2,7.1ft,0.05s
4.17.2026 15:14:06,T1,T2,8.5ft,0.05s
4.17.2026 15:14:06,T0,T1,1.3ft,0.05s
4.17.2026 15:14:06,T0,T2,7.1ft,0.05s
4.17.2026 15:14:06,T1,T2,8.4ft,0.05s
4.17.2026 15:14:06,T0,T1,1.3ft,0.05s
4.17.2026 15:14:06,T0,T2,7.1ft,0.05s
4.17.2026 15:14:06,T1,T2,8.4ft,0.05s
4.17.2026 15:14:06,T0,T1,1.3ft,0.05s
4.17.2026 15:14:06,T0,T2,7.1ft,0.05s
4.17.2026 15:14:06,T1,T2,8.3ft,0.05s
4.17.2026 15:14:06,T0,T1,1.3ft,0.05s
4.17.2026 15:14:06,T0,T2,7.1ft,0.05s
4.17.2026 15:14:06,T1,T2,8.3ft,0.05s
4.17.2026 15:14:06,T0,T1,1.3ft,0.05s
4.17.2026 15:14:06,T0,T2,7.1ft,0.05s
4.17.2026 15:14:06,T1,T2,8.3ft,0.05s
4.17.2026 15:14:06,T0,T1,1.3ft,0.05s
4.17.2026 15:14:06,T0,T2,7.1ft,0.05s
4.17.2026 15:14:06,T1,T2,8.4ft,0.05s
4.17.2026 15:14:06,T0,T1,1.4ft,0.05s
4.17.2026 15:14:06,T0,T2,7.1ft,0.05s
4.17.2026 15:14:06,T1,T2,8.4ft,0.05s
4.17.2026 15:14:06,T0,T1,1.4ft,0.05s
4.17.2026 15:14:06,T0,T2,7.1ft,0.05s
4.17.2026 15:14:06,T1,T2,8.5ft,0.05s
4.17.2026 15:14:07,T0,T1,1.5ft,0.05s
4.17.2026 15:14:07,T0,T2,7.1ft,0.05s
4.17.2026 15:14:07,T1,T2,8.6ft,0.05s
4.17.2026 15:14:07,T0,T1,1.5ft,0.05s
4.17.2026 15:14:07,T0,T2,7.1ft,0.05s
4.17.2026 15:14:07,T1,T2,8.6ft,0.05s
4.17.2026 15:14:07,T0,T1,1.5ft,0.05s
4.17.2026 15:14:07,T0,T2,7.1ft,0.05s
4.17.2026 15:14:07,T1,T2,8.6ft,0.05s
4.17.2026 15:14:07,T0,T1,1.5ft,0.05s
4.17.2026 15:14:07,T0,T2,7.1ft,0.05s
4.17.2026 15:14:07,T1,T2,8.6ft,0.05s
4.17.2026 15:14:07,T0,T1,1.5ft,0.05s
4.17.2026 15:14:07,T0,T2,7.1ft,0.05s
4.17.2026 15:14:07,T1,T2,8.6ft,0.05s
4.17.2026 15:14:07,T0,T1,1.5ft,0.05s
4.17.2026 15:14:07,T0,T2,7.1ft,0.05s
4.17.2026 15:14:07,T1,T2,8.6ft,0.05s
4.17.2026 15:14:07,T0,T1,1.4ft,0.05s
4.17.2026 15:14:07,T0,T2,7.1ft,0.05s
4.17.2026 15:14:07,T1,T2,8.5ft,0.05s
4.17.2026 15:14:07,T0,T1,1.5ft,0.05s
4.17.2026 15:14:07,T0,T2,7.1ft,0.05s
4.17.2026 15:14:07,T1,T2,8.5ft,0.05s
4.17.2026 15:14:07,T0,T1,1.5ft,0.05s
4.17.2026 15:14:07,T0,T2,7.1ft,0.05s
4.17.2026 15:14:07,T1,T2,8.6ft,0.05s
4.17.2026 15:14:07,T0,T1,1.5ft,0.05s
4.17.2026 15:14:07,T0,T2,7.1ft,0.05s
4.17.2026 15:14:07,T1,T2,8.6ft,0.05s
4.17.2026 15:14:07,T0,T1,1.5ft,0.05s
4.17.2026 15:14:07,T0,T2,7.1ft,0.05s
4.17.2026 15:14:07,T1,T2,8.6ft,0.05s
4.17.2026 15:14:07,T0,T1,1.5ft,0.05s
4.17.2026 15:14:07,T0,T2,7.1ft,0.05s
4.17.2026 15:14:07,T1,T2,8.6ft,0.05s
4.17.2026 15:14:07,T0,T1,1.5ft,0.05s
4.17.2026 15:14:07,T0,T2,7.1ft,0.05s
4.17.2026 15:14:07,T1,T2,8.5ft,0.05s
4.17.2026 15:14:07,T0,T1,1.5ft,0.05s
4.17.2026 15:14:07,T0,T2,7.1ft,0.05s
4.17.2026 15:14:07,T1,T2,8.5ft,0.05s
4.17.2026 15:14:07,T0,T1,1.5ft,0.05s
4.17.2026 15:14:07,T0,T2,7.1ft,0.05s
4.17.2026 15:14:07,T1,T2,8.5ft,0.05s
4.17.2026 15:14:07,T0,T1,1.5ft,0.05s
4.17.2026 15:14:07,T0,T2,7.1ft,0.05s
4.17.2026 15:14:07,T1,T2,8.6ft,0.05s
4.17.2026 15:14:07,T0,T1,1.5ft,0.05s
4.17.2026 15:14:07,T0,T2,7.1ft,0.05s
4.17.2026 15:14:07,T1,T2,8.6ft,0.05s
4.17.2026 15:14:07,T0,T1,1.5ft,0.05s
4.17.2026 15:14:07,T0,T2,7.1ft,0.05s
4.17.2026 15:14:07,T1,T2,8.6ft,0.05s
4.17.2026 15:14:07,T0,T1,1.5ft,0.05s
4.17.2026 15:14:07,T0,T2,7.1ft,0.05s
4.17.2026 15:14:07,T1,T2,8.6ft,0.05s
4.17.2026 15:14:07,T0,T1,1.5ft,0.05s
4.17.2026 15:14:07,T0,T2,7.1ft,0.05s
4.17.2026 15:14:07,T1,T2,8.6ft,0.05s
4.17.2026 15:14:08,T0,T1,1.5ft,0.05s
4.17.2026 15:14:08,T0,T2,7.1ft,0.05s
4.17.2026 15:14:08,T1,T2,8.6ft,0.05s
4.17.2026 15:14:08,T0,T1,1.5ft,0.05s
4.17.2026 15:14:08,T0,T2,7.1ft,0.05s
4.17.2026 15:14:08,T1,T2,8.6ft,0.05s
4.17.2026 15:14:08,T0,T1,1.5ft,0.05s
4.17.2026 15:14:08,T0,T2,7.1ft,0.05s
4.17.2026 15:14:08,T1,T2,8.6ft,0.05s
4.17.2026 15:14:08,T0,T1,1.5ft,0.05s
4.17.2026 15:14:08,T0,T2,7.1ft,0.05s
4.17.2026 15:14:08,T1,T2,8.6ft,0.05s
4.17.2026 15:14:08,T0,T1,1.5ft,0.05s
4.17.2026 15:14:08,T0,T2,7.1ft,0.05s
4.17.2026 15:14:08,T1,T2,8.7ft,0.05s
4.17.2026 15:14:08,T0,T1,1.6ft,0.05s
4.17.2026 15:14:08,T0,T2,7.1ft,0.05s
4.17.2026 15:14:08,T1,T2,8.7ft,0.05s
4.17.2026 15:14:08,T0,T1,1.6ft,0.05s
4.17.2026 15:14:08,T0,T2,7.1ft,0.05s
4.17.2026 15:14:08,T1,T2,8.7ft,0.05s
4.17.2026 15:14:08,T0,T1,1.7ft,0.05s
4.17.2026 15:14:08,T0,T2,7.1ft,0.05s
4.17.2026 15:14:08,T1,T2,8.8ft,0.05s
4.17.2026 15:14:08,T0,T1,1.7ft,0.05s
4.17.2026 15:14:08,T0,T2,7.1ft,0.05s
4.17.2026 15:14:08,T1,T2,8.8ft,0.05s
4.17.2026 15:14:08,T0,T1,1.7ft,0.05s
4.17.2026 15:14:08,T0,T2,7.1ft,0.05s
4.17.2026 15:14:08,T1,T2,8.8ft,0.05s
4.17.2026 15:14:08,T0,T1,1.7ft,0.05s
4.17.2026 15:14:08,T0,T2,7.1ft,0.05s
4.17.2026 15:14:08,T1,T2,8.8ft,0.05s
4.17.2026 15:14:08,T0,T1,1.7ft,0.05s
4.17.2026 15:14:08,T0,T2,7.1ft,0.05s
4.17.2026 15:14:08,T1,T2,8.8ft,0.05s
4.17.2026 15:14:08,T0,T1,1.7ft,0.05s
4.17.2026 15:14:08,T0,T2,7.1ft,0.05s
4.17.2026 15:14:08,T1,T2,8.8ft,0.05s
4.17.2026 15:14:08,T0,T1,1.6ft,0.05s
4.17.2026 15:14:08,T0,T2,7.2ft,0.05s
4.17.2026 15:14:08,T1,T2,8.8ft,0.05s
4.17.2026 15:14:08,T0,T1,1.6ft,0.05s
4.17.2026 15:14:08,T0,T2,7.2ft,0.05s
4.17.2026 15:14:08,T1,T2,8.8ft,0.05s
4.17.2026 15:14:08,T0,T1,1.6ft,0.05s
4.17.2026 15:14:08,T0,T2,7.2ft,0.05s
4.17.2026 15:14:08,T1,T2,8.7ft,0.05s
4.17.2026 15:14:08,T0,T1,1.5ft,0.05s
4.17.2026 15:14:08,T0,T2,7.2ft,0.05s
4.17.2026 15:14:08,T1,T2,8.7ft,0.05s
4.17.2026 15:14:08,T0,T1,1.6ft,0.05s
4.17.2026 15:14:08,T0,T2,7.2ft,0.05s
4.17.2026 15:14:08,T1,T2,8.7ft,0.05s
4.17.2026 15:14:08,T0,T1,1.6ft,0.05s
4.17.2026 15:14:08,T0,T2,7.2ft,0.05s
4.17.2026 15:14:08,T1,T2,8.7ft,0.05s
4.17.2026 15:14:09,T0,T1,1.6ft,0.05s
4.17.2026 15:14:09,T0,T2,7.2ft,0.05s
4.17.2026 15:14:09,T1,T2,8.7ft,0.05s
4.17.2026 15:14:09,T0,T1,1.6ft,0.05s
4.17.2026 15:14:09,T0,T2,7.2ft,0.05s
4.17.2026 15:14:09,T1,T2,8.7ft,0.05s
4.17.2026 15:14:09,T0,T1,1.6ft,0.05s
4.17.2026 15:14:09,T0,T2,7.2ft,0.05s
4.17.2026 15:14:09,T1,T2,8.8ft,0.05s
4.17.2026 15:14:09,T0,T1,1.6ft,0.05s
4.17.2026 15:14:09,T0,T2,7.2ft,0.05s
4.17.2026 15:14:09,T1,T2,8.8ft,0.05s
4.17.2026 15:14:09,T0,T1,1.7ft,0.05s
4.17.2026 15:14:09,T0,T2,7.2ft,0.05s
4.17.2026 15:14:09,T1,T2,8.8ft,0.05s
4.17.2026 15:14:09,T0,T1,1.7ft,0.05s
4.17.2026 15:14:09,T0,T2,7.2ft,0.05s
4.17.2026 15:14:09,T1,T2,8.8ft,0.05s
4.17.2026 15:14:09,T0,T1,1.6ft,0.05s
4.17.2026 15:14:09,T0,T2,7.2ft,0.05s
4.17.2026 15:14:09,T1,T2,8.8ft,0.05s
4.17.2026 15:14:09,T0,T1,1.6ft,0.05s
4.17.2026 15:14:09,T0,T2,7.2ft,0.05s
4.17.2026 15:14:09,T1,T2,8.8ft,0.05s
4.17.2026 15:14:09,T0,T1,1.6ft,0.05s
4.17.2026 15:14:09,T0,T2,7.2ft,0.05s
4.17.2026 15:14:09,T1,T2,8.7ft,0.05s
4.17.2026 15:14:09,T0,T1,1.6ft,0.05s
4.17.2026 15:14:09,T0,T2,7.2ft,0.05s
4.17.2026 15:14:09,T1,T2,8.7ft,0.05s
4.17.2026 15:14:09,T0,T1,1.6ft,0.05s
4.17.2026 15:14:09,T0,T2,7.2ft,0.05s
4.17.2026 15:14:09,T1,T2,8.8ft,0.05s
4.17.2026 15:14:09,T0,T1,1.6ft,0.05s
4.17.2026 15:14:09,T0,T2,7.2ft,0.05s
4.17.2026 15:14:09,T1,T2,8.8ft,0.05s
4.17.2026 15:14:09,T0,T1,1.6ft,0.05s
4.17.2026 15:14:09,T0,T2,7.2ft,0.05s
4.17.2026 15:14:09,T1,T2,8.8ft,0.05s
4.17.2026 15:14:09,T0,T1,1.6ft,0.05s
4.17.2026 15:14:09,T0,T2,7.2ft,0.05s
4.17.2026 15:14:09,T1,T2,8.8ft,0.05s
4.17.2026 15:14:09,T0,T1,1.7ft,0.05s
4.17.2026 15:14:09,T0,T2,7.2ft,0.05s
4.17.2026 15:14:09,T1,T2,8.8ft,0.05s
4.17.2026 15:14:09,T0,T1,1.7ft,0.05s
4.17.2026 15:14:09,T0,T2,7.2ft,0.05s
4.17.2026 15:14:09,T1,T2,8.8ft,0.05s
4.17.2026 15:14:09,T0,T1,1.7ft,0.05s
4.17.2026 15:14:09,T0,T2,7.2ft,0.05s
4.17.2026 15:14:09,T1,T2,8.8ft,0.05s
4.17.2026 15:14:09,T0,T1,1.7ft,0.05s
4.17.2026 15:14:09,T0,T2,7.2ft,0.05s
4.17.2026 15:14:09,T1,T2,8.8ft,0.05s
4.17.2026 15:14:09,T0,T1,1.6ft,0.05s
4.17.2026 15:14:09,T0,T2,7.2ft,0.05s
4.17.2026 15:14:09,T1,T2,8.8ft,0.05s
4.17.2026 15:14:09,T0,T1,1.6ft,0.05s
4.17.2026 15:14:09,T0,T2,7.2ft,0.05s
4.17.2026 15:14:09,T1,T2,8.8ft,0.05s
4.17.2026 15:14:10,T0,T1,1.6ft,0.05s
4.17.2026 15:14:10,T0,T2,7.2ft,0.05s
4.17.2026 15:14:10,T1,T2,8.8ft,0.05s
4.17.2026 15:14:10,T0,T1,1.6ft,0.05s
4.17.2026 15:14:10,T0,T2,7.1ft,0.05s
4.17.2026 15:14:10,T1,T2,8.7ft,0.05s
4.17.2026 15:14:10,T0,T1,1.6ft,0.05s
4.17.2026 15:14:10,T0,T2,7.1ft,0.05s
4.17.2026 15:14:10,T1,T2,8.7ft,0.05s
4.17.2026 15:14:10,T0,T1,1.6ft,0.05s
4.17.2026 15:14:10,T0,T2,7.1ft,0.05s
4.17.2026 15:14:10,T1,T2,8.7ft,0.05s
4.17.2026 15:14:10,T0,T1,1.6ft,0.05s
4.17.2026 15:14:10,T0,T2,7.1ft,0.05s
4.17.2026 15:14:10,T1,T2,8.7ft,0.05s
4.17.2026 15:14:10,T0,T1,1.6ft,0.05s
4.17.2026 15:14:10,T0,T2,7.1ft,0.05s
4.17.2026 15:14:10,T1,T2,8.7ft,0.05s
4.17.2026 15:14:10,T0,T1,1.6ft,0.05s
4.17.2026 15:14:10,T0,T2,7.1ft,0.05s
4.17.2026 15:14:10,T1,T2,8.7ft,0.05s
4.17.2026 15:14:10,T0,T1,1.5ft,0.05s
4.17.2026 15:14:10,T0,T2,7.1ft,0.05s
4.17.2026 15:14:10,T1,T2,8.7ft,0.05s
4.17.2026 15:14:10,T0,T1,1.5ft,0.05s
4.17.2026 15:14:10,T0,T2,7.1ft,0.05s
4.17.2026 15:14:10,T1,T2,8.6ft,0.05s
4.17.2026 15:14:10,T0,T1,1.4ft,0.05s
4.17.2026 15:14:10,T0,T2,7.2ft,0.05s
4.17.2026 15:14:10,T1,T2,8.6ft,0.05s
4.17.2026 15:14:10,T0,T1,1.4ft,0.05s
4.17.2026 15:14:10,T0,T2,7.2ft,0.05s
4.17.2026 15:14:10,T1,T2,8.5ft,0.05s
4.17.2026 15:14:10,T0,T1,1.4ft,0.05s
4.17.2026 15:14:10,T0,T2,7.2ft,0.05s
4.17.2026 15:14:10,T1,T2,8.5ft,0.05s
4.17.2026 15:14:10,T0,T1,1.4ft,0.05s
4.17.2026 15:14:10,T0,T2,7.2ft,0.05s
4.17.2026 15:14:10,T1,T2,8.5ft,0.05s
4.17.2026 15:14:10,T0,T1,1.4ft,0.05s
4.17.2026 15:14:10,T0,T2,7.2ft,0.05s
4.17.2026 15:14:10,T1,T2,8.5ft,0.05s
4.17.2026 15:14:10,T0,T1,1.4ft,0.05s
4.17.2026 15:14:10,T0,T2,7.2ft,0.05s
4.17.2026 15:14:10,T1,T2,8.6ft,0.05s
4.17.2026 15:14:10,T0,T1,1.5ft,0.05s
4.17.2026 15:14:10,T0,T2,7.2ft,0.05s
4.17.2026 15:14:10,T1,T2,8.6ft,0.05s
4.17.2026 15:14:10,T0,T1,1.5ft,0.05s
4.17.2026 15:14:10,T0,T2,7.2ft,0.05s
4.17.2026 15:14:10,T1,T2,8.6ft,0.05s
4.17.2026 15:14:10,T0,T1,1.4ft,0.05s
4.17.2026 15:14:10,T0,T2,7.2ft,0.05s
4.17.2026 15:14:10,T1,T2,8.6ft,0.05s
4.17.2026 15:14:10,T0,T1,1.4ft,0.05s
4.17.2026 15:14:10,T0,T2,7.2ft,0.05s
4.17.2026 15:14:10,T1,T2,8.6ft,0.05s
4.17.2026 15:14:10,T0,T1,1.4ft,0.05s
4.17.2026 15:14:10,T0,T2,7.2ft,0.05s
4.17.2026 15:14:10,T1,T2,8.6ft,0.05s
4.17.2026 15:14:11,T0,T1,1.4ft,0.05s
4.17.2026 15:14:11,T0,T2,7.2ft,0.05s
4.17.2026 15:14:11,T1,T2,8.6ft,0.05s
4.17.2026 15:14:11,T0,T1,1.5ft,0.05s
4.17.2026 15:14:11,T0,T2,7.2ft,0.05s
4.17.2026 15:14:11,T1,T2,8.7ft,0.05s
4.17.2026 15:14:11,T0,T1,1.5ft,0.05s
4.17.2026 15:14:11,T0,T2,7.2ft,0.05s
4.17.2026 15:14:11,T1,T2,8.7ft,0.05s
4.17.2026 15:14:11,T0,T1,1.5ft,0.05s
4.17.2026 15:14:11,T0,T2,7.2ft,0.05s
4.17.2026 15:14:11,T1,T2,8.7ft,0.05s
4.17.2026 15:14:11,T0,T1,1.5ft,0.05s
4.17.2026 15:14:11,T0,T2,7.2ft,0.05s
4.17.2026 15:14:11,T1,T2,8.6ft,0.05s
4.17.2026 15:14:11,T0,T1,1.5ft,0.05s
4.17.2026 15:14:11,T0,T2,7.2ft,0.05s
4.17.2026 15:14:11,T1,T2,8.7ft,0.05s
4.17.2026 15:14:11,T0,T1,1.5ft,0.05s
4.17.2026 15:14:11,T0,T2,7.2ft,0.05s
4.17.2026 15:14:11,T1,T2,8.7ft,0.05s
4.17.2026 15:14:11,T0,T1,1.6ft,0.05s
4.17.2026 15:14:11,T0,T2,7.1ft,0.05s
4.17.2026 15:14:11,T1,T2,8.7ft,0.05s
4.17.2026 15:14:11,T0,T1,1.6ft,0.05s
4.17.2026 15:14:11,T0,T2,7.1ft,0.05s
4.17.2026 15:14:11,T1,T2,8.7ft,0.05s
4.17.2026 15:14:11,T0,T1,1.6ft,0.05s
4.17.2026 15:14:11,T0,T2,7.1ft,0.05s
4.17.2026 15:14:11,T1,T2,8.8ft,0.05s
4.17.2026 15:14:11,T0,T1,1.6ft,0.05s
4.17.2026 15:14:11,T0,T2,7.1ft,0.05s
4.17.2026 15:14:11,T1,T2,8.8ft,0.05s
4.17.2026 15:14:11,T0,T1,1.6ft,0.05s
4.17.2026 15:14:11,T0,T2,7.1ft,0.05s
4.17.2026 15:14:11,T1,T2,8.8ft,0.05s
4.17.2026 15:14:11,T0,T1,1.6ft,0.05s
4.17.2026 15:14:11,T0,T2,7.1ft,0.05s
4.17.2026 15:14:11,T1,T2,8.7ft,0.05s
4.17.2026 15:14:11,T0,T1,1.6ft,0.05s
4.17.2026 15:14:11,T0,T2,7.1ft,0.05s
4.17.2026 15:14:11,T1,T2,8.7ft,0.05s
4.17.2026 15:14:11,T0,T1,1.6ft,0.05s
4.17.2026 15:14:11,T0,T2,7.1ft,0.05s
4.17.2026 15:14:11,T1,T2,8.7ft,0.05s
4.17.2026 15:14:11,T0,T1,1.6ft,0.05s
4.17.2026 15:14:11,T0,T2,7.1ft,0.05s
4.17.2026 15:14:11,T1,T2,8.7ft,0.05s
4.17.2026 15:14:11,T0,T1,1.6ft,0.05s
4.17.2026 15:14:11,T0,T2,7.1ft,0.05s
4.17.2026 15:14:11,T1,T2,8.7ft,0.05s
4.17.2026 15:14:11,T0,T1,1.6ft,0.05s
4.17.2026 15:14:11,T0,T2,7.1ft,0.05s
4.17.2026 15:14:11,T1,T2,8.7ft,0.05s
4.17.2026 15:14:11,T0,T1,1.6ft,0.05s
4.17.2026 15:14:11,T0,T2,7.1ft,0.05s
4.17.2026 15:14:11,T1,T2,8.7ft,0.05s
4.17.2026 15:14:12,T0,T1,1.6ft,0.05s
4.17.2026 15:14:12,T0,T2,7.1ft,0.05s
4.17.2026 15:14:12,T1,T2,8.7ft,0.05s
4.17.2026 15:14:12,T0,T1,1.6ft,0.05s
4.17.2026 15:14:12,T0,T2,7.1ft,0.05s
4.17.2026 15:14:12,T1,T2,8.7ft,0.05s
4.17.2026 15:14:12,T0,T1,1.6ft,0.05s
4.17.2026 15:14:12,T0,T2,7.1ft,0.05s
4.17.2026 15:14:12,T1,T2,8.7ft,0.05s
4.17.2026 15:14:12,T0,T1,1.6ft,0.05s
4.17.2026 15:14:12,T0,T2,7.1ft,0.05s
4.17.2026 15:14:12,T1,T2,8.7ft,0.05s
4.17.2026 15:14:12,T0,T1,1.6ft,0.05s
4.17.2026 15:14:12,T0,T2,7.1ft,0.05s
4.17.2026 15:14:12,T1,T2,8.7ft,0.05s
4.17.2026 15:14:12,T0,T1,1.6ft,0.05s
4.17.2026 15:14:12,T0,T2,7.1ft,0.05s
4.17.2026 15:14:12,T1,T2,8.7ft,0.05s
4.17.2026 15:14:12,T0,T1,1.6ft,0.05s
4.17.2026 15:14:12,T0,T2,7.1ft,0.05s
4.17.2026 15:14:12,T1,T2,8.7ft,0.05s
4.17.2026 15:14:12,T0,T1,1.6ft,0.05s
4.17.2026 15:14:12,T0,T2,7.1ft,0.05s
4.17.2026 15:14:12,T1,T2,8.7ft,0.05s
4.17.2026 15:14:12,T0,T1,1.6ft,0.05s
4.17.2026 15:14:12,T0,T2,7.1ft,0.05s
4.17.2026 15:14:12,T1,T2,8.7ft,0.05s
4.17.2026 15:14:12,T0,T1,1.6ft,0.05s
4.17.2026 15:14:12,T0,T2,7.1ft,0.05s
4.17.2026 15:14:12,T1,T2,8.7ft,0.05s
4.17.2026 15:14:12,T0,T1,1.5ft,0.05s
4.17.2026 15:14:12,T0,T2,7.1ft,0.05s
4.17.2026 15:14:12,T1,T2,8.7ft,0.05s
4.17.2026 15:14:12,T0,T1,1.5ft,0.07s
4.17.2026 15:14:12,T0,T2,7.1ft,0.07s
4.17.2026 15:14:12,T1,T2,8.6ft,0.07s
4.17.2026 15:14:12,T0,T1,1.5ft,0.05s
4.17.2026 15:14:12,T0,T2,7.1ft,0.05s
4.17.2026 15:14:12,T1,T2,8.6ft,0.05s
4.17.2026 15:14:12,T0,T1,1.4ft,0.05s
4.17.2026 15:14:12,T0,T2,7.2ft,0.05s
4.17.2026 15:14:12,T1,T2,8.6ft,0.05s
4.17.2026 15:14:12,T0,T1,1.5ft,0.05s
4.17.2026 15:14:12,T0,T2,7.2ft,0.05s
4.17.2026 15:14:12,T1,T2,8.6ft,0.05s
4.17.2026 15:14:12,T0,T1,1.5ft,0.05s
4.17.2026 15:14:12,T0,T2,7.2ft,0.05s
4.17.2026 15:14:12,T1,T2,8.6ft,0.05s
4.17.2026 15:14:12,T0,T1,1.5ft,0.05s
4.17.2026 15:14:12,T0,T2,7.2ft,0.05s
4.17.2026 15:14:12,T1,T2,8.6ft,0.05s
4.17.2026 15:14:12,T0,T1,1.4ft,0.05s
4.17.2026 15:14:12,T0,T2,7.2ft,0.05s
4.17.2026 15:14:12,T1,T2,8.6ft,0.05s
4.17.2026 15:14:12,T0,T1,1.4ft,0.05s
4.17.2026 15:14:12,T0,T2,7.2ft,0.05s
4.17.2026 15:14:12,T1,T2,8.6ft,0.05s
4.17.2026 15:14:12,T0,T1,1.4ft,0.05s
4.17.2026 15:14:12,T0,T2,7.2ft,0.05s
4.17.2026 15:14:12,T1,T2,8.6ft,0.05s
4.17.2026 15:14:13,T0,T1,1.4ft,0.05s
4.17.2026 15:14:13,T0,T2,7.2ft,0.05s
4.17.2026 15:14:13,T1,T2,8.5ft,0.05s
4.17.2026 15:14:13,T0,T1,1.4ft,0.05s
4.17.2026 15:14:13,T0,T2,7.2ft,0.05s
4.17.2026 15:14:13,T1,T2,8.5ft,0.05s
4.17.2026 15:14:13,T0,T1,1.4ft,0.05s
4.17.2026 15:14:13,T0,T2,7.2ft,0.05s
4.17.2026 15:14:13,T1,T2,8.4ft,0.05s
4.17.2026 15:14:13,T0,T1,1.4ft,0.05s
4.17.2026 15:14:13,T0,T2,7.2ft,0.05s
4.17.2026 15:14:13,T1,T2,8.4ft,0.05s
4.17.2026 15:14:13,T0,T1,1.4ft,0.05s
4.17.2026 15:14:13,T0,T2,7.2ft,0.05s
4.17.2026 15:14:13,T1,T2,8.3ft,0.05s
4.17.2026 15:14:13,T0,T1,1.4ft,0.05s
4.17.2026 15:14:13,T0,T2,7.2ft,0.05s
4.17.2026 15:14:13,T1,T2,8.3ft,0.05s
4.17.2026 15:14:13,T0,T1,1.4ft,0.05s
4.17.2026 15:14:13,T0,T2,7.2ft,0.05s
4.17.2026 15:14:13,T1,T2,8.2ft,0.05s
4.17.2026 15:14:13,T0,T1,1.4ft,0.05s
4.17.2026 15:14:13,T0,T2,7.2ft,0.05s
4.17.2026 15:14:13,T1,T2,8.2ft,0.05s
4.17.2026 15:14:13,T0,T1,1.4ft,0.05s
4.17.2026 15:14:13,T0,T2,7.2ft,0.05s
4.17.2026 15:14:13,T1,T2,8.2ft,0.05s
4.17.2026 15:14:13,T0,T1,1.4ft,0.05s
4.17.2026 15:14:13,T0,T2,7.2ft,0.05s
4.17.2026 15:14:13,T1,T2,8.2ft,0.05s
4.17.2026 15:14:13,T0,T1,1.3ft,0.05s
4.17.2026 15:14:13,T0,T2,7.2ft,0.05s
4.17.2026 15:14:13,T1,T2,8.2ft,0.05s
4.17.2026 15:14:13,T0,T1,1.3ft,0.05s
4.17.2026 15:14:13,T0,T2,7.2ft,0.05s
4.17.2026 15:14:13,T1,T2,8.2ft,0.05s
4.17.2026 15:14:13,T0,T1,1.3ft,0.05s
4.17.2026 15:14:13,T0,T2,7.2ft,0.05s
4.17.2026 15:14:13,T1,T2,8.3ft,0.05s
4.17.2026 15:14:13,T0,T1,1.3ft,0.05s
4.17.2026 15:14:13,T0,T2,7.2ft,0.05s
4.17.2026 15:14:13,T1,T2,8.3ft,0.05s
4.17.2026 15:14:13,T0,T1,1.3ft,0.05s
4.17.2026 15:14:13,T0,T2,7.2ft,0.05s
4.17.2026 15:14:13,T1,T2,8.4ft,0.05s
4.17.2026 15:14:13,T0,T1,1.3ft,0.05s
4.17.2026 15:14:13,T0,T2,7.2ft,0.05s
4.17.2026 15:14:13,T1,T2,8.4ft,0.05s
4.17.2026 15:14:13,T0,T1,1.3ft,0.05s
4.17.2026 15:14:13,T0,T2,7.2ft,0.05s
4.17.2026 15:14:13,T1,T2,8.4ft,0.05s
4.17.2026 15:14:13,T0,T1,1.3ft,0.05s
4.17.2026 15:14:13,T0,T2,7.2ft,0.05s
4.17.2026 15:14:13,T1,T2,8.4ft,0.05s
4.17.2026 15:14:13,T0,T1,1.3ft,0.05s
4.17.2026 15:14:13,T0,T2,7.2ft,0.05s
4.17.2026 15:14:13,T1,T2,8.4ft,0.05s
4.17.2026 15:14:14,T0,T1,1.3ft,0.05s
4.17.2026 15:14:14,T0,T2,7.2ft,0.05s
4.17.2026 15:14:14,T1,T2,8.4ft,0.05s
4.17.2026 15:14:14,T0,T1,1.3ft,0.05s
4.17.2026 15:14:14,T0,T2,7.2ft,0.05s
4.17.2026 15:14:14,T1,T2,8.4ft,0.05s
4.17.2026 15:14:14,T0,T1,1.4ft,0.06s
4.17.2026 15:14:14,T0,T2,7.2ft,0.06s
4.17.2026 15:14:14,T1,T2,8.5ft,0.06s
4.17.2026 15:14:14,T0,T1,1.3ft,0.05s
4.17.2026 15:14:14,T0,T2,7.2ft,0.05s
4.17.2026 15:14:14,T1,T2,8.4ft,0.05s
4.17.2026 15:14:14,T0,T1,1.3ft,0.05s
4.17.2026 15:14:14,T0,T2,7.2ft,0.05s
4.17.2026 15:14:14,T1,T2,8.4ft,0.05s
4.17.2026 15:14:14,T0,T1,1.3ft,0.05s
4.17.2026 15:14:14,T0,T2,7.2ft,0.05s
4.17.2026 15:14:14,T1,T2,8.4ft,0.05s
4.17.2026 15:14:14,T0,T1,1.3ft,0.05s
4.17.2026 15:14:14,T0,T2,7.2ft,0.05s
4.17.2026 15:14:14,T1,T2,8.4ft,0.05s
4.17.2026 15:14:14,T0,T1,1.3ft,0.05s
4.17.2026 15:14:14,T0,T2,7.2ft,0.05s
4.17.2026 15:14:14,T1,T2,8.5ft,0.05s
4.17.2026 15:14:14,T0,T1,1.4ft,0.05s
4.17.2026 15:14:14,T0,T2,7.2ft,0.05s
4.17.2026 15:14:14,T1,T2,8.5ft,0.05s
4.17.2026 15:14:14,T0,T1,1.4ft,0.05s
4.17.2026 15:14:14,T0,T2,7.2ft,0.05s
4.17.2026 15:14:14,T1,T2,8.5ft,0.05s
4.17.2026 15:14:14,T0,T1,1.4ft,0.05s
4.17.2026 15:14:14,T0,T2,7.2ft,0.05s
4.17.2026 15:14:14,T1,T2,8.5ft,0.05s
4.17.2026 15:14:14,T0,T1,1.4ft,0.05s
4.17.2026 15:14:14,T0,T2,7.2ft,0.05s
4.17.2026 15:14:14,T1,T2,8.5ft,0.05s
4.17.2026 15:14:14,T0,T1,1.4ft,0.05s
4.17.2026 15:14:14,T0,T2,7.2ft,0.05s
4.17.2026 15:14:14,T1,T2,8.5ft,0.05s
4.17.2026 15:14:14,T0,T1,1.4ft,0.05s
4.17.2026 15:14:14,T0,T2,7.2ft,0.05s
4.17.2026 15:14:14,T1,T2,8.5ft,0.05s
4.17.2026 15:14:14,T0,T1,1.4ft,0.05s
4.17.2026 15:14:14,T0,T2,7.2ft,0.05s
4.17.2026 15:14:14,T1,T2,8.5ft,0.05s
4.17.2026 15:14:14,T0,T1,1.4ft,0.05s
4.17.2026 15:14:14,T0,T2,7.2ft,0.05s
4.17.2026 15:14:14,T1,T2,8.5ft,0.05s
4.17.2026 15:14:14,T0,T1,1.4ft,0.05s
4.17.2026 15:14:14,T0,T2,7.2ft,0.05s
4.17.2026 15:14:14,T1,T2,8.5ft,0.05s
4.17.2026 15:14:14,T0,T1,1.4ft,0.05s
4.17.2026 15:14:14,T0,T2,7.2ft,0.05s
4.17.2026 15:14:14,T1,T2,8.5ft,0.05s
4.17.2026 15:14:14,T0,T1,1.4ft,0.05s
4.17.2026 15:14:14,T0,T2,7.2ft,0.05s
4.17.2026 15:14:14,T1,T2,8.5ft,0.05s
4.17.2026 15:14:14,T0,T1,1.4ft,0.05s
4.17.2026 15:14:14,T0,T2,7.2ft,0.05s
4.17.2026 15:14:14,T1,T2,8.5ft,0.05s
4.17.2026 15:14:15,T0,T1,1.4ft,0.05s
4.17.2026 15:14:15,T0,T2,7.2ft,0.05s
4.17.2026 15:14:15,T1,T2,8.5ft,0.05s
4.17.2026 15:14:15,T0,T1,1.4ft,0.05s
4.17.2026 15:14:15,T0,T2,7.2ft,0.05s
4.17.2026 15:14:15,T1,T2,8.6ft,0.05s
4.17.2026 15:14:15,T0,T1,1.5ft,0.05s
4.17.2026 15:14:15,T0,T2,7.2ft,0.05s
4.17.2026 15:14:15,T1,T2,8.6ft,0.05s
4.17.2026 15:14:15,T0,T1,1.5ft,0.05s
4.17.2026 15:14:15,T0,T2,7.2ft,0.05s
4.17.2026 15:14:15,T1,T2,8.6ft,0.05s
4.17.2026 15:14:15,T0,T1,1.5ft,0.05s
4.17.2026 15:14:15,T0,T2,7.2ft,0.05s
4.17.2026 15:14:15,T1,T2,8.6ft,0.05s
4.17.2026 15:14:15,T0,T1,1.4ft,0.05s
4.17.2026 15:14:15,T0,T2,7.2ft,0.05s
4.17.2026 15:14:15,T1,T2,8.6ft,0.05s
4.17.2026 15:14:15,T0,T1,1.4ft,0.05s
4.17.2026 15:14:15,T0,T2,7.2ft,0.05s
4.17.2026 15:14:15,T1,T2,8.5ft,0.05s
4.17.2026 15:14:15,T0,T1,1.4ft,0.05s
4.17.2026 15:14:15,T0,T2,7.2ft,0.05s
4.17.2026 15:14:15,T1,T2,8.5ft,0.05s
4.17.2026 15:14:15,T0,T1,1.4ft,0.05s
4.17.2026 15:14:15,T0,T2,7.2ft,0.05s
4.17.2026 15:14:15,T1,T2,8.5ft,0.05s
4.17.2026 15:14:15,T0,T1,1.4ft,0.05s
4.17.2026 15:14:15,T0,T2,7.2ft,0.05s
4.17.2026 15:14:15,T1,T2,8.5ft,0.05s
4.17.2026 15:14:15,T0,T1,1.4ft,0.05s
4.17.2026 15:14:15,T0,T2,7.2ft,0.05s
4.17.2026 15:14:15,T1,T2,8.5ft,0.05s
4.17.2026 15:14:15,T0,T1,1.4ft,0.05s
4.17.2026 15:14:15,T0,T2,7.2ft,0.05s
4.17.2026 15:14:15,T1,T2,8.4ft,0.05s
4.17.2026 15:14:15,T0,T1,1.4ft,0.05s
4.17.2026 15:14:15,T0,T2,7.2ft,0.05s
4.17.2026 15:14:15,T1,T2,8.4ft,0.05s
4.17.2026 15:14:15,T0,T1,1.4ft,0.05s
4.17.2026 15:14:15,T0,T2,7.2ft,0.05s
4.17.2026 15:14:15,T1,T2,8.4ft,0.05s
4.17.2026 15:14:15,T0,T1,1.3ft,0.05s
4.17.2026 15:14:15,T0,T2,7.1ft,0.05s
4.17.2026 15:14:15,T1,T2,8.4ft,0.05s
4.17.2026 15:14:15,T0,T1,1.4ft,0.05s
4.17.2026 15:14:15,T0,T2,7.1ft,0.05s
4.17.2026 15:14:15,T1,T2,8.4ft,0.05s
4.17.2026 15:14:15,T0,T1,1.4ft,0.05s
4.17.2026 15:14:15,T0,T2,7.1ft,0.05s
4.17.2026 15:14:15,T1,T2,8.5ft,0.05s
4.17.2026 15:14:15,T0,T1,1.4ft,0.05s
4.17.2026 15:14:15,T0,T2,7.2ft,0.05s
4.17.2026 15:14:15,T1,T2,8.5ft,0.05s
4.17.2026 15:14:15,T0,T1,1.4ft,0.05s
4.17.2026 15:14:15,T0,T2,7.2ft,0.05s
4.17.2026 15:14:15,T1,T2,8.5ft,0.05s
4.17.2026 15:14:15,T0,T1,1.4ft,0.05s
4.17.2026 15:14:15,T0,T2,7.2ft,0.05s
4.17.2026 15:14:15,T1,T2,8.6ft,0.05s
4.17.2026 15:14:16,T0,T1,1.5ft,0.05s
4.17.2026 15:14:16,T0,T2,7.2ft,0.05s
4.17.2026 15:14:16,T1,T2,8.6ft,0.05s
4.17.2026 15:14:16,T0,T1,1.5ft,0.05s
4.17.2026 15:14:16,T0,T2,7.2ft,0.05s
4.17.2026 15:14:16,T1,T2,8.7ft,0.05s
4.17.2026 15:14:16,T0,T1,1.5ft,0.05s
4.17.2026 15:14:16,T0,T2,7.2ft,0.05s
4.17.2026 15:14:16,T1,T2,8.6ft,0.05s
4.17.2026 15:14:16,T0,T1,1.5ft,0.05s
4.17.2026 15:14:16,T0,T2,7.2ft,0.05s
4.17.2026 15:14:16,T1,T2,8.6ft,0.05s
4.17.2026 15:14:16,T0,T1,1.4ft,0.05s
4.17.2026 15:14:16,T0,T2,7.2ft,0.05s
4.17.2026 15:14:16,T1,T2,8.6ft,0.05s
4.17.2026 15:14:16,T0,T1,1.4ft,0.05s
4.17.2026 15:14:16,T0,T2,7.2ft,0.05s
4.17.2026 15:14:16,T1,T2,8.6ft,0.05s
4.17.2026 15:14:16,T0,T1,1.4ft,0.05s
4.17.2026 15:14:16,T0,T2,7.2ft,0.05s
4.17.2026 15:14:16,T1,T2,8.6ft,0.05s
4.17.2026 15:14:16,T0,T1,1.4ft,0.05s
4.17.2026 15:14:16,T0,T2,7.2ft,0.05s
4.17.2026 15:14:16,T1,T2,8.6ft,0.05s
4.17.2026 15:14:16,T0,T1,1.4ft,0.05s
4.17.2026 15:14:16,T0,T2,7.2ft,0.05s
4.17.2026 15:14:16,T1,T2,8.6ft,0.05s
4.17.2026 15:14:16,T0,T1,1.4ft,0.05s
4.17.2026 15:14:16,T0,T2,7.2ft,0.05s
4.17.2026 15:14:16,T1,T2,8.5ft,0.05s
4.17.2026 15:14:16,T0,T1,1.4ft,0.05s
4.17.2026 15:14:16,T0,T2,7.2ft,0.05s
4.17.2026 15:14:16,T1,T2,8.5ft,0.05s
4.17.2026 15:14:16,T0,T1,1.4ft,0.05s
4.17.2026 15:14:16,T0,T2,7.2ft,0.05s
4.17.2026 15:14:16,T1,T2,8.5ft,0.05s
4.17.2026 15:14:16,T0,T1,1.4ft,0.05s
4.17.2026 15:14:16,T0,T2,7.2ft,0.05s
4.17.2026 15:14:16,T1,T2,8.5ft,0.05s
4.17.2026 15:14:16,T0,T1,1.4ft,0.05s
4.17.2026 15:14:16,T0,T2,7.2ft,0.05s
4.17.2026 15:14:16,T1,T2,8.5ft,0.05s
4.17.2026 15:14:16,T0,T1,1.4ft,0.05s
4.17.2026 15:14:16,T0,T2,7.2ft,0.05s
4.17.2026 15:14:16,T1,T2,8.6ft,0.05s
4.17.2026 15:14:16,T0,T1,1.4ft,0.05s
4.17.2026 15:14:16,T0,T2,7.2ft,0.05s
4.17.2026 15:14:16,T1,T2,8.6ft,0.05s
4.17.2026 15:14:16,T0,T1,1.4ft,0.05s
4.17.2026 15:14:16,T0,T2,7.2ft,0.05s
4.17.2026 15:14:16,T1,T2,8.6ft,0.05s
4.17.2026 15:14:16,T0,T1,1.4ft,0.05s
4.17.2026 15:14:16,T0,T2,7.2ft,0.05s
4.17.2026 15:14:16,T1,T2,8.6ft,0.05s
4.17.2026 15:14:16,T0,T1,1.4ft,0.05s
4.17.2026 15:14:16,T0,T2,7.2ft,0.05s
4.17.2026 15:14:16,T1,T2,8.6ft,0.05s
4.17.2026 15:14:16,T0,T1,1.4ft,0.05s
4.17.2026 15:14:16,T0,T2,7.2ft,0.05s
4.17.2026 15:14:16,T1,T2,8.5ft,0.05s
4.17.2026 15:14:17,T0,T1,1.4ft,0.05s
4.17.2026 15:14:17,T0,T2,7.2ft,0.05s
4.17.2026 15:14:17,T1,T2,8.5ft,0.05s
4.17.2026 15:14:17,T0,T1,1.4ft,0.05s
4.17.2026 15:14:17,T0,T2,7.2ft,0.05s
4.17.2026 15:14:17,T1,T2,8.5ft,0.05s
4.17.2026 15:14:17,T0,T1,1.4ft,0.05s
4.17.2026 15:14:17,T0,T2,7.2ft,0.05s
4.17.2026 15:14:17,T1,T2,8.5ft,0.05s
4.17.2026 15:14:17,T0,T1,1.4ft,0.05s
4.17.2026 15:14:17,T0,T2,7.2ft,0.05s
4.17.2026 15:14:17,T1,T2,8.5ft,0.05s
4.17.2026 15:14:17,T0,T1,1.4ft,0.05s
4.17.2026 15:14:17,T0,T2,7.2ft,0.05s
4.17.2026 15:14:17,T1,T2,8.5ft,0.05s
4.17.2026 15:14:17,T0,T1,1.4ft,0.05s
4.17.2026 15:14:17,T0,T2,7.2ft,0.05s
4.17.2026 15:14:17,T1,T2,8.4ft,0.05s
4.17.2026 15:14:17,T0,T1,1.4ft,0.05s
4.17.2026 15:14:17,T0,T2,7.2ft,0.05s
4.17.2026 15:14:17,T1,T2,8.4ft,0.05s
4.17.2026 15:14:17,T0,T1,1.4ft,0.05s
4.17.2026 15:14:17,T0,T2,7.2ft,0.05s
4.17.2026 15:14:17,T1,T2,8.3ft,0.05s
4.17.2026 15:14:17,T0,T1,1.4ft,0.05s
4.17.2026 15:14:17,T0,T2,7.2ft,0.05s
4.17.2026 15:14:17,T1,T2,8.4ft,0.05s
4.17.2026 15:14:17,T0,T1,1.4ft,0.05s
4.17.2026 15:14:17,T0,T2,7.2ft,0.05s
4.17.2026 15:14:17,T1,T2,8.4ft,0.05s
4.17.2026 15:14:17,T0,T1,1.4ft,0.05s
4.17.2026 15:14:17,T0,T2,7.2ft,0.05s
4.17.2026 15:14:17,T1,T2,8.4ft,0.05s
4.17.2026 15:14:17,T0,T1,1.4ft,0.05s
4.17.2026 15:14:17,T0,T2,7.2ft,0.05s
4.17.2026 15:14:17,T1,T2,8.4ft,0.05s
4.17.2026 15:14:17,T0,T1,1.4ft,0.05s
4.17.2026 15:14:17,T0,T2,7.2ft,0.05s
4.17.2026 15:14:17,T1,T2,8.4ft,0.05s
4.17.2026 15:14:17,T0,T1,1.4ft,0.05s
4.17.2026 15:14:17,T0,T2,7.2ft,0.05s
4.17.2026 15:14:17,T1,T2,8.4ft,0.05s
4.17.2026 15:14:17,T0,T1,1.4ft,0.05s
4.17.2026 15:14:17,T0,T2,7.2ft,0.05s
4.17.2026 15:14:17,T1,T2,8.4ft,0.05s
4.17.2026 15:14:17,T0,T1,1.4ft,0.05s
4.17.2026 15:14:17,T0,T2,7.2ft,0.05s
4.17.2026 15:14:17,T1,T2,8.4ft,0.05s
4.17.2026 15:14:17,T0,T1,1.4ft,0.05s
4.17.2026 15:14:17,T0,T2,7.2ft,0.05s
4.17.2026 15:14:17,T1,T2,8.4ft,0.05s
4.17.2026 15:14:17,T0,T1,1.4ft,0.05s
4.17.2026 15:14:17,T0,T2,7.2ft,0.05s
4.17.2026 15:14:17,T1,T2,8.4ft,0.05s
4.17.2026 15:14:17,T0,T1,1.4ft,0.05s
4.17.2026 15:14:17,T0,T2,7.2ft,0.05s
4.17.2026 15:14:17,T1,T2,8.4ft,0.05s
4.17.2026 15:14:18,T0,T1,1.3ft,0.05s
4.17.2026 15:14:18,T0,T2,7.2ft,0.05s
4.17.2026 15:14:18,T1,T2,8.4ft,0.05s
4.17.2026 15:14:18,T0,T1,1.3ft,0.05s
4.17.2026 15:14:18,T0,T2,7.2ft,0.05s
4.17.2026 15:14:18,T1,T2,8.4ft,0.05s
4.17.2026 15:14:18,T0,T1,1.3ft,0.05s
4.17.2026 15:14:18,T0,T2,7.2ft,0.05s
4.17.2026 15:14:18,T1,T2,8.4ft,0.05s
4.17.2026 15:14:18,T0,T1,1.3ft,0.05s
4.17.2026 15:14:18,T0,T2,7.2ft,0.05s
4.17.2026 15:14:18,T1,T2,8.4ft,0.05s
4.17.2026 15:14:18,T0,T1,1.4ft,0.05s
4.17.2026 15:14:18,T0,T2,7.2ft,0.05s
4.17.2026 15:14:18,T1,T2,8.5ft,0.05s
4.17.2026 15:14:18,T0,T1,1.4ft,0.05s
4.17.2026 15:14:18,T0,T2,7.2ft,0.05s
4.17.2026 15:14:18,T1,T2,8.5ft,0.05s
4.17.2026 15:14:18,T0,T1,1.4ft,0.05s
4.17.2026 15:14:18,T0,T2,7.2ft,0.05s
4.17.2026 15:14:18,T1,T2,8.5ft,0.05s
4.17.2026 15:14:18,T0,T1,1.4ft,0.05s
4.17.2026 15:14:18,T0,T2,7.2ft,0.05s
4.17.2026 15:14:18,T1,T2,8.5ft,0.05s
4.17.2026 15:14:18,T0,T1,1.4ft,0.05s
4.17.2026 15:14:18,T0,T2,7.2ft,0.05s
4.17.2026 15:14:18,T1,T2,8.5ft,0.05s
4.17.2026 15:14:18,T0,T1,1.4ft,0.05s
4.17.2026 15:14:18,T0,T2,7.2ft,0.05s
4.17.2026 15:14:18,T1,T2,8.5ft,0.05s
4.17.2026 15:14:18,T0,T1,1.4ft,0.05s
4.17.2026 15:14:18,T0,T2,7.2ft,0.05s
4.17.2026 15:14:18,T1,T2,8.5ft,0.05s
4.17.2026 15:14:18,T0,T1,1.4ft,0.05s
4.17.2026 15:14:18,T0,T2,7.2ft,0.05s
4.17.2026 15:14:18,T1,T2,8.5ft,0.05s
4.17.2026 15:14:18,T0,T1,1.4ft,0.05s
4.17.2026 15:14:18,T0,T2,7.2ft,0.05s
4.17.2026 15:14:18,T1,T2,8.5ft,0.05s
4.17.2026 15:14:18,T0,T1,1.4ft,0.05s
4.17.2026 15:14:18,T0,T2,7.2ft,0.05s
4.17.2026 15:14:18,T1,T2,8.5ft,0.05s
4.17.2026 15:14:18,T0,T1,1.4ft,0.05s
4.17.2026 15:14:18,T0,T2,7.2ft,0.05s
4.17.2026 15:14:18,T1,T2,8.5ft,0.05s
4.17.2026 15:14:18,T0,T1,1.4ft,0.05s
4.17.2026 15:14:18,T0,T2,7.2ft,0.05s
4.17.2026 15:14:18,T1,T2,8.5ft,0.05s
4.17.2026 15:14:18,T0,T1,1.4ft,0.05s
4.17.2026 15:14:18,T0,T2,7.2ft,0.05s
4.17.2026 15:14:18,T1,T2,8.5ft,0.05s
4.17.2026 15:14:18,T0,T1,1.4ft,0.05s
4.17.2026 15:14:18,T0,T2,7.2ft,0.05s
4.17.2026 15:14:18,T1,T2,8.5ft,0.05s
4.17.2026 15:14:18,T0,T1,1.4ft,0.05s
4.17.2026 15:14:18,T0,T2,7.2ft,0.05s
4.17.2026 15:14:18,T1,T2,8.5ft,0.05s
4.17.2026 15:14:18,T0,T1,1.4ft,0.05s
4.17.2026 15:14:18,T0,T2,7.2ft,0.05s
4.17.2026 15:14:18,T1,T2,8.5ft,0.05s
4.17.2026 15:14:19,T0,T1,1.4ft,0.05s
4.17.2026 15:14:19,T0,T2,7.2ft,0.05s
4.17.2026 15:14:19,T1,T2,8.5ft,0.05s
4.17.2026 15:14:19,T0,T1,1.4ft,0.05s
4.17.2026 15:14:19,T0,T2,7.2ft,0.05s
4.17.2026 15:14:19,T1,T2,8.5ft,0.05s
4.17.2026 15:14:19,T0,T1,1.4ft,0.05s
4.17.2026 15:14:19,T0,T2,7.2ft,0.05s
4.17.2026 15:14:19,T1,T2,8.4ft,0.05s
4.17.2026 15:14:19,T0,T1,1.3ft,0.05s
4.17.2026 15:14:19,T0,T2,7.2ft,0.05s
4.17.2026 15:14:19,T1,T2,8.4ft,0.05s
4.17.2026 15:14:19,T0,T1,1.3ft,0.05s
4.17.2026 15:14:19,T0,T2,7.2ft,0.05s
4.17.2026 15:14:19,T1,T2,8.4ft,0.05s
4.17.2026 15:14:19,T0,T1,1.3ft,0.05s
4.17.2026 15:14:19,T0,T2,7.2ft,0.05s
4.17.2026 15:14:19,T1,T2,8.4ft,0.05s
4.17.2026 15:14:19,T0,T1,1.4ft,0.05s
4.17.2026 15:14:19,T0,T2,7.2ft,0.05s
4.17.2026 15:14:19,T1,T2,8.5ft,0.05s
4.17.2026 15:14:19,T0,T1,1.4ft,0.05s
4.17.2026 15:14:19,T0,T2,7.2ft,0.05s
4.17.2026 15:14:19,T1,T2,8.5ft,0.05s
4.17.2026 15:14:19,T0,T1,1.4ft,0.05s
4.17.2026 15:14:19,T0,T2,7.2ft,0.05s
4.17.2026 15:14:19,T1,T2,8.6ft,0.05s
4.17.2026 15:14:19,T0,T1,1.5ft,0.05s
4.17.2026 15:14:19,T0,T2,7.2ft,0.05s
4.17.2026 15:14:19,T1,T2,8.6ft,0.05s
4.17.2026 15:14:19,T0,T1,1.5ft,0.05s
4.17.2026 15:14:19,T0,T2,7.2ft,0.05s
4.17.2026 15:14:19,T1,T2,8.7ft,0.05s
4.17.2026 15:14:19,T0,T1,1.7ft,0.05s
4.17.2026 15:14:19,T0,T2,7.2ft,0.05s
4.17.2026 15:14:19,T1,T2,8.8ft,0.05s
4.17.2026 15:14:19,T0,T1,1.8ft,0.05s
4.17.2026 15:14:19,T0,T2,7.2ft,0.05s
4.17.2026 15:14:19,T1,T2,9.0ft,0.05s
4.17.2026 15:14:19,T0,T1,1.9ft,0.05s
4.17.2026 15:14:19,T0,T2,7.2ft,0.05s
4.17.2026 15:14:19,T1,T2,9.1ft,0.05s
4.17.2026 15:14:19,T0,T1,2.0ft,0.05s
4.17.2026 15:14:19,T0,T2,7.2ft,0.05s
4.17.2026 15:14:19,T1,T2,9.1ft,0.05s
4.17.2026 15:14:19,T0,T1,2.1ft,0.05s
4.17.2026 15:14:19,T0,T2,7.2ft,0.05s
4.17.2026 15:14:19,T1,T2,9.2ft,0.05s
4.17.2026 15:14:19,T0,T1,2.2ft,0.05s
4.17.2026 15:14:19,T0,T2,7.2ft,0.05s
4.17.2026 15:14:19,T1,T2,9.3ft,0.05s
4.17.2026 15:14:19,T0,T1,2.3ft,0.05s
4.17.2026 15:14:19,T0,T2,7.2ft,0.05s
4.17.2026 15:14:19,T1,T2,9.4ft,0.05s
4.17.2026 15:14:19,T0,T1,2.3ft,0.05s
4.17.2026 15:14:19,T0,T2,7.2ft,0.05s
4.17.2026 15:14:19,T1,T2,9.4ft,0.05s
4.17.2026 15:14:19,T0,T1,2.3ft,0.05s
4.17.2026 15:14:19,T0,T2,7.2ft,0.05s
4.17.2026 15:14:19,T1,T2,9.4ft,0.05s
4.17.2026 15:14:20,T0,T1,2.3ft,0.05s
4.17.2026 15:14:20,T0,T2,7.2ft,0.05s
4.17.2026 15:14:20,T1,T2,9.4ft,0.05s
4.17.2026 15:14:20,T0,T1,2.2ft,0.05s
4.17.2026 15:14:20,T0,T2,7.2ft,0.05s
4.17.2026 15:14:20,T1,T2,9.3ft,0.05s
4.17.2026 15:14:20,T0,T1,2.1ft,0.05s
4.17.2026 15:14:20,T0,T2,7.2ft,0.05s
4.17.2026 15:14:20,T1,T2,9.2ft,0.05s
4.17.2026 15:14:20,T0,T1,2.0ft,0.05s
4.17.2026 15:14:20,T0,T2,7.2ft,0.05s
4.17.2026 15:14:20,T1,T2,9.1ft,0.05s
4.17.2026 15:14:20,T0,T1,1.9ft,0.05s
4.17.2026 15:14:20,T0,T2,7.2ft,0.05s
4.17.2026 15:14:20,T1,T2,9.0ft,0.05s
4.17.2026 15:14:20,T0,T1,1.8ft,0.05s
4.17.2026 15:14:20,T0,T2,7.2ft,0.05s
4.17.2026 15:14:20,T1,T2,8.9ft,0.05s
4.17.2026 15:14:20,T0,T1,1.7ft,0.05s
4.17.2026 15:14:20,T0,T2,7.2ft,0.05s
4.17.2026 15:14:20,T1,T2,8.8ft,0.05s
4.17.2026 15:14:20,T0,T1,1.6ft,0.05s
4.17.2026 15:14:20,T0,T2,7.2ft,0.05s
4.17.2026 15:14:20,T1,T2,8.8ft,0.05s
4.17.2026 15:14:20,T0,T1,1.5ft,0.05s
4.17.2026 15:14:20,T0,T2,7.2ft,0.05s
4.17.2026 15:14:20,T1,T2,8.7ft,0.05s
4.17.2026 15:14:20,T0,T1,1.5ft,0.05s
4.17.2026 15:14:20,T0,T2,7.2ft,0.05s
4.17.2026 15:14:20,T1,T2,8.6ft,0.05s
4.17.2026 15:14:20,T0,T1,1.4ft,0.05s
4.17.2026 15:14:20,T0,T2,7.2ft,0.05s
4.17.2026 15:14:20,T1,T2,8.5ft,0.05s
4.17.2026 15:14:20,T0,T1,1.4ft,0.05s
4.17.2026 15:14:20,T0,T2,7.2ft,0.05s
4.17.2026 15:14:20,T1,T2,8.5ft,0.05s
4.17.2026 15:14:20,T0,T1,1.3ft,0.05s
4.17.2026 15:14:20,T0,T2,7.1ft,0.05s
4.17.2026 15:14:20,T1,T2,8.4ft,0.05s
4.17.2026 15:14:20,T0,T1,1.3ft,0.05s
4.17.2026 15:14:20,T0,T2,7.1ft,0.05s
4.17.2026 15:14:20,T1,T2,8.3ft,0.05s
4.17.2026 15:14:20,T0,T1,1.3ft,0.05s
4.17.2026 15:14:20,T0,T2,7.1ft,0.05s
4.17.2026 15:14:20,T1,T2,8.3ft,0.05s
4.17.2026 15:14:20,T0,T1,1.3ft,0.05s
4.17.2026 15:14:20,T0,T2,7.1ft,0.05s
4.17.2026 15:14:20,T1,T2,8.2ft,0.05s
4.17.2026 15:14:20,T0,T1,1.3ft,0.05s
4.17.2026 15:14:20,T0,T2,7.1ft,0.05s
4.17.2026 15:14:20,T1,T2,8.2ft,0.05s
4.17.2026 15:14:20,T0,T1,1.3ft,0.05s
4.17.2026 15:14:20,T0,T2,7.1ft,0.05s
4.17.2026 15:14:20,T1,T2,8.2ft,0.05s
4.17.2026 15:14:20,T0,T1,1.3ft,0.05s
4.17.2026 15:14:20,T0,T2,7.1ft,0.05s
4.17.2026 15:14:20,T1,T2,8.2ft,0.05s
4.17.2026 15:14:21,T0,T1,1.3ft,0.05s
4.17.2026 15:14:21,T0,T2,7.1ft,0.05s
4.17.2026 15:14:21,T1,T2,8.2ft,0.05s
4.17.2026 15:14:21,T0,T1,1.3ft,0.05s
4.17.2026 15:14:21,T0,T2,7.2ft,0.05s
4.17.2026 15:14:21,T1,T2,8.1ft,0.05s
4.17.2026 15:14:21,T0,T1,1.3ft,0.05s
4.17.2026 15:14:21,T0,T2,7.2ft,0.05s
4.17.2026 15:14:21,T1,T2,8.1ft,0.05s
4.17.2026 15:14:21,T0,T1,1.3ft,0.05s
4.17.2026 15:14:21,T0,T2,7.2ft,0.05s
4.17.2026 15:14:21,T1,T2,8.1ft,0.05s
4.17.2026 15:14:21,T0,T1,1.3ft,0.05s
4.17.2026 15:14:21,T0,T2,7.2ft,0.05s
4.17.2026 15:14:21,T1,T2,8.1ft,0.05s
4.17.2026 15:14:21,T0,T1,1.3ft,0.05s
4.17.2026 15:14:21,T0,T2,7.2ft,0.05s
4.17.2026 15:14:21,T1,T2,8.1ft,0.05s
4.17.2026 15:14:21,T0,T1,1.3ft,0.05s
4.17.2026 15:14:21,T0,T2,7.2ft,0.05s
4.17.2026 15:14:21,T1,T2,8.1ft,0.05s
4.17.2026 15:14:21,T0,T1,1.3ft,0.05s
4.17.2026 15:14:21,T0,T2,7.2ft,0.05s
4.17.2026 15:14:21,T1,T2,8.1ft,0.05s
4.17.2026 15:14:21,T0,T1,1.3ft,0.05s
4.17.2026 15:14:21,T0,T2,7.2ft,0.05s
4.17.2026 15:14:21,T1,T2,8.0ft,0.05s
4.17.2026 15:14:21,T0,T1,1.3ft,0.05s
4.17.2026 15:14:21,T0,T2,7.2ft,0.05s
4.17.2026 15:14:21,T1,T2,8.1ft,0.05s
4.17.2026 15:14:21,T0,T1,1.3ft,0.05s
4.17.2026 15:14:21,T0,T2,7.2ft,0.05s
4.17.2026 15:14:21,T1,T2,8.2ft,0.05s
4.17.2026 15:14:21,T0,T1,1.3ft,0.05s
4.17.2026 15:14:21,T0,T2,7.2ft,0.05s
4.17.2026 15:14:21,T1,T2,8.4ft,0.05s
4.17.2026 15:14:21,T0,T1,1.4ft,0.05s
4.17.2026 15:14:21,T0,T2,7.2ft,0.05s
4.17.2026 15:14:21,T1,T2,8.5ft,0.05s
4.17.2026 15:14:21,T0,T1,1.5ft,0.05s
4.17.2026 15:14:21,T0,T2,7.2ft,0.05s
4.17.2026 15:14:21,T1,T2,8.7ft,0.05s
4.17.2026 15:14:21,T0,T1,1.5ft,0.05s
4.17.2026 15:14:21,T0,T2,7.2ft,0.05s
4.17.2026 15:14:21,T1,T2,8.7ft,0.05s
4.17.2026 15:14:21,T0,T1,1.5ft,0.05s
4.17.2026 15:14:21,T0,T2,7.2ft,0.05s
4.17.2026 15:14:21,T1,T2,8.7ft,0.05s
4.17.2026 15:14:21,T0,T1,1.5ft,0.05s
4.17.2026 15:14:21,T0,T2,7.2ft,0.05s
4.17.2026 15:14:21,T1,T2,8.7ft,0.05s
4.17.2026 15:14:21,T0,T1,1.5ft,0.05s
4.17.2026 15:14:21,T0,T2,7.2ft,0.05s
4.17.2026 15:14:21,T1,T2,8.6ft,0.05s
4.17.2026 15:14:21,T0,T1,1.4ft,0.05s
4.17.2026 15:14:21,T0,T2,7.2ft,0.05s
4.17.2026 15:14:21,T1,T2,8.6ft,0.05s
4.17.2026 15:14:21,T0,T1,1.4ft,0.05s
4.17.2026 15:14:21,T0,T2,7.2ft,0.05s
4.17.2026 15:14:21,T1,T2,8.5ft,0.05s
4.17.2026 15:14:22,T0,T1,1.4ft,0.05s
4.17.2026 15:14:22,T0,T2,7.2ft,0.05s
4.17.2026 15:14:22,T1,T2,8.5ft,0.05s
4.17.2026 15:14:22,T0,T1,1.4ft,0.05s
4.17.2026 15:14:22,T0,T2,7.2ft,0.05s
4.17.2026 15:14:22,T1,T2,8.5ft,0.05s
4.17.2026 15:14:22,T0,T1,1.4ft,0.05s
4.17.2026 15:14:22,T0,T2,7.2ft,0.05s
4.17.2026 15:14:22,T1,T2,8.5ft,0.05s
4.17.2026 15:14:22,T0,T1,1.3ft,0.05s
4.17.2026 15:14:22,T0,T2,7.2ft,0.05s
4.17.2026 15:14:22,T1,T2,8.5ft,0.05s
4.17.2026 15:14:22,T0,T1,1.3ft,0.05s
4.17.2026 15:14:22,T0,T2,7.2ft,0.05s
4.17.2026 15:14:22,T1,T2,8.5ft,0.05s
4.17.2026 15:14:22,T0,T1,1.3ft,0.05s
4.17.2026 15:14:22,T0,T2,7.2ft,0.05s
4.17.2026 15:14:22,T1,T2,8.4ft,0.05s
4.17.2026 15:14:22,T0,T1,1.3ft,0.05s
4.17.2026 15:14:22,T0,T2,7.2ft,0.05s
4.17.2026 15:14:22,T1,T2,8.5ft,0.05s
4.17.2026 15:14:22,T0,T1,1.4ft,0.05s
4.17.2026 15:14:22,T0,T2,7.2ft,0.05s
4.17.2026 15:14:22,T1,T2,8.5ft,0.05s
4.17.2026 15:14:22,T0,T1,1.3ft,0.05s
4.17.2026 15:14:22,T0,T2,7.2ft,0.05s
4.17.2026 15:14:22,T1,T2,8.4ft,0.05s
4.17.2026 15:14:22,T0,T1,1.3ft,0.05s
4.17.2026 15:14:22,T0,T2,7.2ft,0.05s
4.17.2026 15:14:22,T1,T2,8.4ft,0.05s
4.17.2026 15:14:22,T0,T1,1.3ft,0.05s
4.17.2026 15:14:22,T0,T2,7.2ft,0.05s
4.17.2026 15:14:22,T1,T2,8.4ft,0.05s
4.17.2026 15:14:22,T0,T1,1.3ft,0.05s
4.17.2026 15:14:22,T0,T2,7.2ft,0.05s
4.17.2026 15:14:22,T1,T2,8.3ft,0.05s
4.17.2026 15:14:22,T0,T1,1.3ft,0.05s
4.17.2026 15:14:22,T0,T2,7.2ft,0.05s
4.17.2026 15:14:22,T1,T2,8.3ft,0.05s
4.17.2026 15:14:22,T0,T1,1.3ft,0.05s
4.17.2026 15:14:22,T0,T2,7.2ft,0.05s
4.17.2026 15:14:22,T1,T2,8.3ft,0.05s
4.17.2026 15:14:22,T0,T1,1.3ft,0.05s
4.17.2026 15:14:22,T0,T2,7.2ft,0.05s
4.17.2026 15:14:22,T1,T2,8.3ft,0.05s
4.17.2026 15:14:22,T0,T1,1.3ft,0.05s
4.17.2026 15:14:22,T0,T2,7.2ft,0.05s
4.17.2026 15:14:22,T1,T2,8.3ft,0.05s
4.17.2026 15:14:22,T0,T1,1.3ft,0.05s
4.17.2026 15:14:22,T0,T2,7.2ft,0.05s
4.17.2026 15:14:22,T1,T2,8.3ft,0.05s
4.17.2026 15:14:22,T0,T1,1.3ft,0.05s
4.17.2026 15:14:22,T0,T2,7.2ft,0.05s
4.17.2026 15:14:22,T1,T2,8.3ft,0.05s
4.17.2026 15:14:22,T0,T1,1.3ft,0.05s
4.17.2026 15:14:22,T0,T2,7.2ft,0.05s
4.17.2026 15:14:22,T1,T2,8.3ft,0.05s
4.17.2026 15:14:22,T0,T1,1.3ft,0.05s
4.17.2026 15:14:22,T0,T2,7.2ft,0.05s
4.17.2026 15:14:22,T1,T2,8.3ft,0.05s
4.17.2026 15:14:23,T0,T1,1.3ft,0.05s
4.17.2026 15:14:23,T0,T2,7.2ft,0.05s
4.17.2026 15:14:23,T1,T2,8.4ft,0.05s
4.17.2026 15:14:23,T0,T1,1.3ft,0.05s
4.17.2026 15:14:23,T0,T2,7.2ft,0.05s
4.17.2026 15:14:23,T1,T2,8.4ft,0.05s
4.17.2026 15:14:23,T0,T1,1.3ft,0.05s
4.17.2026 15:14:23,T0,T2,7.2ft,0.05s
4.17.2026 15:14:23,T1,T2,8.5ft,0.05s
4.17.2026 15:14:23,T0,T1,1.3ft,0.05s
4.17.2026 15:14:23,T0,T2,7.2ft,0.05s
4.17.2026 15:14:23,T1,T2,8.4ft,0.05s
4.17.2026 15:14:23,T0,T1,1.3ft,0.05s
4.17.2026 15:14:23,T0,T2,7.2ft,0.05s
4.17.2026 15:14:23,T1,T2,8.4ft,0.05s
4.17.2026 15:14:23,T0,T1,1.3ft,0.05s
4.17.2026 15:14:23,T0,T2,7.2ft,0.05s
4.17.2026 15:14:23,T1,T2,8.4ft,0.05s
4.17.2026 15:14:23,T0,T1,1.3ft,0.05s
4.17.2026 15:14:23,T0,T2,7.2ft,0.05s
4.17.2026 15:14:23,T1,T2,8.4ft,0.05s
4.17.2026 15:14:23,T0,T1,1.3ft,0.05s
4.17.2026 15:14:23,T0,T2,7.2ft,0.05s
4.17.2026 15:14:23,T1,T2,8.4ft,0.05s
4.17.2026 15:14:23,T0,T1,1.3ft,0.05s
4.17.2026 15:14:23,T0,T2,7.2ft,0.05s
4.17.2026 15:14:23,T1,T2,8.4ft,0.05s
4.17.2026 15:14:23,T0,T1,1.3ft,0.05s
4.17.2026 15:14:23,T0,T2,7.2ft,0.05s
4.17.2026 15:14:23,T1,T2,8.4ft,0.05s
4.17.2026 15:14:23,T0,T1,1.4ft,0.05s
4.17.2026 15:14:23,T0,T2,7.1ft,0.05s
4.17.2026 15:14:23,T1,T2,8.4ft,0.05s
4.17.2026 15:14:23,T0,T1,1.4ft,0.05s
4.17.2026 15:14:23,T0,T2,7.1ft,0.05s
4.17.2026 15:14:23,T1,T2,8.4ft,0.05s
4.17.2026 15:14:23,T0,T1,1.4ft,0.05s
4.17.2026 15:14:23,T0,T2,7.1ft,0.05s
4.17.2026 15:14:23,T1,T2,8.5ft,0.05s
4.17.2026 15:14:23,T0,T1,1.4ft,0.05s
4.17.2026 15:14:23,T0,T2,7.1ft,0.05s
4.17.2026 15:14:23,T1,T2,8.5ft,0.05s
4.17.2026 15:14:23,T0,T1,1.4ft,0.05s
4.17.2026 15:14:23,T0,T2,7.1ft,0.05s
4.17.2026 15:14:23,T1,T2,8.4ft,0.05s
4.17.2026 15:14:23,T0,T1,1.4ft,0.05s
4.17.2026 15:14:23,T0,T2,7.1ft,0.05s
4.17.2026 15:14:23,T1,T2,8.4ft,0.05s
4.17.2026 15:14:23,T0,T1,1.4ft,0.05s
4.17.2026 15:14:23,T0,T2,7.1ft,0.05s
4.17.2026 15:14:23,T1,T2,8.4ft,0.05s
4.17.2026 15:14:23,T0,T1,1.4ft,0.05s
4.17.2026 15:14:23,T0,T2,7.1ft,0.05s
4.17.2026 15:14:23,T1,T2,8.4ft,0.05s
4.17.2026 15:14:23,T0,T1,1.3ft,0.05s
4.17.2026 15:14:23,T0,T2,7.1ft,0.05s
4.17.2026 15:14:23,T1,T2,8.3ft,0.05s
4.17.2026 15:14:24,T0,T1,1.3ft,0.05s
4.17.2026 15:14:24,T0,T2,7.2ft,0.05s
4.17.2026 15:14:24,T1,T2,8.3ft,0.05s
4.17.2026 15:14:24,T0,T1,1.3ft,0.05s
4.17.2026 15:14:24,T0,T2,7.2ft,0.05s
4.17.2026 15:14:24,T1,T2,8.3ft,0.05s
4.17.2026 15:14:24,T0,T1,1.3ft,0.05s
4.17.2026 15:14:24,T0,T2,7.2ft,0.05s
4.17.2026 15:14:24,T1,T2,8.3ft,0.05s
4.17.2026 15:14:24,T0,T1,1.3ft,0.05s
4.17.2026 15:14:24,T0,T2,7.2ft,0.05s
4.17.2026 15:14:24,T1,T2,8.3ft,0.05s
4.17.2026 15:14:24,T0,T1,1.3ft,0.05s
4.17.2026 15:14:24,T0,T2,7.2ft,0.05s
4.17.2026 15:14:24,T1,T2,8.3ft,0.05s
4.17.2026 15:14:24,T0,T1,1.3ft,0.05s
4.17.2026 15:14:24,T0,T2,7.2ft,0.05s
4.17.2026 15:14:24,T1,T2,8.3ft,0.05s
4.17.2026 15:14:24,T0,T1,1.3ft,0.05s
4.17.2026 15:14:24,T0,T2,7.2ft,0.05s
4.17.2026 15:14:24,T1,T2,8.3ft,0.05s
4.17.2026 15:14:24,T0,T1,1.3ft,0.05s
4.17.2026 15:14:24,T0,T2,7.2ft,0.05s
4.17.2026 15:14:24,T1,T2,8.3ft,0.05s
4.17.2026 15:14:24,T0,T1,1.3ft,0.05s
4.17.2026 15:14:24,T0,T2,7.2ft,0.05s
4.17.2026 15:14:24,T1,T2,8.4ft,0.05s
4.17.2026 15:14:24,T0,T1,1.4ft,0.05s
4.17.2026 15:14:24,T0,T2,7.2ft,0.05s
4.17.2026 15:14:24,T1,T2,8.5ft,0.05s
4.17.2026 15:14:24,T0,T1,1.4ft,0.05s
4.17.2026 15:14:24,T0,T2,7.2ft,0.05s
4.17.2026 15:14:24,T1,T2,8.5ft,0.05s
4.17.2026 15:14:24,T0,T1,1.4ft,0.05s
4.17.2026 15:14:24,T0,T2,7.2ft,0.05s
4.17.2026 15:14:24,T1,T2,8.5ft,0.05s
4.17.2026 15:14:24,T0,T1,1.4ft,0.05s
4.17.2026 15:14:24,T0,T2,7.2ft,0.05s
4.17.2026 15:14:24,T1,T2,8.5ft,0.05s
4.17.2026 15:14:24,T0,T1,1.4ft,0.05s
4.17.2026 15:14:24,T0,T2,7.2ft,0.05s
4.17.2026 15:14:24,T1,T2,8.5ft,0.05s
4.17.2026 15:14:24,T0,T1,1.4ft,0.05s
4.17.2026 15:14:24,T0,T2,7.2ft,0.05s
4.17.2026 15:14:24,T1,T2,8.5ft,0.05s
4.17.2026 15:14:24,T0,T1,1.4ft,0.05s
4.17.2026 15:14:24,T0,T2,7.2ft,0.05s
4.17.2026 15:14:24,T1,T2,8.5ft,0.05s
4.17.2026 15:14:24,T0,T1,1.4ft,0.05s
4.17.2026 15:14:24,T0,T2,7.2ft,0.05s
4.17.2026 15:14:24,T1,T2,8.4ft,0.05s
4.17.2026 15:14:24,T0,T1,1.4ft,0.05s
4.17.2026 15:14:24,T0,T2,7.2ft,0.05s
4.17.2026 15:14:24,T1,T2,8.4ft,0.05s
4.17.2026 15:14:24,T0,T1,1.4ft,0.05s
4.17.2026 15:14:24,T0,T2,7.2ft,0.05s
4.17.2026 15:14:24,T1,T2,8.3ft,0.05s
4.17.2026 15:14:24,T0,T1,1.4ft,0.05s
4.17.2026 15:14:24,T0,T2,7.2ft,0.05s
4.17.2026 15:14:24,T1,T2,8.3ft,0.05s
4.17.2026 15:14:25,T0,T1,1.4ft,0.05s
4.17.2026 15:14:25,T0,T2,7.2ft,0.05s
4.17.2026 15:14:25,T1,T2,8.3ft,0.05s
4.17.2026 15:14:25,T0,T1,1.4ft,0.05s
4.17.2026 15:14:25,T0,T2,7.2ft,0.05s
4.17.2026 15:14:25,T1,T2,8.2ft,0.05s
4.17.2026 15:14:25,T0,T1,1.3ft,0.05s
4.17.2026 15:14:25,T0,T2,7.2ft,0.05s
4.17.2026 15:14:25,T1,T2,8.2ft,0.05s
4.17.2026 15:14:25,T0,T1,1.3ft,0.05s
4.17.2026 15:14:25,T0,T2,7.2ft,0.05s
4.17.2026 15:14:25,T1,T2,8.2ft,0.05s
4.17.2026 15:14:25,T0,T1,1.3ft,0.05s
4.17.2026 15:14:25,T0,T2,7.2ft,0.05s
4.17.2026 15:14:25,T1,T2,8.1ft,0.05s
4.17.2026 15:14:25,T0,T1,1.3ft,0.05s
4.17.2026 15:14:25,T0,T2,7.2ft,0.05s
4.17.2026 15:14:25,T1,T2,8.1ft,0.05s
4.17.2026 15:14:25,T0,T1,1.3ft,0.05s
4.17.2026 15:14:25,T0,T2,7.1ft,0.05s
4.17.2026 15:14:25,T1,T2,8.2ft,0.05s
4.17.2026 15:14:25,T0,T1,1.3ft,0.05s
4.17.2026 15:14:25,T0,T2,7.1ft,0.05s
4.17.2026 15:14:25,T1,T2,8.2ft,0.05s
4.17.2026 15:14:25,T0,T1,1.3ft,0.05s
4.17.2026 15:14:25,T0,T2,7.1ft,0.05s
4.17.2026 15:14:25,T1,T2,8.2ft,0.05s
4.17.2026 15:14:25,T0,T1,1.3ft,0.05s
4.17.2026 15:14:25,T0,T2,7.1ft,0.05s
4.17.2026 15:14:25,T1,T2,8.3ft,0.05s
4.17.2026 15:14:25,T0,T1,1.3ft,0.05s
4.17.2026 15:14:25,T0,T2,7.1ft,0.05s
4.17.2026 15:14:25,T1,T2,8.3ft,0.05s
4.17.2026 15:14:25,T0,T1,1.3ft,0.05s
4.17.2026 15:14:25,T0,T2,7.1ft,0.05s
4.17.2026 15:14:25,T1,T2,8.3ft,0.05s
4.17.2026 15:14:25,T0,T1,1.3ft,0.05s
4.17.2026 15:14:25,T0,T2,7.1ft,0.05s
4.17.2026 15:14:25,T1,T2,8.4ft,0.05s
4.17.2026 15:14:25,T0,T1,1.4ft,0.05s
4.17.2026 15:14:25,T0,T2,7.1ft,0.05s
4.17.2026 15:14:25,T1,T2,8.4ft,0.05s
4.17.2026 15:14:25,T0,T1,1.5ft,0.05s
4.17.2026 15:14:25,T0,T2,7.1ft,0.05s
4.17.2026 15:14:25,T1,T2,8.6ft,0.05s
4.17.2026 15:14:25,T0,T1,1.6ft,0.05s
4.17.2026 15:14:25,T0,T2,7.1ft,0.05s
4.17.2026 15:14:25,T1,T2,8.7ft,0.05s
4.17.2026 15:14:25,T0,T1,1.6ft,0.05s
4.17.2026 15:14:25,T0,T2,7.1ft,0.05s
4.17.2026 15:14:25,T1,T2,8.8ft,0.05s
4.17.2026 15:14:25,T0,T1,1.6ft,0.05s
4.17.2026 15:14:25,T0,T2,7.1ft,0.05s
4.17.2026 15:14:25,T1,T2,8.8ft,0.05s
4.17.2026 15:14:25,T0,T1,1.6ft,0.05s
4.17.2026 15:14:25,T0,T2,7.1ft,0.05s
4.17.2026 15:14:25,T1,T2,8.8ft,0.05s
4.17.2026 15:14:25,T0,T1,1.7ft,0.05s
4.17.2026 15:14:25,T0,T2,7.1ft,0.05s
4.17.2026 15:14:25,T1,T2,8.8ft,0.05s
4.17.2026 15:14:26,T0,T1,1.6ft,0.05s
4.17.2026 15:14:26,T0,T2,7.1ft,0.05s
4.17.2026 15:14:26,T1,T2,8.8ft,0.05s
4.17.2026 15:14:26,T0,T1,1.6ft,0.05s
4.17.2026 15:14:26,T0,T2,7.1ft,0.05s
4.17.2026 15:14:26,T1,T2,8.8ft,0.05s
4.17.2026 15:14:26,T0,T1,1.6ft,0.05s
4.17.2026 15:14:26,T0,T2,7.1ft,0.05s
4.17.2026 15:14:26,T1,T2,8.7ft,0.05s
4.17.2026 15:14:26,T0,T1,1.6ft,0.05s
4.17.2026 15:14:26,T0,T2,7.1ft,0.05s
4.17.2026 15:14:26,T1,T2,8.7ft,0.05s
4.17.2026 15:14:26,T0,T1,1.5ft,0.05s
4.17.2026 15:14:26,T0,T2,7.1ft,0.05s
4.17.2026 15:14:26,T1,T2,8.7ft,0.05s
4.17.2026 15:14:26,T0,T1,1.5ft,0.05s
4.17.2026 15:14:26,T0,T2,7.1ft,0.05s
4.17.2026 15:14:26,T1,T2,8.7ft,0.05s
4.17.2026 15:14:26,T0,T1,1.5ft,0.05s
4.17.2026 15:14:26,T0,T2,7.1ft,0.05s
4.17.2026 15:14:26,T1,T2,8.6ft,0.05s
4.17.2026 15:14:26,T0,T1,1.5ft,0.05s
4.17.2026 15:14:26,T0,T2,7.1ft,0.05s
4.17.2026 15:14:26,T1,T2,8.7ft,0.05s
4.17.2026 15:14:26,T0,T1,1.5ft,0.05s
4.17.2026 15:14:26,T0,T2,7.1ft,0.05s
4.17.2026 15:14:26,T1,T2,8.6ft,0.05s
4.17.2026 15:14:26,T0,T1,1.5ft,0.05s
4.17.2026 15:14:26,T0,T2,7.1ft,0.05s
4.17.2026 15:14:26,T1,T2,8.6ft,0.05s
4.17.2026 15:14:26,T0,T1,1.5ft,0.05s
4.17.2026 15:14:26,T0,T2,7.1ft,0.05s
4.17.2026 15:14:26,T1,T2,8.6ft,0.05s
4.17.2026 15:14:26,T0,T1,1.5ft,0.05s
4.17.2026 15:14:26,T0,T2,7.1ft,0.05s
4.17.2026 15:14:26,T1,T2,8.6ft,0.05s
4.17.2026 15:14:26,T0,T1,1.5ft,0.05s
4.17.2026 15:14:26,T0,T2,7.1ft,0.05s
4.17.2026 15:14:26,T1,T2,8.6ft,0.05s
4.17.2026 15:14:26,T0,T1,1.5ft,0.05s
4.17.2026 15:14:26,T0,T2,7.2ft,0.05s
4.17.2026 15:14:26,T1,T2,8.6ft,0.05s
4.17.2026 15:14:26,T0,T1,1.5ft,0.05s
4.17.2026 15:14:26,T0,T2,7.2ft,0.05s
4.17.2026 15:14:26,T1,T2,8.6ft,0.05s
4.17.2026 15:14:26,T0,T1,1.5ft,0.05s
4.17.2026 15:14:26,T0,T2,7.2ft,0.05s
4.17.2026 15:14:26,T1,T2,8.6ft,0.05s
4.17.2026 15:14:26,T0,T1,1.5ft,0.05s
4.17.2026 15:14:26,T0,T2,7.2ft,0.05s
4.17.2026 15:14:26,T1,T2,8.6ft,0.05s
4.17.2026 15:14:26,T0,T1,1.6ft,0.05s
4.17.2026 15:14:26,T0,T2,7.2ft,0.05s
4.17.2026 15:14:26,T1,T2,8.7ft,0.05s
4.17.2026 15:14:26,T0,T1,1.6ft,0.05s
4.17.2026 15:14:26,T0,T2,7.2ft,0.05s
4.17.2026 15:14:26,T1,T2,8.8ft,0.05s
4.17.2026 15:14:26,T0,T1,1.7ft,0.05s
4.17.2026 15:14:26,T0,T2,7.2ft,0.05s
4.17.2026 15:14:26,T1,T2,8.8ft,0.05s
4.17.2026 15:14:27,T0,T1,1.7ft,0.05s
4.17.2026 15:14:27,T0,T2,7.2ft,0.05s
4.17.2026 15:14:27,T1,T2,8.8ft,0.05s
4.17.2026 15:14:27,T0,T1,1.7ft,0.05s
4.17.2026 15:14:27,T0,T2,7.1ft,0.05s
4.17.2026 15:14:27,T1,T2,8.8ft,0.05s
4.17.2026 15:14:27,T0,T1,1.6ft,0.05s
4.17.2026 15:14:27,T0,T2,7.1ft,0.05s
4.17.2026 15:14:27,T1,T2,8.8ft,0.05s
4.17.2026 15:14:27,T0,T1,1.6ft,0.05s
4.17.2026 15:14:27,T0,T2,7.1ft,0.05s
4.17.2026 15:14:27,T1,T2,8.7ft,0.05s
4.17.2026 15:14:27,T0,T1,1.6ft,0.05s
4.17.2026 15:14:27,T0,T2,7.1ft,0.05s
4.17.2026 15:14:27,T1,T2,8.7ft,0.05s
4.17.2026 15:14:27,T0,T1,1.5ft,0.05s
4.17.2026 15:14:27,T0,T2,7.1ft,0.05s
4.17.2026 15:14:27,T1,T2,8.7ft,0.05s
4.17.2026 15:14:27,T0,T1,1.6ft,0.05s
4.17.2026 15:14:27,T0,T2,7.1ft,0.05s
4.17.2026 15:14:27,T1,T2,8.7ft,0.05s
4.17.2026 15:14:27,T0,T1,1.6ft,0.05s
4.17.2026 15:14:27,T0,T2,7.1ft,0.05s
4.17.2026 15:14:27,T1,T2,8.8ft,0.05s
4.17.2026 15:14:27,T0,T1,1.7ft,0.05s
4.17.2026 15:14:27,T0,T2,7.1ft,0.05s
4.17.2026 15:14:27,T1,T2,8.8ft,0.05s
4.17.2026 15:14:27,T0,T1,1.6ft,0.05s
4.17.2026 15:14:27,T0,T2,7.1ft,0.05s
4.17.2026 15:14:27,T1,T2,8.8ft,0.05s
4.17.2026 15:14:27,T0,T1,1.6ft,0.05s
4.17.2026 15:14:27,T0,T2,7.1ft,0.05s
4.17.2026 15:14:27,T1,T2,8.8ft,0.05s
4.17.2026 15:14:27,T0,T1,1.6ft,0.05s
4.17.2026 15:14:27,T0,T2,7.1ft,0.05s
4.17.2026 15:14:27,T1,T2,8.7ft,0.05s
4.17.2026 15:14:27,T0,T1,1.6ft,0.05s
4.17.2026 15:14:27,T0,T2,7.1ft,0.05s
4.17.2026 15:14:27,T1,T2,8.7ft,0.05s
4.17.2026 15:14:27,T0,T1,1.7ft,0.05s
4.17.2026 15:14:27,T0,T2,7.1ft,0.05s
4.17.2026 15:14:27,T1,T2,8.8ft,0.05s
4.17.2026 15:14:27,T0,T1,1.8ft,0.05s
4.17.2026 15:14:27,T0,T2,7.1ft,0.05s
4.17.2026 15:14:27,T1,T2,8.9ft,0.05s
4.17.2026 15:14:27,T0,T1,1.9ft,0.05s
4.17.2026 15:14:27,T0,T2,7.1ft,0.05s
4.17.2026 15:14:27,T1,T2,9.0ft,0.05s
4.17.2026 15:14:27,T0,T1,1.9ft,0.05s
4.17.2026 15:14:27,T0,T2,7.1ft,0.05s
4.17.2026 15:14:27,T1,T2,9.0ft,0.05s
4.17.2026 15:14:27,T0,T1,1.9ft,0.05s
4.17.2026 15:14:27,T0,T2,7.1ft,0.05s
4.17.2026 15:14:27,T1,T2,9.0ft,0.05s
4.17.2026 15:14:27,T0,T1,2.0ft,0.05s
4.17.2026 15:14:27,T0,T2,7.1ft,0.05s
4.17.2026 15:14:27,T1,T2,9.0ft,0.05s
4.17.2026 15:14:28,T0,T1,2.0ft,0.05s
4.17.2026 15:14:28,T0,T2,7.1ft,0.05s
4.17.2026 15:14:28,T1,T2,9.0ft,0.05s
4.17.2026 15:14:28,T0,T1,1.9ft,0.05s
4.17.2026 15:14:28,T0,T2,7.1ft,0.05s
4.17.2026 15:14:28,T1,T2,9.0ft,0.05s
4.17.2026 15:14:28,T0,T1,1.9ft,0.05s
4.17.2026 15:14:28,T0,T2,7.1ft,0.05s
4.17.2026 15:14:28,T1,T2,9.0ft,0.05s
4.17.2026 15:14:28,T0,T1,1.8ft,0.05s
4.17.2026 15:14:28,T0,T2,7.1ft,0.05s
4.17.2026 15:14:28,T1,T2,8.9ft,0.05s
4.17.2026 15:14:28,T0,T1,1.8ft,0.05s
4.17.2026 15:14:28,T0,T2,7.1ft,0.05s
4.17.2026 15:14:28,T1,T2,8.9ft,0.05s
4.17.2026 15:14:28,T0,T1,1.7ft,0.05s
4.17.2026 15:14:28,T0,T2,7.1ft,0.05s
4.17.2026 15:14:28,T1,T2,8.8ft,0.05s
4.17.2026 15:14:28,T0,T1,1.7ft,0.05s
4.17.2026 15:14:28,T0,T2,7.1ft,0.05s
4.17.2026 15:14:28,T1,T2,8.8ft,0.05s
4.17.2026 15:14:28,T0,T1,1.7ft,0.05s
4.17.2026 15:14:28,T0,T2,7.1ft,0.05s
4.17.2026 15:14:28,T1,T2,8.8ft,0.05s
4.17.2026 15:14:28,T0,T1,1.6ft,0.05s
4.17.2026 15:14:28,T0,T2,7.1ft,0.05s
4.17.2026 15:14:28,T1,T2,8.7ft,0.05s
4.17.2026 15:14:28,T0,T1,1.6ft,0.05s
4.17.2026 15:14:28,T0,T2,7.1ft,0.05s
4.17.2026 15:14:28,T1,T2,8.6ft,0.05s
4.17.2026 15:14:28,T0,T1,1.5ft,0.05s
4.17.2026 15:14:28,T0,T2,7.1ft,0.05s
4.17.2026 15:14:28,T1,T2,8.6ft,0.05s
4.17.2026 15:14:28,T0,T1,1.5ft,0.05s
4.17.2026 15:14:28,T0,T2,7.1ft,0.05s
4.17.2026 15:14:28,T1,T2,8.6ft,0.05s
4.17.2026 15:14:28,T0,T1,1.5ft,0.05s
4.17.2026 15:14:28,T0,T2,7.1ft,0.05s
4.17.2026 15:14:28,T1,T2,8.6ft,0.05s
4.17.2026 15:14:28,T0,T1,1.5ft,0.05s
4.17.2026 15:14:28,T0,T2,7.1ft,0.05s
4.17.2026 15:14:28,T1,T2,8.5ft,0.05s
4.17.2026 15:14:28,T0,T1,1.4ft,0.05s
4.17.2026 15:14:28,T0,T2,7.1ft,0.05s
4.17.2026 15:14:28,T1,T2,8.5ft,0.05s
4.17.2026 15:14:28,T0,T1,1.4ft,0.05s
4.17.2026 15:14:28,T0,T2,7.1ft,0.05s
4.17.2026 15:14:28,T1,T2,8.4ft,0.05s
4.17.2026 15:14:28,T0,T1,1.4ft,0.05s
4.17.2026 15:14:28,T0,T2,7.1ft,0.05s
4.17.2026 15:14:28,T1,T2,8.4ft,0.05s
4.17.2026 15:14:28,T0,T1,1.4ft,0.05s
4.17.2026 15:14:28,T0,T2,7.1ft,0.05s
4.17.2026 15:14:28,T1,T2,8.3ft,0.05s
4.17.2026 15:14:28,T0,T1,1.3ft,0.05s
4.17.2026 15:14:28,T0,T2,7.1ft,0.05s
4.17.2026 15:14:28,T1,T2,8.3ft,0.05s
4.17.2026 15:14:28,T0,T1,1.3ft,0.05s
4.17.2026 15:14:28,T0,T2,7.1ft,0.05s
4.17.2026 15:14:28,T1,T2,8.3ft,0.05s
4.17.2026 15:14:29,T0,T1,1.3ft,0.05s
4.17.2026 15:14:29,T0,T2,7.1ft,0.05s
4.17.2026 15:14:29,T1,T2,8.2ft,0.05s
4.17.2026 15:14:29,T0,T1,1.3ft,0.05s
4.17.2026 15:14:29,T0,T2,7.1ft,0.05s
4.17.2026 15:14:29,T1,T2,8.2ft,0.05s
4.17.2026 15:14:29,T0,T1,1.3ft,0.05s
4.17.2026 15:14:29,T0,T2,7.1ft,0.05s
4.17.2026 15:14:29,T1,T2,8.2ft,0.05s
4.17.2026 15:14:29,T0,T1,1.3ft,0.05s
4.17.2026 15:14:29,T0,T2,7.1ft,0.05s
4.17.2026 15:14:29,T1,T2,8.2ft,0.05s
4.17.2026 15:14:29,T0,T1,1.3ft,0.05s
4.17.2026 15:14:29,T0,T2,7.1ft,0.05s
4.17.2026 15:14:29,T1,T2,8.2ft,0.05s
4.17.2026 15:14:29,T0,T1,1.3ft,0.05s
4.17.2026 15:14:29,T0,T2,7.1ft,0.05s
4.17.2026 15:14:29,T1,T2,8.2ft,0.05s
4.17.2026 15:14:29,T0,T1,1.3ft,0.05s
4.17.2026 15:14:29,T0,T2,7.1ft,0.05s
4.17.2026 15:14:29,T1,T2,8.2ft,0.05s
4.17.2026 15:14:29,T0,T1,1.3ft,0.05s
4.17.2026 15:14:29,T0,T2,7.1ft,0.05s
4.17.2026 15:14:29,T1,T2,8.2ft,0.05s
4.17.2026 15:14:29,T0,T1,1.3ft,0.05s
4.17.2026 15:14:29,T0,T2,7.2ft,0.05s
4.17.2026 15:14:29,T1,T2,8.2ft,0.05s
4.17.2026 15:14:29,T0,T1,1.3ft,0.05s
4.17.2026 15:14:29,T0,T2,7.2ft,0.05s
4.17.2026 15:14:29,T1,T2,8.2ft,0.05s
4.17.2026 15:14:29,T0,T1,1.3ft,0.05s
4.17.2026 15:14:29,T0,T2,7.2ft,0.05s
4.17.2026 15:14:29,T1,T2,8.2ft,0.05s
4.17.2026 15:14:29,T0,T1,1.3ft,0.05s
4.17.2026 15:14:29,T0,T2,7.2ft,0.05s
4.17.2026 15:14:29,T1,T2,8.2ft,0.05s
4.17.2026 15:14:29,T0,T1,1.3ft,0.05s
4.17.2026 15:14:29,T0,T2,7.2ft,0.05s
4.17.2026 15:14:29,T1,T2,8.2ft,0.05s
4.17.2026 15:14:29,T0,T1,1.3ft,0.05s
4.17.2026 15:14:29,T0,T2,7.2ft,0.05s
4.17.2026 15:14:29,T1,T2,8.2ft,0.05s
4.17.2026 15:14:29,T0,T1,1.3ft,0.05s
4.17.2026 15:14:29,T0,T2,7.2ft,0.05s
4.17.2026 15:14:29,T1,T2,8.2ft,0.05s
4.17.2026 15:14:29,T0,T1,1.3ft,0.05s
4.17.2026 15:14:29,T0,T2,7.2ft,0.05s
4.17.2026 15:14:29,T1,T2,8.2ft,0.05s
4.17.2026 15:14:29,T0,T1,1.3ft,0.05s
4.17.2026 15:14:29,T0,T2,7.2ft,0.05s
4.17.2026 15:14:29,T1,T2,8.2ft,0.05s
4.17.2026 15:14:29,T0,T1,1.3ft,0.05s
4.17.2026 15:14:29,T0,T2,7.2ft,0.05s
4.17.2026 15:14:29,T1,T2,8.1ft,0.05s
4.17.2026 15:14:29,T0,T1,1.3ft,0.05s
4.17.2026 15:14:29,T0,T2,7.2ft,0.05s
4.17.2026 15:14:29,T1,T2,8.1ft,0.05s
4.17.2026 15:14:29,T0,T1,1.3ft,0.05s
4.17.2026 15:14:29,T0,T2,7.2ft,0.05s
4.17.2026 15:14:29,T1,T2,8.1ft,0.05s
4.17.2026 15:14:30,T0,T1,1.4ft,0.05s
4.17.2026 15:14:30,T0,T2,7.2ft,0.05s
4.17.2026 15:14:30,T1,T2,8.1ft,0.05s
4.17.2026 15:14:30,T0,T1,1.4ft,0.05s
4.17.2026 15:14:30,T0,T2,7.2ft,0.05s
4.17.2026 15:14:30,T1,T2,8.1ft,0.05s
4.17.2026 15:14:30,T0,T1,1.4ft,0.05s
4.17.2026 15:14:30,T0,T2,7.2ft,0.05s
4.17.2026 15:14:30,T1,T2,8.1ft,0.05s
4.17.2026 15:14:30,T0,T1,1.4ft,0.05s
4.17.2026 15:14:30,T0,T2,7.2ft,0.05s
4.17.2026 15:14:30,T1,T2,8.1ft,0.05s
4.17.2026 15:14:30,T0,T1,1.4ft,0.05s
4.17.2026 15:14:30,T0,T2,7.2ft,0.05s
4.17.2026 15:14:30,T1,T2,8.1ft,0.05s
4.17.2026 15:14:30,T0,T1,1.4ft,0.05s
4.17.2026 15:14:30,T0,T2,7.2ft,0.05s
4.17.2026 15:14:30,T1,T2,8.1ft,0.05s
4.17.2026 15:14:30,T0,T1,1.3ft,0.05s
4.17.2026 15:14:30,T0,T2,7.2ft,0.05s
4.17.2026 15:14:30,T1,T2,8.1ft,0.05s
4.17.2026 15:14:30,T0,T1,1.3ft,0.05s
4.17.2026 15:14:30,T0,T2,7.2ft,0.05s
4.17.2026 15:14:30,T1,T2,8.2ft,0.05s
4.17.2026 15:14:30,T0,T1,1.3ft,0.05s
4.17.2026 15:14:30,T0,T2,7.2ft,0.05s
4.17.2026 15:14:30,T1,T2,8.3ft,0.05s
4.17.2026 15:14:30,T0,T1,1.3ft,0.05s
4.17.2026 15:14:30,T0,T2,7.2ft,0.05s
4.17.2026 15:14:30,T1,T2,8.3ft,0.05s
4.17.2026 15:14:30,T0,T1,1.3ft,0.05s
4.17.2026 15:14:30,T0,T2,7.2ft,0.05s
4.17.2026 15:14:30,T1,T2,8.2ft,0.05s
4.17.2026 15:14:30,T0,T1,1.3ft,0.05s
4.17.2026 15:14:30,T0,T2,7.2ft,0.05s
4.17.2026 15:14:30,T1,T2,8.2ft,0.05s
4.17.2026 15:14:30,T0,T1,1.3ft,0.05s
4.17.2026 15:14:30,T0,T2,7.2ft,0.05s
4.17.2026 15:14:30,T1,T2,8.2ft,0.05s
4.17.2026 15:14:30,T0,T1,1.3ft,0.05s
4.17.2026 15:14:30,T0,T2,7.2ft,0.05s
4.17.2026 15:14:30,T1,T2,8.2ft,0.05s
4.17.2026 15:14:30,T0,T1,1.3ft,0.05s
4.17.2026 15:14:30,T0,T2,7.2ft,0.05s
4.17.2026 15:14:30,T1,T2,8.2ft,0.05s
4.17.2026 15:14:30,T0,T1,1.3ft,0.05s
4.17.2026 15:14:30,T0,T2,7.2ft,0.05s
4.17.2026 15:14:30,T1,T2,8.2ft,0.05s
4.17.2026 15:14:30,T0,T1,1.3ft,0.05s
4.17.2026 15:14:30,T0,T2,7.2ft,0.05s
4.17.2026 15:14:30,T1,T2,8.2ft,0.05s
4.17.2026 15:14:30,T0,T1,1.3ft,0.05s
4.17.2026 15:14:30,T0,T2,7.2ft,0.05s
4.17.2026 15:14:30,T1,T2,8.1ft,0.05s
4.17.2026 15:14:30,T0,T1,1.3ft,0.05s
4.17.2026 15:14:30,T0,T2,7.2ft,0.05s
4.17.2026 15:14:30,T1,T2,8.1ft,0.05s
4.17.2026 15:14:31,T0,T1,1.3ft,0.05s
4.17.2026 15:14:31,T0,T2,7.2ft,0.05s
4.17.2026 15:14:31,T1,T2,8.1ft,0.05s
4.17.2026 15:14:31,T0,T1,1.3ft,0.05s
4.17.2026 15:14:31,T0,T2,7.2ft,0.05s
4.17.2026 15:14:31,T1,T2,8.1ft,0.05s
4.17.2026 15:14:31,T0,T1,1.3ft,0.05s
4.17.2026 15:14:31,T0,T2,7.2ft,0.05s
4.17.2026 15:14:31,T1,T2,8.2ft,0.05s
4.17.2026 15:14:31,T0,T1,1.3ft,0.05s
4.17.2026 15:14:31,T0,T2,7.2ft,0.05s
4.17.2026 15:14:31,T1,T2,8.2ft,0.05s
4.17.2026 15:14:31,T0,T1,1.3ft,0.05s
4.17.2026 15:14:31,T0,T2,7.1ft,0.05s
4.17.2026 15:14:31,T1,T2,8.2ft,0.05s
4.17.2026 15:14:31,T0,T1,1.3ft,0.05s
4.17.2026 15:14:31,T0,T2,7.1ft,0.05s
4.17.2026 15:14:31,T1,T2,8.2ft,0.05s
4.17.2026 15:14:31,T0,T1,1.3ft,0.05s
4.17.2026 15:14:31,T0,T2,7.1ft,0.05s
4.17.2026 15:14:31,T1,T2,8.3ft,0.05s
4.17.2026 15:14:31,T0,T1,1.3ft,0.05s
4.17.2026 15:14:31,T0,T2,7.1ft,0.05s
4.17.2026 15:14:31,T1,T2,8.4ft,0.05s
4.17.2026 15:14:31,T0,T1,1.4ft,0.05s
4.17.2026 15:14:31,T0,T2,7.1ft,0.05s
4.17.2026 15:14:31,T1,T2,8.4ft,0.05s
4.17.2026 15:14:31,T0,T1,1.4ft,0.05s
4.17.2026 15:14:31,T0,T2,7.2ft,0.05s
4.17.2026 15:14:31,T1,T2,8.5ft,0.05s
4.17.2026 15:14:31,T0,T1,1.4ft,0.05s
4.17.2026 15:14:31,T0,T2,7.2ft,0.05s
4.17.2026 15:14:31,T1,T2,8.5ft,0.05s
4.17.2026 15:14:31,T0,T1,1.4ft,0.05s
4.17.2026 15:14:31,T0,T2,7.2ft,0.05s
4.17.2026 15:14:31,T1,T2,8.5ft,0.05s
4.17.2026 15:14:31,T0,T1,1.4ft,0.05s
4.17.2026 15:14:31,T0,T2,7.2ft,0.05s
4.17.2026 15:14:31,T1,T2,8.5ft,0.05s
4.17.2026 15:14:31,T0,T1,1.4ft,0.05s
4.17.2026 15:14:31,T0,T2,7.2ft,0.05s
4.17.2026 15:14:31,T1,T2,8.5ft,0.05s
4.17.2026 15:14:31,T0,T1,1.3ft,0.05s
4.17.2026 15:14:31,T0,T2,7.2ft,0.05s
4.17.2026 15:14:31,T1,T2,8.5ft,0.05s
4.17.2026 15:14:31,T0,T1,1.3ft,0.05s
4.17.2026 15:14:31,T0,T2,7.2ft,0.05s
4.17.2026 15:14:31,T1,T2,8.4ft,0.05s
4.17.2026 15:14:31,T0,T1,1.3ft,0.05s
4.17.2026 15:14:31,T0,T2,7.2ft,0.05s
4.17.2026 15:14:31,T1,T2,8.4ft,0.05s
4.17.2026 15:14:31,T0,T1,1.3ft,0.05s
4.17.2026 15:14:31,T0,T2,7.2ft,0.05s
4.17.2026 15:14:31,T1,T2,8.4ft,0.05s
4.17.2026 15:14:31,T0,T1,1.3ft,0.05s
4.17.2026 15:14:31,T0,T2,7.2ft,0.05s
4.17.2026 15:14:31,T1,T2,8.3ft,0.05s
4.17.2026 15:14:31,T0,T1,1.3ft,0.05s
4.17.2026 15:14:31,T0,T2,7.2ft,0.05s
4.17.2026 15:14:31,T1,T2,8.3ft,0.05s
4.17.2026 15:14:32,T0,T1,1.3ft,0.05s
4.17.2026 15:14:32,T0,T2,7.2ft,0.05s
4.17.2026 15:14:32,T1,T2,8.3ft,0.05s
4.17.2026 15:14:32,T0,T1,1.3ft,0.05s
4.17.2026 15:14:32,T0,T2,7.2ft,0.05s
4.17.2026 15:14:32,T1,T2,8.2ft,0.05s
4.17.2026 15:14:32,T0,T1,1.3ft,0.05s
4.17.2026 15:14:32,T0,T2,7.2ft,0.05s
4.17.2026 15:14:32,T1,T2,8.2ft,0.05s
4.17.2026 15:14:32,T0,T1,1.3ft,0.05s
4.17.2026 15:14:32,T0,T2,7.2ft,0.05s
4.17.2026 15:14:32,T1,T2,8.2ft,0.05s
4.17.2026 15:14:32,T0,T1,1.3ft,0.05s
4.17.2026 15:14:32,T0,T2,7.2ft,0.05s
4.17.2026 15:14:32,T1,T2,8.2ft,0.05s
4.17.2026 15:14:32,T0,T1,1.3ft,0.05s
4.17.2026 15:14:32,T0,T2,7.2ft,0.05s
4.17.2026 15:14:32,T1,T2,8.2ft,0.05s
4.17.2026 15:14:32,T0,T1,1.3ft,0.05s
4.17.2026 15:14:32,T0,T2,7.2ft,0.05s
4.17.2026 15:14:32,T1,T2,8.2ft,0.05s
4.17.2026 15:14:32,T0,T1,1.3ft,0.05s
4.17.2026 15:14:32,T0,T2,7.2ft,0.05s
4.17.2026 15:14:32,T1,T2,8.2ft,0.05s
4.17.2026 15:14:32,T0,T1,1.3ft,0.05s
4.17.2026 15:14:32,T0,T2,7.2ft,0.05s
4.17.2026 15:14:32,T1,T2,8.2ft,0.05s
4.17.2026 15:14:32,T0,T1,1.3ft,0.05s
4.17.2026 15:14:32,T0,T2,7.2ft,0.05s
4.17.2026 15:14:32,T1,T2,8.2ft,0.05s
4.17.2026 15:14:32,T0,T1,1.3ft,0.05s
4.17.2026 15:14:32,T0,T2,7.2ft,0.05s
4.17.2026 15:14:32,T1,T2,8.3ft,0.05s
4.17.2026 15:14:32,T0,T1,1.3ft,0.05s
4.17.2026 15:14:32,T0,T2,7.2ft,0.05s
4.17.2026 15:14:32,T1,T2,8.3ft,0.05s
4.17.2026 15:14:32,T0,T1,1.3ft,0.05s
4.17.2026 15:14:32,T0,T2,7.1ft,0.05s
4.17.2026 15:14:32,T1,T2,8.4ft,0.05s
4.17.2026 15:14:32,T0,T1,1.4ft,0.05s
4.17.2026 15:14:32,T0,T2,7.1ft,0.05s
4.17.2026 15:14:32,T1,T2,8.4ft,0.05s
4.17.2026 15:14:32,T0,T1,1.4ft,0.05s
4.17.2026 15:14:32,T0,T2,7.1ft,0.05s
4.17.2026 15:14:32,T1,T2,8.4ft,0.05s
4.17.2026 15:14:32,T0,T1,1.4ft,0.05s
4.17.2026 15:14:32,T0,T2,7.1ft,0.05s
4.17.2026 15:14:32,T1,T2,8.4ft,0.05s
4.17.2026 15:14:32,T0,T1,1.3ft,0.05s
4.17.2026 15:14:32,T0,T2,7.1ft,0.05s
4.17.2026 15:14:32,T1,T2,8.4ft,0.05s
4.17.2026 15:14:32,T0,T1,1.3ft,0.05s
4.17.2026 15:14:32,T0,T2,7.1ft,0.05s
4.17.2026 15:14:32,T1,T2,8.3ft,0.05s
4.17.2026 15:14:32,T0,T1,1.3ft,0.05s
4.17.2026 15:14:32,T0,T2,7.1ft,0.05s
4.17.2026 15:14:32,T1,T2,8.3ft,0.05s
4.17.2026 15:14:33,T0,T1,1.3ft,0.05s
4.17.2026 15:14:33,T0,T2,7.1ft,0.05s
4.17.2026 15:14:33,T1,T2,8.3ft,0.05s
4.17.2026 15:14:33,T0,T1,1.3ft,0.05s
4.17.2026 15:14:33,T0,T2,7.1ft,0.05s
4.17.2026 15:14:33,T1,T2,8.2ft,0.05s
4.17.2026 15:14:33,T0,T1,1.3ft,0.05s
4.17.2026 15:14:33,T0,T2,7.2ft,0.05s
4.17.2026 15:14:33,T1,T2,8.2ft,0.05s
4.17.2026 15:14:33,T0,T1,1.3ft,0.05s
4.17.2026 15:14:33,T0,T2,7.2ft,0.05s
4.17.2026 15:14:33,T1,T2,8.2ft,0.05s
4.17.2026 15:14:33,T0,T1,1.3ft,0.05s
4.17.2026 15:14:33,T0,T2,7.2ft,0.05s
4.17.2026 15:14:33,T1,T2,8.2ft,0.05s
4.17.2026 15:14:33,T0,T1,1.3ft,0.05s
4.17.2026 15:14:33,T0,T2,7.2ft,0.05s
4.17.2026 15:14:33,T1,T2,8.2ft,0.05s
4.17.2026 15:14:33,T0,T1,1.3ft,0.05s
4.17.2026 15:14:33,T0,T2,7.2ft,0.05s
4.17.2026 15:14:33,T1,T2,8.2ft,0.05s
4.17.2026 15:14:33,T0,T1,1.3ft,0.05s
4.17.2026 15:14:33,T0,T2,7.2ft,0.05s
4.17.2026 15:14:33,T1,T2,8.2ft,0.05s
4.17.2026 15:14:33,T0,T1,1.3ft,0.05s
4.17.2026 15:14:33,T0,T2,7.2ft,0.05s
4.17.2026 15:14:33,T1,T2,8.2ft,0.05s
