Timestamp,Tag1,Tag2,Distance_ft,Delta_s
4.22.2026 21:01:14,T0,T1,14.8ft,0.05s
4.22.2026 21:01:15,T0,T1,14.8ft,0.05s
4.22.2026 21:01:15,T0,T1,14.8ft,0.05s
4.22.2026 21:01:15,T0,T1,13.0ft,0.05s
4.22.2026 21:01:15,T0,T1,11.5ft,0.05s
4.22.2026 21:01:15,T0,T1,10.4ft,0.05s
4.22.2026 21:01:15,T0,T1,9.5ft,0.05s
4.22.2026 21:01:15,T0,T1,8.8ft,0.05s
4.22.2026 21:01:15,T0,T1,8.2ft,0.05s
4.22.2026 21:01:15,T0,T1,7.9ft,0.05s
4.22.2026 21:01:15,T0,T1,7.6ft,0.05s
4.22.2026 21:01:15,T0,T1,7.4ft,0.05s
4.22.2026 21:01:15,T0,T1,7.3ft,0.05s
4.22.2026 21:01:15,T0,T1,7.2ft,0.05s
4.22.2026 21:01:15,T0,T1,7.1ft,0.05s
4.22.2026 21:01:15,T0,T1,7.1ft,0.05s
4.22.2026 21:01:15,T0,T1,7.1ft,0.05s
4.22.2026 21:01:15,T0,T1,7.1ft,0.05s
4.22.2026 21:01:15,T0,T1,7.1ft,0.06s
4.22.2026 21:01:15,T0,T1,7.1ft,0.05s
4.22.2026 21:01:16,T0,T1,7.1ft,0.05s
4.22.2026 21:01:16,T0,T1,7.1ft,0.06s
4.22.2026 21:01:16,T0,T1,7.1ft,0.05s
4.22.2026 21:01:16,T0,T1,7.1ft,0.05s
4.22.2026 21:01:16,T0,T1,7.1ft,0.05s
4.22.2026 21:01:16,T0,T1,7.1ft,0.05s
4.22.2026 21:01:16,T0,T1,7.1ft,0.05s
4.22.2026 21:01:16,T0,T1,7.1ft,0.05s
4.22.2026 21:01:16,T0,T1,7.1ft,0.05s
4.22.2026 21:01:16,T0,T1,7.1ft,0.05s
4.22.2026 21:01:16,T0,T1,7.1ft,0.05s
4.22.2026 21:01:16,T0,T1,7.1ft,0.05s
4.22.2026 21:01:16,T0,T1,7.1ft,0.05s
4.22.2026 21:01:16,T0,T1,7.1ft,0.05s
4.22.2026 21:01:16,T0,T1,7.6ft,0.05s
4.22.2026 21:01:16,T0,T1,7.4ft,0.05s
4.22.2026 21:01:16,T0,T1,7.3ft,0.05s
4.22.2026 21:01:16,T0,T1,7.2ft,0.05s
4.22.2026 21:01:16,T0,T1,7.2ft,0.05s
4.22.2026 21:01:16,T0,T1,7.2ft,0.05s
4.22.2026 21:01:17,T0,T1,7.2ft,0.05s
4.22.2026 21:01:17,T0,T1,7.2ft,0.05s
4.22.2026 21:01:17,T0,T1,7.2ft,0.05s
4.22.2026 21:01:17,T0,T1,7.2ft,0.05s
4.22.2026 21:01:17,T0,T1,7.2ft,0.05s
4.22.2026 21:01:17,T0,T1,7.4ft,0.05s
4.22.2026 21:01:17,T0,T1,7.9ft,0.05s
4.22.2026 21:01:17,T0,T1,7.7ft,0.05s
4.22.2026 21:01:17,T0,T1,7.5ft,0.05s
4.22.2026 21:01:17,T0,T1,7.3ft,0.05s
4.22.2026 21:01:17,T0,T1,7.2ft,0.05s
4.22.2026 21:01:17,T0,T1,7.2ft,0.05s
4.22.2026 21:01:17,T0,T1,7.1ft,0.05s
4.22.2026 21:01:17,T0,T1,7.1ft,0.05s
4.22.2026 21:01:17,T0,T1,7.2ft,0.05s
4.22.2026 21:01:17,T0,T1,7.2ft,0.05s
4.22.2026 21:01:17,T0,T1,7.3ft,0.05s
4.22.2026 21:01:17,T0,T1,7.3ft,0.05s
4.22.2026 21:01:17,T0,T1,7.4ft,0.05s
4.22.2026 21:01:18,T0,T1,7.5ft,0.05s
4.22.2026 21:01:18,T0,T1,8.0ft,0.05s
4.22.2026 21:01:18,T0,T1,7.8ft,0.05s
4.22.2026 21:01:18,T0,T1,7.6ft,0.05s
4.22.2026 21:01:18,T0,T1,7.5ft,0.05s
4.22.2026 21:01:18,T0,T1,7.4ft,0.05s
4.22.2026 21:01:18,T0,T1,7.3ft,0.05s
4.22.2026 21:01:18,T0,T1,7.3ft,0.05s
4.22.2026 21:01:18,T0,T1,7.2ft,0.05s
4.22.2026 21:01:18,T0,T1,7.2ft,0.05s
4.22.2026 21:01:18,T0,T1,7.2ft,0.05s
4.22.2026 21:01:18,T0,T1,7.2ft,0.05s
4.22.2026 21:01:18,T0,T1,7.1ft,0.05s
4.22.2026 21:01:18,T0,T1,7.1ft,0.05s
4.22.2026 21:01:18,T0,T1,7.1ft,0.05s
4.22.2026 21:01:18,T0,T1,7.1ft,0.05s
4.22.2026 21:01:18,T0,T1,7.1ft,0.05s
4.22.2026 21:01:18,T0,T1,7.1ft,0.05s
4.22.2026 21:01:18,T0,T1,7.1ft,0.05s
4.22.2026 21:01:18,T0,T1,7.0ft,0.05s
4.22.2026 21:01:19,T0,T1,7.0ft,0.05s
4.22.2026 21:01:19,T0,T1,7.0ft,0.05s
4.22.2026 21:01:19,T0,T1,7.0ft,0.05s
4.22.2026 21:01:19,T0,T1,7.0ft,0.05s
4.22.2026 21:01:19,T0,T1,7.0ft,0.05s
4.22.2026 21:01:19,T0,T1,7.1ft,0.05s
4.22.2026 21:01:19,T0,T1,7.1ft,0.05s
4.22.2026 21:01:19,T0,T1,7.1ft,0.05s
4.22.2026 21:01:19,T0,T1,7.1ft,0.05s
4.22.2026 21:01:19,T0,T1,7.1ft,0.05s
4.22.2026 21:01:19,T0,T1,7.1ft,0.05s
4.22.2026 21:01:19,T0,T1,7.1ft,0.05s
4.22.2026 21:01:19,T0,T1,7.1ft,0.05s
4.22.2026 21:01:19,T0,T1,7.1ft,0.05s
4.22.2026 21:01:19,T0,T1,7.1ft,0.05s
4.22.2026 21:01:19,T0,T1,7.1ft,0.05s
4.22.2026 21:01:19,T0,T1,7.1ft,0.05s
4.22.2026 21:01:19,T0,T1,7.1ft,0.05s
4.22.2026 21:01:19,T0,T1,7.1ft,0.05s
4.22.2026 21:01:19,T0,T1,7.1ft,0.05s
4.22.2026 21:01:20,T0,T1,7.1ft,0.05s
4.22.2026 21:01:20,T0,T1,7.1ft,0.05s
4.22.2026 21:01:20,T0,T1,7.1ft,0.06s
4.22.2026 21:01:20,T0,T1,7.1ft,0.05s
4.22.2026 21:01:20,T0,T1,7.1ft,0.05s
4.22.2026 21:01:20,T0,T1,7.1ft,0.05s
4.22.2026 21:01:20,T0,T1,7.1ft,0.05s
4.22.2026 21:01:20,T0,T1,7.1ft,0.05s
4.22.2026 21:01:20,T0,T1,7.1ft,0.05s
4.22.2026 21:01:20,T0,T1,7.1ft,0.05s
4.22.2026 21:01:20,T0,T1,7.1ft,0.05s
4.22.2026 21:01:20,T0,T1,7.1ft,0.05s
4.22.2026 21:01:20,T0,T1,7.1ft,0.05s
4.22.2026 21:01:20,T0,T1,7.1ft,0.05s
4.22.2026 21:01:20,T0,T1,7.1ft,0.05s
4.22.2026 21:01:20,T0,T1,7.1ft,0.05s
4.22.2026 21:01:20,T0,T1,7.1ft,0.05s
4.22.2026 21:01:20,T0,T1,7.2ft,0.05s
4.22.2026 21:01:20,T0,T1,7.2ft,0.05s
4.22.2026 21:01:21,T0,T1,7.2ft,0.05s
4.22.2026 21:01:21,T0,T1,7.2ft,0.05s
4.22.2026 21:01:21,T0,T1,7.2ft,0.05s
4.22.2026 21:01:21,T0,T1,7.2ft,0.05s
4.22.2026 21:01:21,T0,T1,7.2ft,0.05s
4.22.2026 21:01:21,T0,T1,7.2ft,0.05s
4.22.2026 21:01:21,T0,T1,7.2ft,0.05s
4.22.2026 21:01:21,T0,T1,7.2ft,0.05s
4.22.2026 21:01:21,T0,T1,7.2ft,0.05s
4.22.2026 21:01:21,T0,T1,7.2ft,0.05s
4.22.2026 21:01:21,T0,T1,7.2ft,0.05s
4.22.2026 21:01:21,T0,T1,7.2ft,0.05s
4.22.2026 21:01:21,T0,T1,7.2ft,0.05s
4.22.2026 21:01:21,T0,T1,7.1ft,0.05s
4.22.2026 21:01:21,T0,T1,7.1ft,0.05s
4.22.2026 21:01:21,T0,T1,7.1ft,0.05s
4.22.2026 21:01:21,T0,T1,7.1ft,0.05s
4.22.2026 21:01:24,T0,T1,7.1ft,0.05s
4.22.2026 21:01:24,T0,T1,7.1ft,0.05s
4.22.2026 21:01:24,T0,T1,7.1ft,0.05s
4.22.2026 21:01:24,T0,T1,7.1ft,0.05s
4.22.2026 21:01:24,T0,T1,7.1ft,0.05s
4.22.2026 21:01:24,T0,T1,7.1ft,0.05s
4.22.2026 21:01:24,T0,T1,7.1ft,0.05s
4.22.2026 21:01:24,T0,T1,7.1ft,0.05s
4.22.2026 21:01:24,T0,T1,7.1ft,0.05s
4.22.2026 21:01:24,T0,T1,7.1ft,0.05s
4.22.2026 21:01:24,T0,T1,7.1ft,0.05s
4.22.2026 21:01:24,T0,T1,7.1ft,0.05s
4.22.2026 21:01:24,T0,T1,7.1ft,0.05s
4.22.2026 21:01:24,T0,T1,7.1ft,0.05s
4.22.2026 21:01:24,T0,T1,7.1ft,0.05s
4.22.2026 21:01:25,T0,T1,7.1ft,0.05s
4.22.2026 21:01:25,T0,T1,7.1ft,0.05s
4.22.2026 21:01:25,T0,T1,7.1ft,0.05s
4.22.2026 21:01:25,T0,T1,7.5ft,0.05s
4.22.2026 21:01:25,T0,T1,8.2ft,0.05s
4.22.2026 21:01:25,T0,T1,9.0ft,0.05s
4.22.2026 21:01:25,T0,T1,8.4ft,0.05s
4.22.2026 21:01:25,T0,T1,8.0ft,0.05s
4.22.2026 21:01:25,T0,T1,7.7ft,0.05s
4.22.2026 21:01:25,T0,T1,7.4ft,0.05s
4.22.2026 21:01:25,T0,T1,7.3ft,0.05s
4.22.2026 21:01:25,T0,T1,7.2ft,0.05s
4.22.2026 21:01:25,T0,T1,7.1ft,0.05s
4.22.2026 21:01:25,T0,T1,7.1ft,0.05s
4.22.2026 21:01:25,T0,T1,7.1ft,0.05s
4.22.2026 21:01:25,T0,T1,7.1ft,0.05s
4.22.2026 21:01:25,T0,T1,7.1ft,0.05s
4.22.2026 21:01:25,T0,T1,7.1ft,0.05s
4.22.2026 21:01:25,T0,T1,7.1ft,0.05s
4.22.2026 21:01:25,T0,T1,7.1ft,0.05s
4.22.2026 21:01:26,T0,T1,7.1ft,0.05s
4.22.2026 21:01:26,T0,T1,7.1ft,0.05s
4.22.2026 21:01:26,T0,T1,7.1ft,0.05s
4.22.2026 21:01:26,T0,T1,7.1ft,0.05s
4.22.2026 21:01:26,T0,T1,7.1ft,0.05s
4.22.2026 21:01:26,T0,T1,7.1ft,0.05s
4.22.2026 21:01:26,T0,T1,7.2ft,0.05s
4.22.2026 21:01:26,T0,T1,7.1ft,0.05s
4.22.2026 21:01:26,T0,T1,7.1ft,0.05s
4.22.2026 21:01:26,T0,T1,7.1ft,0.05s
4.22.2026 21:01:26,T0,T1,7.1ft,0.05s
4.22.2026 21:01:26,T0,T1,7.1ft,0.05s
4.22.2026 21:01:26,T0,T1,7.1ft,0.05s
4.22.2026 21:01:26,T0,T1,7.1ft,0.05s
4.22.2026 21:01:26,T0,T1,7.1ft,0.05s
4.22.2026 21:01:26,T0,T1,7.1ft,0.05s
4.22.2026 21:01:26,T0,T1,7.1ft,0.05s
4.22.2026 21:01:26,T0,T1,7.1ft,0.05s
4.22.2026 21:01:26,T0,T1,7.1ft,0.05s
4.22.2026 21:01:26,T0,T1,7.1ft,0.05s
4.22.2026 21:01:27,T0,T1,7.1ft,0.05s
4.22.2026 21:01:27,T0,T1,7.1ft,0.05s
4.22.2026 21:01:27,T0,T1,7.1ft,0.05s
4.22.2026 21:01:27,T0,T1,7.1ft,0.05s
4.22.2026 21:01:27,T0,T1,7.1ft,0.05s
4.22.2026 21:01:27,T0,T1,7.1ft,0.05s
4.22.2026 21:01:27,T0,T1,7.1ft,0.05s
4.22.2026 21:01:27,T0,T1,7.1ft,0.05s
4.22.2026 21:01:27,T0,T1,7.1ft,0.05s
4.22.2026 21:01:27,T0,T1,7.1ft,0.05s
4.22.2026 21:01:27,T0,T1,7.1ft,0.05s
4.22.2026 21:01:27,T0,T1,7.1ft,0.05s
4.22.2026 21:01:27,T0,T1,7.6ft,0.05s
4.22.2026 21:01:27,T0,T1,8.3ft,0.05s
4.22.2026 21:01:27,T0,T1,9.1ft,0.05s
4.22.2026 21:01:27,T0,T1,8.5ft,0.05s
4.22.2026 21:01:27,T0,T1,8.0ft,0.05s
4.22.2026 21:01:27,T0,T1,7.7ft,0.05s
4.22.2026 21:01:27,T0,T1,7.5ft,0.05s
4.22.2026 21:01:28,T0,T1,7.3ft,0.05s
4.22.2026 21:01:28,T0,T1,7.2ft,0.05s
4.22.2026 21:01:28,T0,T1,7.1ft,0.05s
4.22.2026 21:01:28,T0,T1,7.1ft,0.05s
4.22.2026 21:01:28,T0,T1,7.0ft,0.05s
4.22.2026 21:01:28,T0,T1,7.0ft,0.05s
4.22.2026 21:01:28,T0,T1,7.0ft,0.05s
4.22.2026 21:01:28,T0,T1,7.3ft,0.05s
4.22.2026 21:01:28,T0,T1,7.9ft,0.05s
4.22.2026 21:01:28,T0,T1,7.6ft,0.05s
4.22.2026 21:01:28,T0,T1,8.3ft,0.05s
4.22.2026 21:01:28,T0,T1,9.0ft,0.05s
4.22.2026 21:01:28,T0,T1,9.8ft,0.05s
4.22.2026 21:01:28,T0,T1,10.4ft,0.05s
4.22.2026 21:01:28,T0,T1,9.5ft,0.05s
4.22.2026 21:01:28,T0,T1,8.8ft,0.05s
4.22.2026 21:01:28,T0,T1,8.2ft,0.05s
4.22.2026 21:01:28,T0,T1,7.8ft,0.05s
4.22.2026 21:01:28,T0,T1,7.6ft,0.05s
4.22.2026 21:01:28,T0,T1,7.4ft,0.05s
4.22.2026 21:01:29,T0,T1,7.2ft,0.05s
4.22.2026 21:01:29,T0,T1,7.8ft,0.05s
4.22.2026 21:01:29,T0,T1,8.5ft,0.05s
4.22.2026 21:01:29,T0,T1,8.1ft,0.05s
4.22.2026 21:01:29,T0,T1,7.7ft,0.05s
4.22.2026 21:01:29,T0,T1,7.5ft,0.05s
4.22.2026 21:01:29,T0,T1,7.3ft,0.05s
4.22.2026 21:01:29,T0,T1,7.2ft,0.05s
4.22.2026 21:01:29,T0,T1,7.1ft,0.05s
4.22.2026 21:01:29,T0,T1,7.1ft,0.05s
4.22.2026 21:01:29,T0,T1,7.0ft,0.05s
4.22.2026 21:01:29,T0,T1,7.0ft,0.05s
4.22.2026 21:01:30,T0,T1,7.0ft,0.05s
4.22.2026 21:01:30,T0,T1,7.0ft,0.05s
4.22.2026 21:01:30,T0,T1,7.2ft,0.05s
4.22.2026 21:01:30,T0,T1,7.8ft,0.05s
4.22.2026 21:01:31,T0,T1,8.6ft,0.05s
4.22.2026 21:01:31,T0,T1,9.3ft,0.05s
4.22.2026 21:01:31,T0,T1,10.0ft,0.05s
4.22.2026 21:01:31,T0,T1,9.2ft,0.05s
4.22.2026 21:01:31,T0,T1,8.5ft,0.05s
4.22.2026 21:01:31,T0,T1,8.0ft,0.05s
4.22.2026 21:01:31,T0,T1,7.7ft,0.05s
4.22.2026 21:01:31,T0,T1,7.4ft,0.05s
4.22.2026 21:01:31,T0,T1,8.1ft,0.05s
4.22.2026 21:01:31,T0,T1,8.9ft,0.05s
4.22.2026 21:01:31,T0,T1,8.3ft,0.05s
4.22.2026 21:01:31,T0,T1,7.9ft,0.05s
4.22.2026 21:01:31,T0,T1,7.6ft,0.05s
4.22.2026 21:01:31,T0,T1,7.4ft,0.06s
4.22.2026 21:01:31,T0,T1,7.2ft,0.05s
4.22.2026 21:01:31,T0,T1,7.1ft,0.05s
4.22.2026 21:01:31,T0,T1,7.1ft,0.05s
4.22.2026 21:01:31,T0,T1,7.1ft,0.05s
4.22.2026 21:01:31,T0,T1,7.0ft,0.05s
4.22.2026 21:01:31,T0,T1,7.0ft,0.05s
4.22.2026 21:01:32,T0,T1,7.0ft,0.05s
4.22.2026 21:01:32,T0,T1,7.3ft,0.05s
4.22.2026 21:01:32,T0,T1,7.2ft,0.05s
4.22.2026 21:01:32,T0,T1,7.1ft,0.05s
4.22.2026 21:01:32,T0,T1,7.1ft,0.05s
4.22.2026 21:01:32,T0,T1,7.0ft,0.05s
4.22.2026 21:01:32,T0,T1,7.0ft,0.05s
4.22.2026 21:01:32,T0,T1,7.0ft,0.05s
4.22.2026 21:01:32,T0,T1,7.0ft,0.05s
4.22.2026 21:01:32,T0,T1,7.0ft,0.05s
4.22.2026 21:01:32,T0,T1,7.0ft,0.05s
4.22.2026 21:01:32,T0,T1,7.0ft,0.05s
4.22.2026 21:01:32,T0,T1,7.0ft,0.05s
4.22.2026 21:01:32,T0,T1,7.0ft,0.05s
4.22.2026 21:01:32,T0,T1,7.0ft,0.05s
4.22.2026 21:01:32,T0,T1,7.1ft,0.05s
4.22.2026 21:01:32,T0,T1,7.1ft,0.05s
4.22.2026 21:01:32,T0,T1,7.0ft,0.05s
4.22.2026 21:01:32,T0,T1,7.0ft,0.05s
4.22.2026 21:01:32,T0,T1,7.0ft,0.05s
4.22.2026 21:01:33,T0,T1,7.0ft,0.05s
4.22.2026 21:01:33,T0,T1,7.0ft,0.05s
4.22.2026 21:01:33,T0,T1,7.0ft,0.05s
4.22.2026 21:01:33,T0,T1,7.0ft,0.05s
4.22.2026 21:01:33,T0,T1,7.0ft,0.05s
4.22.2026 21:01:33,T0,T1,7.1ft,0.05s
4.22.2026 21:01:33,T0,T1,7.1ft,0.05s
4.22.2026 21:01:33,T0,T1,7.1ft,0.05s
4.22.2026 21:01:33,T0,T1,7.1ft,0.05s
4.22.2026 21:01:33,T0,T1,7.1ft,0.05s
4.22.2026 21:01:33,T0,T1,7.1ft,0.05s
4.22.2026 21:01:33,T0,T1,7.1ft,0.05s
4.22.2026 21:01:33,T0,T1,7.1ft,0.05s
4.22.2026 21:01:33,T0,T1,7.1ft,0.05s
4.22.2026 21:01:33,T0,T1,7.1ft,0.05s
4.22.2026 21:01:33,T0,T1,7.5ft,0.05s
4.22.2026 21:01:33,T0,T1,7.3ft,0.05s
4.22.2026 21:01:33,T0,T1,7.2ft,0.05s
4.22.2026 21:01:33,T0,T1,7.1ft,0.05s
4.22.2026 21:01:34,T0,T1,7.0ft,0.05s
4.22.2026 21:01:34,T0,T1,7.0ft,0.05s
4.22.2026 21:01:34,T0,T1,7.0ft,0.05s
4.22.2026 21:01:34,T0,T1,7.0ft,0.05s
4.22.2026 21:01:34,T0,T1,7.3ft,0.05s
4.22.2026 21:01:34,T0,T1,7.9ft,0.05s
4.22.2026 21:01:34,T0,T1,7.6ft,0.05s
4.22.2026 21:01:34,T0,T1,7.3ft,0.05s
4.22.2026 21:01:34,T0,T1,8.0ft,0.05s
4.22.2026 21:01:34,T0,T1,7.7ft,0.06s
4.22.2026 21:01:34,T0,T1,7.4ft,0.05s
4.22.2026 21:01:34,T0,T1,7.2ft,0.05s
4.22.2026 21:01:34,T0,T1,7.1ft,0.05s
4.22.2026 21:01:34,T0,T1,7.0ft,0.05s
4.22.2026 21:01:34,T0,T1,7.0ft,0.05s
4.22.2026 21:01:34,T0,T1,7.0ft,0.05s
4.22.2026 21:01:34,T0,T1,7.0ft,0.05s
4.22.2026 21:01:34,T0,T1,7.0ft,0.05s
4.22.2026 21:01:34,T0,T1,7.0ft,0.05s
4.22.2026 21:01:34,T0,T1,7.0ft,0.05s
4.22.2026 21:01:35,T0,T1,7.0ft,0.05s
4.22.2026 21:01:35,T0,T1,7.0ft,0.05s
4.22.2026 21:01:35,T0,T1,7.2ft,0.05s
4.22.2026 21:01:35,T0,T1,7.1ft,0.05s
4.22.2026 21:01:35,T0,T1,7.0ft,0.05s
4.22.2026 21:01:35,T0,T1,7.0ft,0.05s
4.22.2026 21:01:35,T0,T1,7.0ft,0.05s
4.22.2026 21:01:35,T0,T1,7.0ft,0.05s
4.22.2026 21:01:35,T0,T1,7.0ft,0.05s
4.22.2026 21:01:35,T0,T1,7.2ft,0.05s
4.22.2026 21:01:35,T0,T1,7.8ft,0.05s
4.22.2026 21:01:35,T0,T1,8.5ft,0.05s
4.22.2026 21:01:35,T0,T1,9.3ft,0.05s
4.22.2026 21:01:35,T0,T1,10.0ft,0.05s
4.22.2026 21:01:35,T0,T1,9.1ft,0.05s
4.22.2026 21:01:35,T0,T1,8.5ft,0.05s
4.22.2026 21:01:35,T0,T1,9.3ft,0.05s
4.22.2026 21:01:35,T0,T1,10.0ft,0.05s
4.22.2026 21:01:35,T0,T1,10.6ft,0.05s
4.22.2026 21:01:35,T0,T1,11.2ft,0.05s
4.22.2026 21:01:36,T0,T1,10.1ft,0.05s
4.22.2026 21:01:36,T0,T1,9.2ft,0.05s
4.22.2026 21:01:36,T0,T1,8.5ft,0.05s
4.22.2026 21:01:36,T0,T1,8.0ft,0.05s
4.22.2026 21:01:36,T0,T1,7.7ft,0.05s
4.22.2026 21:01:36,T0,T1,7.4ft,0.05s
4.22.2026 21:01:36,T0,T1,7.2ft,0.05s
4.22.2026 21:01:36,T0,T1,7.1ft,0.05s
4.22.2026 21:01:36,T0,T1,7.0ft,0.05s
4.22.2026 21:01:36,T0,T1,7.0ft,0.05s
4.22.2026 21:01:36,T0,T1,7.0ft,0.05s
4.22.2026 21:01:36,T0,T1,7.0ft,0.05s
4.22.2026 21:01:36,T0,T1,7.0ft,0.05s
4.22.2026 21:01:36,T0,T1,7.0ft,0.05s
4.22.2026 21:01:36,T0,T1,7.0ft,0.05s
4.22.2026 21:01:36,T0,T1,7.0ft,0.05s
4.22.2026 21:01:36,T0,T1,7.0ft,0.05s
4.22.2026 21:01:36,T0,T1,7.0ft,0.05s
4.22.2026 21:01:36,T0,T1,7.0ft,0.05s
4.22.2026 21:01:37,T0,T1,7.0ft,0.05s
4.22.2026 21:01:37,T0,T1,7.1ft,0.05s
4.22.2026 21:01:37,T0,T1,7.1ft,0.05s
4.22.2026 21:01:37,T0,T1,7.1ft,0.05s
4.22.2026 21:01:37,T0,T1,7.1ft,0.05s
4.22.2026 21:01:37,T0,T1,7.1ft,0.05s
4.22.2026 21:01:37,T0,T1,7.1ft,0.05s
4.22.2026 21:01:37,T0,T1,7.1ft,0.05s
4.22.2026 21:01:37,T0,T1,7.1ft,0.05s
4.22.2026 21:01:37,T0,T1,7.1ft,0.05s
4.22.2026 21:01:37,T0,T1,7.1ft,0.05s
4.22.2026 21:01:37,T0,T1,7.1ft,0.05s
4.22.2026 21:01:37,T0,T1,7.1ft,0.05s
4.22.2026 21:01:37,T0,T1,7.1ft,0.05s
4.22.2026 21:01:37,T0,T1,7.1ft,0.05s
4.22.2026 21:01:37,T0,T1,7.1ft,0.05s
4.22.2026 21:01:37,T0,T1,7.1ft,0.05s
4.22.2026 21:01:37,T0,T1,7.1ft,0.05s
4.22.2026 21:01:37,T0,T1,7.1ft,0.05s
4.22.2026 21:01:37,T0,T1,7.1ft,0.05s
4.22.2026 21:01:38,T0,T1,7.1ft,0.05s
4.22.2026 21:01:38,T0,T1,7.1ft,0.05s
4.22.2026 21:01:38,T0,T1,7.1ft,0.05s
4.22.2026 21:01:38,T0,T1,7.1ft,0.05s
4.22.2026 21:01:38,T0,T1,7.1ft,0.05s
4.22.2026 21:01:38,T0,T1,7.5ft,0.05s
4.22.2026 21:01:38,T0,T1,8.2ft,0.05s
4.22.2026 21:01:38,T0,T1,9.0ft,0.05s
4.22.2026 21:01:38,T0,T1,9.7ft,0.05s
4.22.2026 21:01:38,T0,T1,10.4ft,0.05s
4.22.2026 21:01:38,T0,T1,11.0ft,0.05s
4.22.2026 21:01:38,T0,T1,11.5ft,0.05s
4.22.2026 21:01:38,T0,T1,12.0ft,0.05s
4.22.2026 21:01:38,T0,T1,12.4ft,0.05s
4.22.2026 21:01:38,T0,T1,12.8ft,0.05s
4.22.2026 21:01:38,T0,T1,13.0ft,0.05s
4.22.2026 21:01:38,T0,T1,13.3ft,0.05s
4.22.2026 21:01:38,T0,T1,13.5ft,0.05s
4.22.2026 21:01:38,T0,T1,11.9ft,0.05s
4.22.2026 21:01:39,T0,T1,10.7ft,0.05s
4.22.2026 21:01:39,T0,T1,9.7ft,0.05s
4.22.2026 21:01:39,T0,T1,8.9ft,0.05s
4.22.2026 21:01:39,T0,T1,8.3ft,0.05s
4.22.2026 21:01:39,T0,T1,7.9ft,0.05s
4.22.2026 21:01:39,T0,T1,7.6ft,0.05s
4.22.2026 21:01:39,T0,T1,7.4ft,0.05s
4.22.2026 21:01:39,T0,T1,8.0ft,0.05s
4.22.2026 21:01:39,T0,T1,8.8ft,0.05s
4.22.2026 21:01:39,T0,T1,9.5ft,0.05s
4.22.2026 21:01:39,T0,T1,10.2ft,0.05s
4.22.2026 21:01:39,T0,T1,10.8ft,0.05s
4.22.2026 21:01:39,T0,T1,11.4ft,0.05s
4.22.2026 21:01:39,T0,T1,11.9ft,0.05s
4.22.2026 21:01:39,T0,T1,12.3ft,0.05s
4.22.2026 21:01:39,T0,T1,12.7ft,0.05s
4.22.2026 21:01:39,T0,T1,13.0ft,0.05s
4.22.2026 21:01:39,T0,T1,13.2ft,0.05s
4.22.2026 21:01:39,T0,T1,13.5ft,0.05s
4.22.2026 21:01:39,T0,T1,13.7ft,0.05s
4.22.2026 21:01:40,T0,T1,12.1ft,0.05s
4.22.2026 21:01:40,T0,T1,10.8ft,0.05s
4.22.2026 21:01:40,T0,T1,9.7ft,0.05s
4.22.2026 21:01:40,T0,T1,8.9ft,0.05s
4.22.2026 21:01:40,T0,T1,8.4ft,0.05s
4.22.2026 21:01:40,T0,T1,7.9ft,0.05s
4.22.2026 21:01:40,T0,T1,7.6ft,0.05s
4.22.2026 21:01:40,T0,T1,7.4ft,0.05s
4.22.2026 21:01:40,T0,T1,8.0ft,0.05s
4.22.2026 21:01:40,T0,T1,8.8ft,0.05s
4.22.2026 21:01:40,T0,T1,8.2ft,0.05s
4.22.2026 21:01:40,T0,T1,7.8ft,0.05s
4.22.2026 21:01:40,T0,T1,7.5ft,0.05s
4.22.2026 21:01:40,T0,T1,7.3ft,0.05s
4.22.2026 21:01:40,T0,T1,7.2ft,0.05s
4.22.2026 21:01:40,T0,T1,7.8ft,0.05s
4.22.2026 21:01:40,T0,T1,8.5ft,0.05s
4.22.2026 21:01:40,T0,T1,8.1ft,0.05s
4.22.2026 21:01:41,T0,T1,8.8ft,0.05s
4.22.2026 21:01:41,T0,T1,9.6ft,0.05s
4.22.2026 21:01:41,T0,T1,10.2ft,0.05s
4.22.2026 21:01:41,T0,T1,9.4ft,0.05s
4.22.2026 21:01:41,T0,T1,8.7ft,0.05s
4.22.2026 21:01:41,T0,T1,8.2ft,0.05s
4.22.2026 21:01:41,T0,T1,8.9ft,0.05s
4.22.2026 21:01:41,T0,T1,9.6ft,0.05s
4.22.2026 21:01:41,T0,T1,10.3ft,0.05s
4.22.2026 21:01:41,T0,T1,11.0ft,0.05s
4.22.2026 21:01:41,T0,T1,11.5ft,0.05s
4.22.2026 21:01:41,T0,T1,12.0ft,0.05s
4.22.2026 21:01:41,T0,T1,12.4ft,0.05s
4.22.2026 21:01:41,T0,T1,12.7ft,0.05s
4.22.2026 21:01:41,T0,T1,11.3ft,0.05s
4.22.2026 21:01:41,T0,T1,10.2ft,0.05s
4.22.2026 21:01:41,T0,T1,9.3ft,0.05s
4.22.2026 21:01:42,T0,T1,8.6ft,0.05s
4.22.2026 21:01:42,T0,T1,8.1ft,0.05s
4.22.2026 21:01:42,T0,T1,7.8ft,0.05s
4.22.2026 21:01:42,T0,T1,7.5ft,0.05s
4.22.2026 21:01:42,T0,T1,7.3ft,0.05s
4.22.2026 21:01:42,T0,T1,7.2ft,0.05s
4.22.2026 21:01:42,T0,T1,7.1ft,0.05s
4.22.2026 21:01:42,T0,T1,7.1ft,0.05s
4.22.2026 21:01:42,T0,T1,7.1ft,0.05s
4.22.2026 21:01:42,T0,T1,7.0ft,0.05s
4.22.2026 21:01:42,T0,T1,7.0ft,0.05s
4.22.2026 21:01:42,T0,T1,7.0ft,0.05s
4.22.2026 21:01:42,T0,T1,7.1ft,0.05s
4.22.2026 21:01:42,T0,T1,7.1ft,0.05s
4.22.2026 21:01:42,T0,T1,7.1ft,0.05s
4.22.2026 21:01:42,T0,T1,14.8ft,0.05s
4.22.2026 21:01:42,T0,T1,14.8ft,0.05s
4.22.2026 21:01:42,T0,T1,14.8ft,0.05s
4.22.2026 21:01:42,T0,T1,14.8ft,0.05s
4.22.2026 21:01:42,T0,T1,14.9ft,0.05s
4.22.2026 21:01:43,T0,T1,14.9ft,0.06s
4.22.2026 21:01:43,T0,T1,14.9ft,0.05s
4.22.2026 21:01:43,T0,T1,14.9ft,0.05s
4.22.2026 21:01:43,T0,T1,14.9ft,0.05s
4.22.2026 21:01:43,T0,T1,14.9ft,0.05s
4.22.2026 21:01:43,T0,T1,7.1ft,0.05s
4.22.2026 21:01:43,T0,T1,7.1ft,0.05s
4.22.2026 21:01:43,T0,T1,7.1ft,0.05s
4.22.2026 21:01:43,T0,T1,7.1ft,0.05s
4.22.2026 21:01:43,T0,T1,7.1ft,0.05s
4.22.2026 21:01:43,T0,T1,7.1ft,0.05s
4.22.2026 21:01:43,T0,T1,7.1ft,0.05s
4.22.2026 21:01:43,T0,T1,7.1ft,0.05s
4.22.2026 21:01:43,T0,T1,7.1ft,0.05s
4.22.2026 21:01:43,T0,T1,7.1ft,0.05s
4.22.2026 21:01:43,T0,T1,7.1ft,0.05s
4.22.2026 21:01:43,T0,T1,7.1ft,0.05s
4.22.2026 21:01:43,T0,T1,7.1ft,0.05s
4.22.2026 21:01:43,T0,T1,7.1ft,0.05s
4.22.2026 21:01:44,T0,T1,7.1ft,0.05s
4.22.2026 21:01:44,T0,T1,7.1ft,0.05s
4.22.2026 21:01:44,T0,T1,7.1ft,0.05s
4.22.2026 21:01:44,T0,T1,7.1ft,0.05s
4.22.2026 21:01:44,T0,T1,7.1ft,0.05s
4.22.2026 21:01:44,T0,T1,7.1ft,0.05s
4.22.2026 21:01:44,T0,T1,7.1ft,0.05s
4.22.2026 21:01:44,T0,T1,7.1ft,0.05s
4.22.2026 21:01:44,T0,T1,7.0ft,0.05s
4.22.2026 21:01:44,T0,T1,7.0ft,0.05s
4.22.2026 21:01:44,T0,T1,7.0ft,0.05s
4.22.2026 21:01:44,T0,T1,7.1ft,0.05s
4.22.2026 21:01:44,T0,T1,7.1ft,0.05s
4.22.2026 21:01:44,T0,T1,7.1ft,0.05s
4.22.2026 21:01:44,T0,T1,7.1ft,0.05s
4.22.2026 21:01:44,T0,T1,7.1ft,0.05s
4.22.2026 21:01:44,T0,T1,7.1ft,0.05s
4.22.2026 21:01:44,T0,T1,7.1ft,0.05s
4.22.2026 21:01:44,T0,T1,7.1ft,0.05s
4.22.2026 21:01:44,T0,T1,7.1ft,0.05s
4.22.2026 21:01:45,T0,T1,7.1ft,0.05s
4.22.2026 21:01:45,T0,T1,7.1ft,0.05s
4.22.2026 21:01:45,T0,T1,7.1ft,0.05s
4.22.2026 21:01:45,T0,T1,7.2ft,0.05s
4.22.2026 21:01:45,T0,T1,7.2ft,0.05s
4.22.2026 21:01:45,T0,T1,7.2ft,0.05s
4.22.2026 21:01:45,T0,T1,7.2ft,0.05s
4.22.2026 21:01:45,T0,T1,7.2ft,0.05s
4.22.2026 21:01:45,T0,T1,7.2ft,0.05s
4.22.2026 21:01:45,T0,T1,7.2ft,0.05s
4.22.2026 21:01:45,T0,T1,7.1ft,0.05s
4.22.2026 21:01:45,T0,T1,7.1ft,0.05s
4.22.2026 21:01:45,T0,T1,7.1ft,0.05s
4.22.2026 21:01:45,T0,T1,7.1ft,0.05s
4.22.2026 21:01:45,T0,T1,7.1ft,0.05s
4.22.2026 21:01:45,T0,T1,7.1ft,0.05s
4.22.2026 21:01:45,T0,T1,7.1ft,0.05s
4.22.2026 21:01:45,T0,T1,7.1ft,0.05s
4.22.2026 21:01:46,T0,T1,7.1ft,0.05s
4.22.2026 21:01:46,T0,T1,7.1ft,0.05s
4.22.2026 21:01:46,T0,T1,7.1ft,0.05s
4.22.2026 21:01:46,T0,T1,7.1ft,0.05s
4.22.2026 21:01:46,T0,T1,7.1ft,0.05s
4.22.2026 21:01:46,T0,T1,7.1ft,0.05s
4.22.2026 21:01:46,T0,T1,7.1ft,0.05s
4.22.2026 21:01:46,T0,T1,7.0ft,0.05s
4.22.2026 21:01:46,T0,T1,7.0ft,0.05s
4.22.2026 21:01:46,T0,T1,7.0ft,0.05s
4.22.2026 21:01:46,T0,T1,7.0ft,0.05s
4.22.2026 21:01:46,T0,T1,7.1ft,0.05s
4.22.2026 21:01:46,T0,T1,7.1ft,0.05s
4.22.2026 21:01:46,T0,T1,7.1ft,0.05s
4.22.2026 21:01:46,T0,T1,7.1ft,0.05s
4.22.2026 21:01:46,T0,T1,7.1ft,0.05s
4.22.2026 21:01:46,T0,T1,14.8ft,0.05s
4.22.2026 21:01:46,T0,T1,14.8ft,0.05s
4.22.2026 21:01:46,T0,T1,14.8ft,0.05s
4.22.2026 21:01:47,T0,T1,14.8ft,0.05s
4.22.2026 21:01:47,T0,T1,7.1ft,0.05s
4.22.2026 21:01:47,T0,T1,7.1ft,0.05s
4.22.2026 21:01:47,T0,T1,7.1ft,0.05s
4.22.2026 21:01:47,T0,T1,14.8ft,0.05s
4.22.2026 21:01:47,T0,T1,14.8ft,0.05s
4.22.2026 21:01:47,T0,T1,14.8ft,0.05s
4.22.2026 21:01:47,T0,T1,14.8ft,0.05s
4.22.2026 21:01:47,T0,T1,14.8ft,0.05s
4.22.2026 21:01:47,T0,T1,14.8ft,0.05s
4.22.2026 21:01:47,T0,T1,14.8ft,0.05s
4.22.2026 21:01:47,T0,T1,14.8ft,0.05s
4.22.2026 21:01:47,T0,T1,14.8ft,0.05s
4.22.2026 21:01:47,T0,T1,14.8ft,0.05s
4.22.2026 21:01:47,T0,T1,7.1ft,0.05s
4.22.2026 21:01:47,T0,T1,7.1ft,0.05s
4.22.2026 21:01:47,T0,T1,7.1ft,0.05s
4.22.2026 21:01:47,T0,T1,7.1ft,0.05s
4.22.2026 21:01:47,T0,T1,14.8ft,0.05s
4.22.2026 21:01:47,T0,T1,14.8ft,0.05s
4.22.2026 21:01:48,T0,T1,14.8ft,0.05s
4.22.2026 21:01:48,T0,T1,14.8ft,0.05s
4.22.2026 21:01:48,T0,T1,14.8ft,0.05s
4.22.2026 21:01:48,T0,T1,14.8ft,0.05s
4.22.2026 21:01:48,T0,T1,14.8ft,0.05s
4.22.2026 21:01:48,T0,T1,14.8ft,0.05s
4.22.2026 21:01:48,T0,T1,7.1ft,0.05s
4.22.2026 21:01:48,T0,T1,7.1ft,0.05s
4.22.2026 21:01:48,T0,T1,7.1ft,0.05s
4.22.2026 21:01:48,T0,T1,7.1ft,0.05s
4.22.2026 21:01:48,T0,T1,7.1ft,0.05s
4.22.2026 21:01:48,T0,T1,7.1ft,0.05s
4.22.2026 21:01:48,T0,T1,7.1ft,0.05s
4.22.2026 21:01:48,T0,T1,7.1ft,0.05s
4.22.2026 21:01:48,T0,T1,7.1ft,0.05s
4.22.2026 21:01:48,T0,T1,7.1ft,0.05s
4.22.2026 21:01:48,T0,T1,7.1ft,0.05s
4.22.2026 21:01:48,T0,T1,7.1ft,0.05s
4.22.2026 21:01:48,T0,T1,7.1ft,0.05s
4.22.2026 21:01:49,T0,T1,14.8ft,0.05s
4.22.2026 21:01:49,T0,T1,14.8ft,0.05s
4.22.2026 21:01:49,T0,T1,14.8ft,0.05s
4.22.2026 21:01:49,T0,T1,14.8ft,0.05s
4.22.2026 21:01:49,T0,T1,14.8ft,0.05s
4.22.2026 21:01:49,T0,T1,14.8ft,0.05s
4.22.2026 21:01:49,T0,T1,14.8ft,0.05s
4.22.2026 21:01:49,T0,T1,7.1ft,0.05s
4.22.2026 21:01:49,T0,T1,7.1ft,0.05s
4.22.2026 21:01:49,T0,T1,7.1ft,0.05s
4.22.2026 21:01:49,T0,T1,7.1ft,0.06s
4.22.2026 21:01:49,T0,T1,7.1ft,0.05s
4.22.2026 21:01:49,T0,T1,7.1ft,0.05s
4.22.2026 21:01:49,T0,T1,7.1ft,0.05s
4.22.2026 21:01:49,T0,T1,7.1ft,0.05s
4.22.2026 21:01:49,T0,T1,7.1ft,0.05s
4.22.2026 21:01:49,T0,T1,7.1ft,0.05s
4.22.2026 21:01:49,T0,T1,7.1ft,0.05s
4.22.2026 21:01:49,T0,T1,7.1ft,0.05s
4.22.2026 21:01:49,T0,T1,7.1ft,0.05s
4.22.2026 21:01:50,T0,T1,7.1ft,0.05s
4.22.2026 21:01:50,T0,T1,7.1ft,0.05s
4.22.2026 21:01:50,T0,T1,14.8ft,0.05s
4.22.2026 21:01:50,T0,T1,14.8ft,0.05s
4.22.2026 21:01:50,T0,T1,14.8ft,0.05s
4.22.2026 21:01:50,T0,T1,14.8ft,0.05s
4.22.2026 21:01:50,T0,T1,14.8ft,0.05s
4.22.2026 21:01:50,T0,T1,14.8ft,0.05s
4.22.2026 21:01:50,T0,T1,14.8ft,0.05s
4.22.2026 21:01:50,T0,T1,7.2ft,0.05s
4.22.2026 21:01:50,T0,T1,7.2ft,0.05s
4.22.2026 21:01:50,T0,T1,7.2ft,0.05s
4.22.2026 21:01:50,T0,T1,7.2ft,0.05s
4.22.2026 21:01:50,T0,T1,7.2ft,0.05s
4.22.2026 21:01:50,T0,T1,7.1ft,0.05s
4.22.2026 21:01:50,T0,T1,14.8ft,0.05s
4.22.2026 21:01:50,T0,T1,7.2ft,0.05s
4.22.2026 21:01:50,T0,T1,7.1ft,0.05s
4.22.2026 21:01:50,T0,T1,7.1ft,0.05s
4.22.2026 21:01:50,T0,T1,7.1ft,0.05s
4.22.2026 21:01:51,T0,T1,7.1ft,0.05s
4.22.2026 21:01:51,T0,T1,7.1ft,0.05s
4.22.2026 21:01:51,T0,T1,14.8ft,0.05s
4.22.2026 21:01:51,T0,T1,14.8ft,0.05s
4.22.2026 21:01:51,T0,T1,14.8ft,0.05s
4.22.2026 21:01:51,T0,T1,14.8ft,0.05s
4.22.2026 21:01:51,T0,T1,7.1ft,0.05s
4.22.2026 21:01:51,T0,T1,14.8ft,0.05s
4.22.2026 21:01:51,T0,T1,14.8ft,0.05s
4.22.2026 21:01:51,T0,T1,7.2ft,0.05s
4.22.2026 21:01:51,T0,T1,7.2ft,0.05s
4.22.2026 21:01:51,T0,T1,7.2ft,0.05s
4.22.2026 21:01:51,T0,T1,7.2ft,0.05s
4.22.2026 21:01:51,T0,T1,7.2ft,0.05s
4.22.2026 21:01:51,T0,T1,7.2ft,0.05s
4.22.2026 21:01:51,T0,T1,7.2ft,0.05s
4.22.2026 21:01:51,T0,T1,7.1ft,0.05s
4.22.2026 21:01:51,T0,T1,7.1ft,0.05s
4.22.2026 21:01:51,T0,T1,7.1ft,0.06s
4.22.2026 21:01:52,T0,T1,7.1ft,0.05s
4.22.2026 21:01:52,T0,T1,7.1ft,0.05s
4.22.2026 21:01:52,T0,T1,7.1ft,0.05s
4.22.2026 21:01:52,T0,T1,7.1ft,0.05s
4.22.2026 21:01:52,T0,T1,7.1ft,0.05s
4.22.2026 21:01:52,T0,T1,7.1ft,0.05s
4.22.2026 21:01:52,T0,T1,7.1ft,0.05s
4.22.2026 21:01:52,T0,T1,7.1ft,0.05s
4.22.2026 21:01:52,T0,T1,14.8ft,0.05s
4.22.2026 21:01:52,T0,T1,7.1ft,0.05s
4.22.2026 21:01:52,T0,T1,7.1ft,0.05s
4.22.2026 21:01:52,T0,T1,7.1ft,0.05s
4.22.2026 21:01:52,T0,T1,7.1ft,0.05s
4.22.2026 21:01:52,T0,T1,7.1ft,0.05s
4.22.2026 21:01:52,T0,T1,7.1ft,0.05s
4.22.2026 21:01:52,T0,T1,7.1ft,0.05s
4.22.2026 21:01:52,T0,T1,7.1ft,0.05s
4.22.2026 21:01:52,T0,T1,7.1ft,0.05s
4.22.2026 21:01:52,T0,T1,14.8ft,0.05s
4.22.2026 21:01:52,T0,T1,14.8ft,0.05s
4.22.2026 21:01:53,T0,T1,7.1ft,0.05s
4.22.2026 21:01:53,T0,T1,7.1ft,0.05s
4.22.2026 21:01:53,T0,T1,7.1ft,0.05s
4.22.2026 21:01:53,T0,T1,7.1ft,0.05s
4.22.2026 21:01:53,T0,T1,7.1ft,0.05s
4.22.2026 21:01:53,T0,T1,7.2ft,0.05s
4.22.2026 21:01:53,T0,T1,7.2ft,0.05s
4.22.2026 21:01:53,T0,T1,7.2ft,0.05s
4.22.2026 21:01:53,T0,T1,7.2ft,0.05s
4.22.2026 21:01:53,T0,T1,7.2ft,0.05s
4.22.2026 21:01:53,T0,T1,7.2ft,0.05s
4.22.2026 21:01:53,T0,T1,7.2ft,0.06s
4.22.2026 21:01:53,T0,T1,7.2ft,0.05s
4.22.2026 21:01:53,T0,T1,7.2ft,0.05s
4.22.2026 21:01:53,T0,T1,7.2ft,0.05s
4.22.2026 21:01:53,T0,T1,7.1ft,0.05s
4.22.2026 21:01:53,T0,T1,7.1ft,0.05s
4.22.2026 21:01:53,T0,T1,15.0ft,0.05s
4.22.2026 21:01:53,T0,T1,15.0ft,0.05s
4.22.2026 21:01:54,T0,T1,15.0ft,0.05s
4.22.2026 21:01:54,T0,T1,15.0ft,0.05s
4.22.2026 21:01:54,T0,T1,15.0ft,0.05s
4.22.2026 21:01:54,T0,T1,15.0ft,0.05s
4.22.2026 21:01:54,T0,T1,8.1ft,0.05s
4.22.2026 21:01:54,T0,T1,7.8ft,0.05s
4.22.2026 21:01:54,T0,T1,7.8ft,0.05s
4.22.2026 21:01:54,T0,T1,7.9ft,0.05s
4.22.2026 21:01:54,T0,T1,7.8ft,0.05s
4.22.2026 21:01:54,T0,T1,7.5ft,0.05s
4.22.2026 21:01:54,T0,T1,7.5ft,0.05s
4.22.2026 21:01:54,T0,T1,7.5ft,0.05s
4.22.2026 21:01:54,T0,T1,7.5ft,0.05s
4.22.2026 21:01:54,T0,T1,14.9ft,0.05s
4.22.2026 21:01:54,T0,T1,14.9ft,0.05s
4.22.2026 21:01:54,T0,T1,7.4ft,0.05s
4.22.2026 21:01:54,T0,T1,7.3ft,0.05s
4.22.2026 21:01:54,T0,T1,7.3ft,0.05s
4.22.2026 21:01:54,T0,T1,7.3ft,0.05s
4.22.2026 21:01:54,T0,T1,7.3ft,0.05s
4.22.2026 21:01:55,T0,T1,7.3ft,0.05s
4.22.2026 21:01:55,T0,T1,7.2ft,0.05s
4.22.2026 21:01:55,T0,T1,7.2ft,0.05s
4.22.2026 21:01:55,T0,T1,7.2ft,0.05s
4.22.2026 21:01:55,T0,T1,7.2ft,0.05s
4.22.2026 21:01:55,T0,T1,14.8ft,0.05s
4.22.2026 21:01:55,T0,T1,14.8ft,0.05s
4.22.2026 21:01:55,T0,T1,14.8ft,0.05s
4.22.2026 21:01:55,T0,T1,14.8ft,0.05s
4.22.2026 21:01:55,T0,T1,7.2ft,0.05s
4.22.2026 21:01:55,T0,T1,14.8ft,0.05s
4.22.2026 21:01:55,T0,T1,14.8ft,0.05s
4.22.2026 21:01:55,T0,T1,7.2ft,0.05s
4.22.2026 21:01:55,T0,T1,7.2ft,0.05s
4.22.2026 21:01:55,T0,T1,7.2ft,0.05s
4.22.2026 21:01:55,T0,T1,7.2ft,0.05s
4.22.2026 21:01:55,T0,T1,7.3ft,0.05s
4.22.2026 21:01:55,T0,T1,7.2ft,0.05s
4.22.2026 21:01:55,T0,T1,7.2ft,0.05s
4.22.2026 21:01:55,T0,T1,7.2ft,0.05s
4.22.2026 21:01:56,T0,T1,7.2ft,0.05s
4.22.2026 21:01:56,T0,T1,7.2ft,0.05s
4.22.2026 21:01:56,T0,T1,7.2ft,0.05s
4.22.2026 21:01:56,T0,T1,7.2ft,0.05s
4.22.2026 21:01:56,T0,T1,7.2ft,0.05s
4.22.2026 21:01:56,T0,T1,7.2ft,0.05s
4.22.2026 21:01:56,T0,T1,7.1ft,0.05s
4.22.2026 21:01:56,T0,T1,7.1ft,0.05s
4.22.2026 21:01:56,T0,T1,7.1ft,0.05s
4.22.2026 21:01:56,T0,T1,7.1ft,0.05s
4.22.2026 21:01:56,T0,T1,7.1ft,0.05s
4.22.2026 21:01:56,T0,T1,7.1ft,0.05s
4.22.2026 21:01:56,T0,T1,7.1ft,0.05s
4.22.2026 21:01:56,T0,T1,7.1ft,0.05s
4.22.2026 21:01:56,T0,T1,7.1ft,0.05s
4.22.2026 21:01:56,T0,T1,7.1ft,0.05s
4.22.2026 21:01:56,T0,T1,7.1ft,0.05s
4.22.2026 21:01:56,T0,T1,7.1ft,0.05s
4.22.2026 21:01:56,T0,T1,14.8ft,0.05s
4.22.2026 21:01:57,T0,T1,14.8ft,0.05s
4.22.2026 21:01:57,T0,T1,14.8ft,0.05s
4.22.2026 21:01:57,T0,T1,7.1ft,0.05s
4.22.2026 21:01:57,T0,T1,7.1ft,0.05s
4.22.2026 21:01:57,T0,T1,7.1ft,0.05s
4.22.2026 21:01:57,T0,T1,7.1ft,0.05s
4.22.2026 21:01:57,T0,T1,7.1ft,0.05s
4.22.2026 21:01:57,T0,T1,7.1ft,0.05s
4.22.2026 21:01:57,T0,T1,7.1ft,0.05s
4.22.2026 21:01:57,T0,T1,7.1ft,0.05s
4.22.2026 21:01:57,T0,T1,7.1ft,0.05s
4.22.2026 21:01:57,T0,T1,7.1ft,0.05s
4.22.2026 21:01:57,T0,T1,7.1ft,0.05s
4.22.2026 21:01:57,T0,T1,7.1ft,0.05s
4.22.2026 21:01:57,T0,T1,7.1ft,0.05s
4.22.2026 21:01:57,T0,T1,7.1ft,0.05s
4.22.2026 21:01:57,T0,T1,7.1ft,0.05s
4.22.2026 21:01:57,T0,T1,7.0ft,0.05s
4.22.2026 21:01:57,T0,T1,7.0ft,0.05s
4.22.2026 21:01:57,T0,T1,7.1ft,0.05s
4.22.2026 21:01:58,T0,T1,7.1ft,0.05s
4.22.2026 21:01:58,T0,T1,7.0ft,0.05s
4.22.2026 21:01:58,T0,T1,7.0ft,0.05s
4.22.2026 21:01:58,T0,T1,7.0ft,0.05s
4.22.2026 21:01:58,T0,T1,7.0ft,0.05s
4.22.2026 21:01:58,T0,T1,7.0ft,0.05s
4.22.2026 21:01:58,T0,T1,7.1ft,0.05s
4.22.2026 21:01:58,T0,T1,7.1ft,0.05s
4.22.2026 21:01:58,T0,T1,7.1ft,0.05s
4.22.2026 21:01:58,T0,T1,7.0ft,0.05s
4.22.2026 21:01:58,T0,T1,7.0ft,0.05s
4.22.2026 21:01:58,T0,T1,14.8ft,0.05s
4.22.2026 21:01:58,T0,T1,14.8ft,0.05s
4.22.2026 21:01:58,T0,T1,14.8ft,0.05s
4.22.2026 21:01:58,T0,T1,14.8ft,0.05s
4.22.2026 21:01:58,T0,T1,7.1ft,0.05s
4.22.2026 21:01:58,T0,T1,7.1ft,0.05s
4.22.2026 21:01:58,T0,T1,7.1ft,0.05s
4.22.2026 21:01:58,T0,T1,7.1ft,0.05s
4.22.2026 21:01:59,T0,T1,7.1ft,0.05s
4.22.2026 21:01:59,T0,T1,7.0ft,0.05s
4.22.2026 21:01:59,T0,T1,7.0ft,0.05s
4.22.2026 21:01:59,T0,T1,7.1ft,0.05s
4.22.2026 21:01:59,T0,T1,7.0ft,0.05s
4.22.2026 21:01:59,T0,T1,7.0ft,0.05s
4.22.2026 21:01:59,T0,T1,7.0ft,0.05s
4.22.2026 21:01:59,T0,T1,7.0ft,0.05s
4.22.2026 21:01:59,T0,T1,7.0ft,0.05s
4.22.2026 21:01:59,T0,T1,7.0ft,0.05s
4.22.2026 21:01:59,T0,T1,7.1ft,0.05s
4.22.2026 21:01:59,T0,T1,7.1ft,0.05s
4.22.2026 21:01:59,T0,T1,7.1ft,0.05s
4.22.2026 21:01:59,T0,T1,7.1ft,0.05s
4.22.2026 21:01:59,T0,T1,7.1ft,0.05s
4.22.2026 21:01:59,T0,T1,7.1ft,0.05s
4.22.2026 21:01:59,T0,T1,7.1ft,0.05s
4.22.2026 21:01:59,T0,T1,7.1ft,0.05s
4.22.2026 21:01:59,T0,T1,7.0ft,0.05s
4.22.2026 21:01:59,T0,T1,7.0ft,0.05s
4.22.2026 21:02:00,T0,T1,7.0ft,0.05s
4.22.2026 21:02:00,T0,T1,7.0ft,0.05s
4.22.2026 21:02:00,T0,T1,7.1ft,0.05s
4.22.2026 21:02:00,T0,T1,7.1ft,0.05s
4.22.2026 21:02:00,T0,T1,14.8ft,0.05s
4.22.2026 21:02:00,T0,T1,14.8ft,0.05s
4.22.2026 21:02:00,T0,T1,14.8ft,0.05s
4.22.2026 21:02:00,T0,T1,14.8ft,0.05s
4.22.2026 21:02:00,T0,T1,14.8ft,0.05s
4.22.2026 21:02:00,T0,T1,14.8ft,0.05s
4.22.2026 21:02:00,T0,T1,7.1ft,0.05s
4.22.2026 21:02:00,T0,T1,7.1ft,0.05s
4.22.2026 21:02:00,T0,T1,7.1ft,0.05s
4.22.2026 21:02:00,T0,T1,7.1ft,0.05s
4.22.2026 21:02:00,T0,T1,7.1ft,0.05s
4.22.2026 21:02:00,T0,T1,7.1ft,0.05s
4.22.2026 21:02:00,T0,T1,7.1ft,0.05s
4.22.2026 21:02:00,T0,T1,7.1ft,0.05s
4.22.2026 21:02:00,T0,T1,7.1ft,0.05s
4.22.2026 21:02:00,T0,T1,7.1ft,0.05s
4.22.2026 21:02:01,T0,T1,7.1ft,0.05s
4.22.2026 21:02:01,T0,T1,7.1ft,0.05s
4.22.2026 21:02:01,T0,T1,7.1ft,0.05s
4.22.2026 21:02:01,T0,T1,7.1ft,0.05s
4.22.2026 21:02:01,T0,T1,7.1ft,0.05s
4.22.2026 21:02:01,T0,T1,7.1ft,0.05s
4.22.2026 21:02:01,T0,T1,7.1ft,0.05s
4.22.2026 21:02:01,T0,T1,7.2ft,0.05s
4.22.2026 21:02:01,T0,T1,7.2ft,0.05s
4.22.2026 21:02:01,T0,T1,7.2ft,0.05s
4.22.2026 21:02:01,T0,T1,7.2ft,0.05s
4.22.2026 21:02:01,T0,T1,7.2ft,0.05s
4.22.2026 21:02:01,T0,T1,7.2ft,0.05s
4.22.2026 21:02:01,T0,T1,7.2ft,0.05s
4.22.2026 21:02:01,T0,T1,7.2ft,0.05s
4.22.2026 21:02:01,T0,T1,7.2ft,0.05s
4.22.2026 21:02:01,T0,T1,7.1ft,0.05s
4.22.2026 21:02:01,T0,T1,7.1ft,0.05s
4.22.2026 21:02:01,T0,T1,7.1ft,0.05s
4.22.2026 21:02:02,T0,T1,7.1ft,0.05s
4.22.2026 21:02:02,T0,T1,7.2ft,0.05s
4.22.2026 21:02:02,T0,T1,7.2ft,0.05s
4.22.2026 21:02:02,T0,T1,14.8ft,0.05s
4.22.2026 21:02:02,T0,T1,7.1ft,0.05s
4.22.2026 21:02:02,T0,T1,7.1ft,0.05s
4.22.2026 21:02:02,T0,T1,7.1ft,0.05s
4.22.2026 21:02:02,T0,T1,7.1ft,0.05s
4.22.2026 21:02:02,T0,T1,7.1ft,0.05s
4.22.2026 21:02:02,T0,T1,7.1ft,0.05s
4.22.2026 21:02:02,T0,T1,7.1ft,0.05s
4.22.2026 21:02:02,T0,T1,7.1ft,0.05s
4.22.2026 21:02:02,T0,T1,7.1ft,0.05s
4.22.2026 21:02:02,T0,T1,7.1ft,0.05s
4.22.2026 21:02:02,T0,T1,7.1ft,0.05s
4.22.2026 21:02:02,T0,T1,7.1ft,0.05s
4.22.2026 21:02:02,T0,T1,7.1ft,0.05s
4.22.2026 21:02:02,T0,T1,14.8ft,0.05s
4.22.2026 21:02:02,T0,T1,14.8ft,0.05s
4.22.2026 21:02:02,T0,T1,14.8ft,0.05s
4.22.2026 21:02:03,T0,T1,7.1ft,0.05s
4.22.2026 21:02:03,T0,T1,7.1ft,0.05s
4.22.2026 21:02:03,T0,T1,7.1ft,0.05s
4.22.2026 21:02:03,T0,T1,7.1ft,0.05s
4.22.2026 21:02:03,T0,T1,7.1ft,0.05s
4.22.2026 21:02:03,T0,T1,14.8ft,0.05s
4.22.2026 21:02:03,T0,T1,14.8ft,0.05s
4.22.2026 21:02:03,T0,T1,7.1ft,0.05s
4.22.2026 21:02:03,T0,T1,7.1ft,0.05s
4.22.2026 21:02:03,T0,T1,7.1ft,0.05s
4.22.2026 21:02:03,T0,T1,7.2ft,0.05s
4.22.2026 21:02:03,T0,T1,7.1ft,0.05s
4.22.2026 21:02:03,T0,T1,14.8ft,0.05s
4.22.2026 21:02:03,T0,T1,14.8ft,0.05s
4.22.2026 21:02:03,T0,T1,14.8ft,0.06s
4.22.2026 21:02:03,T0,T1,14.8ft,0.05s
4.22.2026 21:02:03,T0,T1,14.8ft,0.05s
4.22.2026 21:02:03,T0,T1,14.8ft,0.05s
4.22.2026 21:02:03,T0,T1,7.1ft,0.05s
4.22.2026 21:02:04,T0,T1,14.8ft,0.05s
4.22.2026 21:02:04,T0,T1,14.8ft,0.05s
4.22.2026 21:02:04,T0,T1,14.8ft,0.05s
4.22.2026 21:02:04,T0,T1,7.0ft,0.05s
4.22.2026 21:02:04,T0,T1,7.1ft,0.05s
4.22.2026 21:02:04,T0,T1,7.1ft,0.05s
4.22.2026 21:02:04,T0,T1,7.1ft,0.05s
4.22.2026 21:02:04,T0,T1,7.1ft,0.05s
4.22.2026 21:02:04,T0,T1,7.1ft,0.05s
4.22.2026 21:02:04,T0,T1,7.1ft,0.05s
4.22.2026 21:02:04,T0,T1,7.1ft,0.05s
4.22.2026 21:02:04,T0,T1,7.1ft,0.05s
4.22.2026 21:02:04,T0,T1,7.1ft,0.05s
4.22.2026 21:02:04,T0,T1,7.1ft,0.05s
4.22.2026 21:02:04,T0,T1,14.8ft,0.05s
4.22.2026 21:02:04,T0,T1,14.8ft,0.05s
4.22.2026 21:02:04,T0,T1,14.8ft,0.05s
4.22.2026 21:02:04,T0,T1,14.8ft,0.05s
4.22.2026 21:02:04,T0,T1,7.1ft,0.05s
4.22.2026 21:02:04,T0,T1,7.1ft,0.05s
4.22.2026 21:02:05,T0,T1,7.1ft,0.05s
4.22.2026 21:02:05,T0,T1,14.8ft,0.05s
4.22.2026 21:02:05,T0,T1,14.8ft,0.05s
4.22.2026 21:02:05,T0,T1,14.8ft,0.05s
4.22.2026 21:02:05,T0,T1,7.1ft,0.05s
4.22.2026 21:02:05,T0,T1,7.1ft,0.05s
4.22.2026 21:02:05,T0,T1,7.1ft,0.05s
4.22.2026 21:02:05,T0,T1,7.1ft,0.05s
4.22.2026 21:02:05,T0,T1,7.2ft,0.05s
4.22.2026 21:02:05,T0,T1,7.1ft,0.05s
4.22.2026 21:02:05,T0,T1,7.1ft,0.05s
4.22.2026 21:02:05,T0,T1,7.7ft,0.05s
4.22.2026 21:02:05,T0,T1,7.5ft,0.05s
4.22.2026 21:02:05,T0,T1,7.5ft,0.05s
4.22.2026 21:02:05,T0,T1,7.5ft,0.05s
4.22.2026 21:02:05,T0,T1,7.4ft,0.05s
4.22.2026 21:02:05,T0,T1,7.4ft,0.05s
4.22.2026 21:02:05,T0,T1,7.4ft,0.05s
4.22.2026 21:02:05,T0,T1,7.4ft,0.05s
4.22.2026 21:02:05,T0,T1,7.4ft,0.05s
4.22.2026 21:02:06,T0,T1,7.4ft,0.05s
4.22.2026 21:02:06,T0,T1,7.8ft,0.05s
4.22.2026 21:02:06,T0,T1,7.8ft,0.05s
4.22.2026 21:02:06,T0,T1,7.8ft,0.05s
4.22.2026 21:02:06,T0,T1,7.7ft,0.05s
4.22.2026 21:02:06,T0,T1,7.5ft,0.05s
4.22.2026 21:02:06,T0,T1,14.9ft,0.05s
4.22.2026 21:02:06,T0,T1,14.9ft,0.05s
4.22.2026 21:02:06,T0,T1,7.4ft,0.05s
4.22.2026 21:02:06,T0,T1,14.9ft,0.05s
4.22.2026 21:02:06,T0,T1,14.9ft,0.05s
4.22.2026 21:02:06,T0,T1,14.9ft,0.05s
4.22.2026 21:02:06,T0,T1,7.3ft,0.05s
4.22.2026 21:02:06,T0,T1,7.3ft,0.05s
4.22.2026 21:02:06,T0,T1,7.3ft,0.05s
4.22.2026 21:02:06,T0,T1,7.2ft,0.05s
4.22.2026 21:02:06,T0,T1,14.9ft,0.05s
4.22.2026 21:02:06,T0,T1,14.9ft,0.05s
4.22.2026 21:02:06,T0,T1,14.9ft,0.05s
4.22.2026 21:02:07,T0,T1,7.2ft,0.05s
4.22.2026 21:02:07,T0,T1,7.1ft,0.05s
4.22.2026 21:02:07,T0,T1,7.2ft,0.05s
4.22.2026 21:02:07,T0,T1,14.8ft,0.05s
4.22.2026 21:02:07,T0,T1,7.1ft,0.05s
4.22.2026 21:02:07,T0,T1,7.1ft,0.05s
4.22.2026 21:02:07,T0,T1,7.1ft,0.05s
4.22.2026 21:02:07,T0,T1,7.1ft,0.05s
4.22.2026 21:02:07,T0,T1,14.9ft,0.05s
4.22.2026 21:02:07,T0,T1,14.9ft,0.05s
4.22.2026 21:02:07,T0,T1,7.1ft,0.05s
4.22.2026 21:02:07,T0,T1,7.1ft,0.05s
4.22.2026 21:02:07,T0,T1,7.1ft,0.05s
4.22.2026 21:02:07,T0,T1,7.1ft,0.05s
4.22.2026 21:02:07,T0,T1,7.1ft,0.05s
4.22.2026 21:02:07,T0,T1,7.1ft,0.05s
4.22.2026 21:02:07,T0,T1,7.1ft,0.05s
4.22.2026 21:02:07,T0,T1,14.9ft,0.05s
4.22.2026 21:02:07,T0,T1,14.9ft,0.05s
4.22.2026 21:02:07,T0,T1,7.2ft,0.05s
4.22.2026 21:02:08,T0,T1,7.2ft,0.05s
4.22.2026 21:02:08,T0,T1,7.2ft,0.05s
4.22.2026 21:02:08,T0,T1,7.2ft,0.05s
4.22.2026 21:02:08,T0,T1,7.2ft,0.05s
4.22.2026 21:02:08,T0,T1,7.6ft,0.05s
4.22.2026 21:02:08,T0,T1,7.6ft,0.05s
4.22.2026 21:02:08,T0,T1,7.6ft,0.05s
4.22.2026 21:02:08,T0,T1,7.5ft,0.05s
4.22.2026 21:02:08,T0,T1,7.3ft,0.05s
4.22.2026 21:02:08,T0,T1,14.9ft,0.05s
4.22.2026 21:02:08,T0,T1,14.9ft,0.05s
4.22.2026 21:02:08,T0,T1,7.2ft,0.05s
4.22.2026 21:02:08,T0,T1,7.2ft,0.05s
4.22.2026 21:02:08,T0,T1,14.9ft,0.05s
4.22.2026 21:02:08,T0,T1,14.9ft,0.05s
4.22.2026 21:02:08,T0,T1,7.3ft,0.05s
4.22.2026 21:02:08,T0,T1,7.3ft,0.05s
4.22.2026 21:02:08,T0,T1,7.3ft,0.05s
4.22.2026 21:02:08,T0,T1,7.3ft,0.05s
4.22.2026 21:02:09,T0,T1,7.2ft,0.05s
4.22.2026 21:02:09,T0,T1,7.2ft,0.05s
4.22.2026 21:02:09,T0,T1,7.2ft,0.05s
4.22.2026 21:02:09,T0,T1,7.2ft,0.05s
4.22.2026 21:02:09,T0,T1,7.1ft,0.05s
4.22.2026 21:02:09,T0,T1,7.1ft,0.05s
4.22.2026 21:02:09,T0,T1,7.2ft,0.05s
4.22.2026 21:02:09,T0,T1,7.2ft,0.05s
4.22.2026 21:02:09,T0,T1,7.2ft,0.05s
4.22.2026 21:02:09,T0,T1,7.2ft,0.05s
4.22.2026 21:02:09,T0,T1,7.2ft,0.05s
4.22.2026 21:02:09,T0,T1,7.2ft,0.05s
4.22.2026 21:02:09,T0,T1,7.2ft,0.05s
4.22.2026 21:02:09,T0,T1,7.2ft,0.05s
4.22.2026 21:02:09,T0,T1,7.2ft,0.05s
4.22.2026 21:02:09,T0,T1,7.2ft,0.05s
4.22.2026 21:02:09,T0,T1,7.2ft,0.05s
4.22.2026 21:02:09,T0,T1,7.2ft,0.05s
4.22.2026 21:02:09,T0,T1,7.2ft,0.05s
4.22.2026 21:02:09,T0,T1,7.2ft,0.05s
4.22.2026 21:02:10,T0,T1,7.2ft,0.05s
4.22.2026 21:02:10,T0,T1,14.8ft,0.05s
4.22.2026 21:02:10,T0,T1,7.2ft,0.05s
4.22.2026 21:02:10,T0,T1,7.2ft,0.05s
4.22.2026 21:02:10,T0,T1,7.2ft,0.05s
4.22.2026 21:02:10,T0,T1,7.1ft,0.05s
4.22.2026 21:02:10,T0,T1,7.1ft,0.05s
4.22.2026 21:02:10,T0,T1,7.2ft,0.05s
4.22.2026 21:02:10,T0,T1,7.1ft,0.05s
4.22.2026 21:02:10,T0,T1,7.1ft,0.05s
4.22.2026 21:02:10,T0,T1,7.1ft,0.05s
4.22.2026 21:02:10,T0,T1,7.1ft,0.05s
4.22.2026 21:02:10,T0,T1,7.1ft,0.05s
4.22.2026 21:02:10,T0,T1,7.1ft,0.05s
4.22.2026 21:02:10,T0,T1,7.1ft,0.05s
4.22.2026 21:02:10,T0,T1,7.1ft,0.05s
4.22.2026 21:02:10,T0,T1,14.8ft,0.05s
4.22.2026 21:02:10,T0,T1,14.8ft,0.05s
4.22.2026 21:02:10,T0,T1,7.1ft,0.05s
4.22.2026 21:02:10,T0,T1,14.8ft,0.05s
4.22.2026 21:02:11,T0,T1,14.8ft,0.05s
4.22.2026 21:02:11,T0,T1,14.8ft,0.05s
4.22.2026 21:02:11,T0,T1,14.8ft,0.05s
4.22.2026 21:02:11,T0,T1,7.7ft,0.05s
4.22.2026 21:02:11,T0,T1,7.7ft,0.05s
4.22.2026 21:02:11,T0,T1,7.4ft,0.05s
4.22.2026 21:02:11,T0,T1,7.4ft,0.05s
4.22.2026 21:02:11,T0,T1,7.3ft,0.05s
4.22.2026 21:02:11,T0,T1,7.3ft,0.05s
4.22.2026 21:02:11,T0,T1,7.3ft,0.05s
4.22.2026 21:02:11,T0,T1,7.3ft,0.05s
4.22.2026 21:02:11,T0,T1,7.3ft,0.05s
4.22.2026 21:02:11,T0,T1,7.3ft,0.05s
4.22.2026 21:02:11,T0,T1,7.3ft,0.05s
4.22.2026 21:02:11,T0,T1,14.9ft,0.05s
4.22.2026 21:02:11,T0,T1,14.9ft,0.05s
4.22.2026 21:02:11,T0,T1,7.3ft,0.05s
4.22.2026 21:02:11,T0,T1,7.3ft,0.06s
4.22.2026 21:02:11,T0,T1,7.3ft,0.05s
4.22.2026 21:02:12,T0,T1,14.8ft,0.05s
4.22.2026 21:02:12,T0,T1,14.8ft,0.05s
4.22.2026 21:02:12,T0,T1,7.2ft,0.05s
4.22.2026 21:02:12,T0,T1,7.2ft,0.05s
4.22.2026 21:02:12,T0,T1,7.2ft,0.05s
4.22.2026 21:02:12,T0,T1,7.2ft,0.05s
4.22.2026 21:02:12,T0,T1,7.2ft,0.05s
4.22.2026 21:02:12,T0,T1,14.9ft,0.05s
4.22.2026 21:02:12,T0,T1,14.9ft,0.05s
4.22.2026 21:02:12,T0,T1,7.1ft,0.05s
4.22.2026 21:02:12,T0,T1,7.1ft,0.05s
4.22.2026 21:02:12,T0,T1,7.1ft,0.05s
4.22.2026 21:02:12,T0,T1,7.1ft,0.05s
4.22.2026 21:02:12,T0,T1,7.1ft,0.05s
4.22.2026 21:02:12,T0,T1,7.1ft,0.05s
4.22.2026 21:02:12,T0,T1,7.1ft,0.05s
4.22.2026 21:02:12,T0,T1,14.8ft,0.05s
4.22.2026 21:02:12,T0,T1,14.8ft,0.05s
4.22.2026 21:02:12,T0,T1,14.8ft,0.05s
4.22.2026 21:02:12,T0,T1,7.1ft,0.05s
4.22.2026 21:02:13,T0,T1,7.1ft,0.05s
4.22.2026 21:02:13,T0,T1,7.1ft,0.05s
4.22.2026 21:02:13,T0,T1,7.1ft,0.05s
4.22.2026 21:02:13,T0,T1,7.1ft,0.05s
4.22.2026 21:02:13,T0,T1,14.9ft,0.05s
4.22.2026 21:02:13,T0,T1,7.1ft,0.05s
4.22.2026 21:02:13,T0,T1,7.1ft,0.05s
4.22.2026 21:02:13,T0,T1,7.1ft,0.05s
4.22.2026 21:02:13,T0,T1,7.1ft,0.05s
4.22.2026 21:02:13,T0,T1,7.1ft,0.05s
4.22.2026 21:02:13,T0,T1,7.1ft,0.05s
4.22.2026 21:02:13,T0,T1,7.1ft,0.05s
4.22.2026 21:02:13,T0,T1,7.1ft,0.05s
4.22.2026 21:02:13,T0,T1,14.8ft,0.05s
4.22.2026 21:02:13,T0,T1,14.8ft,0.05s
4.22.2026 21:02:13,T0,T1,14.8ft,0.05s
4.22.2026 21:02:13,T0,T1,14.8ft,0.05s
4.22.2026 21:02:13,T0,T1,14.8ft,0.05s
4.22.2026 21:02:13,T0,T1,14.8ft,0.05s
4.22.2026 21:02:14,T0,T1,14.8ft,0.05s
4.22.2026 21:02:14,T0,T1,14.8ft,0.05s
4.22.2026 21:02:14,T0,T1,14.8ft,0.05s
4.22.2026 21:02:14,T0,T1,14.8ft,0.05s
4.22.2026 21:02:14,T0,T1,7.1ft,0.05s
4.22.2026 21:02:14,T0,T1,7.1ft,0.05s
4.22.2026 21:02:14,T0,T1,7.1ft,0.05s
4.22.2026 21:02:14,T0,T1,7.1ft,0.05s
4.22.2026 21:02:14,T0,T1,7.1ft,0.05s
4.22.2026 21:02:14,T0,T1,7.1ft,0.05s
4.22.2026 21:02:14,T0,T1,7.1ft,0.05s
4.22.2026 21:02:14,T0,T1,7.1ft,0.05s
4.22.2026 21:02:14,T0,T1,7.2ft,0.05s
4.22.2026 21:02:14,T0,T1,7.2ft,0.05s
4.22.2026 21:02:14,T0,T1,7.2ft,0.05s
4.22.2026 21:02:14,T0,T1,7.2ft,0.05s
4.22.2026 21:02:14,T0,T1,7.2ft,0.05s
4.22.2026 21:02:14,T0,T1,7.2ft,0.05s
4.22.2026 21:02:14,T0,T1,7.1ft,0.05s
4.22.2026 21:02:14,T0,T1,7.1ft,0.05s
4.22.2026 21:02:15,T0,T1,7.2ft,0.05s
4.22.2026 21:02:15,T0,T1,7.8ft,0.05s
4.22.2026 21:02:15,T0,T1,7.8ft,0.05s
4.22.2026 21:02:15,T0,T1,7.7ft,0.05s
4.22.2026 21:02:15,T0,T1,7.7ft,0.05s
4.22.2026 21:02:15,T0,T1,7.7ft,0.05s
4.22.2026 21:02:15,T0,T1,7.7ft,0.05s
4.22.2026 21:02:15,T0,T1,7.7ft,0.05s
4.22.2026 21:02:15,T0,T1,7.7ft,0.05s
4.22.2026 21:02:15,T0,T1,7.6ft,0.05s
4.22.2026 21:02:15,T0,T1,7.6ft,0.05s
4.22.2026 21:02:15,T0,T1,7.6ft,0.05s
4.22.2026 21:02:15,T0,T1,7.4ft,0.05s
4.22.2026 21:02:15,T0,T1,7.4ft,0.05s
4.22.2026 21:02:15,T0,T1,7.3ft,0.05s
4.22.2026 21:02:15,T0,T1,7.3ft,0.05s
4.22.2026 21:02:15,T0,T1,7.3ft,0.05s
4.22.2026 21:02:15,T0,T1,7.2ft,0.05s
4.22.2026 21:02:15,T0,T1,7.2ft,0.05s
4.22.2026 21:02:15,T0,T1,7.2ft,0.05s
4.22.2026 21:02:16,T0,T1,7.2ft,0.05s
4.22.2026 21:02:16,T0,T1,7.2ft,0.05s
4.22.2026 21:02:16,T0,T1,7.2ft,0.05s
4.22.2026 21:02:16,T0,T1,7.2ft,0.05s
4.22.2026 21:02:16,T0,T1,7.2ft,0.05s
4.22.2026 21:02:16,T0,T1,7.2ft,0.05s
4.22.2026 21:02:16,T0,T1,7.2ft,0.05s
4.22.2026 21:02:16,T0,T1,7.1ft,0.05s
4.22.2026 21:02:16,T0,T1,7.2ft,0.05s
4.22.2026 21:02:16,T0,T1,7.2ft,0.05s
4.22.2026 21:02:16,T0,T1,7.1ft,0.05s
4.22.2026 21:02:16,T0,T1,7.1ft,0.05s
4.22.2026 21:02:16,T0,T1,7.1ft,0.05s
4.22.2026 21:02:16,T0,T1,7.1ft,0.05s
4.22.2026 21:02:16,T0,T1,14.8ft,0.05s
4.22.2026 21:02:16,T0,T1,14.8ft,0.05s
4.22.2026 21:02:16,T0,T1,14.8ft,0.05s
4.22.2026 21:02:16,T0,T1,7.1ft,0.05s
4.22.2026 21:02:16,T0,T1,7.0ft,0.05s
4.22.2026 21:02:17,T0,T1,7.0ft,0.05s
4.22.2026 21:02:17,T0,T1,7.0ft,0.05s
4.22.2026 21:02:17,T0,T1,7.0ft,0.05s
4.22.2026 21:02:17,T0,T1,7.0ft,0.05s
4.22.2026 21:02:17,T0,T1,7.0ft,0.05s
4.22.2026 21:02:17,T0,T1,7.6ft,0.05s
4.22.2026 21:02:17,T0,T1,15.0ft,0.05s
4.22.2026 21:02:17,T0,T1,15.0ft,0.05s
4.22.2026 21:02:17,T0,T1,7.6ft,0.05s
4.22.2026 21:02:17,T0,T1,7.6ft,0.05s
4.22.2026 21:02:17,T0,T1,7.5ft,0.05s
4.22.2026 21:02:17,T0,T1,7.5ft,0.05s
4.22.2026 21:02:17,T0,T1,7.5ft,0.05s
4.22.2026 21:02:17,T0,T1,7.5ft,0.05s
4.22.2026 21:02:17,T0,T1,7.5ft,0.05s
4.22.2026 21:02:17,T0,T1,7.5ft,0.05s
4.22.2026 21:02:17,T0,T1,7.5ft,0.05s
4.22.2026 21:02:17,T0,T1,7.4ft,0.05s
4.22.2026 21:02:17,T0,T1,7.4ft,0.05s
4.22.2026 21:02:17,T0,T1,7.4ft,0.05s
4.22.2026 21:02:18,T0,T1,15.0ft,0.05s
4.22.2026 21:02:18,T0,T1,15.0ft,0.05s
4.22.2026 21:02:18,T0,T1,14.9ft,0.05s
4.22.2026 21:02:18,T0,T1,7.7ft,0.05s
4.22.2026 21:02:18,T0,T1,7.6ft,0.05s
4.22.2026 21:02:18,T0,T1,7.6ft,0.05s
4.22.2026 21:02:18,T0,T1,7.4ft,0.05s
4.22.2026 21:02:18,T0,T1,7.4ft,0.05s
4.22.2026 21:02:18,T0,T1,7.4ft,0.05s
4.22.2026 21:02:18,T0,T1,7.4ft,0.05s
4.22.2026 21:02:18,T0,T1,7.3ft,0.05s
4.22.2026 21:02:18,T0,T1,7.3ft,0.05s
4.22.2026 21:02:18,T0,T1,7.3ft,0.05s
4.22.2026 21:02:18,T0,T1,14.9ft,0.05s
4.22.2026 21:02:18,T0,T1,14.9ft,0.05s
4.22.2026 21:02:18,T0,T1,14.9ft,0.05s
4.22.2026 21:02:18,T0,T1,14.9ft,0.05s
4.22.2026 21:02:18,T0,T1,7.2ft,0.05s
4.22.2026 21:02:18,T0,T1,7.2ft,0.05s
4.22.2026 21:02:19,T0,T1,7.2ft,0.05s
4.22.2026 21:02:19,T0,T1,7.2ft,0.05s
4.22.2026 21:02:19,T0,T1,7.2ft,0.05s
4.22.2026 21:02:19,T0,T1,7.2ft,0.05s
4.22.2026 21:02:19,T0,T1,7.2ft,0.05s
4.22.2026 21:02:19,T0,T1,7.2ft,0.05s
4.22.2026 21:02:19,T0,T1,7.1ft,0.05s
4.22.2026 21:02:19,T0,T1,7.1ft,0.05s
4.22.2026 21:02:19,T0,T1,7.1ft,0.05s
4.22.2026 21:02:19,T0,T1,7.1ft,0.05s
4.22.2026 21:02:19,T0,T1,7.1ft,0.05s
4.22.2026 21:02:19,T0,T1,7.1ft,0.05s
4.22.2026 21:02:19,T0,T1,7.1ft,0.05s
4.22.2026 21:02:19,T0,T1,14.8ft,0.05s
4.22.2026 21:02:19,T0,T1,14.8ft,0.05s
4.22.2026 21:02:19,T0,T1,14.8ft,0.05s
4.22.2026 21:02:19,T0,T1,14.8ft,0.05s
4.22.2026 21:02:19,T0,T1,14.8ft,0.05s
4.22.2026 21:02:19,T0,T1,14.8ft,0.05s
4.22.2026 21:02:19,T0,T1,7.1ft,0.05s
4.22.2026 21:02:20,T0,T1,7.1ft,0.05s
4.22.2026 21:02:20,T0,T1,7.1ft,0.05s
4.22.2026 21:02:20,T0,T1,7.1ft,0.05s
4.22.2026 21:02:20,T0,T1,7.1ft,0.05s
4.22.2026 21:02:20,T0,T1,14.8ft,0.05s
4.22.2026 21:02:20,T0,T1,14.8ft,0.05s
4.22.2026 21:02:20,T0,T1,14.8ft,0.05s
4.22.2026 21:02:20,T0,T1,14.8ft,0.05s
4.22.2026 21:02:20,T0,T1,14.8ft,0.05s
4.22.2026 21:02:20,T0,T1,7.2ft,0.05s
4.22.2026 21:02:20,T0,T1,7.2ft,0.05s
4.22.2026 21:02:20,T0,T1,7.2ft,0.05s
4.22.2026 21:02:20,T0,T1,7.1ft,0.05s
4.22.2026 21:02:20,T0,T1,14.8ft,0.05s
4.22.2026 21:02:20,T0,T1,14.8ft,0.05s
4.22.2026 21:02:20,T0,T1,14.8ft,0.05s
4.22.2026 21:02:20,T0,T1,7.1ft,0.05s
4.22.2026 21:02:20,T0,T1,7.1ft,0.05s
4.22.2026 21:02:20,T0,T1,7.2ft,0.05s
4.22.2026 21:02:20,T0,T1,7.1ft,0.05s
4.22.2026 21:02:21,T0,T1,7.1ft,0.05s
4.22.2026 21:02:21,T0,T1,7.1ft,0.05s
4.22.2026 21:02:21,T0,T1,7.1ft,0.05s
4.22.2026 21:02:21,T0,T1,7.1ft,0.05s
4.22.2026 21:02:21,T0,T1,7.1ft,0.05s
4.22.2026 21:02:21,T0,T1,7.1ft,0.05s
4.22.2026 21:02:21,T0,T1,7.1ft,0.05s
4.22.2026 21:02:21,T0,T1,7.2ft,0.05s
4.22.2026 21:02:21,T0,T1,7.7ft,0.05s
4.22.2026 21:02:21,T0,T1,7.7ft,0.05s
4.22.2026 21:02:21,T0,T1,7.8ft,0.05s
4.22.2026 21:02:21,T0,T1,7.7ft,0.05s
4.22.2026 21:02:21,T0,T1,7.7ft,0.05s
4.22.2026 21:02:21,T0,T1,7.7ft,0.05s
4.22.2026 21:02:21,T0,T1,7.6ft,0.05s
4.22.2026 21:02:21,T0,T1,15.0ft,0.05s
4.22.2026 21:02:21,T0,T1,15.0ft,0.05s
4.22.2026 21:02:21,T0,T1,15.0ft,0.05s
4.22.2026 21:02:21,T0,T1,7.3ft,0.05s
4.22.2026 21:02:22,T0,T1,7.3ft,0.05s
4.22.2026 21:02:22,T0,T1,7.3ft,0.05s
4.22.2026 21:02:22,T0,T1,7.2ft,0.05s
4.22.2026 21:02:22,T0,T1,7.7ft,0.05s
4.22.2026 21:02:22,T0,T1,7.7ft,0.05s
4.22.2026 21:02:22,T0,T1,7.7ft,0.05s
4.22.2026 21:02:22,T0,T1,7.7ft,0.05s
4.22.2026 21:02:22,T0,T1,15.0ft,0.05s
4.22.2026 21:02:22,T0,T1,15.0ft,0.05s
4.22.2026 21:02:22,T0,T1,7.4ft,0.05s
4.22.2026 21:02:22,T0,T1,7.4ft,0.05s
4.22.2026 21:02:22,T0,T1,7.4ft,0.05s
4.22.2026 21:02:22,T0,T1,7.4ft,0.05s
4.22.2026 21:02:22,T0,T1,7.4ft,0.05s
4.22.2026 21:02:22,T0,T1,7.4ft,0.05s
4.22.2026 21:02:22,T0,T1,7.4ft,0.05s
4.22.2026 21:02:22,T0,T1,7.4ft,0.05s
4.22.2026 21:02:22,T0,T1,7.4ft,0.06s
4.22.2026 21:02:22,T0,T1,7.4ft,0.05s
4.22.2026 21:02:22,T0,T1,7.3ft,0.05s
4.22.2026 21:02:23,T0,T1,7.3ft,0.05s
4.22.2026 21:02:23,T0,T1,7.3ft,0.05s
4.22.2026 21:02:23,T0,T1,7.3ft,0.05s
4.22.2026 21:02:23,T0,T1,7.3ft,0.05s
4.22.2026 21:02:23,T0,T1,7.3ft,0.05s
4.22.2026 21:02:23,T0,T1,7.3ft,0.05s
4.22.2026 21:02:23,T0,T1,7.3ft,0.05s
4.22.2026 21:02:23,T0,T1,7.3ft,0.05s
4.22.2026 21:02:23,T0,T1,7.3ft,0.05s
4.22.2026 21:02:23,T0,T1,7.3ft,0.05s
4.22.2026 21:02:23,T0,T1,14.9ft,0.05s
4.22.2026 21:02:23,T0,T1,14.9ft,0.05s
4.22.2026 21:02:23,T0,T1,7.3ft,0.05s
4.22.2026 21:02:23,T0,T1,7.3ft,0.05s
4.22.2026 21:02:23,T0,T1,7.3ft,0.05s
4.22.2026 21:02:23,T0,T1,7.2ft,0.05s
4.22.2026 21:02:23,T0,T1,7.2ft,0.05s
4.22.2026 21:02:23,T0,T1,7.2ft,0.05s
4.22.2026 21:02:23,T0,T1,7.2ft,0.05s
4.22.2026 21:02:23,T0,T1,7.2ft,0.05s
4.22.2026 21:02:24,T0,T1,7.2ft,0.05s
4.22.2026 21:02:24,T0,T1,7.2ft,0.05s
4.22.2026 21:02:24,T0,T1,7.2ft,0.05s
4.22.2026 21:02:24,T0,T1,7.1ft,0.05s
4.22.2026 21:02:24,T0,T1,7.1ft,0.05s
4.22.2026 21:02:24,T0,T1,7.1ft,0.05s
4.22.2026 21:02:24,T0,T1,7.2ft,0.05s
4.22.2026 21:02:24,T0,T1,7.2ft,0.05s
4.22.2026 21:02:24,T0,T1,7.2ft,0.05s
4.22.2026 21:02:24,T0,T1,7.2ft,0.05s
4.22.2026 21:02:24,T0,T1,7.2ft,0.05s
4.22.2026 21:02:24,T0,T1,7.2ft,0.05s
4.22.2026 21:02:24,T0,T1,7.1ft,0.05s
4.22.2026 21:02:24,T0,T1,7.1ft,0.05s
4.22.2026 21:02:24,T0,T1,7.1ft,0.05s
4.22.2026 21:02:24,T0,T1,7.1ft,0.05s
4.22.2026 21:02:24,T0,T1,7.1ft,0.05s
4.22.2026 21:02:24,T0,T1,7.1ft,0.05s
4.22.2026 21:02:24,T0,T1,7.1ft,0.05s
4.22.2026 21:02:25,T0,T1,7.1ft,0.05s
4.22.2026 21:02:25,T0,T1,7.1ft,0.05s
4.22.2026 21:02:25,T0,T1,7.1ft,0.05s
4.22.2026 21:02:25,T0,T1,7.1ft,0.05s
4.22.2026 21:02:25,T0,T1,7.1ft,0.05s
4.22.2026 21:02:25,T0,T1,7.1ft,0.05s
4.22.2026 21:02:25,T0,T1,7.1ft,0.05s
4.22.2026 21:02:25,T0,T1,14.8ft,0.05s
4.22.2026 21:02:25,T0,T1,14.8ft,0.05s
4.22.2026 21:02:25,T0,T1,14.8ft,0.05s
4.22.2026 21:02:25,T0,T1,14.8ft,0.05s
4.22.2026 21:02:25,T0,T1,7.1ft,0.05s
4.22.2026 21:02:25,T0,T1,7.1ft,0.05s
4.22.2026 21:02:25,T0,T1,7.1ft,0.05s
4.22.2026 21:02:25,T0,T1,7.1ft,0.05s
4.22.2026 21:02:25,T0,T1,7.1ft,0.05s
4.22.2026 21:02:25,T0,T1,7.1ft,0.05s
4.22.2026 21:02:25,T0,T1,7.1ft,0.05s
4.22.2026 21:02:25,T0,T1,7.1ft,0.05s
4.22.2026 21:02:25,T0,T1,7.1ft,0.06s
4.22.2026 21:02:26,T0,T1,7.1ft,0.05s
4.22.2026 21:02:26,T0,T1,7.1ft,0.05s
4.22.2026 21:02:26,T0,T1,7.2ft,0.05s
4.22.2026 21:02:26,T0,T1,7.1ft,0.05s
4.22.2026 21:02:26,T0,T1,14.8ft,0.05s
4.22.2026 21:02:26,T0,T1,7.1ft,0.05s
4.22.2026 21:02:26,T0,T1,7.1ft,0.05s
4.22.2026 21:02:26,T0,T1,7.1ft,0.05s
4.22.2026 21:02:26,T0,T1,7.2ft,0.05s
4.22.2026 21:02:26,T0,T1,7.2ft,0.05s
4.22.2026 21:02:26,T0,T1,7.2ft,0.05s
4.22.2026 21:02:26,T0,T1,7.2ft,0.05s
4.22.2026 21:02:26,T0,T1,7.2ft,0.05s
4.22.2026 21:02:26,T0,T1,7.2ft,0.05s
4.22.2026 21:02:26,T0,T1,7.2ft,0.05s
4.22.2026 21:02:26,T0,T1,7.2ft,0.05s
4.22.2026 21:02:26,T0,T1,7.2ft,0.05s
4.22.2026 21:02:26,T0,T1,7.2ft,0.05s
4.22.2026 21:02:26,T0,T1,7.2ft,0.05s
4.22.2026 21:02:27,T0,T1,7.2ft,0.05s
4.22.2026 21:02:27,T0,T1,7.2ft,0.05s
4.22.2026 21:02:27,T0,T1,7.2ft,0.05s
4.22.2026 21:02:27,T0,T1,7.2ft,0.05s
4.22.2026 21:02:27,T0,T1,7.2ft,0.05s
4.22.2026 21:02:27,T0,T1,7.2ft,0.05s
4.22.2026 21:02:27,T0,T1,7.2ft,0.05s
4.22.2026 21:02:27,T0,T1,7.2ft,0.05s
4.22.2026 21:02:27,T0,T1,7.2ft,0.05s
4.22.2026 21:02:27,T0,T1,7.2ft,0.05s
4.22.2026 21:02:27,T0,T1,7.2ft,0.05s
4.22.2026 21:02:27,T0,T1,7.2ft,0.05s
4.22.2026 21:02:27,T0,T1,7.2ft,0.05s
4.22.2026 21:02:27,T0,T1,7.2ft,0.05s
4.22.2026 21:02:27,T0,T1,7.2ft,0.05s
4.22.2026 21:02:27,T0,T1,7.1ft,0.05s
4.22.2026 21:02:27,T0,T1,7.1ft,0.05s
4.22.2026 21:02:27,T0,T1,7.2ft,0.05s
4.22.2026 21:02:27,T0,T1,7.2ft,0.05s
4.22.2026 21:02:27,T0,T1,7.1ft,0.05s
4.22.2026 21:02:28,T0,T1,7.2ft,0.05s
4.22.2026 21:02:28,T0,T1,7.2ft,0.05s
4.22.2026 21:02:28,T0,T1,7.2ft,0.05s
4.22.2026 21:02:28,T0,T1,7.2ft,0.05s
4.22.2026 21:02:28,T0,T1,7.2ft,0.05s
4.22.2026 21:02:28,T0,T1,7.2ft,0.05s
4.22.2026 21:02:28,T0,T1,7.2ft,0.05s
4.22.2026 21:02:28,T0,T1,7.2ft,0.05s
4.22.2026 21:02:28,T0,T1,14.9ft,0.05s
4.22.2026 21:02:28,T0,T1,14.8ft,0.05s
4.22.2026 21:02:28,T0,T1,14.9ft,0.05s
4.22.2026 21:02:28,T0,T1,7.2ft,0.05s
4.22.2026 21:02:28,T0,T1,15.0ft,0.05s
4.22.2026 21:02:28,T0,T1,15.0ft,0.05s
4.22.2026 21:02:28,T0,T1,15.0ft,0.05s
4.22.2026 21:02:28,T0,T1,7.6ft,0.05s
4.22.2026 21:02:28,T0,T1,7.6ft,0.05s
4.22.2026 21:02:28,T0,T1,7.6ft,0.05s
4.22.2026 21:02:28,T0,T1,7.6ft,0.06s
4.22.2026 21:02:29,T0,T1,15.0ft,0.05s
4.22.2026 21:02:29,T0,T1,15.1ft,0.05s
4.22.2026 21:02:29,T0,T1,15.2ft,0.05s
4.22.2026 21:02:29,T0,T1,15.2ft,0.05s
4.22.2026 21:02:29,T0,T1,6.8ft,0.05s
4.22.2026 21:02:29,T0,T1,6.8ft,0.05s
4.22.2026 21:02:29,T0,T1,6.8ft,0.05s
4.22.2026 21:02:29,T0,T1,6.8ft,0.05s
4.22.2026 21:02:29,T0,T1,6.8ft,0.05s
4.22.2026 21:02:29,T0,T1,6.9ft,0.05s
4.22.2026 21:02:29,T0,T1,6.8ft,0.05s
4.22.2026 21:02:29,T0,T1,7.1ft,0.05s
4.22.2026 21:02:29,T0,T1,7.1ft,0.05s
4.22.2026 21:02:29,T0,T1,7.3ft,0.05s
4.22.2026 21:02:29,T0,T1,7.3ft,0.05s
4.22.2026 21:02:29,T0,T1,7.4ft,0.05s
4.22.2026 21:02:29,T0,T1,7.5ft,0.05s
4.22.2026 21:02:29,T0,T1,7.5ft,0.05s
4.22.2026 21:02:29,T0,T1,7.5ft,0.05s
4.22.2026 21:02:29,T0,T1,7.5ft,0.05s
4.22.2026 21:02:30,T0,T1,7.6ft,0.05s
4.22.2026 21:02:30,T0,T1,7.6ft,0.06s
4.22.2026 21:02:30,T0,T1,7.6ft,0.05s
4.22.2026 21:02:30,T0,T1,7.6ft,0.05s
4.22.2026 21:02:30,T0,T1,7.6ft,0.05s
4.22.2026 21:02:30,T0,T1,7.6ft,0.05s
4.22.2026 21:02:30,T0,T1,7.6ft,0.05s
4.22.2026 21:02:30,T0,T1,7.6ft,0.05s
4.22.2026 21:02:30,T0,T1,7.6ft,0.05s
4.22.2026 21:02:30,T0,T1,7.6ft,0.05s
4.22.2026 21:02:30,T0,T1,7.7ft,0.05s
4.22.2026 21:02:30,T0,T1,7.7ft,0.05s
4.22.2026 21:02:30,T0,T1,7.7ft,0.05s
4.22.2026 21:02:30,T0,T1,7.7ft,0.05s
4.22.2026 21:02:30,T0,T1,7.7ft,0.05s
4.22.2026 21:02:30,T0,T1,7.7ft,0.05s
4.22.2026 21:02:30,T0,T1,7.7ft,0.05s
4.22.2026 21:02:30,T0,T1,7.7ft,0.05s
4.22.2026 21:02:30,T0,T1,15.1ft,0.05s
4.22.2026 21:02:30,T0,T1,15.1ft,0.05s
4.22.2026 21:02:31,T0,T1,15.1ft,0.05s
4.22.2026 21:02:31,T0,T1,15.1ft,0.05s
4.22.2026 21:02:31,T0,T1,7.6ft,0.05s
4.22.2026 21:02:31,T0,T1,7.3ft,0.05s
4.22.2026 21:02:31,T0,T1,7.3ft,0.05s
4.22.2026 21:02:31,T0,T1,14.9ft,0.05s
4.22.2026 21:02:31,T0,T1,7.3ft,0.05s
4.22.2026 21:02:31,T0,T1,7.3ft,0.05s
4.22.2026 21:02:31,T0,T1,7.3ft,0.05s
4.22.2026 21:02:31,T0,T1,7.3ft,0.05s
4.22.2026 21:02:31,T0,T1,7.3ft,0.05s
4.22.2026 21:02:31,T0,T1,7.4ft,0.05s
4.22.2026 21:02:31,T0,T1,7.4ft,0.05s
4.22.2026 21:02:31,T0,T1,7.4ft,0.05s
4.22.2026 21:02:31,T0,T1,7.4ft,0.05s
4.22.2026 21:02:31,T0,T1,7.4ft,0.05s
4.22.2026 21:02:31,T0,T1,7.4ft,0.05s
4.22.2026 21:02:31,T0,T1,7.4ft,0.05s
4.22.2026 21:02:31,T0,T1,7.4ft,0.05s
4.22.2026 21:02:32,T0,T1,7.4ft,0.05s
4.22.2026 21:02:32,T0,T1,7.4ft,0.05s
4.22.2026 21:02:32,T0,T1,7.4ft,0.05s
4.22.2026 21:02:32,T0,T1,7.4ft,0.05s
4.22.2026 21:02:32,T0,T1,7.4ft,0.05s
4.22.2026 21:02:32,T0,T1,7.8ft,0.05s
4.22.2026 21:02:32,T0,T1,7.7ft,0.05s
4.22.2026 21:02:32,T0,T1,7.7ft,0.05s
4.22.2026 21:02:32,T0,T1,7.7ft,0.05s
4.22.2026 21:02:32,T0,T1,7.5ft,0.05s
4.22.2026 21:02:32,T0,T1,7.2ft,0.05s
4.22.2026 21:02:32,T0,T1,7.2ft,0.05s
4.22.2026 21:02:32,T0,T1,7.1ft,0.05s
4.22.2026 21:02:32,T0,T1,7.1ft,0.05s
4.22.2026 21:02:32,T0,T1,7.1ft,0.05s
4.22.2026 21:02:32,T0,T1,7.1ft,0.05s
4.22.2026 21:02:32,T0,T1,6.4ft,0.05s
4.22.2026 21:02:32,T0,T1,6.5ft,0.05s
4.22.2026 21:02:32,T0,T1,6.5ft,0.05s
4.22.2026 21:02:32,T0,T1,6.5ft,0.05s
4.22.2026 21:02:33,T0,T1,6.5ft,0.05s
4.22.2026 21:02:33,T0,T1,6.7ft,0.05s
4.22.2026 21:02:33,T0,T1,6.7ft,0.05s
4.22.2026 21:02:33,T0,T1,6.7ft,0.05s
4.22.2026 21:02:33,T0,T1,6.9ft,0.05s
4.22.2026 21:02:33,T0,T1,6.9ft,0.05s
4.22.2026 21:02:33,T0,T1,7.1ft,0.05s
4.22.2026 21:02:33,T0,T1,7.1ft,0.05s
4.22.2026 21:02:33,T0,T1,7.1ft,0.05s
4.22.2026 21:02:33,T0,T1,7.1ft,0.05s
4.22.2026 21:02:33,T0,T1,7.1ft,0.05s
4.22.2026 21:02:33,T0,T1,7.1ft,0.05s
4.22.2026 21:02:33,T0,T1,7.1ft,0.05s
4.22.2026 21:02:33,T0,T1,7.1ft,0.05s
4.22.2026 21:02:33,T0,T1,7.1ft,0.05s
4.22.2026 21:02:33,T0,T1,7.2ft,0.05s
4.22.2026 21:02:33,T0,T1,7.2ft,0.05s
4.22.2026 21:02:33,T0,T1,7.2ft,0.05s
4.22.2026 21:02:33,T0,T1,7.2ft,0.05s
4.22.2026 21:02:33,T0,T1,7.2ft,0.05s
4.22.2026 21:02:34,T0,T1,7.2ft,0.05s
4.22.2026 21:02:34,T0,T1,7.2ft,0.05s
4.22.2026 21:02:34,T0,T1,7.2ft,0.05s
4.22.2026 21:02:34,T0,T1,7.1ft,0.05s
4.22.2026 21:02:34,T0,T1,7.1ft,0.05s
4.22.2026 21:02:34,T0,T1,7.1ft,0.05s
4.22.2026 21:02:34,T0,T1,7.1ft,0.05s
4.22.2026 21:02:34,T0,T1,7.1ft,0.05s
4.22.2026 21:02:34,T0,T1,7.1ft,0.05s
4.22.2026 21:02:34,T0,T1,7.1ft,0.05s
4.22.2026 21:02:34,T0,T1,14.8ft,0.05s
4.22.2026 21:02:34,T0,T1,7.1ft,0.05s
4.22.2026 21:02:34,T0,T1,7.1ft,0.05s
4.22.2026 21:02:34,T0,T1,7.1ft,0.05s
4.22.2026 21:02:34,T0,T1,7.1ft,0.05s
4.22.2026 21:02:34,T0,T1,7.1ft,0.05s
4.22.2026 21:02:34,T0,T1,7.1ft,0.05s
4.22.2026 21:02:34,T0,T1,7.1ft,0.05s
4.22.2026 21:02:34,T0,T1,7.1ft,0.05s
4.22.2026 21:02:35,T0,T1,7.1ft,0.05s
4.22.2026 21:02:35,T0,T1,7.1ft,0.05s
4.22.2026 21:02:35,T0,T1,14.7ft,0.05s
4.22.2026 21:02:35,T0,T1,14.7ft,0.05s
4.22.2026 21:02:35,T0,T1,14.8ft,0.05s
4.22.2026 21:02:35,T0,T1,7.2ft,0.05s
4.22.2026 21:02:35,T0,T1,7.2ft,0.05s
4.22.2026 21:02:35,T0,T1,7.2ft,0.05s
4.22.2026 21:02:35,T0,T1,7.2ft,0.05s
4.22.2026 21:02:35,T0,T1,7.2ft,0.05s
4.22.2026 21:02:35,T0,T1,7.2ft,0.05s
4.22.2026 21:02:35,T0,T1,7.2ft,0.05s
4.22.2026 21:02:35,T0,T1,7.2ft,0.05s
4.22.2026 21:02:35,T0,T1,14.7ft,0.05s
4.22.2026 21:02:35,T0,T1,14.7ft,0.05s
4.22.2026 21:02:35,T0,T1,7.1ft,0.05s
4.22.2026 21:02:35,T0,T1,7.1ft,0.05s
4.22.2026 21:02:35,T0,T1,7.1ft,0.05s
4.22.2026 21:02:35,T0,T1,7.1ft,0.05s
4.22.2026 21:02:35,T0,T1,7.1ft,0.06s
4.22.2026 21:02:36,T0,T1,14.7ft,0.05s
4.22.2026 21:02:36,T0,T1,14.7ft,0.05s
4.22.2026 21:02:36,T0,T1,7.1ft,0.05s
4.22.2026 21:02:36,T0,T1,14.7ft,0.05s
4.22.2026 21:02:36,T0,T1,14.7ft,0.05s
4.22.2026 21:02:36,T0,T1,14.7ft,0.05s
4.22.2026 21:02:36,T0,T1,14.7ft,0.05s
4.22.2026 21:02:36,T0,T1,7.1ft,0.05s
4.22.2026 21:02:36,T0,T1,7.1ft,0.05s
4.22.2026 21:02:36,T0,T1,14.7ft,0.05s
4.22.2026 21:02:36,T0,T1,14.7ft,0.05s
4.22.2026 21:02:36,T0,T1,7.1ft,0.05s
4.22.2026 21:02:36,T0,T1,7.1ft,0.05s
4.22.2026 21:02:36,T0,T1,7.1ft,0.05s
4.22.2026 21:02:36,T0,T1,7.1ft,0.05s
4.22.2026 21:02:36,T0,T1,7.1ft,0.05s
4.22.2026 21:02:36,T0,T1,14.8ft,0.05s
4.22.2026 21:02:36,T0,T1,14.8ft,0.05s
4.22.2026 21:02:36,T0,T1,7.0ft,0.05s
4.22.2026 21:02:37,T0,T1,7.0ft,0.05s
4.22.2026 21:02:37,T0,T1,7.0ft,0.05s
4.22.2026 21:02:37,T0,T1,7.0ft,0.05s
4.22.2026 21:02:37,T0,T1,7.0ft,0.05s
4.22.2026 21:02:37,T0,T1,7.0ft,0.05s
4.22.2026 21:02:37,T0,T1,14.7ft,0.05s
4.22.2026 21:02:37,T0,T1,7.0ft,0.05s
4.22.2026 21:02:37,T0,T1,7.0ft,0.05s
4.22.2026 21:02:37,T0,T1,7.0ft,0.05s
4.22.2026 21:02:37,T0,T1,14.7ft,0.05s
4.22.2026 21:02:37,T0,T1,14.7ft,0.05s
4.22.2026 21:02:37,T0,T1,14.7ft,0.05s
4.22.2026 21:02:37,T0,T1,7.0ft,0.05s
4.22.2026 21:02:37,T0,T1,7.1ft,0.05s
4.22.2026 21:02:37,T0,T1,7.1ft,0.05s
4.22.2026 21:02:37,T0,T1,14.7ft,0.05s
4.22.2026 21:02:37,T0,T1,14.7ft,0.05s
4.22.2026 21:02:37,T0,T1,14.7ft,0.05s
4.22.2026 21:02:37,T0,T1,14.8ft,0.05s
4.22.2026 21:02:37,T0,T1,7.1ft,0.05s
4.22.2026 21:02:38,T0,T1,7.2ft,0.05s
4.22.2026 21:02:38,T0,T1,7.1ft,0.05s
4.22.2026 21:02:38,T0,T1,7.2ft,0.05s
4.22.2026 21:02:38,T0,T1,7.2ft,0.05s
4.22.2026 21:02:38,T0,T1,7.1ft,0.05s
4.22.2026 21:02:38,T0,T1,7.1ft,0.05s
4.22.2026 21:02:38,T0,T1,7.1ft,0.05s
4.22.2026 21:02:38,T0,T1,14.8ft,0.05s
4.22.2026 21:02:38,T0,T1,14.8ft,0.05s
4.22.2026 21:02:38,T0,T1,7.1ft,0.05s
4.22.2026 21:02:38,T0,T1,14.8ft,0.05s
4.22.2026 21:02:38,T0,T1,14.8ft,0.05s
4.22.2026 21:02:38,T0,T1,14.8ft,0.05s
4.22.2026 21:02:38,T0,T1,14.8ft,0.05s
4.22.2026 21:02:38,T0,T1,14.8ft,0.05s
4.22.2026 21:02:38,T0,T1,14.8ft,0.05s
4.22.2026 21:02:38,T0,T1,14.8ft,0.05s
4.22.2026 21:02:38,T0,T1,14.8ft,0.05s
4.22.2026 21:02:38,T0,T1,14.8ft,0.05s
4.22.2026 21:02:39,T0,T1,14.8ft,0.05s
4.22.2026 21:02:39,T0,T1,7.1ft,0.05s
4.22.2026 21:02:39,T0,T1,7.1ft,0.05s
4.22.2026 21:02:39,T0,T1,7.1ft,0.05s
4.22.2026 21:02:39,T0,T1,7.1ft,0.05s
4.22.2026 21:02:39,T0,T1,7.1ft,0.05s
4.22.2026 21:02:39,T0,T1,7.1ft,0.05s
4.22.2026 21:02:39,T0,T1,7.1ft,0.05s
4.22.2026 21:02:39,T0,T1,7.1ft,0.05s
4.22.2026 21:02:39,T0,T1,14.7ft,0.05s
4.22.2026 21:02:39,T0,T1,14.7ft,0.05s
4.22.2026 21:02:39,T0,T1,7.1ft,0.05s
4.22.2026 21:02:39,T0,T1,7.1ft,0.05s
4.22.2026 21:02:39,T0,T1,7.1ft,0.05s
4.22.2026 21:02:39,T0,T1,7.1ft,0.05s
4.22.2026 21:02:39,T0,T1,14.8ft,0.05s
4.22.2026 21:02:39,T0,T1,14.8ft,0.05s
4.22.2026 21:02:39,T0,T1,14.8ft,0.05s
4.22.2026 21:02:39,T0,T1,7.1ft,0.05s
4.22.2026 21:02:39,T0,T1,7.1ft,0.05s
4.22.2026 21:02:40,T0,T1,7.1ft,0.05s
4.22.2026 21:02:40,T0,T1,7.1ft,0.05s
4.22.2026 21:02:40,T0,T1,7.1ft,0.05s
4.22.2026 21:02:40,T0,T1,7.1ft,0.05s
4.22.2026 21:02:40,T0,T1,7.1ft,0.05s
4.22.2026 21:02:40,T0,T1,7.1ft,0.05s
4.22.2026 21:02:40,T0,T1,7.1ft,0.05s
4.22.2026 21:02:40,T0,T1,7.1ft,0.05s
4.22.2026 21:02:40,T0,T1,7.1ft,0.05s
4.22.2026 21:02:40,T0,T1,14.8ft,0.05s
4.22.2026 21:02:40,T0,T1,14.8ft,0.05s
4.22.2026 21:02:40,T0,T1,14.8ft,0.05s
4.22.2026 21:02:40,T0,T1,14.8ft,0.05s
4.22.2026 21:02:40,T0,T1,14.8ft,0.05s
4.22.2026 21:02:40,T0,T1,7.2ft,0.05s
4.22.2026 21:02:40,T0,T1,7.2ft,0.05s
4.22.2026 21:02:40,T0,T1,14.8ft,0.05s
4.22.2026 21:02:40,T0,T1,7.2ft,0.05s
4.22.2026 21:02:40,T0,T1,7.2ft,0.05s
4.22.2026 21:02:40,T0,T1,7.2ft,0.05s
4.22.2026 21:02:41,T0,T1,7.2ft,0.05s
4.22.2026 21:02:41,T0,T1,14.8ft,0.05s
4.22.2026 21:02:41,T0,T1,14.8ft,0.05s
4.22.2026 21:02:41,T0,T1,14.8ft,0.05s
4.22.2026 21:02:41,T0,T1,14.8ft,0.05s
4.22.2026 21:02:41,T0,T1,14.8ft,0.05s
4.22.2026 21:02:41,T0,T1,14.8ft,0.05s
4.22.2026 21:02:41,T0,T1,14.8ft,0.05s
4.22.2026 21:02:41,T0,T1,7.1ft,0.05s
4.22.2026 21:02:41,T0,T1,7.1ft,0.05s
4.22.2026 21:02:41,T0,T1,7.2ft,0.05s
4.22.2026 21:02:41,T0,T1,7.2ft,0.05s
4.22.2026 21:02:41,T0,T1,7.2ft,0.05s
4.22.2026 21:02:41,T0,T1,7.1ft,0.05s
4.22.2026 21:02:41,T0,T1,7.1ft,0.05s
4.22.2026 21:02:41,T0,T1,7.1ft,0.05s
4.22.2026 21:02:41,T0,T1,7.1ft,0.05s
4.22.2026 21:02:41,T0,T1,7.1ft,0.05s
4.22.2026 21:02:41,T0,T1,7.1ft,0.05s
4.22.2026 21:02:42,T0,T1,7.1ft,0.05s
4.22.2026 21:02:42,T0,T1,7.1ft,0.05s
4.22.2026 21:02:42,T0,T1,7.1ft,0.05s
4.22.2026 21:02:42,T0,T1,7.1ft,0.05s
4.22.2026 21:02:42,T0,T1,7.1ft,0.05s
4.22.2026 21:02:42,T0,T1,7.1ft,0.05s
4.22.2026 21:02:42,T0,T1,7.1ft,0.05s
4.22.2026 21:02:42,T0,T1,7.1ft,0.05s
4.22.2026 21:02:42,T0,T1,7.1ft,0.05s
4.22.2026 21:02:42,T0,T1,7.1ft,0.05s
4.22.2026 21:02:42,T0,T1,7.1ft,0.05s
4.22.2026 21:02:42,T0,T1,7.1ft,0.05s
4.22.2026 21:02:42,T0,T1,14.8ft,0.05s
4.22.2026 21:02:42,T0,T1,14.8ft,0.05s
4.22.2026 21:02:42,T0,T1,7.2ft,0.05s
4.22.2026 21:02:42,T0,T1,7.2ft,0.05s
4.22.2026 21:02:42,T0,T1,14.8ft,0.05s
4.22.2026 21:02:42,T0,T1,7.2ft,0.05s
4.22.2026 21:02:42,T0,T1,7.2ft,0.05s
4.22.2026 21:02:42,T0,T1,7.2ft,0.05s
4.22.2026 21:02:43,T0,T1,7.2ft,0.05s
4.22.2026 21:02:43,T0,T1,7.2ft,0.05s
4.22.2026 21:02:43,T0,T1,7.1ft,0.05s
4.22.2026 21:02:43,T0,T1,7.1ft,0.05s
4.22.2026 21:02:43,T0,T1,7.1ft,0.05s
4.22.2026 21:02:43,T0,T1,7.1ft,0.05s
4.22.2026 21:02:43,T0,T1,7.1ft,0.05s
4.22.2026 21:02:43,T0,T1,7.1ft,0.05s
4.22.2026 21:02:43,T0,T1,7.1ft,0.05s
4.22.2026 21:02:43,T0,T1,7.1ft,0.05s
4.22.2026 21:02:43,T0,T1,7.1ft,0.05s
4.22.2026 21:02:43,T0,T1,14.8ft,0.05s
4.22.2026 21:02:43,T0,T1,14.8ft,0.05s
4.22.2026 21:02:43,T0,T1,14.8ft,0.05s
4.22.2026 21:02:43,T0,T1,7.2ft,0.05s
4.22.2026 21:02:43,T0,T1,7.1ft,0.05s
4.22.2026 21:02:43,T0,T1,7.1ft,0.05s
4.22.2026 21:02:43,T0,T1,7.1ft,0.05s
4.22.2026 21:02:43,T0,T1,7.1ft,0.05s
4.22.2026 21:02:43,T0,T1,7.1ft,0.05s
4.22.2026 21:02:44,T0,T1,7.2ft,0.05s
4.22.2026 21:02:44,T0,T1,7.2ft,0.05s
4.22.2026 21:02:44,T0,T1,7.2ft,0.05s
4.22.2026 21:02:44,T0,T1,7.2ft,0.05s
4.22.2026 21:02:44,T0,T1,7.2ft,0.05s
4.22.2026 21:02:44,T0,T1,7.2ft,0.05s
4.22.2026 21:02:44,T0,T1,7.2ft,0.05s
4.22.2026 21:02:44,T0,T1,7.3ft,0.05s
4.22.2026 21:02:44,T0,T1,7.3ft,0.05s
4.22.2026 21:02:44,T0,T1,7.3ft,0.05s
4.22.2026 21:02:44,T0,T1,7.2ft,0.05s
4.22.2026 21:02:44,T0,T1,7.2ft,0.05s
4.22.2026 21:02:44,T0,T1,14.8ft,0.05s
4.22.2026 21:02:44,T0,T1,14.8ft,0.05s
4.22.2026 21:02:44,T0,T1,14.8ft,0.05s
4.22.2026 21:02:44,T0,T1,7.1ft,0.05s
4.22.2026 21:02:44,T0,T1,14.8ft,0.05s
4.22.2026 21:02:44,T0,T1,14.8ft,0.05s
4.22.2026 21:02:44,T0,T1,14.8ft,0.05s
4.22.2026 21:02:45,T0,T1,7.2ft,0.05s
4.22.2026 21:02:45,T0,T1,7.1ft,0.05s
4.22.2026 21:02:45,T0,T1,7.1ft,0.05s
4.22.2026 21:02:45,T0,T1,7.1ft,0.05s
4.22.2026 21:02:45,T0,T1,7.1ft,0.05s
4.22.2026 21:02:45,T0,T1,7.1ft,0.06s
4.22.2026 21:02:45,T0,T1,7.1ft,0.05s
4.22.2026 21:02:45,T0,T1,7.1ft,0.05s
4.22.2026 21:02:45,T0,T1,7.1ft,0.05s
4.22.2026 21:02:45,T0,T1,7.1ft,0.05s
4.22.2026 21:02:45,T0,T1,7.1ft,0.05s
4.22.2026 21:02:45,T0,T1,7.1ft,0.05s
4.22.2026 21:02:45,T0,T1,7.1ft,0.05s
4.22.2026 21:02:45,T0,T1,7.1ft,0.05s
4.22.2026 21:02:45,T0,T1,7.1ft,0.05s
4.22.2026 21:02:45,T0,T1,7.2ft,0.05s
4.22.2026 21:02:45,T0,T1,7.2ft,0.05s
4.22.2026 21:02:45,T0,T1,7.2ft,0.05s
4.22.2026 21:02:45,T0,T1,7.2ft,0.05s
4.22.2026 21:02:45,T0,T1,7.2ft,0.05s
4.22.2026 21:02:46,T0,T1,7.2ft,0.05s
4.22.2026 21:02:46,T0,T1,7.2ft,0.05s
4.22.2026 21:02:46,T0,T1,7.2ft,0.05s
4.22.2026 21:02:46,T0,T1,7.2ft,0.05s
4.22.2026 21:02:46,T0,T1,7.2ft,0.05s
4.22.2026 21:02:46,T0,T1,7.2ft,0.05s
4.22.2026 21:02:46,T0,T1,7.2ft,0.05s
4.22.2026 21:02:46,T0,T1,7.2ft,0.05s
4.22.2026 21:02:46,T0,T1,7.2ft,0.05s
4.22.2026 21:02:46,T0,T1,7.2ft,0.05s
4.22.2026 21:02:46,T0,T1,7.2ft,0.05s
4.22.2026 21:02:46,T0,T1,14.8ft,0.05s
4.22.2026 21:02:46,T0,T1,7.2ft,0.05s
4.22.2026 21:02:46,T0,T1,7.2ft,0.05s
4.22.2026 21:02:46,T0,T1,7.2ft,0.05s
4.22.2026 21:02:46,T0,T1,7.2ft,0.05s
4.22.2026 21:02:46,T0,T1,14.8ft,0.05s
4.22.2026 21:02:46,T0,T1,14.8ft,0.05s
4.22.2026 21:02:46,T0,T1,7.2ft,0.05s
4.22.2026 21:02:47,T0,T1,7.2ft,0.05s
4.22.2026 21:02:47,T0,T1,7.2ft,0.05s
4.22.2026 21:02:47,T0,T1,7.1ft,0.05s
4.22.2026 21:02:47,T0,T1,7.1ft,0.05s
4.22.2026 21:02:47,T0,T1,7.1ft,0.05s
4.22.2026 21:02:47,T0,T1,7.1ft,0.05s
4.22.2026 21:02:47,T0,T1,7.1ft,0.05s
4.22.2026 21:02:47,T0,T1,7.1ft,0.05s
4.22.2026 21:02:47,T0,T1,7.1ft,0.05s
4.22.2026 21:02:47,T0,T1,7.2ft,0.05s
4.22.2026 21:02:47,T0,T1,7.2ft,0.05s
4.22.2026 21:02:47,T0,T1,7.2ft,0.05s
4.22.2026 21:02:47,T0,T1,7.2ft,0.05s
4.22.2026 21:02:47,T0,T1,7.2ft,0.05s
4.22.2026 21:02:47,T0,T1,7.2ft,0.05s
4.22.2026 21:02:47,T0,T1,7.2ft,0.05s
4.22.2026 21:02:47,T0,T1,7.2ft,0.06s
4.22.2026 21:02:47,T0,T1,7.2ft,0.05s
4.22.2026 21:02:47,T0,T1,7.2ft,0.05s
4.22.2026 21:02:47,T0,T1,7.2ft,0.06s
4.22.2026 21:02:48,T0,T1,7.2ft,0.05s
4.22.2026 21:02:48,T0,T1,7.2ft,0.05s
4.22.2026 21:02:48,T0,T1,7.2ft,0.05s
4.22.2026 21:02:48,T0,T1,7.2ft,0.05s
4.22.2026 21:02:48,T0,T1,14.9ft,0.05s
4.22.2026 21:02:48,T0,T1,7.2ft,0.05s
4.22.2026 21:02:48,T0,T1,7.2ft,0.05s
4.22.2026 21:02:48,T0,T1,7.2ft,0.05s
4.22.2026 21:02:48,T0,T1,7.2ft,0.05s
4.22.2026 21:02:48,T0,T1,7.2ft,0.05s
4.22.2026 21:02:48,T0,T1,7.2ft,0.05s
4.22.2026 21:02:48,T0,T1,7.2ft,0.05s
4.22.2026 21:02:48,T0,T1,7.2ft,0.05s
4.22.2026 21:02:48,T0,T1,7.2ft,0.05s
4.22.2026 21:02:48,T0,T1,7.2ft,0.05s
4.22.2026 21:02:48,T0,T1,7.2ft,0.05s
4.22.2026 21:02:48,T0,T1,7.2ft,0.05s
4.22.2026 21:02:48,T0,T1,7.2ft,0.05s
4.22.2026 21:02:48,T0,T1,7.2ft,0.05s
4.22.2026 21:02:49,T0,T1,7.2ft,0.05s
4.22.2026 21:02:49,T0,T1,7.1ft,0.05s
4.22.2026 21:02:49,T0,T1,7.1ft,0.05s
4.22.2026 21:02:49,T0,T1,7.2ft,0.05s
4.22.2026 21:02:49,T0,T1,7.2ft,0.05s
4.22.2026 21:02:49,T0,T1,7.2ft,0.07s
4.22.2026 21:02:49,T0,T1,7.2ft,0.05s
4.22.2026 21:02:49,T0,T1,7.2ft,0.05s
4.22.2026 21:02:49,T0,T1,7.2ft,0.06s
4.22.2026 21:02:49,T0,T1,7.2ft,0.05s
4.22.2026 21:02:49,T0,T1,14.8ft,0.05s
4.22.2026 21:02:49,T0,T1,14.8ft,0.05s
4.22.2026 21:02:49,T0,T1,7.2ft,0.05s
4.22.2026 21:02:49,T0,T1,7.2ft,0.05s
4.22.2026 21:02:49,T0,T1,7.2ft,0.05s
4.22.2026 21:02:49,T0,T1,7.2ft,0.05s
4.22.2026 21:02:49,T0,T1,7.2ft,0.05s
4.22.2026 21:02:49,T0,T1,7.2ft,0.05s
4.22.2026 21:02:49,T0,T1,7.2ft,0.05s
4.22.2026 21:02:50,T0,T1,7.2ft,0.05s
4.22.2026 21:02:50,T0,T1,7.2ft,0.05s
4.22.2026 21:02:50,T0,T1,7.2ft,0.05s
4.22.2026 21:02:50,T0,T1,7.2ft,0.05s
4.22.2026 21:02:50,T0,T1,7.2ft,0.05s
4.22.2026 21:02:50,T0,T1,7.2ft,0.05s
4.22.2026 21:02:50,T0,T1,7.2ft,0.05s
4.22.2026 21:02:50,T0,T1,7.2ft,0.05s
4.22.2026 21:02:50,T0,T1,7.2ft,0.05s
4.22.2026 21:02:50,T0,T1,7.2ft,0.05s
4.22.2026 21:02:50,T0,T1,7.2ft,0.05s
4.22.2026 21:02:50,T0,T1,14.9ft,0.05s
4.22.2026 21:02:50,T0,T1,7.2ft,0.05s
4.22.2026 21:02:50,T0,T1,7.2ft,0.05s
4.22.2026 21:02:50,T0,T1,7.2ft,0.05s
4.22.2026 21:02:50,T0,T1,7.2ft,0.05s
4.22.2026 21:02:50,T0,T1,7.2ft,0.05s
4.22.2026 21:02:50,T0,T1,7.2ft,0.05s
4.22.2026 21:02:50,T0,T1,7.2ft,0.05s
4.22.2026 21:02:50,T0,T1,7.2ft,0.05s
4.22.2026 21:02:51,T0,T1,7.2ft,0.05s
4.22.2026 21:02:51,T0,T1,7.2ft,0.05s
4.22.2026 21:02:51,T0,T1,7.2ft,0.05s
4.22.2026 21:02:51,T0,T1,7.2ft,0.05s
4.22.2026 21:02:51,T0,T1,7.2ft,0.05s
4.22.2026 21:02:51,T0,T1,14.8ft,0.05s
4.22.2026 21:02:51,T0,T1,14.8ft,0.05s
4.22.2026 21:02:51,T0,T1,14.8ft,0.05s
4.22.2026 21:02:51,T0,T1,14.8ft,0.05s
4.22.2026 21:02:51,T0,T1,7.2ft,0.05s
4.22.2026 21:02:51,T0,T1,7.2ft,0.05s
4.22.2026 21:02:51,T0,T1,7.2ft,0.05s
4.22.2026 21:02:51,T0,T1,7.2ft,0.05s
4.22.2026 21:02:51,T0,T1,7.2ft,0.05s
4.22.2026 21:02:51,T0,T1,7.2ft,0.05s
4.22.2026 21:02:51,T0,T1,7.2ft,0.05s
4.22.2026 21:02:51,T0,T1,7.2ft,0.05s
4.22.2026 21:02:51,T0,T1,7.2ft,0.05s
4.22.2026 21:02:51,T0,T1,7.2ft,0.05s
4.22.2026 21:02:51,T0,T1,7.2ft,0.05s
4.22.2026 21:02:52,T0,T1,7.2ft,0.05s
4.22.2026 21:02:52,T0,T1,7.2ft,0.05s
4.22.2026 21:02:52,T0,T1,7.2ft,0.05s
4.22.2026 21:02:52,T0,T1,7.2ft,0.05s
4.22.2026 21:02:52,T0,T1,14.8ft,0.05s
4.22.2026 21:02:52,T0,T1,14.8ft,0.05s
4.22.2026 21:02:52,T0,T1,7.2ft,0.05s
4.22.2026 21:02:52,T0,T1,7.2ft,0.05s
4.22.2026 21:02:52,T0,T1,7.2ft,0.05s
4.22.2026 21:02:52,T0,T1,7.2ft,0.05s
4.22.2026 21:02:52,T0,T1,7.2ft,0.05s
4.22.2026 21:02:52,T0,T1,7.2ft,0.05s
4.22.2026 21:02:52,T0,T1,7.2ft,0.05s
4.22.2026 21:02:52,T0,T1,7.2ft,0.05s
4.22.2026 21:02:52,T0,T1,7.2ft,0.05s
4.22.2026 21:02:52,T0,T1,7.2ft,0.05s
4.22.2026 21:02:52,T0,T1,7.2ft,0.05s
4.22.2026 21:02:52,T0,T1,7.2ft,0.05s
4.22.2026 21:02:52,T0,T1,7.2ft,0.05s
4.22.2026 21:02:53,T0,T1,7.2ft,0.05s
4.22.2026 21:02:53,T0,T1,7.2ft,0.05s
4.22.2026 21:02:53,T0,T1,7.2ft,0.05s
4.22.2026 21:02:53,T0,T1,7.2ft,0.05s
4.22.2026 21:02:53,T0,T1,7.2ft,0.05s
4.22.2026 21:02:53,T0,T1,7.2ft,0.05s
4.22.2026 21:02:53,T0,T1,7.2ft,0.05s
4.22.2026 21:02:53,T0,T1,7.2ft,0.05s
4.22.2026 21:02:53,T0,T1,7.2ft,0.05s
4.22.2026 21:02:53,T0,T1,7.2ft,0.05s
4.22.2026 21:02:53,T0,T1,7.3ft,0.05s
4.22.2026 21:02:53,T0,T1,7.3ft,0.05s
4.22.2026 21:02:53,T0,T1,7.3ft,0.05s
4.22.2026 21:02:53,T0,T1,7.3ft,0.05s
4.22.2026 21:02:53,T0,T1,7.2ft,0.05s
4.22.2026 21:02:53,T0,T1,7.2ft,0.05s
4.22.2026 21:02:53,T0,T1,14.8ft,0.05s
4.22.2026 21:02:53,T0,T1,7.2ft,0.05s
4.22.2026 21:02:53,T0,T1,7.2ft,0.05s
4.22.2026 21:02:53,T0,T1,7.2ft,0.05s
4.22.2026 21:02:54,T0,T1,7.2ft,0.05s
4.22.2026 21:02:54,T0,T1,7.1ft,0.05s
4.22.2026 21:02:54,T0,T1,7.1ft,0.05s
4.22.2026 21:02:54,T0,T1,14.8ft,0.05s
4.22.2026 21:02:54,T0,T1,7.2ft,0.05s
4.22.2026 21:02:54,T0,T1,7.2ft,0.05s
4.22.2026 21:02:54,T0,T1,7.2ft,0.05s
4.22.2026 21:02:54,T0,T1,14.8ft,0.05s
4.22.2026 21:02:54,T0,T1,14.8ft,0.05s
4.22.2026 21:02:54,T0,T1,14.8ft,0.05s
4.22.2026 21:02:54,T0,T1,7.2ft,0.05s
4.22.2026 21:02:54,T0,T1,7.2ft,0.05s
4.22.2026 21:02:54,T0,T1,7.2ft,0.05s
4.22.2026 21:02:54,T0,T1,7.2ft,0.05s
4.22.2026 21:02:54,T0,T1,7.2ft,0.05s
4.22.2026 21:02:54,T0,T1,7.3ft,0.05s
4.22.2026 21:02:54,T0,T1,7.3ft,0.05s
4.22.2026 21:02:54,T0,T1,7.2ft,0.05s
4.22.2026 21:02:54,T0,T1,7.2ft,0.05s
4.22.2026 21:02:54,T0,T1,7.2ft,0.05s
4.22.2026 21:02:55,T0,T1,7.2ft,0.05s
4.22.2026 21:02:55,T0,T1,7.2ft,0.05s
4.22.2026 21:02:55,T0,T1,7.2ft,0.05s
4.22.2026 21:02:55,T0,T1,7.2ft,0.05s
4.22.2026 21:02:55,T0,T1,7.2ft,0.05s
4.22.2026 21:02:55,T0,T1,7.2ft,0.05s
4.22.2026 21:02:55,T0,T1,7.2ft,0.05s
4.22.2026 21:02:55,T0,T1,7.2ft,0.05s
4.22.2026 21:02:55,T0,T1,7.2ft,0.05s
4.22.2026 21:02:55,T0,T1,7.2ft,0.05s
4.22.2026 21:02:55,T0,T1,7.2ft,0.05s
4.22.2026 21:02:55,T0,T1,7.2ft,0.05s
4.22.2026 21:02:55,T0,T1,7.2ft,0.05s
4.22.2026 21:02:55,T0,T1,7.2ft,0.05s
4.22.2026 21:02:55,T0,T1,7.2ft,0.05s
4.22.2026 21:02:55,T0,T1,7.2ft,0.05s
4.22.2026 21:02:55,T0,T1,7.1ft,0.05s
4.22.2026 21:02:55,T0,T1,7.2ft,0.05s
4.22.2026 21:02:55,T0,T1,7.2ft,0.05s
4.22.2026 21:02:56,T0,T1,7.2ft,0.05s
4.22.2026 21:02:56,T0,T1,7.2ft,0.06s
4.22.2026 21:02:56,T0,T1,7.2ft,0.05s
4.22.2026 21:02:56,T0,T1,7.2ft,0.05s
4.22.2026 21:02:56,T0,T1,7.2ft,0.05s
4.22.2026 21:02:56,T0,T1,7.2ft,0.05s
4.22.2026 21:02:56,T0,T1,14.8ft,0.05s
4.22.2026 21:02:56,T0,T1,7.2ft,0.05s
4.22.2026 21:02:56,T0,T1,7.2ft,0.05s
4.22.2026 21:02:56,T0,T1,7.2ft,0.05s
4.22.2026 21:02:56,T0,T1,7.2ft,0.05s
4.22.2026 21:02:56,T0,T1,14.8ft,0.05s
4.22.2026 21:02:56,T0,T1,14.8ft,0.05s
4.22.2026 21:02:56,T0,T1,7.2ft,0.05s
4.22.2026 21:02:56,T0,T1,7.2ft,0.05s
4.22.2026 21:02:56,T0,T1,7.2ft,0.05s
4.22.2026 21:02:56,T0,T1,7.2ft,0.05s
4.22.2026 21:02:56,T0,T1,14.8ft,0.05s
4.22.2026 21:02:56,T0,T1,14.8ft,0.05s
4.22.2026 21:02:56,T0,T1,14.8ft,0.05s
4.22.2026 21:02:57,T0,T1,7.2ft,0.05s
4.22.2026 21:02:57,T0,T1,7.2ft,0.05s
4.22.2026 21:02:57,T0,T1,7.2ft,0.05s
4.22.2026 21:02:57,T0,T1,7.2ft,0.05s
4.22.2026 21:02:57,T0,T1,7.2ft,0.05s
4.22.2026 21:02:57,T0,T1,7.1ft,0.05s
4.22.2026 21:02:57,T0,T1,7.1ft,0.05s
4.22.2026 21:02:57,T0,T1,14.8ft,0.05s
4.22.2026 21:02:57,T0,T1,7.1ft,0.05s
4.22.2026 21:02:57,T0,T1,7.1ft,0.05s
4.22.2026 21:02:57,T0,T1,7.1ft,0.05s
4.22.2026 21:02:57,T0,T1,7.1ft,0.05s
4.22.2026 21:02:57,T0,T1,7.1ft,0.05s
4.22.2026 21:02:57,T0,T1,7.1ft,0.05s
4.22.2026 21:02:57,T0,T1,14.8ft,0.05s
4.22.2026 21:02:57,T0,T1,14.8ft,0.05s
4.22.2026 21:02:57,T0,T1,14.8ft,0.05s
4.22.2026 21:02:57,T0,T1,14.8ft,0.05s
4.22.2026 21:02:57,T0,T1,7.2ft,0.05s
4.22.2026 21:02:58,T0,T1,7.2ft,0.05s
4.22.2026 21:02:58,T0,T1,7.2ft,0.05s
4.22.2026 21:02:58,T0,T1,7.2ft,0.05s
4.22.2026 21:02:58,T0,T1,7.2ft,0.05s
4.22.2026 21:02:58,T0,T1,7.2ft,0.05s
4.22.2026 21:02:58,T0,T1,7.2ft,0.05s
4.22.2026 21:02:58,T0,T1,7.1ft,0.05s
4.22.2026 21:02:58,T0,T1,7.1ft,0.05s
4.22.2026 21:02:58,T0,T1,7.2ft,0.05s
4.22.2026 21:02:58,T0,T1,7.1ft,0.05s
4.22.2026 21:02:58,T0,T1,14.8ft,0.05s
4.22.2026 21:02:58,T0,T1,14.8ft,0.05s
4.22.2026 21:02:58,T0,T1,14.8ft,0.05s
4.22.2026 21:02:58,T0,T1,14.8ft,0.05s
4.22.2026 21:02:58,T0,T1,14.8ft,0.05s
4.22.2026 21:02:58,T0,T1,14.8ft,0.05s
4.22.2026 21:02:58,T0,T1,14.8ft,0.05s
4.22.2026 21:02:58,T0,T1,14.8ft,0.05s
4.22.2026 21:02:58,T0,T1,7.1ft,0.05s
4.22.2026 21:02:58,T0,T1,7.1ft,0.05s
4.22.2026 21:02:59,T0,T1,7.1ft,0.05s
4.22.2026 21:02:59,T0,T1,14.8ft,0.05s
4.22.2026 21:02:59,T0,T1,14.8ft,0.05s
4.22.2026 21:02:59,T0,T1,7.1ft,0.05s
4.22.2026 21:02:59,T0,T1,7.1ft,0.05s
4.22.2026 21:02:59,T0,T1,7.2ft,0.05s
4.22.2026 21:02:59,T0,T1,7.2ft,0.05s
4.22.2026 21:02:59,T0,T1,7.1ft,0.05s
4.22.2026 21:02:59,T0,T1,7.1ft,0.05s
4.22.2026 21:02:59,T0,T1,7.1ft,0.05s
4.22.2026 21:02:59,T0,T1,7.1ft,0.05s
4.22.2026 21:02:59,T0,T1,7.1ft,0.05s
4.22.2026 21:02:59,T0,T1,14.8ft,0.05s
4.22.2026 21:02:59,T0,T1,14.8ft,0.05s
4.22.2026 21:02:59,T0,T1,7.1ft,0.05s
4.22.2026 21:02:59,T0,T1,14.8ft,0.05s
4.22.2026 21:02:59,T0,T1,14.8ft,0.05s
4.22.2026 21:02:59,T0,T1,14.7ft,0.05s
4.22.2026 21:02:59,T0,T1,7.1ft,0.05s
4.22.2026 21:02:59,T0,T1,14.7ft,0.05s
4.22.2026 21:03:00,T0,T1,14.8ft,0.05s
4.22.2026 21:03:00,T0,T1,7.2ft,0.05s
4.22.2026 21:03:00,T0,T1,7.2ft,0.05s
4.22.2026 21:03:00,T0,T1,7.2ft,0.05s
4.22.2026 21:03:00,T0,T1,7.2ft,0.05s
4.22.2026 21:03:00,T0,T1,7.2ft,0.05s
4.22.2026 21:03:00,T0,T1,14.8ft,0.05s
4.22.2026 21:03:00,T0,T1,14.8ft,0.05s
4.22.2026 21:03:00,T0,T1,7.2ft,0.05s
4.22.2026 21:03:00,T0,T1,7.2ft,0.05s
4.22.2026 21:03:00,T0,T1,7.1ft,0.05s
4.22.2026 21:03:00,T0,T1,7.2ft,0.05s
4.22.2026 21:03:00,T0,T1,7.1ft,0.05s
4.22.2026 21:03:00,T0,T1,7.1ft,0.05s
4.22.2026 21:03:00,T0,T1,7.1ft,0.05s
4.22.2026 21:03:00,T0,T1,7.1ft,0.05s
4.22.2026 21:03:00,T0,T1,7.1ft,0.06s
4.22.2026 21:03:00,T0,T1,7.1ft,0.05s
4.22.2026 21:03:00,T0,T1,7.1ft,0.05s
4.22.2026 21:03:01,T0,T1,7.1ft,0.05s
4.22.2026 21:03:01,T0,T1,7.1ft,0.05s
4.22.2026 21:03:01,T0,T1,7.1ft,0.05s
4.22.2026 21:03:01,T0,T1,7.1ft,0.05s
4.22.2026 21:03:01,T0,T1,7.1ft,0.05s
4.22.2026 21:03:01,T0,T1,7.1ft,0.05s
4.22.2026 21:03:01,T0,T1,7.1ft,0.05s
4.22.2026 21:03:01,T0,T1,7.1ft,0.05s
4.22.2026 21:03:01,T0,T1,7.1ft,0.05s
4.22.2026 21:03:01,T0,T1,7.1ft,0.05s
4.22.2026 21:03:01,T0,T1,7.1ft,0.05s
4.22.2026 21:03:01,T0,T1,7.1ft,0.05s
4.22.2026 21:03:01,T0,T1,7.1ft,0.05s
4.22.2026 21:03:01,T0,T1,7.1ft,0.05s
4.22.2026 21:03:01,T0,T1,7.1ft,0.05s
4.22.2026 21:03:01,T0,T1,7.1ft,0.05s
4.22.2026 21:03:01,T0,T1,7.1ft,0.05s
4.22.2026 21:03:01,T0,T1,7.1ft,0.05s
4.22.2026 21:03:01,T0,T1,7.1ft,0.05s
4.22.2026 21:03:01,T0,T1,7.1ft,0.05s
4.22.2026 21:03:02,T0,T1,7.1ft,0.05s
4.22.2026 21:03:02,T0,T1,7.1ft,0.05s
4.22.2026 21:03:02,T0,T1,7.1ft,0.05s
4.22.2026 21:03:02,T0,T1,7.1ft,0.05s
4.22.2026 21:03:02,T0,T1,7.2ft,0.05s
4.22.2026 21:03:02,T0,T1,7.2ft,0.05s
4.22.2026 21:03:02,T0,T1,7.1ft,0.05s
4.22.2026 21:03:02,T0,T1,7.1ft,0.05s
4.22.2026 21:03:02,T0,T1,7.2ft,0.05s
4.22.2026 21:03:02,T0,T1,7.2ft,0.05s
4.22.2026 21:03:02,T0,T1,7.2ft,0.05s
4.22.2026 21:03:02,T0,T1,14.8ft,0.05s
4.22.2026 21:03:02,T0,T1,14.8ft,0.05s
4.22.2026 21:03:02,T0,T1,7.1ft,0.05s
4.22.2026 21:03:02,T0,T1,7.1ft,0.05s
4.22.2026 21:03:02,T0,T1,7.1ft,0.05s
4.22.2026 21:03:02,T0,T1,7.1ft,0.05s
4.22.2026 21:03:02,T0,T1,7.1ft,0.05s
4.22.2026 21:03:02,T0,T1,7.1ft,0.05s
4.22.2026 21:03:03,T0,T1,7.1ft,0.05s
4.22.2026 21:03:03,T0,T1,7.1ft,0.05s
4.22.2026 21:03:03,T0,T1,7.1ft,0.05s
4.22.2026 21:03:03,T0,T1,7.1ft,0.05s
4.22.2026 21:03:03,T0,T1,14.8ft,0.05s
4.22.2026 21:03:03,T0,T1,14.8ft,0.05s
4.22.2026 21:03:03,T0,T1,14.8ft,0.05s
4.22.2026 21:03:03,T0,T1,7.1ft,0.05s
4.22.2026 21:03:03,T0,T1,7.1ft,0.05s
4.22.2026 21:03:03,T0,T1,7.1ft,0.05s
4.22.2026 21:03:03,T0,T1,7.1ft,0.05s
4.22.2026 21:03:03,T0,T1,7.1ft,0.05s
4.22.2026 21:03:03,T0,T1,7.1ft,0.05s
4.22.2026 21:03:03,T0,T1,7.1ft,0.05s
4.22.2026 21:03:03,T0,T1,14.8ft,0.05s
4.22.2026 21:03:03,T0,T1,7.1ft,0.05s
4.22.2026 21:03:03,T0,T1,7.1ft,0.05s
4.22.2026 21:03:03,T0,T1,14.7ft,0.05s
4.22.2026 21:03:03,T0,T1,7.2ft,0.05s
4.22.2026 21:03:03,T0,T1,7.2ft,0.05s
4.22.2026 21:03:04,T0,T1,7.2ft,0.05s
4.22.2026 21:03:04,T0,T1,7.2ft,0.05s
4.22.2026 21:03:04,T0,T1,7.2ft,0.05s
4.22.2026 21:03:04,T0,T1,7.2ft,0.05s
4.22.2026 21:03:04,T0,T1,7.2ft,0.05s
4.22.2026 21:03:04,T0,T1,14.8ft,0.05s
4.22.2026 21:03:04,T0,T1,14.8ft,0.05s
4.22.2026 21:03:04,T0,T1,14.8ft,0.05s
4.22.2026 21:03:04,T0,T1,14.8ft,0.05s
4.22.2026 21:03:04,T0,T1,7.2ft,0.05s
4.22.2026 21:03:04,T0,T1,7.2ft,0.05s
4.22.2026 21:03:04,T0,T1,7.2ft,0.05s
4.22.2026 21:03:04,T0,T1,7.2ft,0.05s
4.22.2026 21:03:04,T0,T1,7.1ft,0.05s
4.22.2026 21:03:04,T0,T1,7.1ft,0.05s
4.22.2026 21:03:04,T0,T1,7.1ft,0.05s
4.22.2026 21:03:04,T0,T1,7.1ft,0.05s
4.22.2026 21:03:04,T0,T1,7.1ft,0.05s
4.22.2026 21:03:04,T0,T1,7.1ft,0.05s
4.22.2026 21:03:04,T0,T1,7.1ft,0.05s
4.22.2026 21:03:05,T0,T1,14.8ft,0.05s
4.22.2026 21:03:05,T0,T1,14.8ft,0.05s
4.22.2026 21:03:05,T0,T1,7.2ft,0.05s
4.22.2026 21:03:05,T0,T1,7.2ft,0.05s
4.22.2026 21:03:05,T0,T1,7.2ft,0.05s
4.22.2026 21:03:05,T0,T1,7.2ft,0.05s
4.22.2026 21:03:05,T0,T1,7.2ft,0.05s
4.22.2026 21:03:05,T0,T1,14.7ft,0.05s
4.22.2026 21:03:05,T0,T1,14.7ft,0.05s
4.22.2026 21:03:05,T0,T1,7.1ft,0.05s
4.22.2026 21:03:05,T0,T1,14.8ft,0.05s
4.22.2026 21:03:05,T0,T1,14.7ft,0.05s
4.22.2026 21:03:05,T0,T1,14.7ft,0.05s
4.22.2026 21:03:05,T0,T1,7.1ft,0.05s
4.22.2026 21:03:05,T0,T1,7.1ft,0.05s
4.22.2026 21:03:05,T0,T1,7.1ft,0.05s
4.22.2026 21:03:05,T0,T1,7.1ft,0.05s
4.22.2026 21:03:05,T0,T1,7.1ft,0.05s
4.22.2026 21:03:05,T0,T1,7.1ft,0.05s
4.22.2026 21:03:06,T0,T1,7.1ft,0.05s
4.22.2026 21:03:06,T0,T1,7.1ft,0.05s
4.22.2026 21:03:06,T0,T1,7.2ft,0.05s
4.22.2026 21:03:06,T0,T1,7.2ft,0.05s
4.22.2026 21:03:06,T0,T1,7.2ft,0.05s
4.22.2026 21:03:06,T0,T1,7.2ft,0.05s
4.22.2026 21:03:06,T0,T1,7.2ft,0.05s
4.22.2026 21:03:06,T0,T1,7.2ft,0.05s
4.22.2026 21:03:06,T0,T1,14.8ft,0.05s
4.22.2026 21:03:06,T0,T1,7.2ft,0.05s
4.22.2026 21:03:06,T0,T1,7.2ft,0.05s
4.22.2026 21:03:06,T0,T1,14.8ft,0.05s
4.22.2026 21:03:06,T0,T1,14.8ft,0.05s
4.22.2026 21:03:06,T0,T1,14.8ft,0.05s
4.22.2026 21:03:06,T0,T1,14.8ft,0.05s
4.22.2026 21:03:06,T0,T1,14.8ft,0.05s
4.22.2026 21:03:06,T0,T1,7.2ft,0.05s
4.22.2026 21:03:06,T0,T1,7.2ft,0.05s
4.22.2026 21:03:06,T0,T1,14.8ft,0.05s
4.22.2026 21:03:06,T0,T1,7.2ft,0.05s
4.22.2026 21:03:07,T0,T1,7.2ft,0.05s
4.22.2026 21:03:07,T0,T1,7.1ft,0.05s
4.22.2026 21:03:07,T0,T1,7.1ft,0.05s
4.22.2026 21:03:07,T0,T1,7.1ft,0.05s
4.22.2026 21:03:07,T0,T1,7.1ft,0.05s
4.22.2026 21:03:07,T0,T1,7.1ft,0.05s
4.22.2026 21:03:07,T0,T1,7.1ft,0.05s
4.22.2026 21:03:07,T0,T1,7.2ft,0.05s
4.22.2026 21:03:07,T0,T1,7.1ft,0.05s
4.22.2026 21:03:07,T0,T1,7.2ft,0.05s
4.22.2026 21:03:07,T0,T1,7.1ft,0.05s
4.22.2026 21:03:07,T0,T1,7.1ft,0.05s
4.22.2026 21:03:07,T0,T1,7.1ft,0.05s
4.22.2026 21:03:07,T0,T1,7.1ft,0.05s
4.22.2026 21:03:07,T0,T1,7.1ft,0.05s
4.22.2026 21:03:07,T0,T1,7.2ft,0.05s
4.22.2026 21:03:07,T0,T1,7.2ft,0.05s
4.22.2026 21:03:07,T0,T1,7.2ft,0.05s
4.22.2026 21:03:07,T0,T1,7.2ft,0.05s
4.22.2026 21:03:07,T0,T1,7.2ft,0.05s
4.22.2026 21:03:08,T0,T1,7.2ft,0.05s
4.22.2026 21:03:08,T0,T1,7.2ft,0.05s
4.22.2026 21:03:08,T0,T1,7.2ft,0.05s
4.22.2026 21:03:08,T0,T1,7.2ft,0.05s
4.22.2026 21:03:08,T0,T1,7.2ft,0.05s
4.22.2026 21:03:08,T0,T1,7.2ft,0.05s
4.22.2026 21:03:08,T0,T1,7.2ft,0.05s
4.22.2026 21:03:08,T0,T1,7.2ft,0.05s
4.22.2026 21:03:08,T0,T1,7.2ft,0.05s
4.22.2026 21:03:08,T0,T1,7.2ft,0.05s
4.22.2026 21:03:08,T0,T1,7.2ft,0.05s
4.22.2026 21:03:08,T0,T1,7.2ft,0.05s
4.22.2026 21:03:08,T0,T1,7.2ft,0.05s
4.22.2026 21:03:08,T0,T1,7.2ft,0.05s
4.22.2026 21:03:08,T0,T1,7.1ft,0.05s
4.22.2026 21:03:08,T0,T1,7.1ft,0.05s
4.22.2026 21:03:08,T0,T1,7.1ft,0.05s
4.22.2026 21:03:08,T0,T1,7.1ft,0.05s
4.22.2026 21:03:08,T0,T1,7.1ft,0.05s
4.22.2026 21:03:09,T0,T1,7.1ft,0.05s
4.22.2026 21:03:09,T0,T1,7.1ft,0.05s
4.22.2026 21:03:09,T0,T1,7.1ft,0.05s
4.22.2026 21:03:09,T0,T1,7.1ft,0.05s
4.22.2026 21:03:09,T0,T1,7.1ft,0.05s
4.22.2026 21:03:09,T0,T1,7.1ft,0.05s
4.22.2026 21:03:09,T0,T1,7.1ft,0.05s
4.22.2026 21:03:09,T0,T1,7.1ft,0.05s
4.22.2026 21:03:09,T0,T1,7.1ft,0.05s
4.22.2026 21:03:09,T0,T1,7.1ft,0.05s
4.22.2026 21:03:09,T0,T1,7.2ft,0.05s
4.22.2026 21:03:09,T0,T1,7.2ft,0.05s
4.22.2026 21:03:09,T0,T1,7.2ft,0.05s
4.22.2026 21:03:09,T0,T1,7.2ft,0.05s
4.22.2026 21:03:09,T0,T1,7.2ft,0.05s
4.22.2026 21:03:09,T0,T1,7.2ft,0.05s
4.22.2026 21:03:09,T0,T1,7.2ft,0.06s
4.22.2026 21:03:09,T0,T1,14.8ft,0.05s
4.22.2026 21:03:09,T0,T1,14.8ft,0.05s
4.22.2026 21:03:09,T0,T1,7.2ft,0.05s
4.22.2026 21:03:10,T0,T1,7.2ft,0.05s
4.22.2026 21:03:10,T0,T1,7.2ft,0.05s
4.22.2026 21:03:10,T0,T1,7.2ft,0.05s
4.22.2026 21:03:10,T0,T1,7.2ft,0.05s
4.22.2026 21:03:10,T0,T1,14.8ft,0.05s
4.22.2026 21:03:10,T0,T1,14.8ft,0.05s
4.22.2026 21:03:10,T0,T1,7.2ft,0.05s
4.22.2026 21:03:10,T0,T1,7.2ft,0.05s
4.22.2026 21:03:10,T0,T1,7.2ft,0.05s
4.22.2026 21:03:10,T0,T1,7.2ft,0.05s
4.22.2026 21:03:10,T0,T1,14.8ft,0.06s
4.22.2026 21:03:10,T0,T1,7.1ft,0.05s
4.22.2026 21:03:10,T0,T1,7.1ft,0.05s
4.22.2026 21:03:10,T0,T1,14.7ft,0.05s
4.22.2026 21:03:10,T0,T1,14.7ft,0.05s
4.22.2026 21:03:10,T0,T1,7.1ft,0.05s
4.22.2026 21:03:10,T0,T1,7.1ft,0.05s
4.22.2026 21:03:10,T0,T1,14.7ft,0.05s
4.22.2026 21:03:10,T0,T1,7.1ft,0.05s
4.22.2026 21:03:11,T0,T1,7.1ft,0.05s
4.22.2026 21:03:11,T0,T1,7.1ft,0.05s
4.22.2026 21:03:11,T0,T1,7.1ft,0.05s
4.22.2026 21:03:11,T0,T1,7.1ft,0.05s
4.22.2026 21:03:11,T0,T1,7.1ft,0.05s
4.22.2026 21:03:11,T0,T1,7.1ft,0.05s
4.22.2026 21:03:11,T0,T1,14.8ft,0.05s
4.22.2026 21:03:11,T0,T1,14.8ft,0.05s
4.22.2026 21:03:11,T0,T1,14.8ft,0.05s
4.22.2026 21:03:11,T0,T1,7.1ft,0.05s
4.22.2026 21:03:11,T0,T1,7.1ft,0.05s
4.22.2026 21:03:11,T0,T1,7.1ft,0.05s
4.22.2026 21:03:11,T0,T1,7.1ft,0.05s
4.22.2026 21:03:11,T0,T1,7.1ft,0.05s
4.22.2026 21:03:11,T0,T1,7.1ft,0.05s
4.22.2026 21:03:11,T0,T1,7.1ft,0.05s
4.22.2026 21:03:11,T0,T1,14.8ft,0.05s
4.22.2026 21:03:11,T0,T1,7.1ft,0.05s
4.22.2026 21:03:11,T0,T1,7.1ft,0.05s
4.22.2026 21:03:11,T0,T1,7.2ft,0.05s
4.22.2026 21:03:12,T0,T1,7.1ft,0.05s
4.22.2026 21:03:12,T0,T1,7.1ft,0.05s
4.22.2026 21:03:12,T0,T1,7.1ft,0.05s
4.22.2026 21:03:12,T0,T1,7.1ft,0.05s
4.22.2026 21:03:12,T0,T1,7.1ft,0.05s
4.22.2026 21:03:12,T0,T1,7.1ft,0.05s
4.22.2026 21:03:12,T0,T1,7.1ft,0.05s
4.22.2026 21:03:12,T0,T1,7.1ft,0.05s
4.22.2026 21:03:12,T0,T1,7.1ft,0.05s
4.22.2026 21:03:12,T0,T1,7.2ft,0.05s
4.22.2026 21:03:12,T0,T1,7.2ft,0.05s
4.22.2026 21:03:12,T0,T1,7.2ft,0.05s
4.22.2026 21:03:12,T0,T1,7.2ft,0.05s
4.22.2026 21:03:12,T0,T1,7.2ft,0.05s
4.22.2026 21:03:12,T0,T1,7.2ft,0.05s
4.22.2026 21:03:12,T0,T1,7.2ft,0.05s
4.22.2026 21:03:12,T0,T1,7.2ft,0.05s
4.22.2026 21:03:12,T0,T1,7.2ft,0.05s
4.22.2026 21:03:12,T0,T1,7.1ft,0.05s
4.22.2026 21:03:12,T0,T1,7.1ft,0.05s
4.22.2026 21:03:13,T0,T1,7.1ft,0.05s
4.22.2026 21:03:13,T0,T1,7.1ft,0.05s
4.22.2026 21:03:13,T0,T1,7.2ft,0.05s
4.22.2026 21:03:13,T0,T1,7.2ft,0.05s
4.22.2026 21:03:13,T0,T1,7.2ft,0.05s
4.22.2026 21:03:13,T0,T1,7.1ft,0.05s
4.22.2026 21:03:13,T0,T1,7.1ft,0.05s
4.22.2026 21:03:13,T0,T1,7.1ft,0.05s
4.22.2026 21:03:13,T0,T1,7.1ft,0.05s
4.22.2026 21:03:13,T0,T1,7.1ft,0.05s
4.22.2026 21:03:13,T0,T1,7.1ft,0.05s
4.22.2026 21:03:13,T0,T1,7.2ft,0.05s
4.22.2026 21:03:13,T0,T1,14.8ft,0.05s
4.22.2026 21:03:13,T0,T1,14.8ft,0.05s
4.22.2026 21:03:13,T0,T1,14.9ft,0.05s
4.22.2026 21:03:13,T0,T1,14.8ft,0.05s
4.22.2026 21:03:13,T0,T1,14.9ft,0.05s
4.22.2026 21:03:13,T0,T1,14.9ft,0.05s
4.22.2026 21:03:13,T0,T1,7.2ft,0.05s
4.22.2026 21:03:14,T0,T1,7.2ft,0.05s
4.22.2026 21:03:14,T0,T1,7.2ft,0.05s
4.22.2026 21:03:14,T0,T1,7.2ft,0.05s
4.22.2026 21:03:14,T0,T1,7.2ft,0.05s
4.22.2026 21:03:14,T0,T1,7.2ft,0.05s
4.22.2026 21:03:14,T0,T1,7.2ft,0.05s
4.22.2026 21:03:14,T0,T1,7.2ft,0.05s
4.22.2026 21:03:14,T0,T1,7.2ft,0.05s
4.22.2026 21:03:14,T0,T1,7.2ft,0.05s
4.22.2026 21:03:14,T0,T1,7.2ft,0.05s
4.22.2026 21:03:14,T0,T1,7.2ft,0.05s
4.22.2026 21:03:14,T0,T1,7.2ft,0.05s
4.22.2026 21:03:14,T0,T1,7.2ft,0.05s
4.22.2026 21:03:14,T0,T1,7.2ft,0.05s
4.22.2026 21:03:14,T0,T1,7.2ft,0.05s
4.22.2026 21:03:14,T0,T1,7.2ft,0.05s
4.22.2026 21:03:14,T0,T1,7.1ft,0.05s
4.22.2026 21:03:14,T0,T1,14.8ft,0.05s
4.22.2026 21:03:14,T0,T1,7.1ft,0.05s
4.22.2026 21:03:14,T0,T1,7.1ft,0.05s
4.22.2026 21:03:15,T0,T1,7.1ft,0.05s
4.22.2026 21:03:15,T0,T1,7.1ft,0.05s
4.22.2026 21:03:15,T0,T1,7.1ft,0.05s
4.22.2026 21:03:15,T0,T1,7.1ft,0.05s
4.22.2026 21:03:15,T0,T1,7.1ft,0.05s
4.22.2026 21:03:15,T0,T1,7.1ft,0.05s
4.22.2026 21:03:15,T0,T1,7.1ft,0.05s
4.22.2026 21:03:15,T0,T1,7.1ft,0.05s
4.22.2026 21:03:15,T0,T1,14.8ft,0.05s
4.22.2026 21:03:15,T0,T1,14.8ft,0.05s
4.22.2026 21:03:15,T0,T1,14.8ft,0.05s
4.22.2026 21:03:15,T0,T1,7.1ft,0.05s
4.22.2026 21:03:15,T0,T1,14.8ft,0.05s
4.22.2026 21:03:15,T0,T1,14.8ft,0.05s
4.22.2026 21:03:15,T0,T1,7.1ft,0.05s
4.22.2026 21:03:15,T0,T1,7.1ft,0.05s
4.22.2026 21:03:15,T0,T1,7.1ft,0.05s
4.22.2026 21:03:15,T0,T1,7.1ft,0.05s
4.22.2026 21:03:15,T0,T1,14.8ft,0.05s
4.22.2026 21:03:15,T0,T1,7.2ft,0.05s
4.22.2026 21:03:16,T0,T1,7.2ft,0.05s
4.22.2026 21:03:16,T0,T1,14.9ft,0.05s
4.22.2026 21:03:16,T0,T1,14.9ft,0.05s
4.22.2026 21:03:16,T0,T1,14.8ft,0.05s
4.22.2026 21:03:16,T0,T1,14.8ft,0.05s
4.22.2026 21:03:16,T0,T1,7.2ft,0.05s
4.22.2026 21:03:16,T0,T1,7.2ft,0.05s
4.22.2026 21:03:16,T0,T1,7.2ft,0.05s
4.22.2026 21:03:16,T0,T1,7.2ft,0.05s
4.22.2026 21:03:16,T0,T1,14.8ft,0.05s
4.22.2026 21:03:16,T0,T1,7.2ft,0.05s
4.22.2026 21:03:16,T0,T1,7.2ft,0.05s
4.22.2026 21:03:16,T0,T1,14.8ft,0.05s
4.22.2026 21:03:16,T0,T1,14.8ft,0.05s
4.22.2026 21:03:16,T0,T1,14.8ft,0.05s
4.22.2026 21:03:16,T0,T1,14.7ft,0.05s
4.22.2026 21:03:16,T0,T1,7.1ft,0.05s
4.22.2026 21:03:16,T0,T1,7.1ft,0.05s
4.22.2026 21:03:16,T0,T1,7.1ft,0.05s
4.22.2026 21:03:17,T0,T1,7.1ft,0.05s
4.22.2026 21:03:17,T0,T1,7.1ft,0.05s
4.22.2026 21:03:17,T0,T1,7.1ft,0.05s
4.22.2026 21:03:17,T0,T1,7.1ft,0.05s
4.22.2026 21:03:17,T0,T1,7.1ft,0.05s
4.22.2026 21:03:17,T0,T1,7.1ft,0.05s
4.22.2026 21:03:17,T0,T1,7.1ft,0.05s
4.22.2026 21:03:17,T0,T1,7.1ft,0.05s
4.22.2026 21:03:17,T0,T1,7.1ft,0.05s
4.22.2026 21:03:17,T0,T1,7.1ft,0.05s
4.22.2026 21:03:17,T0,T1,7.1ft,0.05s
4.22.2026 21:03:17,T0,T1,7.1ft,0.05s
4.22.2026 21:03:17,T0,T1,7.1ft,0.05s
4.22.2026 21:03:17,T0,T1,7.1ft,0.05s
4.22.2026 21:03:17,T0,T1,7.2ft,0.05s
4.22.2026 21:03:17,T0,T1,7.1ft,0.05s
4.22.2026 21:03:17,T0,T1,7.2ft,0.05s
4.22.2026 21:03:17,T0,T1,7.1ft,0.05s
4.22.2026 21:03:17,T0,T1,7.2ft,0.05s
4.22.2026 21:03:17,T0,T1,7.1ft,0.05s
4.22.2026 21:03:18,T0,T1,7.1ft,0.05s
4.22.2026 21:03:18,T0,T1,7.1ft,0.05s
4.22.2026 21:03:18,T0,T1,7.1ft,0.05s
4.22.2026 21:03:18,T0,T1,7.1ft,0.05s
4.22.2026 21:03:18,T0,T1,7.1ft,0.05s
4.22.2026 21:03:18,T0,T1,7.1ft,0.05s
4.22.2026 21:03:18,T0,T1,7.1ft,0.05s
4.22.2026 21:03:18,T0,T1,7.1ft,0.05s
4.22.2026 21:03:18,T0,T1,7.1ft,0.05s
4.22.2026 21:03:18,T0,T1,7.1ft,0.05s
4.22.2026 21:03:18,T0,T1,7.1ft,0.05s
4.22.2026 21:03:18,T0,T1,7.1ft,0.05s
4.22.2026 21:03:18,T0,T1,7.0ft,0.05s
4.22.2026 21:03:18,T0,T1,7.1ft,0.05s
4.22.2026 21:03:18,T0,T1,7.0ft,0.05s
4.22.2026 21:03:18,T0,T1,7.0ft,0.05s
4.22.2026 21:03:18,T0,T1,7.0ft,0.05s
4.22.2026 21:03:18,T0,T1,7.1ft,0.05s
4.22.2026 21:03:18,T0,T1,7.1ft,0.05s
4.22.2026 21:03:19,T0,T1,7.1ft,0.05s
4.22.2026 21:03:19,T0,T1,7.1ft,0.05s
4.22.2026 21:03:19,T0,T1,7.1ft,0.05s
4.22.2026 21:03:19,T0,T1,7.1ft,0.05s
4.22.2026 21:03:19,T0,T1,7.1ft,0.05s
4.22.2026 21:03:19,T0,T1,7.1ft,0.05s
4.22.2026 21:03:19,T0,T1,7.1ft,0.05s
4.22.2026 21:03:19,T0,T1,7.1ft,0.05s
4.22.2026 21:03:19,T0,T1,7.1ft,0.05s
4.22.2026 21:03:19,T0,T1,7.1ft,0.05s
4.22.2026 21:03:19,T0,T1,7.1ft,0.05s
4.22.2026 21:03:19,T0,T1,7.1ft,0.05s
4.22.2026 21:03:19,T0,T1,7.1ft,0.05s
4.22.2026 21:03:19,T0,T1,7.1ft,0.05s
4.22.2026 21:03:19,T0,T1,7.1ft,0.05s
4.22.2026 21:03:19,T0,T1,7.1ft,0.05s
4.22.2026 21:03:19,T0,T1,7.1ft,0.05s
4.22.2026 21:03:19,T0,T1,7.1ft,0.05s
4.22.2026 21:03:19,T0,T1,7.1ft,0.05s
4.22.2026 21:03:19,T0,T1,14.8ft,0.05s
4.22.2026 21:03:20,T0,T1,14.8ft,0.05s
4.22.2026 21:03:20,T0,T1,7.2ft,0.05s
4.22.2026 21:03:20,T0,T1,7.1ft,0.05s
4.22.2026 21:03:20,T0,T1,7.1ft,0.05s
4.22.2026 21:03:20,T0,T1,7.1ft,0.05s
4.22.2026 21:03:20,T0,T1,7.1ft,0.05s
4.22.2026 21:03:20,T0,T1,7.1ft,0.05s
4.22.2026 21:03:20,T0,T1,7.1ft,0.05s
4.22.2026 21:03:20,T0,T1,7.1ft,0.05s
4.22.2026 21:03:20,T0,T1,7.1ft,0.05s
4.22.2026 21:03:20,T0,T1,7.1ft,0.05s
4.22.2026 21:03:20,T0,T1,7.1ft,0.05s
4.22.2026 21:03:20,T0,T1,7.1ft,0.05s
4.22.2026 21:03:20,T0,T1,7.1ft,0.05s
4.22.2026 21:03:20,T0,T1,7.1ft,0.05s
4.22.2026 21:03:20,T0,T1,7.1ft,0.05s
4.22.2026 21:03:20,T0,T1,7.1ft,0.05s
4.22.2026 21:03:20,T0,T1,7.1ft,0.05s
4.22.2026 21:03:20,T0,T1,7.1ft,0.05s
4.22.2026 21:03:20,T0,T1,14.8ft,0.05s
4.22.2026 21:03:21,T0,T1,7.1ft,0.05s
4.22.2026 21:03:21,T0,T1,7.1ft,0.05s
4.22.2026 21:03:21,T0,T1,7.1ft,0.05s
4.22.2026 21:03:21,T0,T1,7.1ft,0.05s
4.22.2026 21:03:21,T0,T1,7.1ft,0.05s
4.22.2026 21:03:21,T0,T1,7.1ft,0.05s
4.22.2026 21:03:21,T0,T1,7.1ft,0.05s
4.22.2026 21:03:21,T0,T1,7.1ft,0.05s
4.22.2026 21:03:21,T0,T1,7.1ft,0.05s
4.22.2026 21:03:21,T0,T1,7.1ft,0.05s
4.22.2026 21:03:21,T0,T1,14.8ft,0.05s
4.22.2026 21:03:21,T0,T1,7.1ft,0.05s
4.22.2026 21:03:21,T0,T1,7.1ft,0.05s
4.22.2026 21:03:21,T0,T1,7.1ft,0.05s
4.22.2026 21:03:21,T0,T1,7.1ft,0.05s
4.22.2026 21:03:21,T0,T1,7.1ft,0.05s
4.22.2026 21:03:21,T0,T1,7.1ft,0.05s
4.22.2026 21:03:21,T0,T1,7.1ft,0.05s
4.22.2026 21:03:21,T0,T1,7.1ft,0.05s
4.22.2026 21:03:22,T0,T1,7.1ft,0.05s
4.22.2026 21:03:22,T0,T1,7.1ft,0.05s
4.22.2026 21:03:22,T0,T1,7.1ft,0.05s
4.22.2026 21:03:22,T0,T1,7.1ft,0.05s
4.22.2026 21:03:22,T0,T1,7.1ft,0.05s
4.22.2026 21:03:22,T0,T1,7.1ft,0.05s
4.22.2026 21:03:22,T0,T1,7.1ft,0.05s
4.22.2026 21:03:22,T0,T1,7.2ft,0.05s
4.22.2026 21:03:22,T0,T1,7.1ft,0.05s
4.22.2026 21:03:22,T0,T1,7.2ft,0.05s
4.22.2026 21:03:22,T0,T1,7.2ft,0.05s
4.22.2026 21:03:22,T0,T1,7.1ft,0.05s
4.22.2026 21:03:22,T0,T1,7.1ft,0.05s
4.22.2026 21:03:22,T0,T1,7.1ft,0.05s
4.22.2026 21:03:22,T0,T1,7.1ft,0.05s
4.22.2026 21:03:22,T0,T1,7.1ft,0.05s
4.22.2026 21:03:22,T0,T1,7.1ft,0.05s
4.22.2026 21:03:22,T0,T1,7.1ft,0.05s
4.22.2026 21:03:22,T0,T1,7.1ft,0.05s
4.22.2026 21:03:22,T0,T1,14.8ft,0.05s
4.22.2026 21:03:23,T0,T1,7.1ft,0.05s
4.22.2026 21:03:23,T0,T1,7.1ft,0.05s
4.22.2026 21:03:23,T0,T1,7.2ft,0.05s
4.22.2026 21:03:23,T0,T1,7.2ft,0.05s
4.22.2026 21:03:23,T0,T1,7.2ft,0.05s
4.22.2026 21:03:23,T0,T1,7.2ft,0.05s
4.22.2026 21:03:23,T0,T1,14.8ft,0.05s
4.22.2026 21:03:23,T0,T1,7.1ft,0.05s
4.22.2026 21:03:23,T0,T1,7.1ft,0.05s
4.22.2026 21:03:23,T0,T1,7.2ft,0.05s
4.22.2026 21:03:23,T0,T1,7.2ft,0.05s
4.22.2026 21:03:23,T0,T1,7.1ft,0.05s
4.22.2026 21:03:23,T0,T1,7.1ft,0.05s
4.22.2026 21:03:23,T0,T1,7.1ft,0.05s
4.22.2026 21:03:23,T0,T1,7.1ft,0.05s
4.22.2026 21:03:23,T0,T1,7.1ft,0.05s
4.22.2026 21:03:23,T0,T1,7.1ft,0.05s
4.22.2026 21:03:23,T0,T1,7.1ft,0.05s
4.22.2026 21:03:23,T0,T1,7.1ft,0.05s
4.22.2026 21:03:23,T0,T1,7.1ft,0.05s
4.22.2026 21:03:24,T0,T1,7.2ft,0.05s
4.22.2026 21:03:24,T0,T1,14.8ft,0.05s
4.22.2026 21:03:24,T0,T1,14.8ft,0.05s
4.22.2026 21:03:24,T0,T1,14.8ft,0.05s
4.22.2026 21:03:24,T0,T1,14.8ft,0.05s
4.22.2026 21:03:24,T0,T1,14.8ft,0.05s
4.22.2026 21:03:24,T0,T1,14.8ft,0.05s
4.22.2026 21:03:24,T0,T1,7.1ft,0.05s
4.22.2026 21:03:24,T0,T1,7.1ft,0.05s
4.22.2026 21:03:24,T0,T1,7.1ft,0.05s
4.22.2026 21:03:24,T0,T1,7.1ft,0.05s
4.22.2026 21:03:24,T0,T1,7.1ft,0.05s
4.22.2026 21:03:24,T0,T1,7.1ft,0.05s
4.22.2026 21:03:24,T0,T1,7.1ft,0.05s
4.22.2026 21:03:24,T0,T1,7.1ft,0.05s
4.22.2026 21:03:24,T0,T1,7.1ft,0.05s
4.22.2026 21:03:24,T0,T1,7.1ft,0.05s
4.22.2026 21:03:24,T0,T1,7.1ft,0.05s
4.22.2026 21:03:24,T0,T1,7.1ft,0.05s
4.22.2026 21:03:25,T0,T1,7.1ft,0.05s
4.22.2026 21:03:25,T0,T1,7.1ft,0.05s
4.22.2026 21:03:25,T0,T1,7.1ft,0.05s
4.22.2026 21:03:25,T0,T1,7.1ft,0.05s
4.22.2026 21:03:25,T0,T1,7.2ft,0.05s
4.22.2026 21:03:25,T0,T1,7.2ft,0.05s
4.22.2026 21:03:25,T0,T1,7.2ft,0.05s
4.22.2026 21:03:25,T0,T1,7.2ft,0.05s
4.22.2026 21:03:25,T0,T1,7.2ft,0.06s
4.22.2026 21:03:25,T0,T1,7.2ft,0.05s
4.22.2026 21:03:25,T0,T1,7.2ft,0.05s
4.22.2026 21:03:25,T0,T1,7.2ft,0.05s
4.22.2026 21:03:25,T0,T1,7.1ft,0.05s
4.22.2026 21:03:25,T0,T1,7.1ft,0.05s
4.22.2026 21:03:25,T0,T1,14.8ft,0.05s
4.22.2026 21:03:25,T0,T1,14.8ft,0.05s
4.22.2026 21:03:25,T0,T1,14.8ft,0.05s
4.22.2026 21:03:25,T0,T1,7.2ft,0.05s
4.22.2026 21:03:25,T0,T1,7.1ft,0.05s
4.22.2026 21:03:25,T0,T1,7.2ft,0.05s
4.22.2026 21:03:26,T0,T1,7.2ft,0.05s
4.22.2026 21:03:26,T0,T1,7.1ft,0.05s
4.22.2026 21:03:26,T0,T1,7.2ft,0.05s
4.22.2026 21:03:26,T0,T1,14.8ft,0.05s
4.22.2026 21:03:26,T0,T1,7.2ft,0.05s
4.22.2026 21:03:26,T0,T1,7.2ft,0.05s
4.22.2026 21:03:26,T0,T1,7.2ft,0.05s
4.22.2026 21:03:26,T0,T1,7.2ft,0.05s
4.22.2026 21:03:26,T0,T1,7.2ft,0.05s
4.22.2026 21:03:26,T0,T1,7.2ft,0.05s
4.22.2026 21:03:26,T0,T1,14.8ft,0.05s
4.22.2026 21:03:26,T0,T1,14.8ft,0.05s
4.22.2026 21:03:26,T0,T1,14.8ft,0.05s
4.22.2026 21:03:26,T0,T1,14.8ft,0.05s
4.22.2026 21:03:26,T0,T1,7.1ft,0.05s
4.22.2026 21:03:26,T0,T1,7.1ft,0.05s
4.22.2026 21:03:26,T0,T1,7.1ft,0.05s
4.22.2026 21:03:26,T0,T1,7.2ft,0.05s
4.22.2026 21:03:26,T0,T1,7.2ft,0.05s
4.22.2026 21:03:27,T0,T1,7.2ft,0.05s
4.22.2026 21:03:27,T0,T1,7.2ft,0.05s
4.22.2026 21:03:27,T0,T1,7.2ft,0.05s
4.22.2026 21:03:27,T0,T1,14.8ft,0.05s
4.22.2026 21:03:27,T0,T1,14.8ft,0.05s
4.22.2026 21:03:27,T0,T1,7.2ft,0.05s
4.22.2026 21:03:27,T0,T1,14.8ft,0.05s
4.22.2026 21:03:27,T0,T1,7.2ft,0.05s
4.22.2026 21:03:27,T0,T1,7.2ft,0.05s
4.22.2026 21:03:27,T0,T1,7.2ft,0.05s
4.22.2026 21:03:27,T0,T1,7.2ft,0.05s
4.22.2026 21:03:27,T0,T1,7.2ft,0.05s
4.22.2026 21:03:27,T0,T1,7.2ft,0.05s
4.22.2026 21:03:27,T0,T1,7.2ft,0.05s
4.22.2026 21:03:27,T0,T1,14.8ft,0.05s
4.22.2026 21:03:27,T0,T1,14.8ft,0.05s
4.22.2026 21:03:27,T0,T1,7.2ft,0.05s
4.22.2026 21:03:27,T0,T1,7.2ft,0.05s
4.22.2026 21:03:27,T0,T1,7.2ft,0.05s
4.22.2026 21:03:27,T0,T1,7.2ft,0.05s
4.22.2026 21:03:28,T0,T1,7.2ft,0.05s
4.22.2026 21:03:28,T0,T1,7.2ft,0.05s
4.22.2026 21:03:28,T0,T1,7.2ft,0.05s
4.22.2026 21:03:28,T0,T1,7.2ft,0.05s
4.22.2026 21:03:28,T0,T1,14.8ft,0.05s
4.22.2026 21:03:28,T0,T1,14.8ft,0.05s
4.22.2026 21:03:28,T0,T1,14.8ft,0.05s
4.22.2026 21:03:28,T0,T1,14.8ft,0.05s
4.22.2026 21:03:28,T0,T1,7.1ft,0.05s
4.22.2026 21:03:28,T0,T1,14.8ft,0.05s
4.22.2026 21:03:28,T0,T1,14.8ft,0.05s
4.22.2026 21:03:28,T0,T1,14.8ft,0.05s
4.22.2026 21:03:28,T0,T1,7.1ft,0.05s
4.22.2026 21:03:28,T0,T1,14.8ft,0.05s
4.22.2026 21:03:28,T0,T1,14.8ft,0.05s
4.22.2026 21:03:28,T0,T1,14.8ft,0.05s
4.22.2026 21:03:28,T0,T1,7.1ft,0.05s
4.22.2026 21:03:28,T0,T1,7.1ft,0.05s
4.22.2026 21:03:28,T0,T1,7.1ft,0.06s
4.22.2026 21:03:29,T0,T1,7.1ft,0.05s
4.22.2026 21:03:29,T0,T1,7.1ft,0.05s
4.22.2026 21:03:29,T0,T1,7.2ft,0.05s
4.22.2026 21:03:29,T0,T1,7.2ft,0.05s
4.22.2026 21:03:29,T0,T1,7.2ft,0.05s
4.22.2026 21:03:29,T0,T1,14.8ft,0.05s
4.22.2026 21:03:29,T0,T1,14.8ft,0.05s
4.22.2026 21:03:29,T0,T1,7.2ft,0.05s
4.22.2026 21:03:29,T0,T1,14.8ft,0.05s
4.22.2026 21:03:29,T0,T1,14.8ft,0.05s
4.22.2026 21:03:29,T0,T1,14.8ft,0.05s
4.22.2026 21:03:29,T0,T1,14.8ft,0.05s
4.22.2026 21:03:29,T0,T1,7.2ft,0.05s
4.22.2026 21:03:29,T0,T1,14.8ft,0.05s
4.22.2026 21:03:29,T0,T1,14.8ft,0.05s
4.22.2026 21:03:29,T0,T1,7.1ft,0.05s
4.22.2026 21:03:29,T0,T1,7.1ft,0.05s
4.22.2026 21:03:29,T0,T1,14.8ft,0.05s
4.22.2026 21:03:29,T0,T1,7.1ft,0.05s
4.22.2026 21:03:29,T0,T1,7.1ft,0.05s
4.22.2026 21:03:30,T0,T1,7.1ft,0.05s
4.22.2026 21:03:30,T0,T1,14.8ft,0.05s
4.22.2026 21:03:30,T0,T1,14.8ft,0.05s
4.22.2026 21:03:30,T0,T1,7.1ft,0.05s
4.22.2026 21:03:30,T0,T1,7.2ft,0.05s
4.22.2026 21:03:30,T0,T1,7.2ft,0.05s
4.22.2026 21:03:30,T0,T1,14.8ft,0.05s
4.22.2026 21:03:30,T0,T1,14.8ft,0.05s
4.22.2026 21:03:30,T0,T1,14.8ft,0.05s
4.22.2026 21:03:30,T0,T1,14.8ft,0.05s
4.22.2026 21:03:30,T0,T1,14.7ft,0.05s
4.22.2026 21:03:30,T0,T1,14.7ft,0.05s
4.22.2026 21:03:30,T0,T1,14.7ft,0.05s
4.22.2026 21:03:30,T0,T1,7.1ft,0.05s
4.22.2026 21:03:30,T0,T1,7.1ft,0.05s
4.22.2026 21:03:30,T0,T1,7.1ft,0.05s
4.22.2026 21:03:30,T0,T1,7.1ft,0.05s
4.22.2026 21:03:30,T0,T1,7.1ft,0.05s
4.22.2026 21:03:30,T0,T1,14.8ft,0.05s
4.22.2026 21:03:30,T0,T1,14.8ft,0.05s
4.22.2026 21:03:31,T0,T1,14.8ft,0.05s
4.22.2026 21:03:31,T0,T1,14.8ft,0.05s
4.22.2026 21:03:31,T0,T1,14.8ft,0.05s
4.22.2026 21:03:31,T0,T1,14.8ft,0.05s
4.22.2026 21:03:31,T0,T1,14.8ft,0.05s
4.22.2026 21:03:31,T0,T1,14.8ft,0.05s
4.22.2026 21:03:31,T0,T1,14.8ft,0.05s
4.22.2026 21:03:31,T0,T1,7.2ft,0.05s
4.22.2026 21:03:31,T0,T1,7.1ft,0.05s
4.22.2026 21:03:31,T0,T1,7.1ft,0.05s
4.22.2026 21:03:31,T0,T1,14.8ft,0.05s
4.22.2026 21:03:31,T0,T1,14.8ft,0.05s
4.22.2026 21:03:31,T0,T1,14.8ft,0.05s
4.22.2026 21:03:31,T0,T1,7.1ft,0.05s
4.22.2026 21:03:31,T0,T1,7.1ft,0.05s
4.22.2026 21:03:31,T0,T1,7.1ft,0.05s
4.22.2026 21:03:31,T0,T1,14.8ft,0.05s
4.22.2026 21:03:31,T0,T1,7.1ft,0.05s
4.22.2026 21:03:31,T0,T1,7.1ft,0.05s
4.22.2026 21:03:32,T0,T1,7.2ft,0.05s
4.22.2026 21:03:32,T0,T1,14.8ft,0.05s
4.22.2026 21:03:32,T0,T1,7.2ft,0.05s
4.22.2026 21:03:32,T0,T1,7.2ft,0.05s
4.22.2026 21:03:32,T0,T1,7.2ft,0.05s
4.22.2026 21:03:32,T0,T1,7.2ft,0.05s
4.22.2026 21:03:32,T0,T1,7.2ft,0.05s
4.22.2026 21:03:32,T0,T1,14.8ft,0.05s
4.22.2026 21:03:32,T0,T1,7.2ft,0.05s
4.22.2026 21:03:32,T0,T1,14.8ft,0.05s
4.22.2026 21:03:32,T0,T1,14.8ft,0.05s
4.22.2026 21:03:32,T0,T1,14.8ft,0.05s
4.22.2026 21:03:32,T0,T1,14.8ft,0.05s
4.22.2026 21:03:32,T0,T1,14.8ft,0.05s
4.22.2026 21:03:32,T0,T1,14.8ft,0.05s
4.22.2026 21:03:32,T0,T1,14.8ft,0.05s
4.22.2026 21:03:32,T0,T1,14.8ft,0.05s
4.22.2026 21:03:32,T0,T1,14.8ft,0.05s
4.22.2026 21:03:32,T0,T1,7.2ft,0.05s
4.22.2026 21:03:32,T0,T1,7.2ft,0.05s
4.22.2026 21:03:33,T0,T1,7.2ft,0.05s
4.22.2026 21:03:33,T0,T1,14.8ft,0.05s
4.22.2026 21:03:33,T0,T1,14.8ft,0.05s
4.22.2026 21:03:33,T0,T1,14.8ft,0.05s
4.22.2026 21:03:33,T0,T1,7.2ft,0.05s
4.22.2026 21:03:33,T0,T1,14.9ft,0.05s
4.22.2026 21:03:33,T0,T1,14.9ft,0.05s
4.22.2026 21:03:33,T0,T1,7.2ft,0.05s
4.22.2026 21:03:33,T0,T1,7.2ft,0.05s
4.22.2026 21:03:33,T0,T1,14.9ft,0.05s
4.22.2026 21:03:33,T0,T1,14.9ft,0.05s
4.22.2026 21:03:33,T0,T1,14.9ft,0.05s
4.22.2026 21:03:33,T0,T1,7.1ft,0.05s
4.22.2026 21:03:33,T0,T1,7.1ft,0.05s
4.22.2026 21:03:33,T0,T1,7.1ft,0.05s
4.22.2026 21:03:33,T0,T1,7.1ft,0.05s
4.22.2026 21:03:33,T0,T1,7.1ft,0.05s
4.22.2026 21:03:33,T0,T1,7.1ft,0.05s
4.22.2026 21:03:33,T0,T1,7.1ft,0.05s
4.22.2026 21:03:33,T0,T1,7.1ft,0.05s
4.22.2026 21:03:34,T0,T1,7.1ft,0.05s
4.22.2026 21:03:34,T0,T1,14.8ft,0.05s
4.22.2026 21:03:34,T0,T1,14.8ft,0.05s
4.22.2026 21:03:34,T0,T1,14.8ft,0.05s
4.22.2026 21:03:34,T0,T1,14.8ft,0.05s
4.22.2026 21:03:34,T0,T1,14.8ft,0.05s
4.22.2026 21:03:34,T0,T1,14.8ft,0.05s
4.22.2026 21:03:34,T0,T1,14.8ft,0.05s
4.22.2026 21:03:34,T0,T1,7.1ft,0.05s
4.22.2026 21:03:34,T0,T1,7.1ft,0.05s
4.22.2026 21:03:34,T0,T1,7.1ft,0.05s
4.22.2026 21:03:34,T0,T1,7.1ft,0.05s
4.22.2026 21:03:34,T0,T1,7.1ft,0.05s
4.22.2026 21:03:34,T0,T1,7.1ft,0.05s
4.22.2026 21:03:34,T0,T1,14.8ft,0.05s
4.22.2026 21:03:34,T0,T1,14.8ft,0.05s
4.22.2026 21:03:34,T0,T1,14.8ft,0.05s
4.22.2026 21:03:34,T0,T1,14.8ft,0.05s
4.22.2026 21:03:34,T0,T1,14.8ft,0.05s
4.22.2026 21:03:35,T0,T1,14.8ft,0.05s
4.22.2026 21:03:35,T0,T1,7.1ft,0.05s
4.22.2026 21:03:35,T0,T1,7.1ft,0.05s
4.22.2026 21:03:35,T0,T1,7.1ft,0.05s
4.22.2026 21:03:35,T0,T1,7.1ft,0.05s
4.22.2026 21:03:35,T0,T1,7.1ft,0.05s
4.22.2026 21:03:35,T0,T1,14.8ft,0.05s
4.22.2026 21:03:35,T0,T1,14.8ft,0.05s
4.22.2026 21:03:35,T0,T1,14.8ft,0.05s
4.22.2026 21:03:35,T0,T1,14.8ft,0.05s
4.22.2026 21:03:35,T0,T1,14.8ft,0.05s
4.22.2026 21:03:35,T0,T1,14.8ft,0.05s
4.22.2026 21:03:35,T0,T1,14.8ft,0.05s
4.22.2026 21:03:35,T0,T1,14.8ft,0.05s
4.22.2026 21:03:35,T0,T1,15.0ft,0.05s
4.22.2026 21:03:35,T0,T1,15.0ft,0.05s
4.22.2026 21:03:35,T0,T1,15.1ft,0.06s
4.22.2026 21:03:35,T0,T1,7.0ft,0.05s
4.22.2026 21:03:35,T0,T1,7.0ft,0.05s
4.22.2026 21:03:35,T0,T1,7.2ft,0.05s
4.22.2026 21:03:36,T0,T1,7.3ft,0.05s
4.22.2026 21:03:36,T0,T1,7.3ft,0.05s
4.22.2026 21:03:36,T0,T1,7.3ft,0.05s
4.22.2026 21:03:36,T0,T1,7.2ft,0.05s
4.22.2026 21:03:36,T0,T1,15.3ft,0.05s
4.22.2026 21:03:36,T0,T1,15.3ft,0.05s
4.22.2026 21:03:36,T0,T1,7.5ft,0.05s
4.22.2026 21:03:36,T0,T1,7.5ft,0.05s
4.22.2026 21:03:36,T0,T1,15.3ft,0.05s
4.22.2026 21:03:36,T0,T1,7.5ft,0.05s
4.22.2026 21:03:36,T0,T1,15.3ft,0.05s
4.22.2026 21:03:36,T0,T1,7.5ft,0.05s
4.22.2026 21:03:36,T0,T1,7.5ft,0.05s
4.22.2026 21:03:36,T0,T1,7.5ft,0.05s
4.22.2026 21:03:36,T0,T1,7.5ft,0.05s
4.22.2026 21:03:36,T0,T1,15.2ft,0.05s
4.22.2026 21:03:36,T0,T1,15.2ft,0.05s
4.22.2026 21:03:36,T0,T1,7.6ft,0.05s
4.22.2026 21:03:36,T0,T1,7.6ft,0.05s
4.22.2026 21:03:37,T0,T1,7.6ft,0.05s
4.22.2026 21:03:37,T0,T1,15.1ft,0.05s
4.22.2026 21:03:37,T0,T1,15.1ft,0.05s
4.22.2026 21:03:37,T0,T1,15.1ft,0.05s
4.22.2026 21:03:37,T0,T1,15.1ft,0.05s
4.22.2026 21:03:37,T0,T1,7.6ft,0.05s
4.22.2026 21:03:37,T0,T1,7.6ft,0.05s
4.22.2026 21:03:37,T0,T1,7.6ft,0.05s
4.22.2026 21:03:37,T0,T1,7.3ft,0.05s
4.22.2026 21:03:37,T0,T1,7.1ft,0.05s
4.22.2026 21:03:37,T0,T1,6.9ft,0.05s
4.22.2026 21:03:37,T0,T1,6.9ft,0.05s
4.22.2026 21:03:37,T0,T1,6.9ft,0.05s
4.22.2026 21:03:37,T0,T1,15.4ft,0.05s
4.22.2026 21:03:37,T0,T1,15.4ft,0.05s
4.22.2026 21:03:37,T0,T1,6.5ft,0.05s
4.22.2026 21:03:37,T0,T1,15.6ft,0.05s
4.22.2026 21:03:37,T0,T1,15.4ft,0.05s
4.22.2026 21:03:37,T0,T1,15.4ft,0.05s
4.22.2026 21:03:37,T0,T1,6.8ft,0.05s
4.22.2026 21:03:38,T0,T1,6.4ft,0.05s
4.22.2026 21:03:38,T0,T1,15.1ft,0.05s
4.22.2026 21:03:38,T0,T1,14.9ft,0.05s
4.22.2026 21:03:38,T0,T1,14.6ft,0.05s
4.22.2026 21:03:38,T0,T1,6.6ft,0.05s
4.22.2026 21:03:38,T0,T1,14.9ft,0.05s
4.22.2026 21:03:38,T0,T1,15.7ft,0.05s
4.22.2026 21:03:38,T0,T1,15.4ft,0.05s
4.22.2026 21:03:38,T0,T1,8.3ft,0.05s
4.22.2026 21:03:38,T0,T1,8.5ft,0.05s
4.22.2026 21:03:38,T0,T1,8.4ft,0.05s
4.22.2026 21:03:38,T0,T1,15.5ft,0.05s
4.22.2026 21:03:38,T0,T1,15.3ft,0.05s
4.22.2026 21:03:38,T0,T1,8.6ft,0.05s
4.22.2026 21:03:38,T0,T1,8.6ft,0.05s
4.22.2026 21:03:38,T0,T1,15.4ft,0.05s
4.22.2026 21:03:38,T0,T1,8.4ft,0.05s
4.22.2026 21:03:38,T0,T1,8.7ft,0.05s
4.22.2026 21:03:38,T0,T1,8.7ft,0.05s
4.22.2026 21:03:38,T0,T1,8.9ft,0.05s
4.22.2026 21:03:39,T0,T1,8.8ft,0.05s
4.22.2026 21:03:39,T0,T1,8.8ft,0.05s
4.22.2026 21:03:39,T0,T1,14.8ft,0.05s
4.22.2026 21:03:39,T0,T1,7.5ft,0.05s
4.22.2026 21:03:39,T0,T1,15.0ft,0.05s
4.22.2026 21:03:39,T0,T1,15.0ft,0.05s
4.22.2026 21:03:39,T0,T1,15.0ft,0.05s
4.22.2026 21:03:39,T0,T1,15.0ft,0.05s
4.22.2026 21:03:39,T0,T1,15.0ft,0.05s
4.22.2026 21:03:39,T0,T1,6.7ft,0.05s
4.22.2026 21:03:39,T0,T1,6.7ft,0.05s
4.22.2026 21:03:39,T0,T1,14.9ft,0.05s
4.22.2026 21:03:39,T0,T1,14.9ft,0.05s
4.22.2026 21:03:39,T0,T1,14.9ft,0.05s
4.22.2026 21:03:39,T0,T1,14.8ft,0.05s
4.22.2026 21:03:39,T0,T1,14.8ft,0.05s
4.22.2026 21:03:39,T0,T1,6.1ft,0.05s
4.22.2026 21:03:39,T0,T1,6.1ft,0.05s
4.22.2026 21:03:39,T0,T1,14.6ft,0.05s
4.22.2026 21:03:40,T0,T1,14.7ft,0.05s
4.22.2026 21:03:40,T0,T1,6.5ft,0.05s
4.22.2026 21:03:40,T0,T1,14.6ft,0.05s
4.22.2026 21:03:40,T0,T1,6.3ft,0.05s
4.22.2026 21:03:40,T0,T1,14.7ft,0.05s
4.22.2026 21:03:40,T0,T1,14.7ft,0.05s
4.22.2026 21:03:40,T0,T1,6.3ft,0.05s
4.22.2026 21:03:40,T0,T1,6.3ft,0.05s
4.22.2026 21:03:40,T0,T1,7.1ft,0.05s
4.22.2026 21:03:40,T0,T1,15.2ft,0.05s
4.22.2026 21:03:40,T0,T1,15.2ft,0.05s
4.22.2026 21:03:40,T0,T1,15.2ft,0.05s
4.22.2026 21:03:40,T0,T1,7.2ft,0.05s
4.22.2026 21:03:40,T0,T1,6.8ft,0.05s
4.22.2026 21:03:40,T0,T1,6.8ft,0.05s
4.22.2026 21:03:40,T0,T1,6.3ft,0.05s
4.22.2026 21:03:40,T0,T1,6.3ft,0.05s
4.22.2026 21:03:40,T0,T1,6.3ft,0.05s
4.22.2026 21:03:40,T0,T1,14.5ft,0.05s
4.22.2026 21:03:40,T0,T1,6.3ft,0.05s
4.22.2026 21:03:41,T0,T1,14.7ft,0.05s
4.22.2026 21:03:41,T0,T1,14.7ft,0.05s
4.22.2026 21:03:41,T0,T1,7.8ft,0.05s
4.22.2026 21:03:41,T0,T1,15.0ft,0.05s
4.22.2026 21:03:41,T0,T1,7.6ft,0.05s
4.22.2026 21:03:41,T0,T1,7.5ft,0.05s
4.22.2026 21:03:41,T0,T1,14.8ft,0.05s
4.22.2026 21:03:41,T0,T1,6.7ft,0.05s
4.22.2026 21:03:41,T0,T1,14.6ft,0.05s
4.22.2026 21:03:41,T0,T1,14.5ft,0.05s
4.22.2026 21:03:41,T0,T1,14.8ft,0.05s
4.22.2026 21:03:41,T0,T1,7.0ft,0.05s
4.22.2026 21:03:41,T0,T1,14.9ft,0.05s
4.22.2026 21:03:41,T0,T1,14.7ft,0.05s
4.22.2026 21:03:41,T0,T1,14.8ft,0.05s
4.22.2026 21:03:41,T0,T1,6.7ft,0.05s
4.22.2026 21:03:41,T0,T1,6.7ft,0.05s
4.22.2026 21:03:41,T0,T1,14.6ft,0.05s
4.22.2026 21:03:41,T0,T1,14.6ft,0.05s
4.22.2026 21:03:42,T0,T1,6.2ft,0.05s
4.22.2026 21:03:42,T0,T1,6.2ft,0.05s
4.22.2026 21:03:42,T0,T1,5.5ft,0.05s
4.22.2026 21:03:42,T0,T1,5.5ft,0.05s
4.22.2026 21:03:42,T0,T1,5.4ft,0.05s
4.22.2026 21:03:42,T0,T1,15.3ft,0.05s
4.22.2026 21:03:42,T0,T1,5.4ft,0.05s
4.22.2026 21:03:42,T0,T1,6.1ft,0.05s
4.22.2026 21:03:42,T0,T1,6.0ft,0.05s
4.22.2026 21:03:42,T0,T1,15.9ft,0.05s
4.22.2026 21:03:42,T0,T1,7.2ft,0.05s
4.22.2026 21:03:42,T0,T1,8.0ft,0.05s
4.22.2026 21:03:42,T0,T1,16.4ft,0.05s
4.22.2026 21:03:42,T0,T1,16.1ft,0.05s
4.22.2026 21:03:42,T0,T1,16.6ft,0.05s
4.22.2026 21:03:42,T0,T1,8.9ft,0.05s
4.22.2026 21:03:42,T0,T1,7.3ft,0.05s
4.22.2026 21:03:42,T0,T1,7.3ft,0.05s
4.22.2026 21:03:42,T0,T1,6.1ft,0.05s
4.22.2026 21:03:42,T0,T1,6.1ft,0.05s
4.22.2026 21:03:43,T0,T1,5.8ft,0.05s
4.22.2026 21:03:43,T0,T1,5.5ft,0.05s
4.22.2026 21:03:43,T0,T1,16.0ft,0.05s
4.22.2026 21:03:43,T0,T1,16.1ft,0.05s
4.22.2026 21:03:43,T0,T1,16.1ft,0.05s
4.22.2026 21:03:43,T0,T1,5.8ft,0.05s
4.22.2026 21:03:43,T0,T1,5.8ft,0.05s
4.22.2026 21:03:43,T0,T1,16.6ft,0.05s
4.22.2026 21:03:43,T0,T1,16.2ft,0.05s
4.22.2026 21:03:43,T0,T1,16.1ft,0.05s
4.22.2026 21:03:43,T0,T1,16.1ft,0.05s
4.22.2026 21:03:43,T0,T1,15.7ft,0.05s
4.22.2026 21:03:43,T0,T1,15.3ft,0.05s
4.22.2026 21:03:43,T0,T1,15.3ft,0.05s
4.22.2026 21:03:43,T0,T1,15.2ft,0.05s
4.22.2026 21:03:43,T0,T1,5.3ft,0.05s
4.22.2026 21:03:43,T0,T1,5.2ft,0.05s
4.22.2026 21:03:43,T0,T1,14.9ft,0.05s
4.22.2026 21:03:43,T0,T1,4.9ft,0.05s
4.22.2026 21:03:43,T0,T1,4.7ft,0.05s
4.22.2026 21:03:44,T0,T1,4.7ft,0.05s
4.22.2026 21:03:44,T0,T1,14.5ft,0.05s
4.22.2026 21:03:44,T0,T1,14.6ft,0.05s
4.22.2026 21:03:44,T0,T1,14.6ft,0.05s
4.22.2026 21:03:44,T0,T1,4.3ft,0.05s
4.22.2026 21:03:44,T0,T1,4.6ft,0.05s
4.22.2026 21:03:44,T0,T1,4.6ft,0.05s
4.22.2026 21:03:44,T0,T1,14.4ft,0.05s
4.22.2026 21:03:44,T0,T1,3.8ft,0.05s
4.22.2026 21:03:44,T0,T1,14.7ft,0.05s
4.22.2026 21:03:44,T0,T1,14.7ft,0.05s
4.22.2026 21:03:44,T0,T1,14.7ft,0.05s
4.22.2026 21:03:44,T0,T1,4.1ft,0.05s
4.22.2026 21:03:44,T0,T1,14.3ft,0.05s
4.22.2026 21:03:44,T0,T1,14.2ft,0.05s
4.22.2026 21:03:44,T0,T1,4.6ft,0.05s
4.22.2026 21:03:44,T0,T1,4.7ft,0.05s
4.22.2026 21:03:44,T0,T1,4.7ft,0.05s
4.22.2026 21:03:44,T0,T1,4.7ft,0.05s
4.22.2026 21:03:45,T0,T1,14.2ft,0.05s
4.22.2026 21:03:45,T0,T1,14.2ft,0.05s
4.22.2026 21:03:45,T0,T1,14.2ft,0.05s
4.22.2026 21:03:45,T0,T1,14.1ft,0.05s
4.22.2026 21:03:45,T0,T1,14.1ft,0.05s
4.22.2026 21:03:45,T0,T1,14.1ft,0.05s
4.22.2026 21:03:45,T0,T1,14.1ft,0.05s
4.22.2026 21:03:45,T0,T1,4.9ft,0.05s
4.22.2026 21:03:45,T0,T1,14.0ft,0.05s
4.22.2026 21:03:45,T0,T1,4.9ft,0.05s
4.22.2026 21:03:45,T0,T1,4.9ft,0.05s
4.22.2026 21:03:45,T0,T1,4.9ft,0.05s
4.22.2026 21:03:45,T0,T1,14.0ft,0.05s
4.22.2026 21:03:45,T0,T1,14.0ft,0.05s
4.22.2026 21:03:45,T0,T1,5.0ft,0.05s
4.22.2026 21:03:45,T0,T1,14.0ft,0.05s
4.22.2026 21:03:45,T0,T1,14.2ft,0.05s
4.22.2026 21:03:45,T0,T1,14.2ft,0.05s
4.22.2026 21:03:45,T0,T1,14.2ft,0.05s
4.22.2026 21:03:45,T0,T1,5.2ft,0.05s
4.22.2026 21:03:46,T0,T1,5.2ft,0.05s
4.22.2026 21:03:46,T0,T1,14.2ft,0.05s
4.22.2026 21:03:46,T0,T1,5.0ft,0.05s
4.22.2026 21:03:46,T0,T1,14.2ft,0.05s
4.22.2026 21:03:46,T0,T1,5.5ft,0.05s
4.22.2026 21:03:46,T0,T1,5.7ft,0.05s
4.22.2026 21:03:46,T0,T1,5.6ft,0.05s
4.22.2026 21:03:46,T0,T1,5.6ft,0.05s
4.22.2026 21:03:46,T0,T1,14.3ft,0.05s
4.22.2026 21:03:46,T0,T1,14.2ft,0.05s
4.22.2026 21:03:46,T0,T1,14.2ft,0.05s
4.22.2026 21:03:46,T0,T1,4.8ft,0.05s
4.22.2026 21:03:46,T0,T1,14.1ft,0.05s
4.22.2026 21:03:46,T0,T1,4.9ft,0.05s
4.22.2026 21:03:46,T0,T1,4.9ft,0.05s
4.22.2026 21:03:46,T0,T1,4.9ft,0.05s
4.22.2026 21:03:46,T0,T1,14.1ft,0.05s
4.22.2026 21:03:46,T0,T1,14.1ft,0.05s
4.22.2026 21:03:46,T0,T1,14.1ft,0.05s
4.22.2026 21:03:47,T0,T1,5.0ft,0.05s
4.22.2026 21:03:47,T0,T1,5.0ft,0.05s
4.22.2026 21:03:47,T0,T1,5.0ft,0.05s
4.22.2026 21:03:47,T0,T1,14.1ft,0.05s
4.22.2026 21:03:47,T0,T1,4.9ft,0.05s
4.22.2026 21:03:47,T0,T1,14.0ft,0.05s
4.22.2026 21:03:47,T0,T1,4.9ft,0.05s
4.22.2026 21:03:47,T0,T1,4.9ft,0.05s
4.22.2026 21:03:47,T0,T1,14.0ft,0.05s
4.22.2026 21:03:47,T0,T1,14.0ft,0.05s
4.22.2026 21:03:47,T0,T1,4.9ft,0.05s
4.22.2026 21:03:47,T0,T1,14.0ft,0.05s
4.22.2026 21:03:47,T0,T1,14.0ft,0.05s
4.22.2026 21:03:47,T0,T1,5.0ft,0.05s
4.22.2026 21:03:47,T0,T1,14.0ft,0.05s
4.22.2026 21:03:47,T0,T1,5.0ft,0.05s
4.22.2026 21:03:47,T0,T1,14.0ft,0.05s
4.22.2026 21:03:47,T0,T1,4.6ft,0.05s
4.22.2026 21:03:47,T0,T1,4.6ft,0.05s
4.22.2026 21:03:47,T0,T1,14.1ft,0.05s
4.22.2026 21:03:48,T0,T1,14.1ft,0.05s
4.22.2026 21:03:48,T0,T1,4.8ft,0.05s
4.22.2026 21:03:48,T0,T1,4.8ft,0.05s
4.22.2026 21:03:48,T0,T1,4.8ft,0.05s
4.22.2026 21:03:48,T0,T1,14.1ft,0.05s
4.22.2026 21:03:48,T0,T1,14.1ft,0.05s
4.22.2026 21:03:48,T0,T1,4.8ft,0.05s
4.22.2026 21:03:48,T0,T1,4.8ft,0.05s
4.22.2026 21:03:48,T0,T1,4.8ft,0.05s
4.22.2026 21:03:48,T0,T1,4.5ft,0.05s
4.22.2026 21:03:48,T0,T1,14.2ft,0.05s
4.22.2026 21:03:48,T0,T1,14.2ft,0.05s
4.22.2026 21:03:48,T0,T1,14.2ft,0.05s
4.22.2026 21:03:48,T0,T1,14.3ft,0.05s
4.22.2026 21:03:48,T0,T1,14.3ft,0.05s
4.22.2026 21:03:48,T0,T1,14.2ft,0.05s
4.22.2026 21:03:48,T0,T1,14.3ft,0.05s
4.22.2026 21:03:48,T0,T1,14.3ft,0.05s
4.22.2026 21:03:48,T0,T1,14.3ft,0.05s
4.22.2026 21:03:48,T0,T1,14.2ft,0.05s
