Timestamp,Tag1,Tag2,Distance_ft,Delta_s
4.24.2026 19:51:58,T0,T1,7.3ft,0.01s
4.24.2026 19:51:58,T0,T1,7.3ft,0.05s
4.24.2026 19:51:58,T0,T1,7.3ft,0.05s
4.24.2026 19:51:58,T0,T1,7.4ft,0.05s
4.24.2026 19:51:58,T0,T1,6.6ft,0.05s
4.24.2026 19:51:58,T0,T1,6.0ft,0.05s
4.24.2026 19:51:58,T0,T1,5.5ft,0.05s
4.24.2026 19:51:59,T0,T1,5.8ft,0.05s
4.24.2026 19:51:59,T0,T1,6.0ft,0.05s
4.24.2026 19:51:59,T0,T1,6.2ft,0.05s
4.24.2026 19:51:59,T0,T1,6.4ft,0.05s
4.24.2026 19:51:59,T0,T1,6.5ft,0.05s
4.24.2026 19:51:59,T0,T1,6.6ft,0.06s
4.24.2026 19:51:59,T0,T1,6.7ft,0.05s
4.24.2026 19:51:59,T0,T1,6.8ft,0.05s
4.24.2026 19:51:59,T0,T1,6.9ft,0.05s
4.24.2026 19:51:59,T0,T1,7.0ft,0.05s
4.24.2026 19:51:59,T0,T1,6.3ft,0.05s
4.24.2026 19:51:59,T0,T1,5.7ft,0.05s
4.24.2026 19:51:59,T0,T1,5.3ft,0.05s
4.24.2026 19:51:59,T0,T1,5.1ft,0.05s
4.24.2026 19:51:59,T0,T1,4.8ft,0.05s
4.24.2026 19:51:59,T0,T1,5.1ft,0.05s
4.24.2026 19:51:59,T0,T1,5.4ft,0.05s
4.24.2026 19:51:59,T0,T1,5.6ft,0.05s
4.24.2026 19:51:59,T0,T1,5.9ft,0.05s
4.24.2026 19:52:00,T0,T1,6.1ft,0.05s
4.24.2026 19:52:00,T0,T1,5.6ft,0.05s
4.24.2026 19:52:00,T0,T1,5.3ft,0.05s
4.24.2026 19:52:00,T0,T1,5.0ft,0.05s
4.24.2026 19:52:00,T0,T1,4.8ft,0.05s
4.24.2026 19:52:00,T0,T1,4.7ft,0.05s
4.24.2026 19:52:00,T0,T1,4.6ft,0.05s
4.24.2026 19:52:00,T0,T1,4.5ft,0.05s
4.24.2026 19:52:00,T0,T1,4.5ft,0.05s
4.24.2026 19:52:00,T0,T1,4.5ft,0.05s
4.24.2026 19:52:00,T0,T1,4.4ft,0.05s
4.24.2026 19:52:00,T0,T1,4.4ft,0.05s
4.24.2026 19:52:00,T0,T1,4.4ft,0.05s
4.24.2026 19:52:00,T0,T1,4.4ft,0.05s
4.24.2026 19:52:00,T0,T1,4.5ft,0.05s
4.24.2026 19:52:00,T0,T1,4.5ft,0.05s
4.24.2026 19:52:00,T0,T1,4.5ft,0.05s
4.24.2026 19:52:00,T0,T1,4.5ft,0.05s
4.24.2026 19:52:00,T0,T1,4.5ft,0.05s
4.24.2026 19:52:00,T0,T1,4.5ft,0.05s
4.24.2026 19:52:01,T0,T1,4.5ft,0.05s
4.24.2026 19:52:01,T0,T1,4.5ft,0.05s
4.24.2026 19:52:01,T0,T1,4.5ft,0.05s
4.24.2026 19:52:01,T0,T1,4.5ft,0.05s
4.24.2026 19:52:01,T0,T1,4.5ft,0.05s
4.24.2026 19:52:01,T0,T1,4.5ft,0.05s
4.24.2026 19:52:01,T0,T1,4.5ft,0.05s
4.24.2026 19:52:01,T0,T1,4.5ft,0.05s
4.24.2026 19:52:01,T0,T1,4.5ft,0.05s
4.24.2026 19:52:01,T0,T1,4.5ft,0.05s
4.24.2026 19:52:01,T0,T1,4.5ft,0.05s
4.24.2026 19:52:01,T0,T1,4.5ft,0.05s
4.24.2026 19:52:01,T0,T1,4.5ft,0.05s
4.24.2026 19:52:01,T0,T1,4.5ft,0.05s
4.24.2026 19:52:01,T0,T1,4.5ft,0.05s
4.24.2026 19:52:01,T0,T1,4.6ft,0.05s
4.24.2026 19:52:01,T0,T1,4.9ft,0.05s
4.24.2026 19:52:01,T0,T1,4.7ft,0.05s
4.24.2026 19:52:01,T0,T1,5.0ft,0.05s
4.24.2026 19:52:01,T0,T1,5.2ft,0.05s
4.24.2026 19:52:02,T0,T1,5.0ft,0.05s
4.24.2026 19:52:02,T0,T1,4.8ft,0.05s
4.24.2026 19:52:02,T0,T1,5.1ft,0.05s
4.24.2026 19:52:02,T0,T1,5.3ft,0.05s
4.24.2026 19:52:02,T0,T1,5.1ft,0.05s
4.24.2026 19:52:02,T0,T1,4.9ft,0.05s
4.24.2026 19:52:02,T0,T1,4.7ft,0.05s
4.24.2026 19:52:02,T0,T1,4.6ft,0.05s
4.24.2026 19:52:02,T0,T1,4.5ft,0.05s
4.24.2026 19:52:02,T0,T1,4.5ft,0.05s
4.24.2026 19:52:02,T0,T1,4.5ft,0.05s
4.24.2026 19:52:02,T0,T1,4.4ft,0.05s
4.24.2026 19:52:02,T0,T1,4.4ft,0.05s
4.24.2026 19:52:02,T0,T1,4.4ft,0.05s
4.24.2026 19:52:02,T0,T1,4.4ft,0.05s
4.24.2026 19:52:02,T0,T1,4.4ft,0.05s
4.24.2026 19:52:02,T0,T1,4.4ft,0.05s
4.24.2026 19:52:02,T0,T1,4.4ft,0.05s
4.24.2026 19:52:02,T0,T1,4.4ft,0.05s
4.24.2026 19:52:03,T0,T1,4.4ft,0.05s
4.24.2026 19:52:03,T0,T1,4.4ft,0.05s
4.24.2026 19:52:03,T0,T1,4.4ft,0.05s
4.24.2026 19:52:03,T0,T1,4.5ft,0.05s
4.24.2026 19:52:03,T0,T1,4.5ft,0.05s
4.24.2026 19:52:03,T0,T1,4.5ft,0.05s
4.24.2026 19:52:03,T0,T1,4.4ft,0.05s
4.24.2026 19:52:03,T0,T1,4.6ft,0.05s
4.24.2026 19:52:03,T0,T1,4.8ft,0.05s
4.24.2026 19:52:03,T0,T1,5.1ft,0.05s
4.24.2026 19:52:03,T0,T1,5.3ft,0.05s
4.24.2026 19:52:03,T0,T1,5.0ft,0.05s
4.24.2026 19:52:03,T0,T1,4.8ft,0.05s
4.24.2026 19:52:03,T0,T1,4.7ft,0.05s
4.24.2026 19:52:03,T0,T1,4.6ft,0.05s
4.24.2026 19:52:03,T0,T1,4.5ft,0.05s
4.24.2026 19:52:03,T0,T1,4.5ft,0.05s
4.24.2026 19:52:03,T0,T1,4.7ft,0.05s
4.24.2026 19:52:03,T0,T1,4.6ft,0.05s
4.24.2026 19:52:03,T0,T1,4.5ft,0.05s
4.24.2026 19:52:04,T0,T1,4.5ft,0.05s
4.24.2026 19:52:04,T0,T1,4.5ft,0.05s
4.24.2026 19:52:04,T0,T1,4.5ft,0.05s
4.24.2026 19:52:04,T0,T1,4.5ft,0.05s
4.24.2026 19:52:04,T0,T1,4.5ft,0.05s
4.24.2026 19:52:04,T0,T1,4.5ft,0.05s
4.24.2026 19:52:04,T0,T1,4.5ft,0.05s
4.24.2026 19:52:04,T0,T1,4.5ft,0.05s
4.24.2026 19:52:04,T0,T1,4.7ft,0.05s
4.24.2026 19:52:04,T0,T1,4.6ft,0.05s
4.24.2026 19:52:04,T0,T1,4.6ft,0.05s
4.24.2026 19:52:04,T0,T1,4.5ft,0.05s
4.24.2026 19:52:04,T0,T1,4.5ft,0.05s
4.24.2026 19:52:04,T0,T1,4.5ft,0.05s
4.24.2026 19:52:04,T0,T1,4.5ft,0.05s
4.24.2026 19:52:04,T0,T1,4.5ft,0.05s
4.24.2026 19:52:04,T0,T1,4.5ft,0.05s
4.24.2026 19:52:04,T0,T1,4.5ft,0.05s
4.24.2026 19:52:04,T0,T1,4.5ft,0.05s
4.24.2026 19:52:04,T0,T1,4.5ft,0.05s
4.24.2026 19:52:05,T0,T1,4.5ft,0.05s
4.24.2026 19:52:05,T0,T1,4.5ft,0.05s
4.24.2026 19:52:05,T0,T1,4.5ft,0.05s
4.24.2026 19:52:05,T0,T1,4.5ft,0.06s
4.24.2026 19:52:05,T0,T1,4.5ft,0.05s
4.24.2026 19:52:05,T0,T1,4.5ft,0.05s
4.24.2026 19:52:05,T0,T1,4.4ft,0.05s
4.24.2026 19:52:05,T0,T1,4.6ft,0.05s
4.24.2026 19:52:05,T0,T1,4.8ft,0.05s
4.24.2026 19:52:05,T0,T1,4.7ft,0.05s
4.24.2026 19:52:05,T0,T1,4.6ft,0.05s
4.24.2026 19:52:05,T0,T1,4.5ft,0.05s
4.24.2026 19:52:05,T0,T1,4.5ft,0.05s
4.24.2026 19:52:05,T0,T1,4.5ft,0.05s
4.24.2026 19:52:05,T0,T1,4.4ft,0.05s
4.24.2026 19:52:05,T0,T1,4.4ft,0.05s
4.24.2026 19:52:05,T0,T1,4.4ft,0.05s
4.24.2026 19:52:05,T0,T1,4.4ft,0.05s
4.24.2026 19:52:05,T0,T1,4.4ft,0.05s
4.24.2026 19:52:06,T0,T1,4.4ft,0.05s
4.24.2026 19:52:06,T0,T1,4.5ft,0.05s
4.24.2026 19:52:06,T0,T1,4.5ft,0.05s
4.24.2026 19:52:06,T0,T1,4.5ft,0.05s
4.24.2026 19:52:06,T0,T1,4.5ft,0.05s
4.24.2026 19:52:06,T0,T1,4.5ft,0.05s
4.24.2026 19:52:06,T0,T1,4.5ft,0.05s
4.24.2026 19:52:06,T0,T1,4.5ft,0.05s
4.24.2026 19:52:06,T0,T1,4.5ft,0.05s
4.24.2026 19:52:06,T0,T1,4.5ft,0.05s
4.24.2026 19:52:06,T0,T1,4.5ft,0.05s
4.24.2026 19:52:06,T0,T1,4.5ft,0.05s
4.24.2026 19:52:06,T0,T1,4.4ft,0.05s
4.24.2026 19:52:06,T0,T1,4.6ft,0.05s
4.24.2026 19:52:06,T0,T1,4.5ft,0.05s
4.24.2026 19:52:06,T0,T1,4.5ft,0.05s
4.24.2026 19:52:06,T0,T1,4.4ft,0.05s
4.24.2026 19:52:06,T0,T1,4.4ft,0.05s
4.24.2026 19:52:06,T0,T1,4.4ft,0.05s
4.24.2026 19:52:06,T0,T1,4.4ft,0.05s
4.24.2026 19:52:07,T0,T1,4.4ft,0.05s
4.24.2026 19:52:07,T0,T1,4.4ft,0.05s
4.24.2026 19:52:07,T0,T1,4.4ft,0.05s
4.24.2026 19:52:07,T0,T1,4.4ft,0.05s
4.24.2026 19:52:07,T0,T1,4.5ft,0.05s
4.24.2026 19:52:07,T0,T1,4.5ft,0.05s
4.24.2026 19:52:07,T0,T1,4.5ft,0.05s
4.24.2026 19:52:07,T0,T1,4.4ft,0.05s
4.24.2026 19:52:07,T0,T1,4.4ft,0.05s
4.24.2026 19:52:07,T0,T1,4.4ft,0.05s
4.24.2026 19:52:07,T0,T1,4.4ft,0.05s
4.24.2026 19:52:07,T0,T1,4.5ft,0.05s
4.24.2026 19:52:07,T0,T1,4.5ft,0.05s
4.24.2026 19:52:07,T0,T1,4.5ft,0.05s
4.24.2026 19:52:07,T0,T1,4.5ft,0.05s
4.24.2026 19:52:07,T0,T1,4.5ft,0.05s
4.24.2026 19:52:07,T0,T1,4.5ft,0.05s
4.24.2026 19:52:07,T0,T1,4.5ft,0.05s
4.24.2026 19:52:07,T0,T1,4.6ft,0.05s
4.24.2026 19:52:08,T0,T1,4.6ft,0.05s
4.24.2026 19:52:08,T0,T1,4.5ft,0.05s
4.24.2026 19:52:08,T0,T1,4.5ft,0.05s
4.24.2026 19:52:08,T0,T1,4.5ft,0.05s
4.24.2026 19:52:08,T0,T1,4.5ft,0.05s
4.24.2026 19:52:08,T0,T1,4.5ft,0.05s
4.24.2026 19:52:08,T0,T1,4.5ft,0.05s
4.24.2026 19:52:08,T0,T1,4.5ft,0.05s
4.24.2026 19:52:08,T0,T1,4.5ft,0.05s
4.24.2026 19:52:08,T0,T1,4.5ft,0.05s
4.24.2026 19:52:08,T0,T1,4.5ft,0.05s
4.24.2026 19:52:08,T0,T1,4.5ft,0.05s
4.24.2026 19:52:08,T0,T1,4.5ft,0.05s
4.24.2026 19:52:08,T0,T1,4.5ft,0.05s
4.24.2026 19:52:08,T0,T1,4.5ft,0.05s
4.24.2026 19:52:08,T0,T1,4.5ft,0.05s
4.24.2026 19:52:08,T0,T1,4.5ft,0.05s
4.24.2026 19:52:08,T0,T1,4.5ft,0.05s
4.24.2026 19:52:08,T0,T1,4.5ft,0.05s
4.24.2026 19:52:08,T0,T1,4.5ft,0.05s
4.24.2026 19:52:09,T0,T1,4.5ft,0.05s
4.24.2026 19:52:09,T0,T1,4.5ft,0.05s
4.24.2026 19:52:09,T0,T1,4.5ft,0.05s
4.24.2026 19:52:09,T0,T1,4.6ft,0.05s
4.24.2026 19:52:09,T0,T1,4.9ft,0.05s
4.24.2026 19:52:09,T0,T1,5.1ft,0.05s
4.24.2026 19:52:09,T0,T1,4.9ft,0.05s
4.24.2026 19:52:09,T0,T1,4.8ft,0.05s
4.24.2026 19:52:09,T0,T1,5.0ft,0.05s
4.24.2026 19:52:09,T0,T1,5.3ft,0.05s
4.24.2026 19:52:09,T0,T1,5.5ft,0.05s
4.24.2026 19:52:09,T0,T1,5.8ft,0.05s
4.24.2026 19:52:09,T0,T1,5.4ft,0.05s
4.24.2026 19:52:09,T0,T1,5.1ft,0.05s
4.24.2026 19:52:09,T0,T1,4.9ft,0.05s
4.24.2026 19:52:09,T0,T1,4.7ft,0.05s
4.24.2026 19:52:09,T0,T1,5.0ft,0.05s
4.24.2026 19:52:09,T0,T1,5.2ft,0.05s
4.24.2026 19:52:09,T0,T1,5.5ft,0.05s
4.24.2026 19:52:09,T0,T1,5.2ft,0.05s
4.24.2026 19:52:10,T0,T1,4.9ft,0.05s
4.24.2026 19:52:10,T0,T1,4.8ft,0.05s
4.24.2026 19:52:10,T0,T1,4.7ft,0.05s
4.24.2026 19:52:10,T0,T1,4.6ft,0.05s
4.24.2026 19:52:10,T0,T1,4.5ft,0.05s
4.24.2026 19:52:10,T0,T1,4.5ft,0.05s
4.24.2026 19:52:10,T0,T1,4.5ft,0.05s
4.24.2026 19:52:10,T0,T1,4.5ft,0.05s
4.24.2026 19:52:10,T0,T1,4.5ft,0.05s
4.24.2026 19:52:10,T0,T1,4.4ft,0.05s
4.24.2026 19:52:10,T0,T1,4.4ft,0.05s
4.24.2026 19:52:10,T0,T1,4.4ft,0.05s
4.24.2026 19:52:10,T0,T1,4.4ft,0.05s
4.24.2026 19:52:10,T0,T1,4.4ft,0.05s
4.24.2026 19:52:10,T0,T1,4.4ft,0.05s
4.24.2026 19:52:10,T0,T1,4.5ft,0.05s
4.24.2026 19:52:10,T0,T1,4.5ft,0.05s
4.24.2026 19:52:10,T0,T1,4.5ft,0.05s
4.24.2026 19:52:10,T0,T1,4.5ft,0.05s
4.24.2026 19:52:11,T0,T1,4.5ft,0.05s
4.24.2026 19:52:11,T0,T1,4.5ft,0.05s
4.24.2026 19:52:11,T0,T1,4.5ft,0.05s
4.24.2026 19:52:11,T0,T1,4.5ft,0.05s
4.24.2026 19:52:11,T0,T1,4.5ft,0.05s
4.24.2026 19:52:11,T0,T1,4.5ft,0.05s
4.24.2026 19:52:11,T0,T1,4.5ft,0.05s
4.24.2026 19:52:11,T0,T1,4.5ft,0.06s
4.24.2026 19:52:11,T0,T1,4.5ft,0.05s
4.24.2026 19:52:11,T0,T1,4.5ft,0.05s
4.24.2026 19:52:11,T0,T1,4.5ft,0.05s
4.24.2026 19:52:11,T0,T1,4.5ft,0.05s
4.24.2026 19:52:11,T0,T1,4.5ft,0.05s
4.24.2026 19:52:11,T0,T1,4.5ft,0.05s
4.24.2026 19:52:11,T0,T1,4.7ft,0.05s
4.24.2026 19:52:11,T0,T1,4.6ft,0.05s
4.24.2026 19:52:11,T0,T1,4.9ft,0.05s
4.24.2026 19:52:11,T0,T1,5.3ft,0.05s
4.24.2026 19:52:11,T0,T1,5.6ft,0.05s
4.24.2026 19:52:11,T0,T1,5.9ft,0.05s
4.24.2026 19:52:12,T0,T1,5.4ft,0.05s
4.24.2026 19:52:12,T0,T1,5.0ft,0.05s
4.24.2026 19:52:12,T0,T1,4.7ft,0.05s
4.24.2026 19:52:12,T0,T1,5.1ft,0.05s
4.24.2026 19:52:12,T0,T1,5.5ft,0.05s
4.24.2026 19:52:12,T0,T1,5.8ft,0.05s
4.24.2026 19:52:12,T0,T1,6.1ft,0.05s
4.24.2026 19:52:12,T0,T1,5.5ft,0.05s
4.24.2026 19:52:12,T0,T1,5.1ft,0.05s
4.24.2026 19:52:12,T0,T1,4.8ft,0.05s
4.24.2026 19:52:12,T0,T1,4.7ft,0.05s
4.24.2026 19:52:12,T0,T1,4.6ft,0.05s
4.24.2026 19:52:12,T0,T1,4.5ft,0.05s
4.24.2026 19:52:12,T0,T1,4.7ft,0.05s
4.24.2026 19:52:12,T0,T1,5.1ft,0.05s
4.24.2026 19:52:12,T0,T1,5.4ft,0.05s
4.24.2026 19:52:12,T0,T1,5.1ft,0.05s
4.24.2026 19:52:12,T0,T1,4.8ft,0.05s
4.24.2026 19:52:12,T0,T1,5.2ft,0.05s
4.24.2026 19:52:12,T0,T1,5.5ft,0.05s
4.24.2026 19:52:13,T0,T1,5.1ft,0.05s
4.24.2026 19:52:13,T0,T1,4.9ft,0.05s
4.24.2026 19:52:13,T0,T1,4.7ft,0.05s
4.24.2026 19:52:13,T0,T1,4.6ft,0.05s
4.24.2026 19:52:13,T0,T1,4.5ft,0.05s
4.24.2026 19:52:13,T0,T1,4.5ft,0.05s
4.24.2026 19:52:13,T0,T1,4.5ft,0.05s
4.24.2026 19:52:13,T0,T1,4.4ft,0.05s
4.24.2026 19:52:13,T0,T1,4.6ft,0.05s
4.24.2026 19:52:13,T0,T1,4.9ft,0.05s
4.24.2026 19:52:13,T0,T1,5.2ft,0.05s
4.24.2026 19:52:13,T0,T1,4.9ft,0.05s
4.24.2026 19:52:13,T0,T1,4.7ft,0.05s
4.24.2026 19:52:13,T0,T1,4.6ft,0.05s
4.24.2026 19:52:13,T0,T1,4.5ft,0.05s
4.24.2026 19:52:13,T0,T1,4.5ft,0.05s
4.24.2026 19:52:13,T0,T1,4.4ft,0.05s
4.24.2026 19:52:13,T0,T1,4.4ft,0.05s
4.24.2026 19:52:13,T0,T1,4.4ft,0.05s
4.24.2026 19:52:14,T0,T1,4.4ft,0.05s
4.24.2026 19:52:14,T0,T1,4.4ft,0.05s
4.24.2026 19:52:14,T0,T1,4.4ft,0.05s
4.24.2026 19:52:14,T0,T1,4.4ft,0.05s
4.24.2026 19:52:14,T0,T1,4.4ft,0.05s
4.24.2026 19:52:14,T0,T1,4.5ft,0.05s
4.24.2026 19:52:14,T0,T1,4.5ft,0.05s
4.24.2026 19:52:14,T0,T1,4.5ft,0.05s
4.24.2026 19:52:14,T0,T1,4.5ft,0.05s
4.24.2026 19:52:14,T0,T1,4.5ft,0.05s
4.24.2026 19:52:14,T0,T1,4.5ft,0.05s
4.24.2026 19:52:14,T0,T1,4.5ft,0.05s
4.24.2026 19:52:14,T0,T1,4.5ft,0.05s
4.24.2026 19:52:14,T0,T1,4.5ft,0.05s
4.24.2026 19:52:14,T0,T1,4.4ft,0.05s
4.24.2026 19:52:14,T0,T1,4.4ft,0.05s
4.24.2026 19:52:14,T0,T1,4.4ft,0.05s
4.24.2026 19:52:14,T0,T1,4.4ft,0.05s
4.24.2026 19:52:14,T0,T1,4.4ft,0.05s
4.24.2026 19:52:14,T0,T1,4.4ft,0.05s
4.24.2026 19:52:15,T0,T1,4.5ft,0.05s
4.24.2026 19:52:15,T0,T1,4.5ft,0.05s
4.24.2026 19:52:15,T0,T1,4.5ft,0.05s
4.24.2026 19:52:15,T0,T1,4.5ft,0.05s
4.24.2026 19:52:15,T0,T1,4.5ft,0.05s
4.24.2026 19:52:15,T0,T1,4.5ft,0.05s
4.24.2026 19:52:15,T0,T1,4.5ft,0.05s
4.24.2026 19:52:15,T0,T1,4.5ft,0.05s
4.24.2026 19:52:15,T0,T1,4.5ft,0.05s
4.24.2026 19:52:15,T0,T1,4.5ft,0.05s
4.24.2026 19:52:15,T0,T1,4.5ft,0.05s
4.24.2026 19:52:15,T0,T1,4.5ft,0.05s
4.24.2026 19:52:15,T0,T1,4.5ft,0.05s
4.24.2026 19:52:15,T0,T1,4.5ft,0.05s
4.24.2026 19:52:15,T0,T1,4.5ft,0.05s
4.24.2026 19:52:15,T0,T1,4.5ft,0.05s
4.24.2026 19:52:15,T0,T1,4.5ft,0.05s
4.24.2026 19:52:15,T0,T1,4.5ft,0.05s
4.24.2026 19:52:15,T0,T1,4.5ft,0.05s
4.24.2026 19:52:16,T0,T1,4.5ft,0.05s
4.24.2026 19:52:16,T0,T1,4.5ft,0.05s
4.24.2026 19:52:16,T0,T1,4.5ft,0.05s
4.24.2026 19:52:16,T0,T1,4.5ft,0.05s
4.24.2026 19:52:16,T0,T1,4.5ft,0.05s
4.24.2026 19:52:16,T0,T1,4.5ft,0.05s
4.24.2026 19:52:16,T0,T1,4.5ft,0.05s
4.24.2026 19:52:16,T0,T1,4.5ft,0.05s
4.24.2026 19:52:16,T0,T1,4.5ft,0.05s
4.24.2026 19:52:16,T0,T1,4.5ft,0.05s
4.24.2026 19:52:16,T0,T1,4.5ft,0.05s
4.24.2026 19:52:16,T0,T1,4.5ft,0.05s
4.24.2026 19:52:16,T0,T1,4.5ft,0.05s
4.24.2026 19:52:16,T0,T1,4.5ft,0.05s
4.24.2026 19:52:16,T0,T1,4.5ft,0.05s
4.24.2026 19:52:16,T0,T1,4.5ft,0.05s
4.24.2026 19:52:16,T0,T1,4.5ft,0.05s
4.24.2026 19:52:16,T0,T1,4.5ft,0.05s
4.24.2026 19:52:16,T0,T1,4.5ft,0.05s
4.24.2026 19:52:16,T0,T1,4.5ft,0.05s
4.24.2026 19:52:17,T0,T1,4.5ft,0.05s
4.24.2026 19:52:17,T0,T1,4.5ft,0.05s
4.24.2026 19:52:17,T0,T1,4.5ft,0.05s
4.24.2026 19:52:17,T0,T1,4.5ft,0.05s
4.24.2026 19:52:17,T0,T1,4.5ft,0.05s
4.24.2026 19:52:17,T0,T1,4.5ft,0.05s
4.24.2026 19:52:17,T0,T1,4.5ft,0.05s
4.24.2026 19:52:17,T0,T1,4.5ft,0.05s
4.24.2026 19:52:17,T0,T1,4.5ft,0.05s
4.24.2026 19:52:17,T0,T1,4.5ft,0.05s
4.24.2026 19:52:17,T0,T1,4.5ft,0.05s
4.24.2026 19:52:17,T0,T1,4.5ft,0.05s
4.24.2026 19:52:17,T0,T1,4.5ft,0.05s
4.24.2026 19:52:17,T0,T1,4.5ft,0.05s
4.24.2026 19:52:17,T0,T1,4.5ft,0.05s
4.24.2026 19:52:17,T0,T1,4.5ft,0.05s
4.24.2026 19:52:17,T0,T1,4.5ft,0.05s
4.24.2026 19:52:17,T0,T1,4.5ft,0.05s
4.24.2026 19:52:17,T0,T1,4.5ft,0.05s
4.24.2026 19:52:17,T0,T1,4.5ft,0.05s
4.24.2026 19:52:18,T0,T1,4.6ft,0.05s
4.24.2026 19:52:18,T0,T1,4.6ft,0.05s
4.24.2026 19:52:18,T0,T1,4.6ft,0.05s
4.24.2026 19:52:18,T0,T1,4.6ft,0.05s
4.24.2026 19:52:18,T0,T1,4.6ft,0.05s
4.24.2026 19:52:18,T0,T1,4.5ft,0.05s
4.24.2026 19:52:18,T0,T1,4.5ft,0.05s
4.24.2026 19:52:18,T0,T1,4.5ft,0.05s
4.24.2026 19:52:18,T0,T1,4.5ft,0.05s
4.24.2026 19:52:18,T0,T1,4.5ft,0.05s
4.24.2026 19:52:18,T0,T1,4.5ft,0.05s
4.24.2026 19:52:18,T0,T1,4.5ft,0.05s
4.24.2026 19:52:18,T0,T1,4.6ft,0.05s
4.24.2026 19:52:18,T0,T1,4.5ft,0.05s
4.24.2026 19:52:18,T0,T1,4.5ft,0.05s
4.24.2026 19:52:18,T0,T1,4.7ft,0.05s
4.24.2026 19:52:18,T0,T1,4.6ft,0.05s
4.24.2026 19:52:18,T0,T1,4.5ft,0.05s
4.24.2026 19:52:18,T0,T1,4.7ft,0.06s
4.24.2026 19:52:19,T0,T1,5.0ft,0.05s
4.24.2026 19:52:19,T0,T1,5.3ft,0.05s
4.24.2026 19:52:19,T0,T1,5.5ft,0.05s
4.24.2026 19:52:19,T0,T1,5.2ft,0.05s
4.24.2026 19:52:19,T0,T1,5.0ft,0.05s
4.24.2026 19:52:19,T0,T1,4.8ft,0.05s
4.24.2026 19:52:19,T0,T1,4.7ft,0.05s
4.24.2026 19:52:19,T0,T1,4.6ft,0.05s
4.24.2026 19:52:19,T0,T1,4.5ft,0.05s
4.24.2026 19:52:19,T0,T1,4.5ft,0.05s
4.24.2026 19:52:19,T0,T1,4.5ft,0.05s
4.24.2026 19:52:19,T0,T1,4.5ft,0.05s
4.24.2026 19:52:19,T0,T1,4.5ft,0.05s
4.24.2026 19:52:19,T0,T1,4.5ft,0.05s
4.24.2026 19:52:19,T0,T1,4.5ft,0.05s
4.24.2026 19:52:19,T0,T1,4.5ft,0.05s
4.24.2026 19:52:19,T0,T1,4.7ft,0.05s
4.24.2026 19:52:19,T0,T1,4.6ft,0.05s
4.24.2026 19:52:19,T0,T1,4.6ft,0.05s
4.24.2026 19:52:19,T0,T1,4.5ft,0.05s
4.24.2026 19:52:20,T0,T1,4.5ft,0.05s
4.24.2026 19:52:20,T0,T1,4.5ft,0.05s
4.24.2026 19:52:20,T0,T1,4.5ft,0.05s
4.24.2026 19:52:20,T0,T1,4.5ft,0.05s
4.24.2026 19:52:20,T0,T1,4.5ft,0.05s
4.24.2026 19:52:20,T0,T1,4.5ft,0.05s
4.24.2026 19:52:20,T0,T1,4.5ft,0.05s
4.24.2026 19:52:20,T0,T1,4.5ft,0.05s
4.24.2026 19:52:20,T0,T1,4.5ft,0.05s
4.24.2026 19:52:20,T0,T1,4.5ft,0.05s
4.24.2026 19:52:20,T0,T1,4.5ft,0.05s
4.24.2026 19:52:20,T0,T1,4.5ft,0.05s
4.24.2026 19:52:20,T0,T1,4.5ft,0.05s
4.24.2026 19:52:20,T0,T1,4.5ft,0.05s
4.24.2026 19:52:20,T0,T1,4.5ft,0.05s
4.24.2026 19:52:20,T0,T1,4.5ft,0.05s
4.24.2026 19:52:20,T0,T1,4.5ft,0.05s
4.24.2026 19:52:20,T0,T1,4.5ft,0.05s
4.24.2026 19:52:20,T0,T1,4.5ft,0.05s
4.24.2026 19:52:21,T0,T1,4.5ft,0.05s
4.24.2026 19:52:21,T0,T1,4.5ft,0.05s
4.24.2026 19:52:21,T0,T1,4.5ft,0.05s
4.24.2026 19:52:21,T0,T1,4.5ft,0.05s
4.24.2026 19:52:21,T0,T1,4.5ft,0.05s
4.24.2026 19:52:21,T0,T1,4.5ft,0.05s
4.24.2026 19:52:21,T0,T1,4.5ft,0.05s
4.24.2026 19:52:21,T0,T1,4.5ft,0.05s
4.24.2026 19:52:21,T0,T1,4.5ft,0.05s
4.24.2026 19:52:21,T0,T1,4.5ft,0.05s
4.24.2026 19:52:21,T0,T1,4.5ft,0.05s
4.24.2026 19:52:21,T0,T1,4.5ft,0.05s
4.24.2026 19:52:21,T0,T1,4.5ft,0.05s
4.24.2026 19:52:21,T0,T1,4.5ft,0.05s
4.24.2026 19:52:21,T0,T1,4.5ft,0.05s
4.24.2026 19:52:21,T0,T1,4.5ft,0.05s
4.24.2026 19:52:21,T0,T1,4.5ft,0.05s
4.24.2026 19:52:21,T0,T1,4.5ft,0.05s
4.24.2026 19:52:21,T0,T1,4.5ft,0.05s
4.24.2026 19:52:21,T0,T1,4.5ft,0.05s
4.24.2026 19:52:22,T0,T1,4.5ft,0.05s
4.24.2026 19:52:22,T0,T1,4.5ft,0.05s
4.24.2026 19:52:22,T0,T1,4.5ft,0.05s
4.24.2026 19:52:22,T0,T1,4.5ft,0.05s
4.24.2026 19:52:22,T0,T1,4.5ft,0.05s
4.24.2026 19:52:22,T0,T1,4.5ft,0.05s
4.24.2026 19:52:22,T0,T1,4.5ft,0.05s
4.24.2026 19:52:22,T0,T1,4.5ft,0.05s
4.24.2026 19:52:22,T0,T1,4.5ft,0.05s
4.24.2026 19:52:22,T0,T1,4.5ft,0.05s
4.24.2026 19:52:22,T0,T1,4.5ft,0.05s
4.24.2026 19:52:22,T0,T1,4.4ft,0.05s
4.24.2026 19:52:22,T0,T1,4.6ft,0.05s
4.24.2026 19:52:22,T0,T1,4.8ft,0.05s
4.24.2026 19:52:22,T0,T1,5.1ft,0.05s
4.24.2026 19:52:22,T0,T1,5.4ft,0.05s
4.24.2026 19:52:22,T0,T1,5.1ft,0.05s
4.24.2026 19:52:22,T0,T1,4.9ft,0.05s
4.24.2026 19:52:22,T0,T1,4.7ft,0.05s
4.24.2026 19:52:22,T0,T1,4.6ft,0.05s
4.24.2026 19:52:23,T0,T1,4.5ft,0.05s
4.24.2026 19:52:23,T0,T1,4.5ft,0.05s
4.24.2026 19:52:23,T0,T1,4.4ft,0.05s
4.24.2026 19:52:23,T0,T1,4.4ft,0.05s
4.24.2026 19:52:23,T0,T1,4.4ft,0.05s
4.24.2026 19:52:23,T0,T1,4.4ft,0.05s
4.24.2026 19:52:23,T0,T1,4.4ft,0.05s
4.24.2026 19:52:23,T0,T1,4.4ft,0.05s
4.24.2026 19:52:23,T0,T1,4.4ft,0.06s
4.24.2026 19:52:23,T0,T1,4.4ft,0.05s
4.24.2026 19:52:23,T0,T1,4.4ft,0.05s
4.24.2026 19:52:23,T0,T1,4.4ft,0.05s
4.24.2026 19:52:23,T0,T1,4.4ft,0.05s
4.24.2026 19:52:23,T0,T1,4.4ft,0.05s
4.24.2026 19:52:23,T0,T1,4.4ft,0.05s
4.24.2026 19:52:23,T0,T1,4.5ft,0.05s
4.24.2026 19:52:23,T0,T1,4.4ft,0.05s
4.24.2026 19:52:23,T0,T1,4.6ft,0.05s
4.24.2026 19:52:23,T0,T1,4.8ft,0.05s
4.24.2026 19:52:24,T0,T1,4.7ft,0.05s
4.24.2026 19:52:24,T0,T1,4.6ft,0.05s
4.24.2026 19:52:24,T0,T1,4.8ft,0.05s
4.24.2026 19:52:24,T0,T1,5.1ft,0.05s
4.24.2026 19:52:24,T0,T1,4.9ft,0.05s
4.24.2026 19:52:24,T0,T1,4.7ft,0.05s
4.24.2026 19:52:24,T0,T1,4.6ft,0.05s
4.24.2026 19:52:24,T0,T1,4.5ft,0.05s
4.24.2026 19:52:24,T0,T1,4.5ft,0.05s
4.24.2026 19:52:24,T0,T1,4.4ft,0.05s
4.24.2026 19:52:24,T0,T1,4.4ft,0.05s
4.24.2026 19:52:24,T0,T1,4.4ft,0.05s
4.24.2026 19:52:24,T0,T1,4.4ft,0.05s
4.24.2026 19:52:24,T0,T1,4.4ft,0.05s
4.24.2026 19:52:24,T0,T1,4.4ft,0.05s
4.24.2026 19:52:24,T0,T1,4.4ft,0.05s
4.24.2026 19:52:24,T0,T1,4.4ft,0.05s
4.24.2026 19:52:24,T0,T1,4.4ft,0.05s
4.24.2026 19:52:24,T0,T1,4.4ft,0.05s
4.24.2026 19:52:24,T0,T1,4.4ft,0.05s
4.24.2026 19:52:25,T0,T1,4.6ft,0.05s
4.24.2026 19:52:25,T0,T1,4.9ft,0.05s
4.24.2026 19:52:25,T0,T1,4.7ft,0.05s
4.24.2026 19:52:25,T0,T1,4.6ft,0.05s
4.24.2026 19:52:25,T0,T1,4.5ft,0.05s
4.24.2026 19:52:25,T0,T1,4.5ft,0.05s
4.24.2026 19:52:25,T0,T1,4.4ft,0.05s
4.24.2026 19:52:25,T0,T1,4.4ft,0.05s
4.24.2026 19:52:25,T0,T1,4.4ft,0.05s
4.24.2026 19:52:25,T0,T1,4.4ft,0.05s
4.24.2026 19:52:25,T0,T1,4.4ft,0.05s
4.24.2026 19:52:25,T0,T1,4.4ft,0.05s
4.24.2026 19:52:25,T0,T1,4.4ft,0.05s
4.24.2026 19:52:25,T0,T1,4.4ft,0.05s
4.24.2026 19:52:25,T0,T1,4.4ft,0.05s
4.24.2026 19:52:25,T0,T1,4.4ft,0.05s
4.24.2026 19:52:25,T0,T1,4.4ft,0.05s
4.24.2026 19:52:25,T0,T1,4.4ft,0.05s
4.24.2026 19:52:25,T0,T1,4.5ft,0.05s
4.24.2026 19:52:25,T0,T1,4.5ft,0.05s
4.24.2026 19:52:26,T0,T1,4.5ft,0.05s
4.24.2026 19:52:26,T0,T1,4.5ft,0.05s
4.24.2026 19:52:26,T0,T1,4.5ft,0.05s
4.24.2026 19:52:26,T0,T1,4.5ft,0.05s
4.24.2026 19:52:26,T0,T1,4.5ft,0.05s
4.24.2026 19:52:26,T0,T1,4.5ft,0.05s
4.24.2026 19:52:26,T0,T1,4.5ft,0.05s
4.24.2026 19:52:26,T0,T1,4.5ft,0.05s
4.24.2026 19:52:26,T0,T1,4.4ft,0.05s
4.24.2026 19:52:26,T0,T1,4.6ft,0.05s
4.24.2026 19:52:26,T0,T1,4.8ft,0.05s
4.24.2026 19:52:26,T0,T1,4.7ft,0.05s
4.24.2026 19:52:26,T0,T1,4.6ft,0.05s
4.24.2026 19:52:26,T0,T1,4.5ft,0.05s
4.24.2026 19:52:26,T0,T1,4.5ft,0.05s
4.24.2026 19:52:26,T0,T1,4.4ft,0.05s
4.24.2026 19:52:26,T0,T1,4.4ft,0.05s
4.24.2026 19:52:26,T0,T1,4.4ft,0.05s
4.24.2026 19:52:26,T0,T1,4.5ft,0.05s
4.24.2026 19:52:27,T0,T1,4.8ft,0.05s
4.24.2026 19:52:27,T0,T1,5.0ft,0.05s
4.24.2026 19:52:27,T0,T1,5.3ft,0.05s
4.24.2026 19:52:27,T0,T1,5.6ft,0.05s
4.24.2026 19:52:27,T0,T1,5.8ft,0.05s
4.24.2026 19:52:27,T0,T1,6.0ft,0.05s
4.24.2026 19:52:27,T0,T1,6.2ft,0.05s
4.24.2026 19:52:27,T0,T1,6.4ft,0.05s
4.24.2026 19:52:27,T0,T1,6.5ft,0.05s
4.24.2026 19:52:27,T0,T1,5.9ft,0.05s
4.24.2026 19:52:27,T0,T1,6.1ft,0.05s
4.24.2026 19:52:27,T0,T1,6.3ft,0.05s
4.24.2026 19:52:27,T0,T1,5.8ft,0.05s
4.24.2026 19:52:27,T0,T1,5.4ft,0.05s
4.24.2026 19:52:27,T0,T1,5.1ft,0.05s
4.24.2026 19:52:27,T0,T1,4.9ft,0.05s
4.24.2026 19:52:27,T0,T1,4.7ft,0.05s
4.24.2026 19:52:27,T0,T1,4.6ft,0.05s
4.24.2026 19:52:27,T0,T1,4.5ft,0.05s
4.24.2026 19:52:27,T0,T1,4.5ft,0.05s
4.24.2026 19:52:28,T0,T1,4.4ft,0.05s
4.24.2026 19:52:28,T0,T1,4.4ft,0.05s
4.24.2026 19:52:28,T0,T1,4.4ft,0.05s
4.24.2026 19:52:28,T0,T1,4.4ft,0.05s
4.24.2026 19:52:28,T0,T1,4.4ft,0.05s
4.24.2026 19:52:28,T0,T1,4.4ft,0.05s
4.24.2026 19:52:28,T0,T1,4.4ft,0.05s
4.24.2026 19:52:28,T0,T1,4.5ft,0.05s
4.24.2026 19:52:28,T0,T1,4.6ft,0.05s
4.24.2026 19:52:28,T0,T1,4.9ft,0.05s
4.24.2026 19:52:28,T0,T1,4.7ft,0.05s
4.24.2026 19:52:28,T0,T1,4.6ft,0.05s
4.24.2026 19:52:28,T0,T1,4.5ft,0.05s
4.24.2026 19:52:28,T0,T1,4.5ft,0.05s
4.24.2026 19:52:28,T0,T1,4.4ft,0.05s
4.24.2026 19:52:28,T0,T1,4.4ft,0.05s
4.24.2026 19:52:28,T0,T1,4.4ft,0.05s
4.24.2026 19:52:28,T0,T1,4.4ft,0.05s
4.24.2026 19:52:28,T0,T1,4.4ft,0.05s
4.24.2026 19:52:29,T0,T1,4.4ft,0.05s
4.24.2026 19:52:29,T0,T1,4.4ft,0.05s
4.24.2026 19:52:29,T0,T1,4.5ft,0.05s
4.24.2026 19:52:29,T0,T1,4.7ft,0.05s
4.24.2026 19:52:29,T0,T1,5.0ft,0.05s
4.24.2026 19:52:29,T0,T1,4.8ft,0.05s
4.24.2026 19:52:29,T0,T1,4.7ft,0.05s
4.24.2026 19:52:29,T0,T1,4.6ft,0.05s
4.24.2026 19:52:29,T0,T1,4.5ft,0.05s
4.24.2026 19:52:29,T0,T1,4.5ft,0.05s
4.24.2026 19:52:29,T0,T1,4.5ft,0.05s
4.24.2026 19:52:29,T0,T1,4.5ft,0.05s
4.24.2026 19:52:29,T0,T1,4.5ft,0.05s
4.24.2026 19:52:29,T0,T1,4.5ft,0.05s
4.24.2026 19:52:29,T0,T1,4.5ft,0.05s
4.24.2026 19:52:29,T0,T1,4.5ft,0.05s
4.24.2026 19:52:29,T0,T1,4.5ft,0.05s
4.24.2026 19:52:29,T0,T1,4.5ft,0.05s
4.24.2026 19:52:29,T0,T1,4.5ft,0.05s
4.24.2026 19:52:29,T0,T1,4.5ft,0.05s
4.24.2026 19:52:30,T0,T1,4.5ft,0.05s
4.24.2026 19:52:30,T0,T1,4.5ft,0.05s
4.24.2026 19:52:30,T0,T1,4.5ft,0.05s
4.24.2026 19:52:30,T0,T1,4.5ft,0.05s
4.24.2026 19:52:30,T0,T1,4.5ft,0.05s
4.24.2026 19:52:30,T0,T1,4.5ft,0.05s
4.24.2026 19:52:30,T0,T1,4.5ft,0.05s
4.24.2026 19:52:30,T0,T1,4.5ft,0.05s
4.24.2026 19:52:30,T0,T1,4.5ft,0.05s
4.24.2026 19:52:30,T0,T1,4.5ft,0.05s
4.24.2026 19:52:30,T0,T1,4.5ft,0.05s
4.24.2026 19:52:30,T0,T1,4.5ft,0.05s
4.24.2026 19:52:30,T0,T1,4.5ft,0.05s
4.24.2026 19:52:30,T0,T1,4.5ft,0.05s
4.24.2026 19:52:30,T0,T1,4.5ft,0.05s
4.24.2026 19:52:30,T0,T1,4.5ft,0.05s
4.24.2026 19:52:30,T0,T1,4.5ft,0.05s
4.24.2026 19:52:30,T0,T1,4.5ft,0.05s
4.24.2026 19:52:30,T0,T1,4.5ft,0.05s
4.24.2026 19:52:30,T0,T1,4.5ft,0.05s
4.24.2026 19:52:31,T0,T1,4.5ft,0.05s
4.24.2026 19:52:31,T0,T1,4.5ft,0.05s
4.24.2026 19:52:31,T0,T1,4.6ft,0.05s
4.24.2026 19:52:31,T0,T1,4.8ft,0.05s
4.24.2026 19:52:31,T0,T1,4.7ft,0.05s
4.24.2026 19:52:31,T0,T1,4.6ft,0.05s
4.24.2026 19:52:31,T0,T1,4.5ft,0.05s
4.24.2026 19:52:31,T0,T1,4.5ft,0.05s
4.24.2026 19:52:31,T0,T1,4.5ft,0.05s
4.24.2026 19:52:31,T0,T1,4.5ft,0.05s
4.24.2026 19:52:31,T0,T1,4.5ft,0.05s
4.24.2026 19:52:31,T0,T1,4.5ft,0.05s
4.24.2026 19:52:31,T0,T1,4.5ft,0.05s
4.24.2026 19:52:31,T0,T1,4.5ft,0.05s
4.24.2026 19:52:31,T0,T1,4.5ft,0.05s
4.24.2026 19:52:31,T0,T1,4.7ft,0.05s
4.24.2026 19:52:31,T0,T1,4.6ft,0.05s
4.24.2026 19:52:31,T0,T1,4.6ft,0.05s
4.24.2026 19:52:31,T0,T1,4.5ft,0.05s
4.24.2026 19:52:32,T0,T1,4.5ft,0.05s
4.24.2026 19:52:32,T0,T1,4.5ft,0.05s
4.24.2026 19:52:32,T0,T1,4.5ft,0.05s
4.24.2026 19:52:32,T0,T1,4.5ft,0.05s
4.24.2026 19:52:32,T0,T1,4.5ft,0.05s
4.24.2026 19:52:32,T0,T1,4.5ft,0.05s
4.24.2026 19:52:32,T0,T1,4.5ft,0.05s
4.24.2026 19:52:32,T0,T1,4.5ft,0.05s
4.24.2026 19:52:32,T0,T1,4.7ft,0.05s
4.24.2026 19:52:32,T0,T1,5.0ft,0.05s
4.24.2026 19:52:32,T0,T1,4.8ft,0.05s
4.24.2026 19:52:32,T0,T1,4.7ft,0.05s
4.24.2026 19:52:32,T0,T1,4.6ft,0.05s
4.24.2026 19:52:32,T0,T1,4.5ft,0.05s
4.24.2026 19:52:32,T0,T1,4.5ft,0.05s
4.24.2026 19:52:32,T0,T1,4.5ft,0.05s
4.24.2026 19:52:32,T0,T1,4.5ft,0.05s
4.24.2026 19:52:32,T0,T1,4.5ft,0.05s
4.24.2026 19:52:32,T0,T1,4.5ft,0.05s
4.24.2026 19:52:32,T0,T1,4.5ft,0.05s
4.24.2026 19:52:33,T0,T1,4.5ft,0.05s
4.24.2026 19:52:33,T0,T1,4.5ft,0.05s
4.24.2026 19:52:33,T0,T1,4.5ft,0.05s
4.24.2026 19:52:33,T0,T1,4.5ft,0.05s
4.24.2026 19:52:33,T0,T1,4.5ft,0.05s
4.24.2026 19:52:33,T0,T1,4.5ft,0.05s
4.24.2026 19:52:33,T0,T1,4.5ft,0.05s
4.24.2026 19:52:33,T0,T1,4.5ft,0.05s
4.24.2026 19:52:33,T0,T1,4.5ft,0.05s
4.24.2026 19:52:33,T0,T1,4.5ft,0.05s
4.24.2026 19:52:33,T0,T1,4.5ft,0.05s
4.24.2026 19:52:33,T0,T1,4.5ft,0.05s
4.24.2026 19:52:33,T0,T1,4.5ft,0.05s
4.24.2026 19:52:33,T0,T1,4.5ft,0.05s
4.24.2026 19:52:33,T0,T1,4.5ft,0.05s
4.24.2026 19:52:33,T0,T1,4.5ft,0.05s
4.24.2026 19:52:33,T0,T1,4.5ft,0.05s
4.24.2026 19:52:33,T0,T1,4.5ft,0.05s
4.24.2026 19:52:33,T0,T1,4.5ft,0.05s
4.24.2026 19:52:33,T0,T1,4.5ft,0.05s
4.24.2026 19:52:34,T0,T1,4.5ft,0.05s
4.24.2026 19:52:34,T0,T1,4.5ft,0.05s
4.24.2026 19:52:34,T0,T1,4.6ft,0.05s
4.24.2026 19:52:34,T0,T1,4.5ft,0.05s
4.24.2026 19:52:34,T0,T1,4.5ft,0.05s
4.24.2026 19:52:34,T0,T1,4.4ft,0.05s
4.24.2026 19:52:34,T0,T1,4.4ft,0.05s
4.24.2026 19:52:34,T0,T1,4.4ft,0.05s
4.24.2026 19:52:34,T0,T1,4.4ft,0.05s
4.24.2026 19:52:34,T0,T1,4.4ft,0.05s
4.24.2026 19:52:34,T0,T1,4.4ft,0.05s
4.24.2026 19:52:34,T0,T1,4.4ft,0.05s
4.24.2026 19:52:34,T0,T1,4.4ft,0.05s
4.24.2026 19:52:34,T0,T1,4.5ft,0.05s
4.24.2026 19:52:34,T0,T1,4.7ft,0.05s
4.24.2026 19:52:34,T0,T1,5.0ft,0.05s
4.24.2026 19:52:34,T0,T1,4.8ft,0.05s
4.24.2026 19:52:34,T0,T1,4.7ft,0.05s
4.24.2026 19:52:34,T0,T1,4.7ft,0.05s
4.24.2026 19:52:35,T0,T1,4.6ft,0.05s
4.24.2026 19:52:35,T0,T1,4.8ft,0.05s
4.24.2026 19:52:35,T0,T1,5.0ft,0.05s
4.24.2026 19:52:35,T0,T1,5.3ft,0.05s
4.24.2026 19:52:35,T0,T1,5.1ft,0.05s
4.24.2026 19:52:35,T0,T1,4.9ft,0.05s
4.24.2026 19:52:35,T0,T1,4.8ft,0.05s
4.24.2026 19:52:35,T0,T1,4.7ft,0.05s
4.24.2026 19:52:35,T0,T1,4.6ft,0.05s
4.24.2026 19:52:35,T0,T1,4.6ft,0.05s
4.24.2026 19:52:35,T0,T1,4.6ft,0.05s
4.24.2026 19:52:35,T0,T1,4.5ft,0.05s
4.24.2026 19:52:35,T0,T1,4.5ft,0.05s
4.24.2026 19:52:35,T0,T1,4.6ft,0.05s
4.24.2026 19:52:35,T0,T1,4.6ft,0.05s
4.24.2026 19:52:35,T0,T1,4.6ft,0.05s
4.24.2026 19:52:35,T0,T1,4.7ft,0.05s
4.24.2026 19:52:35,T0,T1,4.7ft,0.05s
4.24.2026 19:52:35,T0,T1,4.8ft,0.05s
4.24.2026 19:52:35,T0,T1,4.9ft,0.05s
4.24.2026 19:52:36,T0,T1,5.0ft,0.05s
4.24.2026 19:52:36,T0,T1,5.0ft,0.05s
4.24.2026 19:52:36,T0,T1,5.0ft,0.05s
4.24.2026 19:52:36,T0,T1,5.1ft,0.05s
4.24.2026 19:52:36,T0,T1,5.4ft,0.05s
4.24.2026 19:52:36,T0,T1,5.2ft,0.05s
4.24.2026 19:52:36,T0,T1,5.1ft,0.05s
4.24.2026 19:52:36,T0,T1,5.0ft,0.05s
4.24.2026 19:52:36,T0,T1,4.9ft,0.05s
4.24.2026 19:52:36,T0,T1,4.9ft,0.05s
4.24.2026 19:52:36,T0,T1,5.0ft,0.05s
4.24.2026 19:52:36,T0,T1,5.2ft,0.05s
4.24.2026 19:52:36,T0,T1,5.5ft,0.05s
4.24.2026 19:52:36,T0,T1,5.2ft,0.05s
4.24.2026 19:52:36,T0,T1,5.1ft,0.05s
4.24.2026 19:52:36,T0,T1,4.9ft,0.05s
4.24.2026 19:52:36,T0,T1,5.2ft,0.05s
4.24.2026 19:52:36,T0,T1,5.1ft,0.05s
4.24.2026 19:52:36,T0,T1,5.0ft,0.05s
4.24.2026 19:52:36,T0,T1,5.0ft,0.05s
4.24.2026 19:52:37,T0,T1,5.0ft,0.05s
4.24.2026 19:52:37,T0,T1,5.0ft,0.05s
4.24.2026 19:52:37,T0,T1,5.0ft,0.05s
4.24.2026 19:52:37,T0,T1,5.1ft,0.05s
4.24.2026 19:52:37,T0,T1,5.1ft,0.05s
4.24.2026 19:52:37,T0,T1,5.1ft,0.05s
4.24.2026 19:52:37,T0,T1,5.1ft,0.05s
4.24.2026 19:52:37,T0,T1,5.1ft,0.05s
4.24.2026 19:52:37,T0,T1,5.2ft,0.05s
4.24.2026 19:52:37,T0,T1,5.2ft,0.05s
4.24.2026 19:52:37,T0,T1,5.2ft,0.05s
4.24.2026 19:52:37,T0,T1,5.1ft,0.05s
4.24.2026 19:52:37,T0,T1,5.2ft,0.05s
4.24.2026 19:52:37,T0,T1,5.1ft,0.05s
4.24.2026 19:52:37,T0,T1,5.0ft,0.05s
4.24.2026 19:52:37,T0,T1,5.0ft,0.05s
4.24.2026 19:52:37,T0,T1,4.9ft,0.05s
4.24.2026 19:52:37,T0,T1,4.9ft,0.05s
4.24.2026 19:52:37,T0,T1,4.8ft,0.05s
4.24.2026 19:52:38,T0,T1,4.8ft,0.05s
4.24.2026 19:52:38,T0,T1,4.8ft,0.05s
4.24.2026 19:52:38,T0,T1,4.8ft,0.05s
4.24.2026 19:52:38,T0,T1,4.7ft,0.05s
4.24.2026 19:52:38,T0,T1,4.7ft,0.05s
4.24.2026 19:52:38,T0,T1,4.7ft,0.05s
4.24.2026 19:52:38,T0,T1,4.7ft,0.05s
4.24.2026 19:52:38,T0,T1,4.6ft,0.05s
4.24.2026 19:52:38,T0,T1,4.6ft,0.05s
4.24.2026 19:52:38,T0,T1,4.6ft,0.05s
4.24.2026 19:52:38,T0,T1,4.6ft,0.05s
4.24.2026 19:52:38,T0,T1,4.6ft,0.05s
4.24.2026 19:52:38,T0,T1,4.6ft,0.05s
4.24.2026 19:52:38,T0,T1,4.6ft,0.05s
4.24.2026 19:52:38,T0,T1,4.8ft,0.05s
4.24.2026 19:52:38,T0,T1,4.7ft,0.05s
4.24.2026 19:52:38,T0,T1,4.6ft,0.05s
4.24.2026 19:52:38,T0,T1,4.6ft,0.05s
4.24.2026 19:52:38,T0,T1,4.5ft,0.05s
4.24.2026 19:52:38,T0,T1,4.5ft,0.05s
4.24.2026 19:52:39,T0,T1,4.5ft,0.05s
4.24.2026 19:52:39,T0,T1,4.5ft,0.05s
4.24.2026 19:52:39,T0,T1,4.5ft,0.05s
4.24.2026 19:52:39,T0,T1,4.5ft,0.05s
4.24.2026 19:52:39,T0,T1,4.5ft,0.05s
4.24.2026 19:52:39,T0,T1,4.5ft,0.05s
4.24.2026 19:52:39,T0,T1,4.5ft,0.05s
4.24.2026 19:52:39,T0,T1,4.7ft,0.05s
4.24.2026 19:52:39,T0,T1,4.9ft,0.05s
4.24.2026 19:52:39,T0,T1,4.8ft,0.05s
4.24.2026 19:52:39,T0,T1,4.6ft,0.05s
4.24.2026 19:52:39,T0,T1,4.6ft,0.05s
4.24.2026 19:52:39,T0,T1,4.5ft,0.05s
4.24.2026 19:52:39,T0,T1,4.5ft,0.05s
4.24.2026 19:52:39,T0,T1,4.5ft,0.05s
4.24.2026 19:52:39,T0,T1,4.5ft,0.05s
4.24.2026 19:52:39,T0,T1,4.5ft,0.05s
4.24.2026 19:52:39,T0,T1,4.4ft,0.05s
4.24.2026 19:52:39,T0,T1,4.4ft,0.05s
4.24.2026 19:52:39,T0,T1,4.4ft,0.05s
4.24.2026 19:52:40,T0,T1,4.4ft,0.05s
4.24.2026 19:52:40,T0,T1,4.4ft,0.05s
4.24.2026 19:52:40,T0,T1,4.5ft,0.05s
4.24.2026 19:52:40,T0,T1,4.5ft,0.05s
4.24.2026 19:52:40,T0,T1,4.5ft,0.05s
4.24.2026 19:52:40,T0,T1,4.5ft,0.05s
4.24.2026 19:52:40,T0,T1,4.5ft,0.05s
4.24.2026 19:52:40,T0,T1,4.5ft,0.05s
4.24.2026 19:52:40,T0,T1,4.5ft,0.05s
4.24.2026 19:52:40,T0,T1,4.5ft,0.05s
4.24.2026 19:52:40,T0,T1,4.5ft,0.05s
4.24.2026 19:52:40,T0,T1,4.5ft,0.05s
4.24.2026 19:52:40,T0,T1,4.5ft,0.05s
4.24.2026 19:52:40,T0,T1,4.5ft,0.05s
4.24.2026 19:52:40,T0,T1,4.5ft,0.05s
4.24.2026 19:52:40,T0,T1,4.5ft,0.05s
4.24.2026 19:52:40,T0,T1,4.5ft,0.05s
4.24.2026 19:52:40,T0,T1,4.5ft,0.05s
4.24.2026 19:52:40,T0,T1,4.5ft,0.05s
4.24.2026 19:52:41,T0,T1,4.5ft,0.05s
4.24.2026 19:52:41,T0,T1,4.5ft,0.05s
4.24.2026 19:52:41,T0,T1,4.5ft,0.05s
4.24.2026 19:52:41,T0,T1,4.5ft,0.05s
4.24.2026 19:52:41,T0,T1,4.5ft,0.05s
4.24.2026 19:52:41,T0,T1,4.5ft,0.05s
4.24.2026 19:52:41,T0,T1,4.5ft,0.05s
4.24.2026 19:52:41,T0,T1,4.5ft,0.05s
4.24.2026 19:52:41,T0,T1,4.5ft,0.05s
4.24.2026 19:52:41,T0,T1,4.5ft,0.05s
4.24.2026 19:52:41,T0,T1,4.5ft,0.05s
4.24.2026 19:52:41,T0,T1,4.5ft,0.05s
4.24.2026 19:52:41,T0,T1,4.5ft,0.05s
4.24.2026 19:52:41,T0,T1,4.5ft,0.05s
4.24.2026 19:52:41,T0,T1,4.5ft,0.05s
4.24.2026 19:52:41,T0,T1,4.5ft,0.05s
4.24.2026 19:52:41,T0,T1,4.5ft,0.05s
4.24.2026 19:52:41,T0,T1,4.5ft,0.05s
4.24.2026 19:52:41,T0,T1,4.5ft,0.05s
4.24.2026 19:52:41,T0,T1,4.5ft,0.05s
4.24.2026 19:52:42,T0,T1,4.5ft,0.05s
4.24.2026 19:52:42,T0,T1,4.5ft,0.05s
4.24.2026 19:52:42,T0,T1,4.5ft,0.05s
4.24.2026 19:52:42,T0,T1,4.5ft,0.05s
4.24.2026 19:52:42,T0,T1,4.5ft,0.05s
4.24.2026 19:52:42,T0,T1,4.5ft,0.05s
4.24.2026 19:52:42,T0,T1,4.5ft,0.05s
4.24.2026 19:52:42,T0,T1,4.5ft,0.05s
4.24.2026 19:52:42,T0,T1,4.5ft,0.05s
4.24.2026 19:52:42,T0,T1,4.5ft,0.05s
4.24.2026 19:52:42,T0,T1,4.5ft,0.05s
4.24.2026 19:52:42,T0,T1,4.5ft,0.05s
4.24.2026 19:52:42,T0,T1,4.5ft,0.05s
4.24.2026 19:52:42,T0,T1,4.5ft,0.05s
4.24.2026 19:52:42,T0,T1,4.5ft,0.05s
4.24.2026 19:52:42,T0,T1,4.5ft,0.05s
4.24.2026 19:52:42,T0,T1,4.5ft,0.05s
4.24.2026 19:52:42,T0,T1,4.5ft,0.05s
4.24.2026 19:52:42,T0,T1,4.5ft,0.05s
4.24.2026 19:52:42,T0,T1,4.5ft,0.05s
4.24.2026 19:52:43,T0,T1,4.5ft,0.05s
4.24.2026 19:52:43,T0,T1,4.5ft,0.05s
4.24.2026 19:52:43,T0,T1,4.5ft,0.05s
4.24.2026 19:52:43,T0,T1,4.5ft,0.05s
4.24.2026 19:52:43,T0,T1,4.5ft,0.05s
4.24.2026 19:52:43,T0,T1,4.5ft,0.05s
4.24.2026 19:52:43,T0,T1,4.5ft,0.05s
4.24.2026 19:52:43,T0,T1,4.6ft,0.05s
4.24.2026 19:52:43,T0,T1,4.5ft,0.05s
4.24.2026 19:52:43,T0,T1,4.5ft,0.05s
4.24.2026 19:52:43,T0,T1,4.7ft,0.05s
4.24.2026 19:52:43,T0,T1,4.9ft,0.05s
4.24.2026 19:52:43,T0,T1,4.7ft,0.05s
4.24.2026 19:52:43,T0,T1,4.6ft,0.05s
4.24.2026 19:52:43,T0,T1,4.5ft,0.05s
4.24.2026 19:52:43,T0,T1,4.5ft,0.05s
4.24.2026 19:52:43,T0,T1,4.5ft,0.05s
4.24.2026 19:52:43,T0,T1,4.4ft,0.05s
4.24.2026 19:52:43,T0,T1,4.4ft,0.05s
4.24.2026 19:52:44,T0,T1,4.4ft,0.05s
4.24.2026 19:52:44,T0,T1,4.4ft,0.05s
4.24.2026 19:52:44,T0,T1,4.4ft,0.05s
4.24.2026 19:52:44,T0,T1,4.5ft,0.05s
4.24.2026 19:52:44,T0,T1,4.5ft,0.05s
4.24.2026 19:52:44,T0,T1,4.5ft,0.05s
4.24.2026 19:52:44,T0,T1,4.5ft,0.05s
4.24.2026 19:52:44,T0,T1,4.5ft,0.05s
4.24.2026 19:52:44,T0,T1,4.5ft,0.05s
4.24.2026 19:52:44,T0,T1,4.5ft,0.05s
4.24.2026 19:52:44,T0,T1,4.5ft,0.05s
4.24.2026 19:52:44,T0,T1,4.5ft,0.05s
4.24.2026 19:52:44,T0,T1,4.5ft,0.05s
4.24.2026 19:52:44,T0,T1,4.5ft,0.05s
4.24.2026 19:52:44,T0,T1,4.5ft,0.05s
4.24.2026 19:52:44,T0,T1,4.5ft,0.05s
4.24.2026 19:52:44,T0,T1,4.5ft,0.05s
4.24.2026 19:52:44,T0,T1,4.5ft,0.05s
4.24.2026 19:52:44,T0,T1,4.5ft,0.05s
4.24.2026 19:52:44,T0,T1,4.5ft,0.05s
4.24.2026 19:52:45,T0,T1,4.5ft,0.05s
4.24.2026 19:52:45,T0,T1,4.5ft,0.05s
4.24.2026 19:52:45,T0,T1,4.5ft,0.05s
4.24.2026 19:52:45,T0,T1,4.5ft,0.05s
4.24.2026 19:52:45,T0,T1,4.5ft,0.05s
4.24.2026 19:52:45,T0,T1,4.5ft,0.05s
4.24.2026 19:52:45,T0,T1,4.5ft,0.05s
4.24.2026 19:52:45,T0,T1,4.5ft,0.05s
4.24.2026 19:52:45,T0,T1,4.5ft,0.05s
4.24.2026 19:52:45,T0,T1,4.5ft,0.05s
4.24.2026 19:52:45,T0,T1,4.5ft,0.05s
4.24.2026 19:52:45,T0,T1,4.5ft,0.05s
4.24.2026 19:52:45,T0,T1,4.5ft,0.05s
4.24.2026 19:52:45,T0,T1,4.5ft,0.05s
4.24.2026 19:52:45,T0,T1,4.5ft,0.05s
4.24.2026 19:52:45,T0,T1,4.5ft,0.05s
4.24.2026 19:52:45,T0,T1,4.5ft,0.05s
4.24.2026 19:52:45,T0,T1,4.6ft,0.05s
4.24.2026 19:52:45,T0,T1,4.8ft,0.05s
4.24.2026 19:52:46,T0,T1,4.7ft,0.05s
4.24.2026 19:52:46,T0,T1,4.6ft,0.05s
4.24.2026 19:52:46,T0,T1,4.5ft,0.05s
4.24.2026 19:52:46,T0,T1,4.5ft,0.05s
4.24.2026 19:52:46,T0,T1,4.5ft,0.05s
4.24.2026 19:52:46,T0,T1,4.4ft,0.05s
4.24.2026 19:52:46,T0,T1,4.4ft,0.05s
4.24.2026 19:52:46,T0,T1,4.4ft,0.05s
4.24.2026 19:52:46,T0,T1,4.4ft,0.05s
4.24.2026 19:52:46,T0,T1,4.4ft,0.05s
4.24.2026 19:52:46,T0,T1,4.4ft,0.05s
4.24.2026 19:52:46,T0,T1,4.4ft,0.05s
4.24.2026 19:52:46,T0,T1,4.4ft,0.05s
4.24.2026 19:52:46,T0,T1,4.4ft,0.05s
4.24.2026 19:52:46,T0,T1,4.4ft,0.05s
4.24.2026 19:52:46,T0,T1,4.5ft,0.05s
4.24.2026 19:52:46,T0,T1,4.5ft,0.05s
4.24.2026 19:52:46,T0,T1,4.5ft,0.05s
4.24.2026 19:52:46,T0,T1,4.5ft,0.05s
4.24.2026 19:52:46,T0,T1,4.5ft,0.05s
4.24.2026 19:52:47,T0,T1,4.5ft,0.05s
4.24.2026 19:52:47,T0,T1,4.5ft,0.05s
4.24.2026 19:52:47,T0,T1,4.5ft,0.05s
4.24.2026 19:52:47,T0,T1,4.5ft,0.05s
4.24.2026 19:52:47,T0,T1,4.5ft,0.05s
4.24.2026 19:52:47,T0,T1,4.5ft,0.05s
4.24.2026 19:52:47,T0,T1,4.5ft,0.05s
4.24.2026 19:52:47,T0,T1,4.5ft,0.05s
4.24.2026 19:52:47,T0,T1,4.5ft,0.05s
4.24.2026 19:52:47,T0,T1,4.5ft,0.05s
4.24.2026 19:52:47,T0,T1,4.5ft,0.05s
4.24.2026 19:52:47,T0,T1,4.5ft,0.05s
4.24.2026 19:52:47,T0,T1,4.5ft,0.05s
4.24.2026 19:52:47,T0,T1,4.5ft,0.05s
4.24.2026 19:52:47,T0,T1,4.5ft,0.05s
4.24.2026 19:52:47,T0,T1,4.5ft,0.05s
4.24.2026 19:52:47,T0,T1,4.4ft,0.05s
4.24.2026 19:52:47,T0,T1,4.6ft,0.05s
4.24.2026 19:52:47,T0,T1,4.8ft,0.05s
4.24.2026 19:52:47,T0,T1,4.7ft,0.05s
4.24.2026 19:52:48,T0,T1,4.6ft,0.05s
4.24.2026 19:52:48,T0,T1,4.5ft,0.05s
4.24.2026 19:52:48,T0,T1,4.5ft,0.05s
4.24.2026 19:52:48,T0,T1,4.5ft,0.05s
4.24.2026 19:52:48,T0,T1,4.5ft,0.05s
4.24.2026 19:52:48,T0,T1,4.5ft,0.05s
4.24.2026 19:52:48,T0,T1,4.5ft,0.05s
4.24.2026 19:52:48,T0,T1,4.6ft,0.05s
4.24.2026 19:52:48,T0,T1,4.8ft,0.05s
4.24.2026 19:52:48,T0,T1,4.7ft,0.05s
4.24.2026 19:52:48,T0,T1,4.6ft,0.05s
4.24.2026 19:52:48,T0,T1,4.5ft,0.05s
4.24.2026 19:52:48,T0,T1,4.5ft,0.05s
4.24.2026 19:52:48,T0,T1,4.5ft,0.05s
4.24.2026 19:52:48,T0,T1,4.5ft,0.05s
4.24.2026 19:52:48,T0,T1,4.5ft,0.05s
4.24.2026 19:52:48,T0,T1,4.5ft,0.05s
4.24.2026 19:52:48,T0,T1,4.5ft,0.05s
4.24.2026 19:52:48,T0,T1,4.5ft,0.05s
4.24.2026 19:52:49,T0,T1,4.5ft,0.05s
4.24.2026 19:52:49,T0,T1,4.5ft,0.05s
4.24.2026 19:52:49,T0,T1,4.5ft,0.05s
4.24.2026 19:52:49,T0,T1,4.5ft,0.05s
4.24.2026 19:52:49,T0,T1,4.5ft,0.05s
4.24.2026 19:52:49,T0,T1,4.5ft,0.05s
4.24.2026 19:52:49,T0,T1,4.5ft,0.05s
4.24.2026 19:52:49,T0,T1,4.5ft,0.05s
4.24.2026 19:52:49,T0,T1,4.5ft,0.05s
4.24.2026 19:52:49,T0,T1,4.5ft,0.05s
4.24.2026 19:52:49,T0,T1,4.5ft,0.05s
4.24.2026 19:52:49,T0,T1,4.5ft,0.05s
4.24.2026 19:52:49,T0,T1,4.5ft,0.05s
4.24.2026 19:52:49,T0,T1,4.5ft,0.05s
4.24.2026 19:52:49,T0,T1,4.5ft,0.05s
4.24.2026 19:52:49,T0,T1,4.5ft,0.05s
4.24.2026 19:52:49,T0,T1,4.5ft,0.05s
4.24.2026 19:52:49,T0,T1,4.6ft,0.05s
4.24.2026 19:52:49,T0,T1,4.5ft,0.05s
4.24.2026 19:52:49,T0,T1,4.5ft,0.05s
4.24.2026 19:52:50,T0,T1,4.5ft,0.05s
4.24.2026 19:52:50,T0,T1,4.4ft,0.05s
4.24.2026 19:52:50,T0,T1,4.4ft,0.05s
4.24.2026 19:52:50,T0,T1,4.4ft,0.05s
4.24.2026 19:52:50,T0,T1,4.4ft,0.05s
4.24.2026 19:52:50,T0,T1,4.4ft,0.05s
4.24.2026 19:52:50,T0,T1,4.4ft,0.05s
4.24.2026 19:52:50,T0,T1,4.4ft,0.05s
4.24.2026 19:52:50,T0,T1,4.4ft,0.05s
4.24.2026 19:52:50,T0,T1,4.4ft,0.05s
4.24.2026 19:52:50,T0,T1,4.5ft,0.05s
4.24.2026 19:52:50,T0,T1,4.5ft,0.05s
4.24.2026 19:52:50,T0,T1,4.5ft,0.05s
4.24.2026 19:52:50,T0,T1,4.5ft,0.05s
4.24.2026 19:52:50,T0,T1,4.5ft,0.05s
4.24.2026 19:52:50,T0,T1,4.5ft,0.05s
4.24.2026 19:52:50,T0,T1,4.5ft,0.05s
4.24.2026 19:52:50,T0,T1,4.5ft,0.05s
4.24.2026 19:52:50,T0,T1,4.5ft,0.05s
4.24.2026 19:52:50,T0,T1,4.5ft,0.05s
4.24.2026 19:52:51,T0,T1,4.5ft,0.05s
4.24.2026 19:52:51,T0,T1,4.5ft,0.05s
4.24.2026 19:52:51,T0,T1,4.5ft,0.05s
4.24.2026 19:52:51,T0,T1,4.5ft,0.05s
4.24.2026 19:52:51,T0,T1,4.5ft,0.05s
4.24.2026 19:52:51,T0,T1,4.5ft,0.05s
4.24.2026 19:52:51,T0,T1,4.5ft,0.05s
4.24.2026 19:52:51,T0,T1,4.5ft,0.05s
4.24.2026 19:52:51,T0,T1,4.5ft,0.05s
4.24.2026 19:52:51,T0,T1,4.5ft,0.05s
4.24.2026 19:52:51,T0,T1,4.5ft,0.05s
4.24.2026 19:52:51,T0,T1,4.5ft,0.05s
4.24.2026 19:52:51,T0,T1,4.5ft,0.05s
4.24.2026 19:52:51,T0,T1,4.5ft,0.05s
4.24.2026 19:52:51,T0,T1,4.5ft,0.05s
4.24.2026 19:52:51,T0,T1,4.5ft,0.05s
4.24.2026 19:52:51,T0,T1,4.5ft,0.05s
4.24.2026 19:52:51,T0,T1,4.5ft,0.05s
4.24.2026 19:52:51,T0,T1,4.5ft,0.05s
4.24.2026 19:52:52,T0,T1,4.5ft,0.05s
4.24.2026 19:52:52,T0,T1,4.5ft,0.05s
4.24.2026 19:52:52,T0,T1,4.5ft,0.05s
4.24.2026 19:52:52,T0,T1,4.5ft,0.05s
4.24.2026 19:52:52,T0,T1,4.5ft,0.05s
4.24.2026 19:52:52,T0,T1,4.5ft,0.05s
4.24.2026 19:52:52,T0,T1,4.5ft,0.05s
4.24.2026 19:52:52,T0,T1,4.5ft,0.05s
4.24.2026 19:52:52,T0,T1,4.5ft,0.05s
4.24.2026 19:52:52,T0,T1,4.5ft,0.05s
4.24.2026 19:52:52,T0,T1,4.5ft,0.05s
4.24.2026 19:52:52,T0,T1,4.5ft,0.05s
4.24.2026 19:52:52,T0,T1,4.5ft,0.05s
4.24.2026 19:52:52,T0,T1,4.5ft,0.05s
4.24.2026 19:52:52,T0,T1,4.5ft,0.05s
4.24.2026 19:52:52,T0,T1,4.5ft,0.05s
4.24.2026 19:52:52,T0,T1,4.5ft,0.05s
4.24.2026 19:52:52,T0,T1,4.5ft,0.05s
4.24.2026 19:52:52,T0,T1,4.5ft,0.05s
4.24.2026 19:52:52,T0,T1,4.5ft,0.05s
4.24.2026 19:52:53,T0,T1,4.5ft,0.05s
4.24.2026 19:52:53,T0,T1,4.5ft,0.05s
4.24.2026 19:52:53,T0,T1,4.5ft,0.05s
4.24.2026 19:52:53,T0,T1,4.5ft,0.05s
4.24.2026 19:52:53,T0,T1,4.5ft,0.05s
4.24.2026 19:52:53,T0,T1,4.5ft,0.05s
4.24.2026 19:52:53,T0,T1,4.5ft,0.05s
4.24.2026 19:52:53,T0,T1,4.5ft,0.05s
4.24.2026 19:52:53,T0,T1,4.6ft,0.05s
4.24.2026 19:52:53,T0,T1,4.8ft,0.05s
4.24.2026 19:52:53,T0,T1,4.7ft,0.05s
4.24.2026 19:52:53,T0,T1,4.6ft,0.05s
4.24.2026 19:52:53,T0,T1,4.5ft,0.05s
4.24.2026 19:52:53,T0,T1,4.5ft,0.05s
4.24.2026 19:52:53,T0,T1,4.5ft,0.05s
4.24.2026 19:52:53,T0,T1,4.4ft,0.05s
4.24.2026 19:52:53,T0,T1,4.4ft,0.05s
4.24.2026 19:52:53,T0,T1,4.4ft,0.05s
4.24.2026 19:52:53,T0,T1,4.5ft,0.05s
4.24.2026 19:52:53,T0,T1,4.8ft,0.05s
4.24.2026 19:52:54,T0,T1,5.0ft,0.05s
4.24.2026 19:52:54,T0,T1,4.8ft,0.05s
4.24.2026 19:52:54,T0,T1,4.7ft,0.05s
4.24.2026 19:52:54,T0,T1,4.6ft,0.05s
4.24.2026 19:52:54,T0,T1,4.5ft,0.05s
4.24.2026 19:52:54,T0,T1,4.5ft,0.05s
4.24.2026 19:52:54,T0,T1,4.5ft,0.05s
4.24.2026 19:52:54,T0,T1,4.4ft,0.05s
4.24.2026 19:52:54,T0,T1,4.4ft,0.05s
4.24.2026 19:52:54,T0,T1,4.4ft,0.05s
4.24.2026 19:52:54,T0,T1,4.4ft,0.05s
4.24.2026 19:52:54,T0,T1,4.5ft,0.05s
4.24.2026 19:52:54,T0,T1,4.7ft,0.05s
4.24.2026 19:52:54,T0,T1,4.6ft,0.05s
4.24.2026 19:52:54,T0,T1,4.5ft,0.05s
4.24.2026 19:52:54,T0,T1,4.7ft,0.05s
4.24.2026 19:52:54,T0,T1,4.6ft,0.05s
4.24.2026 19:52:54,T0,T1,4.5ft,0.05s
4.24.2026 19:52:54,T0,T1,4.5ft,0.05s
4.24.2026 19:52:55,T0,T1,4.4ft,0.05s
4.24.2026 19:52:55,T0,T1,4.4ft,0.05s
4.24.2026 19:52:55,T0,T1,4.4ft,0.05s
4.24.2026 19:52:55,T0,T1,4.4ft,0.05s
4.24.2026 19:52:55,T0,T1,4.4ft,0.05s
4.24.2026 19:52:55,T0,T1,4.4ft,0.05s
4.24.2026 19:52:55,T0,T1,4.4ft,0.05s
4.24.2026 19:52:55,T0,T1,4.4ft,0.05s
4.24.2026 19:52:55,T0,T1,4.4ft,0.05s
4.24.2026 19:52:55,T0,T1,4.4ft,0.05s
4.24.2026 19:52:55,T0,T1,4.4ft,0.05s
4.24.2026 19:52:55,T0,T1,4.5ft,0.05s
4.24.2026 19:52:55,T0,T1,4.5ft,0.05s
4.24.2026 19:52:55,T0,T1,4.5ft,0.05s
4.24.2026 19:52:55,T0,T1,4.5ft,0.05s
4.24.2026 19:52:55,T0,T1,4.5ft,0.05s
4.24.2026 19:52:55,T0,T1,4.5ft,0.05s
4.24.2026 19:52:55,T0,T1,4.5ft,0.05s
4.24.2026 19:52:55,T0,T1,4.5ft,0.05s
4.24.2026 19:52:55,T0,T1,4.5ft,0.05s
4.24.2026 19:52:56,T0,T1,4.5ft,0.05s
4.24.2026 19:52:56,T0,T1,4.5ft,0.05s
4.24.2026 19:52:56,T0,T1,4.5ft,0.05s
4.24.2026 19:52:56,T0,T1,4.6ft,0.05s
4.24.2026 19:52:56,T0,T1,4.5ft,0.05s
4.24.2026 19:52:56,T0,T1,4.5ft,0.05s
4.24.2026 19:52:56,T0,T1,4.5ft,0.05s
4.24.2026 19:52:56,T0,T1,4.5ft,0.05s
4.24.2026 19:52:56,T0,T1,4.5ft,0.05s
4.24.2026 19:52:56,T0,T1,4.6ft,0.05s
4.24.2026 19:52:56,T0,T1,4.8ft,0.05s
4.24.2026 19:52:56,T0,T1,4.7ft,0.05s
4.24.2026 19:52:56,T0,T1,4.6ft,0.05s
4.24.2026 19:52:56,T0,T1,4.6ft,0.05s
4.24.2026 19:52:56,T0,T1,4.5ft,0.05s
4.24.2026 19:52:56,T0,T1,4.5ft,0.05s
4.24.2026 19:52:56,T0,T1,4.5ft,0.05s
4.24.2026 19:52:56,T0,T1,4.5ft,0.05s
4.24.2026 19:52:56,T0,T1,4.5ft,0.05s
4.24.2026 19:52:57,T0,T1,4.5ft,0.05s
4.24.2026 19:52:57,T0,T1,4.5ft,0.05s
4.24.2026 19:52:57,T0,T1,4.5ft,0.05s
4.24.2026 19:52:57,T0,T1,4.5ft,0.05s
4.24.2026 19:52:57,T0,T1,4.5ft,0.05s
4.24.2026 19:52:57,T0,T1,4.5ft,0.05s
4.24.2026 19:52:57,T0,T1,4.5ft,0.05s
4.24.2026 19:52:57,T0,T1,4.6ft,0.05s
4.24.2026 19:52:57,T0,T1,4.6ft,0.05s
4.24.2026 19:52:57,T0,T1,4.6ft,0.05s
4.24.2026 19:52:57,T0,T1,4.6ft,0.05s
4.24.2026 19:52:57,T0,T1,4.6ft,0.05s
4.24.2026 19:52:57,T0,T1,4.6ft,0.05s
4.24.2026 19:52:57,T0,T1,4.6ft,0.05s
4.24.2026 19:52:57,T0,T1,4.6ft,0.05s
4.24.2026 19:52:57,T0,T1,4.5ft,0.05s
4.24.2026 19:52:57,T0,T1,4.7ft,0.05s
4.24.2026 19:52:57,T0,T1,4.6ft,0.05s
4.24.2026 19:52:57,T0,T1,4.5ft,0.05s
4.24.2026 19:52:57,T0,T1,4.5ft,0.05s
4.24.2026 19:52:58,T0,T1,4.5ft,0.05s
4.24.2026 19:52:58,T0,T1,4.5ft,0.05s
4.24.2026 19:52:58,T0,T1,4.5ft,0.05s
4.24.2026 19:52:58,T0,T1,4.5ft,0.05s
4.24.2026 19:52:58,T0,T1,4.5ft,0.05s
4.24.2026 19:52:58,T0,T1,4.5ft,0.05s
4.24.2026 19:52:58,T0,T1,4.5ft,0.05s
4.24.2026 19:52:58,T0,T1,4.5ft,0.05s
4.24.2026 19:52:58,T0,T1,4.5ft,0.05s
4.24.2026 19:52:58,T0,T1,4.7ft,0.05s
4.24.2026 19:52:58,T0,T1,5.0ft,0.05s
4.24.2026 19:52:58,T0,T1,5.3ft,0.05s
4.24.2026 19:52:58,T0,T1,5.0ft,0.05s
4.24.2026 19:52:58,T0,T1,4.8ft,0.05s
4.24.2026 19:52:58,T0,T1,4.7ft,0.05s
4.24.2026 19:52:58,T0,T1,4.6ft,0.05s
4.24.2026 19:52:58,T0,T1,4.5ft,0.05s
4.24.2026 19:52:58,T0,T1,4.5ft,0.05s
4.24.2026 19:52:58,T0,T1,4.7ft,0.05s
4.24.2026 19:52:58,T0,T1,4.6ft,0.05s
4.24.2026 19:52:59,T0,T1,4.5ft,0.05s
4.24.2026 19:52:59,T0,T1,4.5ft,0.05s
4.24.2026 19:52:59,T0,T1,4.5ft,0.05s
4.24.2026 19:52:59,T0,T1,4.5ft,0.05s
4.24.2026 19:52:59,T0,T1,4.5ft,0.05s
4.24.2026 19:52:59,T0,T1,4.5ft,0.05s
4.24.2026 19:52:59,T0,T1,4.5ft,0.05s
4.24.2026 19:52:59,T0,T1,4.5ft,0.05s
4.24.2026 19:52:59,T0,T1,4.5ft,0.05s
4.24.2026 19:52:59,T0,T1,4.5ft,0.05s
4.24.2026 19:52:59,T0,T1,4.5ft,0.05s
4.24.2026 19:52:59,T0,T1,4.5ft,0.05s
4.24.2026 19:52:59,T0,T1,4.5ft,0.05s
4.24.2026 19:52:59,T0,T1,4.5ft,0.05s
4.24.2026 19:52:59,T0,T1,4.5ft,0.05s
4.24.2026 19:52:59,T0,T1,4.5ft,0.05s
4.24.2026 19:52:59,T0,T1,4.5ft,0.05s
4.24.2026 19:52:59,T0,T1,4.5ft,0.05s
4.24.2026 19:52:59,T0,T1,4.5ft,0.05s
4.24.2026 19:53:00,T0,T1,4.5ft,0.05s
4.24.2026 19:53:00,T0,T1,4.5ft,0.05s
4.24.2026 19:53:00,T0,T1,4.5ft,0.05s
4.24.2026 19:53:00,T0,T1,4.5ft,0.05s
4.24.2026 19:53:00,T0,T1,4.5ft,0.05s
4.24.2026 19:53:00,T0,T1,4.5ft,0.05s
4.24.2026 19:53:00,T0,T1,4.5ft,0.05s
4.24.2026 19:53:00,T0,T1,4.5ft,0.05s
4.24.2026 19:53:00,T0,T1,4.5ft,0.05s
4.24.2026 19:53:00,T0,T1,4.5ft,0.05s
4.24.2026 19:53:00,T0,T1,4.5ft,0.05s
4.24.2026 19:53:00,T0,T1,4.5ft,0.05s
4.24.2026 19:53:00,T0,T1,4.5ft,0.05s
4.24.2026 19:53:00,T0,T1,4.5ft,0.05s
4.24.2026 19:53:00,T0,T1,4.5ft,0.05s
4.24.2026 19:53:00,T0,T1,4.5ft,0.05s
4.24.2026 19:53:00,T0,T1,4.5ft,0.05s
4.24.2026 19:53:00,T0,T1,4.5ft,0.05s
4.24.2026 19:53:00,T0,T1,4.5ft,0.05s
4.24.2026 19:53:00,T0,T1,4.5ft,0.05s
4.24.2026 19:53:01,T0,T1,4.5ft,0.05s
4.24.2026 19:53:01,T0,T1,4.5ft,0.05s
4.24.2026 19:53:01,T0,T1,4.5ft,0.05s
4.24.2026 19:53:01,T0,T1,4.5ft,0.05s
4.24.2026 19:53:01,T0,T1,4.5ft,0.05s
4.24.2026 19:53:01,T0,T1,4.5ft,0.05s
4.24.2026 19:53:01,T0,T1,4.5ft,0.05s
4.24.2026 19:53:01,T0,T1,4.5ft,0.05s
4.24.2026 19:53:01,T0,T1,4.5ft,0.05s
4.24.2026 19:53:01,T0,T1,4.5ft,0.05s
4.24.2026 19:53:01,T0,T1,4.5ft,0.05s
4.24.2026 19:53:01,T0,T1,4.5ft,0.05s
4.24.2026 19:53:01,T0,T1,4.5ft,0.05s
4.24.2026 19:53:01,T0,T1,4.5ft,0.05s
4.24.2026 19:53:01,T0,T1,4.5ft,0.05s
4.24.2026 19:53:01,T0,T1,4.5ft,0.05s
4.24.2026 19:53:01,T0,T1,4.5ft,0.05s
4.24.2026 19:53:01,T0,T1,4.5ft,0.05s
4.24.2026 19:53:01,T0,T1,4.5ft,0.05s
4.24.2026 19:53:01,T0,T1,4.5ft,0.05s
4.24.2026 19:53:02,T0,T1,4.5ft,0.05s
4.24.2026 19:53:02,T0,T1,4.5ft,0.05s
4.24.2026 19:53:02,T0,T1,4.5ft,0.05s
4.24.2026 19:53:02,T0,T1,4.5ft,0.05s
4.24.2026 19:53:02,T0,T1,4.5ft,0.05s
4.24.2026 19:53:02,T0,T1,4.5ft,0.05s
4.24.2026 19:53:02,T0,T1,4.5ft,0.05s
4.24.2026 19:53:02,T0,T1,4.5ft,0.05s
4.24.2026 19:53:02,T0,T1,4.5ft,0.05s
4.24.2026 19:53:02,T0,T1,4.5ft,0.05s
4.24.2026 19:53:02,T0,T1,4.5ft,0.05s
4.24.2026 19:53:02,T0,T1,4.5ft,0.05s
4.24.2026 19:53:02,T0,T1,4.5ft,0.05s
4.24.2026 19:53:02,T0,T1,4.5ft,0.05s
4.24.2026 19:53:02,T0,T1,4.5ft,0.05s
4.24.2026 19:53:02,T0,T1,4.5ft,0.05s
4.24.2026 19:53:02,T0,T1,4.5ft,0.05s
4.24.2026 19:53:02,T0,T1,4.5ft,0.05s
4.24.2026 19:53:02,T0,T1,4.5ft,0.05s
4.24.2026 19:53:03,T0,T1,4.5ft,0.05s
4.24.2026 19:53:03,T0,T1,4.5ft,0.05s
4.24.2026 19:53:03,T0,T1,4.5ft,0.05s
4.24.2026 19:53:03,T0,T1,4.5ft,0.05s
4.24.2026 19:53:03,T0,T1,4.5ft,0.05s
4.24.2026 19:53:03,T0,T1,4.5ft,0.05s
4.24.2026 19:53:03,T0,T1,4.5ft,0.05s
4.24.2026 19:53:03,T0,T1,4.5ft,0.05s
4.24.2026 19:53:03,T0,T1,4.5ft,0.05s
4.24.2026 19:53:03,T0,T1,4.5ft,0.05s
4.24.2026 19:53:03,T0,T1,4.5ft,0.05s
4.24.2026 19:53:03,T0,T1,4.5ft,0.05s
4.24.2026 19:53:03,T0,T1,4.5ft,0.05s
4.24.2026 19:53:03,T0,T1,4.5ft,0.05s
4.24.2026 19:53:03,T0,T1,4.5ft,0.05s
4.24.2026 19:53:03,T0,T1,4.5ft,0.05s
4.24.2026 19:53:03,T0,T1,4.5ft,0.05s
4.24.2026 19:53:03,T0,T1,4.5ft,0.05s
4.24.2026 19:53:03,T0,T1,4.5ft,0.05s
4.24.2026 19:53:03,T0,T1,4.5ft,0.05s
4.24.2026 19:53:04,T0,T1,4.5ft,0.05s
4.24.2026 19:53:04,T0,T1,4.5ft,0.05s
4.24.2026 19:53:04,T0,T1,4.5ft,0.05s
4.24.2026 19:53:04,T0,T1,4.5ft,0.05s
4.24.2026 19:53:04,T0,T1,4.5ft,0.05s
4.24.2026 19:53:04,T0,T1,4.5ft,0.05s
4.24.2026 19:53:04,T0,T1,4.5ft,0.05s
4.24.2026 19:53:04,T0,T1,4.5ft,0.05s
4.24.2026 19:53:04,T0,T1,4.5ft,0.05s
4.24.2026 19:53:04,T0,T1,4.5ft,0.05s
4.24.2026 19:53:04,T0,T1,4.5ft,0.05s
4.24.2026 19:53:04,T0,T1,4.4ft,0.05s
4.24.2026 19:53:04,T0,T1,4.4ft,0.05s
4.24.2026 19:53:04,T0,T1,4.4ft,0.05s
4.24.2026 19:53:04,T0,T1,4.4ft,0.05s
4.24.2026 19:53:04,T0,T1,4.4ft,0.05s
4.24.2026 19:53:04,T0,T1,4.4ft,0.05s
4.24.2026 19:53:04,T0,T1,4.5ft,0.05s
4.24.2026 19:53:04,T0,T1,4.5ft,0.05s
4.24.2026 19:53:05,T0,T1,4.5ft,0.05s
4.24.2026 19:53:05,T0,T1,4.5ft,0.05s
4.24.2026 19:53:05,T0,T1,4.4ft,0.05s
4.24.2026 19:53:05,T0,T1,4.5ft,0.05s
4.24.2026 19:53:05,T0,T1,4.5ft,0.05s
4.24.2026 19:53:05,T0,T1,4.4ft,0.05s
4.24.2026 19:53:05,T0,T1,4.4ft,0.05s
4.24.2026 19:53:05,T0,T1,4.4ft,0.05s
4.24.2026 19:53:05,T0,T1,4.4ft,0.05s
4.24.2026 19:53:05,T0,T1,4.4ft,0.05s
4.24.2026 19:53:05,T0,T1,4.4ft,0.05s
4.24.2026 19:53:05,T0,T1,4.4ft,0.05s
4.24.2026 19:53:05,T0,T1,4.4ft,0.05s
4.24.2026 19:53:05,T0,T1,4.4ft,0.05s
4.24.2026 19:53:05,T0,T1,4.5ft,0.05s
4.24.2026 19:53:05,T0,T1,4.5ft,0.05s
4.24.2026 19:53:05,T0,T1,4.5ft,0.05s
4.24.2026 19:53:05,T0,T1,4.5ft,0.05s
4.24.2026 19:53:05,T0,T1,4.5ft,0.05s
4.24.2026 19:53:05,T0,T1,4.5ft,0.05s
4.24.2026 19:53:06,T0,T1,4.5ft,0.05s
4.24.2026 19:53:06,T0,T1,4.5ft,0.05s
4.24.2026 19:53:06,T0,T1,4.5ft,0.05s
4.24.2026 19:53:06,T0,T1,4.5ft,0.05s
4.24.2026 19:53:06,T0,T1,4.5ft,0.05s
4.24.2026 19:53:06,T0,T1,4.5ft,0.05s
4.24.2026 19:53:06,T0,T1,4.5ft,0.05s
4.24.2026 19:53:06,T0,T1,4.5ft,0.05s
4.24.2026 19:53:06,T0,T1,4.5ft,0.05s
4.24.2026 19:53:06,T0,T1,4.5ft,0.05s
4.24.2026 19:53:06,T0,T1,4.5ft,0.05s
4.24.2026 19:53:06,T0,T1,4.5ft,0.05s
4.24.2026 19:53:06,T0,T1,4.5ft,0.05s
4.24.2026 19:53:06,T0,T1,4.5ft,0.05s
4.24.2026 19:53:06,T0,T1,4.5ft,0.05s
4.24.2026 19:53:06,T0,T1,4.5ft,0.05s
4.24.2026 19:53:06,T0,T1,4.5ft,0.05s
4.24.2026 19:53:06,T0,T1,4.5ft,0.05s
4.24.2026 19:53:06,T0,T1,4.5ft,0.05s
4.24.2026 19:53:06,T0,T1,4.5ft,0.05s
4.24.2026 19:53:07,T0,T1,4.5ft,0.05s
4.24.2026 19:53:07,T0,T1,4.5ft,0.05s
4.24.2026 19:53:07,T0,T1,4.5ft,0.05s
4.24.2026 19:53:07,T0,T1,4.5ft,0.05s
4.24.2026 19:53:07,T0,T1,4.5ft,0.05s
4.24.2026 19:53:07,T0,T1,4.5ft,0.05s
4.24.2026 19:53:07,T0,T1,4.4ft,0.05s
4.24.2026 19:53:07,T0,T1,4.4ft,0.05s
4.24.2026 19:53:07,T0,T1,4.4ft,0.05s
4.24.2026 19:53:07,T0,T1,4.4ft,0.05s
4.24.2026 19:53:07,T0,T1,4.4ft,0.05s
4.24.2026 19:53:07,T0,T1,4.4ft,0.05s
4.24.2026 19:53:07,T0,T1,4.5ft,0.05s
4.24.2026 19:53:07,T0,T1,4.5ft,0.05s
4.24.2026 19:53:07,T0,T1,4.5ft,0.05s
4.24.2026 19:53:07,T0,T1,4.5ft,0.05s
4.24.2026 19:53:07,T0,T1,4.5ft,0.05s
4.24.2026 19:53:07,T0,T1,4.5ft,0.05s
4.24.2026 19:53:07,T0,T1,4.5ft,0.05s
4.24.2026 19:53:08,T0,T1,4.4ft,0.05s
4.24.2026 19:53:08,T0,T1,4.4ft,0.05s
4.24.2026 19:53:08,T0,T1,4.4ft,0.05s
4.24.2026 19:53:08,T0,T1,4.4ft,0.05s
4.24.2026 19:53:08,T0,T1,4.4ft,0.05s
4.24.2026 19:53:08,T0,T1,4.4ft,0.05s
4.24.2026 19:53:08,T0,T1,4.4ft,0.05s
4.24.2026 19:53:08,T0,T1,4.4ft,0.05s
4.24.2026 19:53:08,T0,T1,4.6ft,0.05s
4.24.2026 19:53:08,T0,T1,4.5ft,0.05s
4.24.2026 19:53:08,T0,T1,4.5ft,0.05s
4.24.2026 19:53:08,T0,T1,4.4ft,0.05s
4.24.2026 19:53:08,T0,T1,4.4ft,0.05s
4.24.2026 19:53:08,T0,T1,4.6ft,0.05s
4.24.2026 19:53:08,T0,T1,4.5ft,0.05s
4.24.2026 19:53:08,T0,T1,4.5ft,0.05s
4.24.2026 19:53:08,T0,T1,4.4ft,0.05s
4.24.2026 19:53:08,T0,T1,4.4ft,0.05s
4.24.2026 19:53:08,T0,T1,4.4ft,0.05s
4.24.2026 19:53:08,T0,T1,4.4ft,0.05s
4.24.2026 19:53:09,T0,T1,4.4ft,0.05s
4.24.2026 19:53:09,T0,T1,4.4ft,0.05s
4.24.2026 19:53:09,T0,T1,4.4ft,0.05s
4.24.2026 19:53:09,T0,T1,4.4ft,0.05s
4.24.2026 19:53:09,T0,T1,4.4ft,0.05s
4.24.2026 19:53:09,T0,T1,4.5ft,0.06s
4.24.2026 19:53:09,T0,T1,4.5ft,0.05s
4.24.2026 19:53:09,T0,T1,4.5ft,0.05s
4.24.2026 19:53:09,T0,T1,4.5ft,0.05s
4.24.2026 19:53:09,T0,T1,4.5ft,0.05s
4.24.2026 19:53:09,T0,T1,4.5ft,0.05s
4.24.2026 19:53:09,T0,T1,4.5ft,0.05s
4.24.2026 19:53:09,T0,T1,4.5ft,0.05s
4.24.2026 19:53:09,T0,T1,4.5ft,0.05s
4.24.2026 19:53:09,T0,T1,4.5ft,0.05s
4.24.2026 19:53:09,T0,T1,4.5ft,0.05s
4.24.2026 19:53:09,T0,T1,4.5ft,0.05s
4.24.2026 19:53:09,T0,T1,4.5ft,0.05s
4.24.2026 19:53:09,T0,T1,4.5ft,0.05s
4.24.2026 19:53:09,T0,T1,4.5ft,0.05s
4.24.2026 19:53:10,T0,T1,4.5ft,0.05s
4.24.2026 19:53:10,T0,T1,4.5ft,0.05s
4.24.2026 19:53:10,T0,T1,4.6ft,0.05s
4.24.2026 19:53:10,T0,T1,4.9ft,0.05s
4.24.2026 19:53:10,T0,T1,5.1ft,0.05s
4.24.2026 19:53:10,T0,T1,4.9ft,0.05s
4.24.2026 19:53:10,T0,T1,4.8ft,0.05s
4.24.2026 19:53:10,T0,T1,4.6ft,0.05s
4.24.2026 19:53:10,T0,T1,4.6ft,0.05s
4.24.2026 19:53:10,T0,T1,4.5ft,0.05s
4.24.2026 19:53:10,T0,T1,4.5ft,0.05s
4.24.2026 19:53:10,T0,T1,4.5ft,0.05s
4.24.2026 19:53:10,T0,T1,4.5ft,0.05s
4.24.2026 19:53:10,T0,T1,4.4ft,0.05s
4.24.2026 19:53:10,T0,T1,4.4ft,0.05s
4.24.2026 19:53:10,T0,T1,4.4ft,0.05s
4.24.2026 19:53:10,T0,T1,4.4ft,0.05s
4.24.2026 19:53:10,T0,T1,4.4ft,0.05s
4.24.2026 19:53:10,T0,T1,4.4ft,0.05s
4.24.2026 19:53:11,T0,T1,4.4ft,0.05s
4.24.2026 19:53:11,T0,T1,4.4ft,0.05s
4.24.2026 19:53:11,T0,T1,4.4ft,0.05s
4.24.2026 19:53:11,T0,T1,4.4ft,0.05s
4.24.2026 19:53:11,T0,T1,4.4ft,0.05s
4.24.2026 19:53:11,T0,T1,4.4ft,0.05s
4.24.2026 19:53:11,T0,T1,4.4ft,0.05s
4.24.2026 19:53:11,T0,T1,4.4ft,0.05s
4.24.2026 19:53:11,T0,T1,4.4ft,0.05s
4.24.2026 19:53:11,T0,T1,4.6ft,0.05s
4.24.2026 19:53:11,T0,T1,4.5ft,0.05s
4.24.2026 19:53:11,T0,T1,4.5ft,0.05s
4.24.2026 19:53:11,T0,T1,4.5ft,0.05s
4.24.2026 19:53:11,T0,T1,4.4ft,0.05s
4.24.2026 19:53:11,T0,T1,4.6ft,0.05s
4.24.2026 19:53:11,T0,T1,4.5ft,0.05s
4.24.2026 19:53:11,T0,T1,4.5ft,0.05s
4.24.2026 19:53:11,T0,T1,4.5ft,0.05s
4.24.2026 19:53:11,T0,T1,4.4ft,0.05s
4.24.2026 19:53:11,T0,T1,4.4ft,0.05s
4.24.2026 19:53:12,T0,T1,4.4ft,0.05s
4.24.2026 19:53:12,T0,T1,4.4ft,0.05s
4.24.2026 19:53:12,T0,T1,4.4ft,0.05s
4.24.2026 19:53:12,T0,T1,4.4ft,0.05s
4.24.2026 19:53:12,T0,T1,4.4ft,0.05s
4.24.2026 19:53:12,T0,T1,4.4ft,0.05s
4.24.2026 19:53:12,T0,T1,4.5ft,0.05s
4.24.2026 19:53:12,T0,T1,4.5ft,0.05s
4.24.2026 19:53:12,T0,T1,4.5ft,0.05s
4.24.2026 19:53:12,T0,T1,4.5ft,0.05s
4.24.2026 19:53:12,T0,T1,4.5ft,0.05s
4.24.2026 19:53:12,T0,T1,4.5ft,0.05s
4.24.2026 19:53:12,T0,T1,4.5ft,0.05s
4.24.2026 19:53:12,T0,T1,4.5ft,0.05s
4.24.2026 19:53:12,T0,T1,4.5ft,0.05s
4.24.2026 19:53:12,T0,T1,4.5ft,0.05s
4.24.2026 19:53:12,T0,T1,4.5ft,0.05s
4.24.2026 19:53:12,T0,T1,4.6ft,0.05s
4.24.2026 19:53:12,T0,T1,4.9ft,0.05s
4.24.2026 19:53:13,T0,T1,4.7ft,0.05s
4.24.2026 19:53:13,T0,T1,4.6ft,0.05s
4.24.2026 19:53:13,T0,T1,4.6ft,0.05s
4.24.2026 19:53:13,T0,T1,4.5ft,0.05s
4.24.2026 19:53:13,T0,T1,4.5ft,0.05s
4.24.2026 19:53:13,T0,T1,4.5ft,0.05s
4.24.2026 19:53:13,T0,T1,4.4ft,0.05s
4.24.2026 19:53:13,T0,T1,4.6ft,0.05s
4.24.2026 19:53:13,T0,T1,4.5ft,0.05s
4.24.2026 19:53:13,T0,T1,4.5ft,0.05s
4.24.2026 19:53:13,T0,T1,4.5ft,0.05s
4.24.2026 19:53:13,T0,T1,4.4ft,0.05s
4.24.2026 19:53:13,T0,T1,4.4ft,0.05s
4.24.2026 19:53:13,T0,T1,4.4ft,0.05s
4.24.2026 19:53:13,T0,T1,4.4ft,0.05s
4.24.2026 19:53:13,T0,T1,4.4ft,0.05s
4.24.2026 19:53:13,T0,T1,4.4ft,0.05s
4.24.2026 19:53:13,T0,T1,4.4ft,0.05s
4.24.2026 19:53:13,T0,T1,4.4ft,0.05s
4.24.2026 19:53:13,T0,T1,4.4ft,0.05s
4.24.2026 19:53:14,T0,T1,4.6ft,0.05s
4.24.2026 19:53:14,T0,T1,4.9ft,0.05s
4.24.2026 19:53:14,T0,T1,4.7ft,0.05s
4.24.2026 19:53:14,T0,T1,4.6ft,0.05s
4.24.2026 19:53:14,T0,T1,4.5ft,0.05s
4.24.2026 19:53:14,T0,T1,4.5ft,0.05s
4.24.2026 19:53:14,T0,T1,4.7ft,0.05s
4.24.2026 19:53:14,T0,T1,5.0ft,0.05s
4.24.2026 19:53:14,T0,T1,4.8ft,0.05s
4.24.2026 19:53:14,T0,T1,4.7ft,0.05s
4.24.2026 19:53:14,T0,T1,4.6ft,0.05s
4.24.2026 19:53:14,T0,T1,4.5ft,0.05s
4.24.2026 19:53:14,T0,T1,4.5ft,0.05s
4.24.2026 19:53:14,T0,T1,4.4ft,0.05s
4.24.2026 19:53:14,T0,T1,4.4ft,0.05s
4.24.2026 19:53:14,T0,T1,4.4ft,0.05s
4.24.2026 19:53:14,T0,T1,4.6ft,0.05s
4.24.2026 19:53:14,T0,T1,4.8ft,0.05s
4.24.2026 19:53:14,T0,T1,5.1ft,0.05s
4.24.2026 19:53:14,T0,T1,4.9ft,0.05s
4.24.2026 19:53:15,T0,T1,4.7ft,0.05s
4.24.2026 19:53:15,T0,T1,4.6ft,0.05s
4.24.2026 19:53:15,T0,T1,4.6ft,0.05s
4.24.2026 19:53:15,T0,T1,4.5ft,0.05s
4.24.2026 19:53:15,T0,T1,4.5ft,0.05s
4.24.2026 19:53:15,T0,T1,4.5ft,0.05s
4.24.2026 19:53:15,T0,T1,4.5ft,0.05s
4.24.2026 19:53:15,T0,T1,4.5ft,0.05s
4.24.2026 19:53:15,T0,T1,4.5ft,0.05s
4.24.2026 19:53:15,T0,T1,4.5ft,0.05s
4.24.2026 19:53:15,T0,T1,4.5ft,0.05s
4.24.2026 19:53:15,T0,T1,4.5ft,0.05s
4.24.2026 19:53:15,T0,T1,4.5ft,0.05s
4.24.2026 19:53:15,T0,T1,4.5ft,0.05s
4.24.2026 19:53:15,T0,T1,4.5ft,0.05s
4.24.2026 19:53:15,T0,T1,4.5ft,0.05s
4.24.2026 19:53:15,T0,T1,4.4ft,0.05s
4.24.2026 19:53:15,T0,T1,4.4ft,0.05s
4.24.2026 19:53:15,T0,T1,4.4ft,0.05s
4.24.2026 19:53:16,T0,T1,4.4ft,0.05s
4.24.2026 19:53:16,T0,T1,4.4ft,0.05s
4.24.2026 19:53:16,T0,T1,4.4ft,0.05s
4.24.2026 19:53:16,T0,T1,4.4ft,0.05s
4.24.2026 19:53:16,T0,T1,4.4ft,0.05s
4.24.2026 19:53:16,T0,T1,4.4ft,0.05s
4.24.2026 19:53:16,T0,T1,4.5ft,0.05s
4.24.2026 19:53:16,T0,T1,4.5ft,0.05s
4.24.2026 19:53:16,T0,T1,4.5ft,0.05s
4.24.2026 19:53:16,T0,T1,4.5ft,0.05s
4.24.2026 19:53:16,T0,T1,4.5ft,0.05s
4.24.2026 19:53:16,T0,T1,4.5ft,0.05s
4.24.2026 19:53:16,T0,T1,4.5ft,0.05s
4.24.2026 19:53:16,T0,T1,4.5ft,0.05s
4.24.2026 19:53:16,T0,T1,4.5ft,0.05s
4.24.2026 19:53:16,T0,T1,4.5ft,0.05s
4.24.2026 19:53:16,T0,T1,4.5ft,0.05s
4.24.2026 19:53:16,T0,T1,4.5ft,0.05s
4.24.2026 19:53:16,T0,T1,4.5ft,0.05s
4.24.2026 19:53:16,T0,T1,4.5ft,0.05s
4.24.2026 19:53:17,T0,T1,4.5ft,0.05s
4.24.2026 19:53:17,T0,T1,4.6ft,0.05s
4.24.2026 19:53:17,T0,T1,4.9ft,0.05s
4.24.2026 19:53:17,T0,T1,4.7ft,0.05s
4.24.2026 19:53:17,T0,T1,4.6ft,0.05s
4.24.2026 19:53:17,T0,T1,4.6ft,0.05s
4.24.2026 19:53:17,T0,T1,4.5ft,0.05s
4.24.2026 19:53:17,T0,T1,4.5ft,0.05s
4.24.2026 19:53:17,T0,T1,4.5ft,0.05s
4.24.2026 19:53:17,T0,T1,4.5ft,0.05s
4.24.2026 19:53:17,T0,T1,4.4ft,0.05s
4.24.2026 19:53:17,T0,T1,4.4ft,0.05s
4.24.2026 19:53:17,T0,T1,4.4ft,0.05s
4.24.2026 19:53:17,T0,T1,4.5ft,0.05s
4.24.2026 19:53:17,T0,T1,4.7ft,0.05s
4.24.2026 19:53:17,T0,T1,5.0ft,0.05s
4.24.2026 19:53:17,T0,T1,4.8ft,0.05s
4.24.2026 19:53:17,T0,T1,5.1ft,0.05s
4.24.2026 19:53:17,T0,T1,5.4ft,0.05s
4.24.2026 19:53:17,T0,T1,5.6ft,0.05s
4.24.2026 19:53:18,T0,T1,5.9ft,0.05s
4.24.2026 19:53:18,T0,T1,5.5ft,0.05s
4.24.2026 19:53:18,T0,T1,5.2ft,0.05s
4.24.2026 19:53:18,T0,T1,4.9ft,0.05s
4.24.2026 19:53:18,T0,T1,4.8ft,0.05s
4.24.2026 19:53:18,T0,T1,4.7ft,0.05s
4.24.2026 19:53:18,T0,T1,4.6ft,0.05s
4.24.2026 19:53:18,T0,T1,4.5ft,0.05s
4.24.2026 19:53:18,T0,T1,4.5ft,0.05s
4.24.2026 19:53:18,T0,T1,4.5ft,0.05s
4.24.2026 19:53:18,T0,T1,4.5ft,0.05s
4.24.2026 19:53:18,T0,T1,4.5ft,0.05s
4.24.2026 19:53:18,T0,T1,4.5ft,0.05s
4.24.2026 19:53:18,T0,T1,4.5ft,0.05s
4.24.2026 19:53:18,T0,T1,4.5ft,0.05s
4.24.2026 19:53:18,T0,T1,4.5ft,0.05s
4.24.2026 19:53:18,T0,T1,4.5ft,0.05s
4.24.2026 19:53:18,T0,T1,4.5ft,0.05s
4.24.2026 19:53:18,T0,T1,4.7ft,0.05s
4.24.2026 19:53:19,T0,T1,4.6ft,0.05s
4.24.2026 19:53:19,T0,T1,4.5ft,0.05s
4.24.2026 19:53:19,T0,T1,4.5ft,0.05s
4.24.2026 19:53:19,T0,T1,4.5ft,0.05s
4.24.2026 19:53:19,T0,T1,4.4ft,0.05s
4.24.2026 19:53:19,T0,T1,4.6ft,0.05s
4.24.2026 19:53:19,T0,T1,4.8ft,0.05s
4.24.2026 19:53:19,T0,T1,4.7ft,0.05s
4.24.2026 19:53:19,T0,T1,4.6ft,0.05s
4.24.2026 19:53:19,T0,T1,4.5ft,0.05s
4.24.2026 19:53:19,T0,T1,4.5ft,0.05s
4.24.2026 19:53:19,T0,T1,4.5ft,0.05s
4.24.2026 19:53:19,T0,T1,4.4ft,0.05s
4.24.2026 19:53:19,T0,T1,4.4ft,0.05s
4.24.2026 19:53:19,T0,T1,4.4ft,0.05s
4.24.2026 19:53:19,T0,T1,4.4ft,0.05s
4.24.2026 19:53:19,T0,T1,4.4ft,0.05s
4.24.2026 19:53:19,T0,T1,4.4ft,0.05s
4.24.2026 19:53:19,T0,T1,4.4ft,0.05s
4.24.2026 19:53:19,T0,T1,4.5ft,0.05s
4.24.2026 19:53:20,T0,T1,4.5ft,0.05s
4.24.2026 19:53:20,T0,T1,4.7ft,0.05s
4.24.2026 19:53:20,T0,T1,5.0ft,0.05s
4.24.2026 19:53:20,T0,T1,4.8ft,0.05s
4.24.2026 19:53:20,T0,T1,4.7ft,0.05s
4.24.2026 19:53:20,T0,T1,4.6ft,0.05s
4.24.2026 19:53:20,T0,T1,4.5ft,0.05s
4.24.2026 19:53:20,T0,T1,4.5ft,0.05s
4.24.2026 19:53:20,T0,T1,4.5ft,0.05s
4.24.2026 19:53:20,T0,T1,4.5ft,0.05s
4.24.2026 19:53:20,T0,T1,4.4ft,0.05s
4.24.2026 19:53:20,T0,T1,4.6ft,0.05s
4.24.2026 19:53:20,T0,T1,4.8ft,0.05s
4.24.2026 19:53:20,T0,T1,5.1ft,0.05s
4.24.2026 19:53:20,T0,T1,5.3ft,0.05s
4.24.2026 19:53:20,T0,T1,5.6ft,0.05s
4.24.2026 19:53:20,T0,T1,5.3ft,0.05s
4.24.2026 19:53:20,T0,T1,5.0ft,0.05s
4.24.2026 19:53:20,T0,T1,4.8ft,0.05s
4.24.2026 19:53:21,T0,T1,4.7ft,0.05s
4.24.2026 19:53:21,T0,T1,4.6ft,0.05s
4.24.2026 19:53:21,T0,T1,4.6ft,0.05s
4.24.2026 19:53:21,T0,T1,4.5ft,0.05s
4.24.2026 19:53:21,T0,T1,4.5ft,0.05s
4.24.2026 19:53:21,T0,T1,4.5ft,0.05s
4.24.2026 19:53:21,T0,T1,4.5ft,0.05s
4.24.2026 19:53:21,T0,T1,4.5ft,0.05s
4.24.2026 19:53:21,T0,T1,4.5ft,0.05s
4.24.2026 19:53:21,T0,T1,4.4ft,0.05s
4.24.2026 19:53:21,T0,T1,4.5ft,0.05s
4.24.2026 19:53:21,T0,T1,4.5ft,0.05s
4.24.2026 19:53:21,T0,T1,4.5ft,0.05s
4.24.2026 19:53:21,T0,T1,4.5ft,0.05s
4.24.2026 19:53:21,T0,T1,4.5ft,0.05s
4.24.2026 19:53:21,T0,T1,4.5ft,0.05s
4.24.2026 19:53:21,T0,T1,4.5ft,0.05s
4.24.2026 19:53:21,T0,T1,4.5ft,0.05s
4.24.2026 19:53:21,T0,T1,4.5ft,0.05s
4.24.2026 19:53:21,T0,T1,4.5ft,0.05s
4.24.2026 19:53:22,T0,T1,4.5ft,0.05s
4.24.2026 19:53:22,T0,T1,4.5ft,0.05s
4.24.2026 19:53:22,T0,T1,4.5ft,0.05s
4.24.2026 19:53:22,T0,T1,4.4ft,0.05s
4.24.2026 19:53:22,T0,T1,4.4ft,0.05s
4.24.2026 19:53:22,T0,T1,4.4ft,0.05s
4.24.2026 19:53:22,T0,T1,4.4ft,0.05s
4.24.2026 19:53:22,T0,T1,4.4ft,0.05s
4.24.2026 19:53:22,T0,T1,4.4ft,0.05s
4.24.2026 19:53:22,T0,T1,4.4ft,0.05s
4.24.2026 19:53:22,T0,T1,4.4ft,0.05s
4.24.2026 19:53:22,T0,T1,4.4ft,0.05s
4.24.2026 19:53:22,T0,T1,4.4ft,0.05s
4.24.2026 19:53:22,T0,T1,4.4ft,0.05s
4.24.2026 19:53:22,T0,T1,4.5ft,0.05s
4.24.2026 19:53:22,T0,T1,4.5ft,0.05s
4.24.2026 19:53:22,T0,T1,4.5ft,0.05s
4.24.2026 19:53:22,T0,T1,4.5ft,0.05s
4.24.2026 19:53:22,T0,T1,4.5ft,0.05s
4.24.2026 19:53:22,T0,T1,4.5ft,0.05s
4.24.2026 19:53:23,T0,T1,4.5ft,0.05s
4.24.2026 19:53:23,T0,T1,4.5ft,0.05s
4.24.2026 19:53:23,T0,T1,4.5ft,0.05s
4.24.2026 19:53:23,T0,T1,4.5ft,0.05s
4.24.2026 19:53:23,T0,T1,4.5ft,0.05s
4.24.2026 19:53:23,T0,T1,4.5ft,0.05s
4.24.2026 19:53:23,T0,T1,4.5ft,0.05s
4.24.2026 19:53:23,T0,T1,4.5ft,0.05s
4.24.2026 19:53:23,T0,T1,4.5ft,0.05s
4.24.2026 19:53:23,T0,T1,4.5ft,0.05s
4.24.2026 19:53:23,T0,T1,4.5ft,0.05s
4.24.2026 19:53:23,T0,T1,4.5ft,0.05s
4.24.2026 19:53:23,T0,T1,4.5ft,0.05s
4.24.2026 19:53:23,T0,T1,4.5ft,0.05s
4.24.2026 19:53:23,T0,T1,4.5ft,0.05s
4.24.2026 19:53:23,T0,T1,4.5ft,0.05s
4.24.2026 19:53:23,T0,T1,4.5ft,0.05s
4.24.2026 19:53:23,T0,T1,4.5ft,0.05s
4.24.2026 19:53:23,T0,T1,4.5ft,0.05s
4.24.2026 19:53:24,T0,T1,4.5ft,0.05s
4.24.2026 19:53:24,T0,T1,4.5ft,0.05s
4.24.2026 19:53:24,T0,T1,4.5ft,0.05s
4.24.2026 19:53:24,T0,T1,4.5ft,0.05s
4.24.2026 19:53:24,T0,T1,4.5ft,0.05s
4.24.2026 19:53:24,T0,T1,4.5ft,0.05s
4.24.2026 19:53:24,T0,T1,4.5ft,0.05s
4.24.2026 19:53:24,T0,T1,4.6ft,0.05s
4.24.2026 19:53:24,T0,T1,4.6ft,0.05s
4.24.2026 19:53:24,T0,T1,4.7ft,0.05s
4.24.2026 19:53:24,T0,T1,4.8ft,0.05s
4.24.2026 19:53:24,T0,T1,4.9ft,0.05s
4.24.2026 19:53:24,T0,T1,5.0ft,0.05s
4.24.2026 19:53:24,T0,T1,5.0ft,0.05s
4.24.2026 19:53:24,T0,T1,5.1ft,0.05s
4.24.2026 19:53:24,T0,T1,5.2ft,0.05s
4.24.2026 19:53:24,T0,T1,5.3ft,0.05s
4.24.2026 19:53:24,T0,T1,5.3ft,0.05s
4.24.2026 19:53:24,T0,T1,5.3ft,0.05s
4.24.2026 19:53:24,T0,T1,5.3ft,0.05s
4.24.2026 19:53:25,T0,T1,5.3ft,0.05s
4.24.2026 19:53:25,T0,T1,5.3ft,0.05s
4.24.2026 19:53:25,T0,T1,5.1ft,0.05s
4.24.2026 19:53:25,T0,T1,5.2ft,0.05s
4.24.2026 19:53:25,T0,T1,5.1ft,0.05s
4.24.2026 19:53:25,T0,T1,5.0ft,0.05s
4.24.2026 19:53:25,T0,T1,5.0ft,0.05s
4.24.2026 19:53:25,T0,T1,4.9ft,0.05s
4.24.2026 19:53:25,T0,T1,4.9ft,0.05s
4.24.2026 19:53:25,T0,T1,4.9ft,0.05s
4.24.2026 19:53:25,T0,T1,4.9ft,0.05s
4.24.2026 19:53:25,T0,T1,4.9ft,0.05s
4.24.2026 19:53:25,T0,T1,5.0ft,0.05s
4.24.2026 19:53:25,T0,T1,5.1ft,0.05s
4.24.2026 19:53:25,T0,T1,5.4ft,0.05s
4.24.2026 19:53:25,T0,T1,5.3ft,0.05s
4.24.2026 19:53:25,T0,T1,5.2ft,0.05s
4.24.2026 19:53:25,T0,T1,5.2ft,0.05s
4.24.2026 19:53:25,T0,T1,5.1ft,0.05s
4.24.2026 19:53:25,T0,T1,5.1ft,0.05s
4.24.2026 19:53:26,T0,T1,5.2ft,0.05s
4.24.2026 19:53:26,T0,T1,5.2ft,0.05s
4.24.2026 19:53:26,T0,T1,5.3ft,0.05s
4.24.2026 19:53:26,T0,T1,5.3ft,0.05s
4.24.2026 19:53:26,T0,T1,5.3ft,0.05s
4.24.2026 19:53:26,T0,T1,5.3ft,0.05s
4.24.2026 19:53:26,T0,T1,5.2ft,0.05s
4.24.2026 19:53:26,T0,T1,5.2ft,0.05s
4.24.2026 19:53:26,T0,T1,5.1ft,0.05s
4.24.2026 19:53:26,T0,T1,5.1ft,0.05s
4.24.2026 19:53:26,T0,T1,5.0ft,0.05s
4.24.2026 19:53:26,T0,T1,5.0ft,0.05s
4.24.2026 19:53:26,T0,T1,5.0ft,0.05s
4.24.2026 19:53:26,T0,T1,5.1ft,0.05s
4.24.2026 19:53:26,T0,T1,5.1ft,0.05s
4.24.2026 19:53:26,T0,T1,5.2ft,0.05s
4.24.2026 19:53:26,T0,T1,5.2ft,0.05s
4.24.2026 19:53:26,T0,T1,5.0ft,0.05s
4.24.2026 19:53:26,T0,T1,5.1ft,0.05s
4.24.2026 19:53:27,T0,T1,5.3ft,0.05s
4.24.2026 19:53:27,T0,T1,5.5ft,0.05s
4.24.2026 19:53:27,T0,T1,5.3ft,0.05s
4.24.2026 19:53:27,T0,T1,5.1ft,0.05s
4.24.2026 19:53:27,T0,T1,5.0ft,0.05s
4.24.2026 19:53:27,T0,T1,4.9ft,0.05s
4.24.2026 19:53:27,T0,T1,4.8ft,0.05s
4.24.2026 19:53:27,T0,T1,4.8ft,0.05s
4.24.2026 19:53:27,T0,T1,4.7ft,0.05s
4.24.2026 19:53:27,T0,T1,4.7ft,0.05s
4.24.2026 19:53:27,T0,T1,4.7ft,0.05s
4.24.2026 19:53:27,T0,T1,4.7ft,0.05s
4.24.2026 19:53:27,T0,T1,4.7ft,0.05s
4.24.2026 19:53:27,T0,T1,4.6ft,0.05s
4.24.2026 19:53:27,T0,T1,4.6ft,0.05s
4.24.2026 19:53:27,T0,T1,4.6ft,0.05s
4.24.2026 19:53:27,T0,T1,4.6ft,0.05s
4.24.2026 19:53:27,T0,T1,4.6ft,0.05s
4.24.2026 19:53:27,T0,T1,4.6ft,0.05s
4.24.2026 19:53:27,T0,T1,4.6ft,0.05s
4.24.2026 19:53:28,T0,T1,4.6ft,0.05s
4.24.2026 19:53:28,T0,T1,4.6ft,0.05s
4.24.2026 19:53:28,T0,T1,4.6ft,0.05s
4.24.2026 19:53:28,T0,T1,4.6ft,0.05s
4.24.2026 19:53:28,T0,T1,4.6ft,0.05s
4.24.2026 19:53:28,T0,T1,4.6ft,0.05s
4.24.2026 19:53:28,T0,T1,4.6ft,0.05s
4.24.2026 19:53:28,T0,T1,4.6ft,0.05s
4.24.2026 19:53:28,T0,T1,4.6ft,0.05s
4.24.2026 19:53:28,T0,T1,4.6ft,0.05s
4.24.2026 19:53:28,T0,T1,4.6ft,0.05s
4.24.2026 19:53:28,T0,T1,4.6ft,0.05s
4.24.2026 19:53:28,T0,T1,4.7ft,0.05s
4.24.2026 19:53:28,T0,T1,4.6ft,0.05s
4.24.2026 19:53:28,T0,T1,4.6ft,0.05s
4.24.2026 19:53:28,T0,T1,4.6ft,0.05s
4.24.2026 19:53:28,T0,T1,4.6ft,0.05s
4.24.2026 19:53:28,T0,T1,4.7ft,0.05s
4.24.2026 19:53:28,T0,T1,4.9ft,0.05s
4.24.2026 19:53:28,T0,T1,5.2ft,0.05s
4.24.2026 19:53:29,T0,T1,5.5ft,0.05s
4.24.2026 19:53:29,T0,T1,5.7ft,0.05s
4.24.2026 19:53:29,T0,T1,6.0ft,0.05s
4.24.2026 19:53:29,T0,T1,5.6ft,0.05s
4.24.2026 19:53:29,T0,T1,5.2ft,0.05s
4.24.2026 19:53:29,T0,T1,5.0ft,0.05s
4.24.2026 19:53:29,T0,T1,4.8ft,0.05s
4.24.2026 19:53:29,T0,T1,4.7ft,0.05s
4.24.2026 19:53:29,T0,T1,4.7ft,0.05s
4.24.2026 19:53:29,T0,T1,4.6ft,0.05s
4.24.2026 19:53:29,T0,T1,4.8ft,0.05s
4.24.2026 19:53:29,T0,T1,4.7ft,0.05s
4.24.2026 19:53:29,T0,T1,4.6ft,0.05s
4.24.2026 19:53:29,T0,T1,4.6ft,0.05s
4.24.2026 19:53:29,T0,T1,4.6ft,0.05s
4.24.2026 19:53:29,T0,T1,4.5ft,0.05s
4.24.2026 19:53:29,T0,T1,4.5ft,0.05s
4.24.2026 19:53:29,T0,T1,4.5ft,0.05s
4.24.2026 19:53:29,T0,T1,4.5ft,0.05s
4.24.2026 19:53:30,T0,T1,4.5ft,0.05s
4.24.2026 19:53:30,T0,T1,4.5ft,0.05s
4.24.2026 19:53:30,T0,T1,4.5ft,0.05s
4.24.2026 19:53:30,T0,T1,4.5ft,0.05s
4.24.2026 19:53:30,T0,T1,4.5ft,0.05s
4.24.2026 19:53:30,T0,T1,4.5ft,0.05s
4.24.2026 19:53:30,T0,T1,4.5ft,0.05s
4.24.2026 19:53:30,T0,T1,4.6ft,0.05s
4.24.2026 19:53:30,T0,T1,4.6ft,0.05s
4.24.2026 19:53:30,T0,T1,4.6ft,0.05s
4.24.2026 19:53:30,T0,T1,4.6ft,0.05s
4.24.2026 19:53:30,T0,T1,4.6ft,0.05s
4.24.2026 19:53:30,T0,T1,4.6ft,0.05s
4.24.2026 19:53:30,T0,T1,4.5ft,0.05s
4.24.2026 19:53:30,T0,T1,4.7ft,0.05s
4.24.2026 19:53:30,T0,T1,4.9ft,0.05s
4.24.2026 19:53:30,T0,T1,4.8ft,0.05s
4.24.2026 19:53:30,T0,T1,4.7ft,0.05s
4.24.2026 19:53:30,T0,T1,4.6ft,0.05s
4.24.2026 19:53:30,T0,T1,4.6ft,0.05s
4.24.2026 19:53:31,T0,T1,4.6ft,0.05s
4.24.2026 19:53:31,T0,T1,4.5ft,0.05s
4.24.2026 19:53:31,T0,T1,4.5ft,0.05s
4.24.2026 19:53:31,T0,T1,4.5ft,0.05s
4.24.2026 19:53:31,T0,T1,4.5ft,0.05s
4.24.2026 19:53:31,T0,T1,4.5ft,0.05s
4.24.2026 19:53:31,T0,T1,4.5ft,0.05s
4.24.2026 19:53:31,T0,T1,4.5ft,0.05s
4.24.2026 19:53:31,T0,T1,4.5ft,0.05s
4.24.2026 19:53:31,T0,T1,4.5ft,0.05s
4.24.2026 19:53:31,T0,T1,4.5ft,0.05s
4.24.2026 19:53:31,T0,T1,4.5ft,0.05s
4.24.2026 19:53:31,T0,T1,4.5ft,0.05s
4.24.2026 19:53:31,T0,T1,4.5ft,0.05s
4.24.2026 19:53:31,T0,T1,4.5ft,0.05s
4.24.2026 19:53:31,T0,T1,4.5ft,0.05s
4.24.2026 19:53:31,T0,T1,4.5ft,0.05s
4.24.2026 19:53:31,T0,T1,4.5ft,0.05s
4.24.2026 19:53:31,T0,T1,4.5ft,0.05s
4.24.2026 19:53:32,T0,T1,4.5ft,0.05s
4.24.2026 19:53:32,T0,T1,4.5ft,0.05s
4.24.2026 19:53:32,T0,T1,4.5ft,0.05s
4.24.2026 19:53:32,T0,T1,4.5ft,0.05s
4.24.2026 19:53:32,T0,T1,4.5ft,0.05s
4.24.2026 19:53:32,T0,T1,4.5ft,0.05s
4.24.2026 19:53:32,T0,T1,4.5ft,0.05s
4.24.2026 19:53:32,T0,T1,4.6ft,0.05s
4.24.2026 19:53:32,T0,T1,4.6ft,0.05s
4.24.2026 19:53:32,T0,T1,4.5ft,0.05s
4.24.2026 19:53:32,T0,T1,4.7ft,0.05s
4.24.2026 19:53:32,T0,T1,5.0ft,0.05s
4.24.2026 19:53:32,T0,T1,4.8ft,0.05s
4.24.2026 19:53:32,T0,T1,4.7ft,0.05s
4.24.2026 19:53:32,T0,T1,4.6ft,0.05s
4.24.2026 19:53:32,T0,T1,4.5ft,0.05s
4.24.2026 19:53:32,T0,T1,4.5ft,0.05s
4.24.2026 19:53:32,T0,T1,4.5ft,0.05s
4.24.2026 19:53:32,T0,T1,4.5ft,0.05s
4.24.2026 19:53:32,T0,T1,4.4ft,0.05s
4.24.2026 19:53:33,T0,T1,4.4ft,0.05s
4.24.2026 19:53:33,T0,T1,4.4ft,0.05s
4.24.2026 19:53:33,T0,T1,4.4ft,0.05s
4.24.2026 19:53:33,T0,T1,4.4ft,0.05s
4.24.2026 19:53:33,T0,T1,4.4ft,0.05s
4.24.2026 19:53:33,T0,T1,4.4ft,0.05s
4.24.2026 19:53:33,T0,T1,4.4ft,0.05s
4.24.2026 19:53:33,T0,T1,4.5ft,0.05s
4.24.2026 19:53:33,T0,T1,4.5ft,0.05s
4.24.2026 19:53:33,T0,T1,4.5ft,0.05s
4.24.2026 19:53:33,T0,T1,4.5ft,0.05s
4.24.2026 19:53:33,T0,T1,4.5ft,0.05s
4.24.2026 19:53:33,T0,T1,4.5ft,0.05s
4.24.2026 19:53:33,T0,T1,4.5ft,0.05s
4.24.2026 19:53:33,T0,T1,4.5ft,0.05s
4.24.2026 19:53:33,T0,T1,4.5ft,0.05s
4.24.2026 19:53:33,T0,T1,4.5ft,0.05s
4.24.2026 19:53:33,T0,T1,4.5ft,0.05s
4.24.2026 19:53:33,T0,T1,4.5ft,0.05s
4.24.2026 19:53:33,T0,T1,4.5ft,0.05s
4.24.2026 19:53:34,T0,T1,4.5ft,0.05s
4.24.2026 19:53:34,T0,T1,4.5ft,0.05s
4.24.2026 19:53:34,T0,T1,4.5ft,0.05s
4.24.2026 19:53:34,T0,T1,4.5ft,0.05s
4.24.2026 19:53:34,T0,T1,4.5ft,0.05s
4.24.2026 19:53:34,T0,T1,4.5ft,0.05s
4.24.2026 19:53:34,T0,T1,4.5ft,0.05s
4.24.2026 19:53:34,T0,T1,4.5ft,0.05s
4.24.2026 19:53:34,T0,T1,4.5ft,0.05s
4.24.2026 19:53:34,T0,T1,4.5ft,0.05s
4.24.2026 19:53:34,T0,T1,4.5ft,0.05s
4.24.2026 19:53:34,T0,T1,4.5ft,0.05s
4.24.2026 19:53:34,T0,T1,4.5ft,0.05s
4.24.2026 19:53:34,T0,T1,4.5ft,0.05s
4.24.2026 19:53:34,T0,T1,4.5ft,0.05s
4.24.2026 19:53:34,T0,T1,4.5ft,0.05s
4.24.2026 19:53:34,T0,T1,4.5ft,0.05s
4.24.2026 19:53:34,T0,T1,4.5ft,0.05s
4.24.2026 19:53:34,T0,T1,4.4ft,0.05s
4.24.2026 19:53:35,T0,T1,4.4ft,0.05s
4.24.2026 19:53:35,T0,T1,4.4ft,0.05s
4.24.2026 19:53:35,T0,T1,4.4ft,0.05s
4.24.2026 19:53:35,T0,T1,4.4ft,0.05s
4.24.2026 19:53:35,T0,T1,4.4ft,0.05s
4.24.2026 19:53:35,T0,T1,4.4ft,0.05s
4.24.2026 19:53:35,T0,T1,4.4ft,0.05s
4.24.2026 19:53:35,T0,T1,4.4ft,0.05s
4.24.2026 19:53:35,T0,T1,4.4ft,0.05s
4.24.2026 19:53:35,T0,T1,4.4ft,0.05s
4.24.2026 19:53:35,T0,T1,4.4ft,0.05s
4.24.2026 19:53:35,T0,T1,4.4ft,0.05s
4.24.2026 19:53:35,T0,T1,4.4ft,0.05s
4.24.2026 19:53:35,T0,T1,4.4ft,0.05s
4.24.2026 19:53:35,T0,T1,4.4ft,0.05s
4.24.2026 19:53:35,T0,T1,4.4ft,0.05s
4.24.2026 19:53:35,T0,T1,4.4ft,0.05s
4.24.2026 19:53:35,T0,T1,4.4ft,0.05s
4.24.2026 19:53:35,T0,T1,4.4ft,0.05s
4.24.2026 19:53:35,T0,T1,4.4ft,0.05s
4.24.2026 19:53:36,T0,T1,4.4ft,0.05s
4.24.2026 19:53:36,T0,T1,4.4ft,0.05s
4.24.2026 19:53:36,T0,T1,4.6ft,0.05s
4.24.2026 19:53:36,T0,T1,4.5ft,0.05s
4.24.2026 19:53:36,T0,T1,4.5ft,0.05s
4.24.2026 19:53:36,T0,T1,4.5ft,0.05s
4.24.2026 19:53:36,T0,T1,4.4ft,0.05s
4.24.2026 19:53:36,T0,T1,4.4ft,0.05s
4.24.2026 19:53:36,T0,T1,4.4ft,0.05s
4.24.2026 19:53:36,T0,T1,4.4ft,0.05s
4.24.2026 19:53:36,T0,T1,4.5ft,0.05s
4.24.2026 19:53:36,T0,T1,4.5ft,0.05s
4.24.2026 19:53:36,T0,T1,4.5ft,0.06s
4.24.2026 19:53:36,T0,T1,4.5ft,0.05s
4.24.2026 19:53:36,T0,T1,4.5ft,0.05s
4.24.2026 19:53:36,T0,T1,4.5ft,0.05s
4.24.2026 19:53:36,T0,T1,4.5ft,0.05s
4.24.2026 19:53:36,T0,T1,4.5ft,0.05s
4.24.2026 19:53:36,T0,T1,4.5ft,0.05s
4.24.2026 19:53:37,T0,T1,4.5ft,0.05s
4.24.2026 19:53:37,T0,T1,4.5ft,0.05s
4.24.2026 19:53:37,T0,T1,4.5ft,0.05s
4.24.2026 19:53:37,T0,T1,4.5ft,0.05s
4.24.2026 19:53:37,T0,T1,4.5ft,0.05s
4.24.2026 19:53:37,T0,T1,4.5ft,0.05s
4.24.2026 19:53:37,T0,T1,4.5ft,0.05s
4.24.2026 19:53:37,T0,T1,4.5ft,0.06s
4.24.2026 19:53:37,T0,T1,4.5ft,0.05s
4.24.2026 19:53:37,T0,T1,4.5ft,0.05s
4.24.2026 19:53:37,T0,T1,4.5ft,0.05s
4.24.2026 19:53:37,T0,T1,4.5ft,0.05s
4.24.2026 19:53:37,T0,T1,4.5ft,0.05s
4.24.2026 19:53:37,T0,T1,4.5ft,0.05s
4.24.2026 19:53:37,T0,T1,4.5ft,0.05s
4.24.2026 19:53:37,T0,T1,4.5ft,0.05s
4.24.2026 19:53:37,T0,T1,4.5ft,0.05s
4.24.2026 19:53:37,T0,T1,4.5ft,0.05s
4.24.2026 19:53:37,T0,T1,4.5ft,0.05s
4.24.2026 19:53:37,T0,T1,4.5ft,0.05s
4.24.2026 19:53:38,T0,T1,4.5ft,0.05s
4.24.2026 19:53:38,T0,T1,4.5ft,0.05s
4.24.2026 19:53:38,T0,T1,4.5ft,0.05s
4.24.2026 19:53:38,T0,T1,4.5ft,0.05s
4.24.2026 19:53:38,T0,T1,4.5ft,0.05s
4.24.2026 19:53:38,T0,T1,4.5ft,0.05s
4.24.2026 19:53:38,T0,T1,4.5ft,0.05s
4.24.2026 19:53:38,T0,T1,4.5ft,0.05s
4.24.2026 19:53:38,T0,T1,4.5ft,0.05s
4.24.2026 19:53:38,T0,T1,4.5ft,0.05s
4.24.2026 19:53:38,T0,T1,4.5ft,0.05s
4.24.2026 19:53:38,T0,T1,4.5ft,0.05s
4.24.2026 19:53:38,T0,T1,4.5ft,0.05s
4.24.2026 19:53:38,T0,T1,4.5ft,0.05s
4.24.2026 19:53:38,T0,T1,4.5ft,0.05s
4.24.2026 19:53:38,T0,T1,4.5ft,0.05s
4.24.2026 19:53:38,T0,T1,4.5ft,0.05s
4.24.2026 19:53:38,T0,T1,4.5ft,0.05s
4.24.2026 19:53:38,T0,T1,4.5ft,0.05s
4.24.2026 19:53:38,T0,T1,4.4ft,0.05s
4.24.2026 19:53:39,T0,T1,4.6ft,0.05s
4.24.2026 19:53:39,T0,T1,4.5ft,0.05s
4.24.2026 19:53:39,T0,T1,4.7ft,0.05s
4.24.2026 19:53:39,T0,T1,5.0ft,0.05s
4.24.2026 19:53:39,T0,T1,4.8ft,0.05s
4.24.2026 19:53:39,T0,T1,4.7ft,0.05s
4.24.2026 19:53:39,T0,T1,4.6ft,0.05s
4.24.2026 19:53:39,T0,T1,4.5ft,0.05s
4.24.2026 19:53:39,T0,T1,4.5ft,0.05s
4.24.2026 19:53:39,T0,T1,4.5ft,0.05s
4.24.2026 19:53:39,T0,T1,4.5ft,0.05s
4.24.2026 19:53:39,T0,T1,4.5ft,0.05s
4.24.2026 19:53:39,T0,T1,4.5ft,0.05s
4.24.2026 19:53:39,T0,T1,4.5ft,0.05s
4.24.2026 19:53:39,T0,T1,4.5ft,0.05s
4.24.2026 19:53:39,T0,T1,4.5ft,0.05s
4.24.2026 19:53:39,T0,T1,4.5ft,0.05s
4.24.2026 19:53:39,T0,T1,4.5ft,0.05s
4.24.2026 19:53:39,T0,T1,4.5ft,0.05s
4.24.2026 19:53:40,T0,T1,4.5ft,0.05s
4.24.2026 19:53:40,T0,T1,4.5ft,0.05s
4.24.2026 19:53:40,T0,T1,4.7ft,0.05s
4.24.2026 19:53:40,T0,T1,4.6ft,0.06s
4.24.2026 19:53:40,T0,T1,4.5ft,0.05s
4.24.2026 19:53:40,T0,T1,4.5ft,0.05s
4.24.2026 19:53:40,T0,T1,4.5ft,0.05s
4.24.2026 19:53:40,T0,T1,4.4ft,0.05s
4.24.2026 19:53:40,T0,T1,4.4ft,0.05s
4.24.2026 19:53:40,T0,T1,4.4ft,0.05s
4.24.2026 19:53:40,T0,T1,4.4ft,0.05s
4.24.2026 19:53:40,T0,T1,4.4ft,0.05s
4.24.2026 19:53:40,T0,T1,4.4ft,0.05s
4.24.2026 19:53:40,T0,T1,4.4ft,0.05s
4.24.2026 19:53:40,T0,T1,4.4ft,0.05s
4.24.2026 19:53:40,T0,T1,4.5ft,0.05s
4.24.2026 19:53:40,T0,T1,4.7ft,0.05s
4.24.2026 19:53:40,T0,T1,4.6ft,0.05s
4.24.2026 19:53:40,T0,T1,4.5ft,0.05s
4.24.2026 19:53:40,T0,T1,4.5ft,0.05s
4.24.2026 19:53:41,T0,T1,4.5ft,0.05s
4.24.2026 19:53:41,T0,T1,4.4ft,0.05s
4.24.2026 19:53:41,T0,T1,4.4ft,0.05s
4.24.2026 19:53:41,T0,T1,4.4ft,0.05s
4.24.2026 19:53:41,T0,T1,4.4ft,0.05s
4.24.2026 19:53:41,T0,T1,4.4ft,0.05s
4.24.2026 19:53:41,T0,T1,4.5ft,0.05s
4.24.2026 19:53:41,T0,T1,4.5ft,0.05s
4.24.2026 19:53:41,T0,T1,4.5ft,0.05s
4.24.2026 19:53:41,T0,T1,4.5ft,0.05s
4.24.2026 19:53:41,T0,T1,4.5ft,0.05s
4.24.2026 19:53:41,T0,T1,4.5ft,0.05s
4.24.2026 19:53:41,T0,T1,4.5ft,0.05s
4.24.2026 19:53:41,T0,T1,4.5ft,0.05s
4.24.2026 19:53:41,T0,T1,4.5ft,0.05s
4.24.2026 19:53:41,T0,T1,4.5ft,0.05s
4.24.2026 19:53:41,T0,T1,4.5ft,0.05s
4.24.2026 19:53:41,T0,T1,4.5ft,0.05s
4.24.2026 19:53:41,T0,T1,4.5ft,0.05s
4.24.2026 19:53:42,T0,T1,4.5ft,0.05s
4.24.2026 19:53:42,T0,T1,4.5ft,0.05s
4.24.2026 19:53:42,T0,T1,4.5ft,0.05s
4.24.2026 19:53:42,T0,T1,4.5ft,0.05s
4.24.2026 19:53:42,T0,T1,4.5ft,0.05s
4.24.2026 19:53:42,T0,T1,4.6ft,0.05s
4.24.2026 19:53:42,T0,T1,4.6ft,0.05s
4.24.2026 19:53:42,T0,T1,4.5ft,0.05s
4.24.2026 19:53:42,T0,T1,4.5ft,0.05s
4.24.2026 19:53:42,T0,T1,4.5ft,0.05s
4.24.2026 19:53:42,T0,T1,4.5ft,0.05s
4.24.2026 19:53:42,T0,T1,4.5ft,0.05s
4.24.2026 19:53:42,T0,T1,4.5ft,0.05s
4.24.2026 19:53:42,T0,T1,4.4ft,0.05s
4.24.2026 19:53:42,T0,T1,4.4ft,0.05s
4.24.2026 19:53:42,T0,T1,4.4ft,0.05s
4.24.2026 19:53:42,T0,T1,4.4ft,0.05s
4.24.2026 19:53:42,T0,T1,4.4ft,0.05s
4.24.2026 19:53:42,T0,T1,4.4ft,0.05s
4.24.2026 19:53:42,T0,T1,4.4ft,0.05s
4.24.2026 19:53:43,T0,T1,4.4ft,0.05s
4.24.2026 19:53:43,T0,T1,4.5ft,0.05s
4.24.2026 19:53:43,T0,T1,4.5ft,0.05s
4.24.2026 19:53:43,T0,T1,4.5ft,0.05s
4.24.2026 19:53:43,T0,T1,4.5ft,0.05s
4.24.2026 19:53:43,T0,T1,4.5ft,0.05s
4.24.2026 19:53:43,T0,T1,4.5ft,0.05s
4.24.2026 19:53:43,T0,T1,4.5ft,0.05s
4.24.2026 19:53:43,T0,T1,4.5ft,0.05s
4.24.2026 19:53:43,T0,T1,4.5ft,0.05s
4.24.2026 19:53:43,T0,T1,4.5ft,0.05s
4.24.2026 19:53:43,T0,T1,4.5ft,0.05s
4.24.2026 19:53:43,T0,T1,4.5ft,0.05s
4.24.2026 19:53:43,T0,T1,4.5ft,0.05s
4.24.2026 19:53:43,T0,T1,4.5ft,0.05s
4.24.2026 19:53:43,T0,T1,4.5ft,0.05s
4.24.2026 19:53:43,T0,T1,4.5ft,0.05s
4.24.2026 19:53:43,T0,T1,4.5ft,0.05s
4.24.2026 19:53:43,T0,T1,4.4ft,0.05s
4.24.2026 19:53:43,T0,T1,4.4ft,0.05s
4.24.2026 19:53:44,T0,T1,4.4ft,0.05s
4.24.2026 19:53:44,T0,T1,4.4ft,0.05s
4.24.2026 19:53:44,T0,T1,4.4ft,0.05s
4.24.2026 19:53:44,T0,T1,4.4ft,0.05s
4.24.2026 19:53:44,T0,T1,4.4ft,0.05s
4.24.2026 19:53:44,T0,T1,4.4ft,0.05s
4.24.2026 19:53:44,T0,T1,4.4ft,0.05s
4.24.2026 19:53:44,T0,T1,4.4ft,0.05s
4.24.2026 19:53:44,T0,T1,4.4ft,0.05s
4.24.2026 19:53:44,T0,T1,4.4ft,0.05s
4.24.2026 19:53:44,T0,T1,4.5ft,0.05s
4.24.2026 19:53:44,T0,T1,4.5ft,0.05s
4.24.2026 19:53:44,T0,T1,4.5ft,0.05s
4.24.2026 19:53:44,T0,T1,4.5ft,0.05s
4.24.2026 19:53:44,T0,T1,4.5ft,0.05s
4.24.2026 19:53:44,T0,T1,4.5ft,0.06s
4.24.2026 19:53:44,T0,T1,4.5ft,0.05s
4.24.2026 19:53:44,T0,T1,4.5ft,0.05s
4.24.2026 19:53:44,T0,T1,4.5ft,0.05s
4.24.2026 19:53:45,T0,T1,4.5ft,0.05s
4.24.2026 19:53:45,T0,T1,4.5ft,0.05s
4.24.2026 19:53:45,T0,T1,4.5ft,0.05s
4.24.2026 19:53:45,T0,T1,4.5ft,0.05s
4.24.2026 19:53:45,T0,T1,4.5ft,0.05s
4.24.2026 19:53:45,T0,T1,4.5ft,0.05s
4.24.2026 19:53:45,T0,T1,4.5ft,0.05s
4.24.2026 19:53:45,T0,T1,4.5ft,0.05s
4.24.2026 19:53:45,T0,T1,4.5ft,0.05s
4.24.2026 19:53:45,T0,T1,4.5ft,0.05s
4.24.2026 19:53:45,T0,T1,4.5ft,0.05s
4.24.2026 19:53:45,T0,T1,4.5ft,0.05s
4.24.2026 19:53:45,T0,T1,4.5ft,0.05s
4.24.2026 19:53:45,T0,T1,4.5ft,0.05s
4.24.2026 19:53:45,T0,T1,4.5ft,0.05s
4.24.2026 19:53:45,T0,T1,4.5ft,0.05s
4.24.2026 19:53:45,T0,T1,4.5ft,0.05s
4.24.2026 19:53:45,T0,T1,4.5ft,0.05s
4.24.2026 19:53:45,T0,T1,4.5ft,0.05s
4.24.2026 19:53:45,T0,T1,4.5ft,0.05s
4.24.2026 19:53:46,T0,T1,4.5ft,0.05s
4.24.2026 19:53:46,T0,T1,4.5ft,0.05s
4.24.2026 19:53:46,T0,T1,4.5ft,0.05s
4.24.2026 19:53:46,T0,T1,4.4ft,0.05s
4.24.2026 19:53:46,T0,T1,4.4ft,0.05s
4.24.2026 19:53:46,T0,T1,4.4ft,0.05s
4.24.2026 19:53:46,T0,T1,4.5ft,0.05s
4.24.2026 19:53:46,T0,T1,4.5ft,0.05s
4.24.2026 19:53:46,T0,T1,4.5ft,0.05s
4.24.2026 19:53:46,T0,T1,4.5ft,0.05s
4.24.2026 19:53:46,T0,T1,4.5ft,0.05s
4.24.2026 19:53:46,T0,T1,4.5ft,0.05s
4.24.2026 19:53:46,T0,T1,4.5ft,0.05s
4.24.2026 19:53:46,T0,T1,4.4ft,0.05s
4.24.2026 19:53:46,T0,T1,4.4ft,0.05s
4.24.2026 19:53:46,T0,T1,4.4ft,0.05s
4.24.2026 19:53:46,T0,T1,4.4ft,0.05s
4.24.2026 19:53:46,T0,T1,4.5ft,0.05s
4.24.2026 19:53:46,T0,T1,4.5ft,0.05s
4.24.2026 19:53:46,T0,T1,4.5ft,0.05s
4.24.2026 19:53:47,T0,T1,4.7ft,0.05s
4.24.2026 19:53:47,T0,T1,4.6ft,0.05s
4.24.2026 19:53:47,T0,T1,4.5ft,0.05s
4.24.2026 19:53:47,T0,T1,4.7ft,0.05s
4.24.2026 19:53:47,T0,T1,4.6ft,0.05s
4.24.2026 19:53:47,T0,T1,4.6ft,0.05s
4.24.2026 19:53:47,T0,T1,4.5ft,0.05s
4.24.2026 19:53:47,T0,T1,4.5ft,0.05s
4.24.2026 19:53:47,T0,T1,4.5ft,0.05s
4.24.2026 19:53:47,T0,T1,4.5ft,0.05s
4.24.2026 19:53:47,T0,T1,4.5ft,0.05s
4.24.2026 19:53:47,T0,T1,4.5ft,0.05s
4.24.2026 19:53:47,T0,T1,4.5ft,0.05s
4.24.2026 19:53:47,T0,T1,4.5ft,0.05s
4.24.2026 19:53:47,T0,T1,4.5ft,0.05s
4.24.2026 19:53:47,T0,T1,4.5ft,0.05s
4.24.2026 19:53:47,T0,T1,4.5ft,0.05s
4.24.2026 19:53:47,T0,T1,4.5ft,0.05s
4.24.2026 19:53:47,T0,T1,4.5ft,0.05s
4.24.2026 19:53:48,T0,T1,4.5ft,0.05s
4.24.2026 19:53:48,T0,T1,4.5ft,0.05s
4.24.2026 19:53:48,T0,T1,4.5ft,0.05s
4.24.2026 19:53:48,T0,T1,4.5ft,0.05s
4.24.2026 19:53:48,T0,T1,4.5ft,0.05s
4.24.2026 19:53:48,T0,T1,4.5ft,0.05s
4.24.2026 19:53:48,T0,T1,4.5ft,0.05s
4.24.2026 19:53:48,T0,T1,4.5ft,0.05s
4.24.2026 19:53:48,T0,T1,4.5ft,0.05s
4.24.2026 19:53:48,T0,T1,4.5ft,0.05s
4.24.2026 19:53:48,T0,T1,4.5ft,0.05s
4.24.2026 19:53:48,T0,T1,4.5ft,0.05s
4.24.2026 19:53:48,T0,T1,4.5ft,0.05s
4.24.2026 19:53:48,T0,T1,4.5ft,0.05s
4.24.2026 19:53:48,T0,T1,4.5ft,0.05s
4.24.2026 19:53:48,T0,T1,4.5ft,0.05s
4.24.2026 19:53:48,T0,T1,4.5ft,0.05s
4.24.2026 19:53:48,T0,T1,4.5ft,0.05s
4.24.2026 19:53:48,T0,T1,4.5ft,0.05s
4.24.2026 19:53:48,T0,T1,4.5ft,0.05s
4.24.2026 19:53:49,T0,T1,4.5ft,0.05s
4.24.2026 19:53:49,T0,T1,4.5ft,0.05s
4.24.2026 19:53:49,T0,T1,4.5ft,0.05s
4.24.2026 19:53:49,T0,T1,4.5ft,0.05s
4.24.2026 19:53:49,T0,T1,4.5ft,0.05s
4.24.2026 19:53:49,T0,T1,4.5ft,0.05s
4.24.2026 19:53:49,T0,T1,4.5ft,0.05s
4.24.2026 19:53:49,T0,T1,4.5ft,0.05s
4.24.2026 19:53:49,T0,T1,4.5ft,0.05s
4.24.2026 19:53:49,T0,T1,4.5ft,0.05s
4.24.2026 19:53:49,T0,T1,4.5ft,0.05s
4.24.2026 19:53:49,T0,T1,4.5ft,0.05s
4.24.2026 19:53:49,T0,T1,4.5ft,0.05s
4.24.2026 19:53:49,T0,T1,4.5ft,0.05s
4.24.2026 19:53:49,T0,T1,4.5ft,0.05s
4.24.2026 19:53:49,T0,T1,4.5ft,0.05s
4.24.2026 19:53:49,T0,T1,4.5ft,0.05s
4.24.2026 19:53:49,T0,T1,4.5ft,0.05s
4.24.2026 19:53:49,T0,T1,4.5ft,0.05s
4.24.2026 19:53:49,T0,T1,4.5ft,0.05s
4.24.2026 19:53:50,T0,T1,4.5ft,0.05s
4.24.2026 19:53:50,T0,T1,4.5ft,0.05s
4.24.2026 19:53:50,T0,T1,4.5ft,0.05s
4.24.2026 19:53:50,T0,T1,4.5ft,0.05s
4.24.2026 19:53:50,T0,T1,4.4ft,0.05s
4.24.2026 19:53:50,T0,T1,4.6ft,0.05s
4.24.2026 19:53:50,T0,T1,4.8ft,0.05s
4.24.2026 19:53:50,T0,T1,5.1ft,0.05s
4.24.2026 19:53:50,T0,T1,5.4ft,0.05s
4.24.2026 19:53:50,T0,T1,5.1ft,0.05s
4.24.2026 19:53:50,T0,T1,4.9ft,0.05s
4.24.2026 19:53:50,T0,T1,4.7ft,0.05s
4.24.2026 19:53:50,T0,T1,4.6ft,0.05s
4.24.2026 19:53:50,T0,T1,4.5ft,0.05s
4.24.2026 19:53:50,T0,T1,4.5ft,0.05s
4.24.2026 19:53:50,T0,T1,4.5ft,0.05s
4.24.2026 19:53:50,T0,T1,4.4ft,0.05s
4.24.2026 19:53:50,T0,T1,4.4ft,0.05s
4.24.2026 19:53:50,T0,T1,4.6ft,0.05s
4.24.2026 19:53:51,T0,T1,4.5ft,0.05s
4.24.2026 19:53:51,T0,T1,4.5ft,0.05s
4.24.2026 19:53:51,T0,T1,4.5ft,0.05s
4.24.2026 19:53:51,T0,T1,4.5ft,0.05s
4.24.2026 19:53:51,T0,T1,4.4ft,0.05s
4.24.2026 19:53:51,T0,T1,4.4ft,0.05s
4.24.2026 19:53:51,T0,T1,4.4ft,0.05s
4.24.2026 19:53:51,T0,T1,4.5ft,0.05s
4.24.2026 19:53:51,T0,T1,4.5ft,0.05s
4.24.2026 19:53:51,T0,T1,4.5ft,0.05s
4.24.2026 19:53:51,T0,T1,4.5ft,0.05s
4.24.2026 19:53:51,T0,T1,4.5ft,0.05s
4.24.2026 19:53:51,T0,T1,4.5ft,0.05s
4.24.2026 19:53:51,T0,T1,4.5ft,0.05s
4.24.2026 19:53:51,T0,T1,4.7ft,0.05s
4.24.2026 19:53:51,T0,T1,4.6ft,0.05s
4.24.2026 19:53:51,T0,T1,4.5ft,0.05s
4.24.2026 19:53:51,T0,T1,4.5ft,0.05s
4.24.2026 19:53:51,T0,T1,4.5ft,0.05s
4.24.2026 19:53:51,T0,T1,4.5ft,0.05s
4.24.2026 19:53:52,T0,T1,4.5ft,0.05s
4.24.2026 19:53:52,T0,T1,4.5ft,0.05s
4.24.2026 19:53:52,T0,T1,4.5ft,0.05s
4.24.2026 19:53:52,T0,T1,4.5ft,0.05s
4.24.2026 19:53:52,T0,T1,4.5ft,0.05s
4.24.2026 19:53:52,T0,T1,4.5ft,0.05s
4.24.2026 19:53:52,T0,T1,4.5ft,0.05s
4.24.2026 19:53:52,T0,T1,4.5ft,0.05s
4.24.2026 19:53:52,T0,T1,4.5ft,0.05s
4.24.2026 19:53:52,T0,T1,4.5ft,0.05s
4.24.2026 19:53:52,T0,T1,4.5ft,0.05s
4.24.2026 19:53:52,T0,T1,4.5ft,0.05s
4.24.2026 19:53:52,T0,T1,4.5ft,0.05s
4.24.2026 19:53:52,T0,T1,4.6ft,0.05s
4.24.2026 19:53:52,T0,T1,4.9ft,0.05s
4.24.2026 19:53:52,T0,T1,5.2ft,0.05s
4.24.2026 19:53:52,T0,T1,5.0ft,0.05s
4.24.2026 19:53:52,T0,T1,4.8ft,0.05s
4.24.2026 19:53:52,T0,T1,5.1ft,0.05s
4.24.2026 19:53:52,T0,T1,5.3ft,0.05s
4.24.2026 19:53:53,T0,T1,5.6ft,0.06s
4.24.2026 19:53:53,T0,T1,5.9ft,0.05s
4.24.2026 19:53:53,T0,T1,5.5ft,0.05s
4.24.2026 19:53:53,T0,T1,5.7ft,0.05s
4.24.2026 19:53:53,T0,T1,6.0ft,0.05s
4.24.2026 19:53:53,T0,T1,5.5ft,0.05s
4.24.2026 19:53:53,T0,T1,5.8ft,0.05s
4.24.2026 19:53:53,T0,T1,6.0ft,0.05s
4.24.2026 19:53:53,T0,T1,6.3ft,0.05s
4.24.2026 19:53:53,T0,T1,5.8ft,0.05s
4.24.2026 19:53:53,T0,T1,5.4ft,0.05s
4.24.2026 19:53:53,T0,T1,5.1ft,0.05s
4.24.2026 19:53:53,T0,T1,4.9ft,0.05s
4.24.2026 19:53:53,T0,T1,4.7ft,0.05s
4.24.2026 19:53:53,T0,T1,4.6ft,0.05s
4.24.2026 19:53:53,T0,T1,4.6ft,0.05s
4.24.2026 19:53:53,T0,T1,4.5ft,0.05s
4.24.2026 19:53:53,T0,T1,4.5ft,0.05s
4.24.2026 19:53:53,T0,T1,4.5ft,0.05s
4.24.2026 19:53:54,T0,T1,4.4ft,0.05s
4.24.2026 19:53:54,T0,T1,4.4ft,0.05s
4.24.2026 19:53:54,T0,T1,4.4ft,0.05s
4.24.2026 19:53:54,T0,T1,4.4ft,0.06s
4.24.2026 19:53:54,T0,T1,4.4ft,0.05s
4.24.2026 19:53:54,T0,T1,4.5ft,0.05s
4.24.2026 19:53:54,T0,T1,4.7ft,0.05s
4.24.2026 19:53:54,T0,T1,4.6ft,0.05s
4.24.2026 19:53:54,T0,T1,4.5ft,0.05s
4.24.2026 19:53:54,T0,T1,4.5ft,0.05s
4.24.2026 19:53:54,T0,T1,4.5ft,0.05s
4.24.2026 19:53:54,T0,T1,4.6ft,0.05s
4.24.2026 19:53:54,T0,T1,4.6ft,0.05s
4.24.2026 19:53:54,T0,T1,4.5ft,0.05s
4.24.2026 19:53:54,T0,T1,4.5ft,0.05s
4.24.2026 19:53:54,T0,T1,4.7ft,0.05s
4.24.2026 19:53:54,T0,T1,4.6ft,0.05s
4.24.2026 19:53:54,T0,T1,4.5ft,0.05s
4.24.2026 19:53:54,T0,T1,4.5ft,0.05s
4.24.2026 19:53:54,T0,T1,4.5ft,0.05s
4.24.2026 19:53:55,T0,T1,4.5ft,0.05s
4.24.2026 19:53:55,T0,T1,4.5ft,0.05s
4.24.2026 19:53:55,T0,T1,4.6ft,0.05s
4.24.2026 19:53:55,T0,T1,4.5ft,0.05s
4.24.2026 19:53:55,T0,T1,4.5ft,0.05s
4.24.2026 19:53:55,T0,T1,4.5ft,0.05s
4.24.2026 19:53:55,T0,T1,4.6ft,0.05s
4.24.2026 19:53:55,T0,T1,4.9ft,0.05s
4.24.2026 19:53:55,T0,T1,5.2ft,0.05s
4.24.2026 19:53:55,T0,T1,4.9ft,0.05s
4.24.2026 19:53:55,T0,T1,4.8ft,0.05s
4.24.2026 19:53:55,T0,T1,4.7ft,0.05s
4.24.2026 19:53:55,T0,T1,4.6ft,0.05s
4.24.2026 19:53:55,T0,T1,4.5ft,0.05s
4.24.2026 19:53:55,T0,T1,4.5ft,0.05s
4.24.2026 19:53:55,T0,T1,4.5ft,0.05s
4.24.2026 19:53:55,T0,T1,4.5ft,0.05s
4.24.2026 19:53:55,T0,T1,4.5ft,0.05s
4.24.2026 19:53:55,T0,T1,4.5ft,0.05s
4.24.2026 19:53:55,T0,T1,4.5ft,0.05s
4.24.2026 19:53:56,T0,T1,4.5ft,0.05s
4.24.2026 19:53:56,T0,T1,4.5ft,0.05s
4.24.2026 19:53:56,T0,T1,4.5ft,0.05s
4.24.2026 19:53:56,T0,T1,4.5ft,0.05s
4.24.2026 19:53:56,T0,T1,4.5ft,0.05s
4.24.2026 19:53:56,T0,T1,4.5ft,0.05s
4.24.2026 19:53:56,T0,T1,4.5ft,0.05s
4.24.2026 19:53:56,T0,T1,4.5ft,0.05s
4.24.2026 19:53:56,T0,T1,4.5ft,0.05s
4.24.2026 19:53:56,T0,T1,4.5ft,0.05s
4.24.2026 19:53:56,T0,T1,4.5ft,0.05s
4.24.2026 19:53:56,T0,T1,4.5ft,0.05s
4.24.2026 19:53:56,T0,T1,4.5ft,0.05s
4.24.2026 19:53:56,T0,T1,4.5ft,0.05s
4.24.2026 19:53:56,T0,T1,4.5ft,0.05s
4.24.2026 19:53:56,T0,T1,4.5ft,0.05s
4.24.2026 19:53:56,T0,T1,4.5ft,0.05s
4.24.2026 19:53:56,T0,T1,4.5ft,0.05s
4.24.2026 19:53:56,T0,T1,4.5ft,0.05s
4.24.2026 19:53:57,T0,T1,4.5ft,0.05s
4.24.2026 19:53:57,T0,T1,4.5ft,0.05s
4.24.2026 19:53:57,T0,T1,4.5ft,0.05s
4.24.2026 19:53:57,T0,T1,4.5ft,0.05s
4.24.2026 19:53:57,T0,T1,4.5ft,0.05s
4.24.2026 19:53:57,T0,T1,4.5ft,0.05s
4.24.2026 19:53:57,T0,T1,4.5ft,0.05s
4.24.2026 19:53:57,T0,T1,4.5ft,0.05s
4.24.2026 19:53:57,T0,T1,4.5ft,0.05s
4.24.2026 19:53:57,T0,T1,4.5ft,0.05s
4.24.2026 19:53:57,T0,T1,4.5ft,0.05s
4.24.2026 19:53:57,T0,T1,4.5ft,0.05s
4.24.2026 19:53:57,T0,T1,4.5ft,0.05s
4.24.2026 19:53:57,T0,T1,4.5ft,0.05s
4.24.2026 19:53:57,T0,T1,4.5ft,0.05s
4.24.2026 19:53:57,T0,T1,4.5ft,0.05s
4.24.2026 19:53:57,T0,T1,4.5ft,0.05s
4.24.2026 19:53:57,T0,T1,4.5ft,0.05s
4.24.2026 19:53:57,T0,T1,4.5ft,0.05s
4.24.2026 19:53:57,T0,T1,4.5ft,0.05s
4.24.2026 19:53:58,T0,T1,4.5ft,0.05s
4.24.2026 19:53:58,T0,T1,4.5ft,0.05s
4.24.2026 19:53:58,T0,T1,4.5ft,0.05s
4.24.2026 19:53:58,T0,T1,4.5ft,0.05s
4.24.2026 19:53:58,T0,T1,4.5ft,0.05s
4.24.2026 19:53:58,T0,T1,4.5ft,0.05s
4.24.2026 19:53:58,T0,T1,4.5ft,0.05s
4.24.2026 19:53:58,T0,T1,4.6ft,0.05s
4.24.2026 19:53:58,T0,T1,4.6ft,0.05s
4.24.2026 19:53:58,T0,T1,4.5ft,0.05s
4.24.2026 19:53:58,T0,T1,4.7ft,0.05s
4.24.2026 19:53:58,T0,T1,4.6ft,0.05s
4.24.2026 19:53:58,T0,T1,4.5ft,0.05s
4.24.2026 19:53:58,T0,T1,4.5ft,0.05s
4.24.2026 19:53:58,T0,T1,4.5ft,0.05s
4.24.2026 19:53:58,T0,T1,4.6ft,0.05s
4.24.2026 19:53:58,T0,T1,4.9ft,0.05s
4.24.2026 19:53:58,T0,T1,4.7ft,0.05s
4.24.2026 19:53:58,T0,T1,4.6ft,0.05s
4.24.2026 19:53:58,T0,T1,4.5ft,0.05s
4.24.2026 19:53:59,T0,T1,4.5ft,0.05s
4.24.2026 19:53:59,T0,T1,4.5ft,0.05s
4.24.2026 19:53:59,T0,T1,4.4ft,0.05s
4.24.2026 19:53:59,T0,T1,4.4ft,0.05s
4.24.2026 19:53:59,T0,T1,4.4ft,0.05s
4.24.2026 19:53:59,T0,T1,4.4ft,0.05s
4.24.2026 19:53:59,T0,T1,4.4ft,0.05s
4.24.2026 19:53:59,T0,T1,4.4ft,0.05s
4.24.2026 19:53:59,T0,T1,4.4ft,0.05s
4.24.2026 19:53:59,T0,T1,4.5ft,0.05s
4.24.2026 19:53:59,T0,T1,4.7ft,0.05s
4.24.2026 19:53:59,T0,T1,5.0ft,0.05s
4.24.2026 19:53:59,T0,T1,4.8ft,0.05s
4.24.2026 19:53:59,T0,T1,4.7ft,0.05s
4.24.2026 19:53:59,T0,T1,4.6ft,0.06s
4.24.2026 19:53:59,T0,T1,4.5ft,0.05s
4.24.2026 19:53:59,T0,T1,4.7ft,0.05s
4.24.2026 19:53:59,T0,T1,5.0ft,0.05s
4.24.2026 19:53:59,T0,T1,4.8ft,0.05s
4.24.2026 19:54:00,T0,T1,4.7ft,0.05s
4.24.2026 19:54:00,T0,T1,4.6ft,0.05s
4.24.2026 19:54:00,T0,T1,4.6ft,0.05s
4.24.2026 19:54:00,T0,T1,4.5ft,0.05s
4.24.2026 19:54:00,T0,T1,4.5ft,0.05s
4.24.2026 19:54:00,T0,T1,4.5ft,0.05s
4.24.2026 19:54:00,T0,T1,4.5ft,0.05s
4.24.2026 19:54:00,T0,T1,4.5ft,0.05s
4.24.2026 19:54:00,T0,T1,4.5ft,0.05s
4.24.2026 19:54:00,T0,T1,4.5ft,0.05s
4.24.2026 19:54:00,T0,T1,4.5ft,0.05s
4.24.2026 19:54:00,T0,T1,4.5ft,0.05s
4.24.2026 19:54:00,T0,T1,4.5ft,0.05s
4.24.2026 19:54:00,T0,T1,4.5ft,0.05s
4.24.2026 19:54:00,T0,T1,4.5ft,0.05s
4.24.2026 19:54:00,T0,T1,4.5ft,0.05s
4.24.2026 19:54:00,T0,T1,4.5ft,0.05s
4.24.2026 19:54:00,T0,T1,4.5ft,0.05s
4.24.2026 19:54:00,T0,T1,4.5ft,0.05s
4.24.2026 19:54:00,T0,T1,4.5ft,0.05s
4.24.2026 19:54:01,T0,T1,4.5ft,0.05s
4.24.2026 19:54:01,T0,T1,4.5ft,0.05s
4.24.2026 19:54:01,T0,T1,4.5ft,0.05s
4.24.2026 19:54:01,T0,T1,4.5ft,0.05s
4.24.2026 19:54:01,T0,T1,4.5ft,0.05s
4.24.2026 19:54:01,T0,T1,4.5ft,0.05s
4.24.2026 19:54:01,T0,T1,4.5ft,0.05s
4.24.2026 19:54:01,T0,T1,4.6ft,0.05s
4.24.2026 19:54:01,T0,T1,4.8ft,0.05s
4.24.2026 19:54:01,T0,T1,4.7ft,0.05s
4.24.2026 19:54:01,T0,T1,4.6ft,0.05s
4.24.2026 19:54:01,T0,T1,4.6ft,0.05s
4.24.2026 19:54:01,T0,T1,4.5ft,0.05s
4.24.2026 19:54:01,T0,T1,4.5ft,0.05s
4.24.2026 19:54:01,T0,T1,4.7ft,0.05s
4.24.2026 19:54:01,T0,T1,4.9ft,0.05s
4.24.2026 19:54:01,T0,T1,5.2ft,0.05s
4.24.2026 19:54:01,T0,T1,5.5ft,0.05s
4.24.2026 19:54:01,T0,T1,5.2ft,0.05s
4.24.2026 19:54:02,T0,T1,5.0ft,0.05s
4.24.2026 19:54:02,T0,T1,4.8ft,0.05s
4.24.2026 19:54:02,T0,T1,4.7ft,0.05s
4.24.2026 19:54:02,T0,T1,4.6ft,0.05s
4.24.2026 19:54:02,T0,T1,4.6ft,0.05s
4.24.2026 19:54:02,T0,T1,4.5ft,0.05s
4.24.2026 19:54:02,T0,T1,4.5ft,0.05s
4.24.2026 19:54:02,T0,T1,4.5ft,0.05s
4.24.2026 19:54:02,T0,T1,4.5ft,0.05s
4.24.2026 19:54:02,T0,T1,4.5ft,0.05s
4.24.2026 19:54:02,T0,T1,4.5ft,0.05s
4.24.2026 19:54:02,T0,T1,4.5ft,0.05s
4.24.2026 19:54:02,T0,T1,4.5ft,0.05s
4.24.2026 19:54:02,T0,T1,4.5ft,0.05s
4.24.2026 19:54:02,T0,T1,4.5ft,0.05s
4.24.2026 19:54:02,T0,T1,4.5ft,0.05s
4.24.2026 19:54:02,T0,T1,4.5ft,0.05s
4.24.2026 19:54:02,T0,T1,4.5ft,0.05s
4.24.2026 19:54:02,T0,T1,4.5ft,0.05s
4.24.2026 19:54:02,T0,T1,4.5ft,0.05s
4.24.2026 19:54:03,T0,T1,4.5ft,0.05s
4.24.2026 19:54:03,T0,T1,4.7ft,0.05s
4.24.2026 19:54:03,T0,T1,4.9ft,0.05s
4.24.2026 19:54:03,T0,T1,5.2ft,0.05s
4.24.2026 19:54:03,T0,T1,5.0ft,0.05s
4.24.2026 19:54:03,T0,T1,4.8ft,0.05s
4.24.2026 19:54:03,T0,T1,4.7ft,0.05s
4.24.2026 19:54:03,T0,T1,4.6ft,0.05s
4.24.2026 19:54:03,T0,T1,4.8ft,0.05s
4.24.2026 19:54:03,T0,T1,5.1ft,0.05s
4.24.2026 19:54:03,T0,T1,5.4ft,0.05s
4.24.2026 19:54:03,T0,T1,5.1ft,0.05s
4.24.2026 19:54:03,T0,T1,4.9ft,0.05s
4.24.2026 19:54:03,T0,T1,4.7ft,0.05s
4.24.2026 19:54:03,T0,T1,4.6ft,0.05s
4.24.2026 19:54:03,T0,T1,4.6ft,0.05s
4.24.2026 19:54:03,T0,T1,4.5ft,0.05s
4.24.2026 19:54:03,T0,T1,4.5ft,0.05s
4.24.2026 19:54:03,T0,T1,4.5ft,0.05s
4.24.2026 19:54:03,T0,T1,4.5ft,0.05s
4.24.2026 19:54:04,T0,T1,4.5ft,0.05s
4.24.2026 19:54:04,T0,T1,4.5ft,0.05s
4.24.2026 19:54:04,T0,T1,4.5ft,0.05s
4.24.2026 19:54:04,T0,T1,4.5ft,0.05s
4.24.2026 19:54:04,T0,T1,4.7ft,0.05s
4.24.2026 19:54:04,T0,T1,5.0ft,0.05s
4.24.2026 19:54:04,T0,T1,5.3ft,0.05s
4.24.2026 19:54:04,T0,T1,5.6ft,0.05s
4.24.2026 19:54:04,T0,T1,5.2ft,0.05s
4.24.2026 19:54:04,T0,T1,5.0ft,0.05s
4.24.2026 19:54:04,T0,T1,4.8ft,0.05s
4.24.2026 19:54:04,T0,T1,4.7ft,0.05s
4.24.2026 19:54:04,T0,T1,4.9ft,0.05s
4.24.2026 19:54:04,T0,T1,5.2ft,0.05s
4.24.2026 19:54:04,T0,T1,5.5ft,0.05s
4.24.2026 19:54:04,T0,T1,5.2ft,0.05s
4.24.2026 19:54:04,T0,T1,4.9ft,0.05s
4.24.2026 19:54:04,T0,T1,4.8ft,0.05s
4.24.2026 19:54:04,T0,T1,4.6ft,0.05s
4.24.2026 19:54:05,T0,T1,4.6ft,0.05s
4.24.2026 19:54:05,T0,T1,4.5ft,0.05s
4.24.2026 19:54:05,T0,T1,4.5ft,0.05s
4.24.2026 19:54:05,T0,T1,4.5ft,0.05s
4.24.2026 19:54:05,T0,T1,4.5ft,0.05s
4.24.2026 19:54:05,T0,T1,4.4ft,0.05s
4.24.2026 19:54:05,T0,T1,4.4ft,0.05s
4.24.2026 19:54:05,T0,T1,4.4ft,0.05s
4.24.2026 19:54:05,T0,T1,4.5ft,0.05s
4.24.2026 19:54:05,T0,T1,4.5ft,0.05s
4.24.2026 19:54:05,T0,T1,4.5ft,0.05s
4.24.2026 19:54:05,T0,T1,4.5ft,0.05s
4.24.2026 19:54:05,T0,T1,4.7ft,0.05s
4.24.2026 19:54:05,T0,T1,5.0ft,0.05s
4.24.2026 19:54:05,T0,T1,5.2ft,0.05s
4.24.2026 19:54:05,T0,T1,5.0ft,0.05s
4.24.2026 19:54:05,T0,T1,4.8ft,0.05s
4.24.2026 19:54:05,T0,T1,4.7ft,0.05s
4.24.2026 19:54:05,T0,T1,4.6ft,0.05s
4.24.2026 19:54:05,T0,T1,4.5ft,0.05s
4.24.2026 19:54:06,T0,T1,4.5ft,0.05s
4.24.2026 19:54:06,T0,T1,4.5ft,0.05s
4.24.2026 19:54:06,T0,T1,4.4ft,0.05s
4.24.2026 19:54:06,T0,T1,4.4ft,0.05s
4.24.2026 19:54:06,T0,T1,4.4ft,0.05s
4.24.2026 19:54:06,T0,T1,4.4ft,0.05s
4.24.2026 19:54:06,T0,T1,4.4ft,0.05s
4.24.2026 19:54:06,T0,T1,4.4ft,0.05s
4.24.2026 19:54:06,T0,T1,4.4ft,0.05s
4.24.2026 19:54:06,T0,T1,4.4ft,0.06s
4.24.2026 19:54:06,T0,T1,4.4ft,0.05s
4.24.2026 19:54:06,T0,T1,4.4ft,0.05s
4.24.2026 19:54:06,T0,T1,4.4ft,0.05s
4.24.2026 19:54:06,T0,T1,4.4ft,0.05s
4.24.2026 19:54:06,T0,T1,4.4ft,0.05s
4.24.2026 19:54:06,T0,T1,4.4ft,0.05s
4.24.2026 19:54:06,T0,T1,4.4ft,0.05s
4.24.2026 19:54:06,T0,T1,4.4ft,0.05s
4.24.2026 19:54:06,T0,T1,4.4ft,0.05s
4.24.2026 19:54:06,T0,T1,4.4ft,0.05s
4.24.2026 19:54:07,T0,T1,4.4ft,0.05s
4.24.2026 19:54:07,T0,T1,4.4ft,0.05s
4.24.2026 19:54:07,T0,T1,4.5ft,0.05s
4.24.2026 19:54:07,T0,T1,4.8ft,0.05s
4.24.2026 19:54:07,T0,T1,4.7ft,0.05s
4.24.2026 19:54:07,T0,T1,4.6ft,0.05s
4.24.2026 19:54:07,T0,T1,4.5ft,0.05s
4.24.2026 19:54:07,T0,T1,4.5ft,0.05s
4.24.2026 19:54:07,T0,T1,4.5ft,0.05s
4.24.2026 19:54:07,T0,T1,4.4ft,0.05s
4.24.2026 19:54:07,T0,T1,4.4ft,0.05s
4.24.2026 19:54:07,T0,T1,4.4ft,0.05s
4.24.2026 19:54:07,T0,T1,4.4ft,0.05s
4.24.2026 19:54:07,T0,T1,4.5ft,0.05s
4.24.2026 19:54:07,T0,T1,4.5ft,0.05s
4.24.2026 19:54:07,T0,T1,4.4ft,0.05s
4.24.2026 19:54:07,T0,T1,4.4ft,0.05s
4.24.2026 19:54:07,T0,T1,4.4ft,0.05s
4.24.2026 19:54:07,T0,T1,4.4ft,0.05s
4.24.2026 19:54:08,T0,T1,4.4ft,0.05s
4.24.2026 19:54:08,T0,T1,4.4ft,0.05s
4.24.2026 19:54:08,T0,T1,4.4ft,0.05s
4.24.2026 19:54:08,T0,T1,4.4ft,0.05s
4.24.2026 19:54:08,T0,T1,4.4ft,0.05s
4.24.2026 19:54:08,T0,T1,4.4ft,0.05s
4.24.2026 19:54:08,T0,T1,4.4ft,0.05s
4.24.2026 19:54:08,T0,T1,4.4ft,0.05s
4.24.2026 19:54:08,T0,T1,4.4ft,0.05s
4.24.2026 19:54:08,T0,T1,4.4ft,0.05s
4.24.2026 19:54:08,T0,T1,4.4ft,0.05s
4.24.2026 19:54:08,T0,T1,4.4ft,0.05s
4.24.2026 19:54:08,T0,T1,4.4ft,0.05s
4.24.2026 19:54:08,T0,T1,4.5ft,0.05s
4.24.2026 19:54:08,T0,T1,4.5ft,0.05s
4.24.2026 19:54:08,T0,T1,4.5ft,0.05s
4.24.2026 19:54:08,T0,T1,4.5ft,0.05s
4.24.2026 19:54:08,T0,T1,4.5ft,0.05s
4.24.2026 19:54:08,T0,T1,4.5ft,0.05s
4.24.2026 19:54:08,T0,T1,4.5ft,0.05s
4.24.2026 19:54:09,T0,T1,4.5ft,0.05s
4.24.2026 19:54:09,T0,T1,4.5ft,0.05s
4.24.2026 19:54:09,T0,T1,4.5ft,0.05s
4.24.2026 19:54:09,T0,T1,4.5ft,0.05s
4.24.2026 19:54:09,T0,T1,4.5ft,0.05s
4.24.2026 19:54:09,T0,T1,4.5ft,0.05s
4.24.2026 19:54:09,T0,T1,4.5ft,0.05s
4.24.2026 19:54:09,T0,T1,4.5ft,0.05s
4.24.2026 19:54:09,T0,T1,4.5ft,0.05s
4.24.2026 19:54:09,T0,T1,4.5ft,0.05s
4.24.2026 19:54:09,T0,T1,4.5ft,0.05s
4.24.2026 19:54:09,T0,T1,4.6ft,0.05s
4.24.2026 19:54:09,T0,T1,4.8ft,0.05s
4.24.2026 19:54:09,T0,T1,5.0ft,0.05s
4.24.2026 19:54:09,T0,T1,4.8ft,0.05s
4.24.2026 19:54:09,T0,T1,4.7ft,0.05s
4.24.2026 19:54:09,T0,T1,4.6ft,0.05s
4.24.2026 19:54:09,T0,T1,4.5ft,0.05s
4.24.2026 19:54:09,T0,T1,4.5ft,0.05s
4.24.2026 19:54:09,T0,T1,4.5ft,0.05s
4.24.2026 19:54:10,T0,T1,4.4ft,0.05s
4.24.2026 19:54:10,T0,T1,4.4ft,0.05s
4.24.2026 19:54:10,T0,T1,4.4ft,0.05s
4.24.2026 19:54:10,T0,T1,4.4ft,0.05s
4.24.2026 19:54:10,T0,T1,4.4ft,0.05s
4.24.2026 19:54:10,T0,T1,4.4ft,0.05s
4.24.2026 19:54:10,T0,T1,4.4ft,0.05s
4.24.2026 19:54:10,T0,T1,4.5ft,0.06s
4.24.2026 19:54:10,T0,T1,4.5ft,0.05s
4.24.2026 19:54:10,T0,T1,4.5ft,0.05s
4.24.2026 19:54:10,T0,T1,4.5ft,0.06s
4.24.2026 19:54:10,T0,T1,4.5ft,0.05s
4.24.2026 19:54:10,T0,T1,4.5ft,0.05s
4.24.2026 19:54:10,T0,T1,4.5ft,0.05s
4.24.2026 19:54:10,T0,T1,4.5ft,0.05s
4.24.2026 19:54:10,T0,T1,4.5ft,0.05s
4.24.2026 19:54:10,T0,T1,4.5ft,0.05s
4.24.2026 19:54:10,T0,T1,4.5ft,0.05s
4.24.2026 19:54:10,T0,T1,4.5ft,0.05s
4.24.2026 19:54:11,T0,T1,4.5ft,0.05s
4.24.2026 19:54:11,T0,T1,4.5ft,0.05s
4.24.2026 19:54:11,T0,T1,4.5ft,0.05s
4.24.2026 19:54:11,T0,T1,4.5ft,0.05s
4.24.2026 19:54:11,T0,T1,4.5ft,0.05s
4.24.2026 19:54:11,T0,T1,4.5ft,0.05s
4.24.2026 19:54:11,T0,T1,4.5ft,0.05s
4.24.2026 19:54:11,T0,T1,4.5ft,0.05s
4.24.2026 19:54:11,T0,T1,4.5ft,0.05s
4.24.2026 19:54:11,T0,T1,4.5ft,0.05s
4.24.2026 19:54:11,T0,T1,4.6ft,0.05s
4.24.2026 19:54:11,T0,T1,4.9ft,0.05s
4.24.2026 19:54:11,T0,T1,5.2ft,0.05s
4.24.2026 19:54:11,T0,T1,4.9ft,0.05s
4.24.2026 19:54:11,T0,T1,4.8ft,0.05s
4.24.2026 19:54:11,T0,T1,4.6ft,0.05s
4.24.2026 19:54:11,T0,T1,4.6ft,0.05s
4.24.2026 19:54:11,T0,T1,4.8ft,0.05s
4.24.2026 19:54:11,T0,T1,5.1ft,0.05s
4.24.2026 19:54:12,T0,T1,5.3ft,0.05s
4.24.2026 19:54:12,T0,T1,5.1ft,0.05s
4.24.2026 19:54:12,T0,T1,5.4ft,0.05s
4.24.2026 19:54:12,T0,T1,5.7ft,0.05s
4.24.2026 19:54:12,T0,T1,6.0ft,0.05s
4.24.2026 19:54:12,T0,T1,5.6ft,0.05s
4.24.2026 19:54:12,T0,T1,5.3ft,0.05s
4.24.2026 19:54:12,T0,T1,5.0ft,0.05s
4.24.2026 19:54:12,T0,T1,4.9ft,0.05s
4.24.2026 19:54:12,T0,T1,4.7ft,0.05s
4.24.2026 19:54:12,T0,T1,4.7ft,0.05s
4.24.2026 19:54:12,T0,T1,4.6ft,0.05s
4.24.2026 19:54:12,T0,T1,4.6ft,0.05s
4.24.2026 19:54:12,T0,T1,4.5ft,0.05s
4.24.2026 19:54:12,T0,T1,4.5ft,0.05s
4.24.2026 19:54:12,T0,T1,4.5ft,0.05s
4.24.2026 19:54:12,T0,T1,4.5ft,0.05s
4.24.2026 19:54:12,T0,T1,4.5ft,0.05s
4.24.2026 19:54:12,T0,T1,4.5ft,0.05s
4.24.2026 19:54:12,T0,T1,4.5ft,0.05s
4.24.2026 19:54:13,T0,T1,4.5ft,0.05s
4.24.2026 19:54:13,T0,T1,4.5ft,0.05s
4.24.2026 19:54:13,T0,T1,4.6ft,0.05s
4.24.2026 19:54:13,T0,T1,4.8ft,0.05s
4.24.2026 19:54:13,T0,T1,5.1ft,0.05s
4.24.2026 19:54:13,T0,T1,5.4ft,0.05s
4.24.2026 19:54:13,T0,T1,5.7ft,0.05s
4.24.2026 19:54:13,T0,T1,5.9ft,0.05s
4.24.2026 19:54:13,T0,T1,6.1ft,0.05s
4.24.2026 19:54:13,T0,T1,5.7ft,0.05s
4.24.2026 19:54:13,T0,T1,5.3ft,0.05s
4.24.2026 19:54:13,T0,T1,5.0ft,0.05s
4.24.2026 19:54:13,T0,T1,5.3ft,0.05s
4.24.2026 19:54:13,T0,T1,5.6ft,0.05s
4.24.2026 19:54:13,T0,T1,5.9ft,0.05s
4.24.2026 19:54:13,T0,T1,6.1ft,0.05s
4.24.2026 19:54:13,T0,T1,5.6ft,0.05s
4.24.2026 19:54:13,T0,T1,5.3ft,0.05s
4.24.2026 19:54:13,T0,T1,5.0ft,0.05s
4.24.2026 19:54:13,T0,T1,4.8ft,0.05s
4.24.2026 19:54:14,T0,T1,4.7ft,0.05s
4.24.2026 19:54:14,T0,T1,4.6ft,0.05s
4.24.2026 19:54:14,T0,T1,4.5ft,0.05s
4.24.2026 19:54:14,T0,T1,4.5ft,0.05s
4.24.2026 19:54:14,T0,T1,4.5ft,0.05s
4.24.2026 19:54:14,T0,T1,4.5ft,0.05s
4.24.2026 19:54:14,T0,T1,4.6ft,0.05s
4.24.2026 19:54:14,T0,T1,4.9ft,0.05s
4.24.2026 19:54:14,T0,T1,4.7ft,0.05s
4.24.2026 19:54:14,T0,T1,4.6ft,0.05s
4.24.2026 19:54:14,T0,T1,4.6ft,0.05s
4.24.2026 19:54:14,T0,T1,4.5ft,0.05s
4.24.2026 19:54:14,T0,T1,4.5ft,0.05s
4.24.2026 19:54:14,T0,T1,4.5ft,0.05s
4.24.2026 19:54:14,T0,T1,4.6ft,0.05s
4.24.2026 19:54:14,T0,T1,4.5ft,0.05s
4.24.2026 19:54:14,T0,T1,4.5ft,0.05s
4.24.2026 19:54:14,T0,T1,4.7ft,0.05s
4.24.2026 19:54:14,T0,T1,4.6ft,0.05s
4.24.2026 19:54:15,T0,T1,4.5ft,0.05s
4.24.2026 19:54:15,T0,T1,4.5ft,0.05s
4.24.2026 19:54:15,T0,T1,4.5ft,0.05s
4.24.2026 19:54:15,T0,T1,4.5ft,0.05s
4.24.2026 19:54:15,T0,T1,4.4ft,0.05s
4.24.2026 19:54:15,T0,T1,4.4ft,0.05s
4.24.2026 19:54:15,T0,T1,4.5ft,0.05s
4.24.2026 19:54:15,T0,T1,4.5ft,0.05s
4.24.2026 19:54:15,T0,T1,4.5ft,0.05s
4.24.2026 19:54:15,T0,T1,4.5ft,0.05s
4.24.2026 19:54:15,T0,T1,4.5ft,0.05s
4.24.2026 19:54:15,T0,T1,4.7ft,0.05s
4.24.2026 19:54:15,T0,T1,4.6ft,0.05s
4.24.2026 19:54:15,T0,T1,4.9ft,0.05s
4.24.2026 19:54:15,T0,T1,5.1ft,0.05s
4.24.2026 19:54:15,T0,T1,5.4ft,0.05s
4.24.2026 19:54:15,T0,T1,5.1ft,0.05s
4.24.2026 19:54:15,T0,T1,4.9ft,0.05s
4.24.2026 19:54:15,T0,T1,4.8ft,0.05s
4.24.2026 19:54:15,T0,T1,4.6ft,0.05s
4.24.2026 19:54:16,T0,T1,4.6ft,0.05s
4.24.2026 19:54:16,T0,T1,4.5ft,0.05s
4.24.2026 19:54:16,T0,T1,4.5ft,0.05s
4.24.2026 19:54:16,T0,T1,4.5ft,0.05s
4.24.2026 19:54:16,T0,T1,4.4ft,0.05s
4.24.2026 19:54:16,T0,T1,4.4ft,0.05s
4.24.2026 19:54:16,T0,T1,4.4ft,0.05s
4.24.2026 19:54:16,T0,T1,4.4ft,0.05s
4.24.2026 19:54:16,T0,T1,4.5ft,0.05s
4.24.2026 19:54:16,T0,T1,4.7ft,0.05s
4.24.2026 19:54:16,T0,T1,4.6ft,0.05s
4.24.2026 19:54:16,T0,T1,4.6ft,0.05s
4.24.2026 19:54:16,T0,T1,4.5ft,0.05s
4.24.2026 19:54:16,T0,T1,4.7ft,0.05s
4.24.2026 19:54:16,T0,T1,5.0ft,0.05s
4.24.2026 19:54:16,T0,T1,4.8ft,0.05s
4.24.2026 19:54:16,T0,T1,4.7ft,0.05s
4.24.2026 19:54:16,T0,T1,4.6ft,0.05s
4.24.2026 19:54:16,T0,T1,4.8ft,0.05s
4.24.2026 19:54:16,T0,T1,5.1ft,0.05s
4.24.2026 19:54:17,T0,T1,5.4ft,0.05s
4.24.2026 19:54:17,T0,T1,5.6ft,0.05s
4.24.2026 19:54:17,T0,T1,5.3ft,0.05s
4.24.2026 19:54:17,T0,T1,5.0ft,0.05s
4.24.2026 19:54:17,T0,T1,4.8ft,0.05s
4.24.2026 19:54:17,T0,T1,4.7ft,0.05s
4.24.2026 19:54:17,T0,T1,4.6ft,0.05s
4.24.2026 19:54:17,T0,T1,4.6ft,0.05s
4.24.2026 19:54:17,T0,T1,4.5ft,0.05s
4.24.2026 19:54:17,T0,T1,4.5ft,0.05s
4.24.2026 19:54:17,T0,T1,4.5ft,0.05s
4.24.2026 19:54:17,T0,T1,4.5ft,0.05s
4.24.2026 19:54:17,T0,T1,4.4ft,0.05s
4.24.2026 19:54:17,T0,T1,4.4ft,0.05s
4.24.2026 19:54:17,T0,T1,4.4ft,0.05s
4.24.2026 19:54:17,T0,T1,4.4ft,0.05s
4.24.2026 19:54:17,T0,T1,4.4ft,0.05s
4.24.2026 19:54:17,T0,T1,4.4ft,0.05s
4.24.2026 19:54:17,T0,T1,4.4ft,0.05s
4.24.2026 19:54:18,T0,T1,4.4ft,0.05s
4.24.2026 19:54:18,T0,T1,4.5ft,0.05s
4.24.2026 19:54:18,T0,T1,4.5ft,0.05s
4.24.2026 19:54:18,T0,T1,4.5ft,0.05s
4.24.2026 19:54:18,T0,T1,4.5ft,0.05s
4.24.2026 19:54:18,T0,T1,4.5ft,0.05s
4.24.2026 19:54:18,T0,T1,4.5ft,0.05s
4.24.2026 19:54:18,T0,T1,4.5ft,0.05s
4.24.2026 19:54:18,T0,T1,4.7ft,0.05s
4.24.2026 19:54:18,T0,T1,4.9ft,0.05s
4.24.2026 19:54:18,T0,T1,4.8ft,0.05s
4.24.2026 19:54:18,T0,T1,4.7ft,0.05s
4.24.2026 19:54:18,T0,T1,4.6ft,0.05s
4.24.2026 19:54:18,T0,T1,4.8ft,0.05s
4.24.2026 19:54:18,T0,T1,5.1ft,0.05s
