Timestamp,Tag1,Tag2,Distance_ft,Delta_s
4.19.2026 22:17:43,T0,T1,5.8ft,0.05s
4.19.2026 22:17:43,T0,T1,5.8ft,0.05s
4.19.2026 22:17:44,T0,T1,5.8ft,0.05s
4.19.2026 22:17:44,T0,T1,5.8ft,0.05s
4.19.2026 22:17:44,T0,T1,6.1ft,0.05s
4.19.2026 22:17:44,T0,T1,6.3ft,0.05s
4.19.2026 22:17:44,T0,T1,6.7ft,0.10s
4.19.2026 22:17:44,T0,T1,7.1ft,0.05s
4.19.2026 22:17:44,T0,T1,7.4ft,0.05s
4.19.2026 22:17:44,T0,T1,7.3ft,0.05s
4.19.2026 22:17:44,T0,T1,7.4ft,0.05s
4.19.2026 22:17:44,T0,T1,7.4ft,0.05s
4.19.2026 22:17:44,T0,T1,7.4ft,0.05s
4.19.2026 22:17:44,T0,T1,7.3ft,0.05s
4.19.2026 22:17:44,T0,T1,7.1ft,0.05s
4.19.2026 22:17:44,T0,T1,6.8ft,0.05s
4.19.2026 22:17:44,T0,T1,6.7ft,0.05s
4.19.2026 22:17:44,T0,T1,6.4ft,0.05s
4.19.2026 22:17:44,T0,T1,6.1ft,0.05s
4.19.2026 22:17:44,T0,T1,6.0ft,0.05s
4.19.2026 22:17:44,T0,T1,5.9ft,0.05s
4.19.2026 22:17:45,T0,T1,6.4ft,0.05s
4.19.2026 22:17:45,T0,T1,6.8ft,0.05s
4.19.2026 22:17:45,T0,T1,6.7ft,0.05s
4.19.2026 22:17:45,T0,T1,6.7ft,0.05s
4.19.2026 22:17:45,T0,T1,6.6ft,0.05s
4.19.2026 22:17:45,T0,T1,6.6ft,0.05s
4.19.2026 22:17:45,T0,T1,6.7ft,0.05s
4.19.2026 22:17:45,T0,T1,6.3ft,0.05s
4.19.2026 22:17:45,T0,T1,6.0ft,0.05s
4.19.2026 22:17:45,T0,T1,5.6ft,0.05s
4.19.2026 22:17:45,T0,T1,5.3ft,0.05s
4.19.2026 22:17:45,T0,T1,5.1ft,0.05s
4.19.2026 22:17:45,T0,T1,4.9ft,0.05s
4.19.2026 22:17:45,T0,T1,4.6ft,0.05s
4.19.2026 22:17:45,T0,T1,4.1ft,0.05s
4.19.2026 22:17:45,T0,T1,3.8ft,0.05s
4.19.2026 22:17:45,T0,T1,3.6ft,0.05s
4.19.2026 22:17:45,T0,T1,3.4ft,0.05s
4.19.2026 22:17:45,T0,T1,3.3ft,0.05s
4.19.2026 22:17:45,T0,T1,3.2ft,0.05s
4.19.2026 22:17:46,T0,T1,3.1ft,0.05s
4.19.2026 22:17:46,T0,T1,3.0ft,0.05s
4.19.2026 22:17:46,T0,T1,3.0ft,0.05s
4.19.2026 22:17:46,T0,T1,3.0ft,0.05s
4.19.2026 22:17:46,T0,T1,2.9ft,0.05s
4.19.2026 22:17:46,T0,T1,2.8ft,0.05s
4.19.2026 22:17:46,T0,T1,2.7ft,0.05s
4.19.2026 22:17:46,T0,T1,2.5ft,0.05s
4.19.2026 22:17:46,T0,T1,2.4ft,0.05s
4.19.2026 22:17:46,T0,T1,2.4ft,0.05s
4.19.2026 22:17:46,T0,T1,2.3ft,0.05s
4.19.2026 22:17:46,T0,T1,2.3ft,0.05s
4.19.2026 22:17:46,T0,T1,2.2ft,0.05s
4.19.2026 22:17:46,T0,T1,2.1ft,0.05s
4.19.2026 22:17:46,T0,T1,2.0ft,0.05s
4.19.2026 22:17:46,T0,T1,2.0ft,0.05s
4.19.2026 22:17:46,T0,T1,1.9ft,0.05s
4.19.2026 22:17:46,T0,T1,1.9ft,0.05s
4.19.2026 22:17:46,T0,T1,1.9ft,0.05s
4.19.2026 22:17:47,T0,T1,1.9ft,0.05s
4.19.2026 22:17:47,T0,T1,2.0ft,0.05s
4.19.2026 22:17:47,T0,T1,2.1ft,0.05s
4.19.2026 22:17:47,T0,T1,2.3ft,0.05s
4.19.2026 22:17:47,T0,T1,2.3ft,0.05s
4.19.2026 22:17:47,T0,T1,2.4ft,0.05s
4.19.2026 22:17:47,T0,T1,2.4ft,0.05s
4.19.2026 22:17:47,T0,T1,2.6ft,0.05s
4.19.2026 22:17:47,T0,T1,2.7ft,0.05s
4.19.2026 22:17:47,T0,T1,2.9ft,0.05s
4.19.2026 22:17:47,T0,T1,3.0ft,0.05s
4.19.2026 22:17:47,T0,T1,3.0ft,0.05s
4.19.2026 22:17:47,T0,T1,3.1ft,0.05s
4.19.2026 22:17:47,T0,T1,3.4ft,0.05s
4.19.2026 22:17:47,T0,T1,3.6ft,0.05s
4.19.2026 22:17:47,T0,T1,3.8ft,0.05s
4.19.2026 22:17:47,T0,T1,3.7ft,0.05s
4.19.2026 22:17:47,T0,T1,3.7ft,0.05s
4.19.2026 22:17:47,T0,T1,3.8ft,0.05s
4.19.2026 22:17:47,T0,T1,3.8ft,0.05s
4.19.2026 22:17:48,T0,T1,3.9ft,0.05s
4.19.2026 22:17:48,T0,T1,3.7ft,0.05s
4.19.2026 22:17:48,T0,T1,3.5ft,0.05s
4.19.2026 22:17:48,T0,T1,3.5ft,0.05s
4.19.2026 22:17:48,T0,T1,3.5ft,0.05s
4.19.2026 22:17:48,T0,T1,3.7ft,0.05s
4.19.2026 22:17:48,T0,T1,3.8ft,0.05s
4.19.2026 22:17:48,T0,T1,4.1ft,0.05s
4.19.2026 22:17:48,T0,T1,4.1ft,0.05s
4.19.2026 22:17:48,T0,T1,4.2ft,0.05s
4.19.2026 22:17:48,T0,T1,4.1ft,0.05s
4.19.2026 22:17:48,T0,T1,4.1ft,0.05s
4.19.2026 22:17:48,T0,T1,4.2ft,0.05s
4.19.2026 22:17:48,T0,T1,4.3ft,0.05s
4.19.2026 22:17:48,T0,T1,4.3ft,0.05s
4.19.2026 22:17:48,T0,T1,4.4ft,0.05s
4.19.2026 22:17:48,T0,T1,4.5ft,0.05s
4.19.2026 22:17:48,T0,T1,4.6ft,0.05s
4.19.2026 22:17:48,T0,T1,4.5ft,0.05s
4.19.2026 22:17:48,T0,T1,4.8ft,0.05s
4.19.2026 22:17:49,T0,T1,5.0ft,0.05s
4.19.2026 22:17:49,T0,T1,5.2ft,0.05s
4.19.2026 22:17:49,T0,T1,5.2ft,0.05s
4.19.2026 22:17:49,T0,T1,5.3ft,0.05s
4.19.2026 22:17:49,T0,T1,5.3ft,0.05s
4.19.2026 22:17:49,T0,T1,5.1ft,0.05s
4.19.2026 22:17:49,T0,T1,5.1ft,0.05s
4.19.2026 22:17:49,T0,T1,5.0ft,0.05s
4.19.2026 22:17:49,T0,T1,5.2ft,0.05s
4.19.2026 22:17:49,T0,T1,5.4ft,0.05s
4.19.2026 22:17:49,T0,T1,5.5ft,0.05s
4.19.2026 22:17:49,T0,T1,5.7ft,0.05s
4.19.2026 22:17:49,T0,T1,5.9ft,0.05s
4.19.2026 22:17:49,T0,T1,5.9ft,0.05s
4.19.2026 22:17:49,T0,T1,6.0ft,0.05s
4.19.2026 22:17:49,T0,T1,5.9ft,0.05s
4.19.2026 22:17:49,T0,T1,5.8ft,0.05s
4.19.2026 22:17:49,T0,T1,5.7ft,0.05s
4.19.2026 22:17:49,T0,T1,5.7ft,0.05s
4.19.2026 22:17:49,T0,T1,5.8ft,0.05s
4.19.2026 22:17:50,T0,T1,6.1ft,0.05s
4.19.2026 22:17:50,T0,T1,6.4ft,0.05s
4.19.2026 22:17:50,T0,T1,6.5ft,0.05s
4.19.2026 22:17:50,T0,T1,6.5ft,0.05s
4.19.2026 22:17:50,T0,T1,6.4ft,0.05s
4.19.2026 22:17:50,T0,T1,6.3ft,0.05s
4.19.2026 22:17:50,T0,T1,6.2ft,0.05s
4.19.2026 22:17:50,T0,T1,6.0ft,0.05s
4.19.2026 22:17:50,T0,T1,6.0ft,0.05s
4.19.2026 22:17:50,T0,T1,5.9ft,0.05s
4.19.2026 22:17:50,T0,T1,5.9ft,0.05s
4.19.2026 22:17:50,T0,T1,5.9ft,0.05s
4.19.2026 22:17:50,T0,T1,5.8ft,0.05s
4.19.2026 22:17:50,T0,T1,6.0ft,0.05s
4.19.2026 22:17:50,T0,T1,6.0ft,0.05s
4.19.2026 22:17:50,T0,T1,6.0ft,0.05s
4.19.2026 22:17:50,T0,T1,6.0ft,0.05s
4.19.2026 22:17:50,T0,T1,6.2ft,0.05s
4.19.2026 22:17:50,T0,T1,6.3ft,0.05s
4.19.2026 22:17:51,T0,T1,6.4ft,0.05s
4.19.2026 22:17:51,T0,T1,6.4ft,0.05s
4.19.2026 22:17:51,T0,T1,6.4ft,0.05s
4.19.2026 22:17:51,T0,T1,6.4ft,0.05s
4.19.2026 22:17:51,T0,T1,6.3ft,0.05s
4.19.2026 22:17:51,T0,T1,6.3ft,0.05s
4.19.2026 22:17:51,T0,T1,6.5ft,0.05s
4.19.2026 22:17:51,T0,T1,6.7ft,0.05s
4.19.2026 22:17:51,T0,T1,6.7ft,0.05s
4.19.2026 22:17:51,T0,T1,6.4ft,0.05s
4.19.2026 22:17:51,T0,T1,6.3ft,0.05s
4.19.2026 22:17:51,T0,T1,6.1ft,0.05s
4.19.2026 22:17:51,T0,T1,6.0ft,0.05s
4.19.2026 22:17:51,T0,T1,5.8ft,0.05s
4.19.2026 22:17:51,T0,T1,5.7ft,0.05s
4.19.2026 22:17:51,T0,T1,5.7ft,0.05s
4.19.2026 22:17:51,T0,T1,5.7ft,0.05s
4.19.2026 22:17:51,T0,T1,5.9ft,0.05s
4.19.2026 22:17:51,T0,T1,6.1ft,0.05s
4.19.2026 22:17:51,T0,T1,6.2ft,0.05s
4.19.2026 22:17:52,T0,T1,6.2ft,0.05s
4.19.2026 22:17:52,T0,T1,6.1ft,0.05s
4.19.2026 22:17:52,T0,T1,6.0ft,0.05s
4.19.2026 22:17:52,T0,T1,5.9ft,0.05s
4.19.2026 22:17:52,T0,T1,5.7ft,0.05s
4.19.2026 22:17:52,T0,T1,5.5ft,0.05s
4.19.2026 22:17:52,T0,T1,5.4ft,0.05s
4.19.2026 22:17:52,T0,T1,5.4ft,0.05s
4.19.2026 22:17:52,T0,T1,5.4ft,0.05s
4.19.2026 22:17:52,T0,T1,5.5ft,0.05s
4.19.2026 22:17:52,T0,T1,5.6ft,0.05s
4.19.2026 22:17:52,T0,T1,5.7ft,0.05s
4.19.2026 22:17:52,T0,T1,5.8ft,0.05s
4.19.2026 22:17:52,T0,T1,5.9ft,0.05s
4.19.2026 22:17:52,T0,T1,5.8ft,0.05s
4.19.2026 22:17:52,T0,T1,5.7ft,0.05s
4.19.2026 22:17:52,T0,T1,5.6ft,0.05s
4.19.2026 22:17:52,T0,T1,5.6ft,0.05s
4.19.2026 22:17:52,T0,T1,5.5ft,0.05s
4.19.2026 22:17:52,T0,T1,5.4ft,0.05s
4.19.2026 22:17:53,T0,T1,5.3ft,0.05s
4.19.2026 22:17:53,T0,T1,5.4ft,0.05s
4.19.2026 22:17:53,T0,T1,5.5ft,0.05s
4.19.2026 22:17:53,T0,T1,5.5ft,0.05s
4.19.2026 22:17:53,T0,T1,5.6ft,0.05s
4.19.2026 22:17:53,T0,T1,5.5ft,0.05s
4.19.2026 22:17:53,T0,T1,5.5ft,0.05s
4.19.2026 22:17:53,T0,T1,5.4ft,0.05s
4.19.2026 22:17:53,T0,T1,5.4ft,0.05s
4.19.2026 22:17:53,T0,T1,5.5ft,0.05s
4.19.2026 22:17:53,T0,T1,5.5ft,0.05s
4.19.2026 22:17:53,T0,T1,5.6ft,0.05s
4.19.2026 22:17:53,T0,T1,5.7ft,0.05s
4.19.2026 22:17:53,T0,T1,5.9ft,0.05s
4.19.2026 22:17:53,T0,T1,6.2ft,0.05s
4.19.2026 22:17:53,T0,T1,6.5ft,0.05s
4.19.2026 22:17:53,T0,T1,6.8ft,0.05s
4.19.2026 22:17:53,T0,T1,7.2ft,0.05s
4.19.2026 22:17:53,T0,T1,7.5ft,0.05s
4.19.2026 22:17:54,T0,T1,7.4ft,0.05s
4.19.2026 22:17:54,T0,T1,7.4ft,0.05s
4.19.2026 22:17:54,T0,T1,7.3ft,0.05s
4.19.2026 22:17:54,T0,T1,7.3ft,0.05s
4.19.2026 22:17:54,T0,T1,7.2ft,0.05s
4.19.2026 22:17:54,T0,T1,7.2ft,0.05s
4.19.2026 22:17:54,T0,T1,7.2ft,0.05s
4.19.2026 22:17:54,T0,T1,7.2ft,0.05s
4.19.2026 22:17:54,T0,T1,7.3ft,0.05s
4.19.2026 22:17:54,T0,T1,7.4ft,0.05s
4.19.2026 22:17:54,T0,T1,7.2ft,0.05s
4.19.2026 22:17:54,T0,T1,7.1ft,0.05s
4.19.2026 22:17:54,T0,T1,7.1ft,0.05s
4.19.2026 22:17:54,T0,T1,7.0ft,0.05s
4.19.2026 22:17:54,T0,T1,6.9ft,0.05s
4.19.2026 22:17:54,T0,T1,6.9ft,0.05s
4.19.2026 22:17:54,T0,T1,6.8ft,0.05s
4.19.2026 22:17:54,T0,T1,6.7ft,0.05s
4.19.2026 22:17:54,T0,T1,6.7ft,0.05s
4.19.2026 22:17:54,T0,T1,6.6ft,0.05s
4.19.2026 22:17:55,T0,T1,6.5ft,0.05s
4.19.2026 22:17:55,T0,T1,6.1ft,0.05s
4.19.2026 22:17:55,T0,T1,5.8ft,0.05s
4.19.2026 22:17:55,T0,T1,5.6ft,0.05s
4.19.2026 22:17:55,T0,T1,5.4ft,0.05s
4.19.2026 22:17:55,T0,T1,5.3ft,0.05s
4.19.2026 22:17:55,T0,T1,5.3ft,0.05s
4.19.2026 22:17:55,T0,T1,5.3ft,0.05s
4.19.2026 22:17:55,T0,T1,5.4ft,0.05s
4.19.2026 22:17:55,T0,T1,5.5ft,0.05s
4.19.2026 22:17:55,T0,T1,5.6ft,0.05s
4.19.2026 22:17:55,T0,T1,5.6ft,0.05s
4.19.2026 22:17:55,T0,T1,5.6ft,0.05s
4.19.2026 22:17:55,T0,T1,5.5ft,0.05s
4.19.2026 22:17:55,T0,T1,5.4ft,0.05s
4.19.2026 22:17:55,T0,T1,5.4ft,0.05s
4.19.2026 22:17:55,T0,T1,5.4ft,0.05s
4.19.2026 22:17:55,T0,T1,5.5ft,0.05s
4.19.2026 22:17:55,T0,T1,5.8ft,0.05s
4.19.2026 22:17:55,T0,T1,6.1ft,0.05s
4.19.2026 22:17:56,T0,T1,6.3ft,0.05s
4.19.2026 22:17:56,T0,T1,6.5ft,0.05s
4.19.2026 22:17:56,T0,T1,6.5ft,0.05s
4.19.2026 22:17:56,T0,T1,6.5ft,0.05s
4.19.2026 22:17:56,T0,T1,6.5ft,0.05s
4.19.2026 22:17:56,T0,T1,6.4ft,0.05s
4.19.2026 22:17:56,T0,T1,6.4ft,0.05s
4.19.2026 22:17:56,T0,T1,6.3ft,0.05s
4.19.2026 22:17:56,T0,T1,6.2ft,0.05s
4.19.2026 22:17:56,T0,T1,6.3ft,0.05s
4.19.2026 22:17:56,T0,T1,6.7ft,0.05s
4.19.2026 22:17:56,T0,T1,7.0ft,0.05s
4.19.2026 22:17:56,T0,T1,7.1ft,0.05s
4.19.2026 22:17:56,T0,T1,7.4ft,0.05s
4.19.2026 22:17:56,T0,T1,7.6ft,0.05s
4.19.2026 22:17:56,T0,T1,7.8ft,0.05s
4.19.2026 22:17:56,T0,T1,8.0ft,0.05s
4.19.2026 22:17:56,T0,T1,8.2ft,0.05s
4.19.2026 22:17:56,T0,T1,8.3ft,0.05s
4.19.2026 22:17:56,T0,T1,8.5ft,0.05s
4.19.2026 22:17:57,T0,T1,8.3ft,0.05s
4.19.2026 22:17:57,T0,T1,8.1ft,0.05s
4.19.2026 22:17:57,T0,T1,8.0ft,0.05s
4.19.2026 22:17:57,T0,T1,7.7ft,0.05s
4.19.2026 22:17:57,T0,T1,7.3ft,0.05s
4.19.2026 22:17:57,T0,T1,6.9ft,0.05s
4.19.2026 22:17:57,T0,T1,6.5ft,0.05s
4.19.2026 22:17:57,T0,T1,6.1ft,0.05s
4.19.2026 22:17:57,T0,T1,5.9ft,0.05s
4.19.2026 22:17:57,T0,T1,5.8ft,0.05s
4.19.2026 22:17:57,T0,T1,6.0ft,0.05s
4.19.2026 22:17:57,T0,T1,5.9ft,0.05s
4.19.2026 22:17:57,T0,T1,5.8ft,0.05s
4.19.2026 22:17:57,T0,T1,5.8ft,0.05s
4.19.2026 22:17:57,T0,T1,5.9ft,0.05s
4.19.2026 22:17:57,T0,T1,5.6ft,0.05s
4.19.2026 22:17:57,T0,T1,5.3ft,0.05s
4.19.2026 22:17:57,T0,T1,4.8ft,0.05s
4.19.2026 22:17:57,T0,T1,4.4ft,0.05s
4.19.2026 22:17:58,T0,T1,4.0ft,0.05s
4.19.2026 22:17:58,T0,T1,3.6ft,0.05s
4.19.2026 22:17:58,T0,T1,3.5ft,0.05s
4.19.2026 22:17:58,T0,T1,3.4ft,0.05s
4.19.2026 22:17:58,T0,T1,3.4ft,0.05s
4.19.2026 22:17:58,T0,T1,3.2ft,0.05s
4.19.2026 22:17:58,T0,T1,3.1ft,0.05s
4.19.2026 22:17:58,T0,T1,2.9ft,0.05s
4.19.2026 22:17:58,T0,T1,2.8ft,0.05s
4.19.2026 22:17:58,T0,T1,2.7ft,0.05s
4.19.2026 22:17:58,T0,T1,2.5ft,0.05s
4.19.2026 22:17:58,T0,T1,2.3ft,0.05s
4.19.2026 22:17:58,T0,T1,2.3ft,0.05s
4.19.2026 22:17:58,T0,T1,2.4ft,0.06s
4.19.2026 22:17:58,T0,T1,2.5ft,0.05s
4.19.2026 22:17:58,T0,T1,2.6ft,0.05s
4.19.2026 22:17:58,T0,T1,2.8ft,0.05s
4.19.2026 22:17:58,T0,T1,2.8ft,0.05s
4.19.2026 22:17:58,T0,T1,2.8ft,0.05s
4.19.2026 22:17:58,T0,T1,2.6ft,0.05s
4.19.2026 22:17:59,T0,T1,2.4ft,0.05s
4.19.2026 22:17:59,T0,T1,2.2ft,0.05s
4.19.2026 22:17:59,T0,T1,2.0ft,0.05s
4.19.2026 22:17:59,T0,T1,2.0ft,0.05s
4.19.2026 22:17:59,T0,T1,2.0ft,0.05s
4.19.2026 22:17:59,T0,T1,2.0ft,0.05s
4.19.2026 22:17:59,T0,T1,2.0ft,0.05s
4.19.2026 22:17:59,T0,T1,2.1ft,0.05s
4.19.2026 22:17:59,T0,T1,2.2ft,0.05s
4.19.2026 22:17:59,T0,T1,2.3ft,0.05s
4.19.2026 22:17:59,T0,T1,2.2ft,0.05s
4.19.2026 22:17:59,T0,T1,2.3ft,0.05s
4.19.2026 22:17:59,T0,T1,2.3ft,0.05s
4.19.2026 22:17:59,T0,T1,2.3ft,0.05s
4.19.2026 22:17:59,T0,T1,2.4ft,0.05s
4.19.2026 22:17:59,T0,T1,2.6ft,0.05s
4.19.2026 22:17:59,T0,T1,2.8ft,0.05s
4.19.2026 22:17:59,T0,T1,3.1ft,0.05s
4.19.2026 22:17:59,T0,T1,3.3ft,0.05s
4.19.2026 22:17:59,T0,T1,3.4ft,0.05s
4.19.2026 22:18:00,T0,T1,3.6ft,0.05s
4.19.2026 22:18:00,T0,T1,3.5ft,0.05s
4.19.2026 22:18:00,T0,T1,3.2ft,0.05s
4.19.2026 22:18:00,T0,T1,3.0ft,0.05s
4.19.2026 22:18:00,T0,T1,2.6ft,0.05s
4.19.2026 22:18:00,T0,T1,2.2ft,0.05s
4.19.2026 22:18:00,T0,T1,1.9ft,0.05s
4.19.2026 22:18:00,T0,T1,1.6ft,0.05s
4.19.2026 22:18:00,T0,T1,1.4ft,0.05s
4.19.2026 22:18:00,T0,T1,1.1ft,0.05s
4.19.2026 22:18:00,T0,T1,0.9ft,0.05s
4.19.2026 22:18:00,T0,T1,0.7ft,0.05s
4.19.2026 22:18:00,T0,T1,0.5ft,0.05s
4.19.2026 22:18:00,T0,T1,0.4ft,0.05s
4.19.2026 22:18:00,T0,T1,0.4ft,0.05s
4.19.2026 22:18:00,T0,T1,0.5ft,0.05s
4.19.2026 22:18:00,T0,T1,0.7ft,0.05s
4.19.2026 22:18:00,T0,T1,0.9ft,0.05s
4.19.2026 22:18:00,T0,T1,1.1ft,0.05s
4.19.2026 22:18:01,T0,T1,1.3ft,0.05s
4.19.2026 22:18:01,T0,T1,1.4ft,0.05s
4.19.2026 22:18:01,T0,T1,1.6ft,0.05s
4.19.2026 22:18:01,T0,T1,1.7ft,0.05s
4.19.2026 22:18:01,T0,T1,1.8ft,0.05s
4.19.2026 22:18:01,T0,T1,1.9ft,0.05s
4.19.2026 22:18:01,T0,T1,2.0ft,0.05s
4.19.2026 22:18:01,T0,T1,2.2ft,0.05s
4.19.2026 22:18:01,T0,T1,2.3ft,0.05s
4.19.2026 22:18:01,T0,T1,2.4ft,0.05s
4.19.2026 22:18:01,T0,T1,2.5ft,0.05s
4.19.2026 22:18:01,T0,T1,2.6ft,0.05s
4.19.2026 22:18:01,T0,T1,2.7ft,0.05s
4.19.2026 22:18:01,T0,T1,2.9ft,0.05s
4.19.2026 22:18:01,T0,T1,3.0ft,0.05s
4.19.2026 22:18:01,T0,T1,3.2ft,0.05s
4.19.2026 22:18:01,T0,T1,3.4ft,0.05s
4.19.2026 22:18:01,T0,T1,3.5ft,0.05s
4.19.2026 22:18:01,T0,T1,3.7ft,0.05s
4.19.2026 22:18:01,T0,T1,3.8ft,0.05s
4.19.2026 22:18:02,T0,T1,3.9ft,0.05s
4.19.2026 22:18:02,T0,T1,4.1ft,0.05s
4.19.2026 22:18:02,T0,T1,4.3ft,0.05s
4.19.2026 22:18:02,T0,T1,4.4ft,0.05s
4.19.2026 22:18:02,T0,T1,4.7ft,0.05s
4.19.2026 22:18:02,T0,T1,4.9ft,0.05s
4.19.2026 22:18:02,T0,T1,5.1ft,0.05s
4.19.2026 22:18:02,T0,T1,5.3ft,0.05s
4.19.2026 22:18:02,T0,T1,5.5ft,0.05s
4.19.2026 22:18:02,T0,T1,5.6ft,0.05s
4.19.2026 22:18:02,T0,T1,5.8ft,0.05s
4.19.2026 22:18:02,T0,T1,5.9ft,0.05s
4.19.2026 22:18:02,T0,T1,6.0ft,0.05s
4.19.2026 22:18:02,T0,T1,6.1ft,0.05s
4.19.2026 22:18:02,T0,T1,6.1ft,0.05s
4.19.2026 22:18:02,T0,T1,6.2ft,0.05s
4.19.2026 22:18:02,T0,T1,6.3ft,0.05s
4.19.2026 22:18:02,T0,T1,6.3ft,0.05s
4.19.2026 22:18:02,T0,T1,6.3ft,0.05s
4.19.2026 22:18:02,T0,T1,6.4ft,0.05s
4.19.2026 22:18:03,T0,T1,6.4ft,0.05s
4.19.2026 22:18:03,T0,T1,6.4ft,0.05s
4.19.2026 22:18:03,T0,T1,6.4ft,0.05s
4.19.2026 22:18:03,T0,T1,6.4ft,0.05s
4.19.2026 22:18:03,T0,T1,6.5ft,0.05s
4.19.2026 22:18:03,T0,T1,6.5ft,0.05s
4.19.2026 22:18:03,T0,T1,6.5ft,0.05s
4.19.2026 22:18:03,T0,T1,6.5ft,0.05s
4.19.2026 22:18:03,T0,T1,6.5ft,0.05s
4.19.2026 22:18:03,T0,T1,6.5ft,0.05s
4.19.2026 22:18:03,T0,T1,6.5ft,0.05s
4.19.2026 22:18:03,T0,T1,6.5ft,0.05s
4.19.2026 22:18:03,T0,T1,6.5ft,0.05s
4.19.2026 22:18:03,T0,T1,6.5ft,0.05s
4.19.2026 22:18:03,T0,T1,6.5ft,0.05s
4.19.2026 22:18:03,T0,T1,6.5ft,0.05s
4.19.2026 22:18:03,T0,T1,6.5ft,0.05s
4.19.2026 22:18:03,T0,T1,6.5ft,0.05s
4.19.2026 22:18:03,T0,T1,6.5ft,0.05s
4.19.2026 22:18:04,T0,T1,6.5ft,0.05s
4.19.2026 22:18:04,T0,T1,6.5ft,0.05s
4.19.2026 22:18:04,T0,T1,6.5ft,0.05s
4.19.2026 22:18:04,T0,T1,6.5ft,0.05s
4.19.2026 22:18:04,T0,T1,6.5ft,0.05s
4.19.2026 22:18:04,T0,T1,6.5ft,0.05s
4.19.2026 22:18:04,T0,T1,6.5ft,0.05s
4.19.2026 22:18:04,T0,T1,6.5ft,0.05s
4.19.2026 22:18:04,T0,T1,6.5ft,0.05s
4.19.2026 22:18:04,T0,T1,6.5ft,0.05s
4.19.2026 22:18:04,T0,T1,6.5ft,0.05s
4.19.2026 22:18:04,T0,T1,6.5ft,0.05s
4.19.2026 22:18:04,T0,T1,6.5ft,0.05s
4.19.2026 22:18:04,T0,T1,6.5ft,0.05s
4.19.2026 22:18:04,T0,T1,6.5ft,0.05s
4.19.2026 22:18:04,T0,T1,6.5ft,0.05s
4.19.2026 22:18:04,T0,T1,6.5ft,0.05s
4.19.2026 22:18:04,T0,T1,6.5ft,0.05s
4.19.2026 22:18:04,T0,T1,6.5ft,0.05s
4.19.2026 22:18:04,T0,T1,6.5ft,0.05s
4.19.2026 22:18:05,T0,T1,6.5ft,0.05s
4.19.2026 22:18:05,T0,T1,6.5ft,0.05s
4.19.2026 22:18:05,T0,T1,6.5ft,0.05s
4.19.2026 22:18:05,T0,T1,6.5ft,0.05s
4.19.2026 22:18:05,T0,T1,6.5ft,0.05s
4.19.2026 22:18:05,T0,T1,6.5ft,0.05s
4.19.2026 22:18:05,T0,T1,6.5ft,0.05s
4.19.2026 22:18:05,T0,T1,6.5ft,0.05s
4.19.2026 22:18:05,T0,T1,6.5ft,0.05s
4.19.2026 22:18:05,T0,T1,6.5ft,0.05s
4.19.2026 22:18:05,T0,T1,6.5ft,0.05s
4.19.2026 22:18:05,T0,T1,6.5ft,0.05s
4.19.2026 22:18:05,T0,T1,6.5ft,0.05s
4.19.2026 22:18:05,T0,T1,6.5ft,0.05s
4.19.2026 22:18:05,T0,T1,6.5ft,0.05s
4.19.2026 22:18:05,T0,T1,6.5ft,0.05s
4.19.2026 22:18:05,T0,T1,6.5ft,0.05s
4.19.2026 22:18:05,T0,T1,6.5ft,0.05s
4.19.2026 22:18:05,T0,T1,6.5ft,0.05s
4.19.2026 22:18:05,T0,T1,6.5ft,0.05s
4.19.2026 22:18:06,T0,T1,6.5ft,0.05s
4.19.2026 22:18:06,T0,T1,6.5ft,0.05s
4.19.2026 22:18:06,T0,T1,6.5ft,0.05s
4.19.2026 22:18:06,T0,T1,6.5ft,0.05s
4.19.2026 22:18:06,T0,T1,6.5ft,0.05s
4.19.2026 22:18:06,T0,T1,6.5ft,0.05s
4.19.2026 22:18:06,T0,T1,6.5ft,0.05s
4.19.2026 22:18:06,T0,T1,6.5ft,0.05s
4.19.2026 22:18:06,T0,T1,6.5ft,0.05s
4.19.2026 22:18:06,T0,T1,6.5ft,0.05s
4.19.2026 22:18:06,T0,T1,6.5ft,0.05s
4.19.2026 22:18:06,T0,T1,6.5ft,0.05s
4.19.2026 22:18:06,T0,T1,6.5ft,0.05s
4.19.2026 22:18:06,T0,T1,6.5ft,0.05s
4.19.2026 22:18:06,T0,T1,6.5ft,0.05s
4.19.2026 22:18:06,T0,T1,6.5ft,0.05s
4.19.2026 22:18:06,T0,T1,6.5ft,0.05s
4.19.2026 22:18:06,T0,T1,6.5ft,0.05s
4.19.2026 22:18:06,T0,T1,6.5ft,0.05s
4.19.2026 22:18:06,T0,T1,6.5ft,0.05s
4.19.2026 22:18:07,T0,T1,6.5ft,0.05s
4.19.2026 22:18:07,T0,T1,6.5ft,0.05s
4.19.2026 22:18:07,T0,T1,6.5ft,0.05s
4.19.2026 22:18:07,T0,T1,6.5ft,0.05s
4.19.2026 22:18:07,T0,T1,6.5ft,0.05s
4.19.2026 22:18:07,T0,T1,6.5ft,0.05s
4.19.2026 22:18:07,T0,T1,6.5ft,0.05s
4.19.2026 22:18:07,T0,T1,6.5ft,0.05s
4.19.2026 22:18:07,T0,T1,6.5ft,0.05s
4.19.2026 22:18:07,T0,T1,6.5ft,0.05s
4.19.2026 22:18:07,T0,T1,6.5ft,0.05s
4.19.2026 22:18:07,T0,T1,6.5ft,0.05s
4.19.2026 22:18:07,T0,T1,6.5ft,0.05s
4.19.2026 22:18:07,T0,T1,6.5ft,0.05s
4.19.2026 22:18:07,T0,T1,6.5ft,0.05s
4.19.2026 22:18:07,T0,T1,6.5ft,0.05s
4.19.2026 22:18:07,T0,T1,6.5ft,0.05s
4.19.2026 22:18:07,T0,T1,6.5ft,0.05s
4.19.2026 22:18:07,T0,T1,6.5ft,0.05s
4.19.2026 22:18:08,T0,T1,6.5ft,0.05s
4.19.2026 22:18:08,T0,T1,6.5ft,0.05s
4.19.2026 22:18:08,T0,T1,6.5ft,0.05s
4.19.2026 22:18:08,T0,T1,6.5ft,0.05s
4.19.2026 22:18:08,T0,T1,6.5ft,0.05s
4.19.2026 22:18:08,T0,T1,6.5ft,0.05s
4.19.2026 22:18:08,T0,T1,6.5ft,0.05s
4.19.2026 22:18:08,T0,T1,6.5ft,0.05s
4.19.2026 22:18:08,T0,T1,6.5ft,0.05s
4.19.2026 22:18:08,T0,T1,6.5ft,0.05s
4.19.2026 22:18:08,T0,T1,6.5ft,0.05s
4.19.2026 22:18:08,T0,T1,6.5ft,0.05s
4.19.2026 22:18:08,T0,T1,6.5ft,0.05s
4.19.2026 22:18:08,T0,T1,6.5ft,0.05s
4.19.2026 22:18:08,T0,T1,6.5ft,0.05s
4.19.2026 22:18:08,T0,T1,6.5ft,0.05s
4.19.2026 22:18:08,T0,T1,6.5ft,0.05s
4.19.2026 22:18:08,T0,T1,6.5ft,0.05s
4.19.2026 22:18:08,T0,T1,6.5ft,0.05s
4.19.2026 22:18:08,T0,T1,6.5ft,0.05s
4.19.2026 22:18:09,T0,T1,6.5ft,0.05s
4.19.2026 22:18:09,T0,T1,6.5ft,0.05s
4.19.2026 22:18:09,T0,T1,6.5ft,0.05s
4.19.2026 22:18:09,T0,T1,6.5ft,0.05s
4.19.2026 22:18:09,T0,T1,6.5ft,0.05s
4.19.2026 22:18:09,T0,T1,6.5ft,0.05s
4.19.2026 22:18:09,T0,T1,6.5ft,0.05s
4.19.2026 22:18:09,T0,T1,6.5ft,0.05s
4.19.2026 22:18:09,T0,T1,6.5ft,0.05s
4.19.2026 22:18:09,T0,T1,6.5ft,0.05s
4.19.2026 22:18:09,T0,T1,6.5ft,0.05s
4.19.2026 22:18:09,T0,T1,6.5ft,0.05s
4.19.2026 22:18:09,T0,T1,6.5ft,0.05s
4.19.2026 22:18:09,T0,T1,6.5ft,0.05s
4.19.2026 22:18:09,T0,T1,6.5ft,0.05s
4.19.2026 22:18:09,T0,T1,6.5ft,0.05s
4.19.2026 22:18:09,T0,T1,6.5ft,0.05s
4.19.2026 22:18:09,T0,T1,6.5ft,0.05s
4.19.2026 22:18:09,T0,T1,6.5ft,0.05s
4.19.2026 22:18:09,T0,T1,6.5ft,0.05s
4.19.2026 22:18:10,T0,T1,6.5ft,0.05s
4.19.2026 22:18:10,T0,T1,6.5ft,0.05s
4.19.2026 22:18:10,T0,T1,6.5ft,0.05s
4.19.2026 22:18:10,T0,T1,6.5ft,0.05s
4.19.2026 22:18:10,T0,T1,6.5ft,0.05s
4.19.2026 22:18:10,T0,T1,6.5ft,0.05s
4.19.2026 22:18:10,T0,T1,6.5ft,0.05s
4.19.2026 22:18:10,T0,T1,6.5ft,0.05s
4.19.2026 22:18:10,T0,T1,6.5ft,0.05s
4.19.2026 22:18:10,T0,T1,6.5ft,0.05s
4.19.2026 22:18:10,T0,T1,6.5ft,0.05s
4.19.2026 22:18:10,T0,T1,6.5ft,0.05s
4.19.2026 22:18:10,T0,T1,6.5ft,0.05s
4.19.2026 22:18:10,T0,T1,6.5ft,0.05s
4.19.2026 22:18:10,T0,T1,6.5ft,0.05s
4.19.2026 22:18:10,T0,T1,6.5ft,0.05s
4.19.2026 22:18:10,T0,T1,6.5ft,0.05s
4.19.2026 22:18:10,T0,T1,6.5ft,0.05s
4.19.2026 22:18:10,T0,T1,6.5ft,0.05s
4.19.2026 22:18:10,T0,T1,6.5ft,0.05s
4.19.2026 22:18:11,T0,T1,6.5ft,0.05s
4.19.2026 22:18:11,T0,T1,6.5ft,0.05s
4.19.2026 22:18:11,T0,T1,6.5ft,0.05s
4.19.2026 22:18:11,T0,T1,6.5ft,0.05s
4.19.2026 22:18:11,T0,T1,6.5ft,0.05s
4.19.2026 22:18:11,T0,T1,6.5ft,0.05s
4.19.2026 22:18:11,T0,T1,6.5ft,0.05s
4.19.2026 22:18:11,T0,T1,6.5ft,0.05s
4.19.2026 22:18:11,T0,T1,6.5ft,0.05s
4.19.2026 22:18:11,T0,T1,6.5ft,0.05s
4.19.2026 22:18:11,T0,T1,6.5ft,0.05s
4.19.2026 22:18:11,T0,T1,6.5ft,0.05s
4.19.2026 22:18:11,T0,T1,6.5ft,0.05s
4.19.2026 22:18:11,T0,T1,6.5ft,0.05s
4.19.2026 22:18:11,T0,T1,6.5ft,0.05s
4.19.2026 22:18:11,T0,T1,6.5ft,0.05s
4.19.2026 22:18:11,T0,T1,6.5ft,0.05s
4.19.2026 22:18:11,T0,T1,6.5ft,0.05s
4.19.2026 22:18:11,T0,T1,6.5ft,0.05s
4.19.2026 22:18:12,T0,T1,6.5ft,0.05s
4.19.2026 22:18:12,T0,T1,6.5ft,0.05s
4.19.2026 22:18:12,T0,T1,6.5ft,0.05s
4.19.2026 22:18:12,T0,T1,6.5ft,0.05s
4.19.2026 22:18:12,T0,T1,6.5ft,0.05s
4.19.2026 22:18:12,T0,T1,6.5ft,0.05s
4.19.2026 22:18:12,T0,T1,6.5ft,0.05s
4.19.2026 22:18:12,T0,T1,6.5ft,0.05s
4.19.2026 22:18:12,T0,T1,6.5ft,0.05s
4.19.2026 22:18:12,T0,T1,6.5ft,0.05s
4.19.2026 22:18:12,T0,T1,6.5ft,0.05s
4.19.2026 22:18:12,T0,T1,6.5ft,0.05s
4.19.2026 22:18:12,T0,T1,6.5ft,0.05s
4.19.2026 22:18:16,T0,T1,6.5ft,0.05s
4.19.2026 22:18:16,T0,T1,6.5ft,0.05s
4.19.2026 22:18:50,T0,T1,3.8ft,0.05s
4.19.2026 22:18:50,T0,T1,3.9ft,0.05s
4.19.2026 22:18:50,T0,T1,1.8ft,0.05s
4.19.2026 22:18:50,T0,T1,2.1ft,0.05s
4.19.2026 22:18:50,T0,T1,2.4ft,0.05s
4.19.2026 22:18:50,T0,T1,2.6ft,0.05s
4.19.2026 22:18:50,T0,T1,2.7ft,0.05s
4.19.2026 22:18:50,T0,T1,2.8ft,0.05s
4.19.2026 22:18:50,T0,T1,2.9ft,0.05s
4.19.2026 22:18:50,T0,T1,3.0ft,0.05s
4.19.2026 22:18:50,T0,T1,3.1ft,0.05s
4.19.2026 22:18:50,T0,T1,3.1ft,0.05s
4.19.2026 22:18:50,T0,T1,3.2ft,0.05s
4.19.2026 22:18:50,T0,T1,3.2ft,0.05s
4.19.2026 22:18:50,T0,T1,3.3ft,0.05s
4.19.2026 22:18:51,T0,T1,3.4ft,0.05s
4.19.2026 22:18:51,T0,T1,3.5ft,0.06s
4.19.2026 22:18:51,T0,T1,3.6ft,0.05s
4.19.2026 22:18:51,T0,T1,3.6ft,0.05s
4.19.2026 22:18:51,T0,T1,3.7ft,0.05s
4.19.2026 22:18:51,T0,T1,3.7ft,0.05s
4.19.2026 22:18:51,T0,T1,3.8ft,0.05s
4.19.2026 22:18:51,T0,T1,3.8ft,0.05s
4.19.2026 22:18:51,T0,T1,3.9ft,0.05s
4.19.2026 22:18:51,T0,T1,4.0ft,0.05s
4.19.2026 22:18:51,T0,T1,4.0ft,0.05s
4.19.2026 22:18:51,T0,T1,4.1ft,0.05s
4.19.2026 22:18:51,T0,T1,4.2ft,0.05s
4.19.2026 22:18:51,T0,T1,4.2ft,0.05s
4.19.2026 22:18:51,T0,T1,4.1ft,0.05s
4.19.2026 22:18:51,T0,T1,4.1ft,0.05s
4.19.2026 22:18:51,T0,T1,4.0ft,0.05s
4.19.2026 22:18:51,T0,T1,4.0ft,0.05s
4.19.2026 22:18:51,T0,T1,4.1ft,0.05s
4.19.2026 22:18:51,T0,T1,5.0ft,0.05s
4.19.2026 22:18:52,T0,T1,6.1ft,0.05s
4.19.2026 22:18:52,T0,T1,5.6ft,0.05s
4.19.2026 22:18:52,T0,T1,5.1ft,0.05s
4.19.2026 22:18:52,T0,T1,4.8ft,0.05s
4.19.2026 22:18:52,T0,T1,4.6ft,0.05s
4.19.2026 22:18:52,T0,T1,4.4ft,0.05s
4.19.2026 22:18:52,T0,T1,4.2ft,0.05s
4.19.2026 22:18:52,T0,T1,4.1ft,0.05s
4.19.2026 22:18:52,T0,T1,4.0ft,0.05s
4.19.2026 22:18:52,T0,T1,3.4ft,0.05s
4.19.2026 22:18:52,T0,T1,3.4ft,0.05s
4.19.2026 22:18:52,T0,T1,3.4ft,0.05s
4.19.2026 22:18:52,T0,T1,3.4ft,0.05s
4.19.2026 22:18:52,T0,T1,3.5ft,0.05s
4.19.2026 22:18:52,T0,T1,3.5ft,0.05s
4.19.2026 22:18:52,T0,T1,3.5ft,0.05s
4.19.2026 22:18:52,T0,T1,3.5ft,0.05s
4.19.2026 22:18:52,T0,T1,3.6ft,0.05s
4.19.2026 22:18:53,T0,T1,3.6ft,0.05s
4.19.2026 22:18:53,T0,T1,3.6ft,0.05s
4.19.2026 22:18:53,T0,T1,3.7ft,0.05s
4.19.2026 22:18:53,T0,T1,3.8ft,0.05s
4.19.2026 22:18:53,T0,T1,3.9ft,0.05s
4.19.2026 22:18:53,T0,T1,3.9ft,0.05s
4.19.2026 22:18:53,T0,T1,4.0ft,0.05s
4.19.2026 22:18:53,T0,T1,4.0ft,0.05s
4.19.2026 22:18:53,T0,T1,4.1ft,0.05s
4.19.2026 22:18:53,T0,T1,4.1ft,0.05s
4.19.2026 22:18:53,T0,T1,4.1ft,0.05s
4.19.2026 22:18:53,T0,T1,4.1ft,0.05s
4.19.2026 22:18:53,T0,T1,4.0ft,0.05s
4.19.2026 22:18:53,T0,T1,4.0ft,0.05s
4.19.2026 22:18:53,T0,T1,3.9ft,0.05s
4.19.2026 22:18:53,T0,T1,3.9ft,0.05s
4.19.2026 22:18:53,T0,T1,3.9ft,0.05s
4.19.2026 22:18:53,T0,T1,3.9ft,0.05s
4.19.2026 22:18:53,T0,T1,3.8ft,0.05s
4.19.2026 22:18:53,T0,T1,3.9ft,0.05s
4.19.2026 22:18:54,T0,T1,3.9ft,0.05s
4.19.2026 22:18:54,T0,T1,4.0ft,0.05s
4.19.2026 22:18:54,T0,T1,4.1ft,0.05s
4.19.2026 22:18:54,T0,T1,4.1ft,0.05s
4.19.2026 22:18:54,T0,T1,4.2ft,0.05s
4.19.2026 22:18:54,T0,T1,4.1ft,0.05s
4.19.2026 22:18:54,T0,T1,4.1ft,0.05s
4.19.2026 22:18:54,T0,T1,4.0ft,0.05s
4.19.2026 22:18:54,T0,T1,4.0ft,0.05s
4.19.2026 22:18:54,T0,T1,3.9ft,0.05s
4.19.2026 22:18:54,T0,T1,3.9ft,0.05s
4.19.2026 22:18:54,T0,T1,3.9ft,0.05s
4.19.2026 22:18:54,T0,T1,3.9ft,0.05s
4.19.2026 22:18:54,T0,T1,3.9ft,0.05s
4.19.2026 22:18:54,T0,T1,3.8ft,0.05s
4.19.2026 22:18:54,T0,T1,3.8ft,0.05s
4.19.2026 22:18:54,T0,T1,3.8ft,0.05s
4.19.2026 22:18:54,T0,T1,3.8ft,0.05s
4.19.2026 22:18:54,T0,T1,3.8ft,0.05s
4.19.2026 22:18:54,T0,T1,3.7ft,0.05s
4.19.2026 22:18:55,T0,T1,3.8ft,0.05s
4.19.2026 22:18:55,T0,T1,3.8ft,0.05s
4.19.2026 22:18:55,T0,T1,3.8ft,0.05s
4.19.2026 22:18:55,T0,T1,3.7ft,0.05s
4.19.2026 22:18:55,T0,T1,3.7ft,0.05s
4.19.2026 22:18:55,T0,T1,3.7ft,0.05s
4.19.2026 22:18:55,T0,T1,3.7ft,0.05s
4.19.2026 22:18:55,T0,T1,3.7ft,0.05s
4.19.2026 22:18:55,T0,T1,3.7ft,0.05s
4.19.2026 22:18:55,T0,T1,3.9ft,0.05s
4.19.2026 22:18:55,T0,T1,4.0ft,0.05s
4.19.2026 22:18:55,T0,T1,4.0ft,0.05s
4.19.2026 22:18:55,T0,T1,4.0ft,0.05s
4.19.2026 22:18:55,T0,T1,4.0ft,0.05s
4.19.2026 22:18:55,T0,T1,4.0ft,0.05s
4.19.2026 22:18:55,T0,T1,4.0ft,0.05s
4.19.2026 22:18:55,T0,T1,4.0ft,0.05s
4.19.2026 22:18:55,T0,T1,4.0ft,0.05s
4.19.2026 22:18:55,T0,T1,3.9ft,0.05s
4.19.2026 22:18:56,T0,T1,3.9ft,0.05s
4.19.2026 22:18:56,T0,T1,3.9ft,0.05s
4.19.2026 22:18:56,T0,T1,3.9ft,0.05s
4.19.2026 22:18:56,T0,T1,3.8ft,0.05s
4.19.2026 22:18:56,T0,T1,3.8ft,0.05s
4.19.2026 22:18:56,T0,T1,3.8ft,0.05s
4.19.2026 22:18:56,T0,T1,3.8ft,0.05s
4.19.2026 22:18:56,T0,T1,3.8ft,0.05s
4.19.2026 22:18:56,T0,T1,3.8ft,0.05s
4.19.2026 22:18:56,T0,T1,3.7ft,0.05s
4.19.2026 22:18:56,T0,T1,3.7ft,0.05s
4.19.2026 22:18:56,T0,T1,3.8ft,0.05s
4.19.2026 22:18:56,T0,T1,3.8ft,0.05s
4.19.2026 22:18:56,T0,T1,3.8ft,0.05s
4.19.2026 22:18:56,T0,T1,3.8ft,0.05s
4.19.2026 22:18:56,T0,T1,3.8ft,0.05s
4.19.2026 22:18:56,T0,T1,3.8ft,0.05s
4.19.2026 22:18:56,T0,T1,3.7ft,0.05s
4.19.2026 22:18:56,T0,T1,3.7ft,0.05s
4.19.2026 22:18:56,T0,T1,3.7ft,0.05s
4.19.2026 22:18:57,T0,T1,3.8ft,0.05s
4.19.2026 22:18:57,T0,T1,3.7ft,0.05s
4.19.2026 22:18:57,T0,T1,3.7ft,0.05s
4.19.2026 22:18:57,T0,T1,3.7ft,0.05s
4.19.2026 22:18:57,T0,T1,3.7ft,0.05s
4.19.2026 22:18:57,T0,T1,3.7ft,0.05s
4.19.2026 22:18:57,T0,T1,3.7ft,0.05s
4.19.2026 22:18:57,T0,T1,3.7ft,0.05s
4.19.2026 22:18:57,T0,T1,3.6ft,0.05s
4.19.2026 22:18:57,T0,T1,3.5ft,0.05s
4.19.2026 22:18:57,T0,T1,3.4ft,0.05s
4.19.2026 22:18:57,T0,T1,3.3ft,0.05s
4.19.2026 22:18:57,T0,T1,3.0ft,0.05s
4.19.2026 22:18:57,T0,T1,2.8ft,0.05s
4.19.2026 22:18:57,T0,T1,2.8ft,0.05s
4.19.2026 22:18:57,T0,T1,2.6ft,0.05s
4.19.2026 22:18:57,T0,T1,2.5ft,0.05s
4.19.2026 22:18:57,T0,T1,2.5ft,0.05s
4.19.2026 22:18:57,T0,T1,2.3ft,0.05s
4.19.2026 22:18:58,T0,T1,2.2ft,0.05s
4.19.2026 22:18:58,T0,T1,2.2ft,0.05s
4.19.2026 22:18:58,T0,T1,2.2ft,0.05s
4.19.2026 22:18:58,T0,T1,2.1ft,0.05s
4.19.2026 22:18:58,T0,T1,2.0ft,0.05s
4.19.2026 22:18:58,T0,T1,1.9ft,0.05s
4.19.2026 22:18:58,T0,T1,1.8ft,0.05s
4.19.2026 22:18:58,T0,T1,1.7ft,0.05s
4.19.2026 22:18:58,T0,T1,1.6ft,0.05s
4.19.2026 22:18:58,T0,T1,1.6ft,0.05s
4.19.2026 22:18:58,T0,T1,1.6ft,0.05s
4.19.2026 22:18:58,T0,T1,1.6ft,0.05s
4.19.2026 22:18:58,T0,T1,1.7ft,0.05s
4.19.2026 22:18:58,T0,T1,1.6ft,0.05s
4.19.2026 22:18:58,T0,T1,1.6ft,0.05s
4.19.2026 22:18:58,T0,T1,1.6ft,0.05s
4.19.2026 22:18:58,T0,T1,1.6ft,0.05s
4.19.2026 22:18:58,T0,T1,1.6ft,0.05s
4.19.2026 22:18:58,T0,T1,1.6ft,0.05s
4.19.2026 22:18:58,T0,T1,1.6ft,0.05s
4.19.2026 22:18:59,T0,T1,1.6ft,0.05s
4.19.2026 22:18:59,T0,T1,1.6ft,0.05s
4.19.2026 22:18:59,T0,T1,1.6ft,0.05s
4.19.2026 22:18:59,T0,T1,1.6ft,0.05s
4.19.2026 22:18:59,T0,T1,1.6ft,0.05s
4.19.2026 22:18:59,T0,T1,1.6ft,0.05s
4.19.2026 22:18:59,T0,T1,1.6ft,0.05s
4.19.2026 22:18:59,T0,T1,1.5ft,0.05s
4.19.2026 22:18:59,T0,T1,1.5ft,0.05s
4.19.2026 22:18:59,T0,T1,1.5ft,0.05s
4.19.2026 22:18:59,T0,T1,1.5ft,0.05s
4.19.2026 22:18:59,T0,T1,1.5ft,0.05s
4.19.2026 22:18:59,T0,T1,1.6ft,0.05s
4.19.2026 22:18:59,T0,T1,1.6ft,0.05s
4.19.2026 22:18:59,T0,T1,1.5ft,0.05s
4.19.2026 22:18:59,T0,T1,1.4ft,0.05s
4.19.2026 22:18:59,T0,T1,1.2ft,0.05s
4.19.2026 22:18:59,T0,T1,1.1ft,0.05s
4.19.2026 22:18:59,T0,T1,1.0ft,0.05s
4.19.2026 22:18:59,T0,T1,0.9ft,0.05s
4.19.2026 22:19:00,T0,T1,0.8ft,0.05s
4.19.2026 22:19:00,T0,T1,0.7ft,0.05s
4.19.2026 22:19:00,T0,T1,0.7ft,0.05s
4.19.2026 22:19:00,T0,T1,0.7ft,0.05s
4.19.2026 22:19:00,T0,T1,0.8ft,0.05s
4.19.2026 22:19:00,T0,T1,0.8ft,0.05s
4.19.2026 22:19:00,T0,T1,0.8ft,0.05s
4.19.2026 22:19:00,T0,T1,0.9ft,0.05s
4.19.2026 22:19:00,T0,T1,0.9ft,0.05s
4.19.2026 22:19:00,T0,T1,0.9ft,0.05s
4.19.2026 22:19:00,T0,T1,0.9ft,0.05s
4.19.2026 22:19:00,T0,T1,0.9ft,0.05s
4.19.2026 22:19:00,T0,T1,0.9ft,0.05s
4.19.2026 22:19:00,T0,T1,0.9ft,0.05s
4.19.2026 22:19:00,T0,T1,0.9ft,0.05s
4.19.2026 22:19:00,T0,T1,0.9ft,0.05s
4.19.2026 22:19:00,T0,T1,1.0ft,0.05s
4.19.2026 22:19:00,T0,T1,1.0ft,0.05s
4.19.2026 22:19:00,T0,T1,1.1ft,0.05s
4.19.2026 22:19:01,T0,T1,1.1ft,0.05s
4.19.2026 22:19:01,T0,T1,1.1ft,0.05s
4.19.2026 22:19:01,T0,T1,1.2ft,0.05s
4.19.2026 22:19:01,T0,T1,1.2ft,0.05s
4.19.2026 22:19:01,T0,T1,1.2ft,0.05s
4.19.2026 22:19:01,T0,T1,1.3ft,0.05s
4.19.2026 22:19:01,T0,T1,1.3ft,0.05s
4.19.2026 22:19:01,T0,T1,1.4ft,0.05s
4.19.2026 22:19:01,T0,T1,1.4ft,0.05s
4.19.2026 22:19:01,T0,T1,1.4ft,0.05s
4.19.2026 22:19:01,T0,T1,1.5ft,0.05s
4.19.2026 22:19:01,T0,T1,1.5ft,0.05s
4.19.2026 22:19:01,T0,T1,1.6ft,0.05s
4.19.2026 22:19:01,T0,T1,1.6ft,0.05s
4.19.2026 22:19:01,T0,T1,1.6ft,0.05s
4.19.2026 22:19:01,T0,T1,1.7ft,0.05s
4.19.2026 22:19:01,T0,T1,1.8ft,0.05s
4.19.2026 22:19:01,T0,T1,1.8ft,0.05s
4.19.2026 22:19:01,T0,T1,1.8ft,0.05s
4.19.2026 22:19:01,T0,T1,1.8ft,0.05s
4.19.2026 22:19:02,T0,T1,1.8ft,0.05s
4.19.2026 22:19:02,T0,T1,1.8ft,0.05s
4.19.2026 22:19:02,T0,T1,1.9ft,0.05s
4.19.2026 22:19:02,T0,T1,2.0ft,0.05s
4.19.2026 22:19:02,T0,T1,2.1ft,0.05s
4.19.2026 22:19:02,T0,T1,2.1ft,0.05s
4.19.2026 22:19:02,T0,T1,2.1ft,0.05s
4.19.2026 22:19:02,T0,T1,2.1ft,0.05s
4.19.2026 22:19:02,T0,T1,2.0ft,0.05s
4.19.2026 22:19:02,T0,T1,2.0ft,0.05s
4.19.2026 22:19:02,T0,T1,2.0ft,0.05s
4.19.2026 22:19:02,T0,T1,1.9ft,0.05s
4.19.2026 22:19:02,T0,T1,1.9ft,0.05s
4.19.2026 22:19:02,T0,T1,1.8ft,0.05s
4.19.2026 22:19:02,T0,T1,1.8ft,0.05s
4.19.2026 22:19:02,T0,T1,1.7ft,0.05s
4.19.2026 22:19:02,T0,T1,1.7ft,0.05s
4.19.2026 22:19:02,T0,T1,1.7ft,0.05s
4.19.2026 22:19:02,T0,T1,1.7ft,0.05s
4.19.2026 22:19:02,T0,T1,1.6ft,0.05s
4.19.2026 22:19:03,T0,T1,1.6ft,0.05s
4.19.2026 22:19:03,T0,T1,1.6ft,0.05s
4.19.2026 22:19:03,T0,T1,1.7ft,0.05s
4.19.2026 22:19:03,T0,T1,1.7ft,0.05s
4.19.2026 22:19:03,T0,T1,1.8ft,0.05s
4.19.2026 22:19:03,T0,T1,1.8ft,0.05s
4.19.2026 22:19:03,T0,T1,1.9ft,0.05s
4.19.2026 22:19:03,T0,T1,1.9ft,0.05s
4.19.2026 22:19:03,T0,T1,2.0ft,0.05s
4.19.2026 22:19:03,T0,T1,2.0ft,0.05s
4.19.2026 22:19:03,T0,T1,2.0ft,0.05s
4.19.2026 22:19:03,T0,T1,2.1ft,0.05s
4.19.2026 22:19:03,T0,T1,2.1ft,0.05s
4.19.2026 22:19:03,T0,T1,2.1ft,0.05s
4.19.2026 22:19:03,T0,T1,2.1ft,0.05s
4.19.2026 22:19:03,T0,T1,2.3ft,0.05s
4.19.2026 22:19:03,T0,T1,2.5ft,0.05s
4.19.2026 22:19:03,T0,T1,2.6ft,0.05s
4.19.2026 22:19:03,T0,T1,2.8ft,0.05s
4.19.2026 22:19:04,T0,T1,3.0ft,0.05s
4.19.2026 22:19:04,T0,T1,3.2ft,0.05s
4.19.2026 22:19:04,T0,T1,3.2ft,0.05s
4.19.2026 22:19:04,T0,T1,3.1ft,0.05s
4.19.2026 22:19:04,T0,T1,3.0ft,0.05s
4.19.2026 22:19:04,T0,T1,3.1ft,0.05s
4.19.2026 22:19:04,T0,T1,3.0ft,0.05s
4.19.2026 22:19:04,T0,T1,3.0ft,0.05s
4.19.2026 22:19:04,T0,T1,3.0ft,0.05s
4.19.2026 22:19:04,T0,T1,2.9ft,0.05s
4.19.2026 22:19:04,T0,T1,2.9ft,0.05s
4.19.2026 22:19:04,T0,T1,2.8ft,0.05s
4.19.2026 22:19:04,T0,T1,2.7ft,0.05s
4.19.2026 22:19:04,T0,T1,2.8ft,0.05s
4.19.2026 22:19:04,T0,T1,2.8ft,0.05s
4.19.2026 22:19:04,T0,T1,2.9ft,0.05s
4.19.2026 22:19:04,T0,T1,3.0ft,0.05s
4.19.2026 22:19:04,T0,T1,3.0ft,0.05s
4.19.2026 22:19:04,T0,T1,3.0ft,0.05s
4.19.2026 22:19:04,T0,T1,2.9ft,0.05s
4.19.2026 22:19:05,T0,T1,2.8ft,0.05s
4.19.2026 22:19:05,T0,T1,2.7ft,0.05s
4.19.2026 22:19:05,T0,T1,2.5ft,0.05s
4.19.2026 22:19:05,T0,T1,2.3ft,0.05s
4.19.2026 22:19:05,T0,T1,2.2ft,0.05s
4.19.2026 22:19:05,T0,T1,2.1ft,0.05s
4.19.2026 22:19:05,T0,T1,2.1ft,0.05s
4.19.2026 22:19:05,T0,T1,2.1ft,0.05s
4.19.2026 22:19:05,T0,T1,2.2ft,0.05s
4.19.2026 22:19:05,T0,T1,2.2ft,0.05s
4.19.2026 22:19:05,T0,T1,2.4ft,0.05s
4.19.2026 22:19:05,T0,T1,2.4ft,0.05s
4.19.2026 22:19:05,T0,T1,2.4ft,0.05s
4.19.2026 22:19:05,T0,T1,2.3ft,0.05s
4.19.2026 22:19:05,T0,T1,2.2ft,0.05s
4.19.2026 22:19:05,T0,T1,2.3ft,0.05s
4.19.2026 22:19:05,T0,T1,2.3ft,0.05s
4.19.2026 22:19:05,T0,T1,2.3ft,0.05s
4.19.2026 22:19:05,T0,T1,2.3ft,0.05s
4.19.2026 22:19:05,T0,T1,2.3ft,0.05s
4.19.2026 22:19:06,T0,T1,2.3ft,0.05s
4.19.2026 22:19:06,T0,T1,2.2ft,0.05s
4.19.2026 22:19:06,T0,T1,2.2ft,0.05s
4.19.2026 22:19:06,T0,T1,2.1ft,0.05s
4.19.2026 22:19:06,T0,T1,2.2ft,0.05s
4.19.2026 22:19:06,T0,T1,2.2ft,0.05s
4.19.2026 22:19:06,T0,T1,2.2ft,0.05s
4.19.2026 22:19:06,T0,T1,2.2ft,0.05s
4.19.2026 22:19:06,T0,T1,2.2ft,0.05s
4.19.2026 22:19:06,T0,T1,2.3ft,0.05s
4.19.2026 22:19:06,T0,T1,2.3ft,0.05s
4.19.2026 22:19:06,T0,T1,2.3ft,0.05s
4.19.2026 22:19:06,T0,T1,2.3ft,0.05s
4.19.2026 22:19:06,T0,T1,2.3ft,0.05s
4.19.2026 22:19:06,T0,T1,2.3ft,0.05s
4.19.2026 22:19:06,T0,T1,2.2ft,0.05s
4.19.2026 22:19:06,T0,T1,2.2ft,0.05s
4.19.2026 22:19:06,T0,T1,2.2ft,0.05s
4.19.2026 22:19:06,T0,T1,2.2ft,0.05s
4.19.2026 22:19:07,T0,T1,2.1ft,0.05s
4.19.2026 22:19:07,T0,T1,2.2ft,0.05s
4.19.2026 22:19:07,T0,T1,2.2ft,0.05s
4.19.2026 22:19:07,T0,T1,2.2ft,0.05s
4.19.2026 22:19:07,T0,T1,2.2ft,0.05s
4.19.2026 22:19:07,T0,T1,2.3ft,0.05s
4.19.2026 22:19:07,T0,T1,2.3ft,0.05s
4.19.2026 22:19:07,T0,T1,2.3ft,0.05s
4.19.2026 22:19:07,T0,T1,2.2ft,0.05s
4.19.2026 22:19:07,T0,T1,2.2ft,0.05s
4.19.2026 22:19:07,T0,T1,2.1ft,0.05s
4.19.2026 22:19:07,T0,T1,2.1ft,0.05s
4.19.2026 22:19:07,T0,T1,2.1ft,0.05s
4.19.2026 22:19:07,T0,T1,2.1ft,0.05s
4.19.2026 22:19:07,T0,T1,2.1ft,0.05s
4.19.2026 22:19:07,T0,T1,2.0ft,0.05s
4.19.2026 22:19:07,T0,T1,2.0ft,0.05s
4.19.2026 22:19:07,T0,T1,1.9ft,0.05s
4.19.2026 22:19:07,T0,T1,1.9ft,0.05s
4.19.2026 22:19:07,T0,T1,1.8ft,0.05s
4.19.2026 22:19:08,T0,T1,1.9ft,0.05s
4.19.2026 22:19:08,T0,T1,1.9ft,0.05s
4.19.2026 22:19:08,T0,T1,2.8ft,0.05s
4.19.2026 22:19:08,T0,T1,2.6ft,0.05s
4.19.2026 22:19:08,T0,T1,2.5ft,0.05s
4.19.2026 22:19:08,T0,T1,2.4ft,0.05s
4.19.2026 22:19:08,T0,T1,2.4ft,0.05s
4.19.2026 22:19:08,T0,T1,3.5ft,0.05s
4.19.2026 22:19:08,T0,T1,5.0ft,0.05s
4.19.2026 22:19:08,T0,T1,4.3ft,0.05s
4.19.2026 22:19:08,T0,T1,3.8ft,0.05s
4.19.2026 22:19:08,T0,T1,3.5ft,0.05s
4.19.2026 22:19:08,T0,T1,3.2ft,0.05s
4.19.2026 22:19:08,T0,T1,4.4ft,0.05s
4.19.2026 22:19:08,T0,T1,5.6ft,0.05s
4.19.2026 22:19:08,T0,T1,6.8ft,0.05s
4.19.2026 22:19:08,T0,T1,5.8ft,0.05s
4.19.2026 22:19:08,T0,T1,5.0ft,0.05s
4.19.2026 22:19:08,T0,T1,4.4ft,0.05s
4.19.2026 22:19:08,T0,T1,3.9ft,0.05s
4.19.2026 22:19:09,T0,T1,3.5ft,0.05s
4.19.2026 22:19:09,T0,T1,3.1ft,0.05s
4.19.2026 22:19:09,T0,T1,2.9ft,0.06s
4.19.2026 22:19:09,T0,T1,2.8ft,0.05s
4.19.2026 22:19:09,T0,T1,2.7ft,0.05s
4.19.2026 22:19:09,T0,T1,2.7ft,0.05s
4.19.2026 22:19:09,T0,T1,2.6ft,0.05s
4.19.2026 22:19:09,T0,T1,2.6ft,0.05s
4.19.2026 22:19:09,T0,T1,2.6ft,0.05s
4.19.2026 22:19:09,T0,T1,2.5ft,0.05s
4.19.2026 22:19:09,T0,T1,2.4ft,0.05s
4.19.2026 22:19:09,T0,T1,2.3ft,0.05s
4.19.2026 22:19:09,T0,T1,2.3ft,0.05s
4.19.2026 22:19:09,T0,T1,2.2ft,0.05s
4.19.2026 22:19:09,T0,T1,2.2ft,0.05s
4.19.2026 22:19:09,T0,T1,2.2ft,0.05s
4.19.2026 22:19:09,T0,T1,2.2ft,0.05s
4.19.2026 22:19:09,T0,T1,2.3ft,0.05s
4.19.2026 22:19:09,T0,T1,2.3ft,0.05s
4.19.2026 22:19:10,T0,T1,2.4ft,0.05s
4.19.2026 22:19:10,T0,T1,2.6ft,0.05s
4.19.2026 22:19:10,T0,T1,2.7ft,0.05s
4.19.2026 22:19:10,T0,T1,2.8ft,0.05s
4.19.2026 22:19:10,T0,T1,2.8ft,0.05s
4.19.2026 22:19:10,T0,T1,3.0ft,0.06s
4.19.2026 22:19:10,T0,T1,3.1ft,0.05s
4.19.2026 22:19:10,T0,T1,3.1ft,0.05s
4.19.2026 22:19:10,T0,T1,3.1ft,0.05s
4.19.2026 22:19:10,T0,T1,3.0ft,0.05s
4.19.2026 22:19:10,T0,T1,3.0ft,0.05s
4.19.2026 22:19:10,T0,T1,3.0ft,0.05s
4.19.2026 22:19:10,T0,T1,2.8ft,0.05s
4.19.2026 22:19:10,T0,T1,2.7ft,0.05s
4.19.2026 22:19:10,T0,T1,2.7ft,0.05s
4.19.2026 22:19:10,T0,T1,2.6ft,0.05s
4.19.2026 22:19:10,T0,T1,2.6ft,0.05s
4.19.2026 22:19:10,T0,T1,2.6ft,0.05s
4.19.2026 22:19:10,T0,T1,2.5ft,0.05s
4.19.2026 22:19:10,T0,T1,2.5ft,0.05s
4.19.2026 22:19:11,T0,T1,2.5ft,0.05s
4.19.2026 22:19:11,T0,T1,2.4ft,0.05s
4.19.2026 22:19:11,T0,T1,2.3ft,0.05s
4.19.2026 22:19:11,T0,T1,2.3ft,0.05s
4.19.2026 22:19:11,T0,T1,2.3ft,0.05s
4.19.2026 22:19:11,T0,T1,2.3ft,0.05s
4.19.2026 22:19:11,T0,T1,2.3ft,0.05s
4.19.2026 22:19:11,T0,T1,2.3ft,0.05s
4.19.2026 22:19:11,T0,T1,2.2ft,0.05s
4.19.2026 22:19:11,T0,T1,2.2ft,0.05s
4.19.2026 22:19:11,T0,T1,2.1ft,0.05s
4.19.2026 22:19:11,T0,T1,2.1ft,0.05s
4.19.2026 22:19:11,T0,T1,2.1ft,0.05s
4.19.2026 22:19:11,T0,T1,2.1ft,0.05s
4.19.2026 22:19:11,T0,T1,2.1ft,0.05s
4.19.2026 22:19:11,T0,T1,2.2ft,0.05s
4.19.2026 22:19:11,T0,T1,2.2ft,0.05s
4.19.2026 22:19:11,T0,T1,2.2ft,0.05s
4.19.2026 22:19:11,T0,T1,2.2ft,0.05s
4.19.2026 22:19:12,T0,T1,2.2ft,0.05s
4.19.2026 22:19:12,T0,T1,2.1ft,0.05s
4.19.2026 22:19:12,T0,T1,2.1ft,0.05s
4.19.2026 22:19:12,T0,T1,2.1ft,0.05s
4.19.2026 22:19:12,T0,T1,2.1ft,0.05s
4.19.2026 22:19:12,T0,T1,2.1ft,0.05s
4.19.2026 22:19:12,T0,T1,2.2ft,0.05s
4.19.2026 22:19:12,T0,T1,2.1ft,0.05s
4.19.2026 22:19:12,T0,T1,2.2ft,0.05s
4.19.2026 22:19:12,T0,T1,2.2ft,0.05s
4.19.2026 22:19:12,T0,T1,2.2ft,0.05s
4.19.2026 22:19:12,T0,T1,2.2ft,0.05s
4.19.2026 22:19:12,T0,T1,2.2ft,0.05s
4.19.2026 22:19:12,T0,T1,2.1ft,0.05s
4.19.2026 22:19:12,T0,T1,2.1ft,0.05s
4.19.2026 22:19:12,T0,T1,2.1ft,0.05s
4.19.2026 22:19:12,T0,T1,2.1ft,0.05s
4.19.2026 22:19:12,T0,T1,2.1ft,0.05s
4.19.2026 22:19:12,T0,T1,2.0ft,0.05s
4.19.2026 22:19:12,T0,T1,2.0ft,0.05s
4.19.2026 22:19:13,T0,T1,2.0ft,0.05s
4.19.2026 22:19:13,T0,T1,2.0ft,0.05s
4.19.2026 22:19:13,T0,T1,2.1ft,0.05s
4.19.2026 22:19:13,T0,T1,2.2ft,0.05s
4.19.2026 22:19:13,T0,T1,2.2ft,0.05s
4.19.2026 22:19:13,T0,T1,2.2ft,0.05s
4.19.2026 22:19:13,T0,T1,2.2ft,0.05s
4.19.2026 22:19:13,T0,T1,2.2ft,0.05s
4.19.2026 22:19:13,T0,T1,2.2ft,0.05s
4.19.2026 22:19:13,T0,T1,2.2ft,0.05s
4.19.2026 22:19:13,T0,T1,2.2ft,0.05s
4.19.2026 22:19:13,T0,T1,2.2ft,0.05s
4.19.2026 22:19:13,T0,T1,2.2ft,0.05s
4.19.2026 22:19:13,T0,T1,2.1ft,0.05s
4.19.2026 22:19:13,T0,T1,2.0ft,0.05s
4.19.2026 22:19:13,T0,T1,2.0ft,0.05s
4.19.2026 22:19:13,T0,T1,2.0ft,0.05s
4.19.2026 22:19:13,T0,T1,2.0ft,0.05s
4.19.2026 22:19:13,T0,T1,2.0ft,0.05s
4.19.2026 22:19:13,T0,T1,2.0ft,0.05s
4.19.2026 22:19:14,T0,T1,2.1ft,0.05s
4.19.2026 22:19:14,T0,T1,2.1ft,0.05s
4.19.2026 22:19:14,T0,T1,2.1ft,0.05s
4.19.2026 22:19:14,T0,T1,2.2ft,0.05s
4.19.2026 22:19:14,T0,T1,2.2ft,0.05s
4.19.2026 22:19:14,T0,T1,2.2ft,0.05s
4.19.2026 22:19:14,T0,T1,2.1ft,0.05s
4.19.2026 22:19:14,T0,T1,2.1ft,0.05s
4.19.2026 22:19:14,T0,T1,2.1ft,0.05s
4.19.2026 22:19:14,T0,T1,2.1ft,0.05s
4.19.2026 22:19:14,T0,T1,2.0ft,0.05s
4.19.2026 22:19:14,T0,T1,2.0ft,0.05s
4.19.2026 22:19:14,T0,T1,2.0ft,0.05s
4.19.2026 22:19:14,T0,T1,1.9ft,0.05s
4.19.2026 22:19:14,T0,T1,1.9ft,0.05s
4.19.2026 22:19:14,T0,T1,1.9ft,0.05s
4.19.2026 22:19:14,T0,T1,1.9ft,0.05s
4.19.2026 22:19:14,T0,T1,2.0ft,0.05s
4.19.2026 22:19:14,T0,T1,2.0ft,0.05s
4.19.2026 22:19:15,T0,T1,2.0ft,0.05s
4.19.2026 22:19:15,T0,T1,2.0ft,0.05s
4.19.2026 22:19:15,T0,T1,1.9ft,0.05s
4.19.2026 22:19:15,T0,T1,1.9ft,0.05s
4.19.2026 22:19:15,T0,T1,1.9ft,0.05s
4.19.2026 22:19:15,T0,T1,1.8ft,0.05s
4.19.2026 22:19:15,T0,T1,1.8ft,0.05s
4.19.2026 22:19:15,T0,T1,1.8ft,0.05s
4.19.2026 22:19:15,T0,T1,1.8ft,0.05s
4.19.2026 22:19:15,T0,T1,1.8ft,0.05s
4.19.2026 22:19:15,T0,T1,1.9ft,0.05s
4.19.2026 22:19:15,T0,T1,1.9ft,0.05s
4.19.2026 22:19:15,T0,T1,2.0ft,0.05s
4.19.2026 22:19:15,T0,T1,2.0ft,0.05s
4.19.2026 22:19:15,T0,T1,2.0ft,0.05s
4.19.2026 22:19:15,T0,T1,2.0ft,0.05s
4.19.2026 22:19:15,T0,T1,2.0ft,0.05s
4.19.2026 22:19:15,T0,T1,1.9ft,0.05s
4.19.2026 22:19:15,T0,T1,1.9ft,0.05s
4.19.2026 22:19:15,T0,T1,1.9ft,0.05s
4.19.2026 22:19:16,T0,T1,1.9ft,0.05s
4.19.2026 22:19:16,T0,T1,1.9ft,0.05s
4.19.2026 22:19:16,T0,T1,2.0ft,0.05s
4.19.2026 22:19:16,T0,T1,2.0ft,0.05s
4.19.2026 22:19:16,T0,T1,2.0ft,0.05s
4.19.2026 22:19:16,T0,T1,1.9ft,0.05s
4.19.2026 22:19:16,T0,T1,2.0ft,0.05s
4.19.2026 22:19:16,T0,T1,2.0ft,0.05s
4.19.2026 22:19:16,T0,T1,2.0ft,0.05s
4.19.2026 22:19:16,T0,T1,2.0ft,0.05s
4.19.2026 22:19:16,T0,T1,2.0ft,0.05s
4.19.2026 22:19:16,T0,T1,2.0ft,0.05s
4.19.2026 22:19:16,T0,T1,1.9ft,0.05s
4.19.2026 22:19:16,T0,T1,1.9ft,0.05s
4.19.2026 22:19:16,T0,T1,1.9ft,0.05s
4.19.2026 22:19:16,T0,T1,1.9ft,0.05s
4.19.2026 22:19:16,T0,T1,1.9ft,0.05s
4.19.2026 22:19:16,T0,T1,1.9ft,0.05s
4.19.2026 22:19:16,T0,T1,1.8ft,0.05s
4.19.2026 22:19:16,T0,T1,1.8ft,0.05s
4.19.2026 22:19:17,T0,T1,1.8ft,0.05s
4.19.2026 22:19:17,T0,T1,1.8ft,0.05s
4.19.2026 22:19:17,T0,T1,1.8ft,0.05s
4.19.2026 22:19:17,T0,T1,1.8ft,0.05s
4.19.2026 22:19:17,T0,T1,1.8ft,0.05s
4.19.2026 22:19:17,T0,T1,1.8ft,0.06s
4.19.2026 22:19:17,T0,T1,1.8ft,0.05s
4.19.2026 22:19:17,T0,T1,1.8ft,0.05s
4.19.2026 22:19:17,T0,T1,1.8ft,0.05s
4.19.2026 22:19:17,T0,T1,1.8ft,0.05s
4.19.2026 22:19:17,T0,T1,1.7ft,0.05s
4.19.2026 22:19:17,T0,T1,1.7ft,0.05s
4.19.2026 22:19:17,T0,T1,1.7ft,0.05s
4.19.2026 22:19:17,T0,T1,1.7ft,0.05s
4.19.2026 22:19:17,T0,T1,1.7ft,0.05s
4.19.2026 22:19:17,T0,T1,1.7ft,0.05s
4.19.2026 22:19:17,T0,T1,1.7ft,0.05s
4.19.2026 22:19:17,T0,T1,1.7ft,0.05s
4.19.2026 22:19:17,T0,T1,1.8ft,0.05s
4.19.2026 22:19:18,T0,T1,1.8ft,0.05s
4.19.2026 22:19:18,T0,T1,1.8ft,0.05s
4.19.2026 22:19:18,T0,T1,1.8ft,0.05s
4.19.2026 22:19:18,T0,T1,1.8ft,0.05s
4.19.2026 22:19:18,T0,T1,1.8ft,0.05s
4.19.2026 22:19:18,T0,T1,1.8ft,0.05s
4.19.2026 22:19:18,T0,T1,1.8ft,0.05s
4.19.2026 22:19:18,T0,T1,1.8ft,0.05s
4.19.2026 22:19:18,T0,T1,1.8ft,0.05s
4.19.2026 22:19:18,T0,T1,1.8ft,0.05s
4.19.2026 22:19:18,T0,T1,1.8ft,0.05s
4.19.2026 22:19:18,T0,T1,1.9ft,0.05s
4.19.2026 22:19:18,T0,T1,1.9ft,0.05s
4.19.2026 22:19:18,T0,T1,1.9ft,0.05s
4.19.2026 22:19:18,T0,T1,2.0ft,0.05s
4.19.2026 22:19:18,T0,T1,2.0ft,0.05s
4.19.2026 22:19:18,T0,T1,2.1ft,0.05s
4.19.2026 22:19:18,T0,T1,2.2ft,0.05s
4.19.2026 22:19:18,T0,T1,2.2ft,0.05s
4.19.2026 22:19:18,T0,T1,2.3ft,0.05s
4.19.2026 22:19:19,T0,T1,2.3ft,0.05s
4.19.2026 22:19:19,T0,T1,2.2ft,0.05s
4.19.2026 22:19:19,T0,T1,2.2ft,0.05s
4.19.2026 22:19:19,T0,T1,2.2ft,0.05s
4.19.2026 22:19:19,T0,T1,2.1ft,0.05s
4.19.2026 22:19:19,T0,T1,2.1ft,0.05s
4.19.2026 22:19:19,T0,T1,2.0ft,0.05s
4.19.2026 22:19:19,T0,T1,2.0ft,0.05s
4.19.2026 22:19:19,T0,T1,2.0ft,0.05s
4.19.2026 22:19:19,T0,T1,1.9ft,0.05s
4.19.2026 22:19:19,T0,T1,1.9ft,0.05s
4.19.2026 22:19:19,T0,T1,1.9ft,0.05s
4.19.2026 22:19:19,T0,T1,1.9ft,0.05s
4.19.2026 22:19:19,T0,T1,1.9ft,0.05s
4.19.2026 22:19:19,T0,T1,1.9ft,0.05s
4.19.2026 22:19:19,T0,T1,1.9ft,0.05s
4.19.2026 22:19:19,T0,T1,1.9ft,0.05s
4.19.2026 22:19:19,T0,T1,1.9ft,0.05s
4.19.2026 22:19:19,T0,T1,1.9ft,0.05s
4.19.2026 22:19:20,T0,T1,2.0ft,0.05s
4.19.2026 22:19:20,T0,T1,2.0ft,0.05s
4.19.2026 22:19:20,T0,T1,2.1ft,0.05s
4.19.2026 22:19:20,T0,T1,2.0ft,0.05s
4.19.2026 22:19:20,T0,T1,2.0ft,0.05s
4.19.2026 22:19:20,T0,T1,2.0ft,0.05s
4.19.2026 22:19:20,T0,T1,2.0ft,0.05s
4.19.2026 22:19:20,T0,T1,2.0ft,0.05s
4.19.2026 22:19:20,T0,T1,2.0ft,0.06s
4.19.2026 22:19:20,T0,T1,1.9ft,0.05s
4.19.2026 22:19:20,T0,T1,2.0ft,0.05s
4.19.2026 22:19:20,T0,T1,2.0ft,0.05s
4.19.2026 22:19:20,T0,T1,2.0ft,0.05s
4.19.2026 22:19:20,T0,T1,2.0ft,0.05s
4.19.2026 22:19:20,T0,T1,2.0ft,0.05s
4.19.2026 22:19:20,T0,T1,2.0ft,0.05s
4.19.2026 22:19:20,T0,T1,2.0ft,0.05s
4.19.2026 22:19:20,T0,T1,2.0ft,0.05s
4.19.2026 22:19:20,T0,T1,2.0ft,0.05s
4.19.2026 22:19:20,T0,T1,2.1ft,0.05s
4.19.2026 22:19:21,T0,T1,2.2ft,0.05s
4.19.2026 22:19:21,T0,T1,2.2ft,0.05s
4.19.2026 22:19:21,T0,T1,2.2ft,0.05s
4.19.2026 22:19:21,T0,T1,2.2ft,0.05s
4.19.2026 22:19:21,T0,T1,2.1ft,0.05s
4.19.2026 22:19:21,T0,T1,2.1ft,0.05s
4.19.2026 22:19:21,T0,T1,2.1ft,0.05s
4.19.2026 22:19:21,T0,T1,2.1ft,0.05s
4.19.2026 22:19:21,T0,T1,2.0ft,0.05s
4.19.2026 22:19:21,T0,T1,2.0ft,0.05s
4.19.2026 22:19:21,T0,T1,1.9ft,0.05s
4.19.2026 22:19:21,T0,T1,1.9ft,0.05s
4.19.2026 22:19:21,T0,T1,1.8ft,0.05s
4.19.2026 22:19:21,T0,T1,1.8ft,0.05s
4.19.2026 22:19:21,T0,T1,1.8ft,0.05s
4.19.2026 22:19:21,T0,T1,1.9ft,0.05s
4.19.2026 22:19:21,T0,T1,1.9ft,0.05s
4.19.2026 22:19:21,T0,T1,1.9ft,0.05s
4.19.2026 22:19:21,T0,T1,1.9ft,0.05s
4.19.2026 22:19:22,T0,T1,1.9ft,0.05s
4.19.2026 22:19:22,T0,T1,1.9ft,0.05s
4.19.2026 22:19:22,T0,T1,2.0ft,0.05s
4.19.2026 22:19:22,T0,T1,2.0ft,0.05s
4.19.2026 22:19:22,T0,T1,2.0ft,0.05s
4.19.2026 22:19:22,T0,T1,2.0ft,0.05s
4.19.2026 22:19:22,T0,T1,2.0ft,0.05s
4.19.2026 22:19:22,T0,T1,2.0ft,0.05s
4.19.2026 22:19:22,T0,T1,2.0ft,0.05s
4.19.2026 22:19:22,T0,T1,2.0ft,0.05s
4.19.2026 22:19:22,T0,T1,2.0ft,0.05s
4.19.2026 22:19:22,T0,T1,2.0ft,0.05s
4.19.2026 22:19:22,T0,T1,2.0ft,0.05s
4.19.2026 22:19:22,T0,T1,2.0ft,0.05s
4.19.2026 22:19:22,T0,T1,2.0ft,0.05s
4.19.2026 22:19:22,T0,T1,2.0ft,0.06s
4.19.2026 22:19:22,T0,T1,2.0ft,0.05s
4.19.2026 22:19:22,T0,T1,2.0ft,0.05s
4.19.2026 22:19:22,T0,T1,2.0ft,0.05s
4.19.2026 22:19:23,T0,T1,1.9ft,0.05s
4.19.2026 22:19:23,T0,T1,1.9ft,0.05s
4.19.2026 22:19:23,T0,T1,1.9ft,0.05s
4.19.2026 22:19:23,T0,T1,1.9ft,0.05s
4.19.2026 22:19:23,T0,T1,2.0ft,0.05s
4.19.2026 22:19:23,T0,T1,2.0ft,0.05s
4.19.2026 22:19:23,T0,T1,2.0ft,0.05s
4.19.2026 22:19:23,T0,T1,2.0ft,0.05s
4.19.2026 22:19:23,T0,T1,2.0ft,0.05s
4.19.2026 22:19:23,T0,T1,2.0ft,0.05s
4.19.2026 22:19:23,T0,T1,2.0ft,0.05s
4.19.2026 22:19:23,T0,T1,2.0ft,0.05s
4.19.2026 22:19:23,T0,T1,2.0ft,0.05s
4.19.2026 22:19:23,T0,T1,2.0ft,0.05s
4.19.2026 22:19:23,T0,T1,2.0ft,0.05s
4.19.2026 22:19:23,T0,T1,2.0ft,0.05s
4.19.2026 22:19:23,T0,T1,2.1ft,0.05s
4.19.2026 22:19:23,T0,T1,2.1ft,0.05s
4.19.2026 22:19:23,T0,T1,2.0ft,0.05s
4.19.2026 22:19:24,T0,T1,2.0ft,0.05s
4.19.2026 22:19:24,T0,T1,2.0ft,0.05s
4.19.2026 22:19:24,T0,T1,2.1ft,0.05s
4.19.2026 22:19:24,T0,T1,2.1ft,0.05s
4.19.2026 22:19:24,T0,T1,2.0ft,0.05s
4.19.2026 22:19:24,T0,T1,2.0ft,0.05s
4.19.2026 22:19:24,T0,T1,2.0ft,0.05s
4.19.2026 22:19:24,T0,T1,2.0ft,0.05s
4.19.2026 22:19:24,T0,T1,2.0ft,0.05s
4.19.2026 22:19:24,T0,T1,1.9ft,0.05s
4.19.2026 22:19:24,T0,T1,2.0ft,0.05s
4.19.2026 22:19:24,T0,T1,2.0ft,0.05s
4.19.2026 22:19:24,T0,T1,2.0ft,0.05s
4.19.2026 22:19:24,T0,T1,2.0ft,0.06s
4.19.2026 22:19:24,T0,T1,2.0ft,0.05s
4.19.2026 22:19:24,T0,T1,1.9ft,0.05s
4.19.2026 22:19:24,T0,T1,1.9ft,0.05s
4.19.2026 22:19:24,T0,T1,1.9ft,0.05s
4.19.2026 22:19:24,T0,T1,1.9ft,0.05s
4.19.2026 22:19:24,T0,T1,1.9ft,0.05s
4.19.2026 22:19:25,T0,T1,1.9ft,0.05s
4.19.2026 22:19:25,T0,T1,1.9ft,0.05s
4.19.2026 22:19:25,T0,T1,1.9ft,0.05s
4.19.2026 22:19:25,T0,T1,2.0ft,0.05s
4.19.2026 22:19:25,T0,T1,2.0ft,0.05s
4.19.2026 22:19:25,T0,T1,2.0ft,0.05s
4.19.2026 22:19:25,T0,T1,2.0ft,0.05s
4.19.2026 22:19:25,T0,T1,1.9ft,0.05s
4.19.2026 22:19:25,T0,T1,1.9ft,0.05s
4.19.2026 22:19:25,T0,T1,1.9ft,0.05s
4.19.2026 22:19:25,T0,T1,1.9ft,0.05s
4.19.2026 22:19:25,T0,T1,1.9ft,0.05s
4.19.2026 22:19:25,T0,T1,1.7ft,0.05s
4.19.2026 22:19:25,T0,T1,1.7ft,0.05s
4.19.2026 22:19:25,T0,T1,1.7ft,0.05s
4.19.2026 22:19:25,T0,T1,1.7ft,0.05s
4.19.2026 22:19:25,T0,T1,1.7ft,0.05s
4.19.2026 22:19:25,T0,T1,1.7ft,0.05s
4.19.2026 22:19:25,T0,T1,1.8ft,0.05s
4.19.2026 22:19:26,T0,T1,1.8ft,0.05s
4.19.2026 22:19:26,T0,T1,1.8ft,0.05s
4.19.2026 22:19:26,T0,T1,1.8ft,0.05s
4.19.2026 22:19:26,T0,T1,1.8ft,0.05s
4.19.2026 22:19:26,T0,T1,1.8ft,0.05s
4.19.2026 22:19:26,T0,T1,1.8ft,0.05s
4.19.2026 22:19:26,T0,T1,1.8ft,0.05s
4.19.2026 22:19:26,T0,T1,1.8ft,0.06s
4.19.2026 22:19:26,T0,T1,1.8ft,0.05s
4.19.2026 22:19:26,T0,T1,1.8ft,0.05s
4.19.2026 22:19:26,T0,T1,1.8ft,0.05s
4.19.2026 22:19:26,T0,T1,1.8ft,0.05s
4.19.2026 22:19:26,T0,T1,1.7ft,0.06s
4.19.2026 22:19:26,T0,T1,1.7ft,0.05s
4.19.2026 22:19:26,T0,T1,1.7ft,0.05s
4.19.2026 22:19:26,T0,T1,1.7ft,0.05s
4.19.2026 22:19:26,T0,T1,1.7ft,0.05s
4.19.2026 22:19:26,T0,T1,1.7ft,0.05s
4.19.2026 22:19:26,T0,T1,1.7ft,0.05s
4.19.2026 22:19:27,T0,T1,1.7ft,0.05s
4.19.2026 22:19:27,T0,T1,1.7ft,0.05s
4.19.2026 22:19:27,T0,T1,1.8ft,0.05s
4.19.2026 22:19:27,T0,T1,1.8ft,0.05s
4.19.2026 22:19:27,T0,T1,1.8ft,0.06s
4.19.2026 22:19:27,T0,T1,1.8ft,0.05s
4.19.2026 22:19:27,T0,T1,1.8ft,0.05s
4.19.2026 22:19:27,T0,T1,1.8ft,0.05s
4.19.2026 22:19:27,T0,T1,1.8ft,0.05s
4.19.2026 22:19:27,T0,T1,1.8ft,0.05s
4.19.2026 22:19:27,T0,T1,1.8ft,0.05s
4.19.2026 22:19:27,T0,T1,1.8ft,0.05s
4.19.2026 22:19:27,T0,T1,1.8ft,0.05s
4.19.2026 22:19:27,T0,T1,1.7ft,0.05s
4.19.2026 22:19:27,T0,T1,1.7ft,0.05s
4.19.2026 22:19:27,T0,T1,1.7ft,0.05s
4.19.2026 22:19:27,T0,T1,1.7ft,0.05s
4.19.2026 22:19:27,T0,T1,1.8ft,0.05s
4.19.2026 22:19:27,T0,T1,1.8ft,0.05s
4.19.2026 22:19:27,T0,T1,1.9ft,0.05s
4.19.2026 22:19:28,T0,T1,1.9ft,0.05s
4.19.2026 22:19:28,T0,T1,1.9ft,0.05s
4.19.2026 22:19:28,T0,T1,1.9ft,0.05s
4.19.2026 22:19:28,T0,T1,1.9ft,0.05s
4.19.2026 22:19:28,T0,T1,1.9ft,0.05s
4.19.2026 22:19:28,T0,T1,1.9ft,0.05s
4.19.2026 22:19:28,T0,T1,1.9ft,0.05s
4.19.2026 22:19:28,T0,T1,1.9ft,0.05s
4.19.2026 22:19:28,T0,T1,1.9ft,0.05s
4.19.2026 22:19:28,T0,T1,1.9ft,0.05s
4.19.2026 22:19:28,T0,T1,1.8ft,0.05s
4.19.2026 22:19:28,T0,T1,1.8ft,0.05s
4.19.2026 22:19:28,T0,T1,1.9ft,0.05s
4.19.2026 22:19:28,T0,T1,1.9ft,0.05s
4.19.2026 22:19:28,T0,T1,1.9ft,0.05s
4.19.2026 22:19:28,T0,T1,1.9ft,0.05s
4.19.2026 22:19:28,T0,T1,1.9ft,0.05s
4.19.2026 22:19:28,T0,T1,1.9ft,0.05s
4.19.2026 22:19:28,T0,T1,1.9ft,0.05s
4.19.2026 22:19:29,T0,T1,1.9ft,0.05s
4.19.2026 22:19:29,T0,T1,1.8ft,0.05s
4.19.2026 22:19:29,T0,T1,1.9ft,0.05s
4.19.2026 22:19:29,T0,T1,2.0ft,0.05s
4.19.2026 22:19:29,T0,T1,2.1ft,0.05s
4.19.2026 22:19:29,T0,T1,2.2ft,0.05s
4.19.2026 22:19:29,T0,T1,2.2ft,0.05s
4.19.2026 22:19:29,T0,T1,2.2ft,0.05s
4.19.2026 22:19:29,T0,T1,2.2ft,0.05s
4.19.2026 22:19:29,T0,T1,2.2ft,0.05s
4.19.2026 22:19:29,T0,T1,2.2ft,0.05s
4.19.2026 22:19:29,T0,T1,2.1ft,0.05s
4.19.2026 22:19:29,T0,T1,2.1ft,0.06s
4.19.2026 22:19:29,T0,T1,2.1ft,0.05s
4.19.2026 22:19:29,T0,T1,2.0ft,0.05s
4.19.2026 22:19:29,T0,T1,2.0ft,0.05s
4.19.2026 22:19:29,T0,T1,2.0ft,0.05s
4.19.2026 22:19:29,T0,T1,1.9ft,0.05s
4.19.2026 22:19:29,T0,T1,1.9ft,0.05s
4.19.2026 22:19:29,T0,T1,1.9ft,0.05s
4.19.2026 22:19:30,T0,T1,2.0ft,0.05s
4.19.2026 22:19:30,T0,T1,2.0ft,0.05s
4.19.2026 22:19:30,T0,T1,2.0ft,0.05s
4.19.2026 22:19:30,T0,T1,1.9ft,0.05s
4.19.2026 22:19:30,T0,T1,1.9ft,0.05s
4.19.2026 22:19:30,T0,T1,1.9ft,0.05s
4.19.2026 22:19:30,T0,T1,1.9ft,0.05s
4.19.2026 22:19:30,T0,T1,1.9ft,0.05s
4.19.2026 22:19:30,T0,T1,1.9ft,0.05s
4.19.2026 22:19:30,T0,T1,1.9ft,0.05s
4.19.2026 22:19:30,T0,T1,1.9ft,0.05s
4.19.2026 22:19:30,T0,T1,1.9ft,0.05s
4.19.2026 22:19:30,T0,T1,1.9ft,0.05s
4.19.2026 22:19:30,T0,T1,1.9ft,0.05s
4.19.2026 22:19:30,T0,T1,1.9ft,0.05s
4.19.2026 22:19:30,T0,T1,1.9ft,0.05s
4.19.2026 22:19:30,T0,T1,1.9ft,0.05s
4.19.2026 22:19:30,T0,T1,1.9ft,0.05s
4.19.2026 22:19:30,T0,T1,1.9ft,0.05s
4.19.2026 22:19:31,T0,T1,1.9ft,0.05s
4.19.2026 22:19:31,T0,T1,1.9ft,0.05s
4.19.2026 22:19:31,T0,T1,1.9ft,0.05s
4.19.2026 22:19:31,T0,T1,1.9ft,0.05s
4.19.2026 22:19:31,T0,T1,1.9ft,0.05s
4.19.2026 22:19:31,T0,T1,1.9ft,0.05s
4.19.2026 22:19:31,T0,T1,1.9ft,0.05s
4.19.2026 22:19:31,T0,T1,1.9ft,0.05s
4.19.2026 22:19:31,T0,T1,1.8ft,0.05s
4.19.2026 22:19:31,T0,T1,1.8ft,0.05s
4.19.2026 22:19:31,T0,T1,1.8ft,0.05s
4.19.2026 22:19:31,T0,T1,1.8ft,0.05s
4.19.2026 22:19:31,T0,T1,1.8ft,0.05s
4.19.2026 22:19:31,T0,T1,1.8ft,0.05s
4.19.2026 22:19:31,T0,T1,1.7ft,0.05s
4.19.2026 22:19:31,T0,T1,1.7ft,0.05s
4.19.2026 22:19:31,T0,T1,1.7ft,0.05s
4.19.2026 22:19:31,T0,T1,1.7ft,0.05s
4.19.2026 22:19:31,T0,T1,1.8ft,0.05s
4.19.2026 22:19:31,T0,T1,1.8ft,0.05s
4.19.2026 22:19:32,T0,T1,1.8ft,0.05s
4.19.2026 22:19:32,T0,T1,1.8ft,0.05s
4.19.2026 22:19:32,T0,T1,1.8ft,0.05s
4.19.2026 22:19:32,T0,T1,1.8ft,0.05s
4.19.2026 22:19:32,T0,T1,1.8ft,0.05s
4.19.2026 22:19:32,T0,T1,1.8ft,0.05s
4.19.2026 22:19:32,T0,T1,1.8ft,0.05s
4.19.2026 22:19:32,T0,T1,1.8ft,0.05s
4.19.2026 22:19:32,T0,T1,1.8ft,0.05s
4.19.2026 22:19:32,T0,T1,1.8ft,0.05s
4.19.2026 22:19:32,T0,T1,1.7ft,0.05s
4.19.2026 22:19:32,T0,T1,1.7ft,0.05s
4.19.2026 22:19:32,T0,T1,1.7ft,0.05s
4.19.2026 22:19:32,T0,T1,1.7ft,0.05s
4.19.2026 22:19:32,T0,T1,1.8ft,0.05s
4.19.2026 22:19:32,T0,T1,1.8ft,0.05s
4.19.2026 22:19:32,T0,T1,1.8ft,0.05s
4.19.2026 22:19:32,T0,T1,1.8ft,0.05s
4.19.2026 22:19:32,T0,T1,1.8ft,0.05s
4.19.2026 22:19:32,T0,T1,1.8ft,0.05s
4.19.2026 22:19:33,T0,T1,1.8ft,0.05s
4.19.2026 22:19:33,T0,T1,1.8ft,0.05s
4.19.2026 22:19:33,T0,T1,1.8ft,0.05s
4.19.2026 22:19:33,T0,T1,1.8ft,0.05s
4.19.2026 22:19:33,T0,T1,1.8ft,0.05s
4.19.2026 22:19:33,T0,T1,1.8ft,0.05s
4.19.2026 22:19:33,T0,T1,1.8ft,0.05s
4.19.2026 22:19:33,T0,T1,1.8ft,0.05s
4.19.2026 22:19:33,T0,T1,1.8ft,0.05s
4.19.2026 22:19:33,T0,T1,1.8ft,0.05s
4.19.2026 22:19:33,T0,T1,1.8ft,0.05s
4.19.2026 22:19:33,T0,T1,1.9ft,0.05s
4.19.2026 22:19:33,T0,T1,1.9ft,0.05s
4.19.2026 22:19:33,T0,T1,1.9ft,0.05s
4.19.2026 22:19:33,T0,T1,1.9ft,0.05s
4.19.2026 22:19:33,T0,T1,1.9ft,0.05s
4.19.2026 22:19:33,T0,T1,1.9ft,0.05s
4.19.2026 22:19:33,T0,T1,1.9ft,0.05s
4.19.2026 22:19:33,T0,T1,1.9ft,0.05s
4.19.2026 22:19:34,T0,T1,1.9ft,0.05s
4.19.2026 22:19:34,T0,T1,1.9ft,0.05s
4.19.2026 22:19:34,T0,T1,1.9ft,0.05s
4.19.2026 22:19:34,T0,T1,1.9ft,0.05s
4.19.2026 22:19:34,T0,T1,1.8ft,0.05s
4.19.2026 22:19:34,T0,T1,1.8ft,0.05s
4.19.2026 22:19:34,T0,T1,1.8ft,0.05s
4.19.2026 22:19:34,T0,T1,1.8ft,0.05s
4.19.2026 22:19:34,T0,T1,1.8ft,0.05s
4.19.2026 22:19:34,T0,T1,1.8ft,0.05s
4.19.2026 22:19:34,T0,T1,1.8ft,0.05s
4.19.2026 22:19:34,T0,T1,1.9ft,0.05s
4.19.2026 22:19:34,T0,T1,1.9ft,0.05s
4.19.2026 22:19:34,T0,T1,1.9ft,0.05s
4.19.2026 22:19:34,T0,T1,1.9ft,0.05s
4.19.2026 22:19:34,T0,T1,1.9ft,0.05s
4.19.2026 22:19:34,T0,T1,1.9ft,0.05s
4.19.2026 22:19:34,T0,T1,2.0ft,0.05s
4.19.2026 22:19:34,T0,T1,2.1ft,0.05s
4.19.2026 22:19:34,T0,T1,2.2ft,0.05s
4.19.2026 22:19:35,T0,T1,2.2ft,0.05s
4.19.2026 22:19:35,T0,T1,2.2ft,0.05s
4.19.2026 22:19:35,T0,T1,2.2ft,0.05s
4.19.2026 22:19:35,T0,T1,2.2ft,0.05s
4.19.2026 22:19:35,T0,T1,2.2ft,0.05s
4.19.2026 22:19:35,T0,T1,2.1ft,0.05s
4.19.2026 22:19:35,T0,T1,2.1ft,0.05s
4.19.2026 22:19:35,T0,T1,2.1ft,0.05s
4.19.2026 22:19:35,T0,T1,2.0ft,0.05s
4.19.2026 22:19:35,T0,T1,2.0ft,0.05s
4.19.2026 22:19:35,T0,T1,2.0ft,0.05s
4.19.2026 22:19:35,T0,T1,1.9ft,0.05s
4.19.2026 22:19:35,T0,T1,1.9ft,0.05s
4.19.2026 22:19:35,T0,T1,1.9ft,0.05s
4.19.2026 22:19:35,T0,T1,1.9ft,0.05s
4.19.2026 22:19:35,T0,T1,1.8ft,0.05s
4.19.2026 22:19:35,T0,T1,1.8ft,0.05s
4.19.2026 22:19:35,T0,T1,1.8ft,0.05s
4.19.2026 22:19:35,T0,T1,1.8ft,0.05s
4.19.2026 22:19:36,T0,T1,1.8ft,0.05s
4.19.2026 22:19:36,T0,T1,1.8ft,0.05s
4.19.2026 22:19:36,T0,T1,1.8ft,0.05s
4.19.2026 22:19:36,T0,T1,1.7ft,0.05s
4.19.2026 22:19:36,T0,T1,1.7ft,0.05s
4.19.2026 22:19:36,T0,T1,1.7ft,0.05s
4.19.2026 22:19:36,T0,T1,1.7ft,0.05s
4.19.2026 22:19:36,T0,T1,1.8ft,0.05s
4.19.2026 22:19:36,T0,T1,1.8ft,0.05s
4.19.2026 22:19:36,T0,T1,1.9ft,0.05s
4.19.2026 22:19:36,T0,T1,1.9ft,0.06s
4.19.2026 22:19:36,T0,T1,1.9ft,0.05s
4.19.2026 22:19:36,T0,T1,2.0ft,0.05s
4.19.2026 22:19:36,T0,T1,2.0ft,0.05s
4.19.2026 22:19:36,T0,T1,2.0ft,0.05s
4.19.2026 22:19:36,T0,T1,2.0ft,0.05s
4.19.2026 22:19:36,T0,T1,2.0ft,0.05s
4.19.2026 22:19:36,T0,T1,2.0ft,0.05s
4.19.2026 22:19:36,T0,T1,2.0ft,0.05s
4.19.2026 22:19:36,T0,T1,2.0ft,0.05s
4.19.2026 22:19:37,T0,T1,2.1ft,0.05s
4.19.2026 22:19:37,T0,T1,2.1ft,0.05s
4.19.2026 22:19:37,T0,T1,2.1ft,0.05s
4.19.2026 22:19:37,T0,T1,2.1ft,0.05s
4.19.2026 22:19:37,T0,T1,2.0ft,0.05s
4.19.2026 22:19:37,T0,T1,2.0ft,0.05s
4.19.2026 22:19:37,T0,T1,2.0ft,0.05s
4.19.2026 22:19:37,T0,T1,1.9ft,0.05s
4.19.2026 22:19:37,T0,T1,1.9ft,0.05s
4.19.2026 22:19:37,T0,T1,2.0ft,0.05s
4.19.2026 22:19:37,T0,T1,2.0ft,0.05s
4.19.2026 22:19:37,T0,T1,2.0ft,0.05s
4.19.2026 22:19:37,T0,T1,1.9ft,0.05s
4.19.2026 22:19:37,T0,T1,1.9ft,0.05s
4.19.2026 22:19:37,T0,T1,1.9ft,0.05s
4.19.2026 22:19:37,T0,T1,1.9ft,0.05s
4.19.2026 22:19:37,T0,T1,1.9ft,0.05s
4.19.2026 22:19:37,T0,T1,2.0ft,0.05s
4.19.2026 22:19:37,T0,T1,2.0ft,0.05s
4.19.2026 22:19:37,T0,T1,2.0ft,0.05s
4.19.2026 22:19:38,T0,T1,2.0ft,0.05s
4.19.2026 22:19:38,T0,T1,2.0ft,0.05s
4.19.2026 22:19:38,T0,T1,2.0ft,0.05s
4.19.2026 22:19:38,T0,T1,2.0ft,0.05s
4.19.2026 22:19:38,T0,T1,2.0ft,0.05s
4.19.2026 22:19:38,T0,T1,2.0ft,0.05s
4.19.2026 22:19:38,T0,T1,1.9ft,0.05s
4.19.2026 22:19:38,T0,T1,1.9ft,0.05s
4.19.2026 22:19:38,T0,T1,1.9ft,0.05s
4.19.2026 22:19:38,T0,T1,1.9ft,0.05s
4.19.2026 22:19:38,T0,T1,1.9ft,0.05s
4.19.2026 22:19:38,T0,T1,1.8ft,0.05s
4.19.2026 22:19:38,T0,T1,1.9ft,0.05s
4.19.2026 22:19:38,T0,T1,1.9ft,0.05s
4.19.2026 22:19:38,T0,T1,1.9ft,0.05s
4.19.2026 22:19:38,T0,T1,1.9ft,0.05s
4.19.2026 22:19:38,T0,T1,1.8ft,0.05s
4.19.2026 22:19:38,T0,T1,1.8ft,0.05s
4.19.2026 22:19:38,T0,T1,1.8ft,0.05s
4.19.2026 22:19:39,T0,T1,1.8ft,0.05s
4.19.2026 22:19:39,T0,T1,1.8ft,0.05s
4.19.2026 22:19:39,T0,T1,1.8ft,0.05s
4.19.2026 22:19:39,T0,T1,1.8ft,0.05s
4.19.2026 22:19:39,T0,T1,1.8ft,0.05s
4.19.2026 22:19:39,T0,T1,1.8ft,0.05s
4.19.2026 22:19:39,T0,T1,1.8ft,0.05s
4.19.2026 22:19:39,T0,T1,1.7ft,0.05s
4.19.2026 22:19:39,T0,T1,1.7ft,0.05s
4.19.2026 22:19:39,T0,T1,1.7ft,0.05s
4.19.2026 22:19:39,T0,T1,1.7ft,0.05s
4.19.2026 22:19:39,T0,T1,1.7ft,0.05s
4.19.2026 22:19:39,T0,T1,1.7ft,0.05s
4.19.2026 22:19:39,T0,T1,1.7ft,0.05s
4.19.2026 22:19:39,T0,T1,1.7ft,0.05s
4.19.2026 22:19:39,T0,T1,1.7ft,0.05s
4.19.2026 22:19:39,T0,T1,1.7ft,0.05s
4.19.2026 22:19:39,T0,T1,1.7ft,0.05s
4.19.2026 22:19:39,T0,T1,1.7ft,0.05s
4.19.2026 22:19:39,T0,T1,1.7ft,0.05s
4.19.2026 22:19:40,T0,T1,1.7ft,0.05s
4.19.2026 22:19:40,T0,T1,1.7ft,0.05s
4.19.2026 22:19:40,T0,T1,1.7ft,0.05s
4.19.2026 22:19:40,T0,T1,1.7ft,0.05s
4.19.2026 22:19:40,T0,T1,1.7ft,0.05s
4.19.2026 22:19:40,T0,T1,1.8ft,0.05s
4.19.2026 22:19:40,T0,T1,2.0ft,0.05s
4.19.2026 22:19:40,T0,T1,2.2ft,0.05s
4.19.2026 22:19:40,T0,T1,2.3ft,0.05s
4.19.2026 22:19:40,T0,T1,2.4ft,0.05s
4.19.2026 22:19:40,T0,T1,2.4ft,0.05s
4.19.2026 22:19:40,T0,T1,2.4ft,0.05s
4.19.2026 22:19:40,T0,T1,2.4ft,0.05s
4.19.2026 22:19:40,T0,T1,2.4ft,0.05s
4.19.2026 22:19:40,T0,T1,2.4ft,0.05s
4.19.2026 22:19:40,T0,T1,2.4ft,0.05s
4.19.2026 22:19:40,T0,T1,2.4ft,0.05s
4.19.2026 22:19:40,T0,T1,2.4ft,0.05s
4.19.2026 22:19:40,T0,T1,2.4ft,0.05s
4.19.2026 22:19:40,T0,T1,2.3ft,0.05s
4.19.2026 22:19:41,T0,T1,2.4ft,0.05s
4.19.2026 22:19:41,T0,T1,2.4ft,0.05s
4.19.2026 22:19:41,T0,T1,2.4ft,0.05s
4.19.2026 22:19:41,T0,T1,2.5ft,0.05s
4.19.2026 22:19:41,T0,T1,2.5ft,0.05s
4.19.2026 22:19:41,T0,T1,2.4ft,0.05s
4.19.2026 22:19:41,T0,T1,2.4ft,0.05s
4.19.2026 22:19:41,T0,T1,2.4ft,0.05s
4.19.2026 22:19:41,T0,T1,2.3ft,0.05s
4.19.2026 22:19:41,T0,T1,2.3ft,0.05s
4.19.2026 22:19:41,T0,T1,2.2ft,0.05s
4.19.2026 22:19:41,T0,T1,2.2ft,0.05s
4.19.2026 22:19:41,T0,T1,2.1ft,0.05s
4.19.2026 22:19:41,T0,T1,2.1ft,0.05s
4.19.2026 22:19:41,T0,T1,2.1ft,0.05s
4.19.2026 22:19:41,T0,T1,2.1ft,0.05s
4.19.2026 22:19:41,T0,T1,2.0ft,0.05s
4.19.2026 22:19:41,T0,T1,2.0ft,0.05s
4.19.2026 22:19:41,T0,T1,2.0ft,0.05s
4.19.2026 22:19:42,T0,T1,2.0ft,0.05s
4.19.2026 22:19:42,T0,T1,2.0ft,0.05s
4.19.2026 22:19:42,T0,T1,2.0ft,0.05s
4.19.2026 22:19:42,T0,T1,1.9ft,0.05s
4.19.2026 22:19:42,T0,T1,1.9ft,0.05s
4.19.2026 22:19:42,T0,T1,1.9ft,0.05s
4.19.2026 22:19:42,T0,T1,1.9ft,0.05s
4.19.2026 22:19:42,T0,T1,2.0ft,0.05s
4.19.2026 22:19:42,T0,T1,2.0ft,0.05s
4.19.2026 22:19:42,T0,T1,2.0ft,0.05s
4.19.2026 22:19:42,T0,T1,2.0ft,0.05s
4.19.2026 22:19:42,T0,T1,2.0ft,0.05s
4.19.2026 22:19:42,T0,T1,1.9ft,0.05s
4.19.2026 22:19:42,T0,T1,1.9ft,0.05s
4.19.2026 22:19:42,T0,T1,1.9ft,0.05s
4.19.2026 22:19:42,T0,T1,1.9ft,0.05s
4.19.2026 22:19:42,T0,T1,1.9ft,0.05s
4.19.2026 22:19:42,T0,T1,1.8ft,0.05s
4.19.2026 22:19:42,T0,T1,1.8ft,0.05s
4.19.2026 22:19:42,T0,T1,1.8ft,0.05s
4.19.2026 22:19:43,T0,T1,1.8ft,0.05s
4.19.2026 22:19:43,T0,T1,1.8ft,0.05s
4.19.2026 22:19:43,T0,T1,1.7ft,0.05s
4.19.2026 22:19:43,T0,T1,1.7ft,0.05s
4.19.2026 22:19:43,T0,T1,1.7ft,0.05s
4.19.2026 22:19:43,T0,T1,1.7ft,0.05s
4.19.2026 22:19:43,T0,T1,1.8ft,0.05s
4.19.2026 22:19:43,T0,T1,1.8ft,0.05s
4.19.2026 22:19:43,T0,T1,1.8ft,0.05s
4.19.2026 22:19:43,T0,T1,1.9ft,0.05s
4.19.2026 22:19:43,T0,T1,1.9ft,0.05s
4.19.2026 22:19:43,T0,T1,2.0ft,0.05s
4.19.2026 22:19:43,T0,T1,2.0ft,0.05s
4.19.2026 22:19:43,T0,T1,2.0ft,0.05s
4.19.2026 22:19:43,T0,T1,2.0ft,0.05s
4.19.2026 22:19:43,T0,T1,2.0ft,0.05s
4.19.2026 22:19:43,T0,T1,2.0ft,0.05s
4.19.2026 22:19:43,T0,T1,2.0ft,0.05s
4.19.2026 22:19:43,T0,T1,1.9ft,0.05s
4.19.2026 22:19:43,T0,T1,1.9ft,0.05s
4.19.2026 22:19:44,T0,T1,1.9ft,0.05s
4.19.2026 22:19:44,T0,T1,1.9ft,0.05s
4.19.2026 22:19:44,T0,T1,1.8ft,0.05s
4.19.2026 22:19:44,T0,T1,1.8ft,0.05s
4.19.2026 22:19:44,T0,T1,1.8ft,0.05s
4.19.2026 22:19:44,T0,T1,1.8ft,0.05s
4.19.2026 22:19:44,T0,T1,1.8ft,0.05s
4.19.2026 22:19:44,T0,T1,1.7ft,0.05s
4.19.2026 22:19:44,T0,T1,1.7ft,0.05s
4.19.2026 22:19:44,T0,T1,1.7ft,0.05s
4.19.2026 22:19:44,T0,T1,1.7ft,0.05s
4.19.2026 22:19:44,T0,T1,1.7ft,0.05s
4.19.2026 22:19:44,T0,T1,1.7ft,0.05s
4.19.2026 22:19:44,T0,T1,1.7ft,0.05s
4.19.2026 22:19:44,T0,T1,1.7ft,0.05s
4.19.2026 22:19:44,T0,T1,1.8ft,0.05s
4.19.2026 22:19:44,T0,T1,1.9ft,0.05s
4.19.2026 22:19:44,T0,T1,1.9ft,0.05s
4.19.2026 22:19:44,T0,T1,2.0ft,0.05s
4.19.2026 22:19:45,T0,T1,2.0ft,0.05s
4.19.2026 22:19:45,T0,T1,2.0ft,0.05s
4.19.2026 22:19:45,T0,T1,2.0ft,0.05s
4.19.2026 22:19:45,T0,T1,2.0ft,0.05s
4.19.2026 22:19:45,T0,T1,2.0ft,0.05s
4.19.2026 22:19:45,T0,T1,2.0ft,0.05s
4.19.2026 22:19:45,T0,T1,2.0ft,0.05s
4.19.2026 22:19:45,T0,T1,2.0ft,0.05s
4.19.2026 22:19:45,T0,T1,2.0ft,0.05s
4.19.2026 22:19:45,T0,T1,2.0ft,0.05s
4.19.2026 22:19:45,T0,T1,2.0ft,0.05s
4.19.2026 22:19:45,T0,T1,2.0ft,0.05s
4.19.2026 22:19:45,T0,T1,1.9ft,0.05s
4.19.2026 22:19:45,T0,T1,1.9ft,0.05s
4.19.2026 22:19:45,T0,T1,1.9ft,0.05s
4.19.2026 22:19:45,T0,T1,1.8ft,0.05s
4.19.2026 22:19:45,T0,T1,1.8ft,0.05s
4.19.2026 22:19:45,T0,T1,1.8ft,0.06s
4.19.2026 22:19:45,T0,T1,1.7ft,0.05s
4.19.2026 22:19:45,T0,T1,1.7ft,0.05s
4.19.2026 22:19:46,T0,T1,1.7ft,0.05s
4.19.2026 22:19:46,T0,T1,1.8ft,0.05s
4.19.2026 22:19:46,T0,T1,1.8ft,0.05s
4.19.2026 22:19:46,T0,T1,1.9ft,0.05s
4.19.2026 22:19:46,T0,T1,1.9ft,0.05s
4.19.2026 22:19:46,T0,T1,1.9ft,0.05s
4.19.2026 22:19:46,T0,T1,1.9ft,0.05s
4.19.2026 22:19:46,T0,T1,1.9ft,0.05s
4.19.2026 22:19:46,T0,T1,1.9ft,0.05s
4.19.2026 22:19:46,T0,T1,1.9ft,0.05s
4.19.2026 22:19:46,T0,T1,1.9ft,0.05s
4.19.2026 22:19:46,T0,T1,1.9ft,0.05s
4.19.2026 22:19:46,T0,T1,1.9ft,0.05s
4.19.2026 22:19:46,T0,T1,1.9ft,0.05s
4.19.2026 22:19:46,T0,T1,1.9ft,0.05s
4.19.2026 22:19:46,T0,T1,1.8ft,0.05s
4.19.2026 22:19:46,T0,T1,1.8ft,0.05s
4.19.2026 22:19:46,T0,T1,1.8ft,0.05s
4.19.2026 22:19:46,T0,T1,1.9ft,0.05s
4.19.2026 22:19:47,T0,T1,1.9ft,0.05s
4.19.2026 22:19:47,T0,T1,1.9ft,0.05s
4.19.2026 22:19:47,T0,T1,1.9ft,0.05s
4.19.2026 22:19:47,T0,T1,1.9ft,0.05s
4.19.2026 22:19:47,T0,T1,1.9ft,0.05s
4.19.2026 22:19:47,T0,T1,1.8ft,0.05s
4.19.2026 22:19:47,T0,T1,1.8ft,0.05s
4.19.2026 22:19:47,T0,T1,1.8ft,0.05s
4.19.2026 22:19:47,T0,T1,1.8ft,0.05s
4.19.2026 22:19:47,T0,T1,1.8ft,0.05s
4.19.2026 22:19:47,T0,T1,1.8ft,0.05s
4.19.2026 22:19:47,T0,T1,1.8ft,0.05s
4.19.2026 22:19:47,T0,T1,1.8ft,0.05s
4.19.2026 22:19:47,T0,T1,1.7ft,0.05s
4.19.2026 22:19:47,T0,T1,1.7ft,0.05s
4.19.2026 22:19:47,T0,T1,1.7ft,0.05s
4.19.2026 22:19:47,T0,T1,1.7ft,0.05s
4.19.2026 22:19:47,T0,T1,1.7ft,0.05s
4.19.2026 22:19:47,T0,T1,1.7ft,0.05s
4.19.2026 22:19:47,T0,T1,1.7ft,0.05s
4.19.2026 22:19:48,T0,T1,1.7ft,0.05s
4.19.2026 22:19:48,T0,T1,1.7ft,0.05s
4.19.2026 22:19:48,T0,T1,1.7ft,0.05s
4.19.2026 22:19:48,T0,T1,1.7ft,0.05s
4.19.2026 22:19:48,T0,T1,1.7ft,0.05s
4.19.2026 22:19:48,T0,T1,1.7ft,0.05s
4.19.2026 22:19:48,T0,T1,1.7ft,0.05s
4.19.2026 22:19:48,T0,T1,1.8ft,0.05s
4.19.2026 22:19:48,T0,T1,1.8ft,0.05s
4.19.2026 22:19:48,T0,T1,1.8ft,0.05s
4.19.2026 22:19:48,T0,T1,1.8ft,0.05s
4.19.2026 22:19:48,T0,T1,1.8ft,0.05s
4.19.2026 22:19:48,T0,T1,1.8ft,0.05s
4.19.2026 22:19:48,T0,T1,1.7ft,0.05s
4.19.2026 22:19:48,T0,T1,1.7ft,0.05s
4.19.2026 22:19:48,T0,T1,1.7ft,0.05s
4.19.2026 22:19:48,T0,T1,1.7ft,0.05s
4.19.2026 22:19:48,T0,T1,1.7ft,0.05s
4.19.2026 22:19:48,T0,T1,1.7ft,0.05s
4.19.2026 22:19:48,T0,T1,1.7ft,0.05s
4.19.2026 22:19:49,T0,T1,1.7ft,0.05s
4.19.2026 22:19:49,T0,T1,1.8ft,0.05s
4.19.2026 22:19:49,T0,T1,1.8ft,0.05s
4.19.2026 22:19:49,T0,T1,1.8ft,0.05s
4.19.2026 22:19:49,T0,T1,1.9ft,0.05s
4.19.2026 22:19:49,T0,T1,1.8ft,0.05s
4.19.2026 22:19:49,T0,T1,1.8ft,0.05s
4.19.2026 22:19:49,T0,T1,1.8ft,0.05s
4.19.2026 22:19:49,T0,T1,1.8ft,0.05s
4.19.2026 22:19:49,T0,T1,1.9ft,0.05s
4.19.2026 22:19:49,T0,T1,1.9ft,0.05s
4.19.2026 22:19:49,T0,T1,2.0ft,0.05s
4.19.2026 22:19:49,T0,T1,2.0ft,0.05s
4.19.2026 22:19:49,T0,T1,2.0ft,0.05s
4.19.2026 22:19:49,T0,T1,2.0ft,0.05s
4.19.2026 22:19:49,T0,T1,2.0ft,0.05s
4.19.2026 22:19:49,T0,T1,2.1ft,0.05s
4.19.2026 22:19:49,T0,T1,2.1ft,0.05s
4.19.2026 22:19:49,T0,T1,2.1ft,0.05s
4.19.2026 22:19:50,T0,T1,2.1ft,0.05s
4.19.2026 22:19:50,T0,T1,2.1ft,0.05s
4.19.2026 22:19:50,T0,T1,2.1ft,0.05s
4.19.2026 22:19:50,T0,T1,2.0ft,0.05s
4.19.2026 22:19:50,T0,T1,2.0ft,0.05s
4.19.2026 22:19:50,T0,T1,2.0ft,0.05s
4.19.2026 22:19:50,T0,T1,2.0ft,0.05s
4.19.2026 22:19:50,T0,T1,2.0ft,0.05s
4.19.2026 22:19:50,T0,T1,2.0ft,0.05s
4.19.2026 22:19:50,T0,T1,1.9ft,0.05s
4.19.2026 22:19:50,T0,T1,1.9ft,0.05s
4.19.2026 22:19:50,T0,T1,1.9ft,0.05s
4.19.2026 22:19:50,T0,T1,1.9ft,0.05s
4.19.2026 22:19:50,T0,T1,1.9ft,0.05s
4.19.2026 22:19:50,T0,T1,1.9ft,0.05s
4.19.2026 22:19:50,T0,T1,1.9ft,0.05s
4.19.2026 22:19:50,T0,T1,1.9ft,0.05s
4.19.2026 22:19:50,T0,T1,1.8ft,0.05s
4.19.2026 22:19:50,T0,T1,1.8ft,0.05s
4.19.2026 22:19:50,T0,T1,1.8ft,0.05s
4.19.2026 22:19:51,T0,T1,1.8ft,0.05s
4.19.2026 22:19:51,T0,T1,1.8ft,0.05s
4.19.2026 22:19:51,T0,T1,1.8ft,0.05s
4.19.2026 22:19:51,T0,T1,1.8ft,0.05s
4.19.2026 22:19:51,T0,T1,1.8ft,0.05s
4.19.2026 22:19:51,T0,T1,1.8ft,0.11s
4.19.2026 22:19:51,T0,T1,1.8ft,0.05s
4.19.2026 22:19:51,T0,T1,1.8ft,0.05s
4.19.2026 22:19:51,T0,T1,1.8ft,0.05s
4.19.2026 22:19:51,T0,T1,1.8ft,0.05s
4.19.2026 22:19:51,T0,T1,1.9ft,0.05s
4.19.2026 22:19:51,T0,T1,1.9ft,0.05s
4.19.2026 22:19:51,T0,T1,1.9ft,0.05s
4.19.2026 22:19:51,T0,T1,1.8ft,0.05s
4.19.2026 22:19:51,T0,T1,1.8ft,0.05s
4.19.2026 22:19:51,T0,T1,1.8ft,0.05s
4.19.2026 22:19:51,T0,T1,1.8ft,0.05s
4.19.2026 22:19:51,T0,T1,1.8ft,0.05s
4.19.2026 22:19:51,T0,T1,1.8ft,0.05s
4.19.2026 22:19:52,T0,T1,1.8ft,0.05s
4.19.2026 22:19:52,T0,T1,1.8ft,0.05s
4.19.2026 22:19:52,T0,T1,1.8ft,0.05s
4.19.2026 22:19:52,T0,T1,1.8ft,0.05s
4.19.2026 22:19:52,T0,T1,1.8ft,0.05s
4.19.2026 22:19:52,T0,T1,1.8ft,0.05s
4.19.2026 22:19:52,T0,T1,1.8ft,0.05s
4.19.2026 22:19:52,T0,T1,1.9ft,0.05s
4.19.2026 22:19:52,T0,T1,2.0ft,0.05s
4.19.2026 22:19:52,T0,T1,2.0ft,0.05s
4.19.2026 22:19:52,T0,T1,2.0ft,0.05s
4.19.2026 22:19:52,T0,T1,2.0ft,0.05s
4.19.2026 22:19:52,T0,T1,1.9ft,0.05s
4.19.2026 22:19:52,T0,T1,1.9ft,0.05s
4.19.2026 22:19:52,T0,T1,1.9ft,0.05s
4.19.2026 22:19:52,T0,T1,1.9ft,0.05s
4.19.2026 22:19:52,T0,T1,1.9ft,0.05s
4.19.2026 22:19:52,T0,T1,1.9ft,0.05s
4.19.2026 22:19:52,T0,T1,1.8ft,0.05s
4.19.2026 22:19:53,T0,T1,1.8ft,0.05s
4.19.2026 22:19:53,T0,T1,1.8ft,0.05s
4.19.2026 22:19:53,T0,T1,1.8ft,0.05s
4.19.2026 22:19:53,T0,T1,1.8ft,0.05s
4.19.2026 22:19:53,T0,T1,1.8ft,0.05s
4.19.2026 22:19:53,T0,T1,1.7ft,0.05s
4.19.2026 22:19:53,T0,T1,1.7ft,0.05s
4.19.2026 22:19:53,T0,T1,1.7ft,0.05s
4.19.2026 22:19:53,T0,T1,1.8ft,0.05s
4.19.2026 22:19:53,T0,T1,1.8ft,0.05s
4.19.2026 22:19:53,T0,T1,1.9ft,0.05s
4.19.2026 22:19:53,T0,T1,1.9ft,0.05s
4.19.2026 22:19:53,T0,T1,1.9ft,0.05s
4.19.2026 22:19:53,T0,T1,1.9ft,0.05s
4.19.2026 22:19:53,T0,T1,2.0ft,0.05s
4.19.2026 22:19:53,T0,T1,2.0ft,0.05s
4.19.2026 22:19:53,T0,T1,2.0ft,0.05s
4.19.2026 22:19:53,T0,T1,2.0ft,0.05s
4.19.2026 22:19:53,T0,T1,2.0ft,0.05s
4.19.2026 22:19:53,T0,T1,2.0ft,0.05s
4.19.2026 22:19:54,T0,T1,1.9ft,0.05s
4.19.2026 22:19:54,T0,T1,1.9ft,0.05s
4.19.2026 22:19:54,T0,T1,1.9ft,0.05s
4.19.2026 22:19:54,T0,T1,1.9ft,0.05s
4.19.2026 22:19:54,T0,T1,1.9ft,0.05s
4.19.2026 22:19:54,T0,T1,1.9ft,0.05s
4.19.2026 22:19:54,T0,T1,1.9ft,0.05s
4.19.2026 22:19:54,T0,T1,1.8ft,0.05s
4.19.2026 22:19:54,T0,T1,1.8ft,0.05s
4.19.2026 22:19:54,T0,T1,1.8ft,0.05s
4.19.2026 22:19:54,T0,T1,1.8ft,0.05s
4.19.2026 22:19:54,T0,T1,1.8ft,0.05s
4.19.2026 22:19:54,T0,T1,1.8ft,0.05s
4.19.2026 22:19:54,T0,T1,1.8ft,0.05s
4.19.2026 22:19:54,T0,T1,1.8ft,0.05s
4.19.2026 22:19:54,T0,T1,1.8ft,0.05s
4.19.2026 22:19:54,T0,T1,1.8ft,0.05s
4.19.2026 22:19:54,T0,T1,1.8ft,0.05s
4.19.2026 22:19:54,T0,T1,1.8ft,0.05s
4.19.2026 22:19:54,T0,T1,1.8ft,0.05s
4.19.2026 22:19:55,T0,T1,1.8ft,0.05s
4.19.2026 22:19:55,T0,T1,1.8ft,0.05s
4.19.2026 22:19:55,T0,T1,1.8ft,0.05s
4.19.2026 22:19:55,T0,T1,1.8ft,0.05s
4.19.2026 22:19:55,T0,T1,1.8ft,0.05s
4.19.2026 22:19:55,T0,T1,1.8ft,0.05s
4.19.2026 22:19:55,T0,T1,1.8ft,0.05s
4.19.2026 22:19:55,T0,T1,1.8ft,0.05s
4.19.2026 22:19:55,T0,T1,1.8ft,0.05s
4.19.2026 22:19:55,T0,T1,1.8ft,0.05s
4.19.2026 22:19:55,T0,T1,1.8ft,0.05s
4.19.2026 22:19:55,T0,T1,1.8ft,0.05s
4.19.2026 22:19:55,T0,T1,1.7ft,0.05s
4.19.2026 22:19:55,T0,T1,1.7ft,0.05s
4.19.2026 22:19:55,T0,T1,1.7ft,0.05s
4.19.2026 22:19:55,T0,T1,1.7ft,0.05s
4.19.2026 22:19:55,T0,T1,1.7ft,0.05s
4.19.2026 22:19:56,T0,T1,1.7ft,0.05s
4.19.2026 22:19:56,T0,T1,1.8ft,0.05s
4.19.2026 22:19:56,T0,T1,1.8ft,0.05s
4.19.2026 22:19:56,T0,T1,1.8ft,0.05s
4.19.2026 22:19:56,T0,T1,1.8ft,0.05s
4.19.2026 22:19:56,T0,T1,1.8ft,0.05s
4.19.2026 22:19:56,T0,T1,1.8ft,0.05s
4.19.2026 22:19:56,T0,T1,1.8ft,0.05s
4.19.2026 22:19:56,T0,T1,1.8ft,0.05s
4.19.2026 22:19:56,T0,T1,1.8ft,0.05s
4.19.2026 22:19:56,T0,T1,1.8ft,0.05s
4.19.2026 22:19:56,T0,T1,1.8ft,0.05s
4.19.2026 22:19:56,T0,T1,1.8ft,0.05s
4.19.2026 22:19:56,T0,T1,1.8ft,0.05s
4.19.2026 22:19:56,T0,T1,1.8ft,0.05s
4.19.2026 22:19:56,T0,T1,1.8ft,0.05s
4.19.2026 22:19:56,T0,T1,1.8ft,0.05s
4.19.2026 22:19:56,T0,T1,1.8ft,0.05s
4.19.2026 22:19:56,T0,T1,1.8ft,0.05s
4.19.2026 22:19:56,T0,T1,1.9ft,0.05s
4.19.2026 22:19:57,T0,T1,2.0ft,0.05s
4.19.2026 22:19:57,T0,T1,2.1ft,0.05s
4.19.2026 22:19:57,T0,T1,2.2ft,0.05s
4.19.2026 22:19:57,T0,T1,2.2ft,0.05s
4.19.2026 22:19:57,T0,T1,2.2ft,0.05s
4.19.2026 22:19:57,T0,T1,2.2ft,0.05s
4.19.2026 22:19:57,T0,T1,2.2ft,0.05s
4.19.2026 22:19:57,T0,T1,2.2ft,0.05s
4.19.2026 22:19:57,T0,T1,2.2ft,0.05s
4.19.2026 22:19:57,T0,T1,2.2ft,0.05s
4.19.2026 22:19:57,T0,T1,2.2ft,0.05s
4.19.2026 22:19:57,T0,T1,2.2ft,0.05s
4.19.2026 22:19:57,T0,T1,2.1ft,0.05s
4.19.2026 22:19:57,T0,T1,2.1ft,0.05s
4.19.2026 22:19:57,T0,T1,2.0ft,0.05s
4.19.2026 22:19:57,T0,T1,2.0ft,0.05s
4.19.2026 22:19:57,T0,T1,2.0ft,0.05s
4.19.2026 22:19:57,T0,T1,1.9ft,0.05s
4.19.2026 22:19:57,T0,T1,1.9ft,0.05s
4.19.2026 22:19:57,T0,T1,1.9ft,0.05s
4.19.2026 22:19:58,T0,T1,1.9ft,0.05s
4.19.2026 22:19:58,T0,T1,2.0ft,0.05s
4.19.2026 22:19:58,T0,T1,2.0ft,0.05s
4.19.2026 22:19:58,T0,T1,2.0ft,0.05s
4.19.2026 22:19:58,T0,T1,2.0ft,0.05s
4.19.2026 22:19:58,T0,T1,2.0ft,0.05s
4.19.2026 22:19:58,T0,T1,2.0ft,0.05s
4.19.2026 22:19:58,T0,T1,2.0ft,0.05s
4.19.2026 22:19:58,T0,T1,1.9ft,0.05s
4.19.2026 22:19:58,T0,T1,1.9ft,0.05s
4.19.2026 22:19:58,T0,T1,1.9ft,0.05s
4.19.2026 22:19:58,T0,T1,1.9ft,0.05s
4.19.2026 22:19:58,T0,T1,1.9ft,0.05s
4.19.2026 22:19:58,T0,T1,1.9ft,0.05s
4.19.2026 22:19:58,T0,T1,1.8ft,0.05s
4.19.2026 22:19:58,T0,T1,1.8ft,0.05s
4.19.2026 22:19:58,T0,T1,1.8ft,0.05s
4.19.2026 22:19:58,T0,T1,1.8ft,0.05s
4.19.2026 22:19:59,T0,T1,1.8ft,0.05s
4.19.2026 22:19:59,T0,T1,1.8ft,0.05s
4.19.2026 22:19:59,T0,T1,1.8ft,0.05s
4.19.2026 22:19:59,T0,T1,1.8ft,0.05s
4.19.2026 22:19:59,T0,T1,1.9ft,0.05s
4.19.2026 22:19:59,T0,T1,1.9ft,0.05s
4.19.2026 22:19:59,T0,T1,1.9ft,0.05s
4.19.2026 22:19:59,T0,T1,2.0ft,0.05s
4.19.2026 22:19:59,T0,T1,1.9ft,0.05s
4.19.2026 22:19:59,T0,T1,1.9ft,0.05s
4.19.2026 22:19:59,T0,T1,1.9ft,0.05s
4.19.2026 22:19:59,T0,T1,1.9ft,0.05s
4.19.2026 22:19:59,T0,T1,1.9ft,0.05s
4.19.2026 22:19:59,T0,T1,1.9ft,0.05s
4.19.2026 22:19:59,T0,T1,1.9ft,0.05s
4.19.2026 22:19:59,T0,T1,1.9ft,0.05s
4.19.2026 22:19:59,T0,T1,1.8ft,0.05s
4.19.2026 22:19:59,T0,T1,1.8ft,0.05s
4.19.2026 22:19:59,T0,T1,1.8ft,0.05s
4.19.2026 22:19:59,T0,T1,1.8ft,0.05s
4.19.2026 22:20:00,T0,T1,1.8ft,0.05s
4.19.2026 22:20:00,T0,T1,1.8ft,0.05s
4.19.2026 22:20:00,T0,T1,1.8ft,0.05s
4.19.2026 22:20:00,T0,T1,1.8ft,0.05s
4.19.2026 22:20:00,T0,T1,1.8ft,0.05s
4.19.2026 22:20:00,T0,T1,1.8ft,0.05s
4.19.2026 22:20:00,T0,T1,1.7ft,0.05s
4.19.2026 22:20:00,T0,T1,1.7ft,0.05s
4.19.2026 22:20:00,T0,T1,1.7ft,0.05s
4.19.2026 22:20:00,T0,T1,1.8ft,0.05s
4.19.2026 22:20:00,T0,T1,1.8ft,0.05s
4.19.2026 22:20:00,T0,T1,1.8ft,0.05s
4.19.2026 22:20:00,T0,T1,1.8ft,0.05s
4.19.2026 22:20:00,T0,T1,1.8ft,0.05s
4.19.2026 22:20:00,T0,T1,1.8ft,0.05s
4.19.2026 22:20:00,T0,T1,1.8ft,0.05s
4.19.2026 22:20:00,T0,T1,1.8ft,0.05s
4.19.2026 22:20:00,T0,T1,1.9ft,0.05s
4.19.2026 22:20:00,T0,T1,1.9ft,0.05s
4.19.2026 22:20:00,T0,T1,1.9ft,0.05s
4.19.2026 22:20:01,T0,T1,1.9ft,0.05s
4.19.2026 22:20:01,T0,T1,1.9ft,0.05s
4.19.2026 22:20:01,T0,T1,1.9ft,0.05s
4.19.2026 22:20:01,T0,T1,1.9ft,0.05s
4.19.2026 22:20:01,T0,T1,1.9ft,0.05s
4.19.2026 22:20:01,T0,T1,1.9ft,0.05s
4.19.2026 22:20:01,T0,T1,1.9ft,0.05s
4.19.2026 22:20:01,T0,T1,1.8ft,0.05s
4.19.2026 22:20:01,T0,T1,1.8ft,0.05s
4.19.2026 22:20:01,T0,T1,1.8ft,0.05s
4.19.2026 22:20:01,T0,T1,1.8ft,0.05s
4.19.2026 22:20:01,T0,T1,1.8ft,0.05s
4.19.2026 22:20:01,T0,T1,1.8ft,0.05s
4.19.2026 22:20:01,T0,T1,1.8ft,0.05s
4.19.2026 22:20:01,T0,T1,1.8ft,0.05s
4.19.2026 22:20:01,T0,T1,1.8ft,0.05s
4.19.2026 22:20:01,T0,T1,1.7ft,0.05s
4.19.2026 22:20:01,T0,T1,1.7ft,0.05s
4.19.2026 22:20:01,T0,T1,1.8ft,0.05s
4.19.2026 22:20:01,T0,T1,1.8ft,0.05s
4.19.2026 22:20:02,T0,T1,1.8ft,0.05s
4.19.2026 22:20:02,T0,T1,1.8ft,0.05s
4.19.2026 22:20:02,T0,T1,1.8ft,0.05s
4.19.2026 22:20:02,T0,T1,1.9ft,0.05s
4.19.2026 22:20:02,T0,T1,1.8ft,0.05s
4.19.2026 22:20:02,T0,T1,1.8ft,0.05s
4.19.2026 22:20:02,T0,T1,1.8ft,0.05s
4.19.2026 22:20:02,T0,T1,1.8ft,0.05s
4.19.2026 22:20:02,T0,T1,1.7ft,0.05s
4.19.2026 22:20:02,T0,T1,1.7ft,0.05s
4.19.2026 22:20:02,T0,T1,1.7ft,0.05s
4.19.2026 22:20:02,T0,T1,1.7ft,0.05s
4.19.2026 22:20:02,T0,T1,1.7ft,0.05s
4.19.2026 22:20:02,T0,T1,1.7ft,0.05s
4.19.2026 22:20:02,T0,T1,1.6ft,0.05s
4.19.2026 22:20:02,T0,T1,1.6ft,0.05s
4.19.2026 22:20:02,T0,T1,1.6ft,0.05s
4.19.2026 22:20:02,T0,T1,1.6ft,0.05s
4.19.2026 22:20:02,T0,T1,1.6ft,0.05s
4.19.2026 22:20:03,T0,T1,1.6ft,0.05s
4.19.2026 22:20:03,T0,T1,1.6ft,0.05s
4.19.2026 22:20:03,T0,T1,1.6ft,0.05s
4.19.2026 22:20:03,T0,T1,1.6ft,0.05s
4.19.2026 22:20:03,T0,T1,1.7ft,0.05s
4.19.2026 22:20:03,T0,T1,1.7ft,0.05s
4.19.2026 22:20:03,T0,T1,1.8ft,0.05s
4.19.2026 22:20:03,T0,T1,1.8ft,0.05s
4.19.2026 22:20:03,T0,T1,1.8ft,0.05s
4.19.2026 22:20:03,T0,T1,1.8ft,0.05s
4.19.2026 22:20:03,T0,T1,1.9ft,0.05s
4.19.2026 22:20:03,T0,T1,1.9ft,0.05s
4.19.2026 22:20:03,T0,T1,1.9ft,0.05s
4.19.2026 22:20:03,T0,T1,1.8ft,0.05s
4.19.2026 22:20:03,T0,T1,1.9ft,0.05s
4.19.2026 22:20:03,T0,T1,1.9ft,0.05s
4.19.2026 22:20:03,T0,T1,1.9ft,0.05s
4.19.2026 22:20:03,T0,T1,1.9ft,0.05s
4.19.2026 22:20:03,T0,T1,1.9ft,0.05s
4.19.2026 22:20:03,T0,T1,1.9ft,0.05s
4.19.2026 22:20:04,T0,T1,1.9ft,0.05s
4.19.2026 22:20:04,T0,T1,1.9ft,0.05s
4.19.2026 22:20:04,T0,T1,1.9ft,0.05s
4.19.2026 22:20:04,T0,T1,1.9ft,0.05s
4.19.2026 22:20:04,T0,T1,1.9ft,0.05s
4.19.2026 22:20:04,T0,T1,1.9ft,0.05s
4.19.2026 22:20:04,T0,T1,1.9ft,0.05s
4.19.2026 22:20:04,T0,T1,1.8ft,0.05s
4.19.2026 22:20:04,T0,T1,1.8ft,0.05s
4.19.2026 22:20:04,T0,T1,1.8ft,0.05s
4.19.2026 22:20:04,T0,T1,1.7ft,0.05s
4.19.2026 22:20:04,T0,T1,1.7ft,0.05s
4.19.2026 22:20:04,T0,T1,1.7ft,0.05s
4.19.2026 22:20:04,T0,T1,1.7ft,0.05s
4.19.2026 22:20:04,T0,T1,1.7ft,0.05s
4.19.2026 22:20:04,T0,T1,1.6ft,0.05s
4.19.2026 22:20:04,T0,T1,1.6ft,0.05s
4.19.2026 22:20:04,T0,T1,1.6ft,0.05s
4.19.2026 22:20:04,T0,T1,1.6ft,0.05s
4.19.2026 22:20:04,T0,T1,1.6ft,0.05s
4.19.2026 22:20:05,T0,T1,1.6ft,0.05s
4.19.2026 22:20:05,T0,T1,1.6ft,0.05s
4.19.2026 22:20:05,T0,T1,1.6ft,0.05s
4.19.2026 22:20:05,T0,T1,1.6ft,0.05s
4.19.2026 22:20:05,T0,T1,1.6ft,0.05s
4.19.2026 22:20:05,T0,T1,1.6ft,0.05s
4.19.2026 22:20:05,T0,T1,1.7ft,0.05s
4.19.2026 22:20:05,T0,T1,1.7ft,0.05s
4.19.2026 22:20:05,T0,T1,1.7ft,0.05s
4.19.2026 22:20:05,T0,T1,1.8ft,0.05s
4.19.2026 22:20:05,T0,T1,1.8ft,0.05s
4.19.2026 22:20:05,T0,T1,1.8ft,0.05s
4.19.2026 22:20:05,T0,T1,1.7ft,0.05s
4.19.2026 22:20:05,T0,T1,1.8ft,0.05s
4.19.2026 22:20:05,T0,T1,1.8ft,0.05s
4.19.2026 22:20:05,T0,T1,1.9ft,0.05s
4.19.2026 22:20:05,T0,T1,1.9ft,0.05s
4.19.2026 22:20:05,T0,T1,1.9ft,0.05s
4.19.2026 22:20:05,T0,T1,1.9ft,0.05s
4.19.2026 22:20:06,T0,T1,1.8ft,0.05s
4.19.2026 22:20:06,T0,T1,1.8ft,0.05s
4.19.2026 22:20:06,T0,T1,1.8ft,0.05s
4.19.2026 22:20:06,T0,T1,1.8ft,0.05s
4.19.2026 22:20:06,T0,T1,1.8ft,0.05s
4.19.2026 22:20:06,T0,T1,1.8ft,0.05s
4.19.2026 22:20:06,T0,T1,1.9ft,0.05s
4.19.2026 22:20:06,T0,T1,1.9ft,0.05s
4.19.2026 22:20:06,T0,T1,1.9ft,0.05s
4.19.2026 22:20:06,T0,T1,1.9ft,0.05s
4.19.2026 22:20:06,T0,T1,1.8ft,0.05s
4.19.2026 22:20:06,T0,T1,1.8ft,0.05s
4.19.2026 22:20:06,T0,T1,1.8ft,0.05s
4.19.2026 22:20:06,T0,T1,1.8ft,0.05s
4.19.2026 22:20:06,T0,T1,1.8ft,0.05s
4.19.2026 22:20:06,T0,T1,1.8ft,0.05s
4.19.2026 22:20:06,T0,T1,1.9ft,0.05s
4.19.2026 22:20:06,T0,T1,1.9ft,0.05s
4.19.2026 22:20:06,T0,T1,1.8ft,0.05s
4.19.2026 22:20:06,T0,T1,1.8ft,0.05s
4.19.2026 22:20:07,T0,T1,1.8ft,0.05s
4.19.2026 22:20:07,T0,T1,1.8ft,0.05s
4.19.2026 22:20:07,T0,T1,1.8ft,0.05s
4.19.2026 22:20:07,T0,T1,1.7ft,0.05s
4.19.2026 22:20:07,T0,T1,1.7ft,0.05s
4.19.2026 22:20:07,T0,T1,1.7ft,0.05s
4.19.2026 22:20:07,T0,T1,1.7ft,0.05s
4.19.2026 22:20:07,T0,T1,1.7ft,0.05s
4.19.2026 22:20:07,T0,T1,1.7ft,0.05s
4.19.2026 22:20:07,T0,T1,1.6ft,0.05s
4.19.2026 22:20:07,T0,T1,1.6ft,0.05s
4.19.2026 22:20:07,T0,T1,1.6ft,0.05s
4.19.2026 22:20:07,T0,T1,1.7ft,0.05s
4.19.2026 22:20:07,T0,T1,1.7ft,0.05s
4.19.2026 22:20:07,T0,T1,1.8ft,0.05s
4.19.2026 22:20:07,T0,T1,1.8ft,0.05s
4.19.2026 22:20:07,T0,T1,1.8ft,0.05s
4.19.2026 22:20:07,T0,T1,1.8ft,0.05s
4.19.2026 22:20:07,T0,T1,1.8ft,0.05s
4.19.2026 22:20:07,T0,T1,1.8ft,0.05s
4.19.2026 22:20:08,T0,T1,1.8ft,0.05s
4.19.2026 22:20:08,T0,T1,1.8ft,0.05s
4.19.2026 22:20:08,T0,T1,1.8ft,0.05s
4.19.2026 22:20:08,T0,T1,1.8ft,0.05s
4.19.2026 22:20:08,T0,T1,1.8ft,0.05s
4.19.2026 22:20:08,T0,T1,1.8ft,0.05s
4.19.2026 22:20:08,T0,T1,1.8ft,0.05s
4.19.2026 22:20:08,T0,T1,1.8ft,0.05s
4.19.2026 22:20:08,T0,T1,1.8ft,0.05s
4.19.2026 22:20:08,T0,T1,1.8ft,0.05s
4.19.2026 22:20:08,T0,T1,1.8ft,0.05s
4.19.2026 22:20:08,T0,T1,1.7ft,0.05s
4.19.2026 22:20:08,T0,T1,1.7ft,0.05s
4.19.2026 22:20:08,T0,T1,1.7ft,0.05s
4.19.2026 22:20:08,T0,T1,1.7ft,0.05s
4.19.2026 22:20:08,T0,T1,1.7ft,0.05s
4.19.2026 22:20:08,T0,T1,1.7ft,0.05s
4.19.2026 22:20:08,T0,T1,1.7ft,0.05s
4.19.2026 22:20:08,T0,T1,1.8ft,0.05s
4.19.2026 22:20:08,T0,T1,1.8ft,0.05s
4.19.2026 22:20:09,T0,T1,1.8ft,0.05s
4.19.2026 22:20:09,T0,T1,1.8ft,0.05s
4.19.2026 22:20:09,T0,T1,1.8ft,0.05s
4.19.2026 22:20:09,T0,T1,1.8ft,0.05s
4.19.2026 22:20:09,T0,T1,1.8ft,0.05s
4.19.2026 22:20:09,T0,T1,1.7ft,0.05s
4.19.2026 22:20:09,T0,T1,1.7ft,0.05s
4.19.2026 22:20:09,T0,T1,1.7ft,0.05s
4.19.2026 22:20:09,T0,T1,1.7ft,0.05s
4.19.2026 22:20:09,T0,T1,1.7ft,0.05s
4.19.2026 22:20:09,T0,T1,1.7ft,0.05s
4.19.2026 22:20:09,T0,T1,1.6ft,0.05s
4.19.2026 22:20:09,T0,T1,1.6ft,0.05s
4.19.2026 22:20:09,T0,T1,1.6ft,0.05s
4.19.2026 22:20:09,T0,T1,1.6ft,0.05s
4.19.2026 22:20:09,T0,T1,1.6ft,0.05s
4.19.2026 22:20:09,T0,T1,1.6ft,0.05s
4.19.2026 22:20:09,T0,T1,1.6ft,0.05s
4.19.2026 22:20:09,T0,T1,1.6ft,0.05s
4.19.2026 22:20:10,T0,T1,1.6ft,0.05s
4.19.2026 22:20:10,T0,T1,1.6ft,0.05s
4.19.2026 22:20:10,T0,T1,1.6ft,0.05s
4.19.2026 22:20:10,T0,T1,1.7ft,0.05s
4.19.2026 22:20:10,T0,T1,1.7ft,0.05s
4.19.2026 22:20:10,T0,T1,1.8ft,0.05s
4.19.2026 22:20:10,T0,T1,1.8ft,0.05s
4.19.2026 22:20:10,T0,T1,1.8ft,0.05s
4.19.2026 22:20:10,T0,T1,1.8ft,0.05s
4.19.2026 22:20:10,T0,T1,1.9ft,0.05s
4.19.2026 22:20:10,T0,T1,1.9ft,0.05s
4.19.2026 22:20:10,T0,T1,1.9ft,0.05s
4.19.2026 22:20:10,T0,T1,1.9ft,0.05s
4.19.2026 22:20:10,T0,T1,1.8ft,0.05s
4.19.2026 22:20:10,T0,T1,1.8ft,0.05s
4.19.2026 22:20:10,T0,T1,1.8ft,0.05s
4.19.2026 22:20:10,T0,T1,1.8ft,0.05s
4.19.2026 22:20:10,T0,T1,1.8ft,0.05s
4.19.2026 22:20:10,T0,T1,1.8ft,0.05s
4.19.2026 22:20:10,T0,T1,1.7ft,0.05s
4.19.2026 22:20:11,T0,T1,1.7ft,0.05s
4.19.2026 22:20:11,T0,T1,1.7ft,0.05s
4.19.2026 22:20:11,T0,T1,1.7ft,0.05s
4.19.2026 22:20:11,T0,T1,1.7ft,0.05s
4.19.2026 22:20:11,T0,T1,1.7ft,0.05s
4.19.2026 22:20:11,T0,T1,1.7ft,0.05s
4.19.2026 22:20:11,T0,T1,1.6ft,0.05s
4.19.2026 22:20:11,T0,T1,1.6ft,0.05s
4.19.2026 22:20:11,T0,T1,1.6ft,0.05s
4.19.2026 22:20:11,T0,T1,1.6ft,0.05s
4.19.2026 22:20:11,T0,T1,1.6ft,0.05s
4.19.2026 22:20:11,T0,T1,1.6ft,0.05s
4.19.2026 22:20:11,T0,T1,1.6ft,0.05s
4.19.2026 22:20:11,T0,T1,1.6ft,0.05s
4.19.2026 22:20:11,T0,T1,1.6ft,0.05s
4.19.2026 22:20:11,T0,T1,1.6ft,0.05s
4.19.2026 22:20:11,T0,T1,1.6ft,0.05s
4.19.2026 22:20:11,T0,T1,1.6ft,0.05s
4.19.2026 22:20:11,T0,T1,1.6ft,0.05s
4.19.2026 22:20:11,T0,T1,1.6ft,0.05s
4.19.2026 22:20:12,T0,T1,1.6ft,0.05s
4.19.2026 22:20:12,T0,T1,1.6ft,0.05s
4.19.2026 22:20:12,T0,T1,1.6ft,0.05s
4.19.2026 22:20:12,T0,T1,1.6ft,0.05s
4.19.2026 22:20:12,T0,T1,1.6ft,0.05s
4.19.2026 22:20:12,T0,T1,1.6ft,0.05s
4.19.2026 22:20:12,T0,T1,1.6ft,0.05s
4.19.2026 22:20:12,T0,T1,1.7ft,0.05s
4.19.2026 22:20:12,T0,T1,1.7ft,0.05s
4.19.2026 22:20:12,T0,T1,1.8ft,0.06s
4.19.2026 22:20:12,T0,T1,1.8ft,0.05s
4.19.2026 22:20:12,T0,T1,1.8ft,0.05s
4.19.2026 22:20:12,T0,T1,1.8ft,0.05s
4.19.2026 22:20:12,T0,T1,1.8ft,0.05s
4.19.2026 22:20:12,T0,T1,1.8ft,0.05s
4.19.2026 22:20:12,T0,T1,1.8ft,0.05s
4.19.2026 22:20:12,T0,T1,1.8ft,0.05s
4.19.2026 22:20:12,T0,T1,1.8ft,0.05s
4.19.2026 22:20:12,T0,T1,1.8ft,0.05s
4.19.2026 22:20:13,T0,T1,1.8ft,0.05s
4.19.2026 22:20:13,T0,T1,1.8ft,0.05s
4.19.2026 22:20:13,T0,T1,1.8ft,0.05s
4.19.2026 22:20:13,T0,T1,1.8ft,0.05s
4.19.2026 22:20:13,T0,T1,1.7ft,0.05s
4.19.2026 22:20:13,T0,T1,1.7ft,0.05s
4.19.2026 22:20:13,T0,T1,1.7ft,0.05s
4.19.2026 22:20:13,T0,T1,1.7ft,0.05s
4.19.2026 22:20:13,T0,T1,1.7ft,0.05s
4.19.2026 22:20:13,T0,T1,1.7ft,0.05s
4.19.2026 22:20:13,T0,T1,1.7ft,0.05s
4.19.2026 22:20:13,T0,T1,1.7ft,0.05s
4.19.2026 22:20:13,T0,T1,1.7ft,0.05s
4.19.2026 22:20:13,T0,T1,1.7ft,0.05s
4.19.2026 22:20:13,T0,T1,1.7ft,0.05s
4.19.2026 22:20:13,T0,T1,1.7ft,0.05s
4.19.2026 22:20:13,T0,T1,1.7ft,0.05s
4.19.2026 22:20:13,T0,T1,1.7ft,0.05s
4.19.2026 22:20:13,T0,T1,1.7ft,0.05s
4.19.2026 22:20:13,T0,T1,1.7ft,0.05s
4.19.2026 22:20:14,T0,T1,1.7ft,0.05s
4.19.2026 22:20:14,T0,T1,1.8ft,0.05s
4.19.2026 22:20:14,T0,T1,1.8ft,0.05s
4.19.2026 22:20:14,T0,T1,1.7ft,0.05s
4.19.2026 22:20:14,T0,T1,1.7ft,0.05s
4.19.2026 22:20:14,T0,T1,1.7ft,0.05s
4.19.2026 22:20:14,T0,T1,1.7ft,0.05s
4.19.2026 22:20:14,T0,T1,1.7ft,0.05s
4.19.2026 22:20:14,T0,T1,1.7ft,0.05s
4.19.2026 22:20:14,T0,T1,1.7ft,0.05s
4.19.2026 22:20:14,T0,T1,1.7ft,0.05s
4.19.2026 22:20:14,T0,T1,1.6ft,0.05s
4.19.2026 22:21:11,T0,T1,3.0ft,0.05s
4.19.2026 22:21:12,T0,T1,3.4ft,0.05s
4.19.2026 22:21:12,T0,T1,3.4ft,0.05s
4.19.2026 22:21:12,T0,T1,3.4ft,0.05s
4.19.2026 22:21:12,T0,T1,3.1ft,0.05s
4.19.2026 22:21:12,T0,T1,2.9ft,0.05s
4.19.2026 22:21:12,T0,T1,2.9ft,0.05s
4.19.2026 22:21:12,T0,T1,2.9ft,0.05s
4.19.2026 22:21:12,T0,T1,2.8ft,0.05s
4.19.2026 22:21:12,T0,T1,2.7ft,0.05s
4.19.2026 22:21:12,T0,T1,2.7ft,0.05s
4.19.2026 22:21:12,T0,T1,2.7ft,0.05s
4.19.2026 22:21:12,T0,T1,2.7ft,0.05s
4.19.2026 22:21:12,T0,T1,2.7ft,0.05s
4.19.2026 22:21:12,T0,T1,2.7ft,0.05s
4.19.2026 22:21:12,T0,T1,2.7ft,0.05s
4.19.2026 22:21:12,T0,T1,2.7ft,0.05s
4.19.2026 22:21:12,T0,T1,2.7ft,0.05s
4.19.2026 22:21:12,T0,T1,2.7ft,0.05s
4.19.2026 22:21:13,T0,T1,2.7ft,0.05s
4.19.2026 22:21:13,T0,T1,2.7ft,0.05s
4.19.2026 22:21:13,T0,T1,2.7ft,0.06s
4.19.2026 22:21:13,T0,T1,2.7ft,0.05s
4.19.2026 22:21:13,T0,T1,2.7ft,0.05s
4.19.2026 22:21:13,T0,T1,2.7ft,0.05s
4.19.2026 22:21:13,T0,T1,2.7ft,0.05s
4.19.2026 22:21:13,T0,T1,2.7ft,0.05s
4.19.2026 22:21:13,T0,T1,2.7ft,0.05s
4.19.2026 22:21:13,T0,T1,2.7ft,0.05s
4.19.2026 22:21:13,T0,T1,2.7ft,0.05s
4.19.2026 22:21:13,T0,T1,2.7ft,0.05s
4.19.2026 22:21:13,T0,T1,2.7ft,0.05s
4.19.2026 22:21:13,T0,T1,2.7ft,0.05s
4.19.2026 22:21:13,T0,T1,2.7ft,0.05s
4.19.2026 22:21:13,T0,T1,2.7ft,0.05s
4.19.2026 22:21:13,T0,T1,2.7ft,0.05s
4.19.2026 22:21:13,T0,T1,2.7ft,0.05s
4.19.2026 22:21:13,T0,T1,2.7ft,0.05s
4.19.2026 22:21:14,T0,T1,2.7ft,0.05s
4.19.2026 22:21:14,T0,T1,2.7ft,0.05s
4.19.2026 22:21:14,T0,T1,2.7ft,0.05s
4.19.2026 22:21:14,T0,T1,2.7ft,0.05s
4.19.2026 22:21:14,T0,T1,2.7ft,0.05s
4.19.2026 22:21:14,T0,T1,2.7ft,0.05s
4.19.2026 22:21:14,T0,T1,2.7ft,0.05s
4.19.2026 22:21:14,T0,T1,2.7ft,0.05s
4.19.2026 22:21:14,T0,T1,2.6ft,0.05s
4.19.2026 22:21:14,T0,T1,2.6ft,0.05s
4.19.2026 22:21:14,T0,T1,2.6ft,0.05s
4.19.2026 22:21:14,T0,T1,2.6ft,0.05s
4.19.2026 22:21:14,T0,T1,2.6ft,0.05s
4.19.2026 22:21:14,T0,T1,2.6ft,0.05s
4.19.2026 22:21:14,T0,T1,2.6ft,0.05s
4.19.2026 22:21:14,T0,T1,2.7ft,0.05s
4.19.2026 22:21:14,T0,T1,2.7ft,0.05s
4.19.2026 22:21:14,T0,T1,2.7ft,0.05s
4.19.2026 22:21:14,T0,T1,2.7ft,0.05s
4.19.2026 22:21:14,T0,T1,2.7ft,0.05s
4.19.2026 22:21:15,T0,T1,2.7ft,0.05s
4.19.2026 22:21:15,T0,T1,2.7ft,0.05s
4.19.2026 22:21:15,T0,T1,2.7ft,0.05s
4.19.2026 22:21:15,T0,T1,2.7ft,0.05s
4.19.2026 22:21:15,T0,T1,2.7ft,0.05s
4.19.2026 22:21:15,T0,T1,2.7ft,0.05s
4.19.2026 22:21:15,T0,T1,2.6ft,0.05s
4.19.2026 22:21:15,T0,T1,2.6ft,0.05s
4.19.2026 22:21:15,T0,T1,2.6ft,0.05s
4.19.2026 22:21:15,T0,T1,2.6ft,0.05s
4.19.2026 22:21:15,T0,T1,2.6ft,0.05s
4.19.2026 22:21:15,T0,T1,2.6ft,0.05s
4.19.2026 22:21:15,T0,T1,2.6ft,0.05s
4.19.2026 22:21:15,T0,T1,2.6ft,0.05s
4.19.2026 22:21:15,T0,T1,2.6ft,0.05s
4.19.2026 22:21:15,T0,T1,2.6ft,0.05s
4.19.2026 22:21:15,T0,T1,2.7ft,0.05s
4.19.2026 22:21:15,T0,T1,2.7ft,0.05s
4.19.2026 22:21:15,T0,T1,2.8ft,0.05s
4.19.2026 22:21:15,T0,T1,2.8ft,0.05s
4.19.2026 22:21:16,T0,T1,2.8ft,0.05s
4.19.2026 22:21:16,T0,T1,2.8ft,0.05s
4.19.2026 22:21:16,T0,T1,2.8ft,0.05s
4.19.2026 22:21:16,T0,T1,2.8ft,0.05s
4.19.2026 22:21:16,T0,T1,2.8ft,0.05s
4.19.2026 22:21:16,T0,T1,2.8ft,0.05s
4.19.2026 22:21:16,T0,T1,2.8ft,0.05s
4.19.2026 22:21:16,T0,T1,2.8ft,0.05s
4.19.2026 22:21:16,T0,T1,2.7ft,0.05s
4.19.2026 22:21:16,T0,T1,2.7ft,0.05s
4.19.2026 22:21:16,T0,T1,2.7ft,0.05s
4.19.2026 22:21:16,T0,T1,2.7ft,0.05s
4.19.2026 22:21:16,T0,T1,2.7ft,0.05s
4.19.2026 22:21:16,T0,T1,2.7ft,0.05s
4.19.2026 22:21:16,T0,T1,2.6ft,0.05s
4.19.2026 22:21:16,T0,T1,2.6ft,0.05s
4.19.2026 22:21:16,T0,T1,2.6ft,0.05s
4.19.2026 22:21:16,T0,T1,2.6ft,0.05s
4.19.2026 22:21:16,T0,T1,2.6ft,0.05s
4.19.2026 22:21:17,T0,T1,2.7ft,0.05s
4.19.2026 22:21:17,T0,T1,2.7ft,0.05s
4.19.2026 22:21:17,T0,T1,2.7ft,0.05s
4.19.2026 22:21:17,T0,T1,2.7ft,0.05s
4.19.2026 22:21:17,T0,T1,2.7ft,0.06s
4.19.2026 22:21:17,T0,T1,2.7ft,0.05s
4.19.2026 22:21:17,T0,T1,2.7ft,0.05s
4.19.2026 22:21:17,T0,T1,2.7ft,0.05s
4.19.2026 22:21:17,T0,T1,2.7ft,0.05s
4.19.2026 22:21:17,T0,T1,2.7ft,0.05s
4.19.2026 22:21:17,T0,T1,2.7ft,0.05s
4.19.2026 22:21:17,T0,T1,2.7ft,0.05s
4.19.2026 22:21:17,T0,T1,2.7ft,0.05s
4.19.2026 22:21:17,T0,T1,2.7ft,0.05s
4.19.2026 22:21:17,T0,T1,2.7ft,0.05s
4.19.2026 22:21:17,T0,T1,2.7ft,0.05s
4.19.2026 22:21:17,T0,T1,2.7ft,0.05s
4.19.2026 22:21:17,T0,T1,2.7ft,0.05s
4.19.2026 22:21:17,T0,T1,2.6ft,0.05s
4.19.2026 22:21:17,T0,T1,2.6ft,0.05s
4.19.2026 22:21:18,T0,T1,2.6ft,0.05s
4.19.2026 22:21:18,T0,T1,2.7ft,0.05s
4.19.2026 22:21:18,T0,T1,2.7ft,0.05s
4.19.2026 22:21:18,T0,T1,2.7ft,0.05s
4.19.2026 22:21:18,T0,T1,2.7ft,0.05s
4.19.2026 22:21:18,T0,T1,2.7ft,0.05s
4.19.2026 22:21:18,T0,T1,2.7ft,0.05s
4.19.2026 22:21:18,T0,T1,2.7ft,0.05s
4.19.2026 22:21:18,T0,T1,2.7ft,0.05s
4.19.2026 22:21:18,T0,T1,2.7ft,0.05s
4.19.2026 22:21:18,T0,T1,2.7ft,0.05s
4.19.2026 22:21:18,T0,T1,2.7ft,0.05s
4.19.2026 22:21:18,T0,T1,2.7ft,0.05s
4.19.2026 22:21:18,T0,T1,2.7ft,0.05s
4.19.2026 22:21:18,T0,T1,2.7ft,0.05s
4.19.2026 22:21:18,T0,T1,2.7ft,0.05s
4.19.2026 22:21:18,T0,T1,2.7ft,0.05s
4.19.2026 22:21:18,T0,T1,2.7ft,0.05s
4.19.2026 22:21:18,T0,T1,2.7ft,0.05s
4.19.2026 22:21:19,T0,T1,2.7ft,0.05s
4.19.2026 22:21:19,T0,T1,2.7ft,0.06s
4.19.2026 22:21:19,T0,T1,2.7ft,0.05s
4.19.2026 22:21:19,T0,T1,2.7ft,0.05s
4.19.2026 22:21:19,T0,T1,2.7ft,0.05s
4.19.2026 22:21:19,T0,T1,2.7ft,0.05s
4.19.2026 22:21:19,T0,T1,2.6ft,0.05s
4.19.2026 22:21:19,T0,T1,2.6ft,0.05s
4.19.2026 22:21:19,T0,T1,2.6ft,0.05s
4.19.2026 22:21:19,T0,T1,2.6ft,0.05s
4.19.2026 22:21:19,T0,T1,2.6ft,0.05s
4.19.2026 22:21:19,T0,T1,2.6ft,0.05s
4.19.2026 22:21:19,T0,T1,2.6ft,0.05s
4.19.2026 22:21:19,T0,T1,2.6ft,0.05s
4.19.2026 22:21:19,T0,T1,2.6ft,0.05s
4.19.2026 22:21:19,T0,T1,2.6ft,0.06s
4.19.2026 22:21:19,T0,T1,2.6ft,0.05s
4.19.2026 22:21:19,T0,T1,2.6ft,0.05s
4.19.2026 22:21:19,T0,T1,2.6ft,0.05s
4.19.2026 22:21:19,T0,T1,2.6ft,0.05s
4.19.2026 22:21:20,T0,T1,2.6ft,0.05s
4.19.2026 22:21:20,T0,T1,2.6ft,0.05s
4.19.2026 22:21:20,T0,T1,2.6ft,0.05s
4.19.2026 22:21:20,T0,T1,2.6ft,0.05s
4.19.2026 22:21:20,T0,T1,2.6ft,0.05s
4.19.2026 22:21:20,T0,T1,2.6ft,0.05s
4.19.2026 22:21:20,T0,T1,2.6ft,0.05s
4.19.2026 22:21:20,T0,T1,2.6ft,0.05s
4.19.2026 22:21:20,T0,T1,2.6ft,0.05s
4.19.2026 22:21:20,T0,T1,2.6ft,0.05s
4.19.2026 22:21:20,T0,T1,2.6ft,0.05s
4.19.2026 22:21:20,T0,T1,2.6ft,0.05s
4.19.2026 22:21:20,T0,T1,2.6ft,0.05s
4.19.2026 22:21:20,T0,T1,2.6ft,0.05s
4.19.2026 22:21:20,T0,T1,2.6ft,0.05s
4.19.2026 22:21:20,T0,T1,2.6ft,0.05s
4.19.2026 22:21:20,T0,T1,2.6ft,0.05s
4.19.2026 22:21:20,T0,T1,2.6ft,0.05s
4.19.2026 22:21:20,T0,T1,2.6ft,0.05s
4.19.2026 22:21:20,T0,T1,2.6ft,0.05s
4.19.2026 22:21:21,T0,T1,2.6ft,0.05s
4.19.2026 22:21:21,T0,T1,2.6ft,0.05s
4.19.2026 22:21:21,T0,T1,2.6ft,0.05s
4.19.2026 22:21:21,T0,T1,2.6ft,0.05s
4.19.2026 22:21:21,T0,T1,2.6ft,0.05s
4.19.2026 22:21:21,T0,T1,2.6ft,0.05s
4.19.2026 22:21:21,T0,T1,2.6ft,0.05s
4.19.2026 22:21:21,T0,T1,2.6ft,0.05s
4.19.2026 22:21:21,T0,T1,2.6ft,0.06s
4.19.2026 22:21:21,T0,T1,2.6ft,0.05s
4.19.2026 22:21:21,T0,T1,2.6ft,0.05s
4.19.2026 22:21:21,T0,T1,2.6ft,0.05s
4.19.2026 22:21:21,T0,T1,2.6ft,0.05s
4.19.2026 22:21:21,T0,T1,2.6ft,0.05s
4.19.2026 22:21:21,T0,T1,2.6ft,0.05s
4.19.2026 22:21:21,T0,T1,2.5ft,0.05s
4.19.2026 22:21:21,T0,T1,2.5ft,0.05s
4.19.2026 22:21:21,T0,T1,2.5ft,0.05s
4.19.2026 22:21:21,T0,T1,2.5ft,0.05s
4.19.2026 22:21:22,T0,T1,2.5ft,0.05s
4.19.2026 22:21:22,T0,T1,2.5ft,0.05s
4.19.2026 22:21:22,T0,T1,2.5ft,0.05s
4.19.2026 22:21:22,T0,T1,2.5ft,0.05s
4.19.2026 22:21:22,T0,T1,2.5ft,0.05s
4.19.2026 22:21:22,T0,T1,2.5ft,0.05s
4.19.2026 22:21:22,T0,T1,2.5ft,0.05s
4.19.2026 22:21:22,T0,T1,2.6ft,0.05s
4.19.2026 22:21:22,T0,T1,2.6ft,0.05s
4.19.2026 22:21:22,T0,T1,2.6ft,0.05s
4.19.2026 22:21:22,T0,T1,2.6ft,0.05s
4.19.2026 22:21:22,T0,T1,2.6ft,0.05s
4.19.2026 22:21:22,T0,T1,2.6ft,0.05s
4.19.2026 22:21:22,T0,T1,2.7ft,0.05s
4.19.2026 22:21:22,T0,T1,2.7ft,0.05s
4.19.2026 22:21:22,T0,T1,2.7ft,0.05s
4.19.2026 22:21:22,T0,T1,2.8ft,0.05s
4.19.2026 22:21:22,T0,T1,2.9ft,0.05s
4.19.2026 22:21:22,T0,T1,3.0ft,0.05s
4.19.2026 22:21:22,T0,T1,3.0ft,0.05s
4.19.2026 22:21:23,T0,T1,3.0ft,0.05s
4.19.2026 22:21:23,T0,T1,3.0ft,0.05s
4.19.2026 22:21:23,T0,T1,3.0ft,0.05s
4.19.2026 22:21:23,T0,T1,3.0ft,0.05s
4.19.2026 22:21:23,T0,T1,3.0ft,0.05s
4.19.2026 22:21:23,T0,T1,3.0ft,0.05s
4.19.2026 22:21:23,T0,T1,2.9ft,0.05s
4.19.2026 22:21:23,T0,T1,2.9ft,0.05s
4.19.2026 22:21:23,T0,T1,2.9ft,0.05s
4.19.2026 22:21:23,T0,T1,2.9ft,0.05s
4.19.2026 22:21:23,T0,T1,2.9ft,0.05s
4.19.2026 22:21:23,T0,T1,2.9ft,0.05s
4.19.2026 22:21:23,T0,T1,2.9ft,0.05s
4.19.2026 22:21:23,T0,T1,3.0ft,0.05s
4.19.2026 22:21:23,T0,T1,3.1ft,0.05s
4.19.2026 22:21:23,T0,T1,3.1ft,0.05s
4.19.2026 22:21:23,T0,T1,3.1ft,0.05s
4.19.2026 22:21:23,T0,T1,3.1ft,0.05s
4.19.2026 22:21:23,T0,T1,3.0ft,0.05s
4.19.2026 22:21:24,T0,T1,3.0ft,0.05s
4.19.2026 22:21:24,T0,T1,3.0ft,0.05s
4.19.2026 22:21:24,T0,T1,2.9ft,0.05s
4.19.2026 22:21:24,T0,T1,2.9ft,0.05s
4.19.2026 22:21:24,T0,T1,2.9ft,0.05s
4.19.2026 22:21:24,T0,T1,2.8ft,0.05s
4.19.2026 22:21:24,T0,T1,2.8ft,0.05s
4.19.2026 22:21:24,T0,T1,2.8ft,0.05s
4.19.2026 22:21:24,T0,T1,2.8ft,0.05s
4.19.2026 22:21:24,T0,T1,2.7ft,0.05s
4.19.2026 22:21:24,T0,T1,2.7ft,0.05s
4.19.2026 22:21:24,T0,T1,2.7ft,0.05s
4.19.2026 22:21:24,T0,T1,2.7ft,0.05s
4.19.2026 22:21:24,T0,T1,2.6ft,0.05s
4.19.2026 22:21:24,T0,T1,2.6ft,0.05s
4.19.2026 22:21:24,T0,T1,2.7ft,0.05s
4.19.2026 22:21:24,T0,T1,2.7ft,0.05s
4.19.2026 22:21:24,T0,T1,2.7ft,0.05s
4.19.2026 22:21:24,T0,T1,2.7ft,0.05s
4.19.2026 22:21:24,T0,T1,2.7ft,0.05s
4.19.2026 22:21:25,T0,T1,2.7ft,0.05s
4.19.2026 22:21:25,T0,T1,2.7ft,0.05s
4.19.2026 22:21:25,T0,T1,2.7ft,0.05s
4.19.2026 22:21:25,T0,T1,2.7ft,0.05s
4.19.2026 22:21:25,T0,T1,2.7ft,0.05s
4.19.2026 22:21:25,T0,T1,2.7ft,0.05s
4.19.2026 22:21:25,T0,T1,2.7ft,0.05s
4.19.2026 22:21:25,T0,T1,2.6ft,0.05s
4.19.2026 22:21:25,T0,T1,2.6ft,0.05s
4.19.2026 22:21:25,T0,T1,2.6ft,0.05s
4.19.2026 22:21:25,T0,T1,2.6ft,0.06s
4.19.2026 22:21:25,T0,T1,2.6ft,0.05s
4.19.2026 22:21:25,T0,T1,2.6ft,0.05s
4.19.2026 22:21:25,T0,T1,2.7ft,0.05s
4.19.2026 22:21:25,T0,T1,2.7ft,0.05s
4.19.2026 22:21:25,T0,T1,2.7ft,0.05s
4.19.2026 22:21:25,T0,T1,2.7ft,0.05s
4.19.2026 22:21:25,T0,T1,2.7ft,0.05s
4.19.2026 22:21:25,T0,T1,2.7ft,0.05s
4.19.2026 22:21:25,T0,T1,2.7ft,0.05s
4.19.2026 22:21:26,T0,T1,2.7ft,0.05s
4.19.2026 22:21:26,T0,T1,2.7ft,0.05s
4.19.2026 22:21:26,T0,T1,2.7ft,0.05s
4.19.2026 22:21:26,T0,T1,2.7ft,0.05s
4.19.2026 22:21:26,T0,T1,2.7ft,0.05s
4.19.2026 22:21:26,T0,T1,2.7ft,0.05s
4.19.2026 22:21:26,T0,T1,2.7ft,0.05s
4.19.2026 22:21:26,T0,T1,2.7ft,0.05s
4.19.2026 22:21:26,T0,T1,2.7ft,0.05s
4.19.2026 22:21:26,T0,T1,2.7ft,0.05s
4.19.2026 22:21:26,T0,T1,2.6ft,0.05s
4.19.2026 22:21:26,T0,T1,2.6ft,0.05s
4.19.2026 22:21:26,T0,T1,2.6ft,0.05s
4.19.2026 22:21:26,T0,T1,2.6ft,0.05s
4.19.2026 22:21:26,T0,T1,2.6ft,0.05s
4.19.2026 22:21:26,T0,T1,2.6ft,0.05s
4.19.2026 22:21:26,T0,T1,2.6ft,0.05s
4.19.2026 22:21:26,T0,T1,2.6ft,0.05s
4.19.2026 22:21:26,T0,T1,2.6ft,0.05s
4.19.2026 22:21:27,T0,T1,2.6ft,0.05s
4.19.2026 22:21:27,T0,T1,2.6ft,0.05s
4.19.2026 22:21:27,T0,T1,2.6ft,0.05s
4.19.2026 22:21:27,T0,T1,2.6ft,0.05s
4.19.2026 22:21:27,T0,T1,2.6ft,0.05s
4.19.2026 22:21:27,T0,T1,2.6ft,0.05s
4.19.2026 22:21:27,T0,T1,2.6ft,0.05s
4.19.2026 22:21:27,T0,T1,2.6ft,0.05s
4.19.2026 22:21:27,T0,T1,2.7ft,0.05s
4.19.2026 22:21:27,T0,T1,2.7ft,0.05s
4.19.2026 22:21:27,T0,T1,2.7ft,0.05s
4.19.2026 22:21:27,T0,T1,2.7ft,0.05s
4.19.2026 22:21:27,T0,T1,2.7ft,0.05s
4.19.2026 22:21:27,T0,T1,2.8ft,0.05s
4.19.2026 22:21:27,T0,T1,2.8ft,0.05s
4.19.2026 22:21:27,T0,T1,2.8ft,0.05s
4.19.2026 22:21:27,T0,T1,2.8ft,0.05s
4.19.2026 22:21:27,T0,T1,2.8ft,0.05s
4.19.2026 22:21:27,T0,T1,2.8ft,0.05s
4.19.2026 22:21:27,T0,T1,2.8ft,0.05s
4.19.2026 22:21:28,T0,T1,2.8ft,0.05s
4.19.2026 22:21:28,T0,T1,2.8ft,0.05s
4.19.2026 22:21:28,T0,T1,2.8ft,0.05s
4.19.2026 22:21:28,T0,T1,2.8ft,0.05s
4.19.2026 22:21:28,T0,T1,2.8ft,0.05s
4.19.2026 22:21:28,T0,T1,2.9ft,0.05s
4.19.2026 22:21:28,T0,T1,2.9ft,0.05s
4.19.2026 22:21:28,T0,T1,2.9ft,0.05s
4.19.2026 22:21:28,T0,T1,2.8ft,0.05s
4.19.2026 22:21:28,T0,T1,2.8ft,0.05s
4.19.2026 22:21:28,T0,T1,2.8ft,0.05s
4.19.2026 22:21:28,T0,T1,2.9ft,0.05s
4.19.2026 22:21:28,T0,T1,2.9ft,0.05s
4.19.2026 22:21:28,T0,T1,2.9ft,0.05s
4.19.2026 22:21:28,T0,T1,2.8ft,0.05s
4.19.2026 22:21:28,T0,T1,2.8ft,0.05s
4.19.2026 22:21:28,T0,T1,2.8ft,0.05s
4.19.2026 22:21:28,T0,T1,2.8ft,0.05s
4.19.2026 22:21:28,T0,T1,2.8ft,0.05s
4.19.2026 22:21:29,T0,T1,2.7ft,0.05s
4.19.2026 22:21:29,T0,T1,2.7ft,0.05s
4.19.2026 22:21:29,T0,T1,2.7ft,0.05s
4.19.2026 22:21:29,T0,T1,2.7ft,0.05s
4.19.2026 22:21:29,T0,T1,2.7ft,0.05s
4.19.2026 22:21:29,T0,T1,2.7ft,0.05s
4.19.2026 22:21:29,T0,T1,2.7ft,0.05s
4.19.2026 22:21:29,T0,T1,2.7ft,0.05s
4.19.2026 22:21:29,T0,T1,2.7ft,0.05s
4.19.2026 22:21:29,T0,T1,2.7ft,0.05s
4.19.2026 22:21:29,T0,T1,2.7ft,0.05s
4.19.2026 22:21:29,T0,T1,2.7ft,0.05s
4.19.2026 22:21:29,T0,T1,2.7ft,0.05s
4.19.2026 22:21:29,T0,T1,2.7ft,0.05s
4.19.2026 22:21:29,T0,T1,2.7ft,0.05s
4.19.2026 22:21:29,T0,T1,2.8ft,0.06s
4.19.2026 22:21:29,T0,T1,2.8ft,0.05s
4.19.2026 22:21:29,T0,T1,2.8ft,0.05s
4.19.2026 22:21:29,T0,T1,2.8ft,0.05s
4.19.2026 22:21:29,T0,T1,2.9ft,0.05s
4.19.2026 22:21:30,T0,T1,2.9ft,0.05s
4.19.2026 22:21:30,T0,T1,3.0ft,0.05s
4.19.2026 22:21:30,T0,T1,2.9ft,0.05s
4.19.2026 22:21:30,T0,T1,2.9ft,0.05s
4.19.2026 22:21:30,T0,T1,2.9ft,0.05s
4.19.2026 22:21:30,T0,T1,2.9ft,0.05s
4.19.2026 22:21:30,T0,T1,2.9ft,0.05s
4.19.2026 22:21:30,T0,T1,2.9ft,0.05s
4.19.2026 22:21:30,T0,T1,2.9ft,0.05s
4.19.2026 22:21:30,T0,T1,2.8ft,0.06s
4.19.2026 22:21:30,T0,T1,2.8ft,0.05s
4.19.2026 22:21:30,T0,T1,2.8ft,0.05s
4.19.2026 22:21:30,T0,T1,2.8ft,0.05s
4.19.2026 22:21:30,T0,T1,2.8ft,0.05s
4.19.2026 22:21:30,T0,T1,2.8ft,0.05s
4.19.2026 22:21:30,T0,T1,2.7ft,0.05s
4.19.2026 22:21:30,T0,T1,2.7ft,0.05s
4.19.2026 22:21:30,T0,T1,2.7ft,0.05s
4.19.2026 22:21:30,T0,T1,2.7ft,0.05s
4.19.2026 22:21:31,T0,T1,2.7ft,0.05s
4.19.2026 22:21:31,T0,T1,2.7ft,0.06s
4.19.2026 22:21:31,T0,T1,2.7ft,0.05s
4.19.2026 22:21:31,T0,T1,2.7ft,0.05s
4.19.2026 22:21:31,T0,T1,2.8ft,0.05s
4.19.2026 22:21:31,T0,T1,2.8ft,0.05s
4.19.2026 22:21:31,T0,T1,2.8ft,0.05s
4.19.2026 22:21:31,T0,T1,2.8ft,0.05s
4.19.2026 22:21:31,T0,T1,2.8ft,0.05s
4.19.2026 22:21:31,T0,T1,2.7ft,0.05s
4.19.2026 22:21:31,T0,T1,2.7ft,0.05s
4.19.2026 22:21:31,T0,T1,2.7ft,0.05s
4.19.2026 22:21:31,T0,T1,2.7ft,0.05s
4.19.2026 22:21:31,T0,T1,2.7ft,0.05s
4.19.2026 22:21:31,T0,T1,2.7ft,0.05s
4.19.2026 22:21:31,T0,T1,2.7ft,0.05s
4.19.2026 22:21:31,T0,T1,2.7ft,0.05s
4.19.2026 22:21:31,T0,T1,2.7ft,0.05s
4.19.2026 22:21:31,T0,T1,2.6ft,0.05s
4.19.2026 22:21:31,T0,T1,2.6ft,0.05s
4.19.2026 22:21:32,T0,T1,2.6ft,0.05s
4.19.2026 22:21:32,T0,T1,2.6ft,0.05s
4.19.2026 22:21:32,T0,T1,2.6ft,0.05s
4.19.2026 22:21:32,T0,T1,2.6ft,0.05s
4.19.2026 22:21:32,T0,T1,2.6ft,0.05s
4.19.2026 22:21:32,T0,T1,2.6ft,0.05s
4.19.2026 22:21:32,T0,T1,2.6ft,0.05s
4.19.2026 22:21:32,T0,T1,2.6ft,0.05s
4.19.2026 22:21:32,T0,T1,2.7ft,0.05s
4.19.2026 22:21:32,T0,T1,2.7ft,0.05s
4.19.2026 22:21:32,T0,T1,2.7ft,0.05s
4.19.2026 22:21:32,T0,T1,2.7ft,0.05s
4.19.2026 22:21:32,T0,T1,2.7ft,0.05s
4.19.2026 22:21:32,T0,T1,2.7ft,0.05s
4.19.2026 22:21:32,T0,T1,2.7ft,0.05s
4.19.2026 22:21:32,T0,T1,2.7ft,0.05s
4.19.2026 22:21:32,T0,T1,2.7ft,0.05s
4.19.2026 22:21:32,T0,T1,2.7ft,0.05s
4.19.2026 22:21:32,T0,T1,2.7ft,0.05s
4.19.2026 22:21:32,T0,T1,2.7ft,0.05s
4.19.2026 22:21:33,T0,T1,2.7ft,0.05s
4.19.2026 22:21:33,T0,T1,2.7ft,0.05s
4.19.2026 22:21:33,T0,T1,2.7ft,0.05s
4.19.2026 22:21:33,T0,T1,2.7ft,0.05s
4.19.2026 22:21:33,T0,T1,2.7ft,0.05s
4.19.2026 22:21:33,T0,T1,2.7ft,0.05s
4.19.2026 22:21:33,T0,T1,2.7ft,0.05s
4.19.2026 22:21:33,T0,T1,2.7ft,0.05s
4.19.2026 22:21:33,T0,T1,2.7ft,0.05s
4.19.2026 22:21:33,T0,T1,2.6ft,0.05s
4.19.2026 22:21:33,T0,T1,2.6ft,0.05s
4.19.2026 22:21:33,T0,T1,2.6ft,0.05s
4.19.2026 22:21:33,T0,T1,2.6ft,0.05s
4.19.2026 22:21:33,T0,T1,2.6ft,0.05s
4.19.2026 22:21:33,T0,T1,2.6ft,0.05s
4.19.2026 22:21:33,T0,T1,2.6ft,0.05s
4.19.2026 22:21:33,T0,T1,2.6ft,0.05s
4.19.2026 22:21:33,T0,T1,2.6ft,0.05s
4.19.2026 22:21:33,T0,T1,2.6ft,0.05s
4.19.2026 22:21:34,T0,T1,2.6ft,0.06s
4.19.2026 22:21:34,T0,T1,2.6ft,0.05s
4.19.2026 22:21:34,T0,T1,2.6ft,0.05s
4.19.2026 22:21:34,T0,T1,2.6ft,0.05s
4.19.2026 22:21:34,T0,T1,2.6ft,0.05s
4.19.2026 22:21:34,T0,T1,2.6ft,0.06s
4.19.2026 22:21:34,T0,T1,2.6ft,0.05s
4.19.2026 22:21:34,T0,T1,2.6ft,0.05s
4.19.2026 22:21:34,T0,T1,2.6ft,0.05s
4.19.2026 22:21:34,T0,T1,2.6ft,0.05s
4.19.2026 22:21:34,T0,T1,2.6ft,0.05s
4.19.2026 22:21:34,T0,T1,2.6ft,0.05s
4.19.2026 22:21:34,T0,T1,2.6ft,0.05s
4.19.2026 22:21:34,T0,T1,2.6ft,0.05s
4.19.2026 22:21:34,T0,T1,2.7ft,0.05s
4.19.2026 22:21:34,T0,T1,2.7ft,0.05s
4.19.2026 22:21:34,T0,T1,2.7ft,0.05s
4.19.2026 22:21:34,T0,T1,2.8ft,0.05s
4.19.2026 22:21:34,T0,T1,2.8ft,0.05s
4.19.2026 22:21:34,T0,T1,2.8ft,0.05s
4.19.2026 22:21:35,T0,T1,2.9ft,0.05s
4.19.2026 22:21:35,T0,T1,2.8ft,0.05s
4.19.2026 22:21:35,T0,T1,2.8ft,0.05s
4.19.2026 22:21:35,T0,T1,2.8ft,0.05s
4.19.2026 22:21:35,T0,T1,2.8ft,0.05s
4.19.2026 22:21:35,T0,T1,2.9ft,0.05s
4.19.2026 22:21:35,T0,T1,2.9ft,0.05s
4.19.2026 22:21:35,T0,T1,2.9ft,0.05s
4.19.2026 22:21:35,T0,T1,2.8ft,0.06s
4.19.2026 22:21:35,T0,T1,2.8ft,0.05s
4.19.2026 22:21:35,T0,T1,2.8ft,0.05s
4.19.2026 22:21:35,T0,T1,2.9ft,0.05s
4.19.2026 22:21:35,T0,T1,2.9ft,0.05s
4.19.2026 22:21:35,T0,T1,2.9ft,0.05s
4.19.2026 22:21:35,T0,T1,2.9ft,0.05s
4.19.2026 22:21:35,T0,T1,2.9ft,0.05s
4.19.2026 22:21:35,T0,T1,2.9ft,0.05s
4.19.2026 22:21:35,T0,T1,2.9ft,0.05s
4.19.2026 22:21:35,T0,T1,2.9ft,0.05s
4.19.2026 22:21:36,T0,T1,2.8ft,0.05s
4.19.2026 22:21:36,T0,T1,2.8ft,0.05s
4.19.2026 22:21:36,T0,T1,2.8ft,0.05s
4.19.2026 22:21:36,T0,T1,2.9ft,0.05s
4.19.2026 22:21:36,T0,T1,2.9ft,0.05s
4.19.2026 22:21:36,T0,T1,2.9ft,0.05s
4.19.2026 22:21:36,T0,T1,2.9ft,0.05s
4.19.2026 22:21:36,T0,T1,2.9ft,0.05s
4.19.2026 22:21:36,T0,T1,2.9ft,0.05s
4.19.2026 22:21:36,T0,T1,2.8ft,0.05s
4.19.2026 22:21:36,T0,T1,2.8ft,0.05s
4.19.2026 22:21:36,T0,T1,2.8ft,0.05s
4.19.2026 22:21:36,T0,T1,2.9ft,0.05s
4.19.2026 22:21:36,T0,T1,3.0ft,0.05s
4.19.2026 22:21:36,T0,T1,3.1ft,0.05s
4.19.2026 22:21:36,T0,T1,3.2ft,0.05s
4.19.2026 22:21:36,T0,T1,3.3ft,0.05s
4.19.2026 22:21:36,T0,T1,3.4ft,0.05s
4.19.2026 22:21:36,T0,T1,3.4ft,0.05s
4.19.2026 22:21:36,T0,T1,3.4ft,0.05s
4.19.2026 22:21:37,T0,T1,3.4ft,0.05s
4.19.2026 22:21:37,T0,T1,3.4ft,0.05s
4.19.2026 22:21:37,T0,T1,3.4ft,0.05s
4.19.2026 22:21:37,T0,T1,3.5ft,0.05s
4.19.2026 22:21:37,T0,T1,3.5ft,0.05s
4.19.2026 22:21:37,T0,T1,3.6ft,0.05s
4.19.2026 22:21:37,T0,T1,3.6ft,0.05s
4.19.2026 22:21:37,T0,T1,3.6ft,0.05s
4.19.2026 22:21:37,T0,T1,3.5ft,0.05s
4.19.2026 22:21:37,T0,T1,3.5ft,0.05s
4.19.2026 22:21:37,T0,T1,3.4ft,0.05s
4.19.2026 22:21:37,T0,T1,3.4ft,0.05s
4.19.2026 22:21:37,T0,T1,3.3ft,0.05s
4.19.2026 22:21:37,T0,T1,3.3ft,0.05s
4.19.2026 22:21:37,T0,T1,3.3ft,0.05s
4.19.2026 22:21:37,T0,T1,3.3ft,0.05s
4.19.2026 22:21:37,T0,T1,3.3ft,0.05s
4.19.2026 22:21:37,T0,T1,3.3ft,0.05s
4.19.2026 22:21:37,T0,T1,3.4ft,0.05s
4.19.2026 22:21:38,T0,T1,3.4ft,0.05s
4.19.2026 22:21:38,T0,T1,3.5ft,0.05s
4.19.2026 22:21:38,T0,T1,3.4ft,0.05s
4.19.2026 22:21:38,T0,T1,3.4ft,0.05s
4.19.2026 22:21:38,T0,T1,3.4ft,0.05s
4.19.2026 22:21:38,T0,T1,3.4ft,0.05s
4.19.2026 22:21:38,T0,T1,3.3ft,0.05s
4.19.2026 22:21:38,T0,T1,3.3ft,0.05s
4.19.2026 22:21:38,T0,T1,3.3ft,0.05s
4.19.2026 22:21:38,T0,T1,3.2ft,0.05s
4.19.2026 22:21:38,T0,T1,3.2ft,0.05s
4.19.2026 22:21:38,T0,T1,3.1ft,0.05s
4.19.2026 22:21:38,T0,T1,3.1ft,0.05s
4.19.2026 22:21:38,T0,T1,3.0ft,0.05s
4.19.2026 22:21:38,T0,T1,3.0ft,0.05s
4.19.2026 22:21:38,T0,T1,3.0ft,0.05s
4.19.2026 22:21:38,T0,T1,2.9ft,0.06s
4.19.2026 22:21:38,T0,T1,2.9ft,0.05s
4.19.2026 22:21:38,T0,T1,2.8ft,0.05s
4.19.2026 22:21:38,T0,T1,2.8ft,0.05s
4.19.2026 22:21:39,T0,T1,2.8ft,0.05s
4.19.2026 22:21:39,T0,T1,2.8ft,0.05s
4.19.2026 22:21:39,T0,T1,2.8ft,0.05s
4.19.2026 22:21:39,T0,T1,2.8ft,0.05s
4.19.2026 22:21:39,T0,T1,2.8ft,0.05s
4.19.2026 22:21:39,T0,T1,2.8ft,0.05s
4.19.2026 22:21:39,T0,T1,2.8ft,0.05s
4.19.2026 22:21:39,T0,T1,2.8ft,0.05s
4.19.2026 22:21:39,T0,T1,2.7ft,0.05s
4.19.2026 22:21:39,T0,T1,2.7ft,0.05s
4.19.2026 22:21:39,T0,T1,2.7ft,0.05s
4.19.2026 22:21:39,T0,T1,2.7ft,0.05s
4.19.2026 22:21:39,T0,T1,2.7ft,0.05s
4.19.2026 22:21:39,T0,T1,2.6ft,0.05s
4.19.2026 22:21:39,T0,T1,2.6ft,0.05s
4.19.2026 22:21:39,T0,T1,2.6ft,0.05s
4.19.2026 22:21:39,T0,T1,2.6ft,0.05s
4.19.2026 22:21:39,T0,T1,2.6ft,0.05s
4.19.2026 22:21:39,T0,T1,2.6ft,0.05s
4.19.2026 22:21:39,T0,T1,2.6ft,0.05s
4.19.2026 22:21:40,T0,T1,2.6ft,0.05s
4.19.2026 22:21:40,T0,T1,2.6ft,0.05s
4.19.2026 22:21:40,T0,T1,2.6ft,0.05s
4.19.2026 22:21:40,T0,T1,2.6ft,0.05s
4.19.2026 22:21:40,T0,T1,2.6ft,0.05s
4.19.2026 22:21:40,T0,T1,2.6ft,0.05s
4.19.2026 22:21:40,T0,T1,2.6ft,0.05s
4.19.2026 22:21:40,T0,T1,2.6ft,0.05s
4.19.2026 22:21:40,T0,T1,2.6ft,0.05s
4.19.2026 22:21:40,T0,T1,2.5ft,0.05s
4.19.2026 22:21:40,T0,T1,2.5ft,0.05s
4.19.2026 22:21:40,T0,T1,2.5ft,0.05s
4.19.2026 22:21:40,T0,T1,2.5ft,0.05s
4.19.2026 22:21:40,T0,T1,2.5ft,0.05s
4.19.2026 22:21:40,T0,T1,2.5ft,0.05s
4.19.2026 22:21:40,T0,T1,2.5ft,0.06s
4.19.2026 22:21:40,T0,T1,2.5ft,0.05s
4.19.2026 22:21:40,T0,T1,2.5ft,0.05s
4.19.2026 22:21:40,T0,T1,2.5ft,0.05s
4.19.2026 22:21:41,T0,T1,2.5ft,0.05s
4.19.2026 22:21:41,T0,T1,2.5ft,0.05s
4.19.2026 22:21:41,T0,T1,2.5ft,0.05s
4.19.2026 22:21:41,T0,T1,2.5ft,0.05s
4.19.2026 22:21:41,T0,T1,2.5ft,0.05s
4.19.2026 22:21:41,T0,T1,2.5ft,0.05s
4.19.2026 22:21:41,T0,T1,2.5ft,0.05s
4.19.2026 22:21:41,T0,T1,2.5ft,0.05s
4.19.2026 22:21:41,T0,T1,2.5ft,0.05s
4.19.2026 22:21:41,T0,T1,2.5ft,0.05s
4.19.2026 22:21:41,T0,T1,2.5ft,0.05s
4.19.2026 22:21:41,T0,T1,2.5ft,0.05s
4.19.2026 22:21:41,T0,T1,2.5ft,0.05s
4.19.2026 22:21:41,T0,T1,2.5ft,0.05s
4.19.2026 22:21:41,T0,T1,2.5ft,0.05s
4.19.2026 22:21:41,T0,T1,2.5ft,0.05s
4.19.2026 22:21:41,T0,T1,2.5ft,0.05s
4.19.2026 22:21:41,T0,T1,2.5ft,0.05s
4.19.2026 22:21:41,T0,T1,2.5ft,0.05s
4.19.2026 22:21:41,T0,T1,2.5ft,0.05s
4.19.2026 22:21:42,T0,T1,2.6ft,0.05s
4.19.2026 22:21:42,T0,T1,2.6ft,0.05s
4.19.2026 22:21:42,T0,T1,2.6ft,0.05s
4.19.2026 22:21:42,T0,T1,2.7ft,0.05s
4.19.2026 22:21:42,T0,T1,2.7ft,0.05s
4.19.2026 22:21:42,T0,T1,2.8ft,0.05s
4.19.2026 22:21:42,T0,T1,2.8ft,0.05s
4.19.2026 22:21:42,T0,T1,2.8ft,0.05s
4.19.2026 22:21:42,T0,T1,2.8ft,0.05s
4.19.2026 22:21:42,T0,T1,2.7ft,0.05s
4.19.2026 22:21:42,T0,T1,2.7ft,0.05s
4.19.2026 22:21:42,T0,T1,2.6ft,0.05s
4.19.2026 22:21:42,T0,T1,2.6ft,0.05s
4.19.2026 22:21:42,T0,T1,2.6ft,0.05s
4.19.2026 22:21:42,T0,T1,2.6ft,0.05s
4.19.2026 22:21:42,T0,T1,2.7ft,0.05s
4.19.2026 22:21:42,T0,T1,2.7ft,0.05s
4.19.2026 22:21:43,T0,T1,2.7ft,0.05s
4.19.2026 22:21:43,T0,T1,2.7ft,0.06s
4.19.2026 22:21:43,T0,T1,2.7ft,0.05s
4.19.2026 22:21:43,T0,T1,2.7ft,0.05s
4.19.2026 22:21:43,T0,T1,2.7ft,0.05s
4.19.2026 22:21:43,T0,T1,2.7ft,0.05s
4.19.2026 22:21:43,T0,T1,2.7ft,0.05s
4.19.2026 22:21:43,T0,T1,2.7ft,0.05s
4.19.2026 22:21:43,T0,T1,2.7ft,0.05s
4.19.2026 22:21:43,T0,T1,2.7ft,0.05s
4.19.2026 22:21:43,T0,T1,2.8ft,0.05s
4.19.2026 22:21:43,T0,T1,2.9ft,0.05s
4.19.2026 22:21:43,T0,T1,2.9ft,0.05s
4.19.2026 22:21:43,T0,T1,3.0ft,0.05s
4.19.2026 22:21:43,T0,T1,3.0ft,0.05s
4.19.2026 22:21:43,T0,T1,3.1ft,0.05s
4.19.2026 22:21:43,T0,T1,3.2ft,0.05s
4.19.2026 22:21:43,T0,T1,3.2ft,0.05s
4.19.2026 22:21:43,T0,T1,3.2ft,0.05s
4.19.2026 22:21:43,T0,T1,3.2ft,0.05s
4.19.2026 22:21:44,T0,T1,3.2ft,0.05s
4.19.2026 22:21:44,T0,T1,3.1ft,0.05s
4.19.2026 22:21:44,T0,T1,3.1ft,0.05s
4.19.2026 22:21:44,T0,T1,3.1ft,0.05s
4.19.2026 22:21:44,T0,T1,3.0ft,0.05s
4.19.2026 22:21:44,T0,T1,2.9ft,0.05s
4.19.2026 22:21:44,T0,T1,2.9ft,0.05s
4.19.2026 22:21:44,T0,T1,2.8ft,0.05s
4.19.2026 22:21:44,T0,T1,2.8ft,0.05s
4.19.2026 22:21:44,T0,T1,2.7ft,0.05s
4.19.2026 22:21:44,T0,T1,2.7ft,0.05s
4.19.2026 22:21:44,T0,T1,2.7ft,0.05s
4.19.2026 22:21:44,T0,T1,2.7ft,0.05s
4.19.2026 22:21:44,T0,T1,2.6ft,0.05s
4.19.2026 22:21:44,T0,T1,2.6ft,0.05s
4.19.2026 22:21:44,T0,T1,2.6ft,0.05s
4.19.2026 22:21:44,T0,T1,2.6ft,0.05s
4.19.2026 22:21:44,T0,T1,2.6ft,0.05s
4.19.2026 22:21:44,T0,T1,2.6ft,0.05s
4.19.2026 22:21:44,T0,T1,2.6ft,0.05s
4.19.2026 22:21:45,T0,T1,2.6ft,0.05s
4.19.2026 22:21:45,T0,T1,2.5ft,0.05s
4.19.2026 22:21:45,T0,T1,2.5ft,0.05s
4.19.2026 22:21:45,T0,T1,2.5ft,0.05s
4.19.2026 22:21:45,T0,T1,2.4ft,0.05s
4.19.2026 22:21:45,T0,T1,2.4ft,0.05s
4.19.2026 22:21:45,T0,T1,2.4ft,0.05s
4.19.2026 22:21:45,T0,T1,2.4ft,0.05s
4.19.2026 22:21:45,T0,T1,2.4ft,0.05s
4.19.2026 22:21:45,T0,T1,2.6ft,0.05s
4.19.2026 22:21:45,T0,T1,2.6ft,0.05s
4.19.2026 22:21:45,T0,T1,2.6ft,0.05s
4.19.2026 22:21:45,T0,T1,2.5ft,0.05s
4.19.2026 22:21:45,T0,T1,2.5ft,0.05s
4.19.2026 22:21:45,T0,T1,2.5ft,0.05s
4.19.2026 22:21:45,T0,T1,2.5ft,0.05s
4.19.2026 22:21:46,T0,T1,2.6ft,0.05s
4.19.2026 22:21:46,T0,T1,2.7ft,0.05s
4.19.2026 22:21:46,T0,T1,2.8ft,0.05s
4.19.2026 22:21:46,T0,T1,3.7ft,0.05s
4.19.2026 22:21:46,T0,T1,3.6ft,0.05s
4.19.2026 22:21:46,T0,T1,3.6ft,0.05s
4.19.2026 22:21:46,T0,T1,3.7ft,0.05s
4.19.2026 22:21:46,T0,T1,3.8ft,0.05s
4.19.2026 22:21:46,T0,T1,4.0ft,0.05s
4.19.2026 22:21:46,T0,T1,4.2ft,0.05s
4.19.2026 22:21:46,T0,T1,4.7ft,0.05s
4.19.2026 22:21:46,T0,T1,5.8ft,0.05s
4.19.2026 22:21:46,T0,T1,6.8ft,0.05s
4.19.2026 22:21:46,T0,T1,7.9ft,0.05s
4.19.2026 22:21:46,T0,T1,8.8ft,0.05s
4.19.2026 22:21:46,T0,T1,9.6ft,0.05s
4.19.2026 22:21:46,T0,T1,10.3ft,0.05s
4.19.2026 22:21:46,T0,T1,10.9ft,0.05s
4.19.2026 22:21:46,T0,T1,9.3ft,0.05s
4.19.2026 22:21:46,T0,T1,8.0ft,0.05s
4.19.2026 22:21:47,T0,T1,7.0ft,0.05s
4.19.2026 22:21:47,T0,T1,6.1ft,0.05s
4.19.2026 22:21:47,T0,T1,5.4ft,0.06s
4.19.2026 22:21:47,T0,T1,4.9ft,0.05s
4.19.2026 22:21:47,T0,T1,4.5ft,0.05s
4.19.2026 22:21:47,T0,T1,4.1ft,0.05s
4.19.2026 22:21:47,T0,T1,3.8ft,0.05s
4.19.2026 22:21:47,T0,T1,3.6ft,0.05s
4.19.2026 22:21:47,T0,T1,3.5ft,0.05s
4.19.2026 22:21:47,T0,T1,3.3ft,0.05s
4.19.2026 22:21:47,T0,T1,3.2ft,0.05s
4.19.2026 22:21:47,T0,T1,3.1ft,0.05s
4.19.2026 22:21:47,T0,T1,3.0ft,0.05s
4.19.2026 22:21:47,T0,T1,2.9ft,0.05s
4.19.2026 22:21:47,T0,T1,2.9ft,0.05s
4.19.2026 22:21:47,T0,T1,2.8ft,0.05s
4.19.2026 22:21:47,T0,T1,2.8ft,0.05s
4.19.2026 22:21:47,T0,T1,2.7ft,0.05s
4.19.2026 22:21:47,T0,T1,2.7ft,0.05s
4.19.2026 22:21:48,T0,T1,2.7ft,0.05s
4.19.2026 22:21:48,T0,T1,2.7ft,0.05s
4.19.2026 22:21:48,T0,T1,2.7ft,0.05s
4.19.2026 22:21:48,T0,T1,2.8ft,0.05s
4.19.2026 22:21:48,T0,T1,2.8ft,0.05s
4.19.2026 22:21:48,T0,T1,2.8ft,0.05s
4.19.2026 22:21:48,T0,T1,2.8ft,0.05s
4.19.2026 22:21:48,T0,T1,2.8ft,0.05s
4.19.2026 22:21:48,T0,T1,2.8ft,0.05s
4.19.2026 22:21:48,T0,T1,2.8ft,0.05s
4.19.2026 22:21:48,T0,T1,2.8ft,0.05s
4.19.2026 22:21:48,T0,T1,2.8ft,0.05s
4.19.2026 22:21:48,T0,T1,2.8ft,0.05s
4.19.2026 22:21:48,T0,T1,2.8ft,0.05s
4.19.2026 22:21:48,T0,T1,2.8ft,0.05s
4.19.2026 22:21:48,T0,T1,2.8ft,0.05s
4.19.2026 22:21:48,T0,T1,2.8ft,0.05s
4.19.2026 22:21:48,T0,T1,2.8ft,0.05s
4.19.2026 22:21:48,T0,T1,2.7ft,0.05s
4.19.2026 22:21:48,T0,T1,2.7ft,0.05s
4.19.2026 22:21:49,T0,T1,2.7ft,0.05s
4.19.2026 22:21:49,T0,T1,2.7ft,0.05s
4.19.2026 22:21:49,T0,T1,2.7ft,0.05s
4.19.2026 22:21:49,T0,T1,2.7ft,0.05s
4.19.2026 22:21:49,T0,T1,2.8ft,0.05s
4.19.2026 22:21:49,T0,T1,2.8ft,0.05s
4.19.2026 22:21:49,T0,T1,2.8ft,0.05s
4.19.2026 22:21:49,T0,T1,2.8ft,0.05s
4.19.2026 22:21:49,T0,T1,2.8ft,0.05s
4.19.2026 22:21:49,T0,T1,2.8ft,0.05s
4.19.2026 22:21:49,T0,T1,2.8ft,0.05s
4.19.2026 22:21:49,T0,T1,2.8ft,0.05s
4.19.2026 22:21:49,T0,T1,2.8ft,0.05s
4.19.2026 22:21:49,T0,T1,2.8ft,0.05s
4.19.2026 22:21:49,T0,T1,2.7ft,0.05s
4.19.2026 22:21:49,T0,T1,2.7ft,0.05s
4.19.2026 22:21:49,T0,T1,2.8ft,0.05s
4.19.2026 22:21:49,T0,T1,2.7ft,0.05s
4.19.2026 22:21:49,T0,T1,2.7ft,0.05s
4.19.2026 22:21:49,T0,T1,2.7ft,0.05s
4.19.2026 22:21:50,T0,T1,2.7ft,0.05s
4.19.2026 22:21:50,T0,T1,2.7ft,0.05s
4.19.2026 22:21:50,T0,T1,2.7ft,0.05s
4.19.2026 22:21:50,T0,T1,2.7ft,0.05s
4.19.2026 22:21:50,T0,T1,2.7ft,0.05s
4.19.2026 22:21:50,T0,T1,2.7ft,0.05s
4.19.2026 22:21:50,T0,T1,2.7ft,0.05s
4.19.2026 22:21:50,T0,T1,2.7ft,0.05s
4.19.2026 22:21:50,T0,T1,2.7ft,0.05s
4.19.2026 22:21:50,T0,T1,2.7ft,0.05s
4.19.2026 22:21:50,T0,T1,2.7ft,0.05s
4.19.2026 22:21:50,T0,T1,2.7ft,0.05s
4.19.2026 22:21:50,T0,T1,2.7ft,0.05s
4.19.2026 22:21:50,T0,T1,2.7ft,0.05s
4.19.2026 22:21:50,T0,T1,2.7ft,0.05s
4.19.2026 22:21:50,T0,T1,2.7ft,0.05s
4.19.2026 22:21:50,T0,T1,2.8ft,0.05s
4.19.2026 22:21:50,T0,T1,2.8ft,0.05s
4.19.2026 22:21:50,T0,T1,2.8ft,0.06s
4.19.2026 22:21:51,T0,T1,2.8ft,0.05s
4.19.2026 22:21:51,T0,T1,2.8ft,0.05s
4.19.2026 22:21:51,T0,T1,2.8ft,0.05s
4.19.2026 22:21:51,T0,T1,2.8ft,0.05s
4.19.2026 22:21:51,T0,T1,2.8ft,0.05s
4.19.2026 22:21:51,T0,T1,2.8ft,0.05s
4.19.2026 22:21:51,T0,T1,2.8ft,0.05s
4.19.2026 22:21:51,T0,T1,2.8ft,0.05s
4.19.2026 22:21:51,T0,T1,2.8ft,0.05s
4.19.2026 22:21:51,T0,T1,2.8ft,0.05s
4.19.2026 22:21:51,T0,T1,2.8ft,0.05s
4.19.2026 22:21:51,T0,T1,2.8ft,0.05s
4.19.2026 22:21:51,T0,T1,2.8ft,0.05s
4.19.2026 22:21:51,T0,T1,2.8ft,0.05s
4.19.2026 22:21:51,T0,T1,2.8ft,0.05s
4.19.2026 22:21:51,T0,T1,2.8ft,0.05s
4.19.2026 22:21:51,T0,T1,2.7ft,0.05s
4.19.2026 22:21:51,T0,T1,2.7ft,0.05s
4.19.2026 22:21:51,T0,T1,2.7ft,0.05s
4.19.2026 22:21:51,T0,T1,2.7ft,0.05s
4.19.2026 22:21:52,T0,T1,2.7ft,0.05s
4.19.2026 22:21:52,T0,T1,2.7ft,0.05s
4.19.2026 22:21:52,T0,T1,2.7ft,0.05s
4.19.2026 22:21:52,T0,T1,2.8ft,0.05s
4.19.2026 22:21:52,T0,T1,2.8ft,0.05s
4.19.2026 22:21:52,T0,T1,2.8ft,0.05s
4.19.2026 22:21:52,T0,T1,2.8ft,0.05s
4.19.2026 22:21:52,T0,T1,2.8ft,0.05s
4.19.2026 22:21:52,T0,T1,2.8ft,0.05s
4.19.2026 22:21:52,T0,T1,2.9ft,0.05s
4.19.2026 22:21:52,T0,T1,2.8ft,0.05s
4.19.2026 22:21:52,T0,T1,2.8ft,0.05s
4.19.2026 22:21:52,T0,T1,2.8ft,0.05s
4.19.2026 22:21:52,T0,T1,2.8ft,0.05s
4.19.2026 22:21:52,T0,T1,2.8ft,0.05s
4.19.2026 22:21:52,T0,T1,2.8ft,0.05s
4.19.2026 22:21:52,T0,T1,2.8ft,0.05s
4.19.2026 22:21:52,T0,T1,2.8ft,0.05s
4.19.2026 22:21:52,T0,T1,2.8ft,0.05s
4.19.2026 22:21:53,T0,T1,2.8ft,0.05s
4.19.2026 22:21:53,T0,T1,2.8ft,0.05s
4.19.2026 22:21:53,T0,T1,2.8ft,0.05s
4.19.2026 22:21:53,T0,T1,2.8ft,0.05s
4.19.2026 22:21:53,T0,T1,2.8ft,0.05s
4.19.2026 22:21:53,T0,T1,2.8ft,0.05s
4.19.2026 22:21:53,T0,T1,2.8ft,0.05s
4.19.2026 22:21:53,T0,T1,2.8ft,0.05s
4.19.2026 22:21:53,T0,T1,2.8ft,0.05s
4.19.2026 22:21:53,T0,T1,2.8ft,0.05s
4.19.2026 22:21:53,T0,T1,2.8ft,0.05s
4.19.2026 22:21:53,T0,T1,2.8ft,0.05s
4.19.2026 22:21:53,T0,T1,2.8ft,0.05s
4.19.2026 22:21:53,T0,T1,2.8ft,0.05s
4.19.2026 22:21:53,T0,T1,2.8ft,0.05s
4.19.2026 22:21:53,T0,T1,2.8ft,0.05s
4.19.2026 22:21:53,T0,T1,2.7ft,0.05s
4.19.2026 22:21:53,T0,T1,2.7ft,0.05s
4.19.2026 22:21:53,T0,T1,2.7ft,0.05s
4.19.2026 22:21:53,T0,T1,2.7ft,0.05s
4.19.2026 22:21:54,T0,T1,2.7ft,0.05s
4.19.2026 22:21:54,T0,T1,2.7ft,0.05s
4.19.2026 22:21:54,T0,T1,2.7ft,0.05s
4.19.2026 22:21:54,T0,T1,2.7ft,0.05s
4.19.2026 22:21:54,T0,T1,2.7ft,0.05s
4.19.2026 22:21:54,T0,T1,2.7ft,0.05s
4.19.2026 22:21:54,T0,T1,2.7ft,0.05s
4.19.2026 22:21:54,T0,T1,2.7ft,0.05s
4.19.2026 22:21:54,T0,T1,2.7ft,0.05s
4.19.2026 22:21:54,T0,T1,2.6ft,0.05s
4.19.2026 22:21:54,T0,T1,2.6ft,0.05s
4.19.2026 22:21:54,T0,T1,2.6ft,0.05s
4.19.2026 22:21:54,T0,T1,2.6ft,0.05s
4.19.2026 22:21:54,T0,T1,2.6ft,0.05s
4.19.2026 22:21:54,T0,T1,2.6ft,0.05s
4.19.2026 22:21:54,T0,T1,2.6ft,0.05s
4.19.2026 22:21:54,T0,T1,2.6ft,0.05s
4.19.2026 22:21:54,T0,T1,2.6ft,0.05s
4.19.2026 22:21:54,T0,T1,2.6ft,0.05s
4.19.2026 22:21:54,T0,T1,2.6ft,0.05s
4.19.2026 22:21:55,T0,T1,2.6ft,0.05s
4.19.2026 22:21:55,T0,T1,2.6ft,0.05s
4.19.2026 22:21:55,T0,T1,2.6ft,0.05s
4.19.2026 22:21:55,T0,T1,2.6ft,0.05s
4.19.2026 22:21:55,T0,T1,2.6ft,0.05s
4.19.2026 22:21:55,T0,T1,2.6ft,0.05s
4.19.2026 22:21:55,T0,T1,2.6ft,0.05s
4.19.2026 22:21:55,T0,T1,2.7ft,0.05s
4.19.2026 22:21:55,T0,T1,2.7ft,0.05s
4.19.2026 22:21:55,T0,T1,2.7ft,0.05s
4.19.2026 22:21:55,T0,T1,2.7ft,0.05s
4.19.2026 22:21:55,T0,T1,2.7ft,0.05s
4.19.2026 22:21:55,T0,T1,2.7ft,0.05s
4.19.2026 22:21:55,T0,T1,2.7ft,0.05s
4.19.2026 22:21:55,T0,T1,2.7ft,0.05s
4.19.2026 22:21:55,T0,T1,2.7ft,0.05s
4.19.2026 22:21:55,T0,T1,2.7ft,0.05s
4.19.2026 22:21:55,T0,T1,2.6ft,0.05s
4.19.2026 22:21:55,T0,T1,2.6ft,0.05s
4.19.2026 22:21:56,T0,T1,2.6ft,0.05s
4.19.2026 22:21:56,T0,T1,2.6ft,0.05s
4.19.2026 22:21:56,T0,T1,2.6ft,0.05s
4.19.2026 22:21:56,T0,T1,2.6ft,0.05s
4.19.2026 22:21:56,T0,T1,2.6ft,0.05s
4.19.2026 22:21:56,T0,T1,2.6ft,0.05s
4.19.2026 22:21:56,T0,T1,2.6ft,0.05s
4.19.2026 22:21:56,T0,T1,2.6ft,0.05s
4.19.2026 22:21:56,T0,T1,2.6ft,0.05s
4.19.2026 22:21:56,T0,T1,2.6ft,0.05s
4.19.2026 22:21:56,T0,T1,2.5ft,0.05s
4.19.2026 22:21:56,T0,T1,2.5ft,0.05s
4.19.2026 22:21:56,T0,T1,2.5ft,0.05s
4.19.2026 22:21:56,T0,T1,2.6ft,0.05s
4.19.2026 22:21:56,T0,T1,2.6ft,0.05s
4.19.2026 22:21:56,T0,T1,2.6ft,0.05s
4.19.2026 22:21:56,T0,T1,2.6ft,0.05s
4.19.2026 22:21:56,T0,T1,2.7ft,0.05s
4.19.2026 22:21:56,T0,T1,2.7ft,0.05s
4.19.2026 22:21:56,T0,T1,2.8ft,0.05s
4.19.2026 22:21:57,T0,T1,2.8ft,0.05s
4.19.2026 22:21:57,T0,T1,2.8ft,0.05s
4.19.2026 22:21:57,T0,T1,2.8ft,0.05s
4.19.2026 22:21:57,T0,T1,2.8ft,0.05s
4.19.2026 22:21:57,T0,T1,2.8ft,0.05s
4.19.2026 22:21:57,T0,T1,2.8ft,0.05s
4.19.2026 22:21:57,T0,T1,2.7ft,0.05s
4.19.2026 22:21:57,T0,T1,2.7ft,0.05s
4.19.2026 22:21:57,T0,T1,2.7ft,0.05s
4.19.2026 22:21:57,T0,T1,2.7ft,0.05s
4.19.2026 22:21:57,T0,T1,2.7ft,0.05s
4.19.2026 22:21:57,T0,T1,2.7ft,0.05s
4.19.2026 22:21:57,T0,T1,2.7ft,0.05s
4.19.2026 22:21:57,T0,T1,2.8ft,0.05s
4.19.2026 22:21:57,T0,T1,2.8ft,0.05s
4.19.2026 22:21:57,T0,T1,2.8ft,0.05s
4.19.2026 22:21:57,T0,T1,2.8ft,0.05s
4.19.2026 22:21:57,T0,T1,2.8ft,0.05s
4.19.2026 22:21:57,T0,T1,2.8ft,0.05s
4.19.2026 22:21:57,T0,T1,2.8ft,0.05s
4.19.2026 22:21:58,T0,T1,2.8ft,0.05s
4.19.2026 22:21:58,T0,T1,2.8ft,0.05s
4.19.2026 22:21:58,T0,T1,2.8ft,0.05s
4.19.2026 22:21:58,T0,T1,2.8ft,0.05s
4.19.2026 22:21:58,T0,T1,2.8ft,0.05s
4.19.2026 22:21:58,T0,T1,2.8ft,0.05s
4.19.2026 22:21:58,T0,T1,2.8ft,0.05s
4.19.2026 22:21:58,T0,T1,2.8ft,0.05s
4.19.2026 22:21:58,T0,T1,2.8ft,0.05s
4.19.2026 22:21:58,T0,T1,2.8ft,0.05s
4.19.2026 22:21:58,T0,T1,2.8ft,0.05s
4.19.2026 22:21:58,T0,T1,2.8ft,0.05s
4.19.2026 22:21:58,T0,T1,2.8ft,0.05s
4.19.2026 22:21:58,T0,T1,2.8ft,0.05s
4.19.2026 22:21:58,T0,T1,2.8ft,0.05s
4.19.2026 22:21:58,T0,T1,2.8ft,0.05s
4.19.2026 22:21:58,T0,T1,2.8ft,0.05s
4.19.2026 22:21:58,T0,T1,2.8ft,0.05s
4.19.2026 22:21:58,T0,T1,2.8ft,0.05s
4.19.2026 22:21:59,T0,T1,2.8ft,0.05s
4.19.2026 22:21:59,T0,T1,2.8ft,0.05s
4.19.2026 22:21:59,T0,T1,2.9ft,0.05s
4.19.2026 22:21:59,T0,T1,2.8ft,0.05s
4.19.2026 22:21:59,T0,T1,2.8ft,0.05s
4.19.2026 22:21:59,T0,T1,2.8ft,0.05s
4.19.2026 22:21:59,T0,T1,2.8ft,0.05s
4.19.2026 22:21:59,T0,T1,2.7ft,0.05s
4.19.2026 22:21:59,T0,T1,2.7ft,0.05s
4.19.2026 22:21:59,T0,T1,2.7ft,0.05s
4.19.2026 22:21:59,T0,T1,2.7ft,0.05s
4.19.2026 22:21:59,T0,T1,2.7ft,0.05s
4.19.2026 22:21:59,T0,T1,2.7ft,0.05s
4.19.2026 22:21:59,T0,T1,2.6ft,0.05s
4.19.2026 22:21:59,T0,T1,2.6ft,0.05s
4.19.2026 22:21:59,T0,T1,2.6ft,0.05s
4.19.2026 22:21:59,T0,T1,2.6ft,0.05s
4.19.2026 22:21:59,T0,T1,2.6ft,0.05s
4.19.2026 22:21:59,T0,T1,2.6ft,0.05s
4.19.2026 22:21:59,T0,T1,2.6ft,0.05s
4.19.2026 22:22:00,T0,T1,2.6ft,0.05s
4.19.2026 22:22:00,T0,T1,2.6ft,0.05s
4.19.2026 22:22:00,T0,T1,2.6ft,0.05s
4.19.2026 22:22:00,T0,T1,2.6ft,0.05s
4.19.2026 22:22:00,T0,T1,2.6ft,0.05s
4.19.2026 22:22:00,T0,T1,2.6ft,0.05s
4.19.2026 22:22:00,T0,T1,2.6ft,0.05s
4.19.2026 22:22:00,T0,T1,2.6ft,0.05s
4.19.2026 22:22:00,T0,T1,2.7ft,0.05s
4.19.2026 22:22:00,T0,T1,2.7ft,0.05s
4.19.2026 22:22:00,T0,T1,2.8ft,0.05s
4.19.2026 22:22:00,T0,T1,2.8ft,0.05s
4.19.2026 22:22:00,T0,T1,2.8ft,0.05s
4.19.2026 22:22:00,T0,T1,2.8ft,0.05s
4.19.2026 22:22:00,T0,T1,2.7ft,0.05s
4.19.2026 22:22:00,T0,T1,2.7ft,0.05s
4.19.2026 22:22:00,T0,T1,2.7ft,0.05s
4.19.2026 22:22:00,T0,T1,2.7ft,0.05s
4.19.2026 22:22:00,T0,T1,2.7ft,0.05s
4.19.2026 22:22:00,T0,T1,2.7ft,0.05s
4.19.2026 22:22:01,T0,T1,2.7ft,0.05s
4.19.2026 22:22:01,T0,T1,2.7ft,0.05s
4.19.2026 22:22:01,T0,T1,2.6ft,0.05s
4.19.2026 22:22:01,T0,T1,2.7ft,0.05s
4.19.2026 22:22:01,T0,T1,2.7ft,0.05s
4.19.2026 22:22:01,T0,T1,2.7ft,0.05s
4.19.2026 22:22:01,T0,T1,2.7ft,0.05s
4.19.2026 22:22:01,T0,T1,2.8ft,0.05s
4.19.2026 22:22:01,T0,T1,2.9ft,0.05s
4.19.2026 22:22:01,T0,T1,2.9ft,0.05s
4.19.2026 22:22:01,T0,T1,3.0ft,0.05s
4.19.2026 22:22:01,T0,T1,3.1ft,0.05s
4.19.2026 22:22:01,T0,T1,3.2ft,0.05s
4.19.2026 22:22:01,T0,T1,3.2ft,0.05s
4.19.2026 22:22:01,T0,T1,3.2ft,0.05s
4.19.2026 22:22:01,T0,T1,3.2ft,0.05s
4.19.2026 22:22:01,T0,T1,3.2ft,0.05s
4.19.2026 22:22:01,T0,T1,3.1ft,0.05s
4.19.2026 22:22:01,T0,T1,3.1ft,0.05s
4.19.2026 22:22:02,T0,T1,3.1ft,0.05s
4.19.2026 22:22:02,T0,T1,3.0ft,0.06s
4.19.2026 22:22:02,T0,T1,2.9ft,0.05s
4.19.2026 22:22:02,T0,T1,2.9ft,0.05s
4.19.2026 22:22:02,T0,T1,2.9ft,0.05s
4.19.2026 22:22:02,T0,T1,2.9ft,0.05s
4.19.2026 22:22:02,T0,T1,2.9ft,0.05s
4.19.2026 22:22:02,T0,T1,2.9ft,0.05s
4.19.2026 22:22:02,T0,T1,2.8ft,0.05s
4.19.2026 22:22:02,T0,T1,2.8ft,0.05s
4.19.2026 22:22:02,T0,T1,2.8ft,0.05s
4.19.2026 22:22:02,T0,T1,2.8ft,0.05s
4.19.2026 22:22:02,T0,T1,2.8ft,0.05s
4.19.2026 22:22:02,T0,T1,2.8ft,0.05s
4.19.2026 22:22:02,T0,T1,2.7ft,0.05s
4.19.2026 22:22:02,T0,T1,2.7ft,0.05s
4.19.2026 22:22:02,T0,T1,2.8ft,0.05s
4.19.2026 22:22:02,T0,T1,2.8ft,0.05s
4.19.2026 22:22:02,T0,T1,2.8ft,0.05s
4.19.2026 22:22:02,T0,T1,2.8ft,0.05s
4.19.2026 22:22:03,T0,T1,2.9ft,0.05s
4.19.2026 22:22:03,T0,T1,2.9ft,0.05s
4.19.2026 22:22:03,T0,T1,2.9ft,0.05s
4.19.2026 22:22:03,T0,T1,2.9ft,0.05s
4.19.2026 22:22:03,T0,T1,2.9ft,0.05s
4.19.2026 22:22:03,T0,T1,2.9ft,0.05s
4.19.2026 22:22:03,T0,T1,2.9ft,0.05s
4.19.2026 22:22:03,T0,T1,2.9ft,0.05s
4.19.2026 22:22:03,T0,T1,2.9ft,0.05s
4.19.2026 22:22:03,T0,T1,2.8ft,0.05s
4.19.2026 22:22:03,T0,T1,2.8ft,0.05s
4.19.2026 22:22:03,T0,T1,2.8ft,0.05s
4.19.2026 22:22:03,T0,T1,2.8ft,0.05s
4.19.2026 22:22:03,T0,T1,2.8ft,0.05s
4.19.2026 22:22:03,T0,T1,2.8ft,0.05s
4.19.2026 22:22:03,T0,T1,2.8ft,0.05s
4.19.2026 22:22:03,T0,T1,2.8ft,0.05s
4.19.2026 22:22:03,T0,T1,2.8ft,0.05s
4.19.2026 22:22:03,T0,T1,2.9ft,0.05s
4.19.2026 22:22:04,T0,T1,2.9ft,0.05s
4.19.2026 22:22:04,T0,T1,2.9ft,0.05s
4.19.2026 22:22:04,T0,T1,2.9ft,0.05s
4.19.2026 22:22:04,T0,T1,2.9ft,0.05s
4.19.2026 22:22:04,T0,T1,2.9ft,0.05s
4.19.2026 22:22:04,T0,T1,2.9ft,0.05s
4.19.2026 22:22:04,T0,T1,2.9ft,0.05s
4.19.2026 22:22:04,T0,T1,2.9ft,0.05s
4.19.2026 22:22:04,T0,T1,2.8ft,0.06s
4.19.2026 22:22:04,T0,T1,2.8ft,0.05s
4.19.2026 22:22:04,T0,T1,2.8ft,0.05s
4.19.2026 22:22:04,T0,T1,2.8ft,0.05s
4.19.2026 22:22:04,T0,T1,2.8ft,0.05s
4.19.2026 22:22:04,T0,T1,2.8ft,0.05s
4.19.2026 22:22:04,T0,T1,2.8ft,0.05s
4.19.2026 22:22:04,T0,T1,2.8ft,0.05s
4.19.2026 22:22:04,T0,T1,2.8ft,0.05s
4.19.2026 22:22:04,T0,T1,2.8ft,0.05s
4.19.2026 22:22:04,T0,T1,2.8ft,0.05s
4.19.2026 22:22:04,T0,T1,2.9ft,0.06s
4.19.2026 22:22:05,T0,T1,2.9ft,0.05s
4.19.2026 22:22:05,T0,T1,2.9ft,0.05s
4.19.2026 22:22:05,T0,T1,2.9ft,0.05s
4.19.2026 22:22:05,T0,T1,2.9ft,0.05s
4.19.2026 22:22:05,T0,T1,2.9ft,0.05s
4.19.2026 22:22:05,T0,T1,2.9ft,0.05s
4.19.2026 22:22:05,T0,T1,3.0ft,0.05s
4.19.2026 22:22:05,T0,T1,3.0ft,0.05s
4.19.2026 22:22:05,T0,T1,3.0ft,0.05s
4.19.2026 22:22:05,T0,T1,3.1ft,0.05s
4.19.2026 22:22:05,T0,T1,3.1ft,0.05s
4.19.2026 22:22:05,T0,T1,3.1ft,0.05s
4.19.2026 22:22:05,T0,T1,3.2ft,0.05s
4.19.2026 22:22:05,T0,T1,3.1ft,0.05s
4.19.2026 22:22:05,T0,T1,3.2ft,0.05s
4.19.2026 22:22:05,T0,T1,3.3ft,0.05s
4.19.2026 22:22:05,T0,T1,3.4ft,0.05s
4.19.2026 22:22:05,T0,T1,3.4ft,0.05s
4.19.2026 22:22:05,T0,T1,3.5ft,0.05s
4.19.2026 22:22:06,T0,T1,3.5ft,0.05s
4.19.2026 22:22:06,T0,T1,3.5ft,0.05s
4.19.2026 22:22:06,T0,T1,3.4ft,0.05s
4.19.2026 22:22:06,T0,T1,3.4ft,0.05s
4.19.2026 22:22:06,T0,T1,3.3ft,0.05s
4.19.2026 22:22:06,T0,T1,3.3ft,0.05s
4.19.2026 22:22:06,T0,T1,3.2ft,0.05s
4.19.2026 22:22:06,T0,T1,3.2ft,0.05s
4.19.2026 22:22:06,T0,T1,3.2ft,0.05s
4.19.2026 22:22:06,T0,T1,3.1ft,0.05s
4.19.2026 22:22:06,T0,T1,3.0ft,0.05s
4.19.2026 22:22:06,T0,T1,3.0ft,0.05s
4.19.2026 22:22:06,T0,T1,3.1ft,0.05s
4.19.2026 22:22:06,T0,T1,3.1ft,0.05s
4.19.2026 22:22:06,T0,T1,3.1ft,0.05s
4.19.2026 22:22:06,T0,T1,3.2ft,0.05s
4.19.2026 22:22:06,T0,T1,3.3ft,0.05s
4.19.2026 22:22:06,T0,T1,3.4ft,0.05s
4.19.2026 22:22:06,T0,T1,3.4ft,0.05s
4.19.2026 22:22:06,T0,T1,3.4ft,0.05s
4.19.2026 22:22:07,T0,T1,3.5ft,0.05s
4.19.2026 22:22:07,T0,T1,3.6ft,0.05s
4.19.2026 22:22:07,T0,T1,3.8ft,0.05s
4.19.2026 22:22:07,T0,T1,4.0ft,0.05s
4.19.2026 22:22:07,T0,T1,4.1ft,0.05s
4.19.2026 22:22:07,T0,T1,4.1ft,0.05s
4.19.2026 22:22:07,T0,T1,4.1ft,0.05s
4.19.2026 22:22:07,T0,T1,4.1ft,0.05s
4.19.2026 22:22:07,T0,T1,4.0ft,0.05s
4.19.2026 22:22:07,T0,T1,3.8ft,0.05s
4.19.2026 22:22:07,T0,T1,3.8ft,0.05s
4.19.2026 22:22:07,T0,T1,3.7ft,0.05s
4.19.2026 22:22:07,T0,T1,3.7ft,0.05s
4.19.2026 22:22:07,T0,T1,3.7ft,0.05s
4.19.2026 22:22:07,T0,T1,3.7ft,0.05s
4.19.2026 22:22:07,T0,T1,3.6ft,0.05s
4.19.2026 22:22:07,T0,T1,3.5ft,0.05s
4.19.2026 22:22:07,T0,T1,3.5ft,0.05s
4.19.2026 22:22:07,T0,T1,3.4ft,0.05s
4.19.2026 22:22:08,T0,T1,3.3ft,0.05s
4.19.2026 22:22:08,T0,T1,3.2ft,0.05s
4.19.2026 22:22:08,T0,T1,3.1ft,0.05s
4.19.2026 22:22:08,T0,T1,3.0ft,0.05s
4.19.2026 22:22:08,T0,T1,3.0ft,0.05s
4.19.2026 22:22:08,T0,T1,2.9ft,0.05s
4.19.2026 22:22:08,T0,T1,2.9ft,0.05s
4.19.2026 22:22:08,T0,T1,2.9ft,0.05s
4.19.2026 22:22:08,T0,T1,2.8ft,0.05s
4.19.2026 22:22:08,T0,T1,2.8ft,0.05s
4.19.2026 22:22:08,T0,T1,2.8ft,0.05s
4.19.2026 22:22:08,T0,T1,2.7ft,0.05s
4.19.2026 22:22:08,T0,T1,2.7ft,0.05s
4.19.2026 22:22:08,T0,T1,2.7ft,0.05s
4.19.2026 22:22:08,T0,T1,2.7ft,0.05s
4.19.2026 22:22:08,T0,T1,2.7ft,0.05s
4.19.2026 22:22:08,T0,T1,2.7ft,0.05s
4.19.2026 22:22:08,T0,T1,2.7ft,0.05s
4.19.2026 22:22:08,T0,T1,2.6ft,0.05s
4.19.2026 22:22:08,T0,T1,2.6ft,0.05s
4.19.2026 22:22:09,T0,T1,2.6ft,0.05s
4.19.2026 22:22:09,T0,T1,2.6ft,0.05s
4.19.2026 22:22:09,T0,T1,2.6ft,0.05s
4.19.2026 22:22:09,T0,T1,2.6ft,0.05s
4.19.2026 22:22:09,T0,T1,2.6ft,0.05s
4.19.2026 22:22:09,T0,T1,2.6ft,0.05s
4.19.2026 22:22:09,T0,T1,2.6ft,0.05s
4.19.2026 22:22:09,T0,T1,2.6ft,0.05s
4.19.2026 22:22:09,T0,T1,2.6ft,0.05s
4.19.2026 22:22:09,T0,T1,2.6ft,0.05s
4.19.2026 22:22:09,T0,T1,2.6ft,0.05s
4.19.2026 22:22:09,T0,T1,2.6ft,0.05s
4.19.2026 22:22:09,T0,T1,2.6ft,0.05s
4.19.2026 22:22:09,T0,T1,2.6ft,0.05s
4.19.2026 22:22:09,T0,T1,2.6ft,0.05s
4.19.2026 22:22:09,T0,T1,2.6ft,0.05s
4.19.2026 22:22:09,T0,T1,2.6ft,0.05s
4.19.2026 22:22:09,T0,T1,2.6ft,0.05s
4.19.2026 22:22:09,T0,T1,2.6ft,0.05s
4.19.2026 22:22:09,T0,T1,2.6ft,0.05s
4.19.2026 22:22:10,T0,T1,2.6ft,0.05s
4.19.2026 22:22:10,T0,T1,2.6ft,0.05s
4.19.2026 22:22:10,T0,T1,2.6ft,0.05s
4.19.2026 22:22:10,T0,T1,2.6ft,0.05s
4.19.2026 22:22:10,T0,T1,2.6ft,0.05s
4.19.2026 22:22:10,T0,T1,2.6ft,0.05s
4.19.2026 22:22:10,T0,T1,2.6ft,0.05s
4.19.2026 22:22:10,T0,T1,2.6ft,0.05s
4.19.2026 22:22:10,T0,T1,2.6ft,0.05s
4.19.2026 22:22:10,T0,T1,2.6ft,0.05s
4.19.2026 22:22:10,T0,T1,2.6ft,0.05s
4.19.2026 22:22:10,T0,T1,2.7ft,0.05s
4.19.2026 22:22:10,T0,T1,2.8ft,0.05s
4.19.2026 22:22:10,T0,T1,2.9ft,0.05s
4.19.2026 22:22:10,T0,T1,2.9ft,0.05s
4.19.2026 22:22:10,T0,T1,2.9ft,0.05s
4.19.2026 22:22:10,T0,T1,2.9ft,0.05s
4.19.2026 22:22:10,T0,T1,2.8ft,0.05s
4.19.2026 22:22:10,T0,T1,2.8ft,0.05s
4.19.2026 22:22:11,T0,T1,2.8ft,0.05s
4.19.2026 22:22:11,T0,T1,2.8ft,0.05s
4.19.2026 22:22:11,T0,T1,2.8ft,0.05s
4.19.2026 22:22:11,T0,T1,2.8ft,0.05s
4.19.2026 22:22:11,T0,T1,2.8ft,0.05s
4.19.2026 22:22:11,T0,T1,2.8ft,0.05s
4.19.2026 22:22:11,T0,T1,2.8ft,0.05s
4.19.2026 22:22:11,T0,T1,2.8ft,0.05s
4.19.2026 22:22:11,T0,T1,2.8ft,0.05s
4.19.2026 22:22:11,T0,T1,2.8ft,0.05s
4.19.2026 22:22:11,T0,T1,2.8ft,0.05s
4.19.2026 22:22:11,T0,T1,2.7ft,0.05s
4.19.2026 22:22:11,T0,T1,2.7ft,0.05s
4.19.2026 22:22:11,T0,T1,2.7ft,0.05s
4.19.2026 22:22:11,T0,T1,2.7ft,0.05s
4.19.2026 22:22:11,T0,T1,2.7ft,0.05s
4.19.2026 22:22:11,T0,T1,2.7ft,0.05s
4.19.2026 22:22:11,T0,T1,2.7ft,0.05s
4.19.2026 22:22:11,T0,T1,2.8ft,0.05s
4.19.2026 22:22:11,T0,T1,2.8ft,0.05s
4.19.2026 22:22:12,T0,T1,2.8ft,0.05s
4.19.2026 22:22:12,T0,T1,2.8ft,0.05s
4.19.2026 22:22:12,T0,T1,2.8ft,0.05s
4.19.2026 22:22:12,T0,T1,2.8ft,0.05s
4.19.2026 22:22:12,T0,T1,2.8ft,0.05s
4.19.2026 22:22:12,T0,T1,2.8ft,0.05s
4.19.2026 22:22:12,T0,T1,2.8ft,0.05s
4.19.2026 22:22:12,T0,T1,2.8ft,0.05s
4.19.2026 22:22:12,T0,T1,2.8ft,0.05s
4.19.2026 22:22:12,T0,T1,2.8ft,0.05s
4.19.2026 22:22:12,T0,T1,2.8ft,0.05s
4.19.2026 22:22:12,T0,T1,2.7ft,0.05s
4.19.2026 22:22:12,T0,T1,2.7ft,0.05s
4.19.2026 22:22:12,T0,T1,2.7ft,0.05s
4.19.2026 22:22:12,T0,T1,2.7ft,0.05s
4.19.2026 22:22:12,T0,T1,2.6ft,0.05s
4.19.2026 22:22:12,T0,T1,2.6ft,0.05s
4.19.2026 22:22:12,T0,T1,2.6ft,0.06s
4.19.2026 22:22:12,T0,T1,2.6ft,0.05s
4.19.2026 22:22:12,T0,T1,2.6ft,0.05s
4.19.2026 22:22:13,T0,T1,2.7ft,0.05s
4.19.2026 22:22:13,T0,T1,2.7ft,0.05s
4.19.2026 22:22:13,T0,T1,2.8ft,0.05s
4.19.2026 22:22:13,T0,T1,2.9ft,0.05s
4.19.2026 22:22:13,T0,T1,2.9ft,0.05s
4.19.2026 22:22:13,T0,T1,2.9ft,0.05s
4.19.2026 22:22:13,T0,T1,2.9ft,0.05s
4.19.2026 22:22:13,T0,T1,2.9ft,0.05s
4.19.2026 22:22:13,T0,T1,2.9ft,0.05s
4.19.2026 22:22:13,T0,T1,2.9ft,0.05s
4.19.2026 22:22:13,T0,T1,2.9ft,0.05s
4.19.2026 22:22:13,T0,T1,2.9ft,0.05s
4.19.2026 22:22:13,T0,T1,2.9ft,0.05s
4.19.2026 22:22:13,T0,T1,2.9ft,0.05s
4.19.2026 22:22:13,T0,T1,2.8ft,0.05s
4.19.2026 22:22:13,T0,T1,2.8ft,0.05s
4.19.2026 22:22:13,T0,T1,2.8ft,0.05s
4.19.2026 22:22:13,T0,T1,2.8ft,0.05s
4.19.2026 22:22:13,T0,T1,2.7ft,0.05s
4.19.2026 22:22:14,T0,T1,2.7ft,0.05s
4.19.2026 22:22:14,T0,T1,2.7ft,0.05s
4.19.2026 22:22:14,T0,T1,2.7ft,0.05s
4.19.2026 22:22:14,T0,T1,2.7ft,0.06s
4.19.2026 22:22:14,T0,T1,2.7ft,0.05s
4.19.2026 22:22:14,T0,T1,2.7ft,0.05s
4.19.2026 22:22:14,T0,T1,2.7ft,0.05s
4.19.2026 22:22:14,T0,T1,2.6ft,0.05s
4.19.2026 22:22:14,T0,T1,2.6ft,0.05s
4.19.2026 22:22:14,T0,T1,2.6ft,0.05s
4.19.2026 22:22:14,T0,T1,2.6ft,0.05s
4.19.2026 22:22:14,T0,T1,2.6ft,0.05s
4.19.2026 22:22:14,T0,T1,2.6ft,0.05s
4.19.2026 22:22:14,T0,T1,2.6ft,0.05s
4.19.2026 22:22:14,T0,T1,2.6ft,0.06s
4.19.2026 22:22:14,T0,T1,2.6ft,0.05s
4.19.2026 22:22:14,T0,T1,2.6ft,0.05s
4.19.2026 22:22:14,T0,T1,2.6ft,0.05s
4.19.2026 22:22:14,T0,T1,2.6ft,0.05s
4.19.2026 22:22:14,T0,T1,2.6ft,0.05s
4.19.2026 22:22:15,T0,T1,2.6ft,0.05s
4.19.2026 22:22:15,T0,T1,2.5ft,0.05s
4.19.2026 22:22:15,T0,T1,2.5ft,0.05s
4.19.2026 22:22:15,T0,T1,2.5ft,0.05s
4.19.2026 22:22:15,T0,T1,2.5ft,0.05s
4.19.2026 22:22:15,T0,T1,2.6ft,0.05s
4.19.2026 22:22:15,T0,T1,2.6ft,0.05s
4.19.2026 22:22:15,T0,T1,2.6ft,0.05s
4.19.2026 22:22:15,T0,T1,2.6ft,0.05s
4.19.2026 22:22:15,T0,T1,2.6ft,0.05s
4.19.2026 22:22:15,T0,T1,2.6ft,0.05s
4.19.2026 22:22:15,T0,T1,2.6ft,0.05s
4.19.2026 22:22:15,T0,T1,2.6ft,0.05s
4.19.2026 22:22:15,T0,T1,2.6ft,0.05s
4.19.2026 22:22:15,T0,T1,2.6ft,0.05s
4.19.2026 22:22:15,T0,T1,2.6ft,0.06s
4.19.2026 22:22:15,T0,T1,2.6ft,0.05s
4.19.2026 22:22:15,T0,T1,2.6ft,0.05s
4.19.2026 22:22:16,T0,T1,2.6ft,0.05s
4.19.2026 22:22:16,T0,T1,2.6ft,0.05s
4.19.2026 22:22:16,T0,T1,2.6ft,0.05s
4.19.2026 22:22:16,T0,T1,2.6ft,0.05s
4.19.2026 22:22:16,T0,T1,2.6ft,0.05s
4.19.2026 22:22:16,T0,T1,2.6ft,0.05s
4.19.2026 22:22:16,T0,T1,2.6ft,0.05s
4.19.2026 22:22:16,T0,T1,2.6ft,0.05s
4.19.2026 22:22:16,T0,T1,2.6ft,0.05s
4.19.2026 22:22:16,T0,T1,2.7ft,0.05s
4.19.2026 22:22:16,T0,T1,2.7ft,0.05s
4.19.2026 22:22:16,T0,T1,2.7ft,0.05s
4.19.2026 22:22:16,T0,T1,2.8ft,0.05s
4.19.2026 22:22:16,T0,T1,2.8ft,0.05s
4.19.2026 22:22:16,T0,T1,2.9ft,0.05s
4.19.2026 22:22:16,T0,T1,2.9ft,0.05s
4.19.2026 22:22:16,T0,T1,2.9ft,0.05s
4.19.2026 22:22:16,T0,T1,2.9ft,0.05s
4.19.2026 22:22:16,T0,T1,2.9ft,0.05s
4.19.2026 22:22:16,T0,T1,3.0ft,0.05s
4.19.2026 22:22:17,T0,T1,3.0ft,0.05s
4.19.2026 22:22:17,T0,T1,3.1ft,0.05s
4.19.2026 22:22:17,T0,T1,3.3ft,0.06s
4.19.2026 22:22:17,T0,T1,3.3ft,0.05s
4.19.2026 22:22:17,T0,T1,3.4ft,0.05s
4.19.2026 22:22:17,T0,T1,3.3ft,0.05s
4.19.2026 22:22:17,T0,T1,3.3ft,0.05s
4.19.2026 22:22:17,T0,T1,3.2ft,0.05s
4.19.2026 22:22:17,T0,T1,3.2ft,0.05s
4.19.2026 22:22:17,T0,T1,3.2ft,0.05s
4.19.2026 22:22:17,T0,T1,3.1ft,0.05s
4.19.2026 22:22:17,T0,T1,3.1ft,0.05s
4.19.2026 22:22:17,T0,T1,3.0ft,0.05s
4.19.2026 22:22:17,T0,T1,2.9ft,0.05s
4.19.2026 22:22:17,T0,T1,3.0ft,0.05s
4.19.2026 22:22:17,T0,T1,3.1ft,0.05s
4.19.2026 22:22:17,T0,T1,3.1ft,0.06s
4.19.2026 22:22:17,T0,T1,3.0ft,0.05s
4.19.2026 22:22:17,T0,T1,3.0ft,0.05s
4.19.2026 22:22:18,T0,T1,3.0ft,0.05s
4.19.2026 22:22:18,T0,T1,2.9ft,0.05s
4.19.2026 22:22:18,T0,T1,2.9ft,0.05s
4.19.2026 22:22:18,T0,T1,2.9ft,0.05s
4.19.2026 22:22:18,T0,T1,2.9ft,0.05s
4.19.2026 22:22:18,T0,T1,2.8ft,0.05s
4.19.2026 22:22:18,T0,T1,2.8ft,0.05s
4.19.2026 22:22:18,T0,T1,2.8ft,0.05s
4.19.2026 22:22:18,T0,T1,2.7ft,0.05s
4.19.2026 22:22:18,T0,T1,2.7ft,0.05s
4.19.2026 22:22:18,T0,T1,2.7ft,0.05s
4.19.2026 22:22:18,T0,T1,2.7ft,0.05s
4.19.2026 22:22:18,T0,T1,2.6ft,0.05s
4.19.2026 22:22:18,T0,T1,2.7ft,0.05s
4.19.2026 22:22:18,T0,T1,2.8ft,0.05s
4.19.2026 22:22:18,T0,T1,2.9ft,0.05s
4.19.2026 22:22:18,T0,T1,2.9ft,0.05s
4.19.2026 22:22:18,T0,T1,2.9ft,0.05s
4.19.2026 22:22:18,T0,T1,2.8ft,0.05s
4.19.2026 22:22:18,T0,T1,2.7ft,0.05s
4.19.2026 22:22:19,T0,T1,2.7ft,0.05s
4.19.2026 22:22:19,T0,T1,2.6ft,0.05s
4.19.2026 22:22:19,T0,T1,2.6ft,0.05s
4.19.2026 22:22:19,T0,T1,2.5ft,0.05s
4.19.2026 22:22:19,T0,T1,2.6ft,0.05s
4.19.2026 22:22:19,T0,T1,2.6ft,0.05s
4.19.2026 22:22:19,T0,T1,2.6ft,0.05s
4.19.2026 22:22:19,T0,T1,2.7ft,0.05s
4.19.2026 22:22:19,T0,T1,2.8ft,0.05s
4.19.2026 22:22:19,T0,T1,2.9ft,0.05s
4.19.2026 22:22:19,T0,T1,2.9ft,0.05s
4.19.2026 22:22:19,T0,T1,3.0ft,0.05s
4.19.2026 22:22:19,T0,T1,3.1ft,0.05s
4.19.2026 22:22:19,T0,T1,3.1ft,0.06s
4.19.2026 22:22:19,T0,T1,3.1ft,0.05s
4.19.2026 22:22:19,T0,T1,3.4ft,0.05s
4.19.2026 22:22:19,T0,T1,4.6ft,0.05s
4.19.2026 22:22:19,T0,T1,4.1ft,0.05s
4.19.2026 22:22:19,T0,T1,3.8ft,0.05s
4.19.2026 22:22:19,T0,T1,3.5ft,0.05s
4.19.2026 22:22:20,T0,T1,3.3ft,0.05s
4.19.2026 22:22:20,T0,T1,3.1ft,0.05s
4.19.2026 22:22:20,T0,T1,3.0ft,0.05s
4.19.2026 22:22:20,T0,T1,2.9ft,0.05s
4.19.2026 22:22:20,T0,T1,2.8ft,0.05s
4.19.2026 22:22:20,T0,T1,2.8ft,0.05s
4.19.2026 22:22:20,T0,T1,2.7ft,0.05s
4.19.2026 22:22:20,T0,T1,2.7ft,0.05s
4.19.2026 22:22:20,T0,T1,2.7ft,0.05s
4.19.2026 22:22:20,T0,T1,2.7ft,0.05s
4.19.2026 22:22:20,T0,T1,2.7ft,0.05s
4.19.2026 22:22:20,T0,T1,2.7ft,0.05s
4.19.2026 22:22:20,T0,T1,2.7ft,0.05s
4.19.2026 22:22:20,T0,T1,2.7ft,0.05s
4.19.2026 22:22:20,T0,T1,2.7ft,0.05s
4.19.2026 22:22:20,T0,T1,2.7ft,0.05s
4.19.2026 22:22:20,T0,T1,2.7ft,0.05s
4.19.2026 22:22:20,T0,T1,2.7ft,0.05s
4.19.2026 22:22:20,T0,T1,2.8ft,0.06s
4.19.2026 22:22:21,T0,T1,2.8ft,0.05s
4.19.2026 22:22:21,T0,T1,2.8ft,0.05s
4.19.2026 22:22:21,T0,T1,2.8ft,0.05s
4.19.2026 22:22:21,T0,T1,2.8ft,0.05s
4.19.2026 22:22:21,T0,T1,2.8ft,0.05s
4.19.2026 22:22:21,T0,T1,2.8ft,0.05s
4.19.2026 22:22:21,T0,T1,2.8ft,0.05s
4.19.2026 22:22:21,T0,T1,2.8ft,0.05s
4.19.2026 22:22:21,T0,T1,2.7ft,0.05s
4.19.2026 22:22:21,T0,T1,2.7ft,0.05s
4.19.2026 22:22:21,T0,T1,2.7ft,0.05s
4.19.2026 22:22:21,T0,T1,2.7ft,0.05s
4.19.2026 22:22:21,T0,T1,2.7ft,0.05s
4.19.2026 22:22:21,T0,T1,2.7ft,0.05s
4.19.2026 22:22:21,T0,T1,2.7ft,0.05s
4.19.2026 22:22:21,T0,T1,2.7ft,0.05s
4.19.2026 22:22:21,T0,T1,2.7ft,0.05s
4.19.2026 22:22:21,T0,T1,2.7ft,0.05s
4.19.2026 22:22:21,T0,T1,2.7ft,0.05s
4.19.2026 22:22:21,T0,T1,2.7ft,0.05s
4.19.2026 22:22:22,T0,T1,2.7ft,0.05s
4.19.2026 22:22:22,T0,T1,2.8ft,0.06s
4.19.2026 22:22:22,T0,T1,2.8ft,0.05s
4.19.2026 22:22:22,T0,T1,2.8ft,0.05s
4.19.2026 22:22:22,T0,T1,2.9ft,0.05s
4.19.2026 22:22:22,T0,T1,2.9ft,0.05s
4.19.2026 22:22:22,T0,T1,2.8ft,0.05s
4.19.2026 22:22:22,T0,T1,2.8ft,0.05s
4.19.2026 22:22:22,T0,T1,2.8ft,0.05s
4.19.2026 22:22:22,T0,T1,2.8ft,0.05s
4.19.2026 22:22:22,T0,T1,2.8ft,0.05s
4.19.2026 22:22:22,T0,T1,2.8ft,0.05s
4.19.2026 22:22:22,T0,T1,2.8ft,0.05s
4.19.2026 22:22:22,T0,T1,2.8ft,0.05s
4.19.2026 22:22:22,T0,T1,2.7ft,0.05s
4.19.2026 22:22:22,T0,T1,2.8ft,0.05s
4.19.2026 22:22:22,T0,T1,2.8ft,0.05s
4.19.2026 22:22:22,T0,T1,2.9ft,0.05s
4.19.2026 22:22:22,T0,T1,2.9ft,0.05s
4.19.2026 22:22:23,T0,T1,2.9ft,0.05s
4.19.2026 22:22:23,T0,T1,2.9ft,0.05s
4.19.2026 22:22:23,T0,T1,2.9ft,0.05s
4.19.2026 22:22:23,T0,T1,2.9ft,0.05s
4.19.2026 22:22:23,T0,T1,2.9ft,0.05s
4.19.2026 22:22:23,T0,T1,2.9ft,0.05s
4.19.2026 22:22:23,T0,T1,2.9ft,0.05s
4.19.2026 22:22:23,T0,T1,2.8ft,0.05s
4.19.2026 22:22:23,T0,T1,2.8ft,0.05s
4.19.2026 22:22:23,T0,T1,2.8ft,0.05s
4.19.2026 22:22:23,T0,T1,2.8ft,0.05s
4.19.2026 22:22:23,T0,T1,2.7ft,0.05s
4.19.2026 22:22:23,T0,T1,2.7ft,0.05s
4.19.2026 22:22:23,T0,T1,2.7ft,0.05s
4.19.2026 22:22:23,T0,T1,2.7ft,0.05s
4.19.2026 22:22:23,T0,T1,2.7ft,0.05s
4.19.2026 22:22:23,T0,T1,2.7ft,0.05s
4.19.2026 22:22:23,T0,T1,2.7ft,0.05s
4.19.2026 22:22:23,T0,T1,2.7ft,0.05s
4.19.2026 22:22:23,T0,T1,2.7ft,0.05s
4.19.2026 22:22:24,T0,T1,2.8ft,0.05s
4.19.2026 22:22:24,T0,T1,2.8ft,0.05s
4.19.2026 22:22:24,T0,T1,2.8ft,0.05s
4.19.2026 22:22:24,T0,T1,2.9ft,0.05s
4.19.2026 22:22:24,T0,T1,3.0ft,0.05s
4.19.2026 22:22:24,T0,T1,3.0ft,0.05s
4.19.2026 22:22:24,T0,T1,3.0ft,0.05s
4.19.2026 22:22:24,T0,T1,3.0ft,0.05s
4.19.2026 22:22:24,T0,T1,3.1ft,0.05s
4.19.2026 22:22:24,T0,T1,3.1ft,0.05s
4.19.2026 22:22:24,T0,T1,3.0ft,0.05s
4.19.2026 22:22:24,T0,T1,3.1ft,0.05s
4.19.2026 22:22:24,T0,T1,3.0ft,0.05s
4.19.2026 22:22:24,T0,T1,3.0ft,0.05s
4.19.2026 22:22:24,T0,T1,3.0ft,0.05s
4.19.2026 22:22:24,T0,T1,2.9ft,0.05s
4.19.2026 22:22:24,T0,T1,2.9ft,0.05s
4.19.2026 22:22:24,T0,T1,2.9ft,0.05s
4.19.2026 22:22:24,T0,T1,2.8ft,0.05s
4.19.2026 22:22:24,T0,T1,2.8ft,0.05s
4.19.2026 22:22:25,T0,T1,2.7ft,0.05s
4.19.2026 22:22:25,T0,T1,2.7ft,0.05s
4.19.2026 22:22:25,T0,T1,2.7ft,0.05s
4.19.2026 22:22:25,T0,T1,2.7ft,0.05s
4.19.2026 22:22:25,T0,T1,2.6ft,0.05s
4.19.2026 22:22:25,T0,T1,2.7ft,0.05s
4.19.2026 22:22:25,T0,T1,2.7ft,0.05s
4.19.2026 22:22:25,T0,T1,2.7ft,0.05s
4.19.2026 22:22:25,T0,T1,2.7ft,0.05s
4.19.2026 22:22:25,T0,T1,2.7ft,0.05s
4.19.2026 22:22:25,T0,T1,2.7ft,0.05s
4.19.2026 22:22:25,T0,T1,2.7ft,0.05s
4.19.2026 22:22:25,T0,T1,2.7ft,0.05s
4.19.2026 22:22:25,T0,T1,2.7ft,0.05s
4.19.2026 22:22:25,T0,T1,2.8ft,0.05s
4.19.2026 22:22:25,T0,T1,2.9ft,0.05s
4.19.2026 22:22:25,T0,T1,3.0ft,0.05s
4.19.2026 22:22:25,T0,T1,3.0ft,0.05s
4.19.2026 22:22:25,T0,T1,3.1ft,0.05s
4.19.2026 22:22:26,T0,T1,3.1ft,0.05s
4.19.2026 22:22:26,T0,T1,3.1ft,0.05s
4.19.2026 22:22:26,T0,T1,3.2ft,0.05s
4.19.2026 22:22:26,T0,T1,3.2ft,0.05s
4.19.2026 22:22:26,T0,T1,3.2ft,0.05s
4.19.2026 22:22:26,T0,T1,3.2ft,0.05s
4.19.2026 22:22:26,T0,T1,3.2ft,0.05s
4.19.2026 22:22:26,T0,T1,3.2ft,0.05s
4.19.2026 22:22:26,T0,T1,3.1ft,0.05s
4.19.2026 22:22:26,T0,T1,3.1ft,0.05s
4.19.2026 22:22:26,T0,T1,3.0ft,0.05s
4.19.2026 22:22:26,T0,T1,3.0ft,0.05s
4.19.2026 22:22:26,T0,T1,2.9ft,0.05s
4.19.2026 22:22:26,T0,T1,2.9ft,0.05s
4.19.2026 22:22:26,T0,T1,2.8ft,0.06s
4.19.2026 22:22:26,T0,T1,2.8ft,0.05s
4.19.2026 22:22:26,T0,T1,2.8ft,0.05s
4.19.2026 22:22:26,T0,T1,2.7ft,0.05s
4.19.2026 22:22:26,T0,T1,2.7ft,0.05s
4.19.2026 22:22:26,T0,T1,2.7ft,0.05s
4.19.2026 22:22:27,T0,T1,2.7ft,0.05s
4.19.2026 22:22:27,T0,T1,2.7ft,0.05s
4.19.2026 22:22:27,T0,T1,2.7ft,0.05s
4.19.2026 22:22:27,T0,T1,2.7ft,0.05s
4.19.2026 22:22:27,T0,T1,2.7ft,0.05s
4.19.2026 22:22:27,T0,T1,2.7ft,0.05s
4.19.2026 22:22:27,T0,T1,2.7ft,0.05s
4.19.2026 22:22:27,T0,T1,2.7ft,0.05s
4.19.2026 22:22:27,T0,T1,2.7ft,0.05s
4.19.2026 22:22:27,T0,T1,2.7ft,0.05s
4.19.2026 22:22:27,T0,T1,2.8ft,0.05s
4.19.2026 22:22:27,T0,T1,2.8ft,0.05s
4.19.2026 22:22:27,T0,T1,2.7ft,0.05s
4.19.2026 22:22:27,T0,T1,2.7ft,0.05s
4.19.2026 22:22:27,T0,T1,2.7ft,0.05s
4.19.2026 22:22:27,T0,T1,2.7ft,0.05s
4.19.2026 22:22:27,T0,T1,2.8ft,0.05s
4.19.2026 22:22:27,T0,T1,2.8ft,0.05s
4.19.2026 22:22:27,T0,T1,2.8ft,0.05s
4.19.2026 22:22:28,T0,T1,2.8ft,0.06s
4.19.2026 22:22:28,T0,T1,2.9ft,0.05s
4.19.2026 22:22:28,T0,T1,2.9ft,0.05s
4.19.2026 22:22:28,T0,T1,2.9ft,0.05s
4.19.2026 22:22:28,T0,T1,2.8ft,0.05s
4.19.2026 22:22:28,T0,T1,2.8ft,0.05s
4.19.2026 22:22:28,T0,T1,2.8ft,0.05s
4.19.2026 22:22:28,T0,T1,2.8ft,0.05s
4.19.2026 22:22:28,T0,T1,2.8ft,0.05s
4.19.2026 22:22:28,T0,T1,2.8ft,0.05s
4.19.2026 22:22:28,T0,T1,2.7ft,0.05s
4.19.2026 22:22:28,T0,T1,2.7ft,0.06s
4.19.2026 22:22:28,T0,T1,2.7ft,0.05s
4.19.2026 22:22:28,T0,T1,2.7ft,0.05s
4.19.2026 22:22:28,T0,T1,2.7ft,0.05s
4.19.2026 22:22:28,T0,T1,2.7ft,0.05s
4.19.2026 22:22:28,T0,T1,2.7ft,0.05s
4.19.2026 22:22:28,T0,T1,2.7ft,0.05s
4.19.2026 22:22:28,T0,T1,2.7ft,0.05s
4.19.2026 22:22:28,T0,T1,2.7ft,0.05s
4.19.2026 22:22:29,T0,T1,2.7ft,0.05s
4.19.2026 22:22:29,T0,T1,2.7ft,0.05s
4.19.2026 22:22:29,T0,T1,2.7ft,0.05s
4.19.2026 22:22:29,T0,T1,2.7ft,0.05s
4.19.2026 22:22:29,T0,T1,2.7ft,0.05s
4.19.2026 22:22:29,T0,T1,2.7ft,0.05s
4.19.2026 22:22:29,T0,T1,2.7ft,0.05s
4.19.2026 22:22:29,T0,T1,2.7ft,0.05s
4.19.2026 22:22:29,T0,T1,2.7ft,0.05s
4.19.2026 22:22:29,T0,T1,2.7ft,0.05s
4.19.2026 22:22:29,T0,T1,2.7ft,0.05s
4.19.2026 22:22:29,T0,T1,2.7ft,0.05s
4.19.2026 22:22:29,T0,T1,2.7ft,0.05s
4.19.2026 22:22:29,T0,T1,2.7ft,0.05s
4.19.2026 22:22:29,T0,T1,2.6ft,0.05s
4.19.2026 22:22:29,T0,T1,2.7ft,0.05s
4.19.2026 22:22:29,T0,T1,2.7ft,0.05s
4.19.2026 22:22:29,T0,T1,2.8ft,0.05s
4.19.2026 22:22:29,T0,T1,2.8ft,0.05s
4.19.2026 22:22:30,T0,T1,2.8ft,0.05s
4.19.2026 22:22:30,T0,T1,2.8ft,0.05s
4.19.2026 22:22:30,T0,T1,2.8ft,0.05s
4.19.2026 22:22:30,T0,T1,2.8ft,0.05s
4.19.2026 22:22:30,T0,T1,2.8ft,0.05s
4.19.2026 22:22:30,T0,T1,2.8ft,0.05s
4.19.2026 22:22:30,T0,T1,2.8ft,0.05s
4.19.2026 22:22:30,T0,T1,2.8ft,0.05s
4.19.2026 22:22:30,T0,T1,2.8ft,0.05s
4.19.2026 22:22:30,T0,T1,2.8ft,0.05s
4.19.2026 22:22:30,T0,T1,2.8ft,0.05s
4.19.2026 22:22:30,T0,T1,2.7ft,0.05s
4.19.2026 22:22:30,T0,T1,2.7ft,0.05s
4.19.2026 22:22:30,T0,T1,2.7ft,0.05s
4.19.2026 22:22:30,T0,T1,2.7ft,0.05s
4.19.2026 22:22:30,T0,T1,2.6ft,0.05s
4.19.2026 22:22:30,T0,T1,2.6ft,0.05s
4.19.2026 22:22:30,T0,T1,2.6ft,0.05s
4.19.2026 22:22:30,T0,T1,2.6ft,0.05s
4.19.2026 22:22:30,T0,T1,2.6ft,0.05s
4.19.2026 22:22:31,T0,T1,2.6ft,0.05s
4.19.2026 22:22:31,T0,T1,2.7ft,0.05s
4.19.2026 22:22:31,T0,T1,2.6ft,0.05s
4.19.2026 22:22:31,T0,T1,2.6ft,0.05s
4.19.2026 22:22:31,T0,T1,2.6ft,0.05s
4.19.2026 22:22:31,T0,T1,2.7ft,0.05s
4.19.2026 22:22:31,T0,T1,2.7ft,0.05s
4.19.2026 22:22:31,T0,T1,2.7ft,0.05s
4.19.2026 22:22:31,T0,T1,2.8ft,0.05s
4.19.2026 22:22:31,T0,T1,2.8ft,0.05s
4.19.2026 22:22:31,T0,T1,2.9ft,0.05s
4.19.2026 22:22:31,T0,T1,2.9ft,0.05s
4.19.2026 22:22:31,T0,T1,2.9ft,0.05s
4.19.2026 22:22:31,T0,T1,2.9ft,0.05s
4.19.2026 22:22:31,T0,T1,2.9ft,0.05s
4.19.2026 22:22:31,T0,T1,2.8ft,0.05s
4.19.2026 22:22:31,T0,T1,2.8ft,0.05s
4.19.2026 22:22:31,T0,T1,2.8ft,0.05s
4.19.2026 22:22:31,T0,T1,2.8ft,0.05s
4.19.2026 22:22:31,T0,T1,2.8ft,0.05s
4.19.2026 22:22:32,T0,T1,2.8ft,0.05s
4.19.2026 22:22:32,T0,T1,2.8ft,0.05s
4.19.2026 22:22:32,T0,T1,2.8ft,0.05s
4.19.2026 22:22:32,T0,T1,2.8ft,0.05s
4.19.2026 22:22:32,T0,T1,2.8ft,0.05s
4.19.2026 22:22:32,T0,T1,2.8ft,0.05s
4.19.2026 22:22:32,T0,T1,2.9ft,0.05s
4.19.2026 22:22:32,T0,T1,2.9ft,0.05s
4.19.2026 22:22:32,T0,T1,2.9ft,0.05s
4.19.2026 22:22:32,T0,T1,2.9ft,0.05s
4.19.2026 22:22:32,T0,T1,2.9ft,0.05s
4.19.2026 22:22:32,T0,T1,2.9ft,0.05s
4.19.2026 22:22:32,T0,T1,2.8ft,0.05s
4.19.2026 22:22:32,T0,T1,2.8ft,0.05s
4.19.2026 22:22:32,T0,T1,2.8ft,0.05s
4.19.2026 22:22:32,T0,T1,2.8ft,0.05s
4.19.2026 22:22:32,T0,T1,2.8ft,0.05s
4.19.2026 22:22:32,T0,T1,2.8ft,0.05s
4.19.2026 22:22:32,T0,T1,2.8ft,0.05s
4.19.2026 22:22:33,T0,T1,2.8ft,0.05s
4.19.2026 22:22:33,T0,T1,2.8ft,0.05s
4.19.2026 22:22:33,T0,T1,2.8ft,0.05s
4.19.2026 22:22:33,T0,T1,2.8ft,0.05s
4.19.2026 22:22:33,T0,T1,2.7ft,0.05s
4.19.2026 22:22:33,T0,T1,2.7ft,0.05s
4.19.2026 22:22:33,T0,T1,2.7ft,0.05s
4.19.2026 22:22:33,T0,T1,2.7ft,0.05s
4.19.2026 22:22:33,T0,T1,2.7ft,0.05s
4.19.2026 22:22:33,T0,T1,2.7ft,0.05s
4.19.2026 22:22:33,T0,T1,2.7ft,0.05s
4.19.2026 22:22:33,T0,T1,2.7ft,0.05s
4.19.2026 22:22:33,T0,T1,2.7ft,0.05s
4.19.2026 22:22:33,T0,T1,2.7ft,0.05s
4.19.2026 22:22:33,T0,T1,2.6ft,0.05s
4.19.2026 22:22:33,T0,T1,2.6ft,0.05s
4.19.2026 22:22:33,T0,T1,2.6ft,0.05s
4.19.2026 22:22:33,T0,T1,2.6ft,0.05s
4.19.2026 22:22:33,T0,T1,2.6ft,0.06s
4.19.2026 22:22:33,T0,T1,2.6ft,0.05s
4.19.2026 22:22:34,T0,T1,2.6ft,0.05s
4.19.2026 22:22:34,T0,T1,2.6ft,0.05s
4.19.2026 22:22:34,T0,T1,2.6ft,0.05s
4.19.2026 22:22:34,T0,T1,2.6ft,0.05s
4.19.2026 22:22:34,T0,T1,2.6ft,0.05s
4.19.2026 22:22:34,T0,T1,2.6ft,0.05s
4.19.2026 22:22:34,T0,T1,2.6ft,0.05s
4.19.2026 22:22:34,T0,T1,2.7ft,0.05s
4.19.2026 22:22:34,T0,T1,2.7ft,0.05s
4.19.2026 22:22:34,T0,T1,2.7ft,0.05s
4.19.2026 22:22:34,T0,T1,2.7ft,0.05s
4.19.2026 22:22:34,T0,T1,2.7ft,0.05s
4.19.2026 22:22:34,T0,T1,2.7ft,0.05s
4.19.2026 22:22:34,T0,T1,2.7ft,0.05s
4.19.2026 22:22:34,T0,T1,2.6ft,0.05s
4.19.2026 22:22:34,T0,T1,2.6ft,0.05s
4.19.2026 22:22:34,T0,T1,2.6ft,0.05s
4.19.2026 22:22:34,T0,T1,2.6ft,0.05s
4.19.2026 22:22:34,T0,T1,2.6ft,0.05s
4.19.2026 22:22:35,T0,T1,2.6ft,0.05s
4.19.2026 22:22:35,T0,T1,2.6ft,0.05s
4.19.2026 22:22:35,T0,T1,2.6ft,0.05s
4.19.2026 22:22:35,T0,T1,2.6ft,0.05s
4.19.2026 22:22:35,T0,T1,2.6ft,0.05s
4.19.2026 22:22:35,T0,T1,2.7ft,0.05s
4.19.2026 22:22:35,T0,T1,2.7ft,0.05s
4.19.2026 22:22:35,T0,T1,2.8ft,0.05s
4.19.2026 22:22:35,T0,T1,2.8ft,0.05s
4.19.2026 22:22:35,T0,T1,2.8ft,0.05s
4.19.2026 22:22:35,T0,T1,2.9ft,0.05s
4.19.2026 22:22:35,T0,T1,2.9ft,0.05s
4.19.2026 22:22:35,T0,T1,2.9ft,0.05s
4.19.2026 22:22:35,T0,T1,2.9ft,0.05s
4.19.2026 22:22:35,T0,T1,2.9ft,0.05s
4.19.2026 22:22:35,T0,T1,2.9ft,0.05s
4.19.2026 22:22:35,T0,T1,2.9ft,0.05s
4.19.2026 22:22:35,T0,T1,2.9ft,0.05s
4.19.2026 22:22:35,T0,T1,2.9ft,0.05s
4.19.2026 22:22:35,T0,T1,3.0ft,0.05s
4.19.2026 22:22:36,T0,T1,3.0ft,0.05s
4.19.2026 22:22:36,T0,T1,3.0ft,0.05s
4.19.2026 22:22:36,T0,T1,3.1ft,0.05s
4.19.2026 22:22:36,T0,T1,3.0ft,0.05s
4.19.2026 22:22:36,T0,T1,3.0ft,0.05s
4.19.2026 22:22:36,T0,T1,3.0ft,0.05s
4.19.2026 22:22:36,T0,T1,2.9ft,0.05s
4.19.2026 22:22:36,T0,T1,2.9ft,0.05s
4.19.2026 22:22:36,T0,T1,2.9ft,0.05s
4.19.2026 22:22:36,T0,T1,2.8ft,0.05s
4.19.2026 22:22:36,T0,T1,2.8ft,0.05s
4.19.2026 22:22:36,T0,T1,2.8ft,0.05s
4.19.2026 22:22:36,T0,T1,2.8ft,0.05s
4.19.2026 22:22:36,T0,T1,2.7ft,0.05s
4.19.2026 22:22:36,T0,T1,2.7ft,0.05s
4.19.2026 22:22:36,T0,T1,2.7ft,0.05s
4.19.2026 22:22:36,T0,T1,2.8ft,0.05s
4.19.2026 22:22:36,T0,T1,2.8ft,0.05s
4.19.2026 22:22:36,T0,T1,2.7ft,0.05s
4.19.2026 22:22:36,T0,T1,2.8ft,0.05s
4.19.2026 22:22:37,T0,T1,2.8ft,0.05s
4.19.2026 22:22:37,T0,T1,2.8ft,0.05s
4.19.2026 22:22:37,T0,T1,2.8ft,0.05s
4.19.2026 22:22:37,T0,T1,2.8ft,0.05s
4.19.2026 22:22:37,T0,T1,2.8ft,0.05s
4.19.2026 22:22:37,T0,T1,2.8ft,0.05s
4.19.2026 22:22:37,T0,T1,2.8ft,0.05s
4.19.2026 22:22:37,T0,T1,2.7ft,0.05s
4.19.2026 22:22:37,T0,T1,2.7ft,0.05s
4.19.2026 22:22:37,T0,T1,2.7ft,0.05s
4.19.2026 22:22:37,T0,T1,2.7ft,0.05s
4.19.2026 22:22:37,T0,T1,2.7ft,0.05s
4.19.2026 22:22:37,T0,T1,2.6ft,0.05s
4.19.2026 22:22:37,T0,T1,2.6ft,0.05s
4.19.2026 22:22:37,T0,T1,2.6ft,0.05s
4.19.2026 22:22:37,T0,T1,2.6ft,0.05s
4.19.2026 22:22:37,T0,T1,2.6ft,0.05s
4.19.2026 22:22:37,T0,T1,2.6ft,0.05s
4.19.2026 22:22:37,T0,T1,2.6ft,0.05s
4.19.2026 22:22:38,T0,T1,2.6ft,0.05s
4.19.2026 22:22:38,T0,T1,2.6ft,0.05s
4.19.2026 22:22:38,T0,T1,2.7ft,0.05s
4.19.2026 22:22:38,T0,T1,2.7ft,0.05s
4.19.2026 22:22:38,T0,T1,2.7ft,0.05s
4.19.2026 22:22:38,T0,T1,2.7ft,0.05s
4.19.2026 22:22:38,T0,T1,2.7ft,0.05s
4.19.2026 22:22:38,T0,T1,2.7ft,0.05s
4.19.2026 22:22:38,T0,T1,2.7ft,0.05s
4.19.2026 22:22:38,T0,T1,2.7ft,0.05s
4.19.2026 22:22:38,T0,T1,2.7ft,0.05s
4.19.2026 22:22:38,T0,T1,2.7ft,0.05s
4.19.2026 22:22:38,T0,T1,2.7ft,0.05s
4.19.2026 22:22:38,T0,T1,2.7ft,0.05s
4.19.2026 22:22:38,T0,T1,2.7ft,0.05s
4.19.2026 22:22:38,T0,T1,2.7ft,0.05s
4.19.2026 22:22:38,T0,T1,2.7ft,0.05s
4.19.2026 22:22:38,T0,T1,2.7ft,0.05s
4.19.2026 22:22:38,T0,T1,2.7ft,0.05s
4.19.2026 22:22:38,T0,T1,2.7ft,0.05s
4.19.2026 22:22:39,T0,T1,2.7ft,0.05s
4.19.2026 22:22:39,T0,T1,2.7ft,0.05s
4.19.2026 22:22:39,T0,T1,2.7ft,0.05s
4.19.2026 22:22:39,T0,T1,2.7ft,0.05s
4.19.2026 22:22:39,T0,T1,2.7ft,0.05s
4.19.2026 22:22:39,T0,T1,2.7ft,0.05s
4.19.2026 22:22:39,T0,T1,2.7ft,0.05s
4.19.2026 22:22:39,T0,T1,2.7ft,0.05s
4.19.2026 22:22:39,T0,T1,2.7ft,0.05s
4.19.2026 22:22:39,T0,T1,2.7ft,0.05s
4.19.2026 22:22:39,T0,T1,2.7ft,0.05s
4.19.2026 22:22:39,T0,T1,2.7ft,0.05s
4.19.2026 22:22:39,T0,T1,2.7ft,0.05s
4.19.2026 22:22:39,T0,T1,2.7ft,0.05s
4.19.2026 22:22:39,T0,T1,2.7ft,0.05s
4.19.2026 22:22:39,T0,T1,2.7ft,0.05s
4.19.2026 22:22:39,T0,T1,2.7ft,0.05s
4.19.2026 22:22:39,T0,T1,2.7ft,0.05s
4.19.2026 22:22:39,T0,T1,2.7ft,0.05s
4.19.2026 22:22:39,T0,T1,2.7ft,0.05s
4.19.2026 22:22:40,T0,T1,2.7ft,0.05s
4.19.2026 22:22:40,T0,T1,2.7ft,0.05s
4.19.2026 22:22:40,T0,T1,2.7ft,0.05s
4.19.2026 22:22:40,T0,T1,2.6ft,0.05s
4.19.2026 22:22:40,T0,T1,2.6ft,0.05s
4.19.2026 22:22:40,T0,T1,2.6ft,0.05s
4.19.2026 22:22:40,T0,T1,2.6ft,0.05s
4.19.2026 22:22:40,T0,T1,2.6ft,0.05s
4.19.2026 22:22:40,T0,T1,2.6ft,0.05s
4.19.2026 22:22:40,T0,T1,2.6ft,0.05s
4.19.2026 22:22:40,T0,T1,2.6ft,0.05s
4.19.2026 22:22:40,T0,T1,2.6ft,0.05s
4.19.2026 22:22:40,T0,T1,2.6ft,0.05s
4.19.2026 22:22:40,T0,T1,2.6ft,0.05s
4.19.2026 22:22:40,T0,T1,2.6ft,0.05s
4.19.2026 22:22:40,T0,T1,2.6ft,0.05s
4.19.2026 22:22:40,T0,T1,2.6ft,0.05s
4.19.2026 22:22:40,T0,T1,2.6ft,0.05s
4.19.2026 22:22:40,T0,T1,2.6ft,0.05s
4.19.2026 22:22:41,T0,T1,2.6ft,0.05s
4.19.2026 22:22:41,T0,T1,2.6ft,0.05s
4.19.2026 22:22:41,T0,T1,2.6ft,0.05s
4.19.2026 22:22:41,T0,T1,2.6ft,0.05s
4.19.2026 22:22:41,T0,T1,2.6ft,0.06s
4.19.2026 22:22:41,T0,T1,2.6ft,0.05s
4.19.2026 22:22:41,T0,T1,2.7ft,0.05s
4.19.2026 22:22:41,T0,T1,2.7ft,0.05s
4.19.2026 22:22:41,T0,T1,2.7ft,0.05s
4.19.2026 22:22:41,T0,T1,2.7ft,0.05s
4.19.2026 22:22:41,T0,T1,2.7ft,0.05s
4.19.2026 22:22:41,T0,T1,2.7ft,0.05s
4.19.2026 22:22:41,T0,T1,2.7ft,0.05s
4.19.2026 22:22:41,T0,T1,2.8ft,0.05s
4.19.2026 22:22:41,T0,T1,2.8ft,0.05s
4.19.2026 22:22:41,T0,T1,2.8ft,0.05s
4.19.2026 22:22:41,T0,T1,2.8ft,0.05s
4.19.2026 22:22:41,T0,T1,2.9ft,0.05s
4.19.2026 22:22:41,T0,T1,2.9ft,0.06s
4.19.2026 22:22:41,T0,T1,2.9ft,0.05s
4.19.2026 22:22:42,T0,T1,2.9ft,0.05s
4.19.2026 22:22:42,T0,T1,2.9ft,0.05s
4.19.2026 22:22:42,T0,T1,2.9ft,0.05s
4.19.2026 22:22:42,T0,T1,2.9ft,0.05s
4.19.2026 22:22:42,T0,T1,2.8ft,0.05s
4.19.2026 22:22:42,T0,T1,2.8ft,0.05s
4.19.2026 22:22:42,T0,T1,2.8ft,0.05s
4.19.2026 22:22:42,T0,T1,2.8ft,0.05s
4.19.2026 22:22:42,T0,T1,2.7ft,0.05s
4.19.2026 22:22:42,T0,T1,2.7ft,0.05s
4.19.2026 22:22:42,T0,T1,2.7ft,0.05s
4.19.2026 22:22:42,T0,T1,2.7ft,0.05s
4.19.2026 22:22:42,T0,T1,2.7ft,0.05s
4.19.2026 22:22:42,T0,T1,2.7ft,0.05s
4.19.2026 22:22:42,T0,T1,2.7ft,0.05s
4.19.2026 22:22:42,T0,T1,2.7ft,0.05s
4.19.2026 22:22:42,T0,T1,2.7ft,0.05s
4.19.2026 22:22:42,T0,T1,2.7ft,0.05s
4.19.2026 22:22:42,T0,T1,2.6ft,0.05s
4.19.2026 22:22:43,T0,T1,2.6ft,0.05s
4.19.2026 22:22:43,T0,T1,2.6ft,0.05s
4.19.2026 22:22:43,T0,T1,2.6ft,0.05s
4.19.2026 22:22:43,T0,T1,2.6ft,0.05s
4.19.2026 22:22:43,T0,T1,2.7ft,0.05s
4.19.2026 22:22:43,T0,T1,2.7ft,0.05s
4.19.2026 22:22:43,T0,T1,2.7ft,0.05s
4.19.2026 22:22:43,T0,T1,2.7ft,0.05s
4.19.2026 22:22:43,T0,T1,2.7ft,0.05s
4.19.2026 22:22:43,T0,T1,2.6ft,0.05s
4.19.2026 22:22:43,T0,T1,2.6ft,0.05s
4.19.2026 22:22:43,T0,T1,2.6ft,0.05s
4.19.2026 22:22:43,T0,T1,2.6ft,0.05s
4.19.2026 22:22:43,T0,T1,2.5ft,0.05s
4.19.2026 22:22:43,T0,T1,2.5ft,0.05s
4.19.2026 22:22:43,T0,T1,2.5ft,0.05s
4.19.2026 22:22:43,T0,T1,2.5ft,0.05s
4.19.2026 22:22:43,T0,T1,2.5ft,0.05s
4.19.2026 22:22:43,T0,T1,2.6ft,0.05s
4.19.2026 22:22:43,T0,T1,2.6ft,0.05s
4.19.2026 22:22:44,T0,T1,2.6ft,0.05s
4.19.2026 22:22:44,T0,T1,2.6ft,0.05s
4.19.2026 22:22:44,T0,T1,2.6ft,0.05s
4.19.2026 22:22:44,T0,T1,2.6ft,0.05s
4.19.2026 22:22:44,T0,T1,2.6ft,0.05s
4.19.2026 22:22:44,T0,T1,2.6ft,0.05s
4.19.2026 22:22:44,T0,T1,2.6ft,0.05s
4.19.2026 22:22:44,T0,T1,2.6ft,0.05s
4.19.2026 22:22:44,T0,T1,2.6ft,0.05s
4.19.2026 22:22:44,T0,T1,2.6ft,0.05s
4.19.2026 22:22:44,T0,T1,2.6ft,0.05s
4.19.2026 22:22:44,T0,T1,2.6ft,0.05s
4.19.2026 22:22:44,T0,T1,2.6ft,0.05s
4.19.2026 22:22:44,T0,T1,2.6ft,0.05s
4.19.2026 22:22:44,T0,T1,2.6ft,0.05s
4.19.2026 22:22:44,T0,T1,2.6ft,0.05s
4.19.2026 22:22:44,T0,T1,2.6ft,0.05s
4.19.2026 22:22:44,T0,T1,2.6ft,0.05s
4.19.2026 22:22:44,T0,T1,2.6ft,0.05s
4.19.2026 22:22:44,T0,T1,2.6ft,0.05s
4.19.2026 22:22:45,T0,T1,2.6ft,0.05s
4.19.2026 22:22:45,T0,T1,2.6ft,0.05s
4.19.2026 22:22:45,T0,T1,2.6ft,0.05s
4.19.2026 22:22:45,T0,T1,2.6ft,0.05s
4.19.2026 22:22:45,T0,T1,2.6ft,0.05s
4.19.2026 22:22:45,T0,T1,2.6ft,0.05s
4.19.2026 22:22:45,T0,T1,2.6ft,0.05s
4.19.2026 22:22:45,T0,T1,2.5ft,0.05s
4.19.2026 22:22:45,T0,T1,2.5ft,0.05s
4.19.2026 22:22:45,T0,T1,2.5ft,0.05s
4.19.2026 22:22:45,T0,T1,2.5ft,0.05s
4.19.2026 22:22:45,T0,T1,2.5ft,0.05s
4.19.2026 22:22:45,T0,T1,2.5ft,0.05s
4.19.2026 22:22:45,T0,T1,2.5ft,0.05s
4.19.2026 22:22:45,T0,T1,2.5ft,0.05s
4.19.2026 22:22:45,T0,T1,2.5ft,0.05s
4.19.2026 22:22:45,T0,T1,2.5ft,0.05s
4.19.2026 22:22:45,T0,T1,2.5ft,0.05s
4.19.2026 22:22:45,T0,T1,2.5ft,0.05s
4.19.2026 22:22:46,T0,T1,2.5ft,0.05s
4.19.2026 22:22:46,T0,T1,2.6ft,0.05s
4.19.2026 22:22:46,T0,T1,2.6ft,0.05s
4.19.2026 22:22:46,T0,T1,2.6ft,0.05s
4.19.2026 22:22:46,T0,T1,2.6ft,0.05s
4.19.2026 22:22:46,T0,T1,2.6ft,0.05s
4.19.2026 22:22:46,T0,T1,2.6ft,0.05s
4.19.2026 22:22:46,T0,T1,2.6ft,0.05s
4.19.2026 22:22:46,T0,T1,2.6ft,0.05s
4.19.2026 22:22:46,T0,T1,2.7ft,0.05s
4.19.2026 22:22:46,T0,T1,2.7ft,0.05s
4.19.2026 22:22:46,T0,T1,2.7ft,0.05s
4.19.2026 22:22:46,T0,T1,2.7ft,0.05s
4.19.2026 22:22:46,T0,T1,2.7ft,0.05s
4.19.2026 22:22:46,T0,T1,2.7ft,0.05s
4.19.2026 22:22:46,T0,T1,2.7ft,0.05s
4.19.2026 22:22:46,T0,T1,2.7ft,0.05s
4.19.2026 22:22:46,T0,T1,2.7ft,0.05s
4.19.2026 22:22:46,T0,T1,2.7ft,0.05s
4.19.2026 22:22:46,T0,T1,2.7ft,0.05s
4.19.2026 22:22:47,T0,T1,2.7ft,0.05s
4.19.2026 22:22:47,T0,T1,2.7ft,0.05s
4.19.2026 22:22:47,T0,T1,2.7ft,0.05s
4.19.2026 22:22:47,T0,T1,2.7ft,0.05s
4.19.2026 22:22:47,T0,T1,2.6ft,0.05s
4.19.2026 22:22:47,T0,T1,2.6ft,0.05s
4.19.2026 22:22:47,T0,T1,2.6ft,0.05s
4.19.2026 22:22:47,T0,T1,2.6ft,0.05s
4.19.2026 22:22:47,T0,T1,2.6ft,0.05s
4.19.2026 22:22:47,T0,T1,2.6ft,0.05s
4.19.2026 22:22:47,T0,T1,2.6ft,0.05s
4.19.2026 22:22:47,T0,T1,2.6ft,0.05s
4.19.2026 22:22:47,T0,T1,2.6ft,0.05s
4.19.2026 22:22:47,T0,T1,2.6ft,0.05s
4.19.2026 22:22:47,T0,T1,2.6ft,0.05s
4.19.2026 22:22:47,T0,T1,2.6ft,0.05s
4.19.2026 22:22:47,T0,T1,2.7ft,0.05s
4.19.2026 22:22:47,T0,T1,2.7ft,0.05s
4.19.2026 22:22:47,T0,T1,2.7ft,0.05s
4.19.2026 22:22:47,T0,T1,2.7ft,0.05s
4.19.2026 22:22:48,T0,T1,2.7ft,0.05s
4.19.2026 22:22:48,T0,T1,2.8ft,0.05s
4.19.2026 22:22:48,T0,T1,2.8ft,0.05s
4.19.2026 22:22:48,T0,T1,2.8ft,0.05s
4.19.2026 22:22:48,T0,T1,2.8ft,0.06s
4.19.2026 22:22:48,T0,T1,2.8ft,0.05s
4.19.2026 22:22:48,T0,T1,2.7ft,0.05s
4.19.2026 22:22:48,T0,T1,2.7ft,0.05s
4.19.2026 22:22:48,T0,T1,2.7ft,0.05s
4.19.2026 22:22:48,T0,T1,2.7ft,0.05s
4.19.2026 22:22:48,T0,T1,2.7ft,0.05s
4.19.2026 22:22:48,T0,T1,2.7ft,0.05s
4.19.2026 22:22:48,T0,T1,2.7ft,0.05s
4.19.2026 22:22:48,T0,T1,2.7ft,0.05s
4.19.2026 22:22:48,T0,T1,2.7ft,0.05s
4.19.2026 22:22:48,T0,T1,2.7ft,0.05s
4.19.2026 22:22:48,T0,T1,2.7ft,0.05s
4.19.2026 22:22:48,T0,T1,2.7ft,0.05s
4.19.2026 22:22:49,T0,T1,2.7ft,0.05s
4.19.2026 22:22:49,T0,T1,2.7ft,0.05s
4.19.2026 22:22:49,T0,T1,2.7ft,0.05s
4.19.2026 22:22:49,T0,T1,2.7ft,0.05s
4.19.2026 22:22:49,T0,T1,2.6ft,0.05s
4.19.2026 22:22:49,T0,T1,2.6ft,0.05s
4.19.2026 22:22:49,T0,T1,2.6ft,0.05s
4.19.2026 22:22:49,T0,T1,2.6ft,0.05s
4.19.2026 22:22:49,T0,T1,2.6ft,0.05s
4.19.2026 22:22:49,T0,T1,2.6ft,0.05s
4.19.2026 22:22:49,T0,T1,2.6ft,0.05s
4.19.2026 22:22:49,T0,T1,2.6ft,0.05s
4.19.2026 22:22:49,T0,T1,2.5ft,0.05s
4.19.2026 22:22:49,T0,T1,2.5ft,0.05s
4.19.2026 22:22:49,T0,T1,2.5ft,0.05s
4.19.2026 22:22:49,T0,T1,2.5ft,0.05s
4.19.2026 22:22:49,T0,T1,2.5ft,0.05s
4.19.2026 22:22:49,T0,T1,2.5ft,0.05s
4.19.2026 22:22:49,T0,T1,2.5ft,0.05s
4.19.2026 22:22:49,T0,T1,2.5ft,0.05s
4.19.2026 22:22:50,T0,T1,2.5ft,0.05s
4.19.2026 22:22:50,T0,T1,2.5ft,0.05s
4.19.2026 22:22:50,T0,T1,2.5ft,0.05s
4.19.2026 22:22:50,T0,T1,2.5ft,0.05s
4.19.2026 22:22:50,T0,T1,2.5ft,0.05s
4.19.2026 22:22:50,T0,T1,2.5ft,0.05s
4.19.2026 22:22:50,T0,T1,2.5ft,0.05s
4.19.2026 22:22:50,T0,T1,2.5ft,0.05s
4.19.2026 22:22:50,T0,T1,2.5ft,0.05s
4.19.2026 22:22:50,T0,T1,2.5ft,0.05s
4.19.2026 22:22:50,T0,T1,2.5ft,0.05s
4.19.2026 22:22:50,T0,T1,2.5ft,0.05s
4.19.2026 22:22:50,T0,T1,2.5ft,0.05s
4.19.2026 22:22:50,T0,T1,2.5ft,0.05s
4.19.2026 22:22:50,T0,T1,2.6ft,0.05s
4.19.2026 22:22:50,T0,T1,2.6ft,0.05s
4.19.2026 22:22:50,T0,T1,2.6ft,0.05s
4.19.2026 22:22:50,T0,T1,2.6ft,0.05s
4.19.2026 22:22:50,T0,T1,2.6ft,0.05s
4.19.2026 22:22:51,T0,T1,2.6ft,0.05s
4.19.2026 22:22:51,T0,T1,2.6ft,0.06s
4.19.2026 22:22:51,T0,T1,2.6ft,0.05s
4.19.2026 22:22:51,T0,T1,2.6ft,0.05s
4.19.2026 22:22:51,T0,T1,2.6ft,0.05s
4.19.2026 22:22:51,T0,T1,2.6ft,0.05s
4.19.2026 22:22:51,T0,T1,2.6ft,0.05s
4.19.2026 22:22:51,T0,T1,2.6ft,0.05s
4.19.2026 22:22:51,T0,T1,2.6ft,0.05s
4.19.2026 22:22:51,T0,T1,2.6ft,0.05s
4.19.2026 22:22:51,T0,T1,2.6ft,0.05s
4.19.2026 22:22:51,T0,T1,2.6ft,0.05s
