Timestamp,Tag1,Tag2,Distance_ft,Delta_s
4.24.2026 20:32:04,T0,T1,5.0ft,0.03s
4.24.2026 20:32:04,T0,T1,5.0ft,0.05s
4.24.2026 20:32:04,T0,T1,5.0ft,0.05s
4.24.2026 20:32:04,T0,T1,5.0ft,0.05s
4.24.2026 20:32:04,T0,T1,5.0ft,0.05s
4.24.2026 20:32:04,T0,T1,5.0ft,0.05s
4.24.2026 20:32:04,T0,T1,5.0ft,0.05s
4.24.2026 20:32:04,T0,T1,5.0ft,0.05s
4.24.2026 20:32:04,T0,T1,5.0ft,0.05s
4.24.2026 20:32:04,T0,T1,5.0ft,0.05s
4.24.2026 20:32:04,T0,T1,5.0ft,0.05s
4.24.2026 20:32:04,T0,T1,5.0ft,0.05s
4.24.2026 20:32:04,T0,T1,5.1ft,0.06s
4.24.2026 20:32:04,T0,T1,5.4ft,0.05s
4.24.2026 20:32:05,T0,T1,5.7ft,0.05s
4.24.2026 20:32:05,T0,T1,5.5ft,0.05s
4.24.2026 20:32:05,T0,T1,5.3ft,0.05s
4.24.2026 20:32:05,T0,T1,5.2ft,0.05s
4.24.2026 20:32:05,T0,T1,5.0ft,0.05s
4.24.2026 20:32:05,T0,T1,5.0ft,0.05s
4.24.2026 20:32:05,T0,T1,5.2ft,0.05s
4.24.2026 20:32:05,T0,T1,5.2ft,0.05s
4.24.2026 20:32:05,T0,T1,5.0ft,0.05s
4.24.2026 20:32:05,T0,T1,5.0ft,0.05s
4.24.2026 20:32:05,T0,T1,5.2ft,0.05s
4.24.2026 20:32:05,T0,T1,5.1ft,0.05s
4.24.2026 20:32:05,T0,T1,5.1ft,0.05s
4.24.2026 20:32:05,T0,T1,5.0ft,0.05s
4.24.2026 20:32:05,T0,T1,5.0ft,0.05s
4.24.2026 20:32:05,T0,T1,5.0ft,0.05s
4.24.2026 20:32:05,T0,T1,5.0ft,0.05s
4.24.2026 20:32:05,T0,T1,5.0ft,0.05s
4.24.2026 20:32:05,T0,T1,5.0ft,0.05s
4.24.2026 20:32:05,T0,T1,5.0ft,0.05s
4.24.2026 20:32:06,T0,T1,5.0ft,0.05s
4.24.2026 20:32:06,T0,T1,5.0ft,0.05s
4.24.2026 20:32:06,T0,T1,5.0ft,0.05s
4.24.2026 20:32:06,T0,T1,5.0ft,0.05s
4.24.2026 20:32:06,T0,T1,5.0ft,0.05s
4.24.2026 20:32:06,T0,T1,5.0ft,0.05s
4.24.2026 20:32:06,T0,T1,5.0ft,0.05s
4.24.2026 20:32:06,T0,T1,5.0ft,0.05s
4.24.2026 20:32:06,T0,T1,5.0ft,0.05s
4.24.2026 20:32:06,T0,T1,5.0ft,0.05s
4.24.2026 20:32:06,T0,T1,5.0ft,0.05s
4.24.2026 20:32:06,T0,T1,5.0ft,0.05s
4.24.2026 20:32:06,T0,T1,5.0ft,0.05s
4.24.2026 20:32:06,T0,T1,5.0ft,0.05s
4.24.2026 20:32:06,T0,T1,5.0ft,0.05s
4.24.2026 20:32:06,T0,T1,5.0ft,0.05s
4.24.2026 20:32:06,T0,T1,5.0ft,0.05s
4.24.2026 20:32:06,T0,T1,5.0ft,0.05s
4.24.2026 20:32:06,T0,T1,5.0ft,0.05s
4.24.2026 20:32:07,T0,T1,5.0ft,0.05s
4.24.2026 20:32:07,T0,T1,5.0ft,0.05s
4.24.2026 20:32:07,T0,T1,5.0ft,0.05s
4.24.2026 20:32:07,T0,T1,5.0ft,0.05s
4.24.2026 20:32:07,T0,T1,5.0ft,0.05s
4.24.2026 20:32:07,T0,T1,5.0ft,0.05s
4.24.2026 20:32:07,T0,T1,5.0ft,0.05s
4.24.2026 20:32:07,T0,T1,5.0ft,0.05s
4.24.2026 20:32:07,T0,T1,5.0ft,0.06s
4.24.2026 20:32:07,T0,T1,4.9ft,0.05s
4.24.2026 20:32:07,T0,T1,4.9ft,0.05s
4.24.2026 20:32:07,T0,T1,4.9ft,0.05s
4.24.2026 20:32:07,T0,T1,4.9ft,0.05s
4.24.2026 20:32:07,T0,T1,4.9ft,0.05s
4.24.2026 20:32:07,T0,T1,4.9ft,0.05s
4.24.2026 20:32:07,T0,T1,4.9ft,0.05s
4.24.2026 20:32:07,T0,T1,5.0ft,0.05s
4.24.2026 20:32:07,T0,T1,5.0ft,0.05s
4.24.2026 20:32:07,T0,T1,5.0ft,0.05s
4.24.2026 20:32:07,T0,T1,5.0ft,0.05s
4.24.2026 20:32:08,T0,T1,5.0ft,0.05s
4.24.2026 20:32:08,T0,T1,5.0ft,0.05s
4.24.2026 20:32:08,T0,T1,5.1ft,0.05s
4.24.2026 20:32:08,T0,T1,5.4ft,0.05s
4.24.2026 20:32:08,T0,T1,5.7ft,0.05s
4.24.2026 20:32:08,T0,T1,5.2ft,0.05s
4.24.2026 20:32:08,T0,T1,5.1ft,0.05s
4.24.2026 20:32:08,T0,T1,5.1ft,0.05s
4.24.2026 20:32:08,T0,T1,5.0ft,0.05s
4.24.2026 20:32:08,T0,T1,5.0ft,0.05s
4.24.2026 20:32:08,T0,T1,5.0ft,0.05s
4.24.2026 20:32:08,T0,T1,5.0ft,0.05s
4.24.2026 20:32:08,T0,T1,5.1ft,0.05s
4.24.2026 20:32:08,T0,T1,5.4ft,0.05s
4.24.2026 20:32:08,T0,T1,5.7ft,0.05s
4.24.2026 20:32:08,T0,T1,5.4ft,0.05s
4.24.2026 20:32:08,T0,T1,5.3ft,0.05s
4.24.2026 20:32:08,T0,T1,5.1ft,0.05s
4.24.2026 20:32:08,T0,T1,5.1ft,0.05s
4.24.2026 20:32:08,T0,T1,5.0ft,0.05s
4.24.2026 20:32:09,T0,T1,5.2ft,0.05s
4.24.2026 20:32:09,T0,T1,5.5ft,0.05s
4.24.2026 20:32:09,T0,T1,5.8ft,0.05s
4.24.2026 20:32:09,T0,T1,5.6ft,0.05s
4.24.2026 20:32:09,T0,T1,5.4ft,0.05s
4.24.2026 20:32:09,T0,T1,5.2ft,0.05s
4.24.2026 20:32:09,T0,T1,5.1ft,0.05s
4.24.2026 20:32:09,T0,T1,5.1ft,0.05s
4.24.2026 20:32:09,T0,T1,5.0ft,0.05s
4.24.2026 20:32:09,T0,T1,5.0ft,0.05s
4.24.2026 20:32:09,T0,T1,5.0ft,0.05s
4.24.2026 20:32:09,T0,T1,5.1ft,0.05s
4.24.2026 20:32:09,T0,T1,5.4ft,0.05s
4.24.2026 20:32:09,T0,T1,5.7ft,0.05s
4.24.2026 20:32:09,T0,T1,6.0ft,0.05s
4.24.2026 20:32:09,T0,T1,5.8ft,0.05s
4.24.2026 20:32:09,T0,T1,5.6ft,0.05s
4.24.2026 20:32:09,T0,T1,5.1ft,0.05s
4.24.2026 20:32:09,T0,T1,4.9ft,0.05s
4.24.2026 20:32:10,T0,T1,4.9ft,0.05s
4.24.2026 20:32:10,T0,T1,4.9ft,0.05s
4.24.2026 20:32:10,T0,T1,5.0ft,0.05s
4.24.2026 20:32:10,T0,T1,5.2ft,0.05s
4.24.2026 20:32:10,T0,T1,5.5ft,0.05s
4.24.2026 20:32:10,T0,T1,5.3ft,0.05s
4.24.2026 20:32:10,T0,T1,5.2ft,0.05s
4.24.2026 20:32:10,T0,T1,5.1ft,0.05s
4.24.2026 20:32:10,T0,T1,5.4ft,0.05s
4.24.2026 20:32:10,T0,T1,5.2ft,0.05s
4.24.2026 20:32:10,T0,T1,5.1ft,0.05s
4.24.2026 20:32:10,T0,T1,5.0ft,0.05s
4.24.2026 20:32:10,T0,T1,5.0ft,0.05s
4.24.2026 20:32:10,T0,T1,5.0ft,0.05s
4.24.2026 20:32:10,T0,T1,5.0ft,0.05s
4.24.2026 20:32:10,T0,T1,5.1ft,0.05s
4.24.2026 20:32:10,T0,T1,5.4ft,0.05s
4.24.2026 20:32:10,T0,T1,5.7ft,0.05s
4.24.2026 20:32:10,T0,T1,6.0ft,0.05s
4.24.2026 20:32:10,T0,T1,6.3ft,0.05s
4.24.2026 20:32:11,T0,T1,5.9ft,0.05s
4.24.2026 20:32:11,T0,T1,5.6ft,0.05s
4.24.2026 20:32:11,T0,T1,5.4ft,0.05s
4.24.2026 20:32:11,T0,T1,5.2ft,0.05s
4.24.2026 20:32:11,T0,T1,5.1ft,0.05s
4.24.2026 20:32:11,T0,T1,5.1ft,0.05s
4.24.2026 20:32:11,T0,T1,5.3ft,0.05s
4.24.2026 20:32:11,T0,T1,5.2ft,0.05s
4.24.2026 20:32:11,T0,T1,5.1ft,0.05s
4.24.2026 20:32:11,T0,T1,5.0ft,0.05s
4.24.2026 20:32:11,T0,T1,5.0ft,0.05s
4.24.2026 20:32:11,T0,T1,5.0ft,0.05s
4.24.2026 20:32:11,T0,T1,4.9ft,0.05s
4.24.2026 20:32:11,T0,T1,4.9ft,0.05s
4.24.2026 20:32:11,T0,T1,4.9ft,0.05s
4.24.2026 20:32:11,T0,T1,4.9ft,0.05s
4.24.2026 20:32:11,T0,T1,4.9ft,0.05s
4.24.2026 20:32:11,T0,T1,4.9ft,0.05s
4.24.2026 20:32:11,T0,T1,5.0ft,0.05s
4.24.2026 20:32:12,T0,T1,5.0ft,0.05s
4.24.2026 20:32:12,T0,T1,5.1ft,0.05s
4.24.2026 20:32:12,T0,T1,5.4ft,0.05s
4.24.2026 20:32:12,T0,T1,5.3ft,0.05s
4.24.2026 20:32:12,T0,T1,5.2ft,0.05s
4.24.2026 20:32:12,T0,T1,5.2ft,0.05s
4.24.2026 20:32:12,T0,T1,5.2ft,0.05s
4.24.2026 20:32:12,T0,T1,5.1ft,0.05s
4.24.2026 20:32:12,T0,T1,5.0ft,0.05s
4.24.2026 20:32:12,T0,T1,5.0ft,0.05s
4.24.2026 20:32:12,T0,T1,5.0ft,0.05s
4.24.2026 20:32:12,T0,T1,5.0ft,0.05s
4.24.2026 20:32:12,T0,T1,5.0ft,0.05s
4.24.2026 20:32:12,T0,T1,5.0ft,0.05s
4.24.2026 20:32:12,T0,T1,5.0ft,0.05s
4.24.2026 20:32:12,T0,T1,5.0ft,0.05s
4.24.2026 20:32:12,T0,T1,5.0ft,0.05s
4.24.2026 20:32:12,T0,T1,5.0ft,0.05s
4.24.2026 20:32:12,T0,T1,5.0ft,0.05s
4.24.2026 20:32:12,T0,T1,5.0ft,0.05s
4.24.2026 20:32:13,T0,T1,5.0ft,0.05s
4.24.2026 20:32:13,T0,T1,5.0ft,0.05s
4.24.2026 20:32:13,T0,T1,5.0ft,0.05s
4.24.2026 20:32:13,T0,T1,5.0ft,0.05s
4.24.2026 20:32:13,T0,T1,5.0ft,0.05s
4.24.2026 20:32:13,T0,T1,5.0ft,0.05s
4.24.2026 20:32:13,T0,T1,5.0ft,0.05s
4.24.2026 20:32:13,T0,T1,5.0ft,0.05s
4.24.2026 20:32:13,T0,T1,5.0ft,0.05s
4.24.2026 20:32:13,T0,T1,5.0ft,0.05s
4.24.2026 20:32:13,T0,T1,5.1ft,0.05s
4.24.2026 20:32:13,T0,T1,5.3ft,0.05s
4.24.2026 20:32:13,T0,T1,5.6ft,0.05s
4.24.2026 20:32:13,T0,T1,5.9ft,0.05s
4.24.2026 20:32:13,T0,T1,5.6ft,0.05s
4.24.2026 20:32:13,T0,T1,5.4ft,0.05s
4.24.2026 20:32:13,T0,T1,5.2ft,0.05s
4.24.2026 20:32:13,T0,T1,5.1ft,0.05s
4.24.2026 20:32:13,T0,T1,5.1ft,0.05s
4.24.2026 20:32:13,T0,T1,5.0ft,0.05s
4.24.2026 20:32:14,T0,T1,5.0ft,0.05s
4.24.2026 20:32:14,T0,T1,5.2ft,0.05s
4.24.2026 20:32:14,T0,T1,5.4ft,0.05s
4.24.2026 20:32:14,T0,T1,5.3ft,0.05s
4.24.2026 20:32:14,T0,T1,5.2ft,0.05s
4.24.2026 20:32:14,T0,T1,5.4ft,0.05s
4.24.2026 20:32:14,T0,T1,5.7ft,0.05s
4.24.2026 20:32:14,T0,T1,6.0ft,0.05s
4.24.2026 20:32:14,T0,T1,5.7ft,0.06s
4.24.2026 20:32:14,T0,T1,5.5ft,0.05s
4.24.2026 20:32:14,T0,T1,5.3ft,0.05s
4.24.2026 20:32:14,T0,T1,5.2ft,0.05s
4.24.2026 20:32:14,T0,T1,5.1ft,0.05s
4.24.2026 20:32:14,T0,T1,5.0ft,0.05s
4.24.2026 20:32:14,T0,T1,5.0ft,0.05s
4.24.2026 20:32:14,T0,T1,5.0ft,0.05s
4.24.2026 20:32:14,T0,T1,4.9ft,0.05s
4.24.2026 20:32:14,T0,T1,4.9ft,0.05s
4.24.2026 20:32:14,T0,T1,4.9ft,0.05s
4.24.2026 20:32:15,T0,T1,5.0ft,0.05s
4.24.2026 20:32:15,T0,T1,5.3ft,0.05s
4.24.2026 20:32:15,T0,T1,5.6ft,0.05s
4.24.2026 20:32:15,T0,T1,5.4ft,0.05s
4.24.2026 20:32:15,T0,T1,5.2ft,0.05s
4.24.2026 20:32:15,T0,T1,5.5ft,0.05s
4.24.2026 20:32:15,T0,T1,5.8ft,0.05s
4.24.2026 20:32:15,T0,T1,5.5ft,0.05s
4.24.2026 20:32:15,T0,T1,5.3ft,0.05s
4.24.2026 20:32:15,T0,T1,5.6ft,0.05s
4.24.2026 20:32:15,T0,T1,5.9ft,0.05s
4.24.2026 20:32:15,T0,T1,6.2ft,0.05s
4.24.2026 20:32:15,T0,T1,6.5ft,0.05s
4.24.2026 20:32:15,T0,T1,6.7ft,0.05s
4.24.2026 20:32:15,T0,T1,6.2ft,0.05s
4.24.2026 20:32:15,T0,T1,5.8ft,0.05s
4.24.2026 20:32:15,T0,T1,5.6ft,0.05s
4.24.2026 20:32:15,T0,T1,5.4ft,0.05s
4.24.2026 20:32:15,T0,T1,5.2ft,0.05s
4.24.2026 20:32:15,T0,T1,5.1ft,0.05s
4.24.2026 20:32:16,T0,T1,5.0ft,0.05s
4.24.2026 20:32:16,T0,T1,5.0ft,0.05s
4.24.2026 20:32:16,T0,T1,5.0ft,0.05s
4.24.2026 20:32:16,T0,T1,4.9ft,0.05s
4.24.2026 20:32:16,T0,T1,5.1ft,0.05s
4.24.2026 20:32:16,T0,T1,5.4ft,0.05s
4.24.2026 20:32:16,T0,T1,5.7ft,0.05s
4.24.2026 20:32:16,T0,T1,5.4ft,0.05s
4.24.2026 20:32:16,T0,T1,5.7ft,0.05s
4.24.2026 20:32:16,T0,T1,6.1ft,0.05s
4.24.2026 20:32:16,T0,T1,5.7ft,0.05s
4.24.2026 20:32:16,T0,T1,5.5ft,0.05s
4.24.2026 20:32:16,T0,T1,5.3ft,0.05s
4.24.2026 20:32:16,T0,T1,5.2ft,0.05s
4.24.2026 20:32:16,T0,T1,5.1ft,0.05s
4.24.2026 20:32:16,T0,T1,5.0ft,0.05s
4.24.2026 20:32:16,T0,T1,5.0ft,0.05s
4.24.2026 20:32:16,T0,T1,4.9ft,0.05s
4.24.2026 20:32:16,T0,T1,5.1ft,0.05s
4.24.2026 20:32:17,T0,T1,5.4ft,0.05s
4.24.2026 20:32:17,T0,T1,5.7ft,0.05s
4.24.2026 20:32:17,T0,T1,5.6ft,0.05s
4.24.2026 20:32:17,T0,T1,5.4ft,0.05s
4.24.2026 20:32:17,T0,T1,5.3ft,0.05s
4.24.2026 20:32:17,T0,T1,5.3ft,0.05s
4.24.2026 20:32:17,T0,T1,5.2ft,0.05s
4.24.2026 20:32:17,T0,T1,5.2ft,0.05s
4.24.2026 20:32:17,T0,T1,5.1ft,0.05s
4.24.2026 20:32:17,T0,T1,5.1ft,0.05s
4.24.2026 20:32:17,T0,T1,5.1ft,0.05s
4.24.2026 20:32:17,T0,T1,5.1ft,0.05s
4.24.2026 20:32:17,T0,T1,4.9ft,0.05s
4.24.2026 20:32:17,T0,T1,5.0ft,0.05s
4.24.2026 20:32:17,T0,T1,5.3ft,0.05s
4.24.2026 20:32:17,T0,T1,5.6ft,0.05s
4.24.2026 20:32:17,T0,T1,5.9ft,0.06s
4.24.2026 20:32:17,T0,T1,5.6ft,0.05s
4.24.2026 20:32:17,T0,T1,5.4ft,0.05s
4.24.2026 20:32:17,T0,T1,5.2ft,0.05s
4.24.2026 20:32:18,T0,T1,5.1ft,0.05s
4.24.2026 20:32:18,T0,T1,5.1ft,0.05s
4.24.2026 20:32:18,T0,T1,5.0ft,0.05s
4.24.2026 20:32:18,T0,T1,5.0ft,0.05s
4.24.2026 20:32:18,T0,T1,5.0ft,0.05s
4.24.2026 20:32:18,T0,T1,5.0ft,0.05s
4.24.2026 20:32:18,T0,T1,5.0ft,0.05s
4.24.2026 20:32:18,T0,T1,5.1ft,0.05s
4.24.2026 20:32:18,T0,T1,5.0ft,0.05s
4.24.2026 20:32:18,T0,T1,5.0ft,0.05s
4.24.2026 20:32:18,T0,T1,5.0ft,0.05s
4.24.2026 20:32:18,T0,T1,5.0ft,0.05s
4.24.2026 20:32:18,T0,T1,5.0ft,0.05s
4.24.2026 20:32:18,T0,T1,4.9ft,0.05s
4.24.2026 20:32:18,T0,T1,4.9ft,0.05s
4.24.2026 20:32:18,T0,T1,5.0ft,0.05s
4.24.2026 20:32:18,T0,T1,5.0ft,0.05s
4.24.2026 20:32:18,T0,T1,5.0ft,0.05s
4.24.2026 20:32:18,T0,T1,5.2ft,0.05s
4.24.2026 20:32:18,T0,T1,5.5ft,0.05s
4.24.2026 20:32:19,T0,T1,5.8ft,0.05s
4.24.2026 20:32:19,T0,T1,5.5ft,0.05s
4.24.2026 20:32:19,T0,T1,5.3ft,0.05s
4.24.2026 20:32:19,T0,T1,5.2ft,0.05s
4.24.2026 20:32:19,T0,T1,5.1ft,0.05s
4.24.2026 20:32:19,T0,T1,5.0ft,0.05s
4.24.2026 20:32:19,T0,T1,5.0ft,0.05s
4.24.2026 20:32:19,T0,T1,4.9ft,0.05s
4.24.2026 20:32:19,T0,T1,5.1ft,0.05s
4.24.2026 20:32:19,T0,T1,5.4ft,0.05s
4.24.2026 20:32:19,T0,T1,5.7ft,0.05s
4.24.2026 20:32:19,T0,T1,6.0ft,0.05s
4.24.2026 20:32:19,T0,T1,5.7ft,0.05s
4.24.2026 20:32:19,T0,T1,5.4ft,0.05s
4.24.2026 20:32:19,T0,T1,5.3ft,0.05s
4.24.2026 20:32:19,T0,T1,5.6ft,0.05s
4.24.2026 20:32:19,T0,T1,5.3ft,0.05s
4.24.2026 20:32:19,T0,T1,5.2ft,0.05s
4.24.2026 20:32:19,T0,T1,5.1ft,0.05s
4.24.2026 20:32:20,T0,T1,5.0ft,0.05s
4.24.2026 20:32:20,T0,T1,5.0ft,0.05s
4.24.2026 20:32:20,T0,T1,4.9ft,0.05s
4.24.2026 20:32:20,T0,T1,4.9ft,0.05s
4.24.2026 20:32:20,T0,T1,4.9ft,0.06s
4.24.2026 20:32:20,T0,T1,5.0ft,0.05s
4.24.2026 20:32:20,T0,T1,4.9ft,0.05s
4.24.2026 20:32:20,T0,T1,5.1ft,0.05s
4.24.2026 20:32:20,T0,T1,5.0ft,0.05s
4.24.2026 20:32:20,T0,T1,5.0ft,0.05s
4.24.2026 20:32:20,T0,T1,4.9ft,0.05s
4.24.2026 20:32:20,T0,T1,4.9ft,0.05s
4.24.2026 20:32:20,T0,T1,4.9ft,0.05s
4.24.2026 20:32:20,T0,T1,4.9ft,0.05s
4.24.2026 20:32:20,T0,T1,4.9ft,0.05s
4.24.2026 20:32:20,T0,T1,4.9ft,0.05s
4.24.2026 20:32:20,T0,T1,4.9ft,0.05s
4.24.2026 20:32:20,T0,T1,4.9ft,0.05s
4.24.2026 20:32:20,T0,T1,4.9ft,0.05s
4.24.2026 20:32:20,T0,T1,5.2ft,0.05s
4.24.2026 20:32:21,T0,T1,5.1ft,0.05s
4.24.2026 20:32:21,T0,T1,5.0ft,0.05s
4.24.2026 20:32:21,T0,T1,5.2ft,0.05s
4.24.2026 20:32:21,T0,T1,5.5ft,0.05s
4.24.2026 20:32:21,T0,T1,5.8ft,0.05s
4.24.2026 20:32:21,T0,T1,6.1ft,0.05s
4.24.2026 20:32:21,T0,T1,6.4ft,0.05s
4.24.2026 20:32:21,T0,T1,6.7ft,0.05s
4.24.2026 20:32:21,T0,T1,6.2ft,0.05s
4.24.2026 20:32:21,T0,T1,5.8ft,0.05s
4.24.2026 20:32:21,T0,T1,5.2ft,0.05s
4.24.2026 20:32:21,T0,T1,5.1ft,0.05s
4.24.2026 20:32:21,T0,T1,5.0ft,0.05s
4.24.2026 20:32:21,T0,T1,5.0ft,0.05s
4.24.2026 20:32:21,T0,T1,5.0ft,0.05s
4.24.2026 20:32:21,T0,T1,4.9ft,0.05s
4.24.2026 20:32:21,T0,T1,4.9ft,0.05s
4.24.2026 20:32:21,T0,T1,4.9ft,0.05s
4.24.2026 20:32:21,T0,T1,5.1ft,0.05s
4.24.2026 20:32:22,T0,T1,5.3ft,0.05s
4.24.2026 20:32:22,T0,T1,5.6ft,0.05s
4.24.2026 20:32:22,T0,T1,5.9ft,0.05s
4.24.2026 20:32:22,T0,T1,5.6ft,0.05s
4.24.2026 20:32:22,T0,T1,5.4ft,0.05s
4.24.2026 20:32:22,T0,T1,5.2ft,0.05s
4.24.2026 20:32:22,T0,T1,5.1ft,0.05s
4.24.2026 20:32:22,T0,T1,5.0ft,0.05s
4.24.2026 20:32:22,T0,T1,5.0ft,0.05s
4.24.2026 20:32:22,T0,T1,5.0ft,0.05s
4.24.2026 20:32:22,T0,T1,5.1ft,0.05s
4.24.2026 20:32:22,T0,T1,5.4ft,0.05s
4.24.2026 20:32:22,T0,T1,5.7ft,0.05s
4.24.2026 20:32:22,T0,T1,5.5ft,0.05s
4.24.2026 20:32:22,T0,T1,5.8ft,0.05s
4.24.2026 20:32:22,T0,T1,6.1ft,0.05s
4.24.2026 20:32:22,T0,T1,6.4ft,0.05s
4.24.2026 20:32:22,T0,T1,5.9ft,0.05s
4.24.2026 20:32:22,T0,T1,5.6ft,0.05s
4.24.2026 20:32:22,T0,T1,5.4ft,0.05s
4.24.2026 20:32:23,T0,T1,5.7ft,0.05s
4.24.2026 20:32:23,T0,T1,6.0ft,0.05s
4.24.2026 20:32:23,T0,T1,6.3ft,0.05s
4.24.2026 20:32:23,T0,T1,6.6ft,0.05s
4.24.2026 20:32:23,T0,T1,6.1ft,0.05s
4.24.2026 20:32:23,T0,T1,5.7ft,0.05s
4.24.2026 20:32:23,T0,T1,5.5ft,0.05s
4.24.2026 20:32:23,T0,T1,5.3ft,0.05s
4.24.2026 20:32:23,T0,T1,5.2ft,0.05s
4.24.2026 20:32:23,T0,T1,5.4ft,0.05s
4.24.2026 20:32:23,T0,T1,5.7ft,0.05s
4.24.2026 20:32:23,T0,T1,5.5ft,0.05s
4.24.2026 20:32:23,T0,T1,5.3ft,0.05s
4.24.2026 20:32:23,T0,T1,5.2ft,0.05s
4.24.2026 20:32:23,T0,T1,5.4ft,0.05s
4.24.2026 20:32:23,T0,T1,5.7ft,0.05s
4.24.2026 20:32:23,T0,T1,5.5ft,0.05s
4.24.2026 20:32:23,T0,T1,5.3ft,0.05s
4.24.2026 20:32:23,T0,T1,5.2ft,0.05s
4.24.2026 20:32:23,T0,T1,5.1ft,0.05s
4.24.2026 20:32:24,T0,T1,5.0ft,0.05s
4.24.2026 20:32:24,T0,T1,5.0ft,0.05s
4.24.2026 20:32:24,T0,T1,5.0ft,0.05s
4.24.2026 20:32:24,T0,T1,4.9ft,0.05s
4.24.2026 20:32:24,T0,T1,4.9ft,0.05s
4.24.2026 20:32:24,T0,T1,4.9ft,0.05s
4.24.2026 20:32:24,T0,T1,4.9ft,0.05s
4.24.2026 20:32:24,T0,T1,4.9ft,0.05s
4.24.2026 20:32:24,T0,T1,4.9ft,0.05s
4.24.2026 20:32:24,T0,T1,4.9ft,0.05s
4.24.2026 20:32:24,T0,T1,4.9ft,0.05s
4.24.2026 20:32:24,T0,T1,4.9ft,0.05s
4.24.2026 20:32:24,T0,T1,4.9ft,0.05s
4.24.2026 20:32:24,T0,T1,4.9ft,0.05s
4.24.2026 20:32:24,T0,T1,4.9ft,0.05s
4.24.2026 20:32:24,T0,T1,4.9ft,0.05s
4.24.2026 20:32:24,T0,T1,4.9ft,0.05s
4.24.2026 20:32:24,T0,T1,5.0ft,0.05s
4.24.2026 20:32:24,T0,T1,5.2ft,0.05s
4.24.2026 20:32:25,T0,T1,5.1ft,0.05s
4.24.2026 20:32:25,T0,T1,5.0ft,0.05s
4.24.2026 20:32:25,T0,T1,5.0ft,0.05s
4.24.2026 20:32:25,T0,T1,4.9ft,0.05s
4.24.2026 20:32:25,T0,T1,4.9ft,0.05s
4.24.2026 20:32:25,T0,T1,4.9ft,0.05s
4.24.2026 20:32:25,T0,T1,4.9ft,0.05s
4.24.2026 20:32:25,T0,T1,5.0ft,0.05s
4.24.2026 20:32:25,T0,T1,5.2ft,0.05s
4.24.2026 20:32:25,T0,T1,5.2ft,0.05s
4.24.2026 20:32:25,T0,T1,5.1ft,0.05s
4.24.2026 20:32:25,T0,T1,5.1ft,0.05s
4.24.2026 20:32:25,T0,T1,5.1ft,0.05s
4.24.2026 20:32:25,T0,T1,5.1ft,0.05s
4.24.2026 20:32:25,T0,T1,5.0ft,0.05s
4.24.2026 20:32:25,T0,T1,5.0ft,0.05s
4.24.2026 20:32:25,T0,T1,5.0ft,0.05s
4.24.2026 20:32:25,T0,T1,5.0ft,0.05s
4.24.2026 20:32:25,T0,T1,5.1ft,0.05s
4.24.2026 20:32:25,T0,T1,4.9ft,0.05s
4.24.2026 20:32:26,T0,T1,4.9ft,0.05s
4.24.2026 20:32:26,T0,T1,4.9ft,0.05s
4.24.2026 20:32:26,T0,T1,5.0ft,0.05s
4.24.2026 20:32:26,T0,T1,5.0ft,0.05s
4.24.2026 20:32:26,T0,T1,5.2ft,0.05s
4.24.2026 20:32:26,T0,T1,5.1ft,0.06s
4.24.2026 20:32:26,T0,T1,5.1ft,0.05s
4.24.2026 20:32:26,T0,T1,5.0ft,0.05s
4.24.2026 20:32:26,T0,T1,5.2ft,0.05s
4.24.2026 20:32:26,T0,T1,5.1ft,0.05s
4.24.2026 20:32:26,T0,T1,5.1ft,0.05s
4.24.2026 20:32:26,T0,T1,5.0ft,0.05s
4.24.2026 20:32:26,T0,T1,5.2ft,0.05s
4.24.2026 20:32:26,T0,T1,5.1ft,0.05s
4.24.2026 20:32:26,T0,T1,5.1ft,0.05s
4.24.2026 20:32:26,T0,T1,5.0ft,0.05s
4.24.2026 20:32:26,T0,T1,5.0ft,0.05s
4.24.2026 20:32:26,T0,T1,5.0ft,0.05s
4.24.2026 20:32:26,T0,T1,5.0ft,0.05s
4.24.2026 20:32:27,T0,T1,4.9ft,0.05s
4.24.2026 20:32:27,T0,T1,5.1ft,0.05s
4.24.2026 20:32:27,T0,T1,5.3ft,0.05s
4.24.2026 20:32:27,T0,T1,5.2ft,0.05s
4.24.2026 20:32:27,T0,T1,5.1ft,0.05s
4.24.2026 20:32:27,T0,T1,5.0ft,0.05s
4.24.2026 20:32:27,T0,T1,5.0ft,0.05s
4.24.2026 20:32:27,T0,T1,5.0ft,0.05s
4.24.2026 20:32:27,T0,T1,5.0ft,0.05s
4.24.2026 20:32:27,T0,T1,4.9ft,0.05s
4.24.2026 20:32:27,T0,T1,4.9ft,0.05s
4.24.2026 20:32:27,T0,T1,4.9ft,0.05s
4.24.2026 20:32:27,T0,T1,4.9ft,0.05s
4.24.2026 20:32:27,T0,T1,4.9ft,0.05s
4.24.2026 20:32:27,T0,T1,4.9ft,0.05s
4.24.2026 20:32:27,T0,T1,4.9ft,0.05s
4.24.2026 20:32:27,T0,T1,4.9ft,0.05s
4.24.2026 20:32:27,T0,T1,4.9ft,0.05s
4.24.2026 20:32:27,T0,T1,4.8ft,0.05s
4.24.2026 20:32:27,T0,T1,4.9ft,0.05s
4.24.2026 20:32:28,T0,T1,5.0ft,0.05s
4.24.2026 20:32:28,T0,T1,5.2ft,0.05s
4.24.2026 20:32:28,T0,T1,5.1ft,0.05s
4.24.2026 20:32:28,T0,T1,5.0ft,0.05s
4.24.2026 20:32:28,T0,T1,5.0ft,0.05s
4.24.2026 20:32:28,T0,T1,5.0ft,0.05s
4.24.2026 20:32:28,T0,T1,4.9ft,0.05s
4.24.2026 20:32:28,T0,T1,4.9ft,0.05s
4.24.2026 20:32:28,T0,T1,5.1ft,0.05s
4.24.2026 20:32:28,T0,T1,5.0ft,0.05s
4.24.2026 20:32:28,T0,T1,5.0ft,0.05s
4.24.2026 20:32:28,T0,T1,5.0ft,0.05s
4.24.2026 20:32:28,T0,T1,5.1ft,0.05s
4.24.2026 20:32:28,T0,T1,5.1ft,0.05s
4.24.2026 20:32:28,T0,T1,5.0ft,0.05s
4.24.2026 20:32:28,T0,T1,5.0ft,0.05s
4.24.2026 20:32:28,T0,T1,4.9ft,0.05s
4.24.2026 20:32:28,T0,T1,4.9ft,0.05s
4.24.2026 20:32:28,T0,T1,5.1ft,0.05s
4.24.2026 20:32:28,T0,T1,5.0ft,0.05s
4.24.2026 20:32:29,T0,T1,5.3ft,0.05s
4.24.2026 20:32:29,T0,T1,5.2ft,0.05s
4.24.2026 20:32:29,T0,T1,5.1ft,0.05s
4.24.2026 20:32:29,T0,T1,4.9ft,0.05s
4.24.2026 20:32:29,T0,T1,4.9ft,0.05s
4.24.2026 20:32:29,T0,T1,5.0ft,0.05s
4.24.2026 20:32:29,T0,T1,4.9ft,0.05s
4.24.2026 20:32:29,T0,T1,5.1ft,0.05s
4.24.2026 20:32:29,T0,T1,5.4ft,0.05s
4.24.2026 20:32:29,T0,T1,5.7ft,0.05s
4.24.2026 20:32:29,T0,T1,5.5ft,0.05s
4.24.2026 20:32:29,T0,T1,5.0ft,0.05s
4.24.2026 20:32:29,T0,T1,4.9ft,0.05s
4.24.2026 20:32:29,T0,T1,5.0ft,0.05s
4.24.2026 20:32:29,T0,T1,5.3ft,0.05s
4.24.2026 20:32:29,T0,T1,5.6ft,0.05s
4.24.2026 20:32:29,T0,T1,5.4ft,0.05s
4.24.2026 20:32:29,T0,T1,5.2ft,0.05s
4.24.2026 20:32:29,T0,T1,4.9ft,0.05s
4.24.2026 20:32:30,T0,T1,4.9ft,0.05s
4.24.2026 20:32:30,T0,T1,4.9ft,0.05s
4.24.2026 20:32:30,T0,T1,4.9ft,0.05s
4.24.2026 20:32:30,T0,T1,4.9ft,0.05s
4.24.2026 20:32:30,T0,T1,4.9ft,0.05s
4.24.2026 20:32:30,T0,T1,4.9ft,0.05s
4.24.2026 20:32:30,T0,T1,4.9ft,0.05s
4.24.2026 20:32:30,T0,T1,4.9ft,0.05s
4.24.2026 20:32:30,T0,T1,4.9ft,0.05s
4.24.2026 20:32:30,T0,T1,5.0ft,0.05s
4.24.2026 20:32:30,T0,T1,5.0ft,0.05s
4.24.2026 20:32:30,T0,T1,4.9ft,0.05s
4.24.2026 20:32:30,T0,T1,5.0ft,0.05s
4.24.2026 20:32:30,T0,T1,5.3ft,0.05s
4.24.2026 20:32:30,T0,T1,5.6ft,0.05s
4.24.2026 20:32:30,T0,T1,5.9ft,0.05s
4.24.2026 20:32:30,T0,T1,5.6ft,0.05s
4.24.2026 20:32:30,T0,T1,5.4ft,0.05s
4.24.2026 20:32:30,T0,T1,5.2ft,0.05s
4.24.2026 20:32:30,T0,T1,5.1ft,0.05s
4.24.2026 20:32:31,T0,T1,5.0ft,0.05s
4.24.2026 20:32:31,T0,T1,5.0ft,0.05s
4.24.2026 20:32:31,T0,T1,5.2ft,0.05s
4.24.2026 20:32:31,T0,T1,5.1ft,0.05s
4.24.2026 20:32:31,T0,T1,5.0ft,0.05s
4.24.2026 20:32:31,T0,T1,5.0ft,0.05s
4.24.2026 20:32:31,T0,T1,4.9ft,0.05s
4.24.2026 20:32:31,T0,T1,4.9ft,0.05s
4.24.2026 20:32:31,T0,T1,4.9ft,0.05s
4.24.2026 20:32:31,T0,T1,5.0ft,0.05s
4.24.2026 20:32:31,T0,T1,5.2ft,0.05s
4.24.2026 20:32:31,T0,T1,5.5ft,0.05s
4.24.2026 20:32:31,T0,T1,5.4ft,0.05s
4.24.2026 20:32:31,T0,T1,5.3ft,0.05s
4.24.2026 20:32:31,T0,T1,5.2ft,0.05s
4.24.2026 20:32:31,T0,T1,5.2ft,0.05s
4.24.2026 20:32:31,T0,T1,5.0ft,0.05s
4.24.2026 20:32:31,T0,T1,5.4ft,0.05s
4.24.2026 20:32:31,T0,T1,5.7ft,0.05s
4.24.2026 20:32:31,T0,T1,6.0ft,0.05s
4.24.2026 20:32:32,T0,T1,6.3ft,0.05s
4.24.2026 20:32:32,T0,T1,5.9ft,0.05s
4.24.2026 20:32:32,T0,T1,5.6ft,0.05s
4.24.2026 20:32:32,T0,T1,5.9ft,0.05s
4.24.2026 20:32:32,T0,T1,6.2ft,0.05s
4.24.2026 20:32:32,T0,T1,5.8ft,0.05s
4.24.2026 20:32:32,T0,T1,5.5ft,0.05s
4.24.2026 20:32:32,T0,T1,5.3ft,0.05s
4.24.2026 20:32:32,T0,T1,5.2ft,0.05s
4.24.2026 20:32:32,T0,T1,5.1ft,0.05s
4.24.2026 20:32:32,T0,T1,5.0ft,0.05s
4.24.2026 20:32:32,T0,T1,5.0ft,0.05s
4.24.2026 20:32:32,T0,T1,4.9ft,0.05s
4.24.2026 20:32:32,T0,T1,4.9ft,0.05s
4.24.2026 20:32:32,T0,T1,4.9ft,0.05s
4.24.2026 20:32:32,T0,T1,4.9ft,0.05s
4.24.2026 20:32:32,T0,T1,4.9ft,0.05s
4.24.2026 20:32:32,T0,T1,4.9ft,0.05s
4.24.2026 20:32:32,T0,T1,4.9ft,0.05s
4.24.2026 20:32:33,T0,T1,4.9ft,0.05s
4.24.2026 20:32:33,T0,T1,4.9ft,0.05s
4.24.2026 20:32:33,T0,T1,5.0ft,0.05s
4.24.2026 20:32:33,T0,T1,5.3ft,0.05s
4.24.2026 20:32:33,T0,T1,5.2ft,0.05s
4.24.2026 20:32:33,T0,T1,5.1ft,0.05s
4.24.2026 20:32:33,T0,T1,5.1ft,0.05s
4.24.2026 20:32:33,T0,T1,5.1ft,0.05s
4.24.2026 20:32:33,T0,T1,5.0ft,0.05s
4.24.2026 20:32:33,T0,T1,5.0ft,0.05s
4.24.2026 20:32:33,T0,T1,5.0ft,0.05s
4.24.2026 20:32:33,T0,T1,5.0ft,0.05s
4.24.2026 20:32:33,T0,T1,5.0ft,0.05s
4.24.2026 20:32:33,T0,T1,4.9ft,0.05s
4.24.2026 20:32:33,T0,T1,4.9ft,0.05s
4.24.2026 20:32:33,T0,T1,4.9ft,0.05s
4.24.2026 20:32:33,T0,T1,4.9ft,0.05s
4.24.2026 20:32:33,T0,T1,4.9ft,0.05s
4.24.2026 20:32:33,T0,T1,4.9ft,0.05s
4.24.2026 20:32:33,T0,T1,4.9ft,0.05s
4.24.2026 20:32:34,T0,T1,4.9ft,0.05s
4.24.2026 20:32:34,T0,T1,4.9ft,0.05s
4.24.2026 20:32:34,T0,T1,5.1ft,0.05s
4.24.2026 20:32:34,T0,T1,5.3ft,0.05s
4.24.2026 20:32:34,T0,T1,5.1ft,0.05s
4.24.2026 20:32:34,T0,T1,5.1ft,0.05s
4.24.2026 20:32:34,T0,T1,5.0ft,0.05s
4.24.2026 20:32:34,T0,T1,5.0ft,0.05s
4.24.2026 20:32:34,T0,T1,5.0ft,0.05s
4.24.2026 20:32:34,T0,T1,5.0ft,0.05s
4.24.2026 20:32:34,T0,T1,5.0ft,0.05s
4.24.2026 20:32:34,T0,T1,5.0ft,0.05s
4.24.2026 20:32:34,T0,T1,5.2ft,0.05s
4.24.2026 20:32:34,T0,T1,5.5ft,0.05s
4.24.2026 20:32:34,T0,T1,5.4ft,0.05s
4.24.2026 20:32:34,T0,T1,5.3ft,0.05s
4.24.2026 20:32:34,T0,T1,5.2ft,0.05s
4.24.2026 20:32:34,T0,T1,5.2ft,0.05s
4.24.2026 20:32:34,T0,T1,5.1ft,0.05s
4.24.2026 20:32:35,T0,T1,5.0ft,0.05s
4.24.2026 20:32:35,T0,T1,5.0ft,0.05s
4.24.2026 20:32:35,T0,T1,5.0ft,0.05s
4.24.2026 20:32:35,T0,T1,4.9ft,0.05s
4.24.2026 20:32:35,T0,T1,5.1ft,0.05s
4.24.2026 20:32:35,T0,T1,5.3ft,0.05s
4.24.2026 20:32:35,T0,T1,5.6ft,0.05s
4.24.2026 20:32:35,T0,T1,5.9ft,0.05s
4.24.2026 20:32:35,T0,T1,6.2ft,0.05s
4.24.2026 20:32:35,T0,T1,5.9ft,0.05s
4.24.2026 20:32:35,T0,T1,5.6ft,0.05s
4.24.2026 20:32:35,T0,T1,5.4ft,0.05s
4.24.2026 20:32:35,T0,T1,5.2ft,0.05s
4.24.2026 20:32:35,T0,T1,5.1ft,0.05s
4.24.2026 20:32:35,T0,T1,5.0ft,0.05s
4.24.2026 20:32:35,T0,T1,5.0ft,0.05s
4.24.2026 20:32:35,T0,T1,5.0ft,0.06s
4.24.2026 20:32:35,T0,T1,5.2ft,0.05s
4.24.2026 20:32:35,T0,T1,5.4ft,0.05s
4.24.2026 20:32:35,T0,T1,5.7ft,0.05s
4.24.2026 20:32:36,T0,T1,6.1ft,0.05s
4.24.2026 20:32:36,T0,T1,5.7ft,0.05s
4.24.2026 20:32:36,T0,T1,5.5ft,0.05s
4.24.2026 20:32:36,T0,T1,5.3ft,0.05s
4.24.2026 20:32:36,T0,T1,5.1ft,0.05s
4.24.2026 20:32:36,T0,T1,5.0ft,0.05s
4.24.2026 20:32:36,T0,T1,5.0ft,0.05s
4.24.2026 20:32:36,T0,T1,5.2ft,0.05s
4.24.2026 20:32:36,T0,T1,5.5ft,0.05s
4.24.2026 20:32:36,T0,T1,5.8ft,0.05s
4.24.2026 20:32:36,T0,T1,5.5ft,0.05s
4.24.2026 20:32:36,T0,T1,5.9ft,0.05s
4.24.2026 20:32:36,T0,T1,6.2ft,0.05s
4.24.2026 20:32:36,T0,T1,5.9ft,0.05s
4.24.2026 20:32:36,T0,T1,5.7ft,0.05s
4.24.2026 20:32:36,T0,T1,5.1ft,0.05s
4.24.2026 20:32:36,T0,T1,5.0ft,0.05s
4.24.2026 20:32:36,T0,T1,5.0ft,0.05s
4.24.2026 20:32:36,T0,T1,5.2ft,0.05s
4.24.2026 20:32:36,T0,T1,5.1ft,0.05s
4.24.2026 20:32:37,T0,T1,5.1ft,0.05s
4.24.2026 20:32:37,T0,T1,4.9ft,0.05s
4.24.2026 20:32:37,T0,T1,5.0ft,0.05s
4.24.2026 20:32:37,T0,T1,5.0ft,0.05s
4.24.2026 20:32:37,T0,T1,4.9ft,0.05s
4.24.2026 20:32:37,T0,T1,4.9ft,0.05s
4.24.2026 20:32:37,T0,T1,5.2ft,0.05s
4.24.2026 20:32:37,T0,T1,5.5ft,0.05s
4.24.2026 20:32:37,T0,T1,5.3ft,0.05s
4.24.2026 20:32:37,T0,T1,5.3ft,0.05s
4.24.2026 20:32:37,T0,T1,5.2ft,0.05s
4.24.2026 20:32:37,T0,T1,5.1ft,0.05s
4.24.2026 20:32:37,T0,T1,5.1ft,0.05s
4.24.2026 20:32:37,T0,T1,5.1ft,0.05s
4.24.2026 20:32:37,T0,T1,5.0ft,0.05s
4.24.2026 20:32:37,T0,T1,5.0ft,0.05s
4.24.2026 20:32:37,T0,T1,5.0ft,0.05s
4.24.2026 20:32:37,T0,T1,5.0ft,0.05s
4.24.2026 20:32:37,T0,T1,5.0ft,0.05s
4.24.2026 20:32:38,T0,T1,5.0ft,0.05s
4.24.2026 20:32:38,T0,T1,5.0ft,0.05s
4.24.2026 20:32:38,T0,T1,5.2ft,0.05s
4.24.2026 20:32:38,T0,T1,5.1ft,0.05s
4.24.2026 20:32:38,T0,T1,5.1ft,0.05s
4.24.2026 20:32:38,T0,T1,5.4ft,0.05s
4.24.2026 20:32:38,T0,T1,5.3ft,0.05s
4.24.2026 20:32:38,T0,T1,5.2ft,0.05s
4.24.2026 20:32:38,T0,T1,5.1ft,0.05s
4.24.2026 20:32:38,T0,T1,5.1ft,0.05s
4.24.2026 20:32:38,T0,T1,5.1ft,0.05s
4.24.2026 20:32:38,T0,T1,5.0ft,0.05s
4.24.2026 20:32:38,T0,T1,5.0ft,0.05s
4.24.2026 20:32:38,T0,T1,5.0ft,0.05s
4.24.2026 20:32:38,T0,T1,5.0ft,0.05s
4.24.2026 20:32:38,T0,T1,5.0ft,0.05s
4.24.2026 20:32:38,T0,T1,4.9ft,0.05s
4.24.2026 20:32:38,T0,T1,4.9ft,0.05s
4.24.2026 20:32:38,T0,T1,4.9ft,0.05s
4.24.2026 20:32:38,T0,T1,4.9ft,0.05s
4.24.2026 20:32:39,T0,T1,4.9ft,0.05s
4.24.2026 20:32:39,T0,T1,4.9ft,0.05s
4.24.2026 20:32:39,T0,T1,4.9ft,0.05s
4.24.2026 20:32:39,T0,T1,5.1ft,0.05s
4.24.2026 20:32:39,T0,T1,5.0ft,0.05s
4.24.2026 20:32:39,T0,T1,4.9ft,0.05s
4.24.2026 20:32:39,T0,T1,4.9ft,0.05s
4.24.2026 20:32:39,T0,T1,4.9ft,0.05s
4.24.2026 20:32:39,T0,T1,4.9ft,0.05s
4.24.2026 20:32:39,T0,T1,4.9ft,0.05s
4.24.2026 20:32:39,T0,T1,4.9ft,0.05s
4.24.2026 20:32:39,T0,T1,4.9ft,0.05s
4.24.2026 20:32:39,T0,T1,4.9ft,0.05s
4.24.2026 20:32:39,T0,T1,4.9ft,0.05s
4.24.2026 20:32:39,T0,T1,4.9ft,0.05s
4.24.2026 20:32:39,T0,T1,4.9ft,0.05s
4.24.2026 20:32:39,T0,T1,4.9ft,0.05s
4.24.2026 20:32:39,T0,T1,4.9ft,0.05s
4.24.2026 20:32:39,T0,T1,4.9ft,0.05s
4.24.2026 20:32:39,T0,T1,4.9ft,0.05s
4.24.2026 20:32:40,T0,T1,4.9ft,0.05s
4.24.2026 20:32:40,T0,T1,4.9ft,0.05s
4.24.2026 20:32:40,T0,T1,4.9ft,0.05s
4.24.2026 20:32:40,T0,T1,4.9ft,0.05s
4.24.2026 20:32:40,T0,T1,4.9ft,0.05s
4.24.2026 20:32:40,T0,T1,4.9ft,0.05s
4.24.2026 20:32:40,T0,T1,4.9ft,0.05s
4.24.2026 20:32:40,T0,T1,4.9ft,0.05s
4.24.2026 20:32:40,T0,T1,4.9ft,0.05s
4.24.2026 20:32:40,T0,T1,4.9ft,0.05s
4.24.2026 20:32:40,T0,T1,4.9ft,0.05s
4.24.2026 20:32:40,T0,T1,4.9ft,0.05s
4.24.2026 20:32:40,T0,T1,4.9ft,0.05s
4.24.2026 20:32:40,T0,T1,4.9ft,0.05s
4.24.2026 20:32:40,T0,T1,4.9ft,0.05s
4.24.2026 20:32:40,T0,T1,4.9ft,0.05s
4.24.2026 20:32:40,T0,T1,5.1ft,0.05s
4.24.2026 20:32:40,T0,T1,5.0ft,0.05s
4.24.2026 20:32:40,T0,T1,5.0ft,0.05s
4.24.2026 20:32:41,T0,T1,5.0ft,0.05s
4.24.2026 20:32:41,T0,T1,5.0ft,0.05s
4.24.2026 20:32:41,T0,T1,5.0ft,0.05s
4.24.2026 20:32:41,T0,T1,5.1ft,0.05s
4.24.2026 20:32:41,T0,T1,5.0ft,0.05s
4.24.2026 20:32:41,T0,T1,5.0ft,0.05s
4.24.2026 20:32:41,T0,T1,5.2ft,0.05s
4.24.2026 20:32:41,T0,T1,5.5ft,0.05s
4.24.2026 20:32:41,T0,T1,5.8ft,0.05s
4.24.2026 20:32:41,T0,T1,6.2ft,0.05s
4.24.2026 20:32:41,T0,T1,6.4ft,0.05s
4.24.2026 20:32:41,T0,T1,6.0ft,0.05s
4.24.2026 20:32:41,T0,T1,5.7ft,0.05s
4.24.2026 20:32:41,T0,T1,5.4ft,0.05s
4.24.2026 20:32:41,T0,T1,5.2ft,0.05s
4.24.2026 20:32:41,T0,T1,5.1ft,0.05s
4.24.2026 20:32:41,T0,T1,5.0ft,0.05s
4.24.2026 20:32:41,T0,T1,5.0ft,0.05s
4.24.2026 20:32:41,T0,T1,4.9ft,0.05s
4.24.2026 20:32:41,T0,T1,4.9ft,0.05s
4.24.2026 20:32:42,T0,T1,4.9ft,0.05s
4.24.2026 20:32:42,T0,T1,4.9ft,0.05s
4.24.2026 20:32:42,T0,T1,4.9ft,0.05s
4.24.2026 20:32:42,T0,T1,5.0ft,0.05s
4.24.2026 20:32:42,T0,T1,5.3ft,0.05s
4.24.2026 20:32:42,T0,T1,5.6ft,0.05s
4.24.2026 20:32:42,T0,T1,5.3ft,0.06s
4.24.2026 20:32:42,T0,T1,5.2ft,0.05s
4.24.2026 20:32:42,T0,T1,5.1ft,0.05s
4.24.2026 20:32:42,T0,T1,5.0ft,0.05s
4.24.2026 20:32:42,T0,T1,4.9ft,0.05s
4.24.2026 20:32:42,T0,T1,4.9ft,0.05s
4.24.2026 20:32:42,T0,T1,5.1ft,0.05s
4.24.2026 20:32:42,T0,T1,5.0ft,0.05s
4.24.2026 20:32:42,T0,T1,4.9ft,0.05s
4.24.2026 20:32:42,T0,T1,4.9ft,0.05s
4.24.2026 20:32:42,T0,T1,4.9ft,0.05s
4.24.2026 20:32:42,T0,T1,4.8ft,0.05s
4.24.2026 20:32:42,T0,T1,4.8ft,0.05s
4.24.2026 20:32:42,T0,T1,4.8ft,0.05s
4.24.2026 20:32:43,T0,T1,4.8ft,0.05s
4.24.2026 20:32:43,T0,T1,4.9ft,0.05s
4.24.2026 20:32:43,T0,T1,5.1ft,0.05s
4.24.2026 20:32:43,T0,T1,4.8ft,0.05s
4.24.2026 20:32:43,T0,T1,4.9ft,0.05s
4.24.2026 20:32:43,T0,T1,4.9ft,0.05s
4.24.2026 20:32:43,T0,T1,4.9ft,0.05s
4.24.2026 20:32:43,T0,T1,4.9ft,0.05s
4.24.2026 20:32:43,T0,T1,4.9ft,0.05s
4.24.2026 20:32:43,T0,T1,4.9ft,0.05s
4.24.2026 20:32:43,T0,T1,5.1ft,0.05s
4.24.2026 20:32:43,T0,T1,5.4ft,0.05s
4.24.2026 20:32:43,T0,T1,5.7ft,0.05s
4.24.2026 20:32:43,T0,T1,5.5ft,0.05s
4.24.2026 20:32:43,T0,T1,5.4ft,0.05s
4.24.2026 20:32:43,T0,T1,5.3ft,0.05s
4.24.2026 20:32:43,T0,T1,5.2ft,0.05s
4.24.2026 20:32:43,T0,T1,5.1ft,0.05s
4.24.2026 20:32:43,T0,T1,5.1ft,0.05s
4.24.2026 20:32:44,T0,T1,5.0ft,0.05s
4.24.2026 20:32:44,T0,T1,5.3ft,0.05s
4.24.2026 20:32:44,T0,T1,5.2ft,0.05s
4.24.2026 20:32:44,T0,T1,5.5ft,0.05s
4.24.2026 20:32:44,T0,T1,5.8ft,0.05s
4.24.2026 20:32:44,T0,T1,5.5ft,0.05s
4.24.2026 20:32:44,T0,T1,5.3ft,0.05s
4.24.2026 20:32:44,T0,T1,4.9ft,0.05s
4.24.2026 20:32:44,T0,T1,4.9ft,0.05s
4.24.2026 20:32:44,T0,T1,5.0ft,0.05s
4.24.2026 20:32:44,T0,T1,5.0ft,0.05s
4.24.2026 20:32:44,T0,T1,4.9ft,0.05s
4.24.2026 20:32:44,T0,T1,4.9ft,0.05s
4.24.2026 20:32:44,T0,T1,4.9ft,0.05s
4.24.2026 20:32:44,T0,T1,4.9ft,0.05s
4.24.2026 20:32:44,T0,T1,4.9ft,0.05s
4.24.2026 20:32:44,T0,T1,5.0ft,0.05s
4.24.2026 20:32:44,T0,T1,4.9ft,0.05s
4.24.2026 20:32:44,T0,T1,4.9ft,0.05s
4.24.2026 20:32:44,T0,T1,5.1ft,0.05s
4.24.2026 20:32:45,T0,T1,5.4ft,0.05s
4.24.2026 20:32:45,T0,T1,5.7ft,0.05s
4.24.2026 20:32:45,T0,T1,6.0ft,0.05s
4.24.2026 20:32:45,T0,T1,5.7ft,0.05s
4.24.2026 20:32:45,T0,T1,5.4ft,0.05s
4.24.2026 20:32:45,T0,T1,5.2ft,0.05s
4.24.2026 20:32:45,T0,T1,5.1ft,0.06s
4.24.2026 20:32:45,T0,T1,5.4ft,0.05s
4.24.2026 20:32:45,T0,T1,5.7ft,0.05s
4.24.2026 20:32:45,T0,T1,6.0ft,0.05s
4.24.2026 20:32:45,T0,T1,5.7ft,0.05s
4.24.2026 20:32:45,T0,T1,5.4ft,0.05s
4.24.2026 20:32:45,T0,T1,5.2ft,0.05s
4.24.2026 20:32:45,T0,T1,5.1ft,0.05s
4.24.2026 20:32:45,T0,T1,5.0ft,0.05s
4.24.2026 20:32:45,T0,T1,5.0ft,0.05s
4.24.2026 20:32:45,T0,T1,4.9ft,0.05s
4.24.2026 20:32:45,T0,T1,4.9ft,0.05s
4.24.2026 20:32:45,T0,T1,5.1ft,0.05s
4.24.2026 20:32:46,T0,T1,5.4ft,0.05s
4.24.2026 20:32:46,T0,T1,5.2ft,0.05s
4.24.2026 20:32:46,T0,T1,5.1ft,0.05s
4.24.2026 20:32:46,T0,T1,5.0ft,0.05s
4.24.2026 20:32:46,T0,T1,4.9ft,0.05s
4.24.2026 20:32:46,T0,T1,4.9ft,0.05s
4.24.2026 20:32:46,T0,T1,4.9ft,0.05s
4.24.2026 20:32:46,T0,T1,4.9ft,0.05s
4.24.2026 20:32:46,T0,T1,5.0ft,0.05s
4.24.2026 20:32:46,T0,T1,5.3ft,0.05s
4.24.2026 20:32:46,T0,T1,5.1ft,0.05s
4.24.2026 20:32:46,T0,T1,5.0ft,0.05s
4.24.2026 20:32:46,T0,T1,5.0ft,0.05s
4.24.2026 20:32:46,T0,T1,4.9ft,0.05s
4.24.2026 20:32:46,T0,T1,4.9ft,0.05s
4.24.2026 20:32:46,T0,T1,4.9ft,0.05s
4.24.2026 20:32:46,T0,T1,4.9ft,0.05s
4.24.2026 20:32:46,T0,T1,5.0ft,0.05s
4.24.2026 20:32:46,T0,T1,5.3ft,0.05s
4.24.2026 20:32:46,T0,T1,5.2ft,0.05s
4.24.2026 20:32:47,T0,T1,4.9ft,0.05s
4.24.2026 20:32:47,T0,T1,4.9ft,0.05s
4.24.2026 20:32:47,T0,T1,4.9ft,0.05s
4.24.2026 20:32:47,T0,T1,5.0ft,0.05s
4.24.2026 20:32:47,T0,T1,5.3ft,0.05s
4.24.2026 20:32:47,T0,T1,5.6ft,0.05s
4.24.2026 20:32:47,T0,T1,5.9ft,0.05s
4.24.2026 20:32:47,T0,T1,6.2ft,0.05s
4.24.2026 20:32:47,T0,T1,6.5ft,0.05s
4.24.2026 20:32:47,T0,T1,6.8ft,0.05s
4.24.2026 20:32:47,T0,T1,6.2ft,0.05s
4.24.2026 20:32:47,T0,T1,5.8ft,0.05s
4.24.2026 20:32:47,T0,T1,5.6ft,0.05s
4.24.2026 20:32:47,T0,T1,5.3ft,0.05s
4.24.2026 20:32:47,T0,T1,5.2ft,0.05s
4.24.2026 20:32:47,T0,T1,5.1ft,0.05s
4.24.2026 20:32:47,T0,T1,5.0ft,0.05s
4.24.2026 20:32:47,T0,T1,5.0ft,0.05s
4.24.2026 20:32:47,T0,T1,5.2ft,0.05s
4.24.2026 20:32:47,T0,T1,5.5ft,0.05s
4.24.2026 20:32:48,T0,T1,5.3ft,0.05s
4.24.2026 20:32:48,T0,T1,5.2ft,0.05s
4.24.2026 20:32:48,T0,T1,5.1ft,0.05s
4.24.2026 20:32:48,T0,T1,5.0ft,0.05s
4.24.2026 20:32:48,T0,T1,4.9ft,0.05s
4.24.2026 20:32:48,T0,T1,4.9ft,0.05s
4.24.2026 20:32:48,T0,T1,4.9ft,0.05s
4.24.2026 20:32:48,T0,T1,4.9ft,0.05s
4.24.2026 20:32:48,T0,T1,4.9ft,0.06s
4.24.2026 20:32:48,T0,T1,5.1ft,0.05s
4.24.2026 20:32:48,T0,T1,5.4ft,0.05s
4.24.2026 20:32:48,T0,T1,5.3ft,0.05s
4.24.2026 20:32:48,T0,T1,5.2ft,0.05s
4.24.2026 20:32:48,T0,T1,5.2ft,0.05s
4.24.2026 20:32:48,T0,T1,5.1ft,0.05s
4.24.2026 20:32:48,T0,T1,5.1ft,0.05s
4.24.2026 20:32:48,T0,T1,5.4ft,0.05s
4.24.2026 20:32:48,T0,T1,5.7ft,0.05s
4.24.2026 20:32:48,T0,T1,5.5ft,0.05s
4.24.2026 20:32:49,T0,T1,5.4ft,0.05s
4.24.2026 20:32:49,T0,T1,5.3ft,0.05s
4.24.2026 20:32:49,T0,T1,5.2ft,0.05s
4.24.2026 20:32:49,T0,T1,5.2ft,0.05s
4.24.2026 20:32:49,T0,T1,5.1ft,0.05s
4.24.2026 20:32:49,T0,T1,5.1ft,0.05s
4.24.2026 20:32:49,T0,T1,5.1ft,0.05s
4.24.2026 20:32:49,T0,T1,5.1ft,0.05s
4.24.2026 20:32:49,T0,T1,5.0ft,0.05s
4.24.2026 20:32:49,T0,T1,5.3ft,0.05s
4.24.2026 20:32:49,T0,T1,5.6ft,0.05s
4.24.2026 20:32:49,T0,T1,5.9ft,0.05s
4.24.2026 20:32:49,T0,T1,6.2ft,0.05s
4.24.2026 20:32:49,T0,T1,6.4ft,0.05s
4.24.2026 20:32:49,T0,T1,6.1ft,0.05s
4.24.2026 20:32:49,T0,T1,5.8ft,0.05s
4.24.2026 20:32:49,T0,T1,5.6ft,0.05s
4.24.2026 20:32:49,T0,T1,5.1ft,0.05s
4.24.2026 20:32:49,T0,T1,5.0ft,0.05s
4.24.2026 20:32:49,T0,T1,5.3ft,0.05s
4.24.2026 20:32:50,T0,T1,5.6ft,0.05s
4.24.2026 20:32:50,T0,T1,5.9ft,0.05s
4.24.2026 20:32:50,T0,T1,5.7ft,0.05s
4.24.2026 20:32:50,T0,T1,5.5ft,0.05s
4.24.2026 20:32:50,T0,T1,5.4ft,0.05s
4.24.2026 20:32:50,T0,T1,4.9ft,0.05s
4.24.2026 20:32:50,T0,T1,4.9ft,0.05s
4.24.2026 20:32:50,T0,T1,5.0ft,0.05s
4.24.2026 20:32:50,T0,T1,4.9ft,0.05s
4.24.2026 20:32:50,T0,T1,4.9ft,0.05s
4.24.2026 20:32:50,T0,T1,4.9ft,0.05s
4.24.2026 20:32:50,T0,T1,4.9ft,0.05s
4.24.2026 20:32:50,T0,T1,4.9ft,0.05s
4.24.2026 20:32:50,T0,T1,5.1ft,0.05s
4.24.2026 20:32:50,T0,T1,5.4ft,0.05s
4.24.2026 20:32:50,T0,T1,5.8ft,0.05s
4.24.2026 20:32:50,T0,T1,6.1ft,0.05s
4.24.2026 20:32:50,T0,T1,6.4ft,0.05s
4.24.2026 20:32:50,T0,T1,5.9ft,0.05s
4.24.2026 20:32:51,T0,T1,5.6ft,0.05s
4.24.2026 20:32:51,T0,T1,5.4ft,0.05s
4.24.2026 20:32:51,T0,T1,5.2ft,0.05s
4.24.2026 20:32:51,T0,T1,5.1ft,0.05s
4.24.2026 20:32:51,T0,T1,5.0ft,0.05s
4.24.2026 20:32:51,T0,T1,4.9ft,0.05s
4.24.2026 20:32:51,T0,T1,4.9ft,0.05s
4.24.2026 20:32:51,T0,T1,4.9ft,0.05s
4.24.2026 20:32:51,T0,T1,4.9ft,0.05s
4.24.2026 20:32:51,T0,T1,4.9ft,0.05s
4.24.2026 20:32:51,T0,T1,4.9ft,0.05s
4.24.2026 20:32:51,T0,T1,4.9ft,0.05s
4.24.2026 20:32:51,T0,T1,4.9ft,0.05s
4.24.2026 20:32:51,T0,T1,4.9ft,0.05s
4.24.2026 20:32:51,T0,T1,4.9ft,0.05s
4.24.2026 20:32:51,T0,T1,4.9ft,0.05s
4.24.2026 20:32:51,T0,T1,4.9ft,0.05s
4.24.2026 20:32:51,T0,T1,5.1ft,0.05s
4.24.2026 20:32:51,T0,T1,5.4ft,0.05s
4.24.2026 20:32:51,T0,T1,5.8ft,0.05s
4.24.2026 20:32:52,T0,T1,5.5ft,0.05s
4.24.2026 20:32:52,T0,T1,5.3ft,0.05s
4.24.2026 20:32:52,T0,T1,5.2ft,0.05s
4.24.2026 20:32:52,T0,T1,5.1ft,0.05s
4.24.2026 20:32:52,T0,T1,5.0ft,0.05s
4.24.2026 20:32:52,T0,T1,4.9ft,0.05s
4.24.2026 20:32:52,T0,T1,4.9ft,0.05s
4.24.2026 20:32:52,T0,T1,4.9ft,0.05s
4.24.2026 20:32:52,T0,T1,4.9ft,0.05s
4.24.2026 20:32:52,T0,T1,5.1ft,0.05s
4.24.2026 20:32:52,T0,T1,5.4ft,0.05s
4.24.2026 20:32:52,T0,T1,5.3ft,0.05s
4.24.2026 20:32:52,T0,T1,5.6ft,0.05s
4.24.2026 20:32:52,T0,T1,5.9ft,0.05s
4.24.2026 20:32:52,T0,T1,5.6ft,0.05s
4.24.2026 20:32:52,T0,T1,5.4ft,0.05s
4.24.2026 20:32:52,T0,T1,5.2ft,0.05s
4.24.2026 20:32:52,T0,T1,5.1ft,0.05s
4.24.2026 20:32:52,T0,T1,5.0ft,0.05s
4.24.2026 20:32:52,T0,T1,5.3ft,0.05s
4.24.2026 20:32:53,T0,T1,5.6ft,0.05s
4.24.2026 20:32:53,T0,T1,5.4ft,0.05s
4.24.2026 20:32:53,T0,T1,5.7ft,0.05s
4.24.2026 20:32:53,T0,T1,6.0ft,0.05s
4.24.2026 20:32:53,T0,T1,6.3ft,0.05s
4.24.2026 20:32:53,T0,T1,6.6ft,0.05s
4.24.2026 20:32:53,T0,T1,6.8ft,0.05s
4.24.2026 20:32:53,T0,T1,7.1ft,0.05s
4.24.2026 20:32:53,T0,T1,7.3ft,0.05s
4.24.2026 20:32:53,T0,T1,7.4ft,0.05s
4.24.2026 20:32:53,T0,T1,7.6ft,0.05s
4.24.2026 20:32:53,T0,T1,7.7ft,0.05s
4.24.2026 20:32:53,T0,T1,7.0ft,0.05s
4.24.2026 20:32:53,T0,T1,6.4ft,0.05s
4.24.2026 20:32:53,T0,T1,6.0ft,0.05s
4.24.2026 20:32:53,T0,T1,5.6ft,0.05s
4.24.2026 20:32:53,T0,T1,5.4ft,0.05s
4.24.2026 20:32:53,T0,T1,5.2ft,0.05s
4.24.2026 20:32:53,T0,T1,5.1ft,0.05s
4.24.2026 20:32:54,T0,T1,5.4ft,0.05s
4.24.2026 20:32:54,T0,T1,5.7ft,0.05s
4.24.2026 20:32:54,T0,T1,6.0ft,0.05s
4.24.2026 20:32:54,T0,T1,5.7ft,0.05s
4.24.2026 20:32:54,T0,T1,5.5ft,0.05s
4.24.2026 20:32:54,T0,T1,5.3ft,0.05s
4.24.2026 20:32:54,T0,T1,5.1ft,0.05s
4.24.2026 20:32:54,T0,T1,5.1ft,0.05s
4.24.2026 20:32:54,T0,T1,5.3ft,0.05s
4.24.2026 20:32:54,T0,T1,5.6ft,0.05s
4.24.2026 20:32:54,T0,T1,5.9ft,0.05s
4.24.2026 20:32:54,T0,T1,5.6ft,0.05s
4.24.2026 20:32:54,T0,T1,5.4ft,0.05s
4.24.2026 20:32:54,T0,T1,5.2ft,0.05s
4.24.2026 20:32:54,T0,T1,5.5ft,0.05s
4.24.2026 20:32:54,T0,T1,5.8ft,0.05s
4.24.2026 20:32:54,T0,T1,5.7ft,0.05s
4.24.2026 20:32:54,T0,T1,6.0ft,0.05s
4.24.2026 20:32:54,T0,T1,5.7ft,0.05s
4.24.2026 20:32:54,T0,T1,5.4ft,0.05s
4.24.2026 20:32:55,T0,T1,5.0ft,0.05s
4.24.2026 20:32:55,T0,T1,4.9ft,0.05s
4.24.2026 20:32:55,T0,T1,5.1ft,0.05s
4.24.2026 20:32:55,T0,T1,5.0ft,0.05s
4.24.2026 20:32:55,T0,T1,5.0ft,0.05s
4.24.2026 20:32:55,T0,T1,5.0ft,0.05s
4.24.2026 20:32:55,T0,T1,5.0ft,0.05s
4.24.2026 20:32:55,T0,T1,5.0ft,0.05s
4.24.2026 20:32:55,T0,T1,5.0ft,0.05s
4.24.2026 20:32:55,T0,T1,5.0ft,0.05s
4.24.2026 20:32:55,T0,T1,5.0ft,0.05s
4.24.2026 20:32:55,T0,T1,5.0ft,0.05s
4.24.2026 20:32:55,T0,T1,5.0ft,0.05s
4.24.2026 20:32:55,T0,T1,5.0ft,0.05s
4.24.2026 20:32:55,T0,T1,5.0ft,0.05s
4.24.2026 20:32:55,T0,T1,4.9ft,0.05s
4.24.2026 20:32:55,T0,T1,4.9ft,0.05s
4.24.2026 20:32:55,T0,T1,4.9ft,0.05s
4.24.2026 20:32:55,T0,T1,5.0ft,0.05s
4.24.2026 20:32:55,T0,T1,5.2ft,0.06s
4.24.2026 20:32:56,T0,T1,5.5ft,0.05s
4.24.2026 20:32:56,T0,T1,5.8ft,0.05s
4.24.2026 20:32:56,T0,T1,6.1ft,0.05s
4.24.2026 20:32:56,T0,T1,6.4ft,0.05s
4.24.2026 20:32:56,T0,T1,6.0ft,0.05s
4.24.2026 20:32:56,T0,T1,5.7ft,0.05s
4.24.2026 20:32:56,T0,T1,5.5ft,0.05s
4.24.2026 20:32:56,T0,T1,5.0ft,0.05s
4.24.2026 20:32:56,T0,T1,5.0ft,0.05s
4.24.2026 20:32:56,T0,T1,5.0ft,0.05s
4.24.2026 20:32:56,T0,T1,5.0ft,0.05s
4.24.2026 20:32:56,T0,T1,4.9ft,0.05s
4.24.2026 20:32:56,T0,T1,5.1ft,0.05s
4.24.2026 20:32:56,T0,T1,5.0ft,0.05s
4.24.2026 20:32:56,T0,T1,4.9ft,0.05s
4.24.2026 20:32:56,T0,T1,5.0ft,0.05s
4.24.2026 20:32:56,T0,T1,4.9ft,0.05s
4.24.2026 20:32:56,T0,T1,4.9ft,0.05s
4.24.2026 20:32:56,T0,T1,4.9ft,0.05s
4.24.2026 20:32:57,T0,T1,4.9ft,0.05s
4.24.2026 20:32:57,T0,T1,4.9ft,0.05s
4.24.2026 20:32:57,T0,T1,5.0ft,0.05s
4.24.2026 20:32:57,T0,T1,5.3ft,0.05s
4.24.2026 20:32:57,T0,T1,5.6ft,0.05s
4.24.2026 20:32:57,T0,T1,5.9ft,0.05s
4.24.2026 20:32:57,T0,T1,6.2ft,0.05s
4.24.2026 20:32:57,T0,T1,6.5ft,0.05s
4.24.2026 20:32:57,T0,T1,6.7ft,0.05s
4.24.2026 20:32:57,T0,T1,6.2ft,0.05s
4.24.2026 20:32:57,T0,T1,5.8ft,0.05s
4.24.2026 20:32:57,T0,T1,5.5ft,0.05s
4.24.2026 20:32:57,T0,T1,5.3ft,0.05s
4.24.2026 20:32:57,T0,T1,5.2ft,0.05s
4.24.2026 20:32:57,T0,T1,5.1ft,0.05s
4.24.2026 20:32:57,T0,T1,5.0ft,0.05s
4.24.2026 20:32:57,T0,T1,5.0ft,0.05s
4.24.2026 20:32:57,T0,T1,5.0ft,0.05s
4.24.2026 20:32:57,T0,T1,4.9ft,0.05s
4.24.2026 20:32:57,T0,T1,4.9ft,0.05s
4.24.2026 20:32:58,T0,T1,5.1ft,0.05s
4.24.2026 20:32:58,T0,T1,5.3ft,0.05s
4.24.2026 20:32:58,T0,T1,5.2ft,0.05s
4.24.2026 20:32:58,T0,T1,5.1ft,0.05s
4.24.2026 20:32:58,T0,T1,5.0ft,0.05s
4.24.2026 20:32:58,T0,T1,5.0ft,0.05s
4.24.2026 20:32:58,T0,T1,5.2ft,0.05s
4.24.2026 20:32:58,T0,T1,5.1ft,0.05s
4.24.2026 20:32:58,T0,T1,5.0ft,0.05s
4.24.2026 20:32:58,T0,T1,5.0ft,0.05s
4.24.2026 20:32:58,T0,T1,4.9ft,0.06s
4.24.2026 20:32:58,T0,T1,4.9ft,0.05s
4.24.2026 20:32:58,T0,T1,4.9ft,0.05s
4.24.2026 20:32:58,T0,T1,5.0ft,0.05s
4.24.2026 20:32:58,T0,T1,5.0ft,0.05s
4.24.2026 20:32:58,T0,T1,5.1ft,0.05s
4.24.2026 20:32:58,T0,T1,5.4ft,0.05s
4.24.2026 20:32:58,T0,T1,5.7ft,0.05s
4.24.2026 20:32:58,T0,T1,6.0ft,0.05s
4.24.2026 20:32:59,T0,T1,5.8ft,0.05s
4.24.2026 20:32:59,T0,T1,5.6ft,0.05s
4.24.2026 20:32:59,T0,T1,5.5ft,0.05s
4.24.2026 20:32:59,T0,T1,5.8ft,0.05s
4.24.2026 20:32:59,T0,T1,6.1ft,0.05s
4.24.2026 20:32:59,T0,T1,5.7ft,0.06s
4.24.2026 20:32:59,T0,T1,5.1ft,0.05s
4.24.2026 20:32:59,T0,T1,5.0ft,0.05s
4.24.2026 20:32:59,T0,T1,5.3ft,0.05s
4.24.2026 20:32:59,T0,T1,5.6ft,0.05s
4.24.2026 20:32:59,T0,T1,5.4ft,0.05s
4.24.2026 20:32:59,T0,T1,5.0ft,0.05s
4.24.2026 20:32:59,T0,T1,4.9ft,0.05s
4.24.2026 20:32:59,T0,T1,5.0ft,0.05s
4.24.2026 20:32:59,T0,T1,5.3ft,0.05s
4.24.2026 20:32:59,T0,T1,5.6ft,0.05s
4.24.2026 20:32:59,T0,T1,5.9ft,0.05s
4.24.2026 20:32:59,T0,T1,6.2ft,0.05s
4.24.2026 20:32:59,T0,T1,6.5ft,0.05s
4.24.2026 20:32:59,T0,T1,6.0ft,0.06s
4.24.2026 20:33:00,T0,T1,5.7ft,0.05s
4.24.2026 20:33:00,T0,T1,5.4ft,0.05s
4.24.2026 20:33:00,T0,T1,5.8ft,0.05s
4.24.2026 20:33:00,T0,T1,6.1ft,0.05s
4.24.2026 20:33:00,T0,T1,6.4ft,0.05s
4.24.2026 20:33:00,T0,T1,5.9ft,0.05s
4.24.2026 20:33:00,T0,T1,5.6ft,0.05s
4.24.2026 20:33:00,T0,T1,5.4ft,0.05s
4.24.2026 20:33:00,T0,T1,5.2ft,0.05s
4.24.2026 20:33:00,T0,T1,5.1ft,0.05s
4.24.2026 20:33:00,T0,T1,5.0ft,0.05s
4.24.2026 20:33:00,T0,T1,5.0ft,0.05s
4.24.2026 20:33:00,T0,T1,5.2ft,0.05s
4.24.2026 20:33:00,T0,T1,5.5ft,0.05s
4.24.2026 20:33:00,T0,T1,5.3ft,0.05s
4.24.2026 20:33:00,T0,T1,5.2ft,0.05s
4.24.2026 20:33:00,T0,T1,5.1ft,0.05s
4.24.2026 20:33:00,T0,T1,5.0ft,0.05s
4.24.2026 20:33:00,T0,T1,5.0ft,0.05s
4.24.2026 20:33:00,T0,T1,5.0ft,0.05s
4.24.2026 20:33:01,T0,T1,4.9ft,0.05s
4.24.2026 20:33:01,T0,T1,4.9ft,0.05s
4.24.2026 20:33:01,T0,T1,5.0ft,0.05s
4.24.2026 20:33:01,T0,T1,5.0ft,0.05s
4.24.2026 20:33:01,T0,T1,5.0ft,0.05s
4.24.2026 20:33:01,T0,T1,5.0ft,0.05s
4.24.2026 20:33:01,T0,T1,5.0ft,0.05s
4.24.2026 20:33:01,T0,T1,5.0ft,0.05s
4.24.2026 20:33:01,T0,T1,4.9ft,0.05s
4.24.2026 20:33:01,T0,T1,5.1ft,0.05s
4.24.2026 20:33:01,T0,T1,5.0ft,0.05s
4.24.2026 20:33:01,T0,T1,5.3ft,0.05s
4.24.2026 20:33:01,T0,T1,5.6ft,0.05s
4.24.2026 20:33:01,T0,T1,5.9ft,0.05s
4.24.2026 20:33:01,T0,T1,6.2ft,0.05s
4.24.2026 20:33:01,T0,T1,5.8ft,0.05s
4.24.2026 20:33:01,T0,T1,5.2ft,0.05s
4.24.2026 20:33:01,T0,T1,4.9ft,0.05s
4.24.2026 20:33:01,T0,T1,5.0ft,0.05s
4.24.2026 20:33:02,T0,T1,5.0ft,0.05s
4.24.2026 20:33:02,T0,T1,5.0ft,0.05s
4.24.2026 20:33:02,T0,T1,5.0ft,0.05s
4.24.2026 20:33:02,T0,T1,4.9ft,0.05s
4.24.2026 20:33:02,T0,T1,5.1ft,0.05s
4.24.2026 20:33:02,T0,T1,5.0ft,0.05s
4.24.2026 20:33:02,T0,T1,5.0ft,0.05s
4.24.2026 20:33:02,T0,T1,5.0ft,0.05s
4.24.2026 20:33:02,T0,T1,4.9ft,0.05s
4.24.2026 20:33:02,T0,T1,4.9ft,0.05s
4.24.2026 20:33:02,T0,T1,4.9ft,0.05s
4.24.2026 20:33:02,T0,T1,5.0ft,0.05s
4.24.2026 20:33:02,T0,T1,5.0ft,0.05s
4.24.2026 20:33:02,T0,T1,5.0ft,0.05s
4.24.2026 20:33:02,T0,T1,5.2ft,0.05s
4.24.2026 20:33:02,T0,T1,5.2ft,0.05s
4.24.2026 20:33:02,T0,T1,5.1ft,0.05s
4.24.2026 20:33:02,T0,T1,5.1ft,0.05s
4.24.2026 20:33:02,T0,T1,5.1ft,0.05s
4.24.2026 20:33:02,T0,T1,5.1ft,0.05s
4.24.2026 20:33:03,T0,T1,5.1ft,0.05s
4.24.2026 20:33:03,T0,T1,5.1ft,0.05s
4.24.2026 20:33:03,T0,T1,5.1ft,0.05s
4.24.2026 20:33:03,T0,T1,5.0ft,0.05s
4.24.2026 20:33:03,T0,T1,5.0ft,0.05s
4.24.2026 20:33:03,T0,T1,5.0ft,0.05s
4.24.2026 20:33:03,T0,T1,5.0ft,0.05s
4.24.2026 20:33:03,T0,T1,5.0ft,0.05s
4.24.2026 20:33:03,T0,T1,5.0ft,0.05s
4.24.2026 20:33:03,T0,T1,5.0ft,0.05s
4.24.2026 20:33:03,T0,T1,5.0ft,0.05s
4.24.2026 20:33:03,T0,T1,5.0ft,0.05s
4.24.2026 20:33:03,T0,T1,5.0ft,0.06s
4.24.2026 20:33:03,T0,T1,5.0ft,0.05s
4.24.2026 20:33:03,T0,T1,5.0ft,0.05s
4.24.2026 20:33:03,T0,T1,5.0ft,0.05s
4.24.2026 20:33:03,T0,T1,5.0ft,0.05s
4.24.2026 20:33:03,T0,T1,5.0ft,0.05s
4.24.2026 20:33:03,T0,T1,5.0ft,0.05s
4.24.2026 20:33:04,T0,T1,5.0ft,0.05s
4.24.2026 20:33:04,T0,T1,5.0ft,0.05s
4.24.2026 20:33:04,T0,T1,5.2ft,0.05s
4.24.2026 20:33:04,T0,T1,5.5ft,0.05s
4.24.2026 20:33:04,T0,T1,5.8ft,0.06s
4.24.2026 20:33:04,T0,T1,6.1ft,0.05s
4.24.2026 20:33:04,T0,T1,5.7ft,0.05s
4.24.2026 20:33:04,T0,T1,5.5ft,0.05s
4.24.2026 20:33:04,T0,T1,5.8ft,0.05s
4.24.2026 20:33:04,T0,T1,5.5ft,0.05s
4.24.2026 20:33:04,T0,T1,5.3ft,0.05s
4.24.2026 20:33:04,T0,T1,5.2ft,0.05s
4.24.2026 20:33:04,T0,T1,5.1ft,0.05s
4.24.2026 20:33:04,T0,T1,5.3ft,0.05s
4.24.2026 20:33:04,T0,T1,5.3ft,0.05s
4.24.2026 20:33:04,T0,T1,5.2ft,0.05s
4.24.2026 20:33:04,T0,T1,5.2ft,0.05s
4.24.2026 20:33:04,T0,T1,5.1ft,0.05s
4.24.2026 20:33:04,T0,T1,5.1ft,0.05s
4.24.2026 20:33:04,T0,T1,5.1ft,0.05s
4.24.2026 20:33:05,T0,T1,4.9ft,0.05s
4.24.2026 20:33:05,T0,T1,5.0ft,0.05s
4.24.2026 20:33:05,T0,T1,5.0ft,0.05s
4.24.2026 20:33:05,T0,T1,5.0ft,0.05s
4.24.2026 20:33:05,T0,T1,4.9ft,0.05s
4.24.2026 20:33:05,T0,T1,4.9ft,0.05s
4.24.2026 20:33:18,T0,T1,4.1ft,0.05s
4.24.2026 20:33:18,T0,T1,3.2ft,0.05s
4.24.2026 20:33:18,T0,T1,3.0ft,0.05s
4.24.2026 20:33:18,T0,T1,3.1ft,0.05s
4.24.2026 20:33:18,T0,T1,3.2ft,0.05s
4.24.2026 20:33:18,T0,T1,3.2ft,0.05s
4.24.2026 20:33:18,T0,T1,3.3ft,0.05s
4.24.2026 20:33:18,T0,T1,3.5ft,0.05s
4.24.2026 20:33:18,T0,T1,3.7ft,0.05s
4.24.2026 20:33:18,T0,T1,3.8ft,0.05s
4.24.2026 20:33:18,T0,T1,4.0ft,0.05s
4.24.2026 20:33:19,T0,T1,4.1ft,0.05s
4.24.2026 20:33:19,T0,T1,4.2ft,0.05s
4.24.2026 20:33:19,T0,T1,4.3ft,0.05s
4.24.2026 20:33:19,T0,T1,4.4ft,0.05s
4.24.2026 20:33:19,T0,T1,4.5ft,0.05s
4.24.2026 20:33:19,T0,T1,4.5ft,0.05s
4.24.2026 20:33:19,T0,T1,4.6ft,0.05s
4.24.2026 20:33:19,T0,T1,4.6ft,0.05s
4.24.2026 20:33:19,T0,T1,4.8ft,0.05s
4.24.2026 20:33:19,T0,T1,5.1ft,0.05s
4.24.2026 20:33:19,T0,T1,5.5ft,0.05s
4.24.2026 20:33:19,T0,T1,5.2ft,0.05s
4.24.2026 20:33:19,T0,T1,5.1ft,0.05s
4.24.2026 20:33:19,T0,T1,5.0ft,0.05s
4.24.2026 20:33:19,T0,T1,4.9ft,0.05s
4.24.2026 20:33:19,T0,T1,4.9ft,0.05s
4.24.2026 20:33:19,T0,T1,4.8ft,0.05s
4.24.2026 20:33:19,T0,T1,4.8ft,0.05s
4.24.2026 20:33:19,T0,T1,4.9ft,0.05s
4.24.2026 20:33:20,T0,T1,4.9ft,0.05s
4.24.2026 20:33:20,T0,T1,4.9ft,0.06s
4.24.2026 20:33:20,T0,T1,4.9ft,0.05s
4.24.2026 20:33:20,T0,T1,5.0ft,0.05s
4.24.2026 20:33:20,T0,T1,5.3ft,0.05s
4.24.2026 20:33:20,T0,T1,5.6ft,0.05s
4.24.2026 20:33:20,T0,T1,5.4ft,0.05s
4.24.2026 20:33:20,T0,T1,5.0ft,0.05s
4.24.2026 20:33:20,T0,T1,4.9ft,0.05s
4.24.2026 20:33:20,T0,T1,4.9ft,0.05s
4.24.2026 20:33:20,T0,T1,4.9ft,0.05s
4.24.2026 20:33:20,T0,T1,5.0ft,0.05s
4.24.2026 20:33:20,T0,T1,4.9ft,0.05s
4.24.2026 20:33:20,T0,T1,5.0ft,0.05s
4.24.2026 20:33:20,T0,T1,5.3ft,0.05s
4.24.2026 20:33:20,T0,T1,5.6ft,0.05s
4.24.2026 20:33:20,T0,T1,5.4ft,0.05s
4.24.2026 20:33:20,T0,T1,5.7ft,0.05s
4.24.2026 20:33:20,T0,T1,6.0ft,0.05s
4.24.2026 20:33:20,T0,T1,6.3ft,0.05s
4.24.2026 20:33:21,T0,T1,6.5ft,0.05s
4.24.2026 20:33:21,T0,T1,6.1ft,0.05s
4.24.2026 20:33:21,T0,T1,5.7ft,0.05s
4.24.2026 20:33:21,T0,T1,5.5ft,0.05s
4.24.2026 20:33:21,T0,T1,5.8ft,0.05s
4.24.2026 20:33:21,T0,T1,6.1ft,0.05s
4.24.2026 20:33:21,T0,T1,6.4ft,0.05s
4.24.2026 20:33:21,T0,T1,6.6ft,0.05s
4.24.2026 20:33:21,T0,T1,6.9ft,0.05s
4.24.2026 20:33:21,T0,T1,7.1ft,0.05s
4.24.2026 20:33:21,T0,T1,7.2ft,0.05s
4.24.2026 20:33:21,T0,T1,6.6ft,0.05s
4.24.2026 20:33:21,T0,T1,6.1ft,0.05s
4.24.2026 20:33:21,T0,T1,5.3ft,0.05s
4.24.2026 20:33:21,T0,T1,5.0ft,0.05s
4.24.2026 20:33:21,T0,T1,4.9ft,0.05s
4.24.2026 20:33:21,T0,T1,4.9ft,0.06s
4.24.2026 20:33:21,T0,T1,4.9ft,0.05s
4.24.2026 20:33:21,T0,T1,4.9ft,0.05s
4.24.2026 20:33:22,T0,T1,5.1ft,0.05s
4.24.2026 20:33:22,T0,T1,5.4ft,0.05s
4.24.2026 20:33:22,T0,T1,5.7ft,0.05s
4.24.2026 20:33:22,T0,T1,5.5ft,0.05s
4.24.2026 20:33:22,T0,T1,5.3ft,0.05s
4.24.2026 20:33:22,T0,T1,5.6ft,0.05s
4.24.2026 20:33:22,T0,T1,5.4ft,0.05s
4.24.2026 20:33:22,T0,T1,5.2ft,0.05s
4.24.2026 20:33:22,T0,T1,5.5ft,0.05s
4.24.2026 20:33:22,T0,T1,5.8ft,0.05s
4.24.2026 20:33:22,T0,T1,5.5ft,0.05s
4.24.2026 20:33:22,T0,T1,5.3ft,0.05s
4.24.2026 20:33:22,T0,T1,5.6ft,0.05s
4.24.2026 20:33:22,T0,T1,6.0ft,0.05s
4.24.2026 20:33:22,T0,T1,6.3ft,0.05s
4.24.2026 20:33:22,T0,T1,6.0ft,0.05s
4.24.2026 20:33:22,T0,T1,5.3ft,0.05s
4.24.2026 20:33:22,T0,T1,5.0ft,0.05s
4.24.2026 20:33:22,T0,T1,4.9ft,0.05s
4.24.2026 20:33:22,T0,T1,4.9ft,0.05s
4.24.2026 20:33:23,T0,T1,4.9ft,0.05s
4.24.2026 20:33:23,T0,T1,4.9ft,0.05s
4.24.2026 20:33:23,T0,T1,5.0ft,0.05s
4.24.2026 20:33:23,T0,T1,5.0ft,0.05s
4.24.2026 20:33:23,T0,T1,5.2ft,0.05s
4.24.2026 20:33:23,T0,T1,5.2ft,0.05s
4.24.2026 20:33:23,T0,T1,5.4ft,0.05s
4.24.2026 20:33:23,T0,T1,5.8ft,0.05s
4.24.2026 20:33:23,T0,T1,5.6ft,0.05s
4.24.2026 20:33:23,T0,T1,5.5ft,0.05s
4.24.2026 20:33:23,T0,T1,5.0ft,0.05s
4.24.2026 20:33:23,T0,T1,5.0ft,0.05s
4.24.2026 20:33:23,T0,T1,5.0ft,0.05s
4.24.2026 20:33:23,T0,T1,5.0ft,0.05s
4.24.2026 20:33:23,T0,T1,5.0ft,0.05s
4.24.2026 20:33:23,T0,T1,5.0ft,0.05s
4.24.2026 20:33:23,T0,T1,5.2ft,0.05s
4.24.2026 20:33:23,T0,T1,5.5ft,0.05s
4.24.2026 20:33:23,T0,T1,5.3ft,0.05s
4.24.2026 20:33:23,T0,T1,5.2ft,0.05s
4.24.2026 20:33:24,T0,T1,5.0ft,0.05s
4.24.2026 20:33:24,T0,T1,5.0ft,0.05s
4.24.2026 20:33:24,T0,T1,5.0ft,0.05s
4.24.2026 20:33:24,T0,T1,5.0ft,0.05s
4.24.2026 20:33:24,T0,T1,5.0ft,0.05s
4.24.2026 20:33:24,T0,T1,5.2ft,0.05s
4.24.2026 20:33:24,T0,T1,5.4ft,0.05s
4.24.2026 20:33:24,T0,T1,5.8ft,0.05s
4.24.2026 20:33:24,T0,T1,6.1ft,0.05s
4.24.2026 20:33:24,T0,T1,6.4ft,0.05s
4.24.2026 20:33:24,T0,T1,6.6ft,0.05s
4.24.2026 20:33:24,T0,T1,6.9ft,0.05s
4.24.2026 20:33:24,T0,T1,6.3ft,0.05s
4.24.2026 20:33:24,T0,T1,5.9ft,0.05s
4.24.2026 20:33:24,T0,T1,6.2ft,0.05s
4.24.2026 20:33:24,T0,T1,6.5ft,0.05s
4.24.2026 20:33:24,T0,T1,6.0ft,0.05s
4.24.2026 20:33:24,T0,T1,5.7ft,0.05s
4.24.2026 20:33:24,T0,T1,5.4ft,0.05s
4.24.2026 20:33:25,T0,T1,5.2ft,0.05s
4.24.2026 20:33:25,T0,T1,5.1ft,0.05s
4.24.2026 20:33:25,T0,T1,4.9ft,0.05s
4.24.2026 20:33:25,T0,T1,4.9ft,0.05s
4.24.2026 20:33:25,T0,T1,5.2ft,0.05s
4.24.2026 20:33:25,T0,T1,5.4ft,0.05s
4.24.2026 20:33:25,T0,T1,5.3ft,0.05s
4.24.2026 20:33:25,T0,T1,4.9ft,0.05s
4.24.2026 20:33:25,T0,T1,4.9ft,0.05s
4.24.2026 20:33:25,T0,T1,5.0ft,0.05s
4.24.2026 20:33:25,T0,T1,5.3ft,0.05s
4.24.2026 20:33:25,T0,T1,5.6ft,0.05s
4.24.2026 20:33:25,T0,T1,5.9ft,0.05s
4.24.2026 20:33:25,T0,T1,6.2ft,0.05s
4.24.2026 20:33:25,T0,T1,5.8ft,0.05s
4.24.2026 20:33:25,T0,T1,5.5ft,0.05s
4.24.2026 20:33:25,T0,T1,5.3ft,0.05s
4.24.2026 20:33:25,T0,T1,5.6ft,0.05s
4.24.2026 20:33:25,T0,T1,6.0ft,0.05s
4.24.2026 20:33:25,T0,T1,6.3ft,0.05s
4.24.2026 20:33:26,T0,T1,6.5ft,0.05s
4.24.2026 20:33:26,T0,T1,6.8ft,0.05s
4.24.2026 20:33:26,T0,T1,7.0ft,0.05s
4.24.2026 20:33:26,T0,T1,7.2ft,0.05s
4.24.2026 20:33:26,T0,T1,7.4ft,0.05s
4.24.2026 20:33:26,T0,T1,7.5ft,0.05s
4.24.2026 20:33:26,T0,T1,7.6ft,0.05s
4.24.2026 20:33:26,T0,T1,7.7ft,0.05s
4.24.2026 20:33:26,T0,T1,7.7ft,0.05s
4.24.2026 20:33:26,T0,T1,7.8ft,0.05s
4.24.2026 20:33:26,T0,T1,7.0ft,0.05s
4.24.2026 20:33:26,T0,T1,5.0ft,0.05s
4.24.2026 20:33:26,T0,T1,4.9ft,0.05s
4.24.2026 20:33:26,T0,T1,5.0ft,0.05s
4.24.2026 20:33:26,T0,T1,5.0ft,0.05s
4.24.2026 20:33:26,T0,T1,5.2ft,0.05s
4.24.2026 20:33:26,T0,T1,5.1ft,0.05s
4.24.2026 20:33:26,T0,T1,5.1ft,0.05s
4.24.2026 20:33:26,T0,T1,5.1ft,0.05s
4.24.2026 20:33:27,T0,T1,5.1ft,0.05s
4.24.2026 20:33:27,T0,T1,5.0ft,0.05s
4.24.2026 20:33:27,T0,T1,5.0ft,0.05s
4.24.2026 20:33:27,T0,T1,5.0ft,0.05s
4.24.2026 20:33:27,T0,T1,5.0ft,0.05s
4.24.2026 20:33:27,T0,T1,5.0ft,0.05s
4.24.2026 20:33:27,T0,T1,4.9ft,0.05s
4.24.2026 20:33:27,T0,T1,4.9ft,0.05s
4.24.2026 20:33:27,T0,T1,5.0ft,0.05s
4.24.2026 20:33:27,T0,T1,5.2ft,0.05s
4.24.2026 20:33:27,T0,T1,5.5ft,0.05s
4.24.2026 20:33:27,T0,T1,5.4ft,0.05s
4.24.2026 20:33:27,T0,T1,5.3ft,0.05s
4.24.2026 20:33:27,T0,T1,5.6ft,0.05s
4.24.2026 20:33:27,T0,T1,5.4ft,0.05s
4.24.2026 20:33:27,T0,T1,5.2ft,0.05s
4.24.2026 20:33:27,T0,T1,5.0ft,0.05s
4.24.2026 20:33:27,T0,T1,5.0ft,0.05s
4.24.2026 20:33:27,T0,T1,5.2ft,0.05s
4.24.2026 20:33:27,T0,T1,5.4ft,0.05s
4.24.2026 20:33:28,T0,T1,5.7ft,0.05s
4.24.2026 20:33:28,T0,T1,6.0ft,0.05s
4.24.2026 20:33:28,T0,T1,6.3ft,0.05s
4.24.2026 20:33:28,T0,T1,5.5ft,0.05s
4.24.2026 20:33:28,T0,T1,5.0ft,0.05s
4.24.2026 20:33:28,T0,T1,5.0ft,0.05s
4.24.2026 20:33:28,T0,T1,5.0ft,0.05s
4.24.2026 20:33:28,T0,T1,5.0ft,0.05s
4.24.2026 20:33:28,T0,T1,4.9ft,0.05s
4.24.2026 20:33:28,T0,T1,5.0ft,0.05s
4.24.2026 20:33:28,T0,T1,5.0ft,0.05s
4.24.2026 20:33:28,T0,T1,5.0ft,0.05s
4.24.2026 20:33:28,T0,T1,5.0ft,0.05s
4.24.2026 20:33:28,T0,T1,5.0ft,0.05s
4.24.2026 20:33:28,T0,T1,5.0ft,0.05s
4.24.2026 20:33:28,T0,T1,5.0ft,0.05s
4.24.2026 20:33:28,T0,T1,5.0ft,0.05s
4.24.2026 20:33:28,T0,T1,4.9ft,0.05s
4.24.2026 20:33:28,T0,T1,4.9ft,0.06s
4.24.2026 20:33:28,T0,T1,5.0ft,0.05s
4.24.2026 20:33:29,T0,T1,5.3ft,0.05s
4.24.2026 20:33:29,T0,T1,5.6ft,0.05s
4.24.2026 20:33:29,T0,T1,5.4ft,0.05s
4.24.2026 20:33:29,T0,T1,5.2ft,0.05s
4.24.2026 20:33:29,T0,T1,5.1ft,0.05s
4.24.2026 20:33:29,T0,T1,5.4ft,0.05s
4.24.2026 20:33:29,T0,T1,5.2ft,0.05s
4.24.2026 20:33:29,T0,T1,5.1ft,0.05s
4.24.2026 20:33:29,T0,T1,5.0ft,0.05s
4.24.2026 20:33:29,T0,T1,5.3ft,0.05s
4.24.2026 20:33:29,T0,T1,5.6ft,0.05s
4.24.2026 20:33:29,T0,T1,5.9ft,0.05s
4.24.2026 20:33:29,T0,T1,5.6ft,0.05s
4.24.2026 20:33:29,T0,T1,5.4ft,0.05s
4.24.2026 20:33:29,T0,T1,5.2ft,0.05s
4.24.2026 20:33:29,T0,T1,4.9ft,0.05s
4.24.2026 20:33:29,T0,T1,5.0ft,0.05s
4.24.2026 20:33:29,T0,T1,5.0ft,0.05s
4.24.2026 20:33:29,T0,T1,5.2ft,0.05s
4.24.2026 20:33:30,T0,T1,5.1ft,0.05s
4.24.2026 20:33:30,T0,T1,5.3ft,0.05s
4.24.2026 20:33:30,T0,T1,5.3ft,0.05s
4.24.2026 20:33:30,T0,T1,5.0ft,0.05s
4.24.2026 20:33:30,T0,T1,5.0ft,0.06s
4.24.2026 20:33:30,T0,T1,5.0ft,0.05s
4.24.2026 20:33:30,T0,T1,5.0ft,0.05s
4.24.2026 20:33:30,T0,T1,5.0ft,0.05s
4.24.2026 20:33:30,T0,T1,5.0ft,0.05s
4.24.2026 20:33:30,T0,T1,5.0ft,0.05s
4.24.2026 20:33:30,T0,T1,5.2ft,0.05s
4.24.2026 20:33:30,T0,T1,5.1ft,0.05s
4.24.2026 20:33:30,T0,T1,4.9ft,0.05s
4.24.2026 20:33:30,T0,T1,5.0ft,0.05s
4.24.2026 20:33:30,T0,T1,5.0ft,0.05s
4.24.2026 20:33:30,T0,T1,4.9ft,0.05s
4.24.2026 20:33:30,T0,T1,4.9ft,0.05s
4.24.2026 20:33:30,T0,T1,4.9ft,0.05s
4.24.2026 20:33:30,T0,T1,4.9ft,0.05s
4.24.2026 20:33:30,T0,T1,4.9ft,0.05s
4.24.2026 20:33:31,T0,T1,4.9ft,0.05s
4.24.2026 20:33:31,T0,T1,4.9ft,0.05s
4.24.2026 20:33:31,T0,T1,4.9ft,0.05s
4.24.2026 20:33:31,T0,T1,4.9ft,0.05s
4.24.2026 20:33:31,T0,T1,4.9ft,0.05s
4.24.2026 20:33:31,T0,T1,4.9ft,0.05s
4.24.2026 20:33:31,T0,T1,4.9ft,0.05s
4.24.2026 20:33:31,T0,T1,4.9ft,0.05s
4.24.2026 20:33:31,T0,T1,4.9ft,0.05s
4.24.2026 20:33:31,T0,T1,5.0ft,0.05s
4.24.2026 20:33:31,T0,T1,4.9ft,0.05s
4.24.2026 20:33:31,T0,T1,5.7ft,0.05s
4.24.2026 20:33:31,T0,T1,6.0ft,0.05s
4.24.2026 20:33:31,T0,T1,6.3ft,0.05s
4.24.2026 20:33:31,T0,T1,6.6ft,0.05s
4.24.2026 20:33:31,T0,T1,6.1ft,0.05s
4.24.2026 20:33:31,T0,T1,6.4ft,0.05s
4.24.2026 20:33:31,T0,T1,6.6ft,0.05s
4.24.2026 20:33:31,T0,T1,6.9ft,0.05s
4.24.2026 20:33:32,T0,T1,7.1ft,0.05s
4.24.2026 20:33:32,T0,T1,7.3ft,0.05s
4.24.2026 20:33:32,T0,T1,7.4ft,0.05s
4.24.2026 20:33:32,T0,T1,6.7ft,0.05s
4.24.2026 20:33:32,T0,T1,6.2ft,0.05s
4.24.2026 20:33:32,T0,T1,5.4ft,0.05s
4.24.2026 20:33:32,T0,T1,5.0ft,0.05s
4.24.2026 20:33:32,T0,T1,4.9ft,0.05s
4.24.2026 20:33:32,T0,T1,4.9ft,0.05s
4.24.2026 20:33:32,T0,T1,5.0ft,0.05s
4.24.2026 20:33:32,T0,T1,5.0ft,0.05s
4.24.2026 20:33:32,T0,T1,4.9ft,0.05s
4.24.2026 20:33:32,T0,T1,4.9ft,0.05s
4.24.2026 20:33:32,T0,T1,4.9ft,0.05s
4.24.2026 20:33:32,T0,T1,5.1ft,0.05s
4.24.2026 20:33:32,T0,T1,5.0ft,0.05s
4.24.2026 20:33:32,T0,T1,5.0ft,0.05s
4.24.2026 20:33:32,T0,T1,5.0ft,0.05s
4.24.2026 20:33:32,T0,T1,4.9ft,0.05s
4.24.2026 20:33:32,T0,T1,4.9ft,0.05s
4.24.2026 20:33:33,T0,T1,4.9ft,0.05s
4.24.2026 20:33:33,T0,T1,5.1ft,0.05s
4.24.2026 20:33:33,T0,T1,5.3ft,0.05s
4.24.2026 20:33:33,T0,T1,5.6ft,0.06s
4.24.2026 20:33:33,T0,T1,5.4ft,0.05s
4.24.2026 20:33:33,T0,T1,5.2ft,0.05s
4.24.2026 20:33:33,T0,T1,5.1ft,0.05s
4.24.2026 20:33:33,T0,T1,5.1ft,0.05s
4.24.2026 20:33:33,T0,T1,5.0ft,0.05s
4.24.2026 20:33:33,T0,T1,5.0ft,0.05s
4.24.2026 20:33:33,T0,T1,5.0ft,0.05s
4.24.2026 20:33:33,T0,T1,5.0ft,0.05s
4.24.2026 20:33:33,T0,T1,4.9ft,0.05s
4.24.2026 20:33:33,T0,T1,5.0ft,0.05s
4.24.2026 20:33:33,T0,T1,5.0ft,0.05s
4.24.2026 20:33:33,T0,T1,5.0ft,0.05s
4.24.2026 20:33:33,T0,T1,4.9ft,0.05s
4.24.2026 20:33:33,T0,T1,5.0ft,0.05s
4.24.2026 20:33:33,T0,T1,4.9ft,0.05s
4.24.2026 20:33:33,T0,T1,5.1ft,0.05s
4.24.2026 20:33:34,T0,T1,5.3ft,0.05s
4.24.2026 20:33:34,T0,T1,5.6ft,0.05s
4.24.2026 20:33:34,T0,T1,5.4ft,0.05s
4.24.2026 20:33:34,T0,T1,5.7ft,0.05s
4.24.2026 20:33:34,T0,T1,6.0ft,0.05s
4.24.2026 20:33:34,T0,T1,6.3ft,0.05s
4.24.2026 20:33:34,T0,T1,6.6ft,0.05s
4.24.2026 20:33:34,T0,T1,6.1ft,0.05s
4.24.2026 20:33:34,T0,T1,5.8ft,0.05s
4.24.2026 20:33:34,T0,T1,5.5ft,0.05s
4.24.2026 20:33:34,T0,T1,5.3ft,0.05s
4.24.2026 20:33:34,T0,T1,5.2ft,0.05s
4.24.2026 20:33:34,T0,T1,5.5ft,0.05s
4.24.2026 20:33:34,T0,T1,5.8ft,0.05s
4.24.2026 20:33:34,T0,T1,5.5ft,0.05s
4.24.2026 20:33:34,T0,T1,5.3ft,0.05s
4.24.2026 20:33:34,T0,T1,5.2ft,0.05s
4.24.2026 20:33:34,T0,T1,5.1ft,0.05s
4.24.2026 20:33:34,T0,T1,5.0ft,0.05s
4.24.2026 20:33:35,T0,T1,5.0ft,0.05s
4.24.2026 20:33:35,T0,T1,5.3ft,0.05s
4.24.2026 20:33:35,T0,T1,5.6ft,0.05s
4.24.2026 20:33:35,T0,T1,5.4ft,0.05s
4.24.2026 20:33:35,T0,T1,5.4ft,0.05s
4.24.2026 20:33:35,T0,T1,5.3ft,0.05s
4.24.2026 20:33:35,T0,T1,5.2ft,0.05s
4.24.2026 20:33:35,T0,T1,5.2ft,0.05s
4.24.2026 20:33:35,T0,T1,5.2ft,0.05s
4.24.2026 20:33:35,T0,T1,5.1ft,0.05s
4.24.2026 20:33:35,T0,T1,5.4ft,0.05s
4.24.2026 20:33:35,T0,T1,5.3ft,0.05s
4.24.2026 20:33:35,T0,T1,5.2ft,0.05s
4.24.2026 20:33:35,T0,T1,5.5ft,0.05s
4.24.2026 20:33:35,T0,T1,5.4ft,0.05s
4.24.2026 20:33:35,T0,T1,5.3ft,0.05s
4.24.2026 20:33:35,T0,T1,5.0ft,0.05s
4.24.2026 20:33:35,T0,T1,5.0ft,0.05s
4.24.2026 20:33:35,T0,T1,5.0ft,0.05s
4.24.2026 20:33:35,T0,T1,4.9ft,0.05s
4.24.2026 20:33:36,T0,T1,4.9ft,0.05s
4.24.2026 20:33:36,T0,T1,5.0ft,0.05s
4.24.2026 20:33:36,T0,T1,5.0ft,0.05s
4.24.2026 20:33:36,T0,T1,5.0ft,0.05s
4.24.2026 20:33:36,T0,T1,5.0ft,0.05s
4.24.2026 20:33:36,T0,T1,5.0ft,0.05s
4.24.2026 20:33:36,T0,T1,5.0ft,0.05s
4.24.2026 20:33:36,T0,T1,5.0ft,0.05s
4.24.2026 20:33:36,T0,T1,5.0ft,0.05s
4.24.2026 20:33:36,T0,T1,5.0ft,0.05s
4.24.2026 20:33:36,T0,T1,5.0ft,0.05s
4.24.2026 20:33:36,T0,T1,5.0ft,0.05s
4.24.2026 20:33:36,T0,T1,5.0ft,0.05s
4.24.2026 20:33:36,T0,T1,5.1ft,0.05s
4.24.2026 20:33:36,T0,T1,5.0ft,0.05s
4.24.2026 20:33:36,T0,T1,5.0ft,0.05s
4.24.2026 20:33:36,T0,T1,5.0ft,0.05s
4.24.2026 20:33:36,T0,T1,5.0ft,0.05s
4.24.2026 20:33:36,T0,T1,5.0ft,0.05s
4.24.2026 20:33:36,T0,T1,5.1ft,0.05s
4.24.2026 20:33:37,T0,T1,5.3ft,0.05s
4.24.2026 20:33:37,T0,T1,5.6ft,0.06s
4.24.2026 20:33:37,T0,T1,5.9ft,0.05s
4.24.2026 20:33:37,T0,T1,5.7ft,0.05s
4.24.2026 20:33:37,T0,T1,5.6ft,0.05s
4.24.2026 20:33:37,T0,T1,5.5ft,0.05s
4.24.2026 20:33:37,T0,T1,5.4ft,0.05s
4.24.2026 20:33:37,T0,T1,5.3ft,0.05s
4.24.2026 20:33:37,T0,T1,5.2ft,0.05s
4.24.2026 20:33:37,T0,T1,5.2ft,0.05s
4.24.2026 20:33:37,T0,T1,5.5ft,0.05s
4.24.2026 20:33:37,T0,T1,5.8ft,0.05s
4.24.2026 20:33:37,T0,T1,5.6ft,0.05s
4.24.2026 20:33:37,T0,T1,5.5ft,0.05s
4.24.2026 20:33:37,T0,T1,5.1ft,0.05s
4.24.2026 20:33:37,T0,T1,5.1ft,0.06s
4.24.2026 20:33:37,T0,T1,5.1ft,0.05s
4.24.2026 20:33:37,T0,T1,5.0ft,0.05s
4.24.2026 20:33:37,T0,T1,5.1ft,0.05s
4.24.2026 20:33:38,T0,T1,5.1ft,0.05s
4.24.2026 20:33:38,T0,T1,5.1ft,0.05s
4.24.2026 20:33:38,T0,T1,5.1ft,0.05s
4.24.2026 20:33:38,T0,T1,5.0ft,0.05s
4.24.2026 20:33:38,T0,T1,5.0ft,0.05s
4.24.2026 20:33:38,T0,T1,5.0ft,0.05s
4.24.2026 20:33:38,T0,T1,5.0ft,0.05s
4.24.2026 20:33:38,T0,T1,5.0ft,0.05s
4.24.2026 20:33:38,T0,T1,5.0ft,0.05s
4.24.2026 20:33:38,T0,T1,5.0ft,0.05s
4.24.2026 20:33:38,T0,T1,5.0ft,0.05s
4.24.2026 20:33:38,T0,T1,5.2ft,0.05s
4.24.2026 20:33:38,T0,T1,5.5ft,0.05s
4.24.2026 20:33:38,T0,T1,5.8ft,0.05s
4.24.2026 20:33:38,T0,T1,6.1ft,0.05s
4.24.2026 20:33:38,T0,T1,6.4ft,0.05s
4.24.2026 20:33:38,T0,T1,6.6ft,0.05s
4.24.2026 20:33:38,T0,T1,6.2ft,0.05s
4.24.2026 20:33:38,T0,T1,5.8ft,0.05s
4.24.2026 20:33:38,T0,T1,5.5ft,0.05s
4.24.2026 20:33:39,T0,T1,5.3ft,0.05s
4.24.2026 20:33:39,T0,T1,5.2ft,0.05s
4.24.2026 20:33:39,T0,T1,5.1ft,0.05s
4.24.2026 20:33:39,T0,T1,5.1ft,0.05s
4.24.2026 20:33:39,T0,T1,5.0ft,0.05s
4.24.2026 20:33:39,T0,T1,5.0ft,0.05s
4.24.2026 20:33:39,T0,T1,5.0ft,0.05s
4.24.2026 20:33:39,T0,T1,5.0ft,0.05s
4.24.2026 20:33:39,T0,T1,5.0ft,0.05s
4.24.2026 20:33:39,T0,T1,5.0ft,0.05s
4.24.2026 20:33:39,T0,T1,5.0ft,0.05s
4.24.2026 20:33:39,T0,T1,5.0ft,0.05s
4.24.2026 20:33:39,T0,T1,5.0ft,0.05s
4.24.2026 20:33:39,T0,T1,4.9ft,0.05s
4.24.2026 20:33:39,T0,T1,5.1ft,0.05s
4.24.2026 20:33:39,T0,T1,4.9ft,0.05s
4.24.2026 20:33:39,T0,T1,5.1ft,0.05s
4.24.2026 20:33:39,T0,T1,5.0ft,0.05s
4.24.2026 20:33:39,T0,T1,5.0ft,0.05s
4.24.2026 20:33:40,T0,T1,5.0ft,0.05s
4.24.2026 20:33:40,T0,T1,5.0ft,0.05s
4.24.2026 20:33:40,T0,T1,5.0ft,0.05s
4.24.2026 20:33:40,T0,T1,5.0ft,0.05s
4.24.2026 20:33:40,T0,T1,5.0ft,0.05s
4.24.2026 20:33:40,T0,T1,5.0ft,0.05s
4.24.2026 20:33:40,T0,T1,5.0ft,0.05s
4.24.2026 20:33:40,T0,T1,5.0ft,0.05s
4.24.2026 20:33:40,T0,T1,5.0ft,0.05s
4.24.2026 20:33:40,T0,T1,5.0ft,0.05s
4.24.2026 20:33:40,T0,T1,5.2ft,0.05s
4.24.2026 20:33:40,T0,T1,5.5ft,0.05s
4.24.2026 20:33:40,T0,T1,5.3ft,0.05s
4.24.2026 20:33:40,T0,T1,5.2ft,0.05s
4.24.2026 20:33:40,T0,T1,5.1ft,0.05s
4.24.2026 20:33:40,T0,T1,5.0ft,0.05s
4.24.2026 20:33:40,T0,T1,5.0ft,0.05s
4.24.2026 20:33:40,T0,T1,5.0ft,0.05s
4.24.2026 20:33:40,T0,T1,5.0ft,0.05s
4.24.2026 20:33:40,T0,T1,5.0ft,0.05s
4.24.2026 20:33:41,T0,T1,5.0ft,0.05s
4.24.2026 20:33:41,T0,T1,5.0ft,0.05s
4.24.2026 20:33:41,T0,T1,5.1ft,0.05s
4.24.2026 20:33:41,T0,T1,5.3ft,0.05s
4.24.2026 20:33:41,T0,T1,5.6ft,0.05s
4.24.2026 20:33:41,T0,T1,5.5ft,0.05s
4.24.2026 20:33:41,T0,T1,5.4ft,0.05s
4.24.2026 20:33:41,T0,T1,5.0ft,0.05s
4.24.2026 20:33:41,T0,T1,5.0ft,0.05s
4.24.2026 20:33:41,T0,T1,5.0ft,0.05s
4.24.2026 20:33:41,T0,T1,5.2ft,0.05s
4.24.2026 20:33:41,T0,T1,5.1ft,0.05s
4.24.2026 20:33:41,T0,T1,5.0ft,0.05s
4.24.2026 20:33:41,T0,T1,5.0ft,0.05s
4.24.2026 20:33:41,T0,T1,5.0ft,0.05s
4.24.2026 20:33:41,T0,T1,5.0ft,0.05s
4.24.2026 20:33:41,T0,T1,5.2ft,0.05s
4.24.2026 20:33:41,T0,T1,5.5ft,0.05s
4.24.2026 20:33:41,T0,T1,5.8ft,0.05s
4.24.2026 20:33:41,T0,T1,5.6ft,0.05s
4.24.2026 20:33:42,T0,T1,5.5ft,0.05s
4.24.2026 20:33:42,T0,T1,5.4ft,0.05s
4.24.2026 20:33:42,T0,T1,5.3ft,0.05s
4.24.2026 20:33:42,T0,T1,5.2ft,0.05s
4.24.2026 20:33:42,T0,T1,5.2ft,0.05s
4.24.2026 20:33:42,T0,T1,5.1ft,0.05s
4.24.2026 20:33:42,T0,T1,5.1ft,0.05s
4.24.2026 20:33:42,T0,T1,5.1ft,0.05s
4.24.2026 20:33:42,T0,T1,5.1ft,0.05s
4.24.2026 20:33:42,T0,T1,5.1ft,0.05s
4.24.2026 20:33:42,T0,T1,5.0ft,0.05s
4.24.2026 20:33:42,T0,T1,5.0ft,0.05s
4.24.2026 20:33:42,T0,T1,4.9ft,0.05s
4.24.2026 20:33:42,T0,T1,4.9ft,0.05s
4.24.2026 20:33:42,T0,T1,5.0ft,0.05s
4.24.2026 20:33:42,T0,T1,5.2ft,0.05s
4.24.2026 20:33:42,T0,T1,5.5ft,0.05s
4.24.2026 20:33:42,T0,T1,5.9ft,0.05s
4.24.2026 20:33:42,T0,T1,6.2ft,0.05s
4.24.2026 20:33:43,T0,T1,5.8ft,0.05s
4.24.2026 20:33:43,T0,T1,5.5ft,0.05s
4.24.2026 20:33:43,T0,T1,5.8ft,0.05s
4.24.2026 20:33:43,T0,T1,6.1ft,0.05s
4.24.2026 20:33:43,T0,T1,5.8ft,0.05s
4.24.2026 20:33:43,T0,T1,5.5ft,0.05s
4.24.2026 20:33:43,T0,T1,5.3ft,0.05s
4.24.2026 20:33:43,T0,T1,5.2ft,0.05s
4.24.2026 20:33:43,T0,T1,4.9ft,0.05s
4.24.2026 20:33:43,T0,T1,4.9ft,0.05s
4.24.2026 20:33:43,T0,T1,4.9ft,0.05s
4.24.2026 20:33:43,T0,T1,4.9ft,0.06s
4.24.2026 20:33:43,T0,T1,4.9ft,0.05s
4.24.2026 20:33:43,T0,T1,4.9ft,0.05s
4.24.2026 20:33:43,T0,T1,5.0ft,0.05s
4.24.2026 20:33:43,T0,T1,5.0ft,0.05s
4.24.2026 20:33:43,T0,T1,5.0ft,0.05s
4.24.2026 20:33:43,T0,T1,5.0ft,0.05s
4.24.2026 20:33:43,T0,T1,5.0ft,0.05s
4.24.2026 20:33:43,T0,T1,5.1ft,0.05s
4.24.2026 20:33:44,T0,T1,5.1ft,0.05s
4.24.2026 20:33:44,T0,T1,5.1ft,0.05s
4.24.2026 20:33:44,T0,T1,5.1ft,0.05s
4.24.2026 20:33:44,T0,T1,5.1ft,0.05s
4.24.2026 20:33:44,T0,T1,5.1ft,0.05s
4.24.2026 20:33:44,T0,T1,5.0ft,0.05s
4.24.2026 20:33:44,T0,T1,5.3ft,0.05s
4.24.2026 20:33:44,T0,T1,5.2ft,0.05s
4.24.2026 20:33:44,T0,T1,5.2ft,0.05s
4.24.2026 20:33:44,T0,T1,5.1ft,0.05s
4.24.2026 20:33:44,T0,T1,5.1ft,0.05s
4.24.2026 20:33:44,T0,T1,5.1ft,0.05s
4.24.2026 20:33:44,T0,T1,5.1ft,0.05s
4.24.2026 20:33:44,T0,T1,5.0ft,0.05s
4.24.2026 20:33:44,T0,T1,5.0ft,0.05s
4.24.2026 20:33:44,T0,T1,5.0ft,0.05s
4.24.2026 20:33:44,T0,T1,5.0ft,0.05s
4.24.2026 20:33:44,T0,T1,5.0ft,0.05s
4.24.2026 20:33:44,T0,T1,5.0ft,0.05s
4.24.2026 20:33:45,T0,T1,4.9ft,0.05s
4.24.2026 20:33:45,T0,T1,4.9ft,0.05s
4.24.2026 20:33:45,T0,T1,5.3ft,0.05s
4.24.2026 20:33:45,T0,T1,5.0ft,0.05s
4.24.2026 20:33:45,T0,T1,5.0ft,0.05s
4.24.2026 20:33:45,T0,T1,4.9ft,0.06s
4.24.2026 20:33:45,T0,T1,4.9ft,0.05s
4.24.2026 20:33:45,T0,T1,4.9ft,0.05s
4.24.2026 20:33:45,T0,T1,5.0ft,0.05s
4.24.2026 20:33:45,T0,T1,5.0ft,0.05s
4.24.2026 20:33:45,T0,T1,5.0ft,0.05s
4.24.2026 20:33:45,T0,T1,5.0ft,0.05s
4.24.2026 20:33:45,T0,T1,5.0ft,0.05s
4.24.2026 20:33:45,T0,T1,5.0ft,0.05s
4.24.2026 20:33:45,T0,T1,5.0ft,0.05s
4.24.2026 20:33:45,T0,T1,5.0ft,0.05s
4.24.2026 20:33:45,T0,T1,5.0ft,0.05s
4.24.2026 20:33:45,T0,T1,5.0ft,0.05s
4.24.2026 20:33:45,T0,T1,5.0ft,0.05s
4.24.2026 20:33:45,T0,T1,5.0ft,0.05s
4.24.2026 20:33:46,T0,T1,5.2ft,0.05s
4.24.2026 20:33:46,T0,T1,5.5ft,0.05s
4.24.2026 20:33:46,T0,T1,5.4ft,0.05s
4.24.2026 20:33:46,T0,T1,5.3ft,0.05s
4.24.2026 20:33:46,T0,T1,5.2ft,0.05s
4.24.2026 20:33:46,T0,T1,5.2ft,0.05s
4.24.2026 20:33:46,T0,T1,5.5ft,0.05s
4.24.2026 20:33:46,T0,T1,5.8ft,0.05s
4.24.2026 20:33:46,T0,T1,6.1ft,0.05s
4.24.2026 20:33:46,T0,T1,6.4ft,0.05s
4.24.2026 20:33:46,T0,T1,6.1ft,0.05s
4.24.2026 20:33:46,T0,T1,5.9ft,0.05s
4.24.2026 20:33:46,T0,T1,5.7ft,0.05s
4.24.2026 20:33:46,T0,T1,5.5ft,0.05s
4.24.2026 20:33:46,T0,T1,5.1ft,0.05s
4.24.2026 20:33:46,T0,T1,5.0ft,0.05s
4.24.2026 20:33:46,T0,T1,5.1ft,0.05s
4.24.2026 20:33:46,T0,T1,5.4ft,0.05s
4.24.2026 20:33:46,T0,T1,5.2ft,0.05s
4.24.2026 20:33:46,T0,T1,5.1ft,0.05s
4.24.2026 20:33:47,T0,T1,5.0ft,0.05s
4.24.2026 20:33:47,T0,T1,5.0ft,0.05s
4.24.2026 20:33:47,T0,T1,5.1ft,0.05s
4.24.2026 20:33:47,T0,T1,5.3ft,0.05s
4.24.2026 20:33:47,T0,T1,5.6ft,0.05s
4.24.2026 20:33:47,T0,T1,5.4ft,0.05s
4.24.2026 20:33:47,T0,T1,5.2ft,0.05s
4.24.2026 20:33:47,T0,T1,5.1ft,0.05s
4.24.2026 20:33:47,T0,T1,5.0ft,0.05s
4.24.2026 20:33:47,T0,T1,5.0ft,0.05s
4.24.2026 20:33:47,T0,T1,5.0ft,0.05s
4.24.2026 20:33:47,T0,T1,5.0ft,0.05s
4.24.2026 20:33:47,T0,T1,4.9ft,0.05s
4.24.2026 20:33:47,T0,T1,4.9ft,0.05s
4.24.2026 20:33:47,T0,T1,4.9ft,0.05s
4.24.2026 20:33:47,T0,T1,4.9ft,0.05s
4.24.2026 20:33:47,T0,T1,5.0ft,0.05s
4.24.2026 20:33:47,T0,T1,5.0ft,0.05s
4.24.2026 20:33:47,T0,T1,5.1ft,0.05s
4.24.2026 20:33:48,T0,T1,5.1ft,0.05s
4.24.2026 20:33:48,T0,T1,5.0ft,0.05s
4.24.2026 20:33:48,T0,T1,5.0ft,0.05s
4.24.2026 20:33:48,T0,T1,5.0ft,0.05s
4.24.2026 20:33:48,T0,T1,4.9ft,0.05s
4.24.2026 20:33:48,T0,T1,5.0ft,0.05s
4.24.2026 20:33:48,T0,T1,5.2ft,0.05s
4.24.2026 20:33:48,T0,T1,5.5ft,0.05s
4.24.2026 20:33:48,T0,T1,5.3ft,0.05s
4.24.2026 20:33:48,T0,T1,5.1ft,0.05s
4.24.2026 20:33:48,T0,T1,4.9ft,0.05s
4.24.2026 20:33:48,T0,T1,5.0ft,0.05s
4.24.2026 20:33:48,T0,T1,5.2ft,0.05s
4.24.2026 20:33:48,T0,T1,5.5ft,0.05s
4.24.2026 20:33:48,T0,T1,5.3ft,0.05s
4.24.2026 20:33:48,T0,T1,5.2ft,0.05s
4.24.2026 20:33:48,T0,T1,5.1ft,0.05s
4.24.2026 20:33:48,T0,T1,5.0ft,0.05s
4.24.2026 20:33:48,T0,T1,5.0ft,0.05s
4.24.2026 20:33:48,T0,T1,5.0ft,0.05s
4.24.2026 20:33:49,T0,T1,4.9ft,0.05s
4.24.2026 20:33:49,T0,T1,5.0ft,0.05s
4.24.2026 20:33:49,T0,T1,5.0ft,0.05s
4.24.2026 20:33:49,T0,T1,5.0ft,0.05s
4.24.2026 20:33:49,T0,T1,4.9ft,0.05s
4.24.2026 20:33:49,T0,T1,4.9ft,0.05s
4.24.2026 20:33:49,T0,T1,4.9ft,0.05s
4.24.2026 20:33:49,T0,T1,4.9ft,0.05s
4.24.2026 20:33:49,T0,T1,4.9ft,0.05s
4.24.2026 20:33:49,T0,T1,4.9ft,0.05s
4.24.2026 20:33:49,T0,T1,4.9ft,0.05s
4.24.2026 20:33:49,T0,T1,4.9ft,0.05s
4.24.2026 20:33:49,T0,T1,4.9ft,0.05s
4.24.2026 20:33:49,T0,T1,5.0ft,0.05s
4.24.2026 20:33:49,T0,T1,5.2ft,0.05s
4.24.2026 20:33:49,T0,T1,5.5ft,0.05s
4.24.2026 20:33:49,T0,T1,5.8ft,0.05s
4.24.2026 20:33:49,T0,T1,6.1ft,0.05s
4.24.2026 20:33:49,T0,T1,6.4ft,0.05s
4.24.2026 20:33:50,T0,T1,6.6ft,0.05s
4.24.2026 20:33:50,T0,T1,6.1ft,0.05s
4.24.2026 20:33:50,T0,T1,5.8ft,0.05s
4.24.2026 20:33:50,T0,T1,5.2ft,0.05s
4.24.2026 20:33:50,T0,T1,4.9ft,0.05s
4.24.2026 20:33:50,T0,T1,4.9ft,0.05s
4.24.2026 20:33:50,T0,T1,4.9ft,0.05s
4.24.2026 20:33:50,T0,T1,4.9ft,0.05s
4.24.2026 20:33:50,T0,T1,5.0ft,0.05s
4.24.2026 20:33:50,T0,T1,5.2ft,0.05s
4.24.2026 20:33:50,T0,T1,5.1ft,0.05s
4.24.2026 20:33:50,T0,T1,5.4ft,0.05s
4.24.2026 20:33:50,T0,T1,5.7ft,0.05s
4.24.2026 20:33:50,T0,T1,6.0ft,0.05s
4.24.2026 20:33:50,T0,T1,5.7ft,0.05s
4.24.2026 20:33:50,T0,T1,6.0ft,0.05s
4.24.2026 20:33:50,T0,T1,6.3ft,0.05s
4.24.2026 20:33:50,T0,T1,5.9ft,0.05s
4.24.2026 20:33:50,T0,T1,5.6ft,0.05s
4.24.2026 20:33:50,T0,T1,5.4ft,0.05s
4.24.2026 20:33:51,T0,T1,5.2ft,0.05s
4.24.2026 20:33:51,T0,T1,5.5ft,0.05s
4.24.2026 20:33:51,T0,T1,5.3ft,0.05s
4.24.2026 20:33:51,T0,T1,5.2ft,0.06s
4.24.2026 20:33:51,T0,T1,5.1ft,0.05s
4.24.2026 20:33:51,T0,T1,5.0ft,0.05s
4.24.2026 20:33:51,T0,T1,5.0ft,0.05s
4.24.2026 20:33:51,T0,T1,5.0ft,0.05s
4.24.2026 20:33:51,T0,T1,5.0ft,0.05s
4.24.2026 20:33:51,T0,T1,5.1ft,0.05s
4.24.2026 20:33:51,T0,T1,5.4ft,0.05s
4.24.2026 20:33:51,T0,T1,5.7ft,0.05s
4.24.2026 20:33:51,T0,T1,5.4ft,0.05s
4.24.2026 20:33:51,T0,T1,5.3ft,0.05s
4.24.2026 20:33:51,T0,T1,5.1ft,0.05s
4.24.2026 20:33:51,T0,T1,5.1ft,0.05s
4.24.2026 20:33:51,T0,T1,5.0ft,0.05s
4.24.2026 20:33:51,T0,T1,5.0ft,0.05s
4.24.2026 20:33:51,T0,T1,5.0ft,0.05s
4.24.2026 20:33:52,T0,T1,5.0ft,0.05s
4.24.2026 20:33:52,T0,T1,5.0ft,0.05s
4.24.2026 20:33:52,T0,T1,5.2ft,0.05s
4.24.2026 20:33:52,T0,T1,5.2ft,0.05s
4.24.2026 20:33:52,T0,T1,5.1ft,0.05s
4.24.2026 20:33:52,T0,T1,5.1ft,0.05s
4.24.2026 20:33:52,T0,T1,5.1ft,0.05s
4.24.2026 20:33:52,T0,T1,5.1ft,0.05s
4.24.2026 20:33:52,T0,T1,5.1ft,0.05s
4.24.2026 20:33:52,T0,T1,5.0ft,0.05s
4.24.2026 20:33:52,T0,T1,5.0ft,0.05s
4.24.2026 20:33:52,T0,T1,5.0ft,0.05s
4.24.2026 20:33:52,T0,T1,5.0ft,0.05s
4.24.2026 20:33:52,T0,T1,4.9ft,0.05s
4.24.2026 20:33:52,T0,T1,4.9ft,0.05s
4.24.2026 20:33:52,T0,T1,4.9ft,0.05s
4.24.2026 20:33:52,T0,T1,5.7ft,0.05s
4.24.2026 20:33:52,T0,T1,6.0ft,0.05s
4.24.2026 20:33:52,T0,T1,6.3ft,0.05s
4.24.2026 20:33:52,T0,T1,6.5ft,0.05s
4.24.2026 20:33:53,T0,T1,6.8ft,0.05s
4.24.2026 20:33:53,T0,T1,7.0ft,0.05s
4.24.2026 20:33:53,T0,T1,7.2ft,0.05s
4.24.2026 20:33:53,T0,T1,7.4ft,0.05s
4.24.2026 20:33:53,T0,T1,6.1ft,0.05s
4.24.2026 20:33:53,T0,T1,5.4ft,0.05s
4.24.2026 20:33:53,T0,T1,5.2ft,0.05s
4.24.2026 20:33:53,T0,T1,5.1ft,0.05s
4.24.2026 20:33:53,T0,T1,5.0ft,0.05s
4.24.2026 20:33:53,T0,T1,5.0ft,0.05s
4.24.2026 20:33:53,T0,T1,5.0ft,0.05s
4.24.2026 20:33:53,T0,T1,5.0ft,0.05s
4.24.2026 20:33:53,T0,T1,5.1ft,0.05s
4.24.2026 20:33:53,T0,T1,5.4ft,0.05s
4.24.2026 20:33:53,T0,T1,5.7ft,0.05s
4.24.2026 20:33:53,T0,T1,5.4ft,0.05s
4.24.2026 20:33:53,T0,T1,5.3ft,0.05s
4.24.2026 20:33:53,T0,T1,5.1ft,0.05s
4.24.2026 20:33:53,T0,T1,5.1ft,0.05s
4.24.2026 20:33:53,T0,T1,5.0ft,0.05s
4.24.2026 20:33:54,T0,T1,5.0ft,0.05s
4.24.2026 20:33:54,T0,T1,4.9ft,0.05s
4.24.2026 20:33:54,T0,T1,4.9ft,0.05s
4.24.2026 20:33:54,T0,T1,4.9ft,0.05s
4.24.2026 20:33:54,T0,T1,4.9ft,0.05s
4.24.2026 20:33:54,T0,T1,4.9ft,0.05s
4.24.2026 20:33:54,T0,T1,4.9ft,0.05s
4.24.2026 20:33:54,T0,T1,4.9ft,0.05s
4.24.2026 20:33:54,T0,T1,4.9ft,0.05s
4.24.2026 20:33:54,T0,T1,5.0ft,0.05s
4.24.2026 20:33:54,T0,T1,4.9ft,0.05s
4.24.2026 20:33:54,T0,T1,4.9ft,0.05s
4.24.2026 20:33:54,T0,T1,4.9ft,0.05s
4.24.2026 20:33:54,T0,T1,4.9ft,0.05s
4.24.2026 20:33:54,T0,T1,4.9ft,0.05s
4.24.2026 20:33:54,T0,T1,4.9ft,0.05s
4.24.2026 20:33:54,T0,T1,4.9ft,0.05s
4.24.2026 20:33:54,T0,T1,4.9ft,0.05s
4.24.2026 20:33:54,T0,T1,4.9ft,0.05s
4.24.2026 20:33:55,T0,T1,5.1ft,0.05s
4.24.2026 20:33:55,T0,T1,5.2ft,0.05s
4.24.2026 20:33:55,T0,T1,5.6ft,0.05s
4.24.2026 20:33:55,T0,T1,4.9ft,0.05s
4.24.2026 20:33:55,T0,T1,5.1ft,0.05s
4.24.2026 20:33:55,T0,T1,5.0ft,0.05s
4.24.2026 20:33:55,T0,T1,4.9ft,0.05s
4.24.2026 20:33:55,T0,T1,4.9ft,0.05s
4.24.2026 20:33:55,T0,T1,5.0ft,0.05s
4.24.2026 20:33:55,T0,T1,5.0ft,0.05s
4.24.2026 20:33:55,T0,T1,5.0ft,0.05s
4.24.2026 20:33:55,T0,T1,5.0ft,0.05s
4.24.2026 20:33:55,T0,T1,5.0ft,0.05s
4.24.2026 20:33:55,T0,T1,5.0ft,0.05s
4.24.2026 20:33:55,T0,T1,4.9ft,0.05s
4.24.2026 20:33:55,T0,T1,5.1ft,0.05s
4.24.2026 20:33:55,T0,T1,5.3ft,0.05s
4.24.2026 20:33:55,T0,T1,5.6ft,0.05s
4.24.2026 20:33:55,T0,T1,5.4ft,0.05s
4.24.2026 20:33:55,T0,T1,5.2ft,0.06s
4.24.2026 20:33:56,T0,T1,5.1ft,0.05s
4.24.2026 20:33:56,T0,T1,5.0ft,0.05s
4.24.2026 20:33:56,T0,T1,5.0ft,0.05s
4.24.2026 20:33:56,T0,T1,4.9ft,0.05s
4.24.2026 20:33:56,T0,T1,5.1ft,0.05s
4.24.2026 20:33:56,T0,T1,5.0ft,0.05s
4.24.2026 20:33:56,T0,T1,5.0ft,0.05s
4.24.2026 20:33:56,T0,T1,5.0ft,0.05s
4.24.2026 20:33:56,T0,T1,5.3ft,0.05s
4.24.2026 20:33:56,T0,T1,5.6ft,0.05s
4.24.2026 20:33:56,T0,T1,5.9ft,0.05s
4.24.2026 20:33:56,T0,T1,5.7ft,0.05s
4.24.2026 20:33:56,T0,T1,5.4ft,0.05s
4.24.2026 20:33:56,T0,T1,5.3ft,0.05s
4.24.2026 20:33:56,T0,T1,5.0ft,0.05s
4.24.2026 20:33:56,T0,T1,4.9ft,0.05s
4.24.2026 20:33:56,T0,T1,5.1ft,0.05s
4.24.2026 20:33:56,T0,T1,5.4ft,0.05s
4.24.2026 20:33:56,T0,T1,5.7ft,0.05s
4.24.2026 20:33:56,T0,T1,6.0ft,0.05s
4.24.2026 20:33:57,T0,T1,6.3ft,0.05s
4.24.2026 20:33:57,T0,T1,6.6ft,0.05s
4.24.2026 20:33:57,T0,T1,6.2ft,0.05s
4.24.2026 20:33:57,T0,T1,5.9ft,0.05s
4.24.2026 20:33:57,T0,T1,5.7ft,0.05s
4.24.2026 20:33:57,T0,T1,5.5ft,0.05s
4.24.2026 20:33:57,T0,T1,5.4ft,0.05s
4.24.2026 20:33:57,T0,T1,5.3ft,0.05s
4.24.2026 20:33:57,T0,T1,5.2ft,0.05s
4.24.2026 20:33:57,T0,T1,5.2ft,0.05s
4.24.2026 20:33:57,T0,T1,5.1ft,0.05s
4.24.2026 20:33:57,T0,T1,4.9ft,0.05s
4.24.2026 20:33:57,T0,T1,4.9ft,0.05s
4.24.2026 20:33:57,T0,T1,5.0ft,0.05s
4.24.2026 20:33:57,T0,T1,4.9ft,0.05s
4.24.2026 20:33:57,T0,T1,4.9ft,0.05s
4.24.2026 20:33:57,T0,T1,4.9ft,0.05s
4.24.2026 20:33:57,T0,T1,5.1ft,0.05s
4.24.2026 20:33:57,T0,T1,5.0ft,0.05s
4.24.2026 20:33:58,T0,T1,5.0ft,0.05s
4.24.2026 20:33:58,T0,T1,4.9ft,0.05s
4.24.2026 20:33:58,T0,T1,4.9ft,0.05s
4.24.2026 20:33:58,T0,T1,4.9ft,0.05s
4.24.2026 20:33:58,T0,T1,4.9ft,0.05s
4.24.2026 20:33:58,T0,T1,4.9ft,0.05s
4.24.2026 20:33:58,T0,T1,5.0ft,0.05s
4.24.2026 20:33:58,T0,T1,5.0ft,0.06s
4.24.2026 20:33:58,T0,T1,5.0ft,0.05s
4.24.2026 20:33:58,T0,T1,4.9ft,0.05s
4.24.2026 20:33:58,T0,T1,5.0ft,0.05s
4.24.2026 20:33:58,T0,T1,5.0ft,0.05s
4.24.2026 20:33:58,T0,T1,5.8ft,0.05s
4.24.2026 20:33:58,T0,T1,5.5ft,0.05s
4.24.2026 20:33:58,T0,T1,5.1ft,0.05s
4.24.2026 20:33:58,T0,T1,5.0ft,0.05s
4.24.2026 20:33:58,T0,T1,5.2ft,0.05s
4.24.2026 20:33:58,T0,T1,5.5ft,0.05s
4.24.2026 20:33:58,T0,T1,5.8ft,0.05s
4.24.2026 20:33:58,T0,T1,6.1ft,0.05s
4.24.2026 20:33:59,T0,T1,6.4ft,0.05s
4.24.2026 20:33:59,T0,T1,6.0ft,0.06s
4.24.2026 20:33:59,T0,T1,5.7ft,0.05s
4.24.2026 20:33:59,T0,T1,5.4ft,0.05s
4.24.2026 20:33:59,T0,T1,5.3ft,0.05s
4.24.2026 20:33:59,T0,T1,5.1ft,0.05s
4.24.2026 20:33:59,T0,T1,5.4ft,0.05s
4.24.2026 20:33:59,T0,T1,5.3ft,0.05s
4.24.2026 20:33:59,T0,T1,5.2ft,0.05s
4.24.2026 20:33:59,T0,T1,5.1ft,0.05s
4.24.2026 20:33:59,T0,T1,5.1ft,0.05s
4.24.2026 20:33:59,T0,T1,5.1ft,0.05s
4.24.2026 20:33:59,T0,T1,5.1ft,0.05s
4.24.2026 20:33:59,T0,T1,5.3ft,0.05s
4.24.2026 20:33:59,T0,T1,5.6ft,0.05s
4.24.2026 20:33:59,T0,T1,5.5ft,0.05s
4.24.2026 20:33:59,T0,T1,5.8ft,0.05s
4.24.2026 20:33:59,T0,T1,6.1ft,0.05s
4.24.2026 20:33:59,T0,T1,5.9ft,0.05s
4.24.2026 20:34:00,T0,T1,5.7ft,0.05s
4.24.2026 20:34:00,T0,T1,5.1ft,0.05s
4.24.2026 20:34:00,T0,T1,5.0ft,0.05s
4.24.2026 20:34:00,T0,T1,5.0ft,0.05s
4.24.2026 20:34:00,T0,T1,5.0ft,0.05s
4.24.2026 20:34:00,T0,T1,5.0ft,0.05s
4.24.2026 20:34:00,T0,T1,5.0ft,0.05s
4.24.2026 20:34:00,T0,T1,5.1ft,0.05s
4.24.2026 20:34:00,T0,T1,5.1ft,0.05s
4.24.2026 20:34:00,T0,T1,5.0ft,0.05s
4.24.2026 20:34:00,T0,T1,5.0ft,0.05s
4.24.2026 20:34:00,T0,T1,5.0ft,0.05s
4.24.2026 20:34:00,T0,T1,5.0ft,0.05s
4.24.2026 20:34:00,T0,T1,5.1ft,0.05s
4.24.2026 20:34:00,T0,T1,5.4ft,0.05s
4.24.2026 20:34:00,T0,T1,5.7ft,0.05s
4.24.2026 20:34:00,T0,T1,5.4ft,0.05s
4.24.2026 20:34:00,T0,T1,5.3ft,0.05s
4.24.2026 20:34:00,T0,T1,5.1ft,0.05s
4.24.2026 20:34:00,T0,T1,5.1ft,0.05s
4.24.2026 20:34:01,T0,T1,5.3ft,0.05s
4.24.2026 20:34:01,T0,T1,5.2ft,0.05s
4.24.2026 20:34:01,T0,T1,5.1ft,0.05s
4.24.2026 20:34:01,T0,T1,5.0ft,0.05s
4.24.2026 20:34:01,T0,T1,5.0ft,0.05s
4.24.2026 20:34:01,T0,T1,4.9ft,0.05s
4.24.2026 20:34:01,T0,T1,5.1ft,0.06s
4.24.2026 20:34:01,T0,T1,5.4ft,0.05s
4.24.2026 20:34:01,T0,T1,5.7ft,0.05s
4.24.2026 20:34:01,T0,T1,5.4ft,0.05s
4.24.2026 20:34:01,T0,T1,5.3ft,0.05s
4.24.2026 20:34:01,T0,T1,5.1ft,0.05s
4.24.2026 20:34:01,T0,T1,5.0ft,0.05s
4.24.2026 20:34:01,T0,T1,5.0ft,0.05s
4.24.2026 20:34:01,T0,T1,4.9ft,0.05s
4.24.2026 20:34:01,T0,T1,4.9ft,0.05s
4.24.2026 20:34:01,T0,T1,4.9ft,0.05s
4.24.2026 20:34:01,T0,T1,4.9ft,0.05s
4.24.2026 20:34:01,T0,T1,4.9ft,0.05s
4.24.2026 20:34:02,T0,T1,4.9ft,0.05s
4.24.2026 20:34:02,T0,T1,4.9ft,0.05s
4.24.2026 20:34:02,T0,T1,5.1ft,0.05s
4.24.2026 20:34:02,T0,T1,5.4ft,0.05s
4.24.2026 20:34:02,T0,T1,5.3ft,0.05s
4.24.2026 20:34:02,T0,T1,5.2ft,0.05s
4.24.2026 20:34:02,T0,T1,5.2ft,0.05s
4.24.2026 20:34:02,T0,T1,5.1ft,0.05s
4.24.2026 20:34:02,T0,T1,5.4ft,0.05s
4.24.2026 20:34:02,T0,T1,5.7ft,0.05s
4.24.2026 20:34:02,T0,T1,6.0ft,0.05s
4.24.2026 20:34:02,T0,T1,5.8ft,0.05s
4.24.2026 20:34:02,T0,T1,5.6ft,0.05s
4.24.2026 20:34:02,T0,T1,5.5ft,0.05s
4.24.2026 20:34:02,T0,T1,5.4ft,0.05s
4.24.2026 20:34:02,T0,T1,5.3ft,0.05s
4.24.2026 20:34:02,T0,T1,5.2ft,0.05s
4.24.2026 20:34:02,T0,T1,5.1ft,0.05s
4.24.2026 20:34:02,T0,T1,5.2ft,0.05s
4.24.2026 20:34:02,T0,T1,5.0ft,0.05s
4.24.2026 20:34:03,T0,T1,5.1ft,0.05s
4.24.2026 20:34:03,T0,T1,5.4ft,0.05s
4.24.2026 20:34:03,T0,T1,5.8ft,0.05s
4.24.2026 20:34:03,T0,T1,5.5ft,0.05s
4.24.2026 20:34:03,T0,T1,5.3ft,0.05s
4.24.2026 20:34:03,T0,T1,5.2ft,0.05s
4.24.2026 20:34:03,T0,T1,5.1ft,0.05s
4.24.2026 20:34:03,T0,T1,5.0ft,0.05s
4.24.2026 20:34:03,T0,T1,5.0ft,0.05s
4.24.2026 20:34:03,T0,T1,4.9ft,0.05s
4.24.2026 20:34:03,T0,T1,5.1ft,0.05s
4.24.2026 20:34:03,T0,T1,5.4ft,0.05s
4.24.2026 20:34:03,T0,T1,5.7ft,0.05s
4.24.2026 20:34:03,T0,T1,6.0ft,0.05s
4.24.2026 20:34:03,T0,T1,5.7ft,0.06s
4.24.2026 20:34:03,T0,T1,5.4ft,0.05s
4.24.2026 20:34:03,T0,T1,5.0ft,0.05s
4.24.2026 20:34:03,T0,T1,5.0ft,0.05s
4.24.2026 20:34:03,T0,T1,5.0ft,0.05s
4.24.2026 20:34:03,T0,T1,5.0ft,0.05s
4.24.2026 20:34:04,T0,T1,5.0ft,0.05s
4.24.2026 20:34:04,T0,T1,5.0ft,0.05s
4.24.2026 20:34:04,T0,T1,5.0ft,0.05s
4.24.2026 20:34:04,T0,T1,5.0ft,0.05s
4.24.2026 20:34:04,T0,T1,5.2ft,0.05s
4.24.2026 20:34:04,T0,T1,5.4ft,0.05s
4.24.2026 20:34:04,T0,T1,5.8ft,0.05s
4.24.2026 20:34:04,T0,T1,6.1ft,0.05s
4.24.2026 20:34:04,T0,T1,5.7ft,0.05s
4.24.2026 20:34:04,T0,T1,5.2ft,0.05s
4.24.2026 20:34:04,T0,T1,5.4ft,0.05s
4.24.2026 20:34:04,T0,T1,5.3ft,0.05s
4.24.2026 20:34:04,T0,T1,5.1ft,0.05s
4.24.2026 20:34:04,T0,T1,5.1ft,0.05s
4.24.2026 20:34:04,T0,T1,5.3ft,0.05s
4.24.2026 20:34:04,T0,T1,5.2ft,0.05s
4.24.2026 20:34:04,T0,T1,5.1ft,0.05s
4.24.2026 20:34:04,T0,T1,5.0ft,0.05s
4.24.2026 20:34:04,T0,T1,5.0ft,0.05s
4.24.2026 20:34:05,T0,T1,5.0ft,0.05s
4.24.2026 20:34:05,T0,T1,4.9ft,0.05s
4.24.2026 20:34:05,T0,T1,5.0ft,0.05s
4.24.2026 20:34:05,T0,T1,5.0ft,0.05s
4.24.2026 20:34:05,T0,T1,5.0ft,0.05s
4.24.2026 20:34:05,T0,T1,4.9ft,0.05s
4.24.2026 20:34:05,T0,T1,5.1ft,0.05s
4.24.2026 20:34:05,T0,T1,5.4ft,0.05s
4.24.2026 20:34:05,T0,T1,5.7ft,0.05s
4.24.2026 20:34:05,T0,T1,5.4ft,0.05s
4.24.2026 20:34:05,T0,T1,5.8ft,0.05s
4.24.2026 20:34:05,T0,T1,6.1ft,0.05s
4.24.2026 20:34:05,T0,T1,6.4ft,0.05s
4.24.2026 20:34:05,T0,T1,6.6ft,0.05s
4.24.2026 20:34:05,T0,T1,6.9ft,0.05s
4.24.2026 20:34:05,T0,T1,7.1ft,0.05s
4.24.2026 20:34:05,T0,T1,7.3ft,0.05s
4.24.2026 20:34:05,T0,T1,6.6ft,0.05s
4.24.2026 20:34:05,T0,T1,5.6ft,0.05s
4.24.2026 20:34:05,T0,T1,5.4ft,0.05s
4.24.2026 20:34:06,T0,T1,5.2ft,0.05s
4.24.2026 20:34:06,T0,T1,5.5ft,0.05s
4.24.2026 20:34:06,T0,T1,5.9ft,0.05s
4.24.2026 20:34:06,T0,T1,5.6ft,0.05s
4.24.2026 20:34:06,T0,T1,5.9ft,0.05s
4.24.2026 20:34:06,T0,T1,6.2ft,0.05s
4.24.2026 20:34:06,T0,T1,6.5ft,0.05s
4.24.2026 20:34:06,T0,T1,6.0ft,0.05s
4.24.2026 20:34:06,T0,T1,6.3ft,0.05s
4.24.2026 20:34:06,T0,T1,6.6ft,0.05s
4.24.2026 20:34:06,T0,T1,6.1ft,0.05s
4.24.2026 20:34:06,T0,T1,5.8ft,0.05s
4.24.2026 20:34:06,T0,T1,5.5ft,0.05s
4.24.2026 20:34:06,T0,T1,5.1ft,0.05s
4.24.2026 20:34:06,T0,T1,5.0ft,0.05s
4.24.2026 20:34:06,T0,T1,5.0ft,0.05s
4.24.2026 20:34:06,T0,T1,5.0ft,0.05s
4.24.2026 20:34:06,T0,T1,5.1ft,0.05s
4.24.2026 20:34:06,T0,T1,5.0ft,0.05s
4.24.2026 20:34:06,T0,T1,5.0ft,0.05s
4.24.2026 20:34:07,T0,T1,5.0ft,0.05s
4.24.2026 20:34:07,T0,T1,5.0ft,0.05s
4.24.2026 20:34:07,T0,T1,4.9ft,0.05s
4.24.2026 20:34:07,T0,T1,4.9ft,0.05s
4.24.2026 20:34:07,T0,T1,4.9ft,0.05s
4.24.2026 20:34:07,T0,T1,4.9ft,0.05s
4.24.2026 20:34:07,T0,T1,4.9ft,0.05s
4.24.2026 20:34:07,T0,T1,4.9ft,0.05s
4.24.2026 20:34:07,T0,T1,4.9ft,0.05s
4.24.2026 20:34:07,T0,T1,4.9ft,0.05s
4.24.2026 20:34:07,T0,T1,4.9ft,0.05s
4.24.2026 20:34:07,T0,T1,4.9ft,0.05s
4.24.2026 20:34:07,T0,T1,4.9ft,0.05s
4.24.2026 20:34:07,T0,T1,4.8ft,0.05s
4.24.2026 20:34:07,T0,T1,4.8ft,0.05s
4.24.2026 20:34:07,T0,T1,4.9ft,0.05s
4.24.2026 20:34:07,T0,T1,5.0ft,0.05s
4.24.2026 20:34:07,T0,T1,5.0ft,0.05s
4.24.2026 20:34:07,T0,T1,4.9ft,0.05s
4.24.2026 20:34:08,T0,T1,4.9ft,0.05s
4.24.2026 20:34:08,T0,T1,4.9ft,0.05s
4.24.2026 20:34:08,T0,T1,4.9ft,0.05s
4.24.2026 20:34:08,T0,T1,4.9ft,0.05s
4.24.2026 20:34:08,T0,T1,5.0ft,0.05s
4.24.2026 20:34:08,T0,T1,5.2ft,0.05s
4.24.2026 20:34:08,T0,T1,5.5ft,0.05s
4.24.2026 20:34:08,T0,T1,5.8ft,0.05s
4.24.2026 20:34:08,T0,T1,6.1ft,0.05s
4.24.2026 20:34:08,T0,T1,6.4ft,0.05s
4.24.2026 20:34:08,T0,T1,6.0ft,0.05s
4.24.2026 20:34:08,T0,T1,6.3ft,0.05s
4.24.2026 20:34:08,T0,T1,4.4ft,0.05s
4.24.2026 20:34:08,T0,T1,4.4ft,0.05s
4.24.2026 20:34:08,T0,T1,4.4ft,0.05s
4.24.2026 20:34:08,T0,T1,4.4ft,0.05s
4.24.2026 20:34:08,T0,T1,4.4ft,0.05s
4.24.2026 20:34:08,T0,T1,4.4ft,0.05s
4.24.2026 20:34:08,T0,T1,4.4ft,0.05s
4.24.2026 20:34:08,T0,T1,4.4ft,0.05s
4.24.2026 20:34:09,T0,T1,4.4ft,0.05s
4.24.2026 20:34:09,T0,T1,4.4ft,0.05s
4.24.2026 20:34:09,T0,T1,4.4ft,0.05s
4.24.2026 20:34:09,T0,T1,4.4ft,0.05s
4.24.2026 20:34:09,T0,T1,4.4ft,0.05s
4.24.2026 20:34:09,T0,T1,4.4ft,0.05s
4.24.2026 20:34:09,T0,T1,4.4ft,0.05s
4.24.2026 20:34:09,T0,T1,4.4ft,0.05s
4.24.2026 20:34:09,T0,T1,4.4ft,0.05s
4.24.2026 20:34:09,T0,T1,4.4ft,0.05s
4.24.2026 20:34:09,T0,T1,4.4ft,0.05s
4.24.2026 20:34:09,T0,T1,4.4ft,0.05s
4.24.2026 20:34:09,T0,T1,4.4ft,0.05s
4.24.2026 20:34:09,T0,T1,4.4ft,0.05s
4.24.2026 20:34:09,T0,T1,4.4ft,0.05s
4.24.2026 20:34:09,T0,T1,4.4ft,0.05s
4.24.2026 20:34:09,T0,T1,4.4ft,0.05s
4.24.2026 20:34:09,T0,T1,4.4ft,0.05s
4.24.2026 20:34:09,T0,T1,4.4ft,0.05s
4.24.2026 20:34:10,T0,T1,4.4ft,0.05s
4.24.2026 20:34:10,T0,T1,4.4ft,0.05s
4.24.2026 20:34:10,T0,T1,4.4ft,0.05s
4.24.2026 20:34:10,T0,T1,4.4ft,0.05s
4.24.2026 20:34:10,T0,T1,4.4ft,0.05s
4.24.2026 20:34:10,T0,T1,4.4ft,0.05s
4.24.2026 20:34:10,T0,T1,4.4ft,0.05s
4.24.2026 20:34:10,T0,T1,4.5ft,0.05s
4.24.2026 20:34:10,T0,T1,4.4ft,0.05s
4.24.2026 20:34:10,T0,T1,4.4ft,0.05s
4.24.2026 20:34:10,T0,T1,4.4ft,0.05s
4.24.2026 20:34:10,T0,T1,4.4ft,0.05s
4.24.2026 20:34:10,T0,T1,4.4ft,0.05s
4.24.2026 20:34:10,T0,T1,4.4ft,0.05s
4.24.2026 20:34:10,T0,T1,4.4ft,0.05s
4.24.2026 20:34:10,T0,T1,4.4ft,0.05s
4.24.2026 20:34:10,T0,T1,4.4ft,0.05s
4.24.2026 20:34:10,T0,T1,4.4ft,0.05s
4.24.2026 20:34:10,T0,T1,4.4ft,0.05s
4.24.2026 20:34:10,T0,T1,4.4ft,0.05s
4.24.2026 20:34:11,T0,T1,4.4ft,0.05s
4.24.2026 20:34:11,T0,T1,4.4ft,0.05s
4.24.2026 20:34:11,T0,T1,4.4ft,0.05s
4.24.2026 20:34:11,T0,T1,4.4ft,0.05s
4.24.2026 20:34:11,T0,T1,4.4ft,0.05s
4.24.2026 20:34:11,T0,T1,4.4ft,0.05s
4.24.2026 20:34:11,T0,T1,4.4ft,0.05s
4.24.2026 20:34:11,T0,T1,4.4ft,0.05s
4.24.2026 20:34:11,T0,T1,4.4ft,0.05s
4.24.2026 20:34:11,T0,T1,4.4ft,0.05s
4.24.2026 20:34:11,T0,T1,4.4ft,0.05s
4.24.2026 20:34:11,T0,T1,4.5ft,0.05s
4.24.2026 20:34:11,T0,T1,4.5ft,0.05s
4.24.2026 20:34:11,T0,T1,4.5ft,0.05s
4.24.2026 20:34:11,T0,T1,4.5ft,0.05s
4.24.2026 20:34:11,T0,T1,4.4ft,0.05s
4.24.2026 20:34:11,T0,T1,4.4ft,0.05s
4.24.2026 20:34:11,T0,T1,4.4ft,0.05s
4.24.2026 20:34:11,T0,T1,4.4ft,0.05s
4.24.2026 20:34:11,T0,T1,4.4ft,0.05s
4.24.2026 20:34:12,T0,T1,4.4ft,0.05s
4.24.2026 20:34:12,T0,T1,4.4ft,0.05s
4.24.2026 20:34:12,T0,T1,4.4ft,0.05s
4.24.2026 20:34:12,T0,T1,4.4ft,0.05s
4.24.2026 20:34:12,T0,T1,4.4ft,0.05s
4.24.2026 20:34:12,T0,T1,4.4ft,0.05s
4.24.2026 20:34:12,T0,T1,4.4ft,0.05s
4.24.2026 20:34:12,T0,T1,4.4ft,0.05s
4.24.2026 20:34:12,T0,T1,4.4ft,0.05s
4.24.2026 20:34:12,T0,T1,4.4ft,0.05s
4.24.2026 20:34:12,T0,T1,4.4ft,0.05s
4.24.2026 20:34:12,T0,T1,4.4ft,0.05s
4.24.2026 20:34:12,T0,T1,4.4ft,0.05s
4.24.2026 20:34:12,T0,T1,4.4ft,0.05s
4.24.2026 20:34:12,T0,T1,4.4ft,0.05s
4.24.2026 20:34:12,T0,T1,4.4ft,0.05s
4.24.2026 20:34:12,T0,T1,4.4ft,0.05s
4.24.2026 20:34:12,T0,T1,4.4ft,0.05s
4.24.2026 20:34:12,T0,T1,4.4ft,0.05s
4.24.2026 20:34:13,T0,T1,4.4ft,0.05s
4.24.2026 20:34:13,T0,T1,4.4ft,0.05s
4.24.2026 20:34:13,T0,T1,4.4ft,0.05s
4.24.2026 20:34:13,T0,T1,4.4ft,0.05s
4.24.2026 20:34:13,T0,T1,4.4ft,0.05s
4.24.2026 20:34:13,T0,T1,4.4ft,0.05s
4.24.2026 20:34:13,T0,T1,4.4ft,0.05s
4.24.2026 20:34:13,T0,T1,4.4ft,0.05s
4.24.2026 20:34:13,T0,T1,4.4ft,0.05s
4.24.2026 20:34:13,T0,T1,4.4ft,0.05s
4.24.2026 20:34:13,T0,T1,4.4ft,0.05s
4.24.2026 20:34:13,T0,T1,4.4ft,0.05s
4.24.2026 20:34:13,T0,T1,4.4ft,0.05s
4.24.2026 20:34:13,T0,T1,4.4ft,0.05s
4.24.2026 20:34:13,T0,T1,4.4ft,0.05s
4.24.2026 20:34:13,T0,T1,4.4ft,0.05s
4.24.2026 20:34:13,T0,T1,4.4ft,0.05s
4.24.2026 20:34:13,T0,T1,4.4ft,0.05s
4.24.2026 20:34:13,T0,T1,4.4ft,0.05s
4.24.2026 20:34:13,T0,T1,4.4ft,0.05s
4.24.2026 20:34:14,T0,T1,4.4ft,0.05s
4.24.2026 20:34:14,T0,T1,4.4ft,0.05s
4.24.2026 20:34:14,T0,T1,4.4ft,0.05s
4.24.2026 20:34:14,T0,T1,4.4ft,0.05s
4.24.2026 20:34:14,T0,T1,4.4ft,0.05s
4.24.2026 20:34:14,T0,T1,4.4ft,0.05s
4.24.2026 20:34:14,T0,T1,4.4ft,0.05s
4.24.2026 20:34:14,T0,T1,4.4ft,0.05s
4.24.2026 20:34:14,T0,T1,4.4ft,0.05s
4.24.2026 20:34:14,T0,T1,4.4ft,0.05s
4.24.2026 20:34:14,T0,T1,4.4ft,0.05s
4.24.2026 20:34:14,T0,T1,4.5ft,0.05s
4.24.2026 20:34:14,T0,T1,4.5ft,0.05s
4.24.2026 20:34:14,T0,T1,4.5ft,0.05s
4.24.2026 20:34:14,T0,T1,4.5ft,0.05s
4.24.2026 20:34:14,T0,T1,4.5ft,0.05s
4.24.2026 20:34:14,T0,T1,4.5ft,0.05s
4.24.2026 20:34:14,T0,T1,4.5ft,0.05s
4.24.2026 20:34:14,T0,T1,4.5ft,0.05s
4.24.2026 20:34:14,T0,T1,4.4ft,0.05s
4.24.2026 20:34:15,T0,T1,4.4ft,0.05s
4.24.2026 20:34:15,T0,T1,4.4ft,0.05s
4.24.2026 20:34:15,T0,T1,4.4ft,0.05s
4.24.2026 20:34:15,T0,T1,4.4ft,0.05s
4.24.2026 20:34:15,T0,T1,4.4ft,0.05s
4.24.2026 20:34:15,T0,T1,4.4ft,0.05s
4.24.2026 20:34:15,T0,T1,4.4ft,0.05s
4.24.2026 20:34:15,T0,T1,4.4ft,0.05s
4.24.2026 20:34:15,T0,T1,4.4ft,0.05s
4.24.2026 20:34:15,T0,T1,4.4ft,0.05s
4.24.2026 20:34:15,T0,T1,4.4ft,0.05s
4.24.2026 20:34:15,T0,T1,4.4ft,0.05s
4.24.2026 20:34:15,T0,T1,4.4ft,0.05s
4.24.2026 20:34:15,T0,T1,4.4ft,0.05s
4.24.2026 20:34:15,T0,T1,4.4ft,0.05s
4.24.2026 20:34:15,T0,T1,4.4ft,0.05s
4.24.2026 20:34:15,T0,T1,4.4ft,0.05s
4.24.2026 20:34:15,T0,T1,4.4ft,0.05s
4.24.2026 20:34:15,T0,T1,4.4ft,0.05s
4.24.2026 20:34:16,T0,T1,4.4ft,0.05s
4.24.2026 20:34:16,T0,T1,4.4ft,0.05s
4.24.2026 20:34:16,T0,T1,4.4ft,0.05s
4.24.2026 20:34:16,T0,T1,4.4ft,0.05s
4.24.2026 20:34:16,T0,T1,4.4ft,0.05s
4.24.2026 20:34:16,T0,T1,4.4ft,0.05s
4.24.2026 20:34:16,T0,T1,4.4ft,0.05s
4.24.2026 20:34:16,T0,T1,4.4ft,0.05s
4.24.2026 20:34:16,T0,T1,4.4ft,0.05s
4.24.2026 20:34:16,T0,T1,4.4ft,0.05s
4.24.2026 20:34:16,T0,T1,4.4ft,0.05s
4.24.2026 20:34:16,T0,T1,4.4ft,0.05s
4.24.2026 20:34:16,T0,T1,4.4ft,0.05s
4.24.2026 20:34:16,T0,T1,4.4ft,0.05s
4.24.2026 20:34:16,T0,T1,4.4ft,0.05s
4.24.2026 20:34:16,T0,T1,4.4ft,0.05s
4.24.2026 20:34:16,T0,T1,4.4ft,0.05s
4.24.2026 20:34:16,T0,T1,4.4ft,0.05s
4.24.2026 20:34:16,T0,T1,4.4ft,0.05s
4.24.2026 20:34:16,T0,T1,4.4ft,0.05s
4.24.2026 20:34:17,T0,T1,4.4ft,0.05s
4.24.2026 20:34:17,T0,T1,4.4ft,0.05s
4.24.2026 20:34:17,T0,T1,4.4ft,0.05s
4.24.2026 20:34:17,T0,T1,4.4ft,0.05s
4.24.2026 20:34:17,T0,T1,4.4ft,0.05s
4.24.2026 20:34:17,T0,T1,4.4ft,0.05s
4.24.2026 20:34:17,T0,T1,4.4ft,0.05s
4.24.2026 20:34:17,T0,T1,4.4ft,0.05s
4.24.2026 20:34:17,T0,T1,4.5ft,0.05s
4.24.2026 20:34:17,T0,T1,4.5ft,0.05s
4.24.2026 20:34:17,T0,T1,4.5ft,0.05s
4.24.2026 20:34:17,T0,T1,4.4ft,0.05s
4.24.2026 20:34:17,T0,T1,4.4ft,0.05s
4.24.2026 20:34:17,T0,T1,4.4ft,0.05s
4.24.2026 20:34:17,T0,T1,4.4ft,0.05s
4.24.2026 20:34:17,T0,T1,4.4ft,0.05s
4.24.2026 20:34:17,T0,T1,4.4ft,0.05s
4.24.2026 20:34:17,T0,T1,4.4ft,0.05s
4.24.2026 20:34:17,T0,T1,4.4ft,0.05s
4.24.2026 20:34:18,T0,T1,4.4ft,0.05s
4.24.2026 20:34:18,T0,T1,4.4ft,0.05s
4.24.2026 20:34:18,T0,T1,4.4ft,0.05s
4.24.2026 20:34:18,T0,T1,4.4ft,0.05s
4.24.2026 20:34:18,T0,T1,4.4ft,0.05s
4.24.2026 20:34:18,T0,T1,4.4ft,0.05s
4.24.2026 20:34:18,T0,T1,4.4ft,0.05s
4.24.2026 20:34:18,T0,T1,4.4ft,0.05s
4.24.2026 20:34:18,T0,T1,4.4ft,0.05s
4.24.2026 20:34:18,T0,T1,4.4ft,0.05s
4.24.2026 20:34:18,T0,T1,4.4ft,0.05s
4.24.2026 20:34:18,T0,T1,4.4ft,0.05s
4.24.2026 20:34:18,T0,T1,4.4ft,0.05s
4.24.2026 20:34:18,T0,T1,4.4ft,0.05s
4.24.2026 20:34:18,T0,T1,4.4ft,0.05s
4.24.2026 20:34:18,T0,T1,4.4ft,0.05s
4.24.2026 20:34:18,T0,T1,4.4ft,0.05s
4.24.2026 20:34:18,T0,T1,4.3ft,0.05s
4.24.2026 20:34:18,T0,T1,4.3ft,0.05s
4.24.2026 20:34:18,T0,T1,4.3ft,0.05s
4.24.2026 20:34:19,T0,T1,4.3ft,0.05s
4.24.2026 20:34:19,T0,T1,4.3ft,0.05s
4.24.2026 20:34:19,T0,T1,4.4ft,0.05s
4.24.2026 20:34:19,T0,T1,4.4ft,0.05s
4.24.2026 20:34:19,T0,T1,4.4ft,0.05s
4.24.2026 20:34:19,T0,T1,4.4ft,0.05s
4.24.2026 20:34:19,T0,T1,4.4ft,0.05s
4.24.2026 20:34:19,T0,T1,4.4ft,0.05s
4.24.2026 20:34:19,T0,T1,4.4ft,0.05s
4.24.2026 20:34:19,T0,T1,4.4ft,0.05s
4.24.2026 20:34:19,T0,T1,4.4ft,0.05s
4.24.2026 20:34:19,T0,T1,4.4ft,0.05s
4.24.2026 20:34:19,T0,T1,4.4ft,0.05s
4.24.2026 20:34:19,T0,T1,4.4ft,0.05s
4.24.2026 20:34:19,T0,T1,4.4ft,0.05s
4.24.2026 20:34:19,T0,T1,4.4ft,0.05s
4.24.2026 20:34:19,T0,T1,4.4ft,0.05s
4.24.2026 20:34:19,T0,T1,4.4ft,0.05s
4.24.2026 20:34:19,T0,T1,4.4ft,0.05s
4.24.2026 20:34:19,T0,T1,4.4ft,0.05s
4.24.2026 20:34:20,T0,T1,4.4ft,0.05s
4.24.2026 20:34:20,T0,T1,4.4ft,0.05s
4.24.2026 20:34:20,T0,T1,4.4ft,0.05s
4.24.2026 20:34:20,T0,T1,4.4ft,0.05s
4.24.2026 20:34:20,T0,T1,4.4ft,0.05s
4.24.2026 20:34:20,T0,T1,4.4ft,0.05s
4.24.2026 20:34:20,T0,T1,4.4ft,0.05s
4.24.2026 20:34:20,T0,T1,4.4ft,0.05s
4.24.2026 20:34:20,T0,T1,4.4ft,0.05s
4.24.2026 20:34:20,T0,T1,4.4ft,0.05s
4.24.2026 20:34:20,T0,T1,4.4ft,0.05s
4.24.2026 20:34:20,T0,T1,4.4ft,0.05s
4.24.2026 20:34:20,T0,T1,4.4ft,0.05s
4.24.2026 20:34:20,T0,T1,4.4ft,0.05s
4.24.2026 20:34:20,T0,T1,4.4ft,0.05s
4.24.2026 20:34:20,T0,T1,4.4ft,0.05s
4.24.2026 20:34:20,T0,T1,4.4ft,0.05s
4.24.2026 20:34:20,T0,T1,4.4ft,0.05s
4.24.2026 20:34:20,T0,T1,4.4ft,0.05s
4.24.2026 20:34:21,T0,T1,4.4ft,0.05s
4.24.2026 20:34:21,T0,T1,4.4ft,0.05s
4.24.2026 20:34:21,T0,T1,4.4ft,0.05s
4.24.2026 20:34:21,T0,T1,4.4ft,0.05s
4.24.2026 20:34:21,T0,T1,4.4ft,0.05s
4.24.2026 20:34:21,T0,T1,4.4ft,0.05s
4.24.2026 20:34:21,T0,T1,4.4ft,0.05s
4.24.2026 20:34:21,T0,T1,4.4ft,0.05s
4.24.2026 20:34:21,T0,T1,4.4ft,0.05s
4.24.2026 20:34:21,T0,T1,4.4ft,0.05s
4.24.2026 20:34:21,T0,T1,4.4ft,0.05s
4.24.2026 20:34:21,T0,T1,4.4ft,0.05s
4.24.2026 20:34:21,T0,T1,4.4ft,0.05s
4.24.2026 20:34:21,T0,T1,4.4ft,0.05s
4.24.2026 20:34:21,T0,T1,4.4ft,0.05s
4.24.2026 20:34:21,T0,T1,4.4ft,0.05s
4.24.2026 20:34:21,T0,T1,4.4ft,0.05s
4.24.2026 20:34:21,T0,T1,4.4ft,0.05s
4.24.2026 20:34:21,T0,T1,4.4ft,0.05s
4.24.2026 20:34:21,T0,T1,4.4ft,0.05s
4.24.2026 20:34:22,T0,T1,4.4ft,0.05s
4.24.2026 20:34:22,T0,T1,4.4ft,0.05s
4.24.2026 20:34:22,T0,T1,4.4ft,0.05s
4.24.2026 20:34:22,T0,T1,4.4ft,0.05s
4.24.2026 20:34:22,T0,T1,4.4ft,0.05s
4.24.2026 20:34:22,T0,T1,4.4ft,0.05s
4.24.2026 20:34:22,T0,T1,4.4ft,0.05s
4.24.2026 20:34:22,T0,T1,4.4ft,0.05s
4.24.2026 20:34:22,T0,T1,4.4ft,0.05s
4.24.2026 20:34:22,T0,T1,4.4ft,0.05s
4.24.2026 20:34:22,T0,T1,4.4ft,0.05s
4.24.2026 20:34:22,T0,T1,4.4ft,0.05s
4.24.2026 20:34:22,T0,T1,4.4ft,0.05s
4.24.2026 20:34:22,T0,T1,4.4ft,0.05s
4.24.2026 20:34:22,T0,T1,4.4ft,0.05s
4.24.2026 20:34:22,T0,T1,4.4ft,0.05s
4.24.2026 20:34:22,T0,T1,4.4ft,0.05s
4.24.2026 20:34:22,T0,T1,4.4ft,0.05s
4.24.2026 20:34:22,T0,T1,4.4ft,0.05s
4.24.2026 20:34:22,T0,T1,4.4ft,0.05s
4.24.2026 20:34:23,T0,T1,4.4ft,0.05s
4.24.2026 20:34:23,T0,T1,4.4ft,0.05s
4.24.2026 20:34:23,T0,T1,4.4ft,0.05s
4.24.2026 20:34:23,T0,T1,4.4ft,0.05s
4.24.2026 20:34:23,T0,T1,4.4ft,0.05s
4.24.2026 20:34:23,T0,T1,4.4ft,0.05s
4.24.2026 20:34:23,T0,T1,4.4ft,0.05s
4.24.2026 20:34:23,T0,T1,4.4ft,0.05s
4.24.2026 20:34:23,T0,T1,4.4ft,0.05s
4.24.2026 20:34:23,T0,T1,4.4ft,0.05s
4.24.2026 20:34:23,T0,T1,4.4ft,0.05s
4.24.2026 20:34:23,T0,T1,4.4ft,0.05s
4.24.2026 20:34:23,T0,T1,4.4ft,0.05s
4.24.2026 20:34:23,T0,T1,4.4ft,0.05s
4.24.2026 20:34:23,T0,T1,4.4ft,0.05s
4.24.2026 20:34:23,T0,T1,4.4ft,0.05s
4.24.2026 20:34:23,T0,T1,4.4ft,0.05s
4.24.2026 20:34:23,T0,T1,4.4ft,0.05s
4.24.2026 20:34:23,T0,T1,4.4ft,0.05s
4.24.2026 20:34:24,T0,T1,4.4ft,0.05s
4.24.2026 20:34:24,T0,T1,4.4ft,0.05s
4.24.2026 20:34:24,T0,T1,4.4ft,0.05s
4.24.2026 20:34:24,T0,T1,4.4ft,0.05s
4.24.2026 20:34:24,T0,T1,4.4ft,0.05s
4.24.2026 20:34:24,T0,T1,4.4ft,0.05s
4.24.2026 20:34:24,T0,T1,4.4ft,0.05s
4.24.2026 20:34:24,T0,T1,4.4ft,0.05s
4.24.2026 20:34:24,T0,T1,4.4ft,0.05s
4.24.2026 20:34:24,T0,T1,4.4ft,0.05s
4.24.2026 20:34:24,T0,T1,4.4ft,0.05s
4.24.2026 20:34:24,T0,T1,4.4ft,0.05s
4.24.2026 20:34:24,T0,T1,4.4ft,0.05s
4.24.2026 20:34:24,T0,T1,4.4ft,0.05s
4.24.2026 20:34:24,T0,T1,4.4ft,0.05s
4.24.2026 20:34:24,T0,T1,4.4ft,0.05s
4.24.2026 20:34:24,T0,T1,4.4ft,0.05s
4.24.2026 20:34:24,T0,T1,4.4ft,0.05s
4.24.2026 20:34:24,T0,T1,4.4ft,0.05s
4.24.2026 20:34:24,T0,T1,4.4ft,0.05s
4.24.2026 20:34:25,T0,T1,4.4ft,0.05s
4.24.2026 20:34:25,T0,T1,4.4ft,0.05s
4.24.2026 20:34:25,T0,T1,4.4ft,0.05s
4.24.2026 20:34:25,T0,T1,4.4ft,0.05s
4.24.2026 20:34:25,T0,T1,4.4ft,0.05s
4.24.2026 20:34:25,T0,T1,4.4ft,0.05s
4.24.2026 20:34:25,T0,T1,4.4ft,0.05s
4.24.2026 20:34:25,T0,T1,4.4ft,0.05s
4.24.2026 20:34:25,T0,T1,4.4ft,0.05s
4.24.2026 20:34:25,T0,T1,4.4ft,0.05s
4.24.2026 20:34:25,T0,T1,4.4ft,0.05s
4.24.2026 20:34:25,T0,T1,4.4ft,0.05s
4.24.2026 20:34:25,T0,T1,4.4ft,0.05s
4.24.2026 20:34:25,T0,T1,4.4ft,0.05s
4.24.2026 20:34:25,T0,T1,4.4ft,0.05s
4.24.2026 20:34:25,T0,T1,4.3ft,0.05s
4.24.2026 20:34:25,T0,T1,4.3ft,0.05s
4.24.2026 20:34:25,T0,T1,4.3ft,0.05s
4.24.2026 20:34:25,T0,T1,4.3ft,0.05s
4.24.2026 20:34:25,T0,T1,4.4ft,0.05s
4.24.2026 20:34:26,T0,T1,4.4ft,0.05s
4.24.2026 20:34:26,T0,T1,4.4ft,0.05s
4.24.2026 20:34:26,T0,T1,4.4ft,0.05s
4.24.2026 20:34:26,T0,T1,4.4ft,0.05s
4.24.2026 20:34:26,T0,T1,4.4ft,0.05s
4.24.2026 20:34:26,T0,T1,4.4ft,0.05s
4.24.2026 20:34:26,T0,T1,4.4ft,0.05s
4.24.2026 20:34:26,T0,T1,4.4ft,0.05s
4.24.2026 20:34:26,T0,T1,4.4ft,0.05s
4.24.2026 20:34:26,T0,T1,4.4ft,0.05s
4.24.2026 20:34:26,T0,T1,4.4ft,0.05s
4.24.2026 20:34:26,T0,T1,4.4ft,0.05s
4.24.2026 20:34:26,T0,T1,4.4ft,0.05s
4.24.2026 20:34:26,T0,T1,4.4ft,0.05s
4.24.2026 20:34:26,T0,T1,4.4ft,0.05s
4.24.2026 20:34:26,T0,T1,4.4ft,0.05s
4.24.2026 20:34:26,T0,T1,4.4ft,0.05s
4.24.2026 20:34:26,T0,T1,4.4ft,0.05s
4.24.2026 20:34:26,T0,T1,4.4ft,0.05s
4.24.2026 20:34:27,T0,T1,4.4ft,0.05s
4.24.2026 20:34:27,T0,T1,4.4ft,0.05s
4.24.2026 20:34:27,T0,T1,4.4ft,0.05s
4.24.2026 20:34:27,T0,T1,4.4ft,0.05s
4.24.2026 20:34:27,T0,T1,4.4ft,0.05s
4.24.2026 20:34:27,T0,T1,4.4ft,0.05s
4.24.2026 20:34:27,T0,T1,4.3ft,0.05s
4.24.2026 20:34:27,T0,T1,4.3ft,0.05s
4.24.2026 20:34:27,T0,T1,4.3ft,0.05s
4.24.2026 20:34:27,T0,T1,4.4ft,0.05s
4.24.2026 20:34:27,T0,T1,4.4ft,0.05s
4.24.2026 20:34:27,T0,T1,4.4ft,0.05s
4.24.2026 20:34:27,T0,T1,4.4ft,0.05s
4.24.2026 20:34:27,T0,T1,4.4ft,0.05s
4.24.2026 20:34:27,T0,T1,4.4ft,0.05s
4.24.2026 20:34:27,T0,T1,4.4ft,0.05s
4.24.2026 20:34:27,T0,T1,4.4ft,0.05s
4.24.2026 20:34:27,T0,T1,4.4ft,0.05s
4.24.2026 20:34:27,T0,T1,4.4ft,0.05s
4.24.2026 20:34:27,T0,T1,4.4ft,0.05s
4.24.2026 20:34:28,T0,T1,4.4ft,0.05s
4.24.2026 20:34:28,T0,T1,4.4ft,0.05s
4.24.2026 20:34:28,T0,T1,4.4ft,0.05s
4.24.2026 20:34:28,T0,T1,4.4ft,0.05s
4.24.2026 20:34:28,T0,T1,4.4ft,0.05s
4.24.2026 20:34:28,T0,T1,4.4ft,0.05s
4.24.2026 20:34:28,T0,T1,4.4ft,0.05s
4.24.2026 20:34:28,T0,T1,4.4ft,0.05s
4.24.2026 20:34:28,T0,T1,4.4ft,0.05s
4.24.2026 20:34:28,T0,T1,4.4ft,0.05s
4.24.2026 20:34:28,T0,T1,4.4ft,0.05s
4.24.2026 20:34:28,T0,T1,4.4ft,0.05s
4.24.2026 20:34:28,T0,T1,4.4ft,0.05s
4.24.2026 20:34:28,T0,T1,4.4ft,0.05s
4.24.2026 20:34:28,T0,T1,4.4ft,0.05s
4.24.2026 20:34:28,T0,T1,4.4ft,0.05s
4.24.2026 20:34:28,T0,T1,4.4ft,0.05s
4.24.2026 20:34:28,T0,T1,4.4ft,0.05s
4.24.2026 20:34:28,T0,T1,4.4ft,0.05s
4.24.2026 20:34:28,T0,T1,4.4ft,0.05s
4.24.2026 20:34:29,T0,T1,4.4ft,0.05s
4.24.2026 20:34:29,T0,T1,4.4ft,0.05s
4.24.2026 20:34:29,T0,T1,4.4ft,0.05s
4.24.2026 20:34:29,T0,T1,4.4ft,0.05s
4.24.2026 20:34:29,T0,T1,4.4ft,0.05s
4.24.2026 20:34:29,T0,T1,4.4ft,0.05s
4.24.2026 20:34:29,T0,T1,4.4ft,0.05s
4.24.2026 20:34:29,T0,T1,4.4ft,0.05s
4.24.2026 20:34:29,T0,T1,4.4ft,0.05s
4.24.2026 20:34:29,T0,T1,4.4ft,0.05s
4.24.2026 20:34:29,T0,T1,4.4ft,0.05s
4.24.2026 20:34:29,T0,T1,4.4ft,0.05s
4.24.2026 20:34:29,T0,T1,4.4ft,0.05s
4.24.2026 20:34:29,T0,T1,4.4ft,0.05s
4.24.2026 20:34:29,T0,T1,4.4ft,0.05s
4.24.2026 20:34:29,T0,T1,4.4ft,0.05s
4.24.2026 20:34:29,T0,T1,4.4ft,0.05s
4.24.2026 20:34:29,T0,T1,4.4ft,0.05s
4.24.2026 20:34:29,T0,T1,4.4ft,0.05s
4.24.2026 20:34:30,T0,T1,4.4ft,0.05s
4.24.2026 20:34:30,T0,T1,4.4ft,0.05s
4.24.2026 20:34:30,T0,T1,4.4ft,0.05s
4.24.2026 20:34:30,T0,T1,4.4ft,0.05s
4.24.2026 20:34:30,T0,T1,4.4ft,0.05s
4.24.2026 20:34:30,T0,T1,4.4ft,0.05s
4.24.2026 20:34:30,T0,T1,4.4ft,0.05s
4.24.2026 20:34:30,T0,T1,4.4ft,0.05s
4.24.2026 20:34:30,T0,T1,4.4ft,0.05s
4.24.2026 20:34:30,T0,T1,4.4ft,0.05s
4.24.2026 20:34:30,T0,T1,4.4ft,0.05s
4.24.2026 20:34:30,T0,T1,4.4ft,0.05s
4.24.2026 20:34:30,T0,T1,4.4ft,0.05s
4.24.2026 20:34:30,T0,T1,4.4ft,0.05s
4.24.2026 20:34:30,T0,T1,4.4ft,0.05s
4.24.2026 20:34:30,T0,T1,4.4ft,0.05s
4.24.2026 20:34:30,T0,T1,4.4ft,0.05s
4.24.2026 20:34:30,T0,T1,4.4ft,0.05s
4.24.2026 20:34:30,T0,T1,4.4ft,0.05s
4.24.2026 20:34:30,T0,T1,4.4ft,0.05s
4.24.2026 20:34:31,T0,T1,4.4ft,0.05s
4.24.2026 20:34:31,T0,T1,4.4ft,0.05s
4.24.2026 20:34:31,T0,T1,4.4ft,0.05s
4.24.2026 20:34:31,T0,T1,4.4ft,0.05s
4.24.2026 20:34:31,T0,T1,4.4ft,0.05s
4.24.2026 20:34:31,T0,T1,4.4ft,0.05s
4.24.2026 20:34:31,T0,T1,4.4ft,0.05s
4.24.2026 20:34:31,T0,T1,4.4ft,0.05s
4.24.2026 20:34:31,T0,T1,4.4ft,0.05s
4.24.2026 20:34:31,T0,T1,4.4ft,0.05s
4.24.2026 20:34:31,T0,T1,4.4ft,0.05s
4.24.2026 20:34:31,T0,T1,4.4ft,0.05s
4.24.2026 20:34:31,T0,T1,4.4ft,0.05s
4.24.2026 20:34:31,T0,T1,4.4ft,0.05s
4.24.2026 20:34:31,T0,T1,4.4ft,0.05s
4.24.2026 20:34:31,T0,T1,4.4ft,0.05s
4.24.2026 20:34:31,T0,T1,4.3ft,0.05s
4.24.2026 20:34:31,T0,T1,4.3ft,0.05s
4.24.2026 20:34:31,T0,T1,4.3ft,0.05s
4.24.2026 20:34:31,T0,T1,4.3ft,0.05s
4.24.2026 20:34:32,T0,T1,4.3ft,0.05s
4.24.2026 20:34:32,T0,T1,4.3ft,0.05s
4.24.2026 20:34:32,T0,T1,4.3ft,0.05s
4.24.2026 20:34:32,T0,T1,4.3ft,0.05s
4.24.2026 20:34:32,T0,T1,4.3ft,0.05s
4.24.2026 20:34:32,T0,T1,4.3ft,0.05s
4.24.2026 20:34:32,T0,T1,4.3ft,0.05s
4.24.2026 20:34:32,T0,T1,4.3ft,0.05s
4.24.2026 20:34:32,T0,T1,4.3ft,0.05s
4.24.2026 20:34:32,T0,T1,4.3ft,0.05s
4.24.2026 20:34:32,T0,T1,4.4ft,0.05s
4.24.2026 20:34:32,T0,T1,4.4ft,0.05s
4.24.2026 20:34:32,T0,T1,4.4ft,0.05s
4.24.2026 20:34:32,T0,T1,4.4ft,0.05s
4.24.2026 20:34:32,T0,T1,4.4ft,0.05s
4.24.2026 20:34:32,T0,T1,4.4ft,0.05s
4.24.2026 20:34:32,T0,T1,4.4ft,0.05s
4.24.2026 20:34:32,T0,T1,4.4ft,0.05s
4.24.2026 20:34:32,T0,T1,4.4ft,0.05s
4.24.2026 20:34:33,T0,T1,4.4ft,0.05s
4.24.2026 20:34:33,T0,T1,4.4ft,0.05s
4.24.2026 20:34:33,T0,T1,4.4ft,0.05s
4.24.2026 20:34:33,T0,T1,4.4ft,0.05s
4.24.2026 20:34:33,T0,T1,4.4ft,0.05s
4.24.2026 20:34:33,T0,T1,4.4ft,0.05s
4.24.2026 20:34:33,T0,T1,4.4ft,0.05s
4.24.2026 20:34:33,T0,T1,4.4ft,0.05s
4.24.2026 20:34:33,T0,T1,4.4ft,0.05s
4.24.2026 20:34:33,T0,T1,4.4ft,0.05s
4.24.2026 20:34:33,T0,T1,4.4ft,0.05s
4.24.2026 20:34:33,T0,T1,4.4ft,0.05s
4.24.2026 20:34:33,T0,T1,4.4ft,0.05s
4.24.2026 20:34:33,T0,T1,4.4ft,0.05s
4.24.2026 20:34:33,T0,T1,4.4ft,0.05s
4.24.2026 20:34:33,T0,T1,4.4ft,0.05s
4.24.2026 20:34:33,T0,T1,4.4ft,0.05s
4.24.2026 20:34:33,T0,T1,4.4ft,0.05s
4.24.2026 20:34:33,T0,T1,4.4ft,0.05s
4.24.2026 20:34:33,T0,T1,4.4ft,0.05s
4.24.2026 20:34:34,T0,T1,4.4ft,0.05s
4.24.2026 20:34:34,T0,T1,4.4ft,0.05s
4.24.2026 20:34:34,T0,T1,4.4ft,0.05s
4.24.2026 20:34:34,T0,T1,4.4ft,0.05s
4.24.2026 20:34:34,T0,T1,4.4ft,0.05s
4.24.2026 20:34:34,T0,T1,4.4ft,0.05s
4.24.2026 20:34:34,T0,T1,4.4ft,0.05s
4.24.2026 20:34:34,T0,T1,4.4ft,0.05s
4.24.2026 20:34:34,T0,T1,4.4ft,0.05s
4.24.2026 20:34:34,T0,T1,4.4ft,0.05s
4.24.2026 20:34:34,T0,T1,4.4ft,0.05s
4.24.2026 20:34:34,T0,T1,4.4ft,0.05s
4.24.2026 20:34:34,T0,T1,4.4ft,0.05s
4.24.2026 20:34:34,T0,T1,4.4ft,0.05s
4.24.2026 20:34:34,T0,T1,4.4ft,0.05s
4.24.2026 20:34:34,T0,T1,4.4ft,0.05s
4.24.2026 20:34:34,T0,T1,4.4ft,0.05s
4.24.2026 20:34:34,T0,T1,4.4ft,0.05s
4.24.2026 20:34:34,T0,T1,4.4ft,0.05s
4.24.2026 20:34:34,T0,T1,4.4ft,0.05s
4.24.2026 20:34:35,T0,T1,4.4ft,0.05s
4.24.2026 20:34:35,T0,T1,4.4ft,0.05s
4.24.2026 20:34:35,T0,T1,4.4ft,0.05s
4.24.2026 20:34:35,T0,T1,4.4ft,0.05s
4.24.2026 20:34:35,T0,T1,4.4ft,0.05s
4.24.2026 20:34:35,T0,T1,4.4ft,0.05s
4.24.2026 20:34:35,T0,T1,4.4ft,0.05s
4.24.2026 20:34:35,T0,T1,4.4ft,0.05s
4.24.2026 20:34:35,T0,T1,4.4ft,0.05s
4.24.2026 20:34:35,T0,T1,4.4ft,0.05s
4.24.2026 20:34:35,T0,T1,4.4ft,0.05s
4.24.2026 20:34:35,T0,T1,4.4ft,0.05s
4.24.2026 20:34:35,T0,T1,4.4ft,0.05s
4.24.2026 20:34:35,T0,T1,4.4ft,0.05s
4.24.2026 20:34:35,T0,T1,4.4ft,0.05s
4.24.2026 20:34:35,T0,T1,4.4ft,0.05s
4.24.2026 20:34:35,T0,T1,4.4ft,0.05s
4.24.2026 20:34:35,T0,T1,4.4ft,0.05s
4.24.2026 20:34:35,T0,T1,4.3ft,0.05s
4.24.2026 20:34:35,T0,T1,4.4ft,0.05s
4.24.2026 20:34:36,T0,T1,4.4ft,0.05s
4.24.2026 20:34:36,T0,T1,4.4ft,0.05s
4.24.2026 20:34:36,T0,T1,4.4ft,0.05s
4.24.2026 20:34:36,T0,T1,4.4ft,0.05s
4.24.2026 20:34:36,T0,T1,4.4ft,0.05s
4.24.2026 20:34:36,T0,T1,4.4ft,0.05s
4.24.2026 20:34:36,T0,T1,4.4ft,0.05s
4.24.2026 20:34:36,T0,T1,4.4ft,0.05s
4.24.2026 20:34:36,T0,T1,4.4ft,0.05s
4.24.2026 20:34:36,T0,T1,4.4ft,0.05s
4.24.2026 20:34:36,T0,T1,4.4ft,0.05s
4.24.2026 20:34:36,T0,T1,4.4ft,0.05s
4.24.2026 20:34:36,T0,T1,4.4ft,0.05s
4.24.2026 20:34:36,T0,T1,4.4ft,0.05s
4.24.2026 20:34:36,T0,T1,4.4ft,0.05s
4.24.2026 20:34:36,T0,T1,4.4ft,0.05s
4.24.2026 20:34:36,T0,T1,4.4ft,0.05s
4.24.2026 20:34:36,T0,T1,4.4ft,0.05s
4.24.2026 20:34:36,T0,T1,4.4ft,0.05s
4.24.2026 20:34:37,T0,T1,4.4ft,0.05s
4.24.2026 20:34:37,T0,T1,4.4ft,0.05s
4.24.2026 20:34:37,T0,T1,4.4ft,0.05s
4.24.2026 20:34:37,T0,T1,4.4ft,0.05s
4.24.2026 20:34:37,T0,T1,4.4ft,0.05s
4.24.2026 20:34:37,T0,T1,4.4ft,0.05s
4.24.2026 20:34:37,T0,T1,4.4ft,0.05s
4.24.2026 20:34:37,T0,T1,4.4ft,0.05s
4.24.2026 20:34:37,T0,T1,4.4ft,0.05s
4.24.2026 20:34:37,T0,T1,4.4ft,0.05s
4.24.2026 20:34:37,T0,T1,4.4ft,0.05s
4.24.2026 20:34:37,T0,T1,4.4ft,0.05s
4.24.2026 20:34:37,T0,T1,4.4ft,0.05s
4.24.2026 20:34:37,T0,T1,4.4ft,0.05s
4.24.2026 20:34:37,T0,T1,4.4ft,0.05s
4.24.2026 20:34:37,T0,T1,4.4ft,0.05s
4.24.2026 20:34:37,T0,T1,4.4ft,0.05s
4.24.2026 20:34:37,T0,T1,4.4ft,0.05s
4.24.2026 20:34:37,T0,T1,4.4ft,0.05s
4.24.2026 20:34:37,T0,T1,4.4ft,0.05s
4.24.2026 20:34:38,T0,T1,4.4ft,0.05s
4.24.2026 20:34:38,T0,T1,4.4ft,0.05s
4.24.2026 20:34:38,T0,T1,4.4ft,0.05s
4.24.2026 20:34:38,T0,T1,4.4ft,0.05s
4.24.2026 20:34:38,T0,T1,4.4ft,0.05s
4.24.2026 20:34:38,T0,T1,4.4ft,0.05s
4.24.2026 20:34:38,T0,T1,4.4ft,0.05s
4.24.2026 20:34:38,T0,T1,4.4ft,0.05s
4.24.2026 20:34:38,T0,T1,4.4ft,0.05s
4.24.2026 20:34:38,T0,T1,4.4ft,0.05s
4.24.2026 20:34:38,T0,T1,4.4ft,0.05s
4.24.2026 20:34:38,T0,T1,4.4ft,0.05s
4.24.2026 20:34:38,T0,T1,4.4ft,0.05s
4.24.2026 20:34:38,T0,T1,4.4ft,0.05s
4.24.2026 20:34:38,T0,T1,4.4ft,0.05s
4.24.2026 20:34:38,T0,T1,4.4ft,0.05s
4.24.2026 20:34:38,T0,T1,4.4ft,0.05s
4.24.2026 20:34:38,T0,T1,4.4ft,0.05s
4.24.2026 20:34:38,T0,T1,4.4ft,0.05s
4.24.2026 20:34:38,T0,T1,4.4ft,0.05s
4.24.2026 20:34:39,T0,T1,4.4ft,0.05s
4.24.2026 20:34:39,T0,T1,4.4ft,0.05s
4.24.2026 20:34:39,T0,T1,4.4ft,0.05s
4.24.2026 20:34:39,T0,T1,4.4ft,0.05s
4.24.2026 20:34:39,T0,T1,4.4ft,0.05s
4.24.2026 20:34:39,T0,T1,4.4ft,0.05s
4.24.2026 20:34:39,T0,T1,4.4ft,0.05s
4.24.2026 20:34:39,T0,T1,4.4ft,0.05s
4.24.2026 20:34:39,T0,T1,4.4ft,0.05s
4.24.2026 20:34:39,T0,T1,4.4ft,0.05s
4.24.2026 20:34:39,T0,T1,4.4ft,0.05s
4.24.2026 20:34:39,T0,T1,4.4ft,0.05s
4.24.2026 20:34:39,T0,T1,4.4ft,0.05s
4.24.2026 20:34:39,T0,T1,4.4ft,0.05s
4.24.2026 20:34:39,T0,T1,4.4ft,0.05s
4.24.2026 20:34:39,T0,T1,4.4ft,0.05s
4.24.2026 20:34:39,T0,T1,4.4ft,0.05s
4.24.2026 20:34:39,T0,T1,4.4ft,0.05s
4.24.2026 20:34:39,T0,T1,4.4ft,0.05s
4.24.2026 20:34:40,T0,T1,4.4ft,0.05s
4.24.2026 20:34:40,T0,T1,4.4ft,0.05s
4.24.2026 20:34:40,T0,T1,4.4ft,0.05s
4.24.2026 20:34:40,T0,T1,4.4ft,0.05s
4.24.2026 20:34:40,T0,T1,4.4ft,0.05s
4.24.2026 20:34:40,T0,T1,4.4ft,0.05s
4.24.2026 20:34:40,T0,T1,4.4ft,0.05s
4.24.2026 20:34:40,T0,T1,4.4ft,0.05s
4.24.2026 20:34:40,T0,T1,4.4ft,0.05s
4.24.2026 20:34:40,T0,T1,4.4ft,0.05s
4.24.2026 20:34:40,T0,T1,4.4ft,0.05s
4.24.2026 20:34:40,T0,T1,4.4ft,0.05s
4.24.2026 20:34:40,T0,T1,4.4ft,0.05s
4.24.2026 20:34:40,T0,T1,4.4ft,0.05s
4.24.2026 20:34:40,T0,T1,4.4ft,0.05s
4.24.2026 20:34:40,T0,T1,4.4ft,0.05s
4.24.2026 20:34:40,T0,T1,4.4ft,0.05s
4.24.2026 20:34:40,T0,T1,4.4ft,0.05s
4.24.2026 20:34:40,T0,T1,4.4ft,0.05s
4.24.2026 20:34:40,T0,T1,4.4ft,0.05s
4.24.2026 20:34:41,T0,T1,4.4ft,0.05s
4.24.2026 20:34:41,T0,T1,4.4ft,0.05s
4.24.2026 20:34:41,T0,T1,4.4ft,0.05s
4.24.2026 20:34:41,T0,T1,4.4ft,0.05s
4.24.2026 20:34:41,T0,T1,4.4ft,0.05s
4.24.2026 20:34:41,T0,T1,4.4ft,0.05s
4.24.2026 20:34:41,T0,T1,4.4ft,0.05s
4.24.2026 20:34:41,T0,T1,4.4ft,0.05s
4.24.2026 20:34:41,T0,T1,4.4ft,0.05s
4.24.2026 20:34:41,T0,T1,4.4ft,0.05s
4.24.2026 20:34:41,T0,T1,4.4ft,0.05s
4.24.2026 20:34:41,T0,T1,4.4ft,0.05s
4.24.2026 20:34:41,T0,T1,4.4ft,0.05s
4.24.2026 20:34:41,T0,T1,4.4ft,0.05s
4.24.2026 20:34:41,T0,T1,4.4ft,0.05s
4.24.2026 20:34:41,T0,T1,4.4ft,0.05s
4.24.2026 20:34:41,T0,T1,4.4ft,0.05s
4.24.2026 20:34:41,T0,T1,4.4ft,0.05s
4.24.2026 20:34:41,T0,T1,4.4ft,0.05s
4.24.2026 20:34:41,T0,T1,4.4ft,0.05s
4.24.2026 20:34:42,T0,T1,4.4ft,0.05s
4.24.2026 20:34:42,T0,T1,4.4ft,0.05s
4.24.2026 20:34:42,T0,T1,4.4ft,0.05s
4.24.2026 20:34:42,T0,T1,4.4ft,0.05s
4.24.2026 20:34:42,T0,T1,4.4ft,0.05s
4.24.2026 20:34:42,T0,T1,4.4ft,0.06s
4.24.2026 20:34:42,T0,T1,4.4ft,0.05s
4.24.2026 20:34:42,T0,T1,4.4ft,0.05s
4.24.2026 20:34:42,T0,T1,4.4ft,0.05s
4.24.2026 20:34:42,T0,T1,4.4ft,0.05s
4.24.2026 20:34:42,T0,T1,4.4ft,0.05s
4.24.2026 20:34:42,T0,T1,4.4ft,0.05s
4.24.2026 20:34:42,T0,T1,4.4ft,0.05s
4.24.2026 20:34:42,T0,T1,4.4ft,0.05s
4.24.2026 20:34:42,T0,T1,4.4ft,0.05s
4.24.2026 20:34:42,T0,T1,4.4ft,0.05s
4.24.2026 20:34:42,T0,T1,4.4ft,0.05s
4.24.2026 20:34:42,T0,T1,4.3ft,0.05s
4.24.2026 20:34:42,T0,T1,4.3ft,0.05s
4.24.2026 20:34:42,T0,T1,4.3ft,0.05s
4.24.2026 20:34:43,T0,T1,4.3ft,0.05s
4.24.2026 20:34:43,T0,T1,4.3ft,0.05s
4.24.2026 20:34:43,T0,T1,4.3ft,0.05s
4.24.2026 20:34:43,T0,T1,4.3ft,0.05s
4.24.2026 20:34:43,T0,T1,4.3ft,0.05s
4.24.2026 20:34:43,T0,T1,4.3ft,0.05s
4.24.2026 20:34:43,T0,T1,4.3ft,0.05s
4.24.2026 20:34:43,T0,T1,4.3ft,0.05s
4.24.2026 20:34:43,T0,T1,4.3ft,0.05s
4.24.2026 20:34:43,T0,T1,4.4ft,0.05s
4.24.2026 20:34:43,T0,T1,4.4ft,0.05s
4.24.2026 20:34:43,T0,T1,4.4ft,0.05s
4.24.2026 20:34:43,T0,T1,4.4ft,0.05s
4.24.2026 20:34:43,T0,T1,4.4ft,0.05s
4.24.2026 20:34:43,T0,T1,4.4ft,0.05s
4.24.2026 20:34:43,T0,T1,4.4ft,0.05s
4.24.2026 20:34:43,T0,T1,4.4ft,0.05s
4.24.2026 20:34:43,T0,T1,4.4ft,0.05s
4.24.2026 20:34:43,T0,T1,4.4ft,0.05s
4.24.2026 20:34:44,T0,T1,4.4ft,0.05s
4.24.2026 20:34:44,T0,T1,4.4ft,0.05s
4.24.2026 20:34:44,T0,T1,4.4ft,0.05s
4.24.2026 20:34:44,T0,T1,4.4ft,0.05s
4.24.2026 20:34:44,T0,T1,4.4ft,0.05s
4.24.2026 20:34:44,T0,T1,4.4ft,0.05s
4.24.2026 20:34:44,T0,T1,4.4ft,0.05s
4.24.2026 20:34:44,T0,T1,4.4ft,0.05s
4.24.2026 20:34:44,T0,T1,4.4ft,0.05s
4.24.2026 20:34:44,T0,T1,4.4ft,0.05s
4.24.2026 20:34:44,T0,T1,4.4ft,0.05s
4.24.2026 20:34:44,T0,T1,4.4ft,0.05s
4.24.2026 20:34:44,T0,T1,4.4ft,0.05s
4.24.2026 20:34:44,T0,T1,4.4ft,0.05s
4.24.2026 20:34:44,T0,T1,4.4ft,0.05s
4.24.2026 20:34:44,T0,T1,4.4ft,0.05s
4.24.2026 20:34:44,T0,T1,4.4ft,0.05s
4.24.2026 20:34:44,T0,T1,4.4ft,0.05s
4.24.2026 20:34:44,T0,T1,4.4ft,0.05s
4.24.2026 20:34:44,T0,T1,4.4ft,0.05s
4.24.2026 20:34:45,T0,T1,4.4ft,0.05s
4.24.2026 20:34:45,T0,T1,4.4ft,0.05s
4.24.2026 20:34:45,T0,T1,4.4ft,0.05s
4.24.2026 20:34:45,T0,T1,4.4ft,0.05s
4.24.2026 20:34:45,T0,T1,4.4ft,0.05s
4.24.2026 20:34:45,T0,T1,4.4ft,0.05s
4.24.2026 20:34:45,T0,T1,4.4ft,0.05s
4.24.2026 20:34:45,T0,T1,4.4ft,0.05s
4.24.2026 20:34:45,T0,T1,4.4ft,0.05s
4.24.2026 20:34:45,T0,T1,4.4ft,0.05s
4.24.2026 20:34:45,T0,T1,4.4ft,0.05s
4.24.2026 20:34:45,T0,T1,4.4ft,0.05s
4.24.2026 20:34:45,T0,T1,4.4ft,0.05s
4.24.2026 20:34:45,T0,T1,4.4ft,0.05s
4.24.2026 20:34:45,T0,T1,4.4ft,0.05s
4.24.2026 20:34:45,T0,T1,4.4ft,0.05s
4.24.2026 20:34:45,T0,T1,4.4ft,0.05s
4.24.2026 20:34:45,T0,T1,4.4ft,0.05s
4.24.2026 20:34:45,T0,T1,4.4ft,0.05s
4.24.2026 20:34:45,T0,T1,4.4ft,0.05s
4.24.2026 20:34:46,T0,T1,4.4ft,0.05s
4.24.2026 20:34:46,T0,T1,4.4ft,0.05s
4.24.2026 20:34:46,T0,T1,4.4ft,0.05s
4.24.2026 20:34:46,T0,T1,4.4ft,0.05s
4.24.2026 20:34:46,T0,T1,4.4ft,0.05s
4.24.2026 20:34:46,T0,T1,4.4ft,0.05s
4.24.2026 20:34:46,T0,T1,4.4ft,0.05s
4.24.2026 20:34:46,T0,T1,4.4ft,0.05s
4.24.2026 20:34:46,T0,T1,4.4ft,0.05s
4.24.2026 20:34:46,T0,T1,4.4ft,0.05s
4.24.2026 20:34:46,T0,T1,4.4ft,0.05s
4.24.2026 20:34:46,T0,T1,4.4ft,0.05s
4.24.2026 20:34:46,T0,T1,4.4ft,0.05s
4.24.2026 20:34:46,T0,T1,4.4ft,0.05s
4.24.2026 20:34:46,T0,T1,4.4ft,0.05s
4.24.2026 20:34:46,T0,T1,4.4ft,0.05s
4.24.2026 20:34:46,T0,T1,4.4ft,0.05s
4.24.2026 20:34:46,T0,T1,4.4ft,0.05s
4.24.2026 20:34:46,T0,T1,4.4ft,0.05s
4.24.2026 20:34:46,T0,T1,4.4ft,0.05s
4.24.2026 20:34:47,T0,T1,4.4ft,0.05s
4.24.2026 20:34:47,T0,T1,4.4ft,0.05s
4.24.2026 20:34:47,T0,T1,4.4ft,0.05s
4.24.2026 20:34:47,T0,T1,4.4ft,0.05s
4.24.2026 20:34:47,T0,T1,4.4ft,0.05s
4.24.2026 20:34:47,T0,T1,4.4ft,0.05s
4.24.2026 20:34:47,T0,T1,4.4ft,0.05s
4.24.2026 20:34:47,T0,T1,4.4ft,0.05s
4.24.2026 20:34:47,T0,T1,4.4ft,0.05s
4.24.2026 20:34:47,T0,T1,4.4ft,0.05s
4.24.2026 20:34:47,T0,T1,4.4ft,0.05s
4.24.2026 20:34:47,T0,T1,4.4ft,0.05s
4.24.2026 20:34:47,T0,T1,4.4ft,0.05s
4.24.2026 20:34:47,T0,T1,4.4ft,0.05s
4.24.2026 20:34:47,T0,T1,4.4ft,0.05s
4.24.2026 20:34:47,T0,T1,4.4ft,0.05s
4.24.2026 20:34:47,T0,T1,4.4ft,0.05s
4.24.2026 20:34:47,T0,T1,4.4ft,0.05s
4.24.2026 20:34:47,T0,T1,4.4ft,0.05s
4.24.2026 20:34:48,T0,T1,4.4ft,0.05s
4.24.2026 20:34:48,T0,T1,4.4ft,0.05s
4.24.2026 20:34:48,T0,T1,4.4ft,0.05s
4.24.2026 20:34:48,T0,T1,4.4ft,0.05s
4.24.2026 20:34:48,T0,T1,4.4ft,0.05s
4.24.2026 20:34:48,T0,T1,4.4ft,0.05s
4.24.2026 20:34:48,T0,T1,4.4ft,0.05s
4.24.2026 20:34:48,T0,T1,4.4ft,0.05s
4.24.2026 20:34:48,T0,T1,4.4ft,0.05s
4.24.2026 20:34:48,T0,T1,4.4ft,0.05s
4.24.2026 20:34:48,T0,T1,4.4ft,0.05s
4.24.2026 20:34:48,T0,T1,4.4ft,0.05s
4.24.2026 20:34:48,T0,T1,4.4ft,0.05s
4.24.2026 20:34:48,T0,T1,4.4ft,0.05s
4.24.2026 20:34:48,T0,T1,4.4ft,0.05s
4.24.2026 20:34:48,T0,T1,4.3ft,0.05s
4.24.2026 20:34:48,T0,T1,4.3ft,0.05s
4.24.2026 20:34:48,T0,T1,4.3ft,0.05s
4.24.2026 20:34:48,T0,T1,4.3ft,0.05s
4.24.2026 20:34:48,T0,T1,4.3ft,0.05s
4.24.2026 20:34:49,T0,T1,4.3ft,0.05s
4.24.2026 20:34:49,T0,T1,4.3ft,0.05s
4.24.2026 20:34:49,T0,T1,4.3ft,0.05s
4.24.2026 20:34:49,T0,T1,4.3ft,0.05s
4.24.2026 20:34:49,T0,T1,4.3ft,0.05s
4.24.2026 20:34:49,T0,T1,4.3ft,0.05s
4.24.2026 20:34:49,T0,T1,4.4ft,0.05s
4.24.2026 20:34:49,T0,T1,4.3ft,0.05s
4.24.2026 20:34:49,T0,T1,4.3ft,0.05s
4.24.2026 20:34:49,T0,T1,4.4ft,0.05s
4.24.2026 20:34:49,T0,T1,4.4ft,0.05s
4.24.2026 20:34:49,T0,T1,4.4ft,0.05s
4.24.2026 20:34:49,T0,T1,4.4ft,0.05s
4.24.2026 20:34:49,T0,T1,4.4ft,0.05s
4.24.2026 20:34:49,T0,T1,4.4ft,0.05s
4.24.2026 20:34:49,T0,T1,4.4ft,0.05s
4.24.2026 20:34:49,T0,T1,4.4ft,0.05s
4.24.2026 20:34:49,T0,T1,4.4ft,0.05s
4.24.2026 20:34:49,T0,T1,4.4ft,0.05s
4.24.2026 20:34:49,T0,T1,4.4ft,0.05s
4.24.2026 20:34:50,T0,T1,4.4ft,0.05s
4.24.2026 20:34:50,T0,T1,4.4ft,0.05s
4.24.2026 20:34:50,T0,T1,4.4ft,0.05s
4.24.2026 20:34:50,T0,T1,4.4ft,0.05s
4.24.2026 20:34:50,T0,T1,4.4ft,0.05s
4.24.2026 20:34:50,T0,T1,4.4ft,0.05s
4.24.2026 20:34:50,T0,T1,4.4ft,0.05s
4.24.2026 20:34:50,T0,T1,4.4ft,0.05s
4.24.2026 20:34:50,T0,T1,4.4ft,0.05s
4.24.2026 20:34:50,T0,T1,4.4ft,0.05s
4.24.2026 20:34:50,T0,T1,4.4ft,0.05s
4.24.2026 20:34:50,T0,T1,4.4ft,0.05s
4.24.2026 20:34:50,T0,T1,4.4ft,0.05s
4.24.2026 20:34:50,T0,T1,4.4ft,0.05s
4.24.2026 20:34:50,T0,T1,4.3ft,0.05s
4.24.2026 20:34:50,T0,T1,4.4ft,0.05s
4.24.2026 20:34:50,T0,T1,4.4ft,0.05s
4.24.2026 20:34:50,T0,T1,4.4ft,0.05s
4.24.2026 20:34:50,T0,T1,4.4ft,0.05s
4.24.2026 20:34:51,T0,T1,4.4ft,0.05s
4.24.2026 20:34:51,T0,T1,4.4ft,0.05s
4.24.2026 20:34:51,T0,T1,4.4ft,0.05s
4.24.2026 20:34:51,T0,T1,4.4ft,0.05s
4.24.2026 20:34:51,T0,T1,4.4ft,0.05s
4.24.2026 20:34:51,T0,T1,4.4ft,0.05s
4.24.2026 20:34:51,T0,T1,4.4ft,0.05s
4.24.2026 20:34:51,T0,T1,4.4ft,0.05s
4.24.2026 20:34:51,T0,T1,4.4ft,0.05s
4.24.2026 20:34:51,T0,T1,4.4ft,0.05s
4.24.2026 20:34:51,T0,T1,4.4ft,0.05s
4.24.2026 20:34:51,T0,T1,4.4ft,0.05s
4.24.2026 20:34:51,T0,T1,4.4ft,0.05s
4.24.2026 20:34:51,T0,T1,4.4ft,0.05s
4.24.2026 20:34:51,T0,T1,4.4ft,0.05s
4.24.2026 20:34:51,T0,T1,4.3ft,0.05s
4.24.2026 20:34:51,T0,T1,4.4ft,0.05s
4.24.2026 20:34:51,T0,T1,4.4ft,0.05s
4.24.2026 20:34:51,T0,T1,4.4ft,0.05s
4.24.2026 20:34:51,T0,T1,4.4ft,0.05s
4.24.2026 20:34:52,T0,T1,4.4ft,0.05s
4.24.2026 20:34:52,T0,T1,4.4ft,0.05s
4.24.2026 20:34:52,T0,T1,4.4ft,0.05s
4.24.2026 20:34:52,T0,T1,4.4ft,0.05s
4.24.2026 20:34:52,T0,T1,4.4ft,0.05s
4.24.2026 20:34:52,T0,T1,4.3ft,0.05s
4.24.2026 20:34:52,T0,T1,4.3ft,0.05s
4.24.2026 20:34:52,T0,T1,4.3ft,0.05s
4.24.2026 20:34:52,T0,T1,4.3ft,0.05s
4.24.2026 20:34:52,T0,T1,4.3ft,0.05s
4.24.2026 20:34:52,T0,T1,4.4ft,0.05s
4.24.2026 20:34:52,T0,T1,4.4ft,0.05s
4.24.2026 20:34:52,T0,T1,4.4ft,0.05s
4.24.2026 20:34:52,T0,T1,4.4ft,0.05s
4.24.2026 20:34:52,T0,T1,4.4ft,0.05s
4.24.2026 20:34:52,T0,T1,4.4ft,0.05s
4.24.2026 20:34:52,T0,T1,4.4ft,0.05s
4.24.2026 20:34:52,T0,T1,4.4ft,0.05s
4.24.2026 20:34:52,T0,T1,4.4ft,0.05s
4.24.2026 20:34:52,T0,T1,4.4ft,0.05s
4.24.2026 20:34:53,T0,T1,4.4ft,0.05s
4.24.2026 20:34:53,T0,T1,4.4ft,0.05s
4.24.2026 20:34:53,T0,T1,4.4ft,0.05s
4.24.2026 20:34:53,T0,T1,4.4ft,0.06s
4.24.2026 20:34:53,T0,T1,4.4ft,0.05s
4.24.2026 20:34:53,T0,T1,4.4ft,0.05s
4.24.2026 20:34:53,T0,T1,4.4ft,0.05s
4.24.2026 20:34:53,T0,T1,4.4ft,0.05s
4.24.2026 20:34:53,T0,T1,4.4ft,0.05s
4.24.2026 20:34:53,T0,T1,4.4ft,0.05s
4.24.2026 20:34:53,T0,T1,4.4ft,0.05s
4.24.2026 20:34:53,T0,T1,4.4ft,0.05s
4.24.2026 20:34:53,T0,T1,4.4ft,0.05s
4.24.2026 20:34:53,T0,T1,4.3ft,0.05s
4.24.2026 20:34:53,T0,T1,4.3ft,0.05s
4.24.2026 20:34:53,T0,T1,4.3ft,0.05s
4.24.2026 20:34:53,T0,T1,4.3ft,0.05s
4.24.2026 20:34:53,T0,T1,4.3ft,0.05s
4.24.2026 20:34:53,T0,T1,4.4ft,0.05s
4.24.2026 20:34:54,T0,T1,4.4ft,0.05s
4.24.2026 20:34:54,T0,T1,4.4ft,0.05s
4.24.2026 20:34:54,T0,T1,4.3ft,0.05s
4.24.2026 20:34:54,T0,T1,4.4ft,0.05s
4.24.2026 20:34:54,T0,T1,4.4ft,0.05s
4.24.2026 20:34:54,T0,T1,4.4ft,0.05s
4.24.2026 20:34:54,T0,T1,4.4ft,0.05s
4.24.2026 20:34:54,T0,T1,4.4ft,0.05s
4.24.2026 20:34:54,T0,T1,4.4ft,0.05s
4.24.2026 20:34:54,T0,T1,4.4ft,0.05s
4.24.2026 20:34:54,T0,T1,4.4ft,0.05s
4.24.2026 20:34:54,T0,T1,4.4ft,0.05s
4.24.2026 20:34:54,T0,T1,4.4ft,0.05s
4.24.2026 20:34:54,T0,T1,4.4ft,0.05s
4.24.2026 20:34:54,T0,T1,4.4ft,0.05s
4.24.2026 20:34:54,T0,T1,4.4ft,0.05s
4.24.2026 20:34:54,T0,T1,4.4ft,0.05s
4.24.2026 20:34:54,T0,T1,4.4ft,0.05s
4.24.2026 20:34:54,T0,T1,4.4ft,0.05s
4.24.2026 20:34:54,T0,T1,4.4ft,0.05s
4.24.2026 20:34:55,T0,T1,4.4ft,0.05s
4.24.2026 20:34:55,T0,T1,4.3ft,0.05s
4.24.2026 20:34:55,T0,T1,4.3ft,0.05s
4.24.2026 20:34:55,T0,T1,4.3ft,0.05s
4.24.2026 20:34:55,T0,T1,4.3ft,0.05s
4.24.2026 20:34:55,T0,T1,4.3ft,0.05s
4.24.2026 20:34:55,T0,T1,4.3ft,0.05s
4.24.2026 20:34:55,T0,T1,4.3ft,0.05s
4.24.2026 20:34:55,T0,T1,4.3ft,0.05s
4.24.2026 20:34:55,T0,T1,4.3ft,0.05s
4.24.2026 20:34:55,T0,T1,4.3ft,0.05s
4.24.2026 20:34:55,T0,T1,4.3ft,0.05s
4.24.2026 20:34:55,T0,T1,4.3ft,0.05s
4.24.2026 20:34:55,T0,T1,4.3ft,0.05s
4.24.2026 20:34:55,T0,T1,4.3ft,0.05s
4.24.2026 20:34:55,T0,T1,4.3ft,0.05s
4.24.2026 20:34:55,T0,T1,4.3ft,0.05s
4.24.2026 20:34:55,T0,T1,4.3ft,0.05s
4.24.2026 20:34:55,T0,T1,4.3ft,0.05s
4.24.2026 20:34:55,T0,T1,4.3ft,0.05s
4.24.2026 20:34:56,T0,T1,4.3ft,0.05s
4.24.2026 20:34:56,T0,T1,4.3ft,0.05s
4.24.2026 20:34:56,T0,T1,4.3ft,0.05s
4.24.2026 20:34:56,T0,T1,4.3ft,0.05s
4.24.2026 20:34:56,T0,T1,4.3ft,0.05s
4.24.2026 20:34:56,T0,T1,4.3ft,0.05s
4.24.2026 20:34:56,T0,T1,4.3ft,0.05s
4.24.2026 20:34:56,T0,T1,4.3ft,0.05s
4.24.2026 20:34:56,T0,T1,4.3ft,0.05s
4.24.2026 20:34:56,T0,T1,4.3ft,0.05s
4.24.2026 20:34:56,T0,T1,4.3ft,0.05s
4.24.2026 20:34:56,T0,T1,4.3ft,0.05s
4.24.2026 20:34:56,T0,T1,4.3ft,0.05s
4.24.2026 20:34:56,T0,T1,4.3ft,0.05s
4.24.2026 20:34:56,T0,T1,4.3ft,0.05s
4.24.2026 20:34:56,T0,T1,4.3ft,0.05s
4.24.2026 20:34:56,T0,T1,4.3ft,0.05s
4.24.2026 20:34:56,T0,T1,4.3ft,0.05s
4.24.2026 20:34:56,T0,T1,4.3ft,0.05s
4.24.2026 20:34:56,T0,T1,4.3ft,0.05s
4.24.2026 20:34:57,T0,T1,4.3ft,0.05s
4.24.2026 20:34:57,T0,T1,4.3ft,0.05s
4.24.2026 20:34:57,T0,T1,4.3ft,0.05s
4.24.2026 20:34:57,T0,T1,4.3ft,0.05s
4.24.2026 20:34:57,T0,T1,4.3ft,0.05s
4.24.2026 20:34:57,T0,T1,4.3ft,0.05s
4.24.2026 20:34:57,T0,T1,4.3ft,0.05s
4.24.2026 20:34:57,T0,T1,4.3ft,0.05s
4.24.2026 20:34:57,T0,T1,4.3ft,0.05s
4.24.2026 20:34:57,T0,T1,4.3ft,0.05s
4.24.2026 20:34:57,T0,T1,4.3ft,0.05s
4.24.2026 20:34:57,T0,T1,4.3ft,0.05s
4.24.2026 20:34:57,T0,T1,4.3ft,0.05s
4.24.2026 20:34:57,T0,T1,4.3ft,0.05s
4.24.2026 20:34:57,T0,T1,4.3ft,0.05s
4.24.2026 20:34:57,T0,T1,4.3ft,0.05s
4.24.2026 20:34:57,T0,T1,4.3ft,0.05s
4.24.2026 20:34:57,T0,T1,4.3ft,0.05s
4.24.2026 20:34:57,T0,T1,4.3ft,0.05s
4.24.2026 20:34:58,T0,T1,4.3ft,0.05s
4.24.2026 20:34:58,T0,T1,4.3ft,0.05s
4.24.2026 20:34:58,T0,T1,4.3ft,0.05s
4.24.2026 20:34:58,T0,T1,4.3ft,0.05s
4.24.2026 20:34:58,T0,T1,4.3ft,0.05s
4.24.2026 20:34:58,T0,T1,4.3ft,0.05s
4.24.2026 20:34:58,T0,T1,4.3ft,0.05s
4.24.2026 20:34:58,T0,T1,4.3ft,0.05s
4.24.2026 20:34:58,T0,T1,4.3ft,0.05s
4.24.2026 20:34:58,T0,T1,4.3ft,0.05s
4.24.2026 20:34:58,T0,T1,4.3ft,0.05s
4.24.2026 20:34:58,T0,T1,4.3ft,0.05s
4.24.2026 20:34:58,T0,T1,4.3ft,0.05s
4.24.2026 20:34:58,T0,T1,4.3ft,0.05s
4.24.2026 20:34:58,T0,T1,4.4ft,0.05s
4.24.2026 20:34:58,T0,T1,4.4ft,0.05s
4.24.2026 20:34:58,T0,T1,4.4ft,0.05s
4.24.2026 20:34:58,T0,T1,4.4ft,0.05s
4.24.2026 20:34:58,T0,T1,4.4ft,0.05s
4.24.2026 20:34:58,T0,T1,4.4ft,0.05s
4.24.2026 20:34:59,T0,T1,4.4ft,0.05s
4.24.2026 20:34:59,T0,T1,4.4ft,0.05s
4.24.2026 20:34:59,T0,T1,4.4ft,0.05s
4.24.2026 20:34:59,T0,T1,4.3ft,0.05s
4.24.2026 20:34:59,T0,T1,4.4ft,0.05s
4.24.2026 20:34:59,T0,T1,4.4ft,0.05s
4.24.2026 20:34:59,T0,T1,4.3ft,0.05s
4.24.2026 20:34:59,T0,T1,4.3ft,0.05s
4.24.2026 20:34:59,T0,T1,4.3ft,0.05s
4.24.2026 20:34:59,T0,T1,4.4ft,0.05s
4.24.2026 20:34:59,T0,T1,4.4ft,0.05s
4.24.2026 20:34:59,T0,T1,4.3ft,0.05s
4.24.2026 20:34:59,T0,T1,4.3ft,0.05s
4.24.2026 20:34:59,T0,T1,4.3ft,0.05s
4.24.2026 20:34:59,T0,T1,4.3ft,0.05s
4.24.2026 20:34:59,T0,T1,4.3ft,0.05s
4.24.2026 20:34:59,T0,T1,4.3ft,0.05s
4.24.2026 20:34:59,T0,T1,4.4ft,0.05s
4.24.2026 20:34:59,T0,T1,4.4ft,0.05s
4.24.2026 20:34:59,T0,T1,4.4ft,0.05s
4.24.2026 20:35:00,T0,T1,4.4ft,0.05s
4.24.2026 20:35:00,T0,T1,4.3ft,0.05s
4.24.2026 20:35:00,T0,T1,4.3ft,0.05s
4.24.2026 20:35:00,T0,T1,4.3ft,0.05s
4.24.2026 20:35:00,T0,T1,4.3ft,0.05s
4.24.2026 20:35:00,T0,T1,4.3ft,0.05s
4.24.2026 20:35:00,T0,T1,4.3ft,0.05s
4.24.2026 20:35:00,T0,T1,4.3ft,0.05s
4.24.2026 20:35:00,T0,T1,4.3ft,0.05s
4.24.2026 20:35:00,T0,T1,4.3ft,0.05s
4.24.2026 20:35:00,T0,T1,4.3ft,0.05s
4.24.2026 20:35:00,T0,T1,4.3ft,0.05s
4.24.2026 20:35:00,T0,T1,4.3ft,0.05s
4.24.2026 20:35:00,T0,T1,4.3ft,0.05s
4.24.2026 20:35:00,T0,T1,4.3ft,0.05s
4.24.2026 20:35:00,T0,T1,4.3ft,0.05s
4.24.2026 20:35:00,T0,T1,4.3ft,0.05s
4.24.2026 20:35:00,T0,T1,4.3ft,0.05s
4.24.2026 20:35:00,T0,T1,4.3ft,0.05s
4.24.2026 20:35:01,T0,T1,4.3ft,0.05s
4.24.2026 20:35:01,T0,T1,4.3ft,0.05s
4.24.2026 20:35:01,T0,T1,4.3ft,0.05s
4.24.2026 20:35:01,T0,T1,4.3ft,0.05s
4.24.2026 20:35:01,T0,T1,4.3ft,0.05s
4.24.2026 20:35:01,T0,T1,4.4ft,0.05s
4.24.2026 20:35:01,T0,T1,4.4ft,0.05s
4.24.2026 20:35:01,T0,T1,4.3ft,0.05s
4.24.2026 20:35:01,T0,T1,4.3ft,0.05s
4.24.2026 20:35:01,T0,T1,4.4ft,0.05s
4.24.2026 20:35:01,T0,T1,4.4ft,0.05s
4.24.2026 20:35:01,T0,T1,4.3ft,0.05s
4.24.2026 20:35:01,T0,T1,4.4ft,0.05s
4.24.2026 20:35:01,T0,T1,4.4ft,0.05s
4.24.2026 20:35:01,T0,T1,4.4ft,0.05s
4.24.2026 20:35:01,T0,T1,4.4ft,0.05s
4.24.2026 20:35:01,T0,T1,4.4ft,0.05s
4.24.2026 20:35:01,T0,T1,4.4ft,0.05s
4.24.2026 20:35:01,T0,T1,4.4ft,0.05s
4.24.2026 20:35:01,T0,T1,4.4ft,0.05s
4.24.2026 20:35:02,T0,T1,4.4ft,0.05s
4.24.2026 20:35:02,T0,T1,4.4ft,0.05s
4.24.2026 20:35:02,T0,T1,4.4ft,0.05s
4.24.2026 20:35:02,T0,T1,4.4ft,0.05s
4.24.2026 20:35:02,T0,T1,4.4ft,0.05s
4.24.2026 20:35:02,T0,T1,4.4ft,0.05s
4.24.2026 20:35:02,T0,T1,4.4ft,0.05s
4.24.2026 20:35:02,T0,T1,4.4ft,0.05s
4.24.2026 20:35:02,T0,T1,4.4ft,0.05s
4.24.2026 20:35:02,T0,T1,4.4ft,0.05s
4.24.2026 20:35:02,T0,T1,4.4ft,0.05s
4.24.2026 20:35:02,T0,T1,4.4ft,0.05s
4.24.2026 20:35:02,T0,T1,4.4ft,0.05s
4.24.2026 20:35:02,T0,T1,4.4ft,0.05s
4.24.2026 20:35:02,T0,T1,4.3ft,0.05s
4.24.2026 20:35:02,T0,T1,4.4ft,0.05s
4.24.2026 20:35:02,T0,T1,4.4ft,0.05s
4.24.2026 20:35:02,T0,T1,4.4ft,0.05s
4.24.2026 20:35:02,T0,T1,4.4ft,0.05s
4.24.2026 20:35:02,T0,T1,4.4ft,0.05s
4.24.2026 20:35:03,T0,T1,4.4ft,0.05s
4.24.2026 20:35:03,T0,T1,4.4ft,0.05s
4.24.2026 20:35:03,T0,T1,4.4ft,0.05s
4.24.2026 20:35:03,T0,T1,4.4ft,0.05s
4.24.2026 20:35:03,T0,T1,4.4ft,0.05s
4.24.2026 20:35:03,T0,T1,4.4ft,0.05s
4.24.2026 20:35:03,T0,T1,4.4ft,0.05s
4.24.2026 20:35:03,T0,T1,4.4ft,0.05s
4.24.2026 20:35:03,T0,T1,4.4ft,0.05s
4.24.2026 20:35:03,T0,T1,4.4ft,0.05s
4.24.2026 20:35:03,T0,T1,4.4ft,0.05s
4.24.2026 20:35:03,T0,T1,4.3ft,0.05s
4.24.2026 20:35:03,T0,T1,4.3ft,0.05s
4.24.2026 20:35:03,T0,T1,4.3ft,0.05s
4.24.2026 20:35:03,T0,T1,4.3ft,0.05s
4.24.2026 20:35:03,T0,T1,4.4ft,0.05s
4.24.2026 20:35:03,T0,T1,4.4ft,0.05s
4.24.2026 20:35:03,T0,T1,4.4ft,0.05s
4.24.2026 20:35:03,T0,T1,4.4ft,0.05s
4.24.2026 20:35:03,T0,T1,4.4ft,0.05s
4.24.2026 20:35:04,T0,T1,4.3ft,0.05s
4.24.2026 20:35:04,T0,T1,4.3ft,0.05s
4.24.2026 20:35:04,T0,T1,4.3ft,0.05s
4.24.2026 20:35:04,T0,T1,4.3ft,0.05s
4.24.2026 20:35:04,T0,T1,4.3ft,0.05s
4.24.2026 20:35:04,T0,T1,4.4ft,0.05s
4.24.2026 20:35:04,T0,T1,4.4ft,0.05s
4.24.2026 20:35:04,T0,T1,4.4ft,0.05s
4.24.2026 20:35:04,T0,T1,4.4ft,0.05s
4.24.2026 20:35:04,T0,T1,4.3ft,0.05s
4.24.2026 20:35:04,T0,T1,4.4ft,0.05s
4.24.2026 20:35:04,T0,T1,4.4ft,0.05s
4.24.2026 20:35:04,T0,T1,4.4ft,0.05s
4.24.2026 20:35:04,T0,T1,4.4ft,0.05s
4.24.2026 20:35:04,T0,T1,4.4ft,0.05s
4.24.2026 20:35:04,T0,T1,4.4ft,0.05s
4.24.2026 20:35:04,T0,T1,4.4ft,0.05s
4.24.2026 20:35:04,T0,T1,4.3ft,0.05s
4.24.2026 20:35:04,T0,T1,4.3ft,0.05s
4.24.2026 20:35:05,T0,T1,4.3ft,0.05s
4.24.2026 20:35:05,T0,T1,4.3ft,0.05s
4.24.2026 20:35:05,T0,T1,4.3ft,0.05s
4.24.2026 20:35:05,T0,T1,4.3ft,0.05s
4.24.2026 20:35:05,T0,T1,4.3ft,0.05s
4.24.2026 20:35:05,T0,T1,4.3ft,0.05s
4.24.2026 20:35:05,T0,T1,4.3ft,0.05s
4.24.2026 20:35:05,T0,T1,4.3ft,0.05s
4.24.2026 20:35:05,T0,T1,4.3ft,0.05s
4.24.2026 20:35:05,T0,T1,4.3ft,0.05s
4.24.2026 20:35:05,T0,T1,4.3ft,0.05s
4.24.2026 20:35:05,T0,T1,4.3ft,0.05s
4.24.2026 20:35:05,T0,T1,4.3ft,0.05s
4.24.2026 20:35:05,T0,T1,4.3ft,0.05s
4.24.2026 20:35:05,T0,T1,4.3ft,0.05s
4.24.2026 20:35:05,T0,T1,4.3ft,0.05s
4.24.2026 20:35:05,T0,T1,4.3ft,0.05s
4.24.2026 20:35:05,T0,T1,4.3ft,0.05s
4.24.2026 20:35:05,T0,T1,4.3ft,0.05s
4.24.2026 20:35:05,T0,T1,4.3ft,0.05s
4.24.2026 20:35:06,T0,T1,4.3ft,0.05s
4.24.2026 20:35:06,T0,T1,4.3ft,0.05s
4.24.2026 20:35:06,T0,T1,4.3ft,0.05s
4.24.2026 20:35:06,T0,T1,4.3ft,0.05s
4.24.2026 20:35:06,T0,T1,4.3ft,0.05s
4.24.2026 20:35:06,T0,T1,4.3ft,0.05s
4.24.2026 20:35:06,T0,T1,4.3ft,0.05s
4.24.2026 20:35:06,T0,T1,4.3ft,0.05s
4.24.2026 20:35:06,T0,T1,4.4ft,0.05s
4.24.2026 20:35:06,T0,T1,4.3ft,0.05s
4.24.2026 20:35:06,T0,T1,4.4ft,0.05s
4.24.2026 20:35:06,T0,T1,4.4ft,0.05s
4.24.2026 20:35:06,T0,T1,4.4ft,0.05s
4.24.2026 20:35:06,T0,T1,4.4ft,0.05s
4.24.2026 20:35:06,T0,T1,4.4ft,0.05s
4.24.2026 20:35:06,T0,T1,4.4ft,0.05s
4.24.2026 20:35:06,T0,T1,4.3ft,0.05s
4.24.2026 20:35:06,T0,T1,4.4ft,0.05s
4.24.2026 20:35:06,T0,T1,4.3ft,0.05s
4.24.2026 20:35:06,T0,T1,4.3ft,0.05s
4.24.2026 20:35:07,T0,T1,4.3ft,0.05s
4.24.2026 20:35:07,T0,T1,4.4ft,0.05s
4.24.2026 20:35:07,T0,T1,4.3ft,0.05s
4.24.2026 20:35:07,T0,T1,4.3ft,0.05s
4.24.2026 20:35:07,T0,T1,4.3ft,0.05s
4.24.2026 20:35:07,T0,T1,4.3ft,0.05s
4.24.2026 20:35:07,T0,T1,4.4ft,0.05s
4.24.2026 20:35:07,T0,T1,4.3ft,0.05s
4.24.2026 20:35:07,T0,T1,4.3ft,0.05s
4.24.2026 20:35:07,T0,T1,4.4ft,0.05s
4.24.2026 20:35:07,T0,T1,4.4ft,0.05s
4.24.2026 20:35:07,T0,T1,4.4ft,0.05s
4.24.2026 20:35:07,T0,T1,4.4ft,0.05s
4.24.2026 20:35:07,T0,T1,4.4ft,0.05s
4.24.2026 20:35:07,T0,T1,4.4ft,0.05s
4.24.2026 20:35:07,T0,T1,4.4ft,0.05s
4.24.2026 20:35:07,T0,T1,4.4ft,0.05s
4.24.2026 20:35:07,T0,T1,4.4ft,0.05s
4.24.2026 20:35:07,T0,T1,4.4ft,0.05s
4.24.2026 20:35:08,T0,T1,4.4ft,0.05s
4.24.2026 20:35:08,T0,T1,4.4ft,0.05s
4.24.2026 20:35:08,T0,T1,4.4ft,0.05s
4.24.2026 20:35:08,T0,T1,4.4ft,0.05s
4.24.2026 20:35:08,T0,T1,4.4ft,0.05s
4.24.2026 20:35:08,T0,T1,4.4ft,0.05s
4.24.2026 20:35:08,T0,T1,4.4ft,0.05s
4.24.2026 20:35:08,T0,T1,4.3ft,0.05s
4.24.2026 20:35:08,T0,T1,4.3ft,0.05s
4.24.2026 20:35:08,T0,T1,4.3ft,0.05s
4.24.2026 20:35:08,T0,T1,4.3ft,0.05s
4.24.2026 20:35:08,T0,T1,4.3ft,0.05s
4.24.2026 20:35:08,T0,T1,4.3ft,0.05s
4.24.2026 20:35:08,T0,T1,4.3ft,0.05s
4.24.2026 20:35:08,T0,T1,4.3ft,0.05s
4.24.2026 20:35:08,T0,T1,4.3ft,0.05s
4.24.2026 20:35:08,T0,T1,4.3ft,0.05s
4.24.2026 20:35:08,T0,T1,4.3ft,0.05s
4.24.2026 20:35:08,T0,T1,4.3ft,0.05s
4.24.2026 20:35:08,T0,T1,4.3ft,0.05s
4.24.2026 20:35:09,T0,T1,4.3ft,0.05s
4.24.2026 20:35:09,T0,T1,4.3ft,0.05s
4.24.2026 20:35:09,T0,T1,4.3ft,0.05s
4.24.2026 20:35:09,T0,T1,4.3ft,0.05s
4.24.2026 20:35:09,T0,T1,4.3ft,0.05s
4.24.2026 20:35:09,T0,T1,4.3ft,0.05s
4.24.2026 20:35:09,T0,T1,4.3ft,0.05s
4.24.2026 20:35:09,T0,T1,4.3ft,0.05s
4.24.2026 20:35:09,T0,T1,4.3ft,0.05s
4.24.2026 20:35:09,T0,T1,4.3ft,0.05s
4.24.2026 20:35:09,T0,T1,4.3ft,0.05s
4.24.2026 20:35:09,T0,T1,4.3ft,0.05s
4.24.2026 20:35:09,T0,T1,4.3ft,0.05s
4.24.2026 20:35:09,T0,T1,4.3ft,0.05s
4.24.2026 20:35:09,T0,T1,4.3ft,0.05s
4.24.2026 20:35:09,T0,T1,4.3ft,0.05s
4.24.2026 20:35:09,T0,T1,4.3ft,0.05s
4.24.2026 20:35:09,T0,T1,4.3ft,0.05s
4.24.2026 20:35:09,T0,T1,4.3ft,0.05s
4.24.2026 20:35:09,T0,T1,4.3ft,0.06s
4.24.2026 20:35:10,T0,T1,4.3ft,0.05s
4.24.2026 20:35:10,T0,T1,4.3ft,0.05s
4.24.2026 20:35:10,T0,T1,4.3ft,0.05s
4.24.2026 20:35:10,T0,T1,4.3ft,0.05s
4.24.2026 20:35:10,T0,T1,4.3ft,0.05s
4.24.2026 20:35:10,T0,T1,4.3ft,0.05s
4.24.2026 20:35:10,T0,T1,4.3ft,0.05s
4.24.2026 20:35:10,T0,T1,4.4ft,0.05s
4.24.2026 20:35:10,T0,T1,4.4ft,0.05s
4.24.2026 20:35:10,T0,T1,4.4ft,0.05s
4.24.2026 20:35:10,T0,T1,4.4ft,0.05s
4.24.2026 20:35:10,T0,T1,4.4ft,0.05s
4.24.2026 20:35:10,T0,T1,4.3ft,0.05s
4.24.2026 20:35:10,T0,T1,4.3ft,0.05s
4.24.2026 20:35:10,T0,T1,4.3ft,0.05s
4.24.2026 20:35:10,T0,T1,4.3ft,0.05s
4.24.2026 20:35:10,T0,T1,4.3ft,0.05s
4.24.2026 20:35:10,T0,T1,4.3ft,0.05s
4.24.2026 20:35:10,T0,T1,4.3ft,0.05s
4.24.2026 20:35:11,T0,T1,4.3ft,0.05s
4.24.2026 20:35:11,T0,T1,4.3ft,0.05s
4.24.2026 20:35:11,T0,T1,4.3ft,0.05s
4.24.2026 20:35:11,T0,T1,4.3ft,0.05s
4.24.2026 20:35:11,T0,T1,4.3ft,0.05s
4.24.2026 20:35:11,T0,T1,4.3ft,0.05s
4.24.2026 20:35:11,T0,T1,4.3ft,0.05s
4.24.2026 20:35:11,T0,T1,4.3ft,0.05s
4.24.2026 20:35:11,T0,T1,4.3ft,0.05s
4.24.2026 20:35:11,T0,T1,4.3ft,0.05s
4.24.2026 20:35:11,T0,T1,4.3ft,0.05s
4.24.2026 20:35:11,T0,T1,4.3ft,0.05s
4.24.2026 20:35:11,T0,T1,4.3ft,0.05s
4.24.2026 20:35:11,T0,T1,4.3ft,0.05s
4.24.2026 20:35:11,T0,T1,4.3ft,0.05s
4.24.2026 20:35:11,T0,T1,4.3ft,0.05s
4.24.2026 20:35:11,T0,T1,4.3ft,0.05s
4.24.2026 20:35:11,T0,T1,4.3ft,0.05s
4.24.2026 20:35:11,T0,T1,4.3ft,0.05s
4.24.2026 20:35:11,T0,T1,4.3ft,0.05s
4.24.2026 20:35:12,T0,T1,4.3ft,0.05s
4.24.2026 20:35:12,T0,T1,4.3ft,0.05s
4.24.2026 20:35:12,T0,T1,4.3ft,0.05s
4.24.2026 20:35:12,T0,T1,4.3ft,0.05s
4.24.2026 20:35:12,T0,T1,4.3ft,0.05s
4.24.2026 20:35:12,T0,T1,4.3ft,0.05s
4.24.2026 20:35:12,T0,T1,4.3ft,0.05s
4.24.2026 20:35:12,T0,T1,4.3ft,0.05s
4.24.2026 20:35:12,T0,T1,4.3ft,0.05s
4.24.2026 20:35:12,T0,T1,4.4ft,0.05s
4.24.2026 20:35:12,T0,T1,4.4ft,0.05s
4.24.2026 20:35:12,T0,T1,4.4ft,0.05s
4.24.2026 20:35:12,T0,T1,4.4ft,0.05s
4.24.2026 20:35:12,T0,T1,4.4ft,0.05s
4.24.2026 20:35:12,T0,T1,4.4ft,0.05s
4.24.2026 20:35:12,T0,T1,4.4ft,0.05s
4.24.2026 20:35:12,T0,T1,4.4ft,0.05s
4.24.2026 20:35:12,T0,T1,4.4ft,0.05s
4.24.2026 20:35:12,T0,T1,4.4ft,0.05s
4.24.2026 20:35:12,T0,T1,4.4ft,0.05s
4.24.2026 20:35:13,T0,T1,4.4ft,0.05s
4.24.2026 20:35:13,T0,T1,4.4ft,0.05s
4.24.2026 20:35:13,T0,T1,4.4ft,0.05s
4.24.2026 20:35:13,T0,T1,4.4ft,0.05s
4.24.2026 20:35:13,T0,T1,4.4ft,0.05s
4.24.2026 20:35:13,T0,T1,4.4ft,0.05s
4.24.2026 20:35:13,T0,T1,4.4ft,0.05s
4.24.2026 20:35:13,T0,T1,4.4ft,0.05s
4.24.2026 20:35:13,T0,T1,4.4ft,0.05s
4.24.2026 20:35:13,T0,T1,4.4ft,0.05s
4.24.2026 20:35:13,T0,T1,4.4ft,0.05s
4.24.2026 20:35:13,T0,T1,4.4ft,0.05s
4.24.2026 20:35:13,T0,T1,4.4ft,0.05s
4.24.2026 20:35:13,T0,T1,4.4ft,0.05s
4.24.2026 20:35:13,T0,T1,4.4ft,0.05s
4.24.2026 20:35:13,T0,T1,4.4ft,0.05s
4.24.2026 20:35:13,T0,T1,4.4ft,0.05s
4.24.2026 20:35:13,T0,T1,4.4ft,0.05s
4.24.2026 20:35:13,T0,T1,4.4ft,0.05s
4.24.2026 20:35:13,T0,T1,4.3ft,0.05s
4.24.2026 20:35:14,T0,T1,4.3ft,0.05s
4.24.2026 20:35:14,T0,T1,4.3ft,0.05s
4.24.2026 20:35:14,T0,T1,4.3ft,0.05s
4.24.2026 20:35:14,T0,T1,4.3ft,0.05s
4.24.2026 20:35:14,T0,T1,4.3ft,0.05s
4.24.2026 20:35:14,T0,T1,4.3ft,0.05s
4.24.2026 20:35:14,T0,T1,4.3ft,0.05s
4.24.2026 20:35:14,T0,T1,4.3ft,0.05s
4.24.2026 20:35:14,T0,T1,4.3ft,0.05s
4.24.2026 20:35:14,T0,T1,4.3ft,0.05s
4.24.2026 20:35:14,T0,T1,4.3ft,0.05s
4.24.2026 20:35:14,T0,T1,4.3ft,0.05s
4.24.2026 20:35:14,T0,T1,4.4ft,0.05s
4.24.2026 20:35:14,T0,T1,4.4ft,0.05s
4.24.2026 20:35:14,T0,T1,4.4ft,0.05s
4.24.2026 20:35:14,T0,T1,4.4ft,0.05s
4.24.2026 20:35:14,T0,T1,4.4ft,0.05s
4.24.2026 20:35:14,T0,T1,4.4ft,0.05s
4.24.2026 20:35:14,T0,T1,4.4ft,0.05s
4.24.2026 20:35:15,T0,T1,4.4ft,0.05s
4.24.2026 20:35:15,T0,T1,4.4ft,0.05s
4.24.2026 20:35:15,T0,T1,4.4ft,0.05s
4.24.2026 20:35:15,T0,T1,4.4ft,0.05s
4.24.2026 20:35:15,T0,T1,4.4ft,0.05s
4.24.2026 20:35:15,T0,T1,4.4ft,0.05s
4.24.2026 20:35:15,T0,T1,4.3ft,0.05s
4.24.2026 20:35:15,T0,T1,4.3ft,0.05s
4.24.2026 20:35:15,T0,T1,4.3ft,0.05s
4.24.2026 20:35:15,T0,T1,4.3ft,0.05s
4.24.2026 20:35:15,T0,T1,4.3ft,0.05s
4.24.2026 20:35:15,T0,T1,4.3ft,0.05s
4.24.2026 20:35:15,T0,T1,4.3ft,0.05s
4.24.2026 20:35:15,T0,T1,4.3ft,0.05s
4.24.2026 20:35:15,T0,T1,4.3ft,0.05s
4.24.2026 20:35:15,T0,T1,4.3ft,0.05s
4.24.2026 20:35:15,T0,T1,4.3ft,0.05s
4.24.2026 20:35:15,T0,T1,4.3ft,0.05s
4.24.2026 20:35:15,T0,T1,4.3ft,0.05s
4.24.2026 20:35:15,T0,T1,4.3ft,0.05s
4.24.2026 20:35:16,T0,T1,4.3ft,0.05s
4.24.2026 20:35:16,T0,T1,4.3ft,0.05s
4.24.2026 20:35:16,T0,T1,4.3ft,0.05s
4.24.2026 20:35:16,T0,T1,4.3ft,0.05s
4.24.2026 20:35:16,T0,T1,4.3ft,0.05s
4.24.2026 20:35:16,T0,T1,4.3ft,0.05s
4.24.2026 20:35:16,T0,T1,4.3ft,0.05s
4.24.2026 20:35:16,T0,T1,4.3ft,0.05s
4.24.2026 20:35:16,T0,T1,4.3ft,0.05s
4.24.2026 20:35:16,T0,T1,4.3ft,0.05s
4.24.2026 20:35:16,T0,T1,4.3ft,0.05s
4.24.2026 20:35:16,T0,T1,4.3ft,0.05s
4.24.2026 20:35:16,T0,T1,4.4ft,0.05s
4.24.2026 20:35:16,T0,T1,4.3ft,0.05s
4.24.2026 20:35:16,T0,T1,4.3ft,0.05s
4.24.2026 20:35:16,T0,T1,4.3ft,0.05s
4.24.2026 20:35:16,T0,T1,4.3ft,0.05s
4.24.2026 20:35:16,T0,T1,4.3ft,0.05s
4.24.2026 20:35:16,T0,T1,4.3ft,0.05s
4.24.2026 20:35:16,T0,T1,4.3ft,0.05s
4.24.2026 20:35:17,T0,T1,4.3ft,0.05s
4.24.2026 20:35:17,T0,T1,4.3ft,0.05s
4.24.2026 20:35:17,T0,T1,4.3ft,0.05s
4.24.2026 20:35:17,T0,T1,4.3ft,0.05s
4.24.2026 20:35:17,T0,T1,4.3ft,0.05s
4.24.2026 20:35:17,T0,T1,4.3ft,0.05s
4.24.2026 20:35:17,T0,T1,4.3ft,0.05s
4.24.2026 20:35:17,T0,T1,4.3ft,0.05s
4.24.2026 20:35:17,T0,T1,4.3ft,0.05s
4.24.2026 20:35:17,T0,T1,4.3ft,0.05s
4.24.2026 20:35:17,T0,T1,4.4ft,0.05s
4.24.2026 20:35:17,T0,T1,4.4ft,0.05s
4.24.2026 20:35:17,T0,T1,4.4ft,0.05s
4.24.2026 20:35:17,T0,T1,4.4ft,0.05s
4.24.2026 20:35:17,T0,T1,4.4ft,0.05s
4.24.2026 20:35:17,T0,T1,4.4ft,0.05s
4.24.2026 20:35:17,T0,T1,4.4ft,0.05s
4.24.2026 20:35:17,T0,T1,4.4ft,0.05s
4.24.2026 20:35:17,T0,T1,4.4ft,0.05s
4.24.2026 20:35:17,T0,T1,4.4ft,0.05s
4.24.2026 20:35:18,T0,T1,4.4ft,0.05s
4.24.2026 20:35:18,T0,T1,4.3ft,0.05s
4.24.2026 20:35:18,T0,T1,4.3ft,0.05s
4.24.2026 20:35:18,T0,T1,4.3ft,0.05s
4.24.2026 20:35:18,T0,T1,4.3ft,0.05s
4.24.2026 20:35:18,T0,T1,4.3ft,0.05s
4.24.2026 20:35:18,T0,T1,4.3ft,0.05s
4.24.2026 20:35:18,T0,T1,4.3ft,0.05s
4.24.2026 20:35:18,T0,T1,4.3ft,0.05s
4.24.2026 20:35:18,T0,T1,4.3ft,0.05s
4.24.2026 20:35:18,T0,T1,4.3ft,0.05s
4.24.2026 20:35:18,T0,T1,4.3ft,0.05s
4.24.2026 20:35:18,T0,T1,4.3ft,0.05s
4.24.2026 20:35:18,T0,T1,4.3ft,0.05s
4.24.2026 20:35:18,T0,T1,4.3ft,0.05s
4.24.2026 20:35:18,T0,T1,4.3ft,0.05s
4.24.2026 20:35:18,T0,T1,4.3ft,0.05s
4.24.2026 20:35:18,T0,T1,4.3ft,0.05s
4.24.2026 20:35:18,T0,T1,4.3ft,0.05s
4.24.2026 20:35:19,T0,T1,4.3ft,0.05s
4.24.2026 20:35:19,T0,T1,4.3ft,0.05s
4.24.2026 20:35:19,T0,T1,4.3ft,0.05s
4.24.2026 20:35:19,T0,T1,4.3ft,0.05s
4.24.2026 20:35:19,T0,T1,4.3ft,0.05s
4.24.2026 20:35:19,T0,T1,4.3ft,0.05s
4.24.2026 20:35:19,T0,T1,4.3ft,0.05s
4.24.2026 20:35:19,T0,T1,4.3ft,0.05s
4.24.2026 20:35:19,T0,T1,4.3ft,0.05s
4.24.2026 20:35:19,T0,T1,4.3ft,0.05s
4.24.2026 20:35:19,T0,T1,4.3ft,0.05s
4.24.2026 20:35:19,T0,T1,4.3ft,0.05s
4.24.2026 20:35:19,T0,T1,4.3ft,0.05s
4.24.2026 20:35:19,T0,T1,4.3ft,0.05s
4.24.2026 20:35:19,T0,T1,4.3ft,0.05s
4.24.2026 20:35:19,T0,T1,4.3ft,0.05s
4.24.2026 20:35:19,T0,T1,4.3ft,0.05s
4.24.2026 20:35:19,T0,T1,4.3ft,0.05s
4.24.2026 20:35:19,T0,T1,4.3ft,0.05s
4.24.2026 20:35:19,T0,T1,4.3ft,0.05s
4.24.2026 20:35:20,T0,T1,4.3ft,0.05s
4.24.2026 20:35:20,T0,T1,4.3ft,0.05s
4.24.2026 20:35:20,T0,T1,4.3ft,0.05s
4.24.2026 20:35:20,T0,T1,4.3ft,0.05s
4.24.2026 20:35:20,T0,T1,4.3ft,0.05s
4.24.2026 20:35:20,T0,T1,4.3ft,0.05s
4.24.2026 20:35:20,T0,T1,4.3ft,0.05s
4.24.2026 20:35:20,T0,T1,4.3ft,0.05s
4.24.2026 20:35:20,T0,T1,4.3ft,0.05s
4.24.2026 20:35:20,T0,T1,4.3ft,0.05s
4.24.2026 20:35:20,T0,T1,4.3ft,0.05s
4.24.2026 20:35:20,T0,T1,4.3ft,0.05s
4.24.2026 20:35:20,T0,T1,4.3ft,0.05s
4.24.2026 20:35:20,T0,T1,4.3ft,0.05s
4.24.2026 20:35:20,T0,T1,4.3ft,0.05s
4.24.2026 20:35:20,T0,T1,4.3ft,0.05s
4.24.2026 20:35:20,T0,T1,4.3ft,0.05s
4.24.2026 20:35:20,T0,T1,4.3ft,0.05s
4.24.2026 20:35:20,T0,T1,4.3ft,0.05s
4.24.2026 20:35:20,T0,T1,4.3ft,0.05s
4.24.2026 20:35:21,T0,T1,4.3ft,0.05s
4.24.2026 20:35:21,T0,T1,4.3ft,0.05s
4.24.2026 20:35:21,T0,T1,4.3ft,0.05s
4.24.2026 20:35:21,T0,T1,4.3ft,0.05s
4.24.2026 20:35:21,T0,T1,4.3ft,0.05s
4.24.2026 20:35:21,T0,T1,4.3ft,0.05s
4.24.2026 20:35:21,T0,T1,4.4ft,0.05s
4.24.2026 20:35:21,T0,T1,4.4ft,0.05s
4.24.2026 20:35:21,T0,T1,4.4ft,0.05s
4.24.2026 20:35:21,T0,T1,4.4ft,0.05s
4.24.2026 20:35:21,T0,T1,4.4ft,0.05s
4.24.2026 20:35:21,T0,T1,4.3ft,0.05s
4.24.2026 20:35:21,T0,T1,4.3ft,0.05s
4.24.2026 20:35:21,T0,T1,4.3ft,0.05s
4.24.2026 20:35:21,T0,T1,4.3ft,0.05s
4.24.2026 20:35:21,T0,T1,4.3ft,0.05s
4.24.2026 20:35:21,T0,T1,4.3ft,0.05s
4.24.2026 20:35:21,T0,T1,4.3ft,0.05s
4.24.2026 20:35:21,T0,T1,4.3ft,0.05s
4.24.2026 20:35:22,T0,T1,4.3ft,0.05s
4.24.2026 20:35:22,T0,T1,4.3ft,0.05s
4.24.2026 20:35:22,T0,T1,4.3ft,0.05s
4.24.2026 20:35:22,T0,T1,4.3ft,0.05s
4.24.2026 20:35:22,T0,T1,4.3ft,0.05s
4.24.2026 20:35:22,T0,T1,4.3ft,0.05s
4.24.2026 20:35:22,T0,T1,4.3ft,0.05s
4.24.2026 20:35:22,T0,T1,4.3ft,0.05s
4.24.2026 20:35:22,T0,T1,4.3ft,0.05s
4.24.2026 20:35:22,T0,T1,4.3ft,0.05s
4.24.2026 20:35:22,T0,T1,4.3ft,0.05s
4.24.2026 20:35:22,T0,T1,4.3ft,0.05s
4.24.2026 20:35:22,T0,T1,4.3ft,0.05s
4.24.2026 20:35:22,T0,T1,4.3ft,0.05s
4.24.2026 20:35:22,T0,T1,4.3ft,0.05s
4.24.2026 20:35:22,T0,T1,4.3ft,0.05s
4.24.2026 20:35:22,T0,T1,4.3ft,0.05s
4.24.2026 20:35:22,T0,T1,4.3ft,0.05s
4.24.2026 20:35:22,T0,T1,4.3ft,0.05s
4.24.2026 20:35:22,T0,T1,4.3ft,0.05s
4.24.2026 20:35:23,T0,T1,4.3ft,0.05s
4.24.2026 20:35:23,T0,T1,4.3ft,0.05s
4.24.2026 20:35:23,T0,T1,4.4ft,0.05s
4.24.2026 20:35:23,T0,T1,4.4ft,0.05s
4.24.2026 20:35:23,T0,T1,4.4ft,0.05s
4.24.2026 20:35:23,T0,T1,4.4ft,0.05s
4.24.2026 20:35:23,T0,T1,4.4ft,0.05s
4.24.2026 20:35:23,T0,T1,4.4ft,0.05s
4.24.2026 20:35:23,T0,T1,4.4ft,0.05s
4.24.2026 20:35:23,T0,T1,4.4ft,0.05s
4.24.2026 20:35:23,T0,T1,4.4ft,0.05s
4.24.2026 20:35:23,T0,T1,4.4ft,0.05s
4.24.2026 20:35:23,T0,T1,4.4ft,0.05s
4.24.2026 20:35:23,T0,T1,4.4ft,0.05s
4.24.2026 20:35:23,T0,T1,4.4ft,0.05s
4.24.2026 20:35:23,T0,T1,4.4ft,0.05s
4.24.2026 20:35:23,T0,T1,4.4ft,0.05s
4.24.2026 20:35:23,T0,T1,4.4ft,0.06s
4.24.2026 20:35:23,T0,T1,4.4ft,0.05s
4.24.2026 20:35:23,T0,T1,4.4ft,0.05s
4.24.2026 20:35:24,T0,T1,4.4ft,0.05s
4.24.2026 20:35:24,T0,T1,4.4ft,0.05s
4.24.2026 20:35:24,T0,T1,4.4ft,0.05s
4.24.2026 20:35:24,T0,T1,4.4ft,0.05s
4.24.2026 20:35:24,T0,T1,4.3ft,0.05s
4.24.2026 20:35:24,T0,T1,4.3ft,0.05s
4.24.2026 20:35:24,T0,T1,4.3ft,0.05s
4.24.2026 20:35:24,T0,T1,4.3ft,0.05s
4.24.2026 20:35:24,T0,T1,4.3ft,0.05s
4.24.2026 20:35:24,T0,T1,4.3ft,0.05s
4.24.2026 20:35:24,T0,T1,4.3ft,0.05s
4.24.2026 20:35:24,T0,T1,4.3ft,0.05s
4.24.2026 20:35:24,T0,T1,4.3ft,0.05s
4.24.2026 20:35:24,T0,T1,4.3ft,0.05s
4.24.2026 20:35:24,T0,T1,4.3ft,0.05s
4.24.2026 20:35:24,T0,T1,4.4ft,0.05s
4.24.2026 20:35:24,T0,T1,4.4ft,0.05s
4.24.2026 20:35:24,T0,T1,4.4ft,0.05s
4.24.2026 20:35:24,T0,T1,4.4ft,0.05s
4.24.2026 20:35:25,T0,T1,4.4ft,0.05s
4.24.2026 20:35:25,T0,T1,4.4ft,0.05s
4.24.2026 20:35:25,T0,T1,4.4ft,0.05s
4.24.2026 20:35:25,T0,T1,4.3ft,0.05s
4.24.2026 20:35:25,T0,T1,4.3ft,0.05s
4.24.2026 20:35:25,T0,T1,4.3ft,0.05s
4.24.2026 20:35:25,T0,T1,4.3ft,0.05s
4.24.2026 20:35:25,T0,T1,4.3ft,0.05s
4.24.2026 20:35:25,T0,T1,4.3ft,0.05s
4.24.2026 20:35:25,T0,T1,4.4ft,0.05s
4.24.2026 20:35:25,T0,T1,4.4ft,0.05s
4.24.2026 20:35:25,T0,T1,4.4ft,0.05s
4.24.2026 20:35:25,T0,T1,4.4ft,0.05s
4.24.2026 20:35:25,T0,T1,4.3ft,0.05s
4.24.2026 20:35:25,T0,T1,4.3ft,0.05s
4.24.2026 20:35:25,T0,T1,4.3ft,0.05s
4.24.2026 20:35:25,T0,T1,4.4ft,0.05s
4.24.2026 20:35:25,T0,T1,4.4ft,0.05s
4.24.2026 20:35:25,T0,T1,4.4ft,0.05s
4.24.2026 20:35:25,T0,T1,4.4ft,0.05s
4.24.2026 20:35:26,T0,T1,4.4ft,0.05s
4.24.2026 20:35:26,T0,T1,4.4ft,0.05s
4.24.2026 20:35:26,T0,T1,4.4ft,0.05s
4.24.2026 20:35:26,T0,T1,4.4ft,0.05s
4.24.2026 20:35:26,T0,T1,4.4ft,0.05s
4.24.2026 20:35:26,T0,T1,4.4ft,0.05s
4.24.2026 20:35:26,T0,T1,4.4ft,0.05s
4.24.2026 20:35:26,T0,T1,4.4ft,0.05s
4.24.2026 20:35:26,T0,T1,4.4ft,0.05s
4.24.2026 20:35:26,T0,T1,4.4ft,0.05s
4.24.2026 20:35:26,T0,T1,4.4ft,0.05s
4.24.2026 20:35:26,T0,T1,4.4ft,0.05s
4.24.2026 20:35:26,T0,T1,4.4ft,0.05s
4.24.2026 20:35:26,T0,T1,4.4ft,0.05s
4.24.2026 20:35:26,T0,T1,4.4ft,0.05s
4.24.2026 20:35:26,T0,T1,4.4ft,0.05s
4.24.2026 20:35:26,T0,T1,4.4ft,0.05s
4.24.2026 20:35:26,T0,T1,4.4ft,0.05s
4.24.2026 20:35:26,T0,T1,4.4ft,0.05s
4.24.2026 20:35:26,T0,T1,4.4ft,0.05s
4.24.2026 20:35:27,T0,T1,4.4ft,0.05s
4.24.2026 20:35:27,T0,T1,4.4ft,0.05s
4.24.2026 20:35:27,T0,T1,4.4ft,0.05s
4.24.2026 20:35:27,T0,T1,4.3ft,0.05s
4.24.2026 20:35:27,T0,T1,4.3ft,0.05s
4.24.2026 20:35:27,T0,T1,4.3ft,0.05s
4.24.2026 20:35:27,T0,T1,4.3ft,0.05s
4.24.2026 20:35:27,T0,T1,4.3ft,0.05s
4.24.2026 20:35:27,T0,T1,4.3ft,0.05s
4.24.2026 20:35:27,T0,T1,4.3ft,0.05s
4.24.2026 20:35:27,T0,T1,4.3ft,0.05s
4.24.2026 20:35:27,T0,T1,4.3ft,0.05s
4.24.2026 20:35:27,T0,T1,4.3ft,0.05s
4.24.2026 20:35:27,T0,T1,4.3ft,0.05s
4.24.2026 20:35:27,T0,T1,4.3ft,0.05s
4.24.2026 20:35:27,T0,T1,4.3ft,0.05s
4.24.2026 20:35:27,T0,T1,4.4ft,0.05s
4.24.2026 20:35:27,T0,T1,4.4ft,0.05s
4.24.2026 20:35:27,T0,T1,4.4ft,0.05s
4.24.2026 20:35:27,T0,T1,4.4ft,0.05s
4.24.2026 20:35:28,T0,T1,4.4ft,0.05s
4.24.2026 20:35:28,T0,T1,4.4ft,0.05s
4.24.2026 20:35:28,T0,T1,4.3ft,0.05s
4.24.2026 20:35:28,T0,T1,4.3ft,0.05s
4.24.2026 20:35:28,T0,T1,4.3ft,0.05s
4.24.2026 20:35:28,T0,T1,4.3ft,0.05s
4.24.2026 20:35:28,T0,T1,4.3ft,0.05s
4.24.2026 20:35:28,T0,T1,4.3ft,0.05s
4.24.2026 20:35:28,T0,T1,4.3ft,0.05s
4.24.2026 20:35:28,T0,T1,4.3ft,0.05s
4.24.2026 20:35:28,T0,T1,4.4ft,0.05s
4.24.2026 20:35:28,T0,T1,4.4ft,0.05s
4.24.2026 20:35:28,T0,T1,4.4ft,0.05s
4.24.2026 20:35:28,T0,T1,4.4ft,0.05s
4.24.2026 20:35:28,T0,T1,4.4ft,0.05s
4.24.2026 20:35:28,T0,T1,4.4ft,0.05s
4.24.2026 20:35:28,T0,T1,4.4ft,0.05s
4.24.2026 20:35:28,T0,T1,4.4ft,0.05s
4.24.2026 20:35:28,T0,T1,4.4ft,0.05s
4.24.2026 20:35:29,T0,T1,4.4ft,0.05s
4.24.2026 20:35:29,T0,T1,4.4ft,0.05s
4.24.2026 20:35:29,T0,T1,4.4ft,0.05s
4.24.2026 20:35:29,T0,T1,4.4ft,0.05s
4.24.2026 20:35:29,T0,T1,4.4ft,0.05s
4.24.2026 20:35:29,T0,T1,4.4ft,0.05s
4.24.2026 20:35:29,T0,T1,4.4ft,0.05s
4.24.2026 20:35:29,T0,T1,4.4ft,0.05s
4.24.2026 20:35:29,T0,T1,4.4ft,0.05s
4.24.2026 20:35:29,T0,T1,4.4ft,0.05s
4.24.2026 20:35:29,T0,T1,4.4ft,0.05s
4.24.2026 20:35:29,T0,T1,4.4ft,0.05s
4.24.2026 20:35:29,T0,T1,4.4ft,0.05s
4.24.2026 20:35:29,T0,T1,4.4ft,0.05s
4.24.2026 20:35:29,T0,T1,4.4ft,0.05s
4.24.2026 20:35:29,T0,T1,4.3ft,0.05s
4.24.2026 20:35:29,T0,T1,4.3ft,0.05s
4.24.2026 20:35:29,T0,T1,4.3ft,0.05s
4.24.2026 20:35:29,T0,T1,4.4ft,0.05s
4.24.2026 20:35:29,T0,T1,4.4ft,0.05s
4.24.2026 20:35:30,T0,T1,4.4ft,0.05s
4.24.2026 20:35:30,T0,T1,4.3ft,0.05s
4.24.2026 20:35:30,T0,T1,4.3ft,0.05s
4.24.2026 20:35:30,T0,T1,4.3ft,0.05s
4.24.2026 20:35:30,T0,T1,4.3ft,0.05s
4.24.2026 20:35:30,T0,T1,4.3ft,0.05s
4.24.2026 20:35:30,T0,T1,4.4ft,0.05s
4.24.2026 20:36:40,T0,T1,0.9ft,0.05s
4.24.2026 20:36:40,T0,T1,4.8ft,0.05s
4.24.2026 20:36:40,T0,T1,3.6ft,0.05s
4.24.2026 20:36:40,T0,T1,5.8ft,0.05s
4.24.2026 20:36:40,T0,T1,5.0ft,0.05s
4.24.2026 20:36:40,T0,T1,5.8ft,0.05s
4.24.2026 20:36:40,T0,T1,7.2ft,0.05s
4.24.2026 20:36:40,T0,T1,7.2ft,0.05s
4.24.2026 20:36:40,T0,T1,7.2ft,0.05s
4.24.2026 20:36:40,T0,T1,7.1ft,0.05s
4.24.2026 20:36:40,T0,T1,7.9ft,0.05s
4.24.2026 20:36:40,T0,T1,7.9ft,0.05s
4.24.2026 20:36:40,T0,T1,8.2ft,0.05s
4.24.2026 20:36:40,T0,T1,8.4ft,0.05s
4.24.2026 20:36:40,T0,T1,8.4ft,0.05s
4.24.2026 20:36:40,T0,T1,8.4ft,0.05s
4.24.2026 20:36:40,T0,T1,8.1ft,0.05s
4.24.2026 20:36:41,T0,T1,8.0ft,0.05s
4.24.2026 20:36:41,T0,T1,8.0ft,0.05s
4.24.2026 20:36:41,T0,T1,8.0ft,0.05s
4.24.2026 20:36:41,T0,T1,8.1ft,0.05s
4.24.2026 20:36:41,T0,T1,8.1ft,0.05s
4.24.2026 20:36:41,T0,T1,8.1ft,0.05s
4.24.2026 20:36:41,T0,T1,8.1ft,0.05s
4.24.2026 20:36:41,T0,T1,8.8ft,0.05s
4.24.2026 20:36:41,T0,T1,8.9ft,0.05s
4.24.2026 20:36:41,T0,T1,8.8ft,0.05s
4.24.2026 20:36:41,T0,T1,8.5ft,0.05s
4.24.2026 20:36:41,T0,T1,8.5ft,0.05s
4.24.2026 20:36:41,T0,T1,8.5ft,0.05s
4.24.2026 20:36:41,T0,T1,8.5ft,0.05s
4.24.2026 20:36:41,T0,T1,8.3ft,0.05s
4.24.2026 20:36:41,T0,T1,8.3ft,0.05s
4.24.2026 20:36:41,T0,T1,9.0ft,0.05s
4.24.2026 20:36:41,T0,T1,8.2ft,0.05s
4.24.2026 20:36:41,T0,T1,8.2ft,0.05s
4.24.2026 20:36:42,T0,T1,8.2ft,0.05s
4.24.2026 20:36:42,T0,T1,8.8ft,0.05s
4.24.2026 20:36:42,T0,T1,8.8ft,0.05s
4.24.2026 20:36:42,T0,T1,8.8ft,0.05s
4.24.2026 20:36:42,T0,T1,8.9ft,0.05s
4.24.2026 20:36:42,T0,T1,9.2ft,0.05s
4.24.2026 20:36:42,T0,T1,9.2ft,0.05s
4.24.2026 20:36:42,T0,T1,9.2ft,0.05s
4.24.2026 20:36:42,T0,T1,9.3ft,0.05s
4.24.2026 20:36:42,T0,T1,9.0ft,0.05s
4.24.2026 20:36:42,T0,T1,9.0ft,0.05s
4.24.2026 20:36:42,T0,T1,9.0ft,0.05s
4.24.2026 20:36:42,T0,T1,9.0ft,0.05s
4.24.2026 20:36:42,T0,T1,8.6ft,0.05s
4.24.2026 20:36:42,T0,T1,8.6ft,0.05s
4.24.2026 20:36:42,T0,T1,8.9ft,0.05s
4.24.2026 20:36:42,T0,T1,8.9ft,0.05s
4.24.2026 20:36:42,T0,T1,8.9ft,0.05s
4.24.2026 20:36:42,T0,T1,8.5ft,0.05s
4.24.2026 20:36:42,T0,T1,8.5ft,0.05s
4.24.2026 20:36:43,T0,T1,8.8ft,0.05s
4.24.2026 20:36:43,T0,T1,8.8ft,0.05s
4.24.2026 20:36:43,T0,T1,8.8ft,0.05s
4.24.2026 20:36:43,T0,T1,8.8ft,0.05s
4.24.2026 20:36:43,T0,T1,8.8ft,0.05s
4.24.2026 20:36:43,T0,T1,8.9ft,0.05s
4.24.2026 20:36:43,T0,T1,9.2ft,0.05s
4.24.2026 20:36:43,T0,T1,9.2ft,0.05s
4.24.2026 20:36:43,T0,T1,9.2ft,0.05s
4.24.2026 20:36:43,T0,T1,9.3ft,0.05s
4.24.2026 20:36:43,T0,T1,9.4ft,0.05s
4.24.2026 20:36:43,T0,T1,9.4ft,0.05s
4.24.2026 20:36:43,T0,T1,9.4ft,0.05s
4.24.2026 20:36:43,T0,T1,9.4ft,0.05s
4.24.2026 20:36:43,T0,T1,9.4ft,0.05s
4.24.2026 20:36:43,T0,T1,9.4ft,0.05s
4.24.2026 20:36:43,T0,T1,9.1ft,0.05s
4.24.2026 20:36:43,T0,T1,8.8ft,0.05s
4.24.2026 20:36:43,T0,T1,8.8ft,0.05s
4.24.2026 20:36:44,T0,T1,8.8ft,0.05s
4.24.2026 20:36:44,T0,T1,9.3ft,0.05s
4.24.2026 20:36:44,T0,T1,8.7ft,0.05s
4.24.2026 20:36:44,T0,T1,8.7ft,0.05s
4.24.2026 20:36:44,T0,T1,8.2ft,0.05s
4.24.2026 20:36:44,T0,T1,8.8ft,0.05s
4.24.2026 20:36:44,T0,T1,8.8ft,0.05s
4.24.2026 20:36:44,T0,T1,8.8ft,0.05s
4.24.2026 20:36:44,T0,T1,8.5ft,0.05s
4.24.2026 20:36:44,T0,T1,9.1ft,0.05s
4.24.2026 20:36:44,T0,T1,9.1ft,0.05s
4.24.2026 20:36:44,T0,T1,9.2ft,0.05s
4.24.2026 20:36:44,T0,T1,8.9ft,0.05s
4.24.2026 20:36:44,T0,T1,8.9ft,0.05s
4.24.2026 20:36:44,T0,T1,8.9ft,0.05s
4.24.2026 20:36:44,T0,T1,9.5ft,0.05s
4.24.2026 20:36:44,T0,T1,9.3ft,0.05s
4.24.2026 20:36:44,T0,T1,9.3ft,0.05s
4.24.2026 20:36:44,T0,T1,9.1ft,0.05s
4.24.2026 20:36:44,T0,T1,9.1ft,0.05s
4.24.2026 20:36:45,T0,T1,9.1ft,0.05s
4.24.2026 20:36:45,T0,T1,9.1ft,0.05s
4.24.2026 20:36:45,T0,T1,9.1ft,0.05s
4.24.2026 20:36:45,T0,T1,9.2ft,0.05s
4.24.2026 20:36:45,T0,T1,9.2ft,0.05s
4.24.2026 20:36:45,T0,T1,8.7ft,0.05s
4.24.2026 20:36:45,T0,T1,8.8ft,0.05s
4.24.2026 20:36:45,T0,T1,9.6ft,0.05s
4.24.2026 20:36:45,T0,T1,9.6ft,0.05s
4.24.2026 20:36:45,T0,T1,9.3ft,0.05s
4.24.2026 20:36:45,T0,T1,9.3ft,0.05s
4.24.2026 20:36:45,T0,T1,9.3ft,0.05s
4.24.2026 20:36:45,T0,T1,9.7ft,0.05s
4.24.2026 20:36:45,T0,T1,9.7ft,0.05s
4.24.2026 20:36:45,T0,T1,9.7ft,0.05s
4.24.2026 20:36:45,T0,T1,9.7ft,0.05s
4.24.2026 20:36:45,T0,T1,9.3ft,0.05s
4.24.2026 20:36:45,T0,T1,9.3ft,0.05s
4.24.2026 20:36:45,T0,T1,9.3ft,0.05s
4.24.2026 20:36:45,T0,T1,9.3ft,0.05s
4.24.2026 20:36:46,T0,T1,9.4ft,0.05s
4.24.2026 20:36:46,T0,T1,9.7ft,0.05s
4.24.2026 20:36:46,T0,T1,9.7ft,0.05s
4.24.2026 20:36:46,T0,T1,9.7ft,0.05s
4.24.2026 20:36:46,T0,T1,9.7ft,0.05s
4.24.2026 20:36:46,T0,T1,9.7ft,0.05s
4.24.2026 20:36:46,T0,T1,9.7ft,0.05s
4.24.2026 20:36:46,T0,T1,9.1ft,0.05s
4.24.2026 20:36:46,T0,T1,9.1ft,0.05s
4.24.2026 20:36:46,T0,T1,9.1ft,0.05s
4.24.2026 20:36:46,T0,T1,9.6ft,0.05s
4.24.2026 20:36:46,T0,T1,10.0ft,0.05s
4.24.2026 20:36:46,T0,T1,10.0ft,0.05s
4.24.2026 20:36:46,T0,T1,9.9ft,0.05s
4.24.2026 20:36:46,T0,T1,9.1ft,0.05s
4.24.2026 20:36:46,T0,T1,9.1ft,0.05s
4.24.2026 20:36:46,T0,T1,9.1ft,0.05s
4.24.2026 20:36:46,T0,T1,9.4ft,0.05s
4.24.2026 20:36:46,T0,T1,8.8ft,0.05s
4.24.2026 20:36:47,T0,T1,8.8ft,0.05s
4.24.2026 20:36:47,T0,T1,8.8ft,0.05s
4.24.2026 20:36:47,T0,T1,9.3ft,0.05s
4.24.2026 20:36:47,T0,T1,9.0ft,0.05s
4.24.2026 20:36:47,T0,T1,9.0ft,0.05s
4.24.2026 20:36:47,T0,T1,9.0ft,0.05s
4.24.2026 20:36:47,T0,T1,9.2ft,0.05s
4.24.2026 20:36:47,T0,T1,9.2ft,0.05s
4.24.2026 20:36:47,T0,T1,9.2ft,0.05s
4.24.2026 20:36:47,T0,T1,9.3ft,0.05s
4.24.2026 20:36:47,T0,T1,9.5ft,0.05s
4.24.2026 20:36:47,T0,T1,9.5ft,0.05s
4.24.2026 20:36:47,T0,T1,8.9ft,0.05s
4.24.2026 20:36:47,T0,T1,8.9ft,0.05s
4.24.2026 20:36:47,T0,T1,8.8ft,0.05s
4.24.2026 20:36:47,T0,T1,8.8ft,0.05s
4.24.2026 20:36:47,T0,T1,8.9ft,0.05s
4.24.2026 20:36:47,T0,T1,9.2ft,0.05s
4.24.2026 20:36:47,T0,T1,9.2ft,0.05s
4.24.2026 20:36:47,T0,T1,9.3ft,0.05s
4.24.2026 20:36:48,T0,T1,9.3ft,0.05s
4.24.2026 20:36:48,T0,T1,9.3ft,0.05s
4.24.2026 20:36:48,T0,T1,9.3ft,0.05s
4.24.2026 20:36:48,T0,T1,9.3ft,0.05s
4.24.2026 20:36:48,T0,T1,8.8ft,0.05s
4.24.2026 20:36:48,T0,T1,8.8ft,0.05s
4.24.2026 20:36:48,T0,T1,8.9ft,0.05s
4.24.2026 20:36:48,T0,T1,9.1ft,0.05s
4.24.2026 20:36:48,T0,T1,8.7ft,0.05s
4.24.2026 20:36:48,T0,T1,8.7ft,0.05s
4.24.2026 20:36:48,T0,T1,8.9ft,0.05s
4.24.2026 20:36:48,T0,T1,9.4ft,0.05s
4.24.2026 20:36:48,T0,T1,9.4ft,0.05s
4.24.2026 20:36:48,T0,T1,9.4ft,0.05s
4.24.2026 20:36:48,T0,T1,9.4ft,0.05s
4.24.2026 20:36:48,T0,T1,9.0ft,0.05s
4.24.2026 20:36:48,T0,T1,9.0ft,0.05s
4.24.2026 20:36:48,T0,T1,9.0ft,0.05s
4.24.2026 20:36:48,T0,T1,8.9ft,0.05s
4.24.2026 20:36:48,T0,T1,8.9ft,0.05s
4.24.2026 20:36:49,T0,T1,8.9ft,0.05s
4.24.2026 20:36:49,T0,T1,9.0ft,0.05s
4.24.2026 20:36:49,T0,T1,9.3ft,0.05s
4.24.2026 20:36:49,T0,T1,9.3ft,0.05s
4.24.2026 20:36:49,T0,T1,9.1ft,0.05s
4.24.2026 20:36:49,T0,T1,8.8ft,0.05s
4.24.2026 20:36:49,T0,T1,8.8ft,0.05s
4.24.2026 20:36:49,T0,T1,8.9ft,0.05s
4.24.2026 20:36:49,T0,T1,9.2ft,0.05s
4.24.2026 20:36:49,T0,T1,9.6ft,0.05s
4.24.2026 20:36:49,T0,T1,9.6ft,0.05s
4.24.2026 20:36:49,T0,T1,9.5ft,0.05s
4.24.2026 20:36:49,T0,T1,8.8ft,0.05s
4.24.2026 20:36:49,T0,T1,8.8ft,0.05s
4.24.2026 20:36:49,T0,T1,8.8ft,0.05s
4.24.2026 20:36:49,T0,T1,8.6ft,0.05s
4.24.2026 20:36:49,T0,T1,9.6ft,0.05s
4.24.2026 20:36:49,T0,T1,9.6ft,0.05s
4.24.2026 20:36:49,T0,T1,8.9ft,0.05s
4.24.2026 20:36:50,T0,T1,8.9ft,0.05s
4.24.2026 20:36:50,T0,T1,8.8ft,0.05s
4.24.2026 20:36:50,T0,T1,8.8ft,0.05s
4.24.2026 20:36:50,T0,T1,9.3ft,0.05s
4.24.2026 20:36:50,T0,T1,9.5ft,0.05s
4.24.2026 20:36:50,T0,T1,9.5ft,0.05s
4.24.2026 20:36:50,T0,T1,9.8ft,0.05s
4.24.2026 20:36:50,T0,T1,9.8ft,0.05s
4.24.2026 20:36:50,T0,T1,9.8ft,0.05s
4.24.2026 20:36:50,T0,T1,9.8ft,0.05s
4.24.2026 20:36:50,T0,T1,9.3ft,0.05s
4.24.2026 20:36:50,T0,T1,9.3ft,0.05s
4.24.2026 20:36:50,T0,T1,9.3ft,0.05s
4.24.2026 20:36:50,T0,T1,9.3ft,0.05s
4.24.2026 20:36:50,T0,T1,9.1ft,0.05s
4.24.2026 20:36:50,T0,T1,9.2ft,0.05s
4.24.2026 20:36:50,T0,T1,9.2ft,0.05s
4.24.2026 20:36:50,T0,T1,9.2ft,0.05s
4.24.2026 20:36:50,T0,T1,8.6ft,0.05s
4.24.2026 20:36:50,T0,T1,8.6ft,0.05s
4.24.2026 20:36:51,T0,T1,8.6ft,0.05s
4.24.2026 20:36:51,T0,T1,9.6ft,0.05s
4.24.2026 20:36:51,T0,T1,9.6ft,0.05s
4.24.2026 20:36:51,T0,T1,9.6ft,0.05s
4.24.2026 20:36:51,T0,T1,9.4ft,0.05s
4.24.2026 20:36:51,T0,T1,8.9ft,0.05s
4.24.2026 20:36:51,T0,T1,8.9ft,0.05s
4.24.2026 20:36:51,T0,T1,8.9ft,0.05s
4.24.2026 20:36:51,T0,T1,9.1ft,0.05s
4.24.2026 20:36:51,T0,T1,8.8ft,0.05s
4.24.2026 20:36:51,T0,T1,8.8ft,0.05s
4.24.2026 20:36:51,T0,T1,9.0ft,0.05s
4.24.2026 20:36:51,T0,T1,8.9ft,0.05s
4.24.2026 20:36:51,T0,T1,8.9ft,0.05s
4.24.2026 20:36:51,T0,T1,8.9ft,0.05s
4.24.2026 20:36:51,T0,T1,8.6ft,0.05s
4.24.2026 20:36:51,T0,T1,8.4ft,0.05s
4.24.2026 20:36:51,T0,T1,8.4ft,0.05s
4.24.2026 20:36:51,T0,T1,8.9ft,0.05s
4.24.2026 20:36:51,T0,T1,8.8ft,0.05s
4.24.2026 20:36:52,T0,T1,8.8ft,0.05s
4.24.2026 20:36:52,T0,T1,8.8ft,0.05s
4.24.2026 20:36:52,T0,T1,8.9ft,0.05s
4.24.2026 20:36:52,T0,T1,9.2ft,0.05s
4.24.2026 20:36:52,T0,T1,9.2ft,0.05s
4.24.2026 20:36:52,T0,T1,10.1ft,0.05s
4.24.2026 20:36:52,T0,T1,10.1ft,0.05s
4.24.2026 20:36:52,T0,T1,9.8ft,0.05s
4.24.2026 20:36:52,T0,T1,9.8ft,0.05s
4.24.2026 20:36:52,T0,T1,9.5ft,0.05s
4.24.2026 20:36:52,T0,T1,9.5ft,0.05s
4.24.2026 20:36:52,T0,T1,9.5ft,0.05s
4.24.2026 20:36:52,T0,T1,9.7ft,0.05s
4.24.2026 20:36:52,T0,T1,9.7ft,0.05s
4.24.2026 20:36:52,T0,T1,9.3ft,0.05s
4.24.2026 20:36:52,T0,T1,9.3ft,0.05s
4.24.2026 20:36:52,T0,T1,9.3ft,0.05s
4.24.2026 20:36:52,T0,T1,9.3ft,0.05s
4.24.2026 20:36:52,T0,T1,9.3ft,0.05s
4.24.2026 20:36:53,T0,T1,8.6ft,0.05s
4.24.2026 20:36:53,T0,T1,8.6ft,0.05s
4.24.2026 20:36:53,T0,T1,8.3ft,0.05s
4.24.2026 20:36:53,T0,T1,8.3ft,0.05s
4.24.2026 20:36:53,T0,T1,8.7ft,0.05s
4.24.2026 20:36:53,T0,T1,8.7ft,0.05s
4.24.2026 20:36:53,T0,T1,8.7ft,0.05s
4.24.2026 20:36:53,T0,T1,8.7ft,0.05s
4.24.2026 20:36:53,T0,T1,8.4ft,0.05s
4.24.2026 20:36:53,T0,T1,9.0ft,0.05s
4.24.2026 20:36:53,T0,T1,9.0ft,0.05s
4.24.2026 20:36:53,T0,T1,9.3ft,0.05s
4.24.2026 20:36:53,T0,T1,9.6ft,0.05s
4.24.2026 20:36:53,T0,T1,9.6ft,0.05s
4.24.2026 20:36:53,T0,T1,9.6ft,0.05s
4.24.2026 20:36:53,T0,T1,9.6ft,0.05s
4.24.2026 20:36:53,T0,T1,9.6ft,0.05s
4.24.2026 20:36:53,T0,T1,9.6ft,0.05s
4.24.2026 20:36:53,T0,T1,9.6ft,0.05s
4.24.2026 20:36:53,T0,T1,9.9ft,0.05s
4.24.2026 20:36:54,T0,T1,9.9ft,0.05s
4.24.2026 20:36:54,T0,T1,9.9ft,0.05s
4.24.2026 20:36:54,T0,T1,9.5ft,0.05s
4.24.2026 20:36:54,T0,T1,9.2ft,0.05s
4.24.2026 20:36:54,T0,T1,9.2ft,0.05s
4.24.2026 20:36:54,T0,T1,9.5ft,0.05s
4.24.2026 20:36:54,T0,T1,9.3ft,0.05s
4.24.2026 20:36:54,T0,T1,9.3ft,0.05s
4.24.2026 20:36:54,T0,T1,9.3ft,0.05s
4.24.2026 20:36:54,T0,T1,8.2ft,0.05s
4.24.2026 20:36:54,T0,T1,8.2ft,0.06s
4.24.2026 20:36:54,T0,T1,8.2ft,0.05s
4.24.2026 20:36:54,T0,T1,8.5ft,0.05s
4.24.2026 20:36:54,T0,T1,8.8ft,0.05s
4.24.2026 20:36:54,T0,T1,8.8ft,0.05s
4.24.2026 20:36:54,T0,T1,8.8ft,0.05s
4.24.2026 20:36:54,T0,T1,8.8ft,0.05s
4.24.2026 20:36:54,T0,T1,9.4ft,0.05s
4.24.2026 20:36:54,T0,T1,9.4ft,0.05s
4.24.2026 20:36:54,T0,T1,9.8ft,0.05s
4.24.2026 20:36:55,T0,T1,9.4ft,0.05s
4.24.2026 20:36:55,T0,T1,9.4ft,0.05s
4.24.2026 20:36:55,T0,T1,9.5ft,0.05s
4.24.2026 20:36:55,T0,T1,9.4ft,0.05s
4.24.2026 20:36:55,T0,T1,8.6ft,0.05s
4.24.2026 20:36:55,T0,T1,8.6ft,0.05s
4.24.2026 20:36:55,T0,T1,8.4ft,0.05s
4.24.2026 20:36:55,T0,T1,8.4ft,0.05s
4.24.2026 20:36:55,T0,T1,8.5ft,0.05s
4.24.2026 20:36:55,T0,T1,8.5ft,0.05s
4.24.2026 20:36:55,T0,T1,8.8ft,0.05s
4.24.2026 20:36:55,T0,T1,9.1ft,0.05s
4.24.2026 20:36:55,T0,T1,9.1ft,0.05s
4.24.2026 20:36:55,T0,T1,8.6ft,0.05s
4.24.2026 20:36:55,T0,T1,8.6ft,0.05s
4.24.2026 20:36:55,T0,T1,8.4ft,0.05s
4.24.2026 20:36:55,T0,T1,8.4ft,0.05s
4.24.2026 20:36:55,T0,T1,9.0ft,0.05s
4.24.2026 20:36:55,T0,T1,9.2ft,0.05s
4.24.2026 20:36:56,T0,T1,9.2ft,0.05s
4.24.2026 20:36:56,T0,T1,9.2ft,0.05s
4.24.2026 20:36:56,T0,T1,8.9ft,0.05s
4.24.2026 20:36:56,T0,T1,8.6ft,0.05s
4.24.2026 20:36:56,T0,T1,8.6ft,0.05s
4.24.2026 20:36:56,T0,T1,8.4ft,0.05s
4.24.2026 20:36:56,T0,T1,7.8ft,0.05s
4.24.2026 20:36:56,T0,T1,7.8ft,0.05s
4.24.2026 20:36:56,T0,T1,7.8ft,0.05s
4.24.2026 20:36:56,T0,T1,8.3ft,0.05s
4.24.2026 20:36:56,T0,T1,8.3ft,0.05s
4.24.2026 20:36:56,T0,T1,8.6ft,0.05s
4.24.2026 20:36:56,T0,T1,9.1ft,0.05s
4.24.2026 20:36:56,T0,T1,9.5ft,0.05s
4.24.2026 20:36:56,T0,T1,9.5ft,0.05s
4.24.2026 20:36:56,T0,T1,9.5ft,0.05s
4.24.2026 20:36:56,T0,T1,8.7ft,0.05s
4.24.2026 20:36:56,T0,T1,9.0ft,0.05s
4.24.2026 20:36:56,T0,T1,9.0ft,0.05s
4.24.2026 20:36:56,T0,T1,8.7ft,0.05s
4.24.2026 20:36:57,T0,T1,9.1ft,0.05s
4.24.2026 20:36:57,T0,T1,9.1ft,0.05s
4.24.2026 20:36:57,T0,T1,9.1ft,0.05s
4.24.2026 20:36:57,T0,T1,9.1ft,0.05s
4.24.2026 20:36:57,T0,T1,9.1ft,0.05s
4.24.2026 20:36:57,T0,T1,9.1ft,0.05s
4.24.2026 20:36:57,T0,T1,9.1ft,0.05s
4.24.2026 20:36:57,T0,T1,9.2ft,0.05s
4.24.2026 20:36:57,T0,T1,9.2ft,0.05s
4.24.2026 20:36:57,T0,T1,9.2ft,0.05s
4.24.2026 20:36:57,T0,T1,8.8ft,0.05s
4.24.2026 20:36:57,T0,T1,8.8ft,0.05s
4.24.2026 20:36:57,T0,T1,9.4ft,0.05s
4.24.2026 20:36:57,T0,T1,9.0ft,0.05s
4.24.2026 20:36:57,T0,T1,9.8ft,0.05s
4.24.2026 20:36:57,T0,T1,9.8ft,0.05s
4.24.2026 20:36:57,T0,T1,9.8ft,0.05s
4.24.2026 20:36:57,T0,T1,9.2ft,0.05s
4.24.2026 20:36:57,T0,T1,9.5ft,0.05s
4.24.2026 20:36:58,T0,T1,9.5ft,0.05s
4.24.2026 20:36:58,T0,T1,9.7ft,0.05s
4.24.2026 20:36:58,T0,T1,9.8ft,0.05s
4.24.2026 20:36:58,T0,T1,9.8ft,0.05s
4.24.2026 20:36:58,T0,T1,9.7ft,0.05s
4.24.2026 20:36:58,T0,T1,9.8ft,0.05s
4.24.2026 20:36:58,T0,T1,9.5ft,0.05s
4.24.2026 20:36:58,T0,T1,9.5ft,0.05s
4.24.2026 20:36:58,T0,T1,9.5ft,0.05s
4.24.2026 20:36:58,T0,T1,9.4ft,0.05s
4.24.2026 20:36:58,T0,T1,8.9ft,0.05s
4.24.2026 20:36:58,T0,T1,8.9ft,0.05s
4.24.2026 20:36:58,T0,T1,8.9ft,0.05s
4.24.2026 20:36:58,T0,T1,9.2ft,0.05s
4.24.2026 20:36:58,T0,T1,9.2ft,0.05s
4.24.2026 20:36:58,T0,T1,8.8ft,0.05s
4.24.2026 20:36:58,T0,T1,8.8ft,0.05s
4.24.2026 20:36:58,T0,T1,8.5ft,0.05s
4.24.2026 20:36:58,T0,T1,8.5ft,0.05s
4.24.2026 20:36:58,T0,T1,9.0ft,0.05s
4.24.2026 20:36:59,T0,T1,8.6ft,0.05s
4.24.2026 20:36:59,T0,T1,8.6ft,0.05s
4.24.2026 20:36:59,T0,T1,8.6ft,0.05s
4.24.2026 20:36:59,T0,T1,8.7ft,0.05s
4.24.2026 20:36:59,T0,T1,9.0ft,0.05s
4.24.2026 20:36:59,T0,T1,9.0ft,0.05s
4.24.2026 20:36:59,T0,T1,9.0ft,0.05s
4.24.2026 20:36:59,T0,T1,9.2ft,0.05s
4.24.2026 20:36:59,T0,T1,9.2ft,0.05s
4.24.2026 20:36:59,T0,T1,9.2ft,0.05s
4.24.2026 20:36:59,T0,T1,9.2ft,0.05s
4.24.2026 20:36:59,T0,T1,9.2ft,0.05s
4.24.2026 20:36:59,T0,T1,9.2ft,0.05s
4.24.2026 20:36:59,T0,T1,9.6ft,0.05s
4.24.2026 20:36:59,T0,T1,9.0ft,0.05s
4.24.2026 20:36:59,T0,T1,9.0ft,0.05s
4.24.2026 20:36:59,T0,T1,9.0ft,0.05s
4.24.2026 20:36:59,T0,T1,9.2ft,0.05s
4.24.2026 20:36:59,T0,T1,8.8ft,0.05s
4.24.2026 20:36:59,T0,T1,8.8ft,0.05s
4.24.2026 20:37:00,T0,T1,9.3ft,0.05s
4.24.2026 20:37:00,T0,T1,9.6ft,0.05s
4.24.2026 20:37:00,T0,T1,9.6ft,0.05s
4.24.2026 20:37:00,T0,T1,9.6ft,0.05s
4.24.2026 20:37:00,T0,T1,9.4ft,0.05s
4.24.2026 20:37:00,T0,T1,9.9ft,0.05s
4.24.2026 20:37:00,T0,T1,9.9ft,0.05s
4.24.2026 20:37:00,T0,T1,9.2ft,0.05s
4.24.2026 20:37:00,T0,T1,8.7ft,0.05s
4.24.2026 20:37:00,T0,T1,8.7ft,0.05s
4.24.2026 20:37:00,T0,T1,8.7ft,0.05s
4.24.2026 20:37:00,T0,T1,9.2ft,0.05s
4.24.2026 20:37:00,T0,T1,9.2ft,0.05s
4.24.2026 20:37:00,T0,T1,9.2ft,0.05s
4.24.2026 20:37:00,T0,T1,9.3ft,0.05s
4.24.2026 20:37:00,T0,T1,9.3ft,0.05s
4.24.2026 20:37:00,T0,T1,9.3ft,0.05s
4.24.2026 20:37:00,T0,T1,9.3ft,0.05s
4.24.2026 20:37:00,T0,T1,9.0ft,0.05s
4.24.2026 20:37:01,T0,T1,9.0ft,0.05s
4.24.2026 20:37:01,T0,T1,9.0ft,0.05s
4.24.2026 20:37:01,T0,T1,9.0ft,0.05s
4.24.2026 20:37:01,T0,T1,9.0ft,0.05s
4.24.2026 20:37:01,T0,T1,9.1ft,0.05s
4.24.2026 20:37:01,T0,T1,9.0ft,0.05s
4.24.2026 20:37:01,T0,T1,9.0ft,0.05s
4.24.2026 20:37:01,T0,T1,9.0ft,0.05s
4.24.2026 20:37:01,T0,T1,9.3ft,0.05s
4.24.2026 20:37:01,T0,T1,8.8ft,0.05s
4.24.2026 20:37:01,T0,T1,8.8ft,0.05s
4.24.2026 20:37:01,T0,T1,8.8ft,0.05s
4.24.2026 20:37:01,T0,T1,8.9ft,0.05s
4.24.2026 20:37:01,T0,T1,9.2ft,0.05s
4.24.2026 20:37:01,T0,T1,9.2ft,0.05s
4.24.2026 20:37:01,T0,T1,9.6ft,0.05s
4.24.2026 20:37:01,T0,T1,9.6ft,0.05s
4.24.2026 20:37:01,T0,T1,9.8ft,0.05s
4.24.2026 20:37:01,T0,T1,9.8ft,0.05s
4.24.2026 20:37:01,T0,T1,9.8ft,0.05s
4.24.2026 20:37:02,T0,T1,9.5ft,0.05s
4.24.2026 20:37:02,T0,T1,9.5ft,0.05s
4.24.2026 20:37:02,T0,T1,9.3ft,0.05s
4.24.2026 20:37:02,T0,T1,9.3ft,0.05s
4.24.2026 20:37:02,T0,T1,8.7ft,0.05s
4.24.2026 20:37:02,T0,T1,8.7ft,0.05s
4.24.2026 20:37:02,T0,T1,8.7ft,0.05s
4.24.2026 20:37:02,T0,T1,9.2ft,0.05s
4.24.2026 20:37:02,T0,T1,9.2ft,0.05s
4.24.2026 20:37:02,T0,T1,9.2ft,0.05s
4.24.2026 20:37:02,T0,T1,9.4ft,0.05s
4.24.2026 20:37:02,T0,T1,9.4ft,0.05s
4.24.2026 20:37:02,T0,T1,9.4ft,0.05s
4.24.2026 20:37:02,T0,T1,9.4ft,0.05s
4.24.2026 20:37:02,T0,T1,9.4ft,0.05s
4.24.2026 20:37:02,T0,T1,9.4ft,0.05s
4.24.2026 20:37:02,T0,T1,9.4ft,0.05s
4.24.2026 20:37:02,T0,T1,9.3ft,0.05s
4.24.2026 20:37:02,T0,T1,9.1ft,0.05s
4.24.2026 20:37:02,T0,T1,9.1ft,0.05s
4.24.2026 20:37:03,T0,T1,9.4ft,0.05s
4.24.2026 20:37:03,T0,T1,9.8ft,0.05s
4.24.2026 20:37:03,T0,T1,9.8ft,0.05s
4.24.2026 20:37:03,T0,T1,9.8ft,0.05s
4.24.2026 20:37:03,T0,T1,10.1ft,0.05s
4.24.2026 20:37:03,T0,T1,9.4ft,0.05s
4.24.2026 20:37:03,T0,T1,9.4ft,0.05s
4.24.2026 20:37:03,T0,T1,8.5ft,0.05s
4.24.2026 20:37:03,T0,T1,8.8ft,0.05s
4.24.2026 20:37:03,T0,T1,8.8ft,0.05s
4.24.2026 20:37:03,T0,T1,8.8ft,0.05s
4.24.2026 20:37:03,T0,T1,9.1ft,0.05s
4.24.2026 20:37:03,T0,T1,9.1ft,0.05s
4.24.2026 20:37:03,T0,T1,9.1ft,0.05s
4.24.2026 20:37:03,T0,T1,9.4ft,0.05s
4.24.2026 20:37:03,T0,T1,9.4ft,0.05s
4.24.2026 20:37:03,T0,T1,9.4ft,0.05s
4.24.2026 20:37:03,T0,T1,9.4ft,0.05s
4.24.2026 20:37:03,T0,T1,9.4ft,0.05s
4.24.2026 20:37:04,T0,T1,9.4ft,0.05s
4.24.2026 20:37:04,T0,T1,9.4ft,0.05s
4.24.2026 20:37:04,T0,T1,9.4ft,0.05s
4.24.2026 20:37:04,T0,T1,9.5ft,0.05s
4.24.2026 20:37:04,T0,T1,9.5ft,0.05s
4.24.2026 20:37:04,T0,T1,9.5ft,0.05s
4.24.2026 20:37:04,T0,T1,9.5ft,0.05s
4.24.2026 20:37:04,T0,T1,9.5ft,0.05s
4.24.2026 20:37:04,T0,T1,9.5ft,0.05s
4.24.2026 20:37:04,T0,T1,9.5ft,0.05s
4.24.2026 20:37:04,T0,T1,9.5ft,0.05s
4.24.2026 20:37:04,T0,T1,9.5ft,0.05s
4.24.2026 20:37:04,T0,T1,9.5ft,0.05s
4.24.2026 20:37:04,T0,T1,9.5ft,0.05s
4.24.2026 20:37:04,T0,T1,9.5ft,0.05s
4.24.2026 20:37:04,T0,T1,9.5ft,0.05s
4.24.2026 20:37:04,T0,T1,9.5ft,0.05s
4.24.2026 20:37:04,T0,T1,9.5ft,0.05s
4.24.2026 20:37:04,T0,T1,9.5ft,0.05s
4.24.2026 20:37:04,T0,T1,9.5ft,0.05s
4.24.2026 20:37:05,T0,T1,9.5ft,0.05s
4.24.2026 20:37:05,T0,T1,9.5ft,0.05s
4.24.2026 20:37:05,T0,T1,9.5ft,0.05s
4.24.2026 20:37:05,T0,T1,9.5ft,0.05s
4.24.2026 20:37:05,T0,T1,9.5ft,0.05s
4.24.2026 20:37:05,T0,T1,9.5ft,0.05s
4.24.2026 20:37:05,T0,T1,9.5ft,0.06s
4.24.2026 20:37:05,T0,T1,9.5ft,0.05s
4.24.2026 20:37:05,T0,T1,9.5ft,0.05s
4.24.2026 20:37:05,T0,T1,9.5ft,0.05s
4.24.2026 20:37:05,T0,T1,9.5ft,0.05s
4.24.2026 20:37:05,T0,T1,9.5ft,0.05s
4.24.2026 20:37:05,T0,T1,9.5ft,0.05s
4.24.2026 20:37:05,T0,T1,0.3ft,0.05s
4.24.2026 20:37:05,T0,T1,4.0ft,0.05s
4.24.2026 20:37:05,T0,T1,4.0ft,0.05s
4.24.2026 20:37:05,T0,T1,2.6ft,0.05s
4.24.2026 20:37:05,T0,T1,4.9ft,0.05s
4.24.2026 20:37:06,T0,T1,7.6ft,0.05s
4.24.2026 20:37:06,T0,T1,7.1ft,0.06s
4.24.2026 20:37:06,T0,T1,6.9ft,0.05s
4.24.2026 20:37:06,T0,T1,8.3ft,0.05s
4.24.2026 20:37:06,T0,T1,8.3ft,0.05s
4.24.2026 20:37:06,T0,T1,8.1ft,0.05s
4.24.2026 20:37:06,T0,T1,8.8ft,0.05s
4.24.2026 20:37:06,T0,T1,8.8ft,0.05s
4.24.2026 20:37:06,T0,T1,8.7ft,0.05s
4.24.2026 20:37:06,T0,T1,8.5ft,0.05s
4.24.2026 20:37:06,T0,T1,8.7ft,0.05s
4.24.2026 20:37:06,T0,T1,8.7ft,0.05s
4.24.2026 20:37:06,T0,T1,8.7ft,0.05s
4.24.2026 20:37:06,T0,T1,9.1ft,0.05s
4.24.2026 20:37:06,T0,T1,9.3ft,0.05s
4.24.2026 20:37:06,T0,T1,9.3ft,0.05s
4.24.2026 20:37:06,T0,T1,9.4ft,0.05s
4.24.2026 20:37:06,T0,T1,9.4ft,0.05s
4.24.2026 20:37:06,T0,T1,9.4ft,0.05s
4.24.2026 20:37:06,T0,T1,9.4ft,0.05s
4.24.2026 20:37:07,T0,T1,9.4ft,0.05s
4.24.2026 20:37:07,T0,T1,9.1ft,0.05s
4.24.2026 20:37:07,T0,T1,9.1ft,0.05s
4.24.2026 20:37:07,T0,T1,9.1ft,0.05s
4.24.2026 20:37:07,T0,T1,9.1ft,0.05s
4.24.2026 20:37:07,T0,T1,8.8ft,0.05s
4.24.2026 20:37:07,T0,T1,8.8ft,0.05s
4.24.2026 20:37:07,T0,T1,8.7ft,0.05s
4.24.2026 20:37:07,T0,T1,8.9ft,0.05s
4.24.2026 20:37:07,T0,T1,8.9ft,0.05s
4.24.2026 20:37:07,T0,T1,9.1ft,0.05s
4.24.2026 20:37:07,T0,T1,9.1ft,0.05s
4.24.2026 20:37:07,T0,T1,9.1ft,0.05s
4.24.2026 20:37:07,T0,T1,9.1ft,0.05s
4.24.2026 20:37:07,T0,T1,9.3ft,0.05s
4.24.2026 20:37:07,T0,T1,9.2ft,0.05s
4.24.2026 20:37:07,T0,T1,9.2ft,0.05s
4.24.2026 20:37:07,T0,T1,8.7ft,0.05s
4.24.2026 20:37:07,T0,T1,8.7ft,0.05s
4.24.2026 20:37:07,T0,T1,9.1ft,0.05s
4.24.2026 20:37:08,T0,T1,9.1ft,0.05s
4.24.2026 20:37:08,T0,T1,9.5ft,0.05s
4.24.2026 20:37:08,T0,T1,8.6ft,0.05s
4.24.2026 20:37:08,T0,T1,8.6ft,0.05s
4.24.2026 20:37:08,T0,T1,8.6ft,0.05s
4.24.2026 20:37:08,T0,T1,8.3ft,0.05s
4.24.2026 20:37:08,T0,T1,8.6ft,0.05s
4.24.2026 20:37:08,T0,T1,8.6ft,0.05s
4.24.2026 20:37:08,T0,T1,8.6ft,0.05s
4.24.2026 20:37:08,T0,T1,8.6ft,0.05s
4.24.2026 20:37:08,T0,T1,8.6ft,0.05s
4.24.2026 20:37:08,T0,T1,8.6ft,0.05s
4.24.2026 20:37:08,T0,T1,9.2ft,0.05s
4.24.2026 20:37:08,T0,T1,9.2ft,0.05s
4.24.2026 20:37:08,T0,T1,9.2ft,0.05s
4.24.2026 20:37:08,T0,T1,9.2ft,0.05s
4.24.2026 20:37:08,T0,T1,9.7ft,0.05s
4.24.2026 20:37:08,T0,T1,9.7ft,0.05s
4.24.2026 20:37:08,T0,T1,9.7ft,0.05s
4.24.2026 20:37:09,T0,T1,9.3ft,0.05s
4.24.2026 20:37:09,T0,T1,8.9ft,0.05s
4.24.2026 20:37:09,T0,T1,8.9ft,0.05s
4.24.2026 20:37:09,T0,T1,8.9ft,0.05s
4.24.2026 20:37:09,T0,T1,9.4ft,0.05s
4.24.2026 20:37:09,T0,T1,9.4ft,0.05s
4.24.2026 20:37:09,T0,T1,9.4ft,0.05s
4.24.2026 20:37:09,T0,T1,9.4ft,0.05s
4.24.2026 20:37:09,T0,T1,9.4ft,0.05s
4.24.2026 20:37:09,T0,T1,9.4ft,0.05s
4.24.2026 20:37:09,T0,T1,9.4ft,0.05s
4.24.2026 20:37:09,T0,T1,9.5ft,0.05s
4.24.2026 20:37:09,T0,T1,8.5ft,0.05s
4.24.2026 20:37:09,T0,T1,8.5ft,0.05s
4.24.2026 20:37:09,T0,T1,8.6ft,0.05s
4.24.2026 20:37:09,T0,T1,9.0ft,0.05s
4.24.2026 20:37:09,T0,T1,9.0ft,0.05s
4.24.2026 20:37:09,T0,T1,9.1ft,0.05s
4.24.2026 20:37:09,T0,T1,9.1ft,0.05s
4.24.2026 20:37:09,T0,T1,9.6ft,0.05s
4.24.2026 20:37:10,T0,T1,9.6ft,0.05s
4.24.2026 20:37:10,T0,T1,8.9ft,0.05s
4.24.2026 20:37:10,T0,T1,8.5ft,0.05s
4.24.2026 20:37:10,T0,T1,8.5ft,0.05s
4.24.2026 20:37:10,T0,T1,8.5ft,0.05s
4.24.2026 20:37:10,T0,T1,8.5ft,0.05s
4.24.2026 20:37:10,T0,T1,8.7ft,0.05s
4.24.2026 20:37:10,T0,T1,8.7ft,0.05s
4.24.2026 20:37:10,T0,T1,8.5ft,0.05s
4.24.2026 20:37:10,T0,T1,9.3ft,0.05s
4.24.2026 20:37:10,T0,T1,9.3ft,0.05s
4.24.2026 20:37:10,T0,T1,8.9ft,0.05s
4.24.2026 20:37:10,T0,T1,8.9ft,0.05s
4.24.2026 20:37:10,T0,T1,8.8ft,0.05s
4.24.2026 20:37:10,T0,T1,8.8ft,0.05s
4.24.2026 20:37:10,T0,T1,9.3ft,0.05s
4.24.2026 20:37:10,T0,T1,9.3ft,0.05s
4.24.2026 20:37:10,T0,T1,9.3ft,0.05s
4.24.2026 20:37:10,T0,T1,9.3ft,0.05s
4.24.2026 20:37:10,T0,T1,9.1ft,0.05s
4.24.2026 20:37:11,T0,T1,9.4ft,0.05s
4.24.2026 20:37:11,T0,T1,9.4ft,0.05s
4.24.2026 20:37:11,T0,T1,9.3ft,0.05s
4.24.2026 20:37:11,T0,T1,9.8ft,0.05s
4.24.2026 20:37:11,T0,T1,9.8ft,0.05s
4.24.2026 20:37:11,T0,T1,9.8ft,0.05s
4.24.2026 20:37:11,T0,T1,9.8ft,0.05s
4.24.2026 20:37:11,T0,T1,10.1ft,0.05s
4.24.2026 20:37:11,T0,T1,10.1ft,0.05s
4.24.2026 20:37:11,T0,T1,10.1ft,0.05s
4.24.2026 20:37:11,T0,T1,10.2ft,0.05s
4.24.2026 20:37:11,T0,T1,10.2ft,0.05s
4.24.2026 20:37:11,T0,T1,10.1ft,0.05s
4.24.2026 20:37:11,T0,T1,10.0ft,0.05s
4.24.2026 20:37:11,T0,T1,10.0ft,0.05s
4.24.2026 20:37:11,T0,T1,10.0ft,0.05s
4.24.2026 20:37:11,T0,T1,9.6ft,0.05s
4.24.2026 20:37:11,T0,T1,9.4ft,0.05s
4.24.2026 20:37:11,T0,T1,9.4ft,0.05s
4.24.2026 20:37:12,T0,T1,9.4ft,0.05s
4.24.2026 20:37:12,T0,T1,9.4ft,0.05s
4.24.2026 20:37:12,T0,T1,8.8ft,0.05s
4.24.2026 20:37:12,T0,T1,8.8ft,0.05s
4.24.2026 20:37:12,T0,T1,9.1ft,0.05s
4.24.2026 20:37:12,T0,T1,8.7ft,0.05s
4.24.2026 20:37:12,T0,T1,8.7ft,0.05s
4.24.2026 20:37:12,T0,T1,8.8ft,0.05s
4.24.2026 20:37:12,T0,T1,8.7ft,0.05s
4.24.2026 20:37:12,T0,T1,9.0ft,0.05s
4.24.2026 20:37:12,T0,T1,9.0ft,0.05s
4.24.2026 20:37:12,T0,T1,8.4ft,0.05s
4.24.2026 20:37:12,T0,T1,8.4ft,0.05s
4.24.2026 20:37:12,T0,T1,8.6ft,0.05s
4.24.2026 20:37:12,T0,T1,8.6ft,0.05s
4.24.2026 20:37:12,T0,T1,9.1ft,0.05s
4.24.2026 20:37:12,T0,T1,9.6ft,0.05s
4.24.2026 20:37:12,T0,T1,9.6ft,0.05s
4.24.2026 20:37:12,T0,T1,9.7ft,0.05s
4.24.2026 20:37:12,T0,T1,9.7ft,0.05s
4.24.2026 20:37:13,T0,T1,9.5ft,0.05s
4.24.2026 20:37:13,T0,T1,9.5ft,0.05s
4.24.2026 20:37:13,T0,T1,9.0ft,0.05s
4.24.2026 20:37:13,T0,T1,9.5ft,0.05s
4.24.2026 20:37:13,T0,T1,9.5ft,0.05s
4.24.2026 20:37:13,T0,T1,9.5ft,0.05s
4.24.2026 20:37:13,T0,T1,9.2ft,0.05s
4.24.2026 20:37:13,T0,T1,9.1ft,0.05s
4.24.2026 20:37:13,T0,T1,9.1ft,0.05s
4.24.2026 20:37:13,T0,T1,9.1ft,0.05s
4.24.2026 20:37:13,T0,T1,8.8ft,0.05s
4.24.2026 20:37:13,T0,T1,8.8ft,0.05s
4.24.2026 20:37:13,T0,T1,8.8ft,0.05s
4.24.2026 20:37:13,T0,T1,8.8ft,0.05s
4.24.2026 20:37:13,T0,T1,8.5ft,0.05s
4.24.2026 20:37:13,T0,T1,8.5ft,0.05s
4.24.2026 20:37:13,T0,T1,8.9ft,0.05s
4.24.2026 20:37:13,T0,T1,8.9ft,0.05s
4.24.2026 20:37:13,T0,T1,8.9ft,0.05s
4.24.2026 20:37:14,T0,T1,8.9ft,0.05s
4.24.2026 20:37:14,T0,T1,8.6ft,0.05s
4.24.2026 20:37:14,T0,T1,8.9ft,0.05s
4.24.2026 20:37:14,T0,T1,8.9ft,0.05s
4.24.2026 20:37:14,T0,T1,9.3ft,0.05s
4.24.2026 20:37:14,T0,T1,9.1ft,0.05s
4.24.2026 20:37:14,T0,T1,9.1ft,0.05s
4.24.2026 20:37:14,T0,T1,9.1ft,0.05s
4.24.2026 20:37:14,T0,T1,9.3ft,0.05s
4.24.2026 20:37:14,T0,T1,9.6ft,0.05s
4.24.2026 20:37:14,T0,T1,9.6ft,0.05s
4.24.2026 20:37:14,T0,T1,8.7ft,0.05s
4.24.2026 20:37:14,T0,T1,9.0ft,0.05s
4.24.2026 20:37:14,T0,T1,9.0ft,0.05s
4.24.2026 20:37:14,T0,T1,9.0ft,0.05s
4.24.2026 20:37:14,T0,T1,8.3ft,0.05s
4.24.2026 20:37:14,T0,T1,8.6ft,0.05s
4.24.2026 20:37:14,T0,T1,8.6ft,0.05s
4.24.2026 20:37:14,T0,T1,8.6ft,0.05s
4.24.2026 20:37:15,T0,T1,8.8ft,0.12s
4.24.2026 20:37:15,T0,T1,8.8ft,0.05s
4.24.2026 20:37:15,T0,T1,8.5ft,0.05s
4.24.2026 20:37:15,T0,T1,8.7ft,0.05s
4.24.2026 20:37:15,T0,T1,8.7ft,0.05s
4.24.2026 20:37:15,T0,T1,8.9ft,0.05s
4.24.2026 20:37:15,T0,T1,8.9ft,0.05s
4.24.2026 20:37:15,T0,T1,8.9ft,0.05s
4.24.2026 20:37:15,T0,T1,8.9ft,0.05s
4.24.2026 20:37:15,T0,T1,8.9ft,0.05s
4.24.2026 20:37:15,T0,T1,9.7ft,0.05s
4.24.2026 20:37:15,T0,T1,9.7ft,0.05s
4.24.2026 20:37:15,T0,T1,9.8ft,0.05s
4.24.2026 20:37:15,T0,T1,9.8ft,0.05s
4.24.2026 20:37:15,T0,T1,9.8ft,0.05s
4.24.2026 20:37:15,T0,T1,9.8ft,0.05s
4.24.2026 20:37:15,T0,T1,9.5ft,0.05s
4.24.2026 20:37:15,T0,T1,10.4ft,0.05s
4.24.2026 20:37:15,T0,T1,10.4ft,0.05s
4.24.2026 20:37:16,T0,T1,10.0ft,0.05s
4.24.2026 20:37:16,T0,T1,9.3ft,0.05s
4.24.2026 20:37:16,T0,T1,9.3ft,0.05s
4.24.2026 20:37:16,T0,T1,9.3ft,0.05s
4.24.2026 20:37:16,T0,T1,9.6ft,0.05s
4.24.2026 20:37:16,T0,T1,9.9ft,0.05s
4.24.2026 20:37:16,T0,T1,9.9ft,0.05s
4.24.2026 20:37:16,T0,T1,9.6ft,0.05s
4.24.2026 20:37:16,T0,T1,9.6ft,0.05s
4.24.2026 20:37:16,T0,T1,9.6ft,0.05s
4.24.2026 20:37:16,T0,T1,9.6ft,0.05s
4.24.2026 20:37:16,T0,T1,9.2ft,0.05s
4.24.2026 20:37:16,T0,T1,9.3ft,0.05s
4.24.2026 20:37:16,T0,T1,9.3ft,0.05s
4.24.2026 20:37:16,T0,T1,9.7ft,0.05s
4.24.2026 20:37:16,T0,T1,9.7ft,0.05s
4.24.2026 20:37:16,T0,T1,10.0ft,0.05s
4.24.2026 20:37:16,T0,T1,10.0ft,0.05s
4.24.2026 20:37:16,T0,T1,8.8ft,0.05s
4.24.2026 20:37:16,T0,T1,8.5ft,0.05s
4.24.2026 20:37:17,T0,T1,8.5ft,0.05s
4.24.2026 20:37:17,T0,T1,9.1ft,0.05s
4.24.2026 20:37:17,T0,T1,9.1ft,0.05s
4.24.2026 20:37:17,T0,T1,9.0ft,0.05s
4.24.2026 20:37:17,T0,T1,9.0ft,0.05s
4.24.2026 20:37:17,T0,T1,8.3ft,0.05s
4.24.2026 20:37:17,T0,T1,8.9ft,0.05s
4.24.2026 20:37:17,T0,T1,8.9ft,0.05s
4.24.2026 20:37:17,T0,T1,8.9ft,0.05s
4.24.2026 20:37:17,T0,T1,9.2ft,0.05s
4.24.2026 20:37:17,T0,T1,9.1ft,0.05s
4.24.2026 20:37:17,T0,T1,9.1ft,0.05s
4.24.2026 20:37:17,T0,T1,8.8ft,0.05s
4.24.2026 20:37:17,T0,T1,8.8ft,0.05s
4.24.2026 20:37:17,T0,T1,8.8ft,0.05s
4.24.2026 20:37:17,T0,T1,8.8ft,0.05s
4.24.2026 20:37:17,T0,T1,8.8ft,0.05s
4.24.2026 20:37:17,T0,T1,9.0ft,0.05s
4.24.2026 20:37:17,T0,T1,9.0ft,0.05s
4.24.2026 20:37:17,T0,T1,8.6ft,0.05s
4.24.2026 20:37:18,T0,T1,8.9ft,0.05s
4.24.2026 20:37:18,T0,T1,8.9ft,0.05s
4.24.2026 20:37:18,T0,T1,9.0ft,0.05s
4.24.2026 20:37:18,T0,T1,8.9ft,0.05s
4.24.2026 20:37:18,T0,T1,9.0ft,0.05s
4.24.2026 20:37:18,T0,T1,9.0ft,0.05s
4.24.2026 20:37:18,T0,T1,9.0ft,0.05s
4.24.2026 20:37:18,T0,T1,8.3ft,0.05s
4.24.2026 20:37:18,T0,T1,8.3ft,0.05s
4.24.2026 20:37:18,T0,T1,8.3ft,0.05s
4.24.2026 20:37:18,T0,T1,8.5ft,0.05s
4.24.2026 20:37:18,T0,T1,8.5ft,0.05s
4.24.2026 20:37:18,T0,T1,8.5ft,0.05s
4.24.2026 20:37:18,T0,T1,9.0ft,0.05s
4.24.2026 20:37:18,T0,T1,9.0ft,0.05s
4.24.2026 20:37:18,T0,T1,8.7ft,0.05s
4.24.2026 20:37:18,T0,T1,8.7ft,0.05s
4.24.2026 20:37:18,T0,T1,8.4ft,0.05s
4.24.2026 20:37:18,T0,T1,8.4ft,0.05s
4.24.2026 20:37:19,T0,T1,8.4ft,0.05s
4.24.2026 20:37:19,T0,T1,8.9ft,0.05s
4.24.2026 20:37:19,T0,T1,8.9ft,0.05s
4.24.2026 20:37:19,T0,T1,9.1ft,0.05s
4.24.2026 20:37:19,T0,T1,9.1ft,0.05s
4.24.2026 20:37:19,T0,T1,9.1ft,0.05s
4.24.2026 20:37:19,T0,T1,9.6ft,0.05s
4.24.2026 20:37:19,T0,T1,9.6ft,0.05s
4.24.2026 20:37:19,T0,T1,8.9ft,0.05s
4.24.2026 20:37:19,T0,T1,8.9ft,0.05s
4.24.2026 20:37:19,T0,T1,9.1ft,0.05s
4.24.2026 20:37:19,T0,T1,9.1ft,0.05s
4.24.2026 20:37:19,T0,T1,8.5ft,0.05s
4.24.2026 20:37:19,T0,T1,8.5ft,0.05s
4.24.2026 20:37:19,T0,T1,8.5ft,0.05s
4.24.2026 20:37:19,T0,T1,8.5ft,0.05s
4.24.2026 20:37:19,T0,T1,8.8ft,0.05s
4.24.2026 20:37:19,T0,T1,9.0ft,0.05s
4.24.2026 20:37:19,T0,T1,9.0ft,0.05s
4.24.2026 20:37:19,T0,T1,9.0ft,0.05s
4.24.2026 20:37:20,T0,T1,9.1ft,0.05s
4.24.2026 20:37:20,T0,T1,9.1ft,0.05s
4.24.2026 20:37:20,T0,T1,9.0ft,0.05s
4.24.2026 20:37:20,T0,T1,9.6ft,0.05s
4.24.2026 20:37:20,T0,T1,9.6ft,0.05s
4.24.2026 20:37:20,T0,T1,9.6ft,0.05s
4.24.2026 20:37:20,T0,T1,9.1ft,0.05s
4.24.2026 20:37:20,T0,T1,8.8ft,0.05s
4.24.2026 20:37:20,T0,T1,8.8ft,0.05s
4.24.2026 20:37:20,T0,T1,8.8ft,0.05s
4.24.2026 20:37:20,T0,T1,9.2ft,0.05s
4.24.2026 20:37:20,T0,T1,8.9ft,0.05s
4.24.2026 20:37:20,T0,T1,8.9ft,0.05s
4.24.2026 20:37:20,T0,T1,10.0ft,0.05s
4.24.2026 20:37:20,T0,T1,8.7ft,0.05s
4.24.2026 20:37:20,T0,T1,8.7ft,0.05s
4.24.2026 20:37:20,T0,T1,8.7ft,0.05s
4.24.2026 20:37:20,T0,T1,9.5ft,0.05s
4.24.2026 20:37:20,T0,T1,9.5ft,0.05s
4.24.2026 20:37:20,T0,T1,9.5ft,0.05s
4.24.2026 20:37:21,T0,T1,9.5ft,0.05s
4.24.2026 20:37:21,T0,T1,9.5ft,0.05s
4.24.2026 20:37:21,T0,T1,9.5ft,0.05s
4.24.2026 20:37:21,T0,T1,9.5ft,0.05s
4.24.2026 20:37:21,T0,T1,9.8ft,0.05s
4.24.2026 20:37:21,T0,T1,9.3ft,0.05s
4.24.2026 20:37:21,T0,T1,9.3ft,0.05s
4.24.2026 20:37:21,T0,T1,9.0ft,0.05s
4.24.2026 20:37:21,T0,T1,9.0ft,0.05s
4.24.2026 20:37:21,T0,T1,9.1ft,0.05s
4.24.2026 20:37:21,T0,T1,9.1ft,0.05s
4.24.2026 20:37:21,T0,T1,9.4ft,0.05s
4.24.2026 20:37:21,T0,T1,8.9ft,0.05s
4.24.2026 20:37:21,T0,T1,8.9ft,0.05s
4.24.2026 20:37:21,T0,T1,9.1ft,0.05s
4.24.2026 20:37:21,T0,T1,9.1ft,0.05s
4.24.2026 20:37:21,T0,T1,9.4ft,0.05s
4.24.2026 20:37:21,T0,T1,9.4ft,0.05s
4.24.2026 20:37:21,T0,T1,8.8ft,0.05s
4.24.2026 20:37:22,T0,T1,8.8ft,0.05s
4.24.2026 20:37:22,T0,T1,8.8ft,0.05s
4.24.2026 20:37:22,T0,T1,8.8ft,0.05s
4.24.2026 20:37:22,T0,T1,9.0ft,0.05s
4.24.2026 20:37:22,T0,T1,9.0ft,0.05s
4.24.2026 20:37:22,T0,T1,9.0ft,0.05s
4.24.2026 20:37:22,T0,T1,9.7ft,0.05s
4.24.2026 20:37:22,T0,T1,10.0ft,0.05s
4.24.2026 20:37:22,T0,T1,10.0ft,0.05s
4.24.2026 20:37:22,T0,T1,10.0ft,0.05s
4.24.2026 20:37:22,T0,T1,9.7ft,0.05s
4.24.2026 20:37:22,T0,T1,9.4ft,0.05s
4.24.2026 20:37:22,T0,T1,9.4ft,0.05s
4.24.2026 20:37:22,T0,T1,8.8ft,0.05s
4.24.2026 20:37:22,T0,T1,8.4ft,0.05s
4.24.2026 20:37:22,T0,T1,8.4ft,0.05s
4.24.2026 20:37:22,T0,T1,8.4ft,0.05s
4.24.2026 20:37:22,T0,T1,8.7ft,0.05s
4.24.2026 20:37:22,T0,T1,8.4ft,0.05s
4.24.2026 20:37:22,T0,T1,8.4ft,0.05s
4.24.2026 20:37:23,T0,T1,9.0ft,0.05s
4.24.2026 20:37:23,T0,T1,9.3ft,0.05s
4.24.2026 20:37:23,T0,T1,9.3ft,0.05s
4.24.2026 20:37:23,T0,T1,9.3ft,0.05s
4.24.2026 20:37:23,T0,T1,9.5ft,0.05s
4.24.2026 20:37:23,T0,T1,9.6ft,0.05s
4.24.2026 20:37:23,T0,T1,9.5ft,0.05s
4.24.2026 20:37:23,T0,T1,9.5ft,0.05s
4.24.2026 20:37:23,T0,T1,9.3ft,0.05s
4.24.2026 20:37:23,T0,T1,9.3ft,0.05s
4.24.2026 20:37:23,T0,T1,9.3ft,0.05s
4.24.2026 20:37:23,T0,T1,8.6ft,0.05s
4.24.2026 20:37:23,T0,T1,8.5ft,0.05s
4.24.2026 20:37:23,T0,T1,8.5ft,0.05s
4.24.2026 20:37:23,T0,T1,8.5ft,0.05s
4.24.2026 20:37:23,T0,T1,8.5ft,0.05s
4.24.2026 20:37:23,T0,T1,8.7ft,0.05s
4.24.2026 20:37:23,T0,T1,8.7ft,0.05s
4.24.2026 20:37:23,T0,T1,9.3ft,0.05s
4.24.2026 20:37:23,T0,T1,9.0ft,0.05s
4.24.2026 20:37:24,T0,T1,9.0ft,0.05s
4.24.2026 20:37:24,T0,T1,9.3ft,0.05s
4.24.2026 20:37:24,T0,T1,9.3ft,0.05s
4.24.2026 20:37:24,T0,T1,8.6ft,0.05s
4.24.2026 20:37:24,T0,T1,8.6ft,0.05s
4.24.2026 20:37:24,T0,T1,9.3ft,0.05s
4.24.2026 20:37:24,T0,T1,9.1ft,0.05s
4.24.2026 20:37:24,T0,T1,9.1ft,0.05s
4.24.2026 20:37:24,T0,T1,9.1ft,0.05s
4.24.2026 20:37:24,T0,T1,9.5ft,0.05s
4.24.2026 20:37:24,T0,T1,9.3ft,0.05s
4.24.2026 20:37:24,T0,T1,9.3ft,0.05s
4.24.2026 20:37:24,T0,T1,9.4ft,0.05s
4.24.2026 20:37:24,T0,T1,9.4ft,0.05s
4.24.2026 20:37:24,T0,T1,9.4ft,0.05s
4.24.2026 20:37:24,T0,T1,9.4ft,0.05s
4.24.2026 20:37:24,T0,T1,9.7ft,0.05s
4.24.2026 20:37:24,T0,T1,9.6ft,0.05s
4.24.2026 20:37:24,T0,T1,9.6ft,0.05s
4.24.2026 20:37:25,T0,T1,9.6ft,0.05s
4.24.2026 20:37:25,T0,T1,9.9ft,0.05s
4.24.2026 20:37:25,T0,T1,9.9ft,0.05s
4.24.2026 20:37:25,T0,T1,9.9ft,0.05s
4.24.2026 20:37:25,T0,T1,9.1ft,0.05s
4.24.2026 20:37:25,T0,T1,9.4ft,0.05s
4.24.2026 20:37:25,T0,T1,9.4ft,0.05s
4.24.2026 20:37:25,T0,T1,9.8ft,0.05s
4.24.2026 20:37:25,T0,T1,10.3ft,0.05s
4.24.2026 20:37:25,T0,T1,10.3ft,0.05s
4.24.2026 20:37:25,T0,T1,10.3ft,0.05s
4.24.2026 20:37:25,T0,T1,9.8ft,0.05s
4.24.2026 20:37:25,T0,T1,9.5ft,0.05s
4.24.2026 20:37:25,T0,T1,9.5ft,0.05s
4.24.2026 20:37:25,T0,T1,9.1ft,0.05s
4.24.2026 20:37:25,T0,T1,8.9ft,0.05s
4.24.2026 20:37:25,T0,T1,8.9ft,0.05s
4.24.2026 20:37:25,T0,T1,8.9ft,0.05s
4.24.2026 20:37:25,T0,T1,8.1ft,0.05s
4.24.2026 20:37:25,T0,T1,8.9ft,0.05s
4.24.2026 20:37:26,T0,T1,8.9ft,0.05s
4.24.2026 20:37:26,T0,T1,8.9ft,0.05s
4.24.2026 20:37:26,T0,T1,9.6ft,0.05s
4.24.2026 20:37:26,T0,T1,9.6ft,0.05s
4.24.2026 20:37:26,T0,T1,9.6ft,0.05s
4.24.2026 20:37:26,T0,T1,9.6ft,0.05s
4.24.2026 20:37:26,T0,T1,9.3ft,0.05s
4.24.2026 20:37:26,T0,T1,9.3ft,0.05s
4.24.2026 20:37:26,T0,T1,9.3ft,0.05s
4.24.2026 20:37:26,T0,T1,9.4ft,0.05s
4.24.2026 20:37:26,T0,T1,8.8ft,0.05s
4.24.2026 20:37:26,T0,T1,8.8ft,0.05s
4.24.2026 20:37:26,T0,T1,8.5ft,0.05s
4.24.2026 20:37:26,T0,T1,9.3ft,0.05s
4.24.2026 20:37:26,T0,T1,9.3ft,0.05s
4.24.2026 20:37:26,T0,T1,9.0ft,0.05s
4.24.2026 20:37:26,T0,T1,9.0ft,0.05s
4.24.2026 20:37:26,T0,T1,9.0ft,0.05s
4.24.2026 20:37:26,T0,T1,9.0ft,0.05s
4.24.2026 20:37:26,T0,T1,9.2ft,0.05s
4.24.2026 20:37:27,T0,T1,8.6ft,0.05s
4.24.2026 20:37:27,T0,T1,8.6ft,0.05s
4.24.2026 20:37:27,T0,T1,8.7ft,0.05s
4.24.2026 20:37:27,T0,T1,9.2ft,0.05s
4.24.2026 20:37:27,T0,T1,9.5ft,0.05s
4.24.2026 20:37:27,T0,T1,9.5ft,0.05s
4.24.2026 20:37:27,T0,T1,9.2ft,0.05s
4.24.2026 20:37:27,T0,T1,9.5ft,0.05s
4.24.2026 20:37:27,T0,T1,9.5ft,0.05s
4.24.2026 20:37:27,T0,T1,9.4ft,0.05s
4.24.2026 20:37:27,T0,T1,8.9ft,0.05s
4.24.2026 20:37:27,T0,T1,9.4ft,0.05s
4.24.2026 20:37:27,T0,T1,9.4ft,0.05s
4.24.2026 20:37:27,T0,T1,9.6ft,0.05s
4.24.2026 20:37:27,T0,T1,9.9ft,0.05s
4.24.2026 20:37:27,T0,T1,9.9ft,0.05s
4.24.2026 20:37:27,T0,T1,9.9ft,0.05s
4.24.2026 20:37:27,T0,T1,9.5ft,0.05s
4.24.2026 20:37:27,T0,T1,9.3ft,0.05s
4.24.2026 20:37:28,T0,T1,9.3ft,0.05s
4.24.2026 20:37:28,T0,T1,8.8ft,0.05s
4.24.2026 20:37:28,T0,T1,8.6ft,0.05s
4.24.2026 20:37:28,T0,T1,8.6ft,0.05s
4.24.2026 20:37:28,T0,T1,8.6ft,0.05s
4.24.2026 20:37:28,T0,T1,8.9ft,0.05s
4.24.2026 20:37:28,T0,T1,9.0ft,0.05s
4.24.2026 20:37:28,T0,T1,9.0ft,0.05s
4.24.2026 20:37:28,T0,T1,8.7ft,0.05s
4.24.2026 20:37:28,T0,T1,9.0ft,0.05s
4.24.2026 20:37:28,T0,T1,9.0ft,0.05s
4.24.2026 20:37:28,T0,T1,9.0ft,0.05s
4.24.2026 20:37:28,T0,T1,9.3ft,0.05s
4.24.2026 20:37:28,T0,T1,9.2ft,0.05s
4.24.2026 20:37:28,T0,T1,9.2ft,0.05s
4.24.2026 20:37:28,T0,T1,9.0ft,0.05s
4.24.2026 20:37:28,T0,T1,8.9ft,0.05s
4.24.2026 20:37:28,T0,T1,8.9ft,0.05s
4.24.2026 20:37:28,T0,T1,8.9ft,0.05s
4.24.2026 20:37:28,T0,T1,8.9ft,0.05s
4.24.2026 20:37:29,T0,T1,9.3ft,0.05s
4.24.2026 20:37:29,T0,T1,9.3ft,0.05s
4.24.2026 20:37:29,T0,T1,9.5ft,0.05s
4.24.2026 20:37:29,T0,T1,9.5ft,0.05s
4.24.2026 20:37:29,T0,T1,8.8ft,0.05s
4.24.2026 20:37:29,T0,T1,8.8ft,0.05s
4.24.2026 20:37:29,T0,T1,9.1ft,0.05s
4.24.2026 20:37:29,T0,T1,8.7ft,0.05s
4.24.2026 20:37:29,T0,T1,8.7ft,0.05s
4.24.2026 20:37:29,T0,T1,8.8ft,0.05s
4.24.2026 20:37:29,T0,T1,8.8ft,0.05s
4.24.2026 20:37:29,T0,T1,8.5ft,0.05s
4.24.2026 20:37:29,T0,T1,8.5ft,0.05s
4.24.2026 20:37:29,T0,T1,8.6ft,0.05s
4.24.2026 20:37:29,T0,T1,8.7ft,0.05s
4.24.2026 20:37:29,T0,T1,8.7ft,0.05s
4.24.2026 20:37:29,T0,T1,8.7ft,0.05s
4.24.2026 20:37:29,T0,T1,9.2ft,0.05s
4.24.2026 20:37:29,T0,T1,9.4ft,0.05s
4.24.2026 20:37:30,T0,T1,9.4ft,0.05s
4.24.2026 20:37:30,T0,T1,9.4ft,0.05s
4.24.2026 20:37:30,T0,T1,9.2ft,0.05s
4.24.2026 20:37:30,T0,T1,9.2ft,0.05s
4.24.2026 20:37:30,T0,T1,9.2ft,0.05s
4.24.2026 20:37:30,T0,T1,9.2ft,0.05s
4.24.2026 20:37:30,T0,T1,9.2ft,0.05s
4.24.2026 20:37:30,T0,T1,9.2ft,0.05s
4.24.2026 20:37:30,T0,T1,9.2ft,0.05s
4.24.2026 20:37:30,T0,T1,9.2ft,0.05s
4.24.2026 20:37:30,T0,T1,9.2ft,0.05s
4.24.2026 20:37:30,T0,T1,9.2ft,0.05s
4.24.2026 20:37:30,T0,T1,9.2ft,0.05s
4.24.2026 20:37:30,T0,T1,8.8ft,0.05s
4.24.2026 20:37:30,T0,T1,8.8ft,0.05s
4.24.2026 20:37:30,T0,T1,9.1ft,0.05s
4.24.2026 20:37:30,T0,T1,9.4ft,0.05s
4.24.2026 20:37:30,T0,T1,9.4ft,0.05s
4.24.2026 20:37:30,T0,T1,9.4ft,0.05s
4.24.2026 20:37:30,T0,T1,9.3ft,0.05s
4.24.2026 20:37:31,T0,T1,8.7ft,0.05s
4.24.2026 20:37:31,T0,T1,8.7ft,0.05s
4.24.2026 20:37:31,T0,T1,8.7ft,0.05s
4.24.2026 20:37:31,T0,T1,9.0ft,0.05s
4.24.2026 20:37:31,T0,T1,9.0ft,0.05s
4.24.2026 20:37:31,T0,T1,9.0ft,0.05s
4.24.2026 20:37:31,T0,T1,9.0ft,0.05s
4.24.2026 20:37:31,T0,T1,9.3ft,0.05s
4.24.2026 20:37:31,T0,T1,9.3ft,0.05s
4.24.2026 20:37:31,T0,T1,8.8ft,0.05s
4.24.2026 20:37:31,T0,T1,8.7ft,0.05s
4.24.2026 20:37:31,T0,T1,8.7ft,0.05s
4.24.2026 20:37:31,T0,T1,8.7ft,0.05s
4.24.2026 20:37:31,T0,T1,9.0ft,0.05s
4.24.2026 20:37:31,T0,T1,9.3ft,0.05s
4.24.2026 20:37:31,T0,T1,9.3ft,0.05s
4.24.2026 20:37:31,T0,T1,8.8ft,0.05s
4.24.2026 20:37:31,T0,T1,8.8ft,0.05s
4.24.2026 20:37:31,T0,T1,8.4ft,0.05s
4.24.2026 20:37:31,T0,T1,8.4ft,0.05s
4.24.2026 20:37:32,T0,T1,8.9ft,0.05s
4.24.2026 20:37:32,T0,T1,9.5ft,0.05s
4.24.2026 20:37:32,T0,T1,9.5ft,0.05s
4.24.2026 20:37:32,T0,T1,9.1ft,0.05s
4.24.2026 20:37:32,T0,T1,9.1ft,0.05s
4.24.2026 20:37:32,T0,T1,9.0ft,0.05s
4.24.2026 20:37:32,T0,T1,9.0ft,0.05s
4.24.2026 20:37:32,T0,T1,9.0ft,0.05s
4.24.2026 20:37:32,T0,T1,9.0ft,0.05s
4.24.2026 20:37:32,T0,T1,9.0ft,0.05s
4.24.2026 20:37:32,T0,T1,8.8ft,0.05s
4.24.2026 20:37:32,T0,T1,8.8ft,0.05s
4.24.2026 20:37:32,T0,T1,8.8ft,0.05s
4.24.2026 20:37:32,T0,T1,8.9ft,0.05s
4.24.2026 20:37:32,T0,T1,8.4ft,0.05s
4.24.2026 20:37:32,T0,T1,8.4ft,0.05s
4.24.2026 20:37:32,T0,T1,8.4ft,0.05s
4.24.2026 20:37:32,T0,T1,8.4ft,0.05s
4.24.2026 20:37:32,T0,T1,8.7ft,0.05s
4.24.2026 20:37:33,T0,T1,8.9ft,0.05s
4.24.2026 20:37:33,T0,T1,8.9ft,0.05s
4.24.2026 20:37:33,T0,T1,8.9ft,0.05s
4.24.2026 20:37:33,T0,T1,8.6ft,0.05s
4.24.2026 20:37:33,T0,T1,8.6ft,0.05s
4.24.2026 20:37:33,T0,T1,8.6ft,0.05s
4.24.2026 20:37:33,T0,T1,8.7ft,0.05s
4.24.2026 20:37:33,T0,T1,9.2ft,0.05s
4.24.2026 20:37:33,T0,T1,9.1ft,0.05s
4.24.2026 20:37:33,T0,T1,8.7ft,0.05s
4.24.2026 20:37:33,T0,T1,9.1ft,0.05s
4.24.2026 20:37:33,T0,T1,9.1ft,0.05s
4.24.2026 20:37:33,T0,T1,9.1ft,0.05s
4.24.2026 20:37:33,T0,T1,8.8ft,0.05s
4.24.2026 20:37:33,T0,T1,8.6ft,0.05s
4.24.2026 20:37:33,T0,T1,8.6ft,0.05s
4.24.2026 20:37:33,T0,T1,8.9ft,0.05s
4.24.2026 20:37:33,T0,T1,8.6ft,0.05s
4.24.2026 20:37:33,T0,T1,8.6ft,0.05s
4.24.2026 20:37:33,T0,T1,8.6ft,0.06s
4.24.2026 20:37:34,T0,T1,9.0ft,0.05s
4.24.2026 20:37:34,T0,T1,8.7ft,0.05s
4.24.2026 20:37:34,T0,T1,8.7ft,0.05s
4.24.2026 20:37:34,T0,T1,9.0ft,0.05s
4.24.2026 20:37:34,T0,T1,9.0ft,0.05s
4.24.2026 20:37:34,T0,T1,9.0ft,0.05s
4.24.2026 20:37:34,T0,T1,9.0ft,0.05s
4.24.2026 20:37:34,T0,T1,8.9ft,0.05s
4.24.2026 20:37:34,T0,T1,8.3ft,0.05s
4.24.2026 20:37:34,T0,T1,8.3ft,0.05s
4.24.2026 20:37:34,T0,T1,8.3ft,0.05s
4.24.2026 20:37:34,T0,T1,8.2ft,0.05s
4.24.2026 20:37:34,T0,T1,8.2ft,0.05s
4.24.2026 20:37:34,T0,T1,8.2ft,0.05s
4.24.2026 20:37:34,T0,T1,8.5ft,0.05s
4.24.2026 20:37:34,T0,T1,9.4ft,0.05s
4.24.2026 20:37:34,T0,T1,9.4ft,0.05s
4.24.2026 20:37:34,T0,T1,9.3ft,0.05s
4.24.2026 20:37:34,T0,T1,9.3ft,0.05s
4.24.2026 20:37:34,T0,T1,9.1ft,0.05s
4.24.2026 20:37:35,T0,T1,9.1ft,0.05s
4.24.2026 20:37:35,T0,T1,9.3ft,0.05s
4.24.2026 20:37:35,T0,T1,9.1ft,0.05s
4.24.2026 20:37:35,T0,T1,9.1ft,0.05s
4.24.2026 20:37:35,T0,T1,8.8ft,0.05s
4.24.2026 20:37:35,T0,T1,8.8ft,0.05s
4.24.2026 20:37:35,T0,T1,8.8ft,0.05s
4.24.2026 20:37:35,T0,T1,8.8ft,0.05s
4.24.2026 20:37:35,T0,T1,9.2ft,0.05s
4.24.2026 20:37:35,T0,T1,9.3ft,0.05s
4.24.2026 20:37:35,T0,T1,9.3ft,0.05s
4.24.2026 20:37:35,T0,T1,9.3ft,0.05s
4.24.2026 20:37:35,T0,T1,9.5ft,0.05s
4.24.2026 20:37:35,T0,T1,9.5ft,0.05s
4.24.2026 20:37:35,T0,T1,9.5ft,0.05s
4.24.2026 20:37:35,T0,T1,9.9ft,0.05s
4.24.2026 20:37:35,T0,T1,8.8ft,0.05s
4.24.2026 20:37:35,T0,T1,8.8ft,0.05s
4.24.2026 20:37:35,T0,T1,8.8ft,0.05s
4.24.2026 20:37:36,T0,T1,9.1ft,0.05s
4.24.2026 20:37:36,T0,T1,9.7ft,0.05s
4.24.2026 20:37:36,T0,T1,9.7ft,0.05s
4.24.2026 20:37:36,T0,T1,9.7ft,0.05s
4.24.2026 20:37:36,T0,T1,9.3ft,0.05s
4.24.2026 20:37:36,T0,T1,9.3ft,0.05s
4.24.2026 20:37:36,T0,T1,9.3ft,0.05s
4.24.2026 20:37:36,T0,T1,9.6ft,0.05s
4.24.2026 20:37:36,T0,T1,9.5ft,0.05s
4.24.2026 20:37:36,T0,T1,9.5ft,0.05s
4.24.2026 20:37:36,T0,T1,9.0ft,0.05s
4.24.2026 20:37:36,T0,T1,8.9ft,0.05s
4.24.2026 20:37:36,T0,T1,8.9ft,0.05s
4.24.2026 20:37:36,T0,T1,8.9ft,0.05s
4.24.2026 20:37:36,T0,T1,8.9ft,0.05s
4.24.2026 20:37:36,T0,T1,8.9ft,0.05s
4.24.2026 20:37:36,T0,T1,8.9ft,0.05s
4.24.2026 20:37:36,T0,T1,9.3ft,0.05s
4.24.2026 20:37:36,T0,T1,8.8ft,0.05s
4.24.2026 20:37:36,T0,T1,8.8ft,0.05s
4.24.2026 20:37:37,T0,T1,8.8ft,0.05s
4.24.2026 20:37:37,T0,T1,8.8ft,0.05s
4.24.2026 20:37:37,T0,T1,8.3ft,0.05s
4.24.2026 20:37:37,T0,T1,8.3ft,0.05s
4.24.2026 20:37:37,T0,T1,8.0ft,0.05s
4.24.2026 20:37:37,T0,T1,8.0ft,0.05s
4.24.2026 20:37:37,T0,T1,7.9ft,0.05s
4.24.2026 20:37:37,T0,T1,7.9ft,0.05s
4.24.2026 20:37:37,T0,T1,8.1ft,0.05s
4.24.2026 20:37:37,T0,T1,8.5ft,0.05s
4.24.2026 20:37:37,T0,T1,8.5ft,0.05s
4.24.2026 20:37:37,T0,T1,8.8ft,0.05s
4.24.2026 20:37:37,T0,T1,8.8ft,0.05s
4.24.2026 20:37:37,T0,T1,7.7ft,0.05s
4.24.2026 20:37:37,T0,T1,7.7ft,0.05s
4.24.2026 20:37:37,T0,T1,8.2ft,0.05s
4.24.2026 20:37:37,T0,T1,8.7ft,0.05s
4.24.2026 20:37:37,T0,T1,8.7ft,0.05s
4.24.2026 20:37:37,T0,T1,8.7ft,0.05s
4.24.2026 20:37:37,T0,T1,8.7ft,0.05s
4.24.2026 20:37:38,T0,T1,8.7ft,0.05s
4.24.2026 20:37:38,T0,T1,8.7ft,0.05s
4.24.2026 20:37:38,T0,T1,8.7ft,0.05s
4.24.2026 20:37:38,T0,T1,9.1ft,0.05s
4.24.2026 20:37:38,T0,T1,9.1ft,0.05s
4.24.2026 20:37:38,T0,T1,9.1ft,0.05s
4.24.2026 20:37:38,T0,T1,8.7ft,0.05s
4.24.2026 20:37:38,T0,T1,9.0ft,0.05s
4.24.2026 20:37:38,T0,T1,9.0ft,0.05s
4.24.2026 20:37:38,T0,T1,9.2ft,0.05s
4.24.2026 20:37:38,T0,T1,8.7ft,0.05s
4.24.2026 20:37:38,T0,T1,8.7ft,0.05s
4.24.2026 20:37:38,T0,T1,8.7ft,0.05s
4.24.2026 20:37:38,T0,T1,9.0ft,0.05s
4.24.2026 20:37:38,T0,T1,8.8ft,0.05s
4.24.2026 20:37:38,T0,T1,8.8ft,0.05s
4.24.2026 20:37:38,T0,T1,8.1ft,0.05s
4.24.2026 20:37:38,T0,T1,7.9ft,0.05s
4.24.2026 20:37:38,T0,T1,7.9ft,0.05s
4.24.2026 20:37:39,T0,T1,7.9ft,0.05s
4.24.2026 20:37:39,T0,T1,8.5ft,0.05s
4.24.2026 20:37:39,T0,T1,8.0ft,0.05s
4.24.2026 20:37:39,T0,T1,8.0ft,0.05s
4.24.2026 20:37:39,T0,T1,8.3ft,0.05s
4.24.2026 20:37:39,T0,T1,8.6ft,0.05s
4.24.2026 20:37:39,T0,T1,8.6ft,0.05s
4.24.2026 20:37:39,T0,T1,8.6ft,0.05s
4.24.2026 20:37:39,T0,T1,8.4ft,0.05s
4.24.2026 20:37:39,T0,T1,8.4ft,0.05s
4.24.2026 20:37:39,T0,T1,8.4ft,0.05s
4.24.2026 20:37:39,T0,T1,9.4ft,0.05s
4.24.2026 20:37:39,T0,T1,9.3ft,0.05s
4.24.2026 20:37:39,T0,T1,10.1ft,0.05s
4.24.2026 20:37:39,T0,T1,10.1ft,0.05s
4.24.2026 20:37:39,T0,T1,9.8ft,0.05s
4.24.2026 20:37:39,T0,T1,10.2ft,0.05s
4.24.2026 20:37:39,T0,T1,10.2ft,0.05s
4.24.2026 20:37:39,T0,T1,9.6ft,0.05s
4.24.2026 20:37:39,T0,T1,9.6ft,0.05s
4.24.2026 20:37:40,T0,T1,9.6ft,0.05s
4.24.2026 20:37:40,T0,T1,9.6ft,0.05s
4.24.2026 20:37:40,T0,T1,9.2ft,0.05s
4.24.2026 20:37:40,T0,T1,9.4ft,0.05s
4.24.2026 20:37:40,T0,T1,9.5ft,0.05s
4.24.2026 20:37:40,T0,T1,9.5ft,0.05s
4.24.2026 20:37:40,T0,T1,9.5ft,0.05s
4.24.2026 20:37:40,T0,T1,9.5ft,0.05s
4.24.2026 20:37:40,T0,T1,9.5ft,0.05s
4.24.2026 20:37:40,T0,T1,9.8ft,0.05s
4.24.2026 20:37:40,T0,T1,10.1ft,0.05s
4.24.2026 20:37:40,T0,T1,10.1ft,0.05s
4.24.2026 20:37:40,T0,T1,9.4ft,0.05s
4.24.2026 20:37:40,T0,T1,9.4ft,0.05s
4.24.2026 20:37:40,T0,T1,9.5ft,0.05s
4.24.2026 20:37:40,T0,T1,9.4ft,0.05s
4.24.2026 20:37:40,T0,T1,9.7ft,0.05s
4.24.2026 20:37:40,T0,T1,9.3ft,0.05s
4.24.2026 20:37:40,T0,T1,9.3ft,0.05s
4.24.2026 20:37:41,T0,T1,9.0ft,0.05s
4.24.2026 20:37:41,T0,T1,9.0ft,0.05s
4.24.2026 20:37:41,T0,T1,8.8ft,0.05s
4.24.2026 20:37:41,T0,T1,8.8ft,0.05s
4.24.2026 20:37:41,T0,T1,9.0ft,0.05s
4.24.2026 20:37:41,T0,T1,9.1ft,0.05s
4.24.2026 20:37:41,T0,T1,9.1ft,0.05s
4.24.2026 20:37:41,T0,T1,9.1ft,0.05s
4.24.2026 20:37:41,T0,T1,8.8ft,0.05s
4.24.2026 20:37:41,T0,T1,9.6ft,0.05s
4.24.2026 20:37:41,T0,T1,9.6ft,0.05s
4.24.2026 20:37:41,T0,T1,9.5ft,0.05s
4.24.2026 20:37:41,T0,T1,9.3ft,0.05s
4.24.2026 20:37:41,T0,T1,9.3ft,0.05s
4.24.2026 20:37:41,T0,T1,9.3ft,0.05s
4.24.2026 20:37:41,T0,T1,9.3ft,0.05s
4.24.2026 20:37:41,T0,T1,8.6ft,0.05s
4.24.2026 20:37:41,T0,T1,8.6ft,0.05s
4.24.2026 20:37:41,T0,T1,8.6ft,0.05s
4.24.2026 20:37:41,T0,T1,8.6ft,0.05s
4.24.2026 20:37:42,T0,T1,8.6ft,0.05s
4.24.2026 20:37:42,T0,T1,8.6ft,0.05s
4.24.2026 20:37:42,T0,T1,8.9ft,0.05s
4.24.2026 20:37:42,T0,T1,8.6ft,0.05s
4.24.2026 20:37:42,T0,T1,8.6ft,0.05s
4.24.2026 20:37:42,T0,T1,8.6ft,0.05s
4.24.2026 20:37:42,T0,T1,8.6ft,0.05s
4.24.2026 20:37:42,T0,T1,8.6ft,0.05s
4.24.2026 20:37:42,T0,T1,8.6ft,0.05s
4.24.2026 20:37:42,T0,T1,8.7ft,0.05s
4.24.2026 20:37:42,T0,T1,8.8ft,0.05s
4.24.2026 20:37:42,T0,T1,8.8ft,0.05s
4.24.2026 20:37:42,T0,T1,8.8ft,0.05s
4.24.2026 20:37:42,T0,T1,8.8ft,0.05s
4.24.2026 20:37:42,T0,T1,8.8ft,0.05s
4.24.2026 20:37:42,T0,T1,8.8ft,0.05s
4.24.2026 20:37:42,T0,T1,8.7ft,0.05s
4.24.2026 20:37:42,T0,T1,8.4ft,0.05s
4.24.2026 20:37:42,T0,T1,8.4ft,0.05s
4.24.2026 20:37:42,T0,T1,8.4ft,0.05s
4.24.2026 20:37:43,T0,T1,8.4ft,0.05s
4.24.2026 20:37:43,T0,T1,8.4ft,0.05s
4.24.2026 20:37:43,T0,T1,8.3ft,0.05s
4.24.2026 20:37:43,T0,T1,8.7ft,0.05s
4.24.2026 20:37:43,T0,T1,9.3ft,0.05s
4.24.2026 20:37:43,T0,T1,9.3ft,0.05s
4.24.2026 20:37:43,T0,T1,8.8ft,0.05s
4.24.2026 20:37:43,T0,T1,8.8ft,0.05s
4.24.2026 20:37:43,T0,T1,8.8ft,0.05s
4.24.2026 20:37:43,T0,T1,8.8ft,0.05s
4.24.2026 20:37:43,T0,T1,8.9ft,0.05s
4.24.2026 20:37:43,T0,T1,8.8ft,0.05s
4.24.2026 20:37:43,T0,T1,8.8ft,0.05s
4.24.2026 20:37:43,T0,T1,8.8ft,0.05s
4.24.2026 20:37:43,T0,T1,8.5ft,0.05s
4.24.2026 20:37:43,T0,T1,9.1ft,0.05s
4.24.2026 20:37:43,T0,T1,9.1ft,0.05s
4.24.2026 20:37:43,T0,T1,10.1ft,0.05s
4.24.2026 20:37:43,T0,T1,9.2ft,0.05s
4.24.2026 20:37:44,T0,T1,9.2ft,0.05s
4.24.2026 20:37:44,T0,T1,9.2ft,0.05s
4.24.2026 20:37:44,T0,T1,9.2ft,0.05s
4.24.2026 20:37:44,T0,T1,9.2ft,0.05s
4.24.2026 20:37:44,T0,T1,9.2ft,0.05s
4.24.2026 20:37:44,T0,T1,9.7ft,0.05s
4.24.2026 20:37:44,T0,T1,8.9ft,0.05s
4.24.2026 20:37:44,T0,T1,8.9ft,0.05s
4.24.2026 20:37:44,T0,T1,8.9ft,0.05s
4.24.2026 20:37:44,T0,T1,9.3ft,0.05s
4.24.2026 20:37:44,T0,T1,9.3ft,0.05s
4.24.2026 20:37:44,T0,T1,9.3ft,0.05s
4.24.2026 20:37:44,T0,T1,9.7ft,0.05s
4.24.2026 20:37:44,T0,T1,9.3ft,0.05s
4.24.2026 20:37:44,T0,T1,9.3ft,0.05s
4.24.2026 20:37:44,T0,T1,9.3ft,0.05s
4.24.2026 20:37:44,T0,T1,9.0ft,0.05s
4.24.2026 20:37:44,T0,T1,9.1ft,0.05s
4.24.2026 20:37:44,T0,T1,9.1ft,0.05s
4.24.2026 20:37:44,T0,T1,9.1ft,0.05s
4.24.2026 20:37:45,T0,T1,9.1ft,0.05s
4.24.2026 20:37:45,T0,T1,9.1ft,0.05s
4.24.2026 20:37:45,T0,T1,9.1ft,0.05s
4.24.2026 20:37:45,T0,T1,9.1ft,0.05s
4.24.2026 20:37:45,T0,T1,9.1ft,0.05s
4.24.2026 20:37:45,T0,T1,9.1ft,0.05s
4.24.2026 20:37:45,T0,T1,9.1ft,0.05s
4.24.2026 20:37:45,T0,T1,9.1ft,0.05s
4.24.2026 20:37:45,T0,T1,8.9ft,0.05s
4.24.2026 20:37:45,T0,T1,8.9ft,0.05s
4.24.2026 20:37:45,T0,T1,9.3ft,0.05s
4.24.2026 20:37:45,T0,T1,9.7ft,0.05s
4.24.2026 20:37:45,T0,T1,9.7ft,0.05s
4.24.2026 20:37:45,T0,T1,9.7ft,0.05s
4.24.2026 20:37:45,T0,T1,10.0ft,0.05s
4.24.2026 20:37:45,T0,T1,9.7ft,0.05s
4.24.2026 20:37:45,T0,T1,9.7ft,0.05s
4.24.2026 20:37:45,T0,T1,9.4ft,0.05s
4.24.2026 20:37:45,T0,T1,9.0ft,0.05s
4.24.2026 20:37:45,T0,T1,9.0ft,0.05s
4.24.2026 20:37:46,T0,T1,9.0ft,0.05s
4.24.2026 20:37:46,T0,T1,9.1ft,0.05s
4.24.2026 20:37:46,T0,T1,9.1ft,0.05s
4.24.2026 20:37:46,T0,T1,9.1ft,0.05s
4.24.2026 20:37:46,T0,T1,9.1ft,0.05s
4.24.2026 20:37:46,T0,T1,8.5ft,0.05s
4.24.2026 20:37:46,T0,T1,8.5ft,0.05s
4.24.2026 20:37:46,T0,T1,8.5ft,0.05s
4.24.2026 20:37:46,T0,T1,7.7ft,0.05s
4.24.2026 20:37:46,T0,T1,8.5ft,0.05s
4.24.2026 20:37:46,T0,T1,8.5ft,0.05s
4.24.2026 20:37:46,T0,T1,9.5ft,0.05s
4.24.2026 20:37:46,T0,T1,9.4ft,0.05s
4.24.2026 20:37:46,T0,T1,9.4ft,0.05s
4.24.2026 20:37:46,T0,T1,9.4ft,0.05s
4.24.2026 20:37:46,T0,T1,9.0ft,0.05s
4.24.2026 20:37:46,T0,T1,8.6ft,0.05s
4.24.2026 20:37:46,T0,T1,8.6ft,0.05s
4.24.2026 20:37:46,T0,T1,8.4ft,0.05s
4.24.2026 20:37:47,T0,T1,8.4ft,0.05s
4.24.2026 20:37:47,T0,T1,8.8ft,0.05s
4.24.2026 20:37:47,T0,T1,8.8ft,0.05s
4.24.2026 20:37:47,T0,T1,9.5ft,0.05s
4.24.2026 20:37:47,T0,T1,9.0ft,0.05s
4.24.2026 20:37:47,T0,T1,9.0ft,0.05s
4.24.2026 20:37:47,T0,T1,8.4ft,0.05s
4.24.2026 20:37:47,T0,T1,8.4ft,0.05s
4.24.2026 20:37:47,T0,T1,9.2ft,0.05s
4.24.2026 20:37:47,T0,T1,9.2ft,0.05s
4.24.2026 20:37:47,T0,T1,9.1ft,0.05s
4.24.2026 20:37:47,T0,T1,8.7ft,0.05s
4.24.2026 20:37:47,T0,T1,8.7ft,0.05s
4.24.2026 20:37:47,T0,T1,9.0ft,0.05s
4.24.2026 20:37:47,T0,T1,9.0ft,0.05s
4.24.2026 20:37:47,T0,T1,9.0ft,0.05s
4.24.2026 20:37:47,T0,T1,9.0ft,0.05s
4.24.2026 20:37:47,T0,T1,8.9ft,0.05s
4.24.2026 20:37:47,T0,T1,8.6ft,0.05s
4.24.2026 20:37:47,T0,T1,8.6ft,0.05s
4.24.2026 20:37:48,T0,T1,8.6ft,0.05s
4.24.2026 20:37:48,T0,T1,8.6ft,0.05s
4.24.2026 20:37:48,T0,T1,8.0ft,0.05s
4.24.2026 20:37:48,T0,T1,8.0ft,0.05s
4.24.2026 20:37:48,T0,T1,8.3ft,0.05s
4.24.2026 20:37:48,T0,T1,8.7ft,0.05s
4.24.2026 20:37:48,T0,T1,8.7ft,0.05s
4.24.2026 20:37:48,T0,T1,8.7ft,0.05s
4.24.2026 20:37:48,T0,T1,8.0ft,0.05s
4.24.2026 20:37:48,T0,T1,8.6ft,0.05s
4.24.2026 20:37:48,T0,T1,8.6ft,0.05s
4.24.2026 20:37:48,T0,T1,8.2ft,0.05s
4.24.2026 20:37:48,T0,T1,8.9ft,0.05s
4.24.2026 20:37:48,T0,T1,8.9ft,0.05s
4.24.2026 20:37:48,T0,T1,8.9ft,0.05s
4.24.2026 20:37:48,T0,T1,8.2ft,0.05s
4.24.2026 20:37:48,T0,T1,7.9ft,0.05s
4.24.2026 20:37:48,T0,T1,7.9ft,0.05s
4.24.2026 20:37:48,T0,T1,8.3ft,0.05s
4.24.2026 20:37:48,T0,T1,8.5ft,0.05s
4.24.2026 20:37:49,T0,T1,8.5ft,0.05s
4.24.2026 20:37:49,T0,T1,8.5ft,0.05s
4.24.2026 20:37:49,T0,T1,8.9ft,0.05s
4.24.2026 20:37:49,T0,T1,8.9ft,0.05s
4.24.2026 20:37:49,T0,T1,8.9ft,0.05s
4.24.2026 20:37:49,T0,T1,8.7ft,0.05s
4.24.2026 20:37:49,T0,T1,8.9ft,0.05s
4.24.2026 20:37:49,T0,T1,8.9ft,0.05s
4.24.2026 20:37:49,T0,T1,8.9ft,0.05s
4.24.2026 20:37:49,T0,T1,9.2ft,0.05s
4.24.2026 20:37:49,T0,T1,9.2ft,0.05s
4.24.2026 20:37:49,T0,T1,9.2ft,0.05s
4.24.2026 20:37:49,T0,T1,9.2ft,0.05s
4.24.2026 20:37:49,T0,T1,9.2ft,0.05s
4.24.2026 20:37:49,T0,T1,9.5ft,0.05s
4.24.2026 20:37:49,T0,T1,9.5ft,0.05s
4.24.2026 20:37:49,T0,T1,9.6ft,0.05s
4.24.2026 20:37:49,T0,T1,9.8ft,0.05s
4.24.2026 20:37:49,T0,T1,9.8ft,0.05s
4.24.2026 20:37:50,T0,T1,9.2ft,0.05s
4.24.2026 20:37:50,T0,T1,9.1ft,0.05s
4.24.2026 20:37:50,T0,T1,8.9ft,0.05s
4.24.2026 20:37:50,T0,T1,8.9ft,0.05s
4.24.2026 20:37:50,T0,T1,8.8ft,0.05s
4.24.2026 20:37:50,T0,T1,8.9ft,0.05s
4.24.2026 20:37:50,T0,T1,8.9ft,0.05s
4.24.2026 20:37:50,T0,T1,8.6ft,0.05s
4.24.2026 20:37:50,T0,T1,8.6ft,0.05s
4.24.2026 20:37:50,T0,T1,8.9ft,0.05s
4.24.2026 20:37:50,T0,T1,8.9ft,0.05s
4.24.2026 20:37:50,T0,T1,8.1ft,0.05s
4.24.2026 20:37:50,T0,T1,8.2ft,0.05s
4.24.2026 20:37:50,T0,T1,8.2ft,0.05s
4.24.2026 20:37:50,T0,T1,8.2ft,0.05s
4.24.2026 20:37:50,T0,T1,8.7ft,0.05s
4.24.2026 20:37:50,T0,T1,8.6ft,0.05s
4.24.2026 20:37:50,T0,T1,8.6ft,0.05s
4.24.2026 20:37:50,T0,T1,8.5ft,0.05s
4.24.2026 20:37:50,T0,T1,8.5ft,0.05s
4.24.2026 20:37:51,T0,T1,8.5ft,0.05s
4.24.2026 20:37:51,T0,T1,8.5ft,0.05s
4.24.2026 20:37:51,T0,T1,8.3ft,0.05s
4.24.2026 20:37:51,T0,T1,8.6ft,0.05s
4.24.2026 20:37:51,T0,T1,8.6ft,0.05s
4.24.2026 20:37:51,T0,T1,9.0ft,0.05s
4.24.2026 20:37:51,T0,T1,9.8ft,0.05s
4.24.2026 20:37:51,T0,T1,9.8ft,0.05s
4.24.2026 20:37:51,T0,T1,9.8ft,0.05s
4.24.2026 20:37:51,T0,T1,8.9ft,0.05s
4.24.2026 20:37:51,T0,T1,8.8ft,0.05s
4.24.2026 20:37:51,T0,T1,8.8ft,0.05s
4.24.2026 20:37:51,T0,T1,9.5ft,0.05s
4.24.2026 20:37:51,T0,T1,9.5ft,0.05s
4.24.2026 20:37:51,T0,T1,9.4ft,0.05s
4.24.2026 20:37:51,T0,T1,9.4ft,0.05s
4.24.2026 20:37:51,T0,T1,8.9ft,0.05s
4.24.2026 20:37:51,T0,T1,8.9ft,0.05s
4.24.2026 20:37:51,T0,T1,8.9ft,0.05s
4.24.2026 20:37:52,T0,T1,8.9ft,0.05s
4.24.2026 20:37:52,T0,T1,8.9ft,0.05s
4.24.2026 20:37:52,T0,T1,8.9ft,0.05s
4.24.2026 20:37:52,T0,T1,8.9ft,0.05s
4.24.2026 20:37:52,T0,T1,8.6ft,0.05s
4.24.2026 20:37:52,T0,T1,9.1ft,0.05s
4.24.2026 20:37:52,T0,T1,9.0ft,0.05s
4.24.2026 20:37:52,T0,T1,9.2ft,0.05s
4.24.2026 20:37:52,T0,T1,9.2ft,0.05s
4.24.2026 20:37:52,T0,T1,9.1ft,0.05s
4.24.2026 20:37:52,T0,T1,9.1ft,0.05s
4.24.2026 20:37:52,T0,T1,8.1ft,0.05s
4.24.2026 20:37:52,T0,T1,8.3ft,0.05s
4.24.2026 20:37:52,T0,T1,8.3ft,0.05s
4.24.2026 20:37:52,T0,T1,9.1ft,0.05s
4.24.2026 20:37:52,T0,T1,9.1ft,0.05s
4.24.2026 20:37:52,T0,T1,9.1ft,0.05s
4.24.2026 20:37:52,T0,T1,9.1ft,0.05s
4.24.2026 20:37:52,T0,T1,8.8ft,0.05s
4.24.2026 20:37:52,T0,T1,9.3ft,0.05s
4.24.2026 20:37:53,T0,T1,9.3ft,0.05s
4.24.2026 20:37:53,T0,T1,9.3ft,0.05s
4.24.2026 20:37:53,T0,T1,10.0ft,0.05s
4.24.2026 20:37:53,T0,T1,9.7ft,0.05s
4.24.2026 20:37:53,T0,T1,9.7ft,0.05s
4.24.2026 20:37:53,T0,T1,9.4ft,0.05s
4.24.2026 20:37:53,T0,T1,8.8ft,0.05s
4.24.2026 20:37:53,T0,T1,8.8ft,0.05s
4.24.2026 20:37:53,T0,T1,8.8ft,0.05s
4.24.2026 20:37:53,T0,T1,9.0ft,0.05s
4.24.2026 20:37:53,T0,T1,9.4ft,0.05s
4.24.2026 20:37:53,T0,T1,9.4ft,0.05s
4.24.2026 20:37:53,T0,T1,8.9ft,0.05s
4.24.2026 20:37:53,T0,T1,9.0ft,0.05s
4.24.2026 20:37:53,T0,T1,9.0ft,0.05s
4.24.2026 20:37:53,T0,T1,9.0ft,0.05s
4.24.2026 20:37:53,T0,T1,8.9ft,0.05s
4.24.2026 20:37:53,T0,T1,8.5ft,0.05s
4.24.2026 20:37:53,T0,T1,8.5ft,0.05s
4.24.2026 20:37:53,T0,T1,8.9ft,0.05s
4.24.2026 20:37:54,T0,T1,8.9ft,0.05s
4.24.2026 20:37:54,T0,T1,8.9ft,0.05s
4.24.2026 20:37:54,T0,T1,8.9ft,0.05s
4.24.2026 20:37:54,T0,T1,9.0ft,0.05s
4.24.2026 20:37:54,T0,T1,9.0ft,0.05s
4.24.2026 20:37:54,T0,T1,9.0ft,0.05s
4.24.2026 20:37:54,T0,T1,8.6ft,0.05s
4.24.2026 20:37:54,T0,T1,8.6ft,0.05s
4.24.2026 20:37:54,T0,T1,8.6ft,0.05s
4.24.2026 20:37:54,T0,T1,8.6ft,0.05s
4.24.2026 20:37:54,T0,T1,8.9ft,0.05s
4.24.2026 20:37:54,T0,T1,8.1ft,0.05s
4.24.2026 20:37:54,T0,T1,8.1ft,0.05s
4.24.2026 20:37:54,T0,T1,8.3ft,0.05s
4.24.2026 20:37:54,T0,T1,8.3ft,0.05s
4.24.2026 20:37:54,T0,T1,8.8ft,0.05s
4.24.2026 20:37:54,T0,T1,8.8ft,0.05s
4.24.2026 20:37:54,T0,T1,9.1ft,0.05s
4.24.2026 20:37:54,T0,T1,8.8ft,0.05s
4.24.2026 20:37:55,T0,T1,8.8ft,0.05s
4.24.2026 20:37:55,T0,T1,9.1ft,0.05s
4.24.2026 20:37:55,T0,T1,9.2ft,0.05s
4.24.2026 20:37:55,T0,T1,9.0ft,0.05s
4.24.2026 20:37:55,T0,T1,9.0ft,0.05s
4.24.2026 20:37:55,T0,T1,8.8ft,0.05s
4.24.2026 20:37:55,T0,T1,8.7ft,0.05s
4.24.2026 20:37:55,T0,T1,8.7ft,0.05s
4.24.2026 20:37:55,T0,T1,8.7ft,0.05s
4.24.2026 20:37:55,T0,T1,8.9ft,0.05s
4.24.2026 20:37:55,T0,T1,8.5ft,0.05s
4.24.2026 20:37:55,T0,T1,8.5ft,0.05s
4.24.2026 20:37:55,T0,T1,8.6ft,0.06s
4.24.2026 20:37:55,T0,T1,8.5ft,0.05s
4.24.2026 20:37:55,T0,T1,8.5ft,0.05s
4.24.2026 20:37:55,T0,T1,8.5ft,0.05s
4.24.2026 20:37:55,T0,T1,8.7ft,0.05s
4.24.2026 20:37:55,T0,T1,8.4ft,0.05s
4.24.2026 20:37:55,T0,T1,8.4ft,0.05s
4.24.2026 20:37:55,T0,T1,8.6ft,0.05s
4.24.2026 20:37:56,T0,T1,9.0ft,0.05s
4.24.2026 20:37:56,T0,T1,9.0ft,0.05s
4.24.2026 20:37:56,T0,T1,8.9ft,0.05s
4.24.2026 20:37:56,T0,T1,8.7ft,0.05s
4.24.2026 20:37:56,T0,T1,9.1ft,0.05s
4.24.2026 20:37:56,T0,T1,9.1ft,0.05s
4.24.2026 20:37:56,T0,T1,9.0ft,0.05s
4.24.2026 20:37:56,T0,T1,8.7ft,0.05s
4.24.2026 20:37:56,T0,T1,8.7ft,0.05s
4.24.2026 20:37:56,T0,T1,8.7ft,0.05s
4.24.2026 20:37:56,T0,T1,8.8ft,0.05s
4.24.2026 20:37:56,T0,T1,9.0ft,0.05s
4.24.2026 20:37:56,T0,T1,9.0ft,0.05s
4.24.2026 20:37:56,T0,T1,8.2ft,0.05s
4.24.2026 20:37:56,T0,T1,8.7ft,0.05s
4.24.2026 20:37:56,T0,T1,8.7ft,0.05s
4.24.2026 20:37:56,T0,T1,8.7ft,0.05s
4.24.2026 20:37:56,T0,T1,9.4ft,0.05s
4.24.2026 20:37:56,T0,T1,9.4ft,0.05s
4.24.2026 20:37:56,T0,T1,9.4ft,0.05s
4.24.2026 20:37:57,T0,T1,8.8ft,0.05s
4.24.2026 20:37:57,T0,T1,9.3ft,0.05s
4.24.2026 20:37:57,T0,T1,9.3ft,0.05s
4.24.2026 20:37:57,T0,T1,9.3ft,0.05s
4.24.2026 20:37:57,T0,T1,8.7ft,0.05s
4.24.2026 20:37:57,T0,T1,9.0ft,0.05s
4.24.2026 20:37:57,T0,T1,9.0ft,0.05s
4.24.2026 20:37:57,T0,T1,9.6ft,0.05s
4.24.2026 20:37:57,T0,T1,9.6ft,0.05s
4.24.2026 20:37:57,T0,T1,9.9ft,0.05s
4.24.2026 20:37:57,T0,T1,9.9ft,0.05s
4.24.2026 20:37:57,T0,T1,9.4ft,0.05s
4.24.2026 20:37:57,T0,T1,8.6ft,0.05s
4.24.2026 20:37:57,T0,T1,8.6ft,0.05s
4.24.2026 20:37:57,T0,T1,8.6ft,0.05s
4.24.2026 20:37:57,T0,T1,8.6ft,0.05s
4.24.2026 20:37:57,T0,T1,8.7ft,0.05s
4.24.2026 20:37:57,T0,T1,8.7ft,0.05s
4.24.2026 20:37:57,T0,T1,9.1ft,0.05s
4.24.2026 20:37:58,T0,T1,9.4ft,0.05s
4.24.2026 20:37:58,T0,T1,9.4ft,0.05s
4.24.2026 20:37:58,T0,T1,9.4ft,0.05s
4.24.2026 20:37:58,T0,T1,9.3ft,0.05s
4.24.2026 20:37:58,T0,T1,9.3ft,0.05s
4.24.2026 20:37:58,T0,T1,9.3ft,0.05s
4.24.2026 20:37:58,T0,T1,9.0ft,0.05s
4.24.2026 20:37:58,T0,T1,8.8ft,0.05s
4.24.2026 20:37:58,T0,T1,8.8ft,0.05s
4.24.2026 20:37:58,T0,T1,8.8ft,0.05s
4.24.2026 20:37:58,T0,T1,9.6ft,0.05s
4.24.2026 20:37:58,T0,T1,9.7ft,0.05s
4.24.2026 20:37:58,T0,T1,9.7ft,0.05s
4.24.2026 20:37:58,T0,T1,9.3ft,0.05s
4.24.2026 20:37:58,T0,T1,8.8ft,0.05s
4.24.2026 20:37:58,T0,T1,8.8ft,0.05s
4.24.2026 20:37:58,T0,T1,8.8ft,0.05s
4.24.2026 20:37:58,T0,T1,8.6ft,0.05s
4.24.2026 20:37:58,T0,T1,9.0ft,0.05s
4.24.2026 20:37:58,T0,T1,9.0ft,0.05s
4.24.2026 20:37:59,T0,T1,8.9ft,0.05s
4.24.2026 20:37:59,T0,T1,8.7ft,0.05s
4.24.2026 20:37:59,T0,T1,8.7ft,0.05s
4.24.2026 20:37:59,T0,T1,8.8ft,0.05s
4.24.2026 20:37:59,T0,T1,8.7ft,0.05s
4.24.2026 20:37:59,T0,T1,8.7ft,0.05s
4.24.2026 20:37:59,T0,T1,8.7ft,0.05s
4.24.2026 20:37:59,T0,T1,9.1ft,0.05s
4.24.2026 20:37:59,T0,T1,8.1ft,0.05s
4.24.2026 20:37:59,T0,T1,8.1ft,0.05s
4.24.2026 20:37:59,T0,T1,8.1ft,0.05s
4.24.2026 20:37:59,T0,T1,8.6ft,0.05s
4.24.2026 20:37:59,T0,T1,8.7ft,0.05s
4.24.2026 20:37:59,T0,T1,8.7ft,0.05s
4.24.2026 20:37:59,T0,T1,8.7ft,0.05s
4.24.2026 20:37:59,T0,T1,8.7ft,0.05s
4.24.2026 20:37:59,T0,T1,8.7ft,0.05s
4.24.2026 20:37:59,T0,T1,8.7ft,0.05s
4.24.2026 20:37:59,T0,T1,8.8ft,0.05s
4.24.2026 20:37:59,T0,T1,8.7ft,0.05s
4.24.2026 20:38:00,T0,T1,8.7ft,0.05s
4.24.2026 20:38:00,T0,T1,9.0ft,0.05s
4.24.2026 20:38:00,T0,T1,9.0ft,0.05s
4.24.2026 20:38:00,T0,T1,9.0ft,0.05s
4.24.2026 20:38:00,T0,T1,8.9ft,0.05s
4.24.2026 20:38:00,T0,T1,8.7ft,0.05s
4.24.2026 20:38:00,T0,T1,8.1ft,0.05s
4.24.2026 20:38:00,T0,T1,8.1ft,0.05s
4.24.2026 20:38:00,T0,T1,8.3ft,0.05s
4.24.2026 20:38:00,T0,T1,8.3ft,0.05s
4.24.2026 20:38:00,T0,T1,8.9ft,0.05s
4.24.2026 20:38:00,T0,T1,8.8ft,0.05s
4.24.2026 20:38:00,T0,T1,9.7ft,0.05s
4.24.2026 20:38:00,T0,T1,9.5ft,0.05s
4.24.2026 20:38:00,T0,T1,9.5ft,0.05s
4.24.2026 20:38:00,T0,T1,9.5ft,0.05s
4.24.2026 20:38:00,T0,T1,9.2ft,0.05s
4.24.2026 20:38:00,T0,T1,8.3ft,0.05s
4.24.2026 20:38:00,T0,T1,8.3ft,0.05s
4.24.2026 20:38:01,T0,T1,8.2ft,0.05s
4.24.2026 20:38:01,T0,T1,8.5ft,0.05s
4.24.2026 20:38:01,T0,T1,8.5ft,0.05s
4.24.2026 20:38:01,T0,T1,8.5ft,0.05s
4.24.2026 20:38:01,T0,T1,8.7ft,0.05s
4.24.2026 20:38:01,T0,T1,8.4ft,0.05s
4.24.2026 20:38:01,T0,T1,8.4ft,0.05s
4.24.2026 20:38:01,T0,T1,8.9ft,0.05s
4.24.2026 20:38:01,T0,T1,8.5ft,0.05s
4.24.2026 20:38:01,T0,T1,8.5ft,0.05s
4.24.2026 20:38:01,T0,T1,8.5ft,0.05s
4.24.2026 20:38:01,T0,T1,8.8ft,0.05s
4.24.2026 20:38:01,T0,T1,8.8ft,0.05s
4.24.2026 20:38:01,T0,T1,8.8ft,0.05s
4.24.2026 20:38:01,T0,T1,9.4ft,0.05s
4.24.2026 20:38:01,T0,T1,9.3ft,0.05s
4.24.2026 20:38:01,T0,T1,9.3ft,0.05s
4.24.2026 20:38:01,T0,T1,9.3ft,0.05s
4.24.2026 20:38:01,T0,T1,9.0ft,0.05s
4.24.2026 20:38:01,T0,T1,9.4ft,0.05s
4.24.2026 20:38:02,T0,T1,9.4ft,0.05s
4.24.2026 20:38:02,T0,T1,9.2ft,0.05s
4.24.2026 20:38:02,T0,T1,8.9ft,0.05s
4.24.2026 20:38:02,T0,T1,8.9ft,0.05s
4.24.2026 20:38:02,T0,T1,8.9ft,0.05s
4.24.2026 20:38:02,T0,T1,8.9ft,0.05s
4.24.2026 20:38:02,T0,T1,8.9ft,0.05s
4.24.2026 20:38:02,T0,T1,8.9ft,0.05s
4.24.2026 20:38:02,T0,T1,9.1ft,0.05s
4.24.2026 20:38:02,T0,T1,9.1ft,0.05s
4.24.2026 20:38:02,T0,T1,9.4ft,0.05s
4.24.2026 20:38:02,T0,T1,9.4ft,0.05s
4.24.2026 20:38:02,T0,T1,8.8ft,0.05s
4.24.2026 20:38:02,T0,T1,8.5ft,0.05s
4.24.2026 20:38:02,T0,T1,8.5ft,0.05s
4.24.2026 20:38:02,T0,T1,8.9ft,0.05s
4.24.2026 20:38:02,T0,T1,8.9ft,0.05s
4.24.2026 20:38:02,T0,T1,9.5ft,0.05s
4.24.2026 20:38:02,T0,T1,9.5ft,0.05s
4.24.2026 20:38:02,T0,T1,9.4ft,0.05s
4.24.2026 20:38:03,T0,T1,9.1ft,0.05s
4.24.2026 20:38:03,T0,T1,9.1ft,0.05s
4.24.2026 20:38:03,T0,T1,8.3ft,0.05s
4.24.2026 20:38:03,T0,T1,8.3ft,0.05s
4.24.2026 20:38:03,T0,T1,7.9ft,0.05s
4.24.2026 20:38:03,T0,T1,7.9ft,0.05s
4.24.2026 20:38:03,T0,T1,7.9ft,0.05s
4.24.2026 20:38:03,T0,T1,8.9ft,0.05s
4.24.2026 20:38:03,T0,T1,8.9ft,0.05s
4.24.2026 20:38:03,T0,T1,8.9ft,0.05s
4.24.2026 20:38:03,T0,T1,8.4ft,0.05s
4.24.2026 20:38:03,T0,T1,8.4ft,0.05s
4.24.2026 20:38:03,T0,T1,8.4ft,0.05s
4.24.2026 20:38:03,T0,T1,7.8ft,0.05s
4.24.2026 20:38:03,T0,T1,8.5ft,0.05s
4.24.2026 20:38:03,T0,T1,8.5ft,0.05s
4.24.2026 20:38:03,T0,T1,8.5ft,0.05s
4.24.2026 20:38:03,T0,T1,8.1ft,0.05s
4.24.2026 20:38:03,T0,T1,8.2ft,0.05s
4.24.2026 20:38:04,T0,T1,8.2ft,0.05s
4.24.2026 20:38:04,T0,T1,8.4ft,0.05s
4.24.2026 20:38:04,T0,T1,8.0ft,0.05s
4.24.2026 20:38:04,T0,T1,8.0ft,0.05s
4.24.2026 20:38:04,T0,T1,8.0ft,0.05s
4.24.2026 20:38:04,T0,T1,6.4ft,0.05s
4.24.2026 20:38:04,T0,T1,5.7ft,0.05s
4.24.2026 20:38:04,T0,T1,5.7ft,0.05s
4.24.2026 20:38:04,T0,T1,5.7ft,0.05s
4.24.2026 20:38:04,T0,T1,5.7ft,0.05s
4.24.2026 20:38:04,T0,T1,5.7ft,0.05s
4.24.2026 20:38:04,T0,T1,5.7ft,0.05s
4.24.2026 20:38:04,T0,T1,5.5ft,0.05s
4.24.2026 20:38:04,T0,T1,5.9ft,0.05s
4.24.2026 20:38:04,T0,T1,6.0ft,0.05s
4.24.2026 20:38:04,T0,T1,5.7ft,0.05s
4.24.2026 20:38:04,T0,T1,5.5ft,0.05s
4.24.2026 20:38:04,T0,T1,5.5ft,0.05s
4.24.2026 20:38:04,T0,T1,5.5ft,0.05s
4.24.2026 20:38:04,T0,T1,5.2ft,0.05s
4.24.2026 20:38:05,T0,T1,5.2ft,0.05s
4.24.2026 20:38:05,T0,T1,5.2ft,0.05s
4.24.2026 20:38:05,T0,T1,5.2ft,0.05s
4.24.2026 20:38:05,T0,T1,5.3ft,0.05s
4.24.2026 20:38:05,T0,T1,5.2ft,0.05s
4.24.2026 20:38:05,T0,T1,5.2ft,0.05s
4.24.2026 20:38:05,T0,T1,5.6ft,0.05s
4.24.2026 20:38:05,T0,T1,6.9ft,0.05s
4.24.2026 20:38:05,T0,T1,6.9ft,0.05s
4.24.2026 20:38:05,T0,T1,6.0ft,0.05s
4.24.2026 20:38:05,T0,T1,6.0ft,0.05s
4.24.2026 20:38:05,T0,T1,7.0ft,0.05s
4.24.2026 20:38:05,T0,T1,7.0ft,0.05s
4.24.2026 20:38:05,T0,T1,8.0ft,0.05s
4.24.2026 20:38:05,T0,T1,7.9ft,0.05s
4.24.2026 20:38:05,T0,T1,7.9ft,0.05s
4.24.2026 20:38:05,T0,T1,7.9ft,0.05s
4.24.2026 20:38:05,T0,T1,7.6ft,0.05s
4.24.2026 20:38:05,T0,T1,7.0ft,0.05s
4.24.2026 20:38:06,T0,T1,7.0ft,0.05s
4.24.2026 20:38:06,T0,T1,7.0ft,0.05s
4.24.2026 20:38:06,T0,T1,7.3ft,0.05s
4.24.2026 20:38:06,T0,T1,7.3ft,0.05s
4.24.2026 20:38:06,T0,T1,7.3ft,0.05s
4.24.2026 20:38:06,T0,T1,7.4ft,0.05s
4.24.2026 20:38:06,T0,T1,6.9ft,0.05s
4.24.2026 20:38:06,T0,T1,7.2ft,0.05s
4.24.2026 20:38:06,T0,T1,6.6ft,0.05s
4.24.2026 20:38:06,T0,T1,6.3ft,0.05s
4.24.2026 20:38:06,T0,T1,6.3ft,0.05s
4.24.2026 20:38:06,T0,T1,6.2ft,0.05s
4.24.2026 20:38:06,T0,T1,7.0ft,0.05s
4.24.2026 20:38:06,T0,T1,7.1ft,0.05s
4.24.2026 20:38:06,T0,T1,7.1ft,0.05s
4.24.2026 20:38:06,T0,T1,6.2ft,0.05s
4.24.2026 20:38:06,T0,T1,7.1ft,0.05s
4.24.2026 20:38:06,T0,T1,7.1ft,0.05s
4.24.2026 20:38:06,T0,T1,7.1ft,0.05s
4.24.2026 20:38:06,T0,T1,6.6ft,0.05s
4.24.2026 20:38:07,T0,T1,5.9ft,0.05s
4.24.2026 20:38:07,T0,T1,5.9ft,0.05s
4.24.2026 20:38:07,T0,T1,6.1ft,0.05s
4.24.2026 20:38:07,T0,T1,5.4ft,0.05s
4.24.2026 20:38:07,T0,T1,5.4ft,0.05s
4.24.2026 20:38:07,T0,T1,5.4ft,0.05s
4.24.2026 20:38:07,T0,T1,5.2ft,0.05s
4.24.2026 20:38:07,T0,T1,5.2ft,0.05s
4.24.2026 20:38:07,T0,T1,5.2ft,0.05s
4.24.2026 20:38:07,T0,T1,5.2ft,0.05s
4.24.2026 20:38:07,T0,T1,5.2ft,0.05s
4.24.2026 20:38:07,T0,T1,6.2ft,0.05s
4.24.2026 20:38:07,T0,T1,6.2ft,0.05s
4.24.2026 20:38:07,T0,T1,6.3ft,0.05s
4.24.2026 20:38:07,T0,T1,6.5ft,0.05s
4.24.2026 20:38:07,T0,T1,6.7ft,0.05s
4.24.2026 20:38:07,T0,T1,6.9ft,0.05s
4.24.2026 20:38:07,T0,T1,6.9ft,0.05s
4.24.2026 20:38:07,T0,T1,7.6ft,0.05s
4.24.2026 20:38:07,T0,T1,7.6ft,0.05s
4.24.2026 20:38:08,T0,T1,7.5ft,0.05s
4.24.2026 20:38:08,T0,T1,7.6ft,0.05s
4.24.2026 20:38:08,T0,T1,7.6ft,0.05s
4.24.2026 20:38:08,T0,T1,7.6ft,0.05s
4.24.2026 20:38:08,T0,T1,7.6ft,0.05s
4.24.2026 20:38:08,T0,T1,7.9ft,0.05s
4.24.2026 20:38:08,T0,T1,8.2ft,0.05s
4.24.2026 20:38:08,T0,T1,8.2ft,0.05s
4.24.2026 20:38:08,T0,T1,7.9ft,0.05s
4.24.2026 20:38:08,T0,T1,7.9ft,0.05s
4.24.2026 20:38:08,T0,T1,8.3ft,0.05s
4.24.2026 20:38:08,T0,T1,8.3ft,0.05s
4.24.2026 20:38:08,T0,T1,7.9ft,0.05s
4.24.2026 20:38:08,T0,T1,7.8ft,0.05s
4.24.2026 20:38:08,T0,T1,8.0ft,0.05s
4.24.2026 20:38:08,T0,T1,8.0ft,0.05s
4.24.2026 20:38:08,T0,T1,8.0ft,0.05s
4.24.2026 20:38:08,T0,T1,7.8ft,0.05s
4.24.2026 20:38:08,T0,T1,7.3ft,0.05s
4.24.2026 20:38:09,T0,T1,7.0ft,0.05s
4.24.2026 20:38:09,T0,T1,6.9ft,0.05s
4.24.2026 20:38:09,T0,T1,6.8ft,0.05s
4.24.2026 20:38:09,T0,T1,7.1ft,0.05s
4.24.2026 20:38:09,T0,T1,7.1ft,0.05s
4.24.2026 20:38:09,T0,T1,7.1ft,0.05s
4.24.2026 20:38:09,T0,T1,7.9ft,0.05s
4.24.2026 20:38:09,T0,T1,7.2ft,0.05s
4.24.2026 20:38:09,T0,T1,7.2ft,0.05s
4.24.2026 20:38:09,T0,T1,6.8ft,0.05s
4.24.2026 20:38:09,T0,T1,6.9ft,0.05s
4.24.2026 20:38:09,T0,T1,6.9ft,0.05s
4.24.2026 20:38:09,T0,T1,6.8ft,0.05s
4.24.2026 20:38:09,T0,T1,7.0ft,0.05s
4.24.2026 20:38:09,T0,T1,7.5ft,0.05s
4.24.2026 20:38:09,T0,T1,7.5ft,0.05s
4.24.2026 20:38:09,T0,T1,7.2ft,0.05s
4.24.2026 20:38:09,T0,T1,6.9ft,0.05s
4.24.2026 20:38:09,T0,T1,6.9ft,0.05s
4.24.2026 20:38:09,T0,T1,6.9ft,0.05s
4.24.2026 20:38:10,T0,T1,6.5ft,0.05s
4.24.2026 20:38:10,T0,T1,7.1ft,0.05s
4.24.2026 20:38:10,T0,T1,7.1ft,0.05s
4.24.2026 20:38:10,T0,T1,7.1ft,0.05s
4.24.2026 20:38:10,T0,T1,6.7ft,0.05s
4.24.2026 20:38:10,T0,T1,6.7ft,0.05s
4.24.2026 20:38:10,T0,T1,6.7ft,0.05s
4.24.2026 20:38:10,T0,T1,6.2ft,0.05s
4.24.2026 20:38:10,T0,T1,5.6ft,0.05s
4.24.2026 20:38:10,T0,T1,5.6ft,0.05s
4.24.2026 20:38:10,T0,T1,5.9ft,0.05s
4.24.2026 20:38:10,T0,T1,5.3ft,0.05s
4.24.2026 20:38:10,T0,T1,5.3ft,0.05s
4.24.2026 20:38:10,T0,T1,5.3ft,0.05s
4.24.2026 20:38:10,T0,T1,5.3ft,0.05s
4.24.2026 20:38:10,T0,T1,4.9ft,0.05s
4.24.2026 20:38:10,T0,T1,4.9ft,0.05s
4.24.2026 20:38:10,T0,T1,4.9ft,0.05s
4.24.2026 20:38:10,T0,T1,5.1ft,0.05s
4.24.2026 20:38:10,T0,T1,6.5ft,0.05s
4.24.2026 20:38:11,T0,T1,6.4ft,0.05s
4.24.2026 20:38:11,T0,T1,6.3ft,0.05s
4.24.2026 20:38:11,T0,T1,6.1ft,0.05s
4.24.2026 20:38:11,T0,T1,6.1ft,0.05s
4.24.2026 20:38:11,T0,T1,6.4ft,0.05s
4.24.2026 20:38:11,T0,T1,6.4ft,0.05s
4.24.2026 20:38:11,T0,T1,6.6ft,0.05s
4.24.2026 20:38:11,T0,T1,6.6ft,0.05s
4.24.2026 20:38:11,T0,T1,6.0ft,0.05s
4.24.2026 20:38:11,T0,T1,5.9ft,0.05s
4.24.2026 20:38:11,T0,T1,5.9ft,0.05s
4.24.2026 20:38:11,T0,T1,5.9ft,0.05s
4.24.2026 20:38:11,T0,T1,5.9ft,0.05s
4.24.2026 20:38:11,T0,T1,5.9ft,0.05s
4.24.2026 20:38:11,T0,T1,5.8ft,0.05s
4.24.2026 20:38:11,T0,T1,5.3ft,0.05s
4.24.2026 20:38:11,T0,T1,5.3ft,0.05s
4.24.2026 20:38:11,T0,T1,5.3ft,0.05s
4.24.2026 20:38:11,T0,T1,5.3ft,0.05s
4.24.2026 20:38:12,T0,T1,4.9ft,0.05s
4.24.2026 20:38:12,T0,T1,4.9ft,0.05s
4.24.2026 20:38:12,T0,T1,5.0ft,0.05s
4.24.2026 20:38:12,T0,T1,5.0ft,0.05s
4.24.2026 20:38:12,T0,T1,4.8ft,0.05s
4.24.2026 20:38:12,T0,T1,4.8ft,0.05s
4.24.2026 20:38:12,T0,T1,4.8ft,0.05s
4.24.2026 20:38:12,T0,T1,4.5ft,0.05s
4.24.2026 20:38:12,T0,T1,4.6ft,0.05s
4.24.2026 20:38:12,T0,T1,4.5ft,0.05s
4.24.2026 20:38:12,T0,T1,4.4ft,0.05s
4.24.2026 20:38:12,T0,T1,4.3ft,0.05s
4.24.2026 20:38:12,T0,T1,4.3ft,0.05s
4.24.2026 20:38:12,T0,T1,4.2ft,0.05s
4.24.2026 20:38:12,T0,T1,4.1ft,0.05s
4.24.2026 20:38:12,T0,T1,4.1ft,0.05s
4.24.2026 20:38:12,T0,T1,4.0ft,0.05s
4.24.2026 20:38:12,T0,T1,4.0ft,0.05s
4.24.2026 20:38:12,T0,T1,4.0ft,0.05s
4.24.2026 20:38:12,T0,T1,4.0ft,0.05s
4.24.2026 20:38:13,T0,T1,4.1ft,0.05s
4.24.2026 20:38:13,T0,T1,4.1ft,0.05s
4.24.2026 20:38:13,T0,T1,4.0ft,0.05s
4.24.2026 20:38:13,T0,T1,4.1ft,0.05s
4.24.2026 20:38:13,T0,T1,4.0ft,0.05s
4.24.2026 20:38:13,T0,T1,4.1ft,0.05s
4.24.2026 20:38:13,T0,T1,4.1ft,0.05s
4.24.2026 20:38:13,T0,T1,4.1ft,0.05s
4.24.2026 20:38:13,T0,T1,4.1ft,0.05s
4.24.2026 20:38:13,T0,T1,4.2ft,0.05s
4.24.2026 20:38:13,T0,T1,4.2ft,0.05s
4.24.2026 20:38:13,T0,T1,4.2ft,0.05s
4.24.2026 20:38:13,T0,T1,4.2ft,0.05s
4.24.2026 20:38:13,T0,T1,4.2ft,0.05s
4.24.2026 20:38:13,T0,T1,4.2ft,0.05s
4.24.2026 20:38:13,T0,T1,4.1ft,0.05s
4.24.2026 20:38:13,T0,T1,4.1ft,0.05s
4.24.2026 20:38:13,T0,T1,4.1ft,0.06s
4.24.2026 20:38:13,T0,T1,4.1ft,0.05s
4.24.2026 20:38:14,T0,T1,4.1ft,0.05s
4.24.2026 20:38:14,T0,T1,4.2ft,0.05s
4.24.2026 20:38:14,T0,T1,4.2ft,0.05s
4.24.2026 20:38:14,T0,T1,4.3ft,0.05s
4.24.2026 20:38:14,T0,T1,4.4ft,0.05s
4.24.2026 20:38:14,T0,T1,4.4ft,0.05s
4.24.2026 20:38:14,T0,T1,4.4ft,0.05s
4.24.2026 20:38:14,T0,T1,4.5ft,0.05s
4.24.2026 20:38:14,T0,T1,4.7ft,0.05s
4.24.2026 20:38:14,T0,T1,4.7ft,0.05s
4.24.2026 20:38:14,T0,T1,4.8ft,0.05s
4.24.2026 20:38:14,T0,T1,4.8ft,0.05s
4.24.2026 20:38:14,T0,T1,4.8ft,0.06s
4.24.2026 20:38:14,T0,T1,4.8ft,0.05s
4.24.2026 20:38:14,T0,T1,4.8ft,0.05s
4.24.2026 20:38:14,T0,T1,5.0ft,0.05s
4.24.2026 20:38:14,T0,T1,5.0ft,0.05s
4.24.2026 20:38:14,T0,T1,4.8ft,0.05s
4.24.2026 20:38:14,T0,T1,4.5ft,0.05s
4.24.2026 20:38:14,T0,T1,4.5ft,0.05s
4.24.2026 20:38:15,T0,T1,4.5ft,0.05s
4.24.2026 20:38:15,T0,T1,4.3ft,0.05s
4.24.2026 20:38:15,T0,T1,4.3ft,0.05s
4.24.2026 20:38:15,T0,T1,4.3ft,0.05s
4.24.2026 20:38:15,T0,T1,4.3ft,0.05s
4.24.2026 20:38:15,T0,T1,4.6ft,0.05s
4.24.2026 20:38:15,T0,T1,4.6ft,0.05s
4.24.2026 20:38:15,T0,T1,4.6ft,0.05s
4.24.2026 20:38:15,T0,T1,4.6ft,0.05s
4.24.2026 20:38:15,T0,T1,4.7ft,0.05s
4.24.2026 20:38:15,T0,T1,4.7ft,0.05s
4.24.2026 20:38:15,T0,T1,4.7ft,0.05s
4.24.2026 20:38:15,T0,T1,4.8ft,0.05s
4.24.2026 20:38:15,T0,T1,4.8ft,0.05s
4.24.2026 20:38:15,T0,T1,4.8ft,0.05s
4.24.2026 20:38:15,T0,T1,4.8ft,0.05s
4.24.2026 20:38:15,T0,T1,4.8ft,0.05s
4.24.2026 20:38:15,T0,T1,4.8ft,0.05s
4.24.2026 20:38:15,T0,T1,4.9ft,0.05s
4.24.2026 20:38:15,T0,T1,4.8ft,0.05s
4.24.2026 20:38:16,T0,T1,4.8ft,0.05s
4.24.2026 20:38:16,T0,T1,4.8ft,0.05s
4.24.2026 20:38:16,T0,T1,4.8ft,0.05s
4.24.2026 20:38:16,T0,T1,4.8ft,0.05s
4.24.2026 20:38:16,T0,T1,4.8ft,0.05s
4.24.2026 20:38:16,T0,T1,4.7ft,0.05s
4.24.2026 20:38:16,T0,T1,4.7ft,0.05s
4.24.2026 20:38:16,T0,T1,4.7ft,0.05s
4.24.2026 20:38:16,T0,T1,4.7ft,0.05s
4.24.2026 20:38:16,T0,T1,4.6ft,0.05s
4.24.2026 20:38:16,T0,T1,4.3ft,0.05s
4.24.2026 20:38:16,T0,T1,4.3ft,0.05s
4.24.2026 20:38:16,T0,T1,4.3ft,0.05s
4.24.2026 20:38:16,T0,T1,4.3ft,0.05s
4.24.2026 20:38:16,T0,T1,4.3ft,0.05s
4.24.2026 20:38:16,T0,T1,4.2ft,0.05s
4.24.2026 20:38:16,T0,T1,4.2ft,0.05s
4.24.2026 20:38:16,T0,T1,4.2ft,0.05s
4.24.2026 20:38:16,T0,T1,4.2ft,0.05s
4.24.2026 20:38:17,T0,T1,4.1ft,0.05s
4.24.2026 20:38:17,T0,T1,4.1ft,0.05s
4.24.2026 20:38:17,T0,T1,4.1ft,0.05s
4.24.2026 20:38:17,T0,T1,4.2ft,0.05s
4.24.2026 20:38:17,T0,T1,4.2ft,0.05s
4.24.2026 20:38:17,T0,T1,4.2ft,0.05s
4.24.2026 20:38:17,T0,T1,4.2ft,0.05s
4.24.2026 20:38:17,T0,T1,4.2ft,0.05s
4.24.2026 20:38:17,T0,T1,4.2ft,0.05s
4.24.2026 20:38:17,T0,T1,4.2ft,0.05s
4.24.2026 20:38:17,T0,T1,4.3ft,0.05s
4.24.2026 20:38:17,T0,T1,4.3ft,0.05s
4.24.2026 20:38:17,T0,T1,4.3ft,0.05s
4.24.2026 20:38:17,T0,T1,4.3ft,0.05s
4.24.2026 20:38:17,T0,T1,4.3ft,0.05s
4.24.2026 20:38:17,T0,T1,4.3ft,0.05s
4.24.2026 20:38:17,T0,T1,4.3ft,0.05s
4.24.2026 20:38:17,T0,T1,4.3ft,0.05s
4.24.2026 20:38:17,T0,T1,4.3ft,0.05s
4.24.2026 20:38:17,T0,T1,4.3ft,0.05s
4.24.2026 20:38:18,T0,T1,4.3ft,0.05s
4.24.2026 20:38:18,T0,T1,4.3ft,0.05s
4.24.2026 20:38:18,T0,T1,4.3ft,0.05s
4.24.2026 20:38:18,T0,T1,4.3ft,0.05s
4.24.2026 20:38:18,T0,T1,4.3ft,0.05s
4.24.2026 20:38:18,T0,T1,4.3ft,0.05s
4.24.2026 20:38:18,T0,T1,4.3ft,0.05s
4.24.2026 20:38:18,T0,T1,4.3ft,0.05s
4.24.2026 20:38:18,T0,T1,4.3ft,0.05s
4.24.2026 20:38:18,T0,T1,4.3ft,0.05s
4.24.2026 20:38:18,T0,T1,4.3ft,0.05s
4.24.2026 20:38:18,T0,T1,4.3ft,0.05s
4.24.2026 20:38:18,T0,T1,4.3ft,0.05s
4.24.2026 20:38:18,T0,T1,4.3ft,0.05s
4.24.2026 20:38:18,T0,T1,4.3ft,0.05s
4.24.2026 20:38:18,T0,T1,4.2ft,0.05s
4.24.2026 20:38:18,T0,T1,4.2ft,0.05s
4.24.2026 20:38:18,T0,T1,4.3ft,0.05s
4.24.2026 20:38:18,T0,T1,4.3ft,0.05s
4.24.2026 20:38:19,T0,T1,4.3ft,0.05s
4.24.2026 20:38:19,T0,T1,4.3ft,0.05s
4.24.2026 20:38:19,T0,T1,4.3ft,0.05s
4.24.2026 20:38:19,T0,T1,4.3ft,0.05s
4.24.2026 20:38:19,T0,T1,4.3ft,0.05s
4.24.2026 20:38:19,T0,T1,4.3ft,0.05s
4.24.2026 20:38:19,T0,T1,4.3ft,0.05s
4.24.2026 20:38:19,T0,T1,4.3ft,0.05s
4.24.2026 20:38:19,T0,T1,4.2ft,0.05s
4.24.2026 20:38:19,T0,T1,4.2ft,0.05s
4.24.2026 20:38:19,T0,T1,4.3ft,0.05s
4.24.2026 20:38:19,T0,T1,4.3ft,0.05s
4.24.2026 20:38:19,T0,T1,4.3ft,0.05s
4.24.2026 20:38:19,T0,T1,4.3ft,0.05s
4.24.2026 20:38:19,T0,T1,4.3ft,0.05s
4.24.2026 20:38:19,T0,T1,4.3ft,0.05s
4.24.2026 20:38:19,T0,T1,4.3ft,0.05s
4.24.2026 20:38:19,T0,T1,4.3ft,0.05s
4.24.2026 20:38:19,T0,T1,4.3ft,0.05s
4.24.2026 20:38:19,T0,T1,4.3ft,0.05s
4.24.2026 20:38:20,T0,T1,4.3ft,0.05s
4.24.2026 20:38:20,T0,T1,4.3ft,0.05s
4.24.2026 20:38:20,T0,T1,4.3ft,0.05s
4.24.2026 20:38:20,T0,T1,4.4ft,0.05s
4.24.2026 20:38:20,T0,T1,4.3ft,0.05s
4.24.2026 20:38:20,T0,T1,4.4ft,0.05s
4.24.2026 20:38:20,T0,T1,4.3ft,0.05s
4.24.2026 20:38:20,T0,T1,4.3ft,0.06s
4.24.2026 20:38:20,T0,T1,4.3ft,0.05s
4.24.2026 20:38:20,T0,T1,4.3ft,0.05s
4.24.2026 20:38:20,T0,T1,4.3ft,0.05s
4.24.2026 20:38:20,T0,T1,4.3ft,0.05s
4.24.2026 20:38:20,T0,T1,4.3ft,0.05s
4.24.2026 20:38:20,T0,T1,4.3ft,0.05s
4.24.2026 20:38:20,T0,T1,4.3ft,0.05s
4.24.2026 20:38:20,T0,T1,4.3ft,0.05s
4.24.2026 20:38:20,T0,T1,4.3ft,0.05s
4.24.2026 20:38:20,T0,T1,4.3ft,0.05s
4.24.2026 20:38:20,T0,T1,4.3ft,0.05s
4.24.2026 20:38:20,T0,T1,4.3ft,0.05s
4.24.2026 20:38:21,T0,T1,4.3ft,0.05s
4.24.2026 20:38:21,T0,T1,4.3ft,0.05s
4.24.2026 20:38:21,T0,T1,4.3ft,0.05s
4.24.2026 20:38:21,T0,T1,4.3ft,0.05s
4.24.2026 20:38:21,T0,T1,4.3ft,0.05s
4.24.2026 20:38:21,T0,T1,4.3ft,0.05s
4.24.2026 20:38:21,T0,T1,4.3ft,0.05s
4.24.2026 20:38:21,T0,T1,4.3ft,0.05s
4.24.2026 20:38:21,T0,T1,4.3ft,0.05s
4.24.2026 20:38:21,T0,T1,4.3ft,0.05s
4.24.2026 20:38:21,T0,T1,4.3ft,0.05s
4.24.2026 20:38:21,T0,T1,4.3ft,0.05s
4.24.2026 20:38:21,T0,T1,4.3ft,0.05s
4.24.2026 20:38:21,T0,T1,4.3ft,0.05s
4.24.2026 20:38:21,T0,T1,4.3ft,0.05s
4.24.2026 20:38:21,T0,T1,4.3ft,0.05s
4.24.2026 20:38:21,T0,T1,4.3ft,0.05s
4.24.2026 20:38:21,T0,T1,4.3ft,0.05s
4.24.2026 20:38:21,T0,T1,4.3ft,0.05s
4.24.2026 20:38:22,T0,T1,4.3ft,0.05s
4.24.2026 20:38:22,T0,T1,4.3ft,0.05s
4.24.2026 20:38:22,T0,T1,4.3ft,0.05s
4.24.2026 20:38:22,T0,T1,4.3ft,0.05s
4.24.2026 20:38:22,T0,T1,4.3ft,0.05s
4.24.2026 20:38:22,T0,T1,4.3ft,0.05s
4.24.2026 20:38:22,T0,T1,4.3ft,0.05s
4.24.2026 20:38:22,T0,T1,4.3ft,0.05s
4.24.2026 20:38:22,T0,T1,4.3ft,0.05s
4.24.2026 20:38:22,T0,T1,4.3ft,0.05s
4.24.2026 20:38:22,T0,T1,4.3ft,0.05s
4.24.2026 20:38:22,T0,T1,4.3ft,0.05s
4.24.2026 20:38:22,T0,T1,4.3ft,0.05s
4.24.2026 20:38:22,T0,T1,4.3ft,0.05s
4.24.2026 20:38:22,T0,T1,4.3ft,0.05s
4.24.2026 20:38:22,T0,T1,4.3ft,0.05s
4.24.2026 20:38:22,T0,T1,4.3ft,0.05s
4.24.2026 20:38:22,T0,T1,4.3ft,0.05s
4.24.2026 20:38:22,T0,T1,4.3ft,0.05s
4.24.2026 20:38:22,T0,T1,4.3ft,0.05s
4.24.2026 20:38:23,T0,T1,4.3ft,0.05s
4.24.2026 20:38:23,T0,T1,4.3ft,0.05s
4.24.2026 20:38:23,T0,T1,4.3ft,0.05s
4.24.2026 20:38:23,T0,T1,4.3ft,0.05s
4.24.2026 20:38:23,T0,T1,4.3ft,0.05s
4.24.2026 20:38:23,T0,T1,4.3ft,0.05s
4.24.2026 20:38:23,T0,T1,4.3ft,0.05s
4.24.2026 20:38:23,T0,T1,4.3ft,0.05s
4.24.2026 20:38:23,T0,T1,4.3ft,0.05s
4.24.2026 20:38:23,T0,T1,4.3ft,0.05s
4.24.2026 20:38:23,T0,T1,4.3ft,0.05s
4.24.2026 20:38:23,T0,T1,4.3ft,0.05s
4.24.2026 20:38:23,T0,T1,4.3ft,0.05s
4.24.2026 20:38:23,T0,T1,4.3ft,0.05s
4.24.2026 20:38:23,T0,T1,4.3ft,0.05s
4.24.2026 20:38:23,T0,T1,4.3ft,0.05s
4.24.2026 20:38:23,T0,T1,4.3ft,0.05s
4.24.2026 20:38:23,T0,T1,4.4ft,0.05s
4.24.2026 20:38:23,T0,T1,4.3ft,0.05s
4.24.2026 20:38:23,T0,T1,4.3ft,0.05s
4.24.2026 20:38:24,T0,T1,4.3ft,0.05s
4.24.2026 20:38:24,T0,T1,4.3ft,0.05s
4.24.2026 20:38:24,T0,T1,4.3ft,0.05s
4.24.2026 20:38:24,T0,T1,4.3ft,0.05s
4.24.2026 20:38:24,T0,T1,4.3ft,0.05s
4.24.2026 20:38:24,T0,T1,4.3ft,0.05s
4.24.2026 20:38:24,T0,T1,4.3ft,0.05s
4.24.2026 20:38:24,T0,T1,4.3ft,0.05s
4.24.2026 20:38:24,T0,T1,4.3ft,0.05s
4.24.2026 20:38:24,T0,T1,4.3ft,0.05s
4.24.2026 20:38:24,T0,T1,4.3ft,0.05s
4.24.2026 20:38:24,T0,T1,4.3ft,0.05s
4.24.2026 20:38:24,T0,T1,4.3ft,0.05s
4.24.2026 20:38:24,T0,T1,4.3ft,0.05s
4.24.2026 20:38:24,T0,T1,4.3ft,0.05s
4.24.2026 20:38:24,T0,T1,4.3ft,0.05s
4.24.2026 20:38:24,T0,T1,4.3ft,0.05s
4.24.2026 20:38:24,T0,T1,4.2ft,0.05s
4.24.2026 20:38:24,T0,T1,4.2ft,0.05s
4.24.2026 20:38:25,T0,T1,4.2ft,0.05s
4.24.2026 20:38:25,T0,T1,4.2ft,0.05s
4.24.2026 20:38:25,T0,T1,4.3ft,0.05s
4.24.2026 20:38:25,T0,T1,4.3ft,0.05s
4.24.2026 20:38:25,T0,T1,4.3ft,0.05s
4.24.2026 20:38:25,T0,T1,4.3ft,0.05s
4.24.2026 20:38:25,T0,T1,4.3ft,0.05s
4.24.2026 20:38:25,T0,T1,4.3ft,0.05s
4.24.2026 20:38:25,T0,T1,4.3ft,0.05s
4.24.2026 20:38:25,T0,T1,4.3ft,0.05s
4.24.2026 20:38:25,T0,T1,4.3ft,0.05s
4.24.2026 20:38:25,T0,T1,4.3ft,0.05s
4.24.2026 20:38:25,T0,T1,4.3ft,0.05s
4.24.2026 20:38:25,T0,T1,4.3ft,0.05s
4.24.2026 20:38:25,T0,T1,4.3ft,0.05s
4.24.2026 20:38:25,T0,T1,4.3ft,0.05s
4.24.2026 20:38:25,T0,T1,4.3ft,0.05s
4.24.2026 20:38:25,T0,T1,4.3ft,0.05s
4.24.2026 20:38:25,T0,T1,4.3ft,0.05s
4.24.2026 20:38:25,T0,T1,4.3ft,0.05s
4.24.2026 20:38:26,T0,T1,4.3ft,0.05s
4.24.2026 20:38:26,T0,T1,4.3ft,0.05s
4.24.2026 20:38:26,T0,T1,4.3ft,0.06s
4.24.2026 20:38:26,T0,T1,4.3ft,0.05s
4.24.2026 20:38:26,T0,T1,4.3ft,0.05s
4.24.2026 20:38:26,T0,T1,4.3ft,0.05s
4.24.2026 20:38:26,T0,T1,4.3ft,0.05s
4.24.2026 20:38:26,T0,T1,4.3ft,0.05s
4.24.2026 20:38:26,T0,T1,4.3ft,0.05s
4.24.2026 20:38:26,T0,T1,4.3ft,0.05s
4.24.2026 20:38:26,T0,T1,4.3ft,0.05s
4.24.2026 20:38:26,T0,T1,4.3ft,0.05s
4.24.2026 20:38:26,T0,T1,4.3ft,0.05s
4.24.2026 20:38:26,T0,T1,4.2ft,0.05s
4.24.2026 20:38:26,T0,T1,4.2ft,0.05s
4.24.2026 20:38:26,T0,T1,4.2ft,0.05s
4.24.2026 20:38:26,T0,T1,4.2ft,0.05s
4.24.2026 20:38:26,T0,T1,4.2ft,0.05s
4.24.2026 20:38:26,T0,T1,4.3ft,0.05s
4.24.2026 20:38:27,T0,T1,4.3ft,0.05s
4.24.2026 20:38:27,T0,T1,4.3ft,0.05s
4.24.2026 20:38:27,T0,T1,4.3ft,0.05s
4.24.2026 20:38:27,T0,T1,4.3ft,0.05s
4.24.2026 20:38:27,T0,T1,4.3ft,0.05s
4.24.2026 20:38:27,T0,T1,4.3ft,0.05s
4.24.2026 20:38:27,T0,T1,4.3ft,0.05s
4.24.2026 20:38:27,T0,T1,4.3ft,0.05s
4.24.2026 20:38:27,T0,T1,4.3ft,0.05s
4.24.2026 20:38:27,T0,T1,4.3ft,0.05s
4.24.2026 20:38:27,T0,T1,4.3ft,0.05s
4.24.2026 20:38:27,T0,T1,4.3ft,0.05s
4.24.2026 20:38:27,T0,T1,4.3ft,0.05s
4.24.2026 20:38:27,T0,T1,4.3ft,0.05s
4.24.2026 20:38:27,T0,T1,4.3ft,0.05s
4.24.2026 20:38:27,T0,T1,4.3ft,0.05s
4.24.2026 20:38:27,T0,T1,4.3ft,0.05s
4.24.2026 20:38:27,T0,T1,4.3ft,0.05s
4.24.2026 20:38:27,T0,T1,4.3ft,0.05s
4.24.2026 20:38:27,T0,T1,4.3ft,0.05s
4.24.2026 20:38:28,T0,T1,4.3ft,0.05s
4.24.2026 20:38:28,T0,T1,4.3ft,0.05s
4.24.2026 20:38:28,T0,T1,4.3ft,0.05s
4.24.2026 20:38:28,T0,T1,4.3ft,0.05s
4.24.2026 20:38:28,T0,T1,4.3ft,0.05s
4.24.2026 20:38:28,T0,T1,4.3ft,0.05s
4.24.2026 20:38:28,T0,T1,4.3ft,0.05s
4.24.2026 20:38:28,T0,T1,4.3ft,0.05s
4.24.2026 20:38:28,T0,T1,4.3ft,0.05s
4.24.2026 20:38:28,T0,T1,4.3ft,0.05s
4.24.2026 20:38:28,T0,T1,4.3ft,0.05s
4.24.2026 20:38:28,T0,T1,4.3ft,0.05s
4.24.2026 20:38:28,T0,T1,4.3ft,0.05s
4.24.2026 20:38:28,T0,T1,4.3ft,0.05s
4.24.2026 20:38:28,T0,T1,4.3ft,0.05s
4.24.2026 20:38:28,T0,T1,4.3ft,0.05s
4.24.2026 20:38:28,T0,T1,4.3ft,0.05s
4.24.2026 20:38:28,T0,T1,4.3ft,0.05s
4.24.2026 20:38:28,T0,T1,4.3ft,0.05s
4.24.2026 20:38:28,T0,T1,4.3ft,0.05s
4.24.2026 20:38:29,T0,T1,4.3ft,0.05s
4.24.2026 20:38:29,T0,T1,4.3ft,0.05s
4.24.2026 20:38:29,T0,T1,4.3ft,0.05s
4.24.2026 20:38:29,T0,T1,4.3ft,0.05s
4.24.2026 20:38:29,T0,T1,4.3ft,0.05s
4.24.2026 20:38:29,T0,T1,4.3ft,0.05s
4.24.2026 20:38:29,T0,T1,4.3ft,0.05s
4.24.2026 20:38:29,T0,T1,4.3ft,0.05s
4.24.2026 20:38:29,T0,T1,4.3ft,0.05s
4.24.2026 20:38:29,T0,T1,4.3ft,0.05s
4.24.2026 20:38:29,T0,T1,4.3ft,0.05s
4.24.2026 20:38:29,T0,T1,4.3ft,0.05s
4.24.2026 20:38:29,T0,T1,4.3ft,0.05s
4.24.2026 20:38:29,T0,T1,4.3ft,0.05s
4.24.2026 20:38:29,T0,T1,4.3ft,0.05s
4.24.2026 20:38:29,T0,T1,4.3ft,0.05s
4.24.2026 20:38:29,T0,T1,4.3ft,0.05s
4.24.2026 20:38:29,T0,T1,4.3ft,0.05s
4.24.2026 20:38:29,T0,T1,4.3ft,0.05s
4.24.2026 20:38:30,T0,T1,4.3ft,0.05s
4.24.2026 20:38:30,T0,T1,4.3ft,0.05s
4.24.2026 20:38:30,T0,T1,4.3ft,0.05s
4.24.2026 20:38:30,T0,T1,4.3ft,0.05s
4.24.2026 20:38:30,T0,T1,4.3ft,0.05s
4.24.2026 20:38:30,T0,T1,4.3ft,0.05s
4.24.2026 20:38:30,T0,T1,4.3ft,0.05s
4.24.2026 20:38:30,T0,T1,4.3ft,0.05s
4.24.2026 20:38:30,T0,T1,4.3ft,0.05s
4.24.2026 20:38:30,T0,T1,4.3ft,0.05s
4.24.2026 20:38:30,T0,T1,4.3ft,0.05s
4.24.2026 20:38:30,T0,T1,4.3ft,0.05s
4.24.2026 20:38:30,T0,T1,4.3ft,0.05s
4.24.2026 20:38:30,T0,T1,4.3ft,0.05s
4.24.2026 20:38:30,T0,T1,4.3ft,0.05s
4.24.2026 20:38:30,T0,T1,4.3ft,0.05s
4.24.2026 20:38:30,T0,T1,4.3ft,0.05s
4.24.2026 20:38:30,T0,T1,4.3ft,0.05s
4.24.2026 20:38:30,T0,T1,4.3ft,0.05s
4.24.2026 20:38:30,T0,T1,4.3ft,0.05s
4.24.2026 20:38:31,T0,T1,4.3ft,0.05s
4.24.2026 20:38:31,T0,T1,4.3ft,0.05s
4.24.2026 20:38:31,T0,T1,4.3ft,0.05s
4.24.2026 20:38:31,T0,T1,4.3ft,0.05s
4.24.2026 20:38:31,T0,T1,4.3ft,0.05s
4.24.2026 20:38:31,T0,T1,4.3ft,0.05s
4.24.2026 20:38:31,T0,T1,4.3ft,0.05s
4.24.2026 20:38:31,T0,T1,4.3ft,0.05s
4.24.2026 20:38:31,T0,T1,4.3ft,0.05s
4.24.2026 20:38:31,T0,T1,4.3ft,0.05s
4.24.2026 20:38:31,T0,T1,4.3ft,0.05s
4.24.2026 20:38:31,T0,T1,4.3ft,0.05s
4.24.2026 20:38:31,T0,T1,4.3ft,0.05s
4.24.2026 20:38:31,T0,T1,4.3ft,0.05s
4.24.2026 20:38:31,T0,T1,4.3ft,0.05s
4.24.2026 20:38:31,T0,T1,4.3ft,0.05s
4.24.2026 20:38:31,T0,T1,4.3ft,0.05s
4.24.2026 20:38:31,T0,T1,4.3ft,0.05s
4.24.2026 20:38:31,T0,T1,4.3ft,0.05s
4.24.2026 20:38:31,T0,T1,4.3ft,0.05s
4.24.2026 20:38:32,T0,T1,4.3ft,0.05s
4.24.2026 20:38:32,T0,T1,4.3ft,0.05s
4.24.2026 20:38:32,T0,T1,4.3ft,0.05s
4.24.2026 20:38:32,T0,T1,4.3ft,0.05s
4.24.2026 20:38:32,T0,T1,4.3ft,0.05s
4.24.2026 20:38:32,T0,T1,4.3ft,0.05s
4.24.2026 20:38:32,T0,T1,4.3ft,0.05s
4.24.2026 20:38:32,T0,T1,4.3ft,0.05s
4.24.2026 20:38:32,T0,T1,4.3ft,0.05s
4.24.2026 20:38:32,T0,T1,4.3ft,0.05s
4.24.2026 20:38:32,T0,T1,4.3ft,0.05s
4.24.2026 20:38:32,T0,T1,4.3ft,0.05s
4.24.2026 20:38:32,T0,T1,4.3ft,0.05s
4.24.2026 20:38:32,T0,T1,4.3ft,0.05s
4.24.2026 20:38:32,T0,T1,4.3ft,0.05s
4.24.2026 20:38:32,T0,T1,4.3ft,0.05s
4.24.2026 20:38:32,T0,T1,4.3ft,0.05s
4.24.2026 20:38:32,T0,T1,4.3ft,0.05s
4.24.2026 20:38:32,T0,T1,4.3ft,0.05s
4.24.2026 20:38:33,T0,T1,4.3ft,0.05s
4.24.2026 20:38:33,T0,T1,4.3ft,0.05s
4.24.2026 20:38:33,T0,T1,4.3ft,0.05s
4.24.2026 20:38:33,T0,T1,4.3ft,0.05s
4.24.2026 20:38:33,T0,T1,4.3ft,0.05s
4.24.2026 20:38:33,T0,T1,4.3ft,0.05s
4.24.2026 20:38:33,T0,T1,4.3ft,0.05s
4.24.2026 20:38:33,T0,T1,4.3ft,0.05s
4.24.2026 20:38:33,T0,T1,4.3ft,0.05s
4.24.2026 20:38:33,T0,T1,4.3ft,0.05s
4.24.2026 20:38:33,T0,T1,4.3ft,0.05s
4.24.2026 20:38:33,T0,T1,4.3ft,0.05s
4.24.2026 20:38:33,T0,T1,4.3ft,0.05s
4.24.2026 20:38:33,T0,T1,4.3ft,0.05s
4.24.2026 20:38:33,T0,T1,4.3ft,0.05s
4.24.2026 20:38:33,T0,T1,4.3ft,0.05s
4.24.2026 20:38:33,T0,T1,4.3ft,0.05s
4.24.2026 20:38:33,T0,T1,4.3ft,0.05s
4.24.2026 20:38:33,T0,T1,4.3ft,0.05s
4.24.2026 20:38:33,T0,T1,4.3ft,0.05s
4.24.2026 20:38:34,T0,T1,4.3ft,0.05s
4.24.2026 20:38:34,T0,T1,4.3ft,0.05s
4.24.2026 20:38:34,T0,T1,4.3ft,0.05s
4.24.2026 20:38:34,T0,T1,4.3ft,0.05s
4.24.2026 20:38:34,T0,T1,4.3ft,0.05s
4.24.2026 20:38:34,T0,T1,4.3ft,0.05s
4.24.2026 20:38:34,T0,T1,4.3ft,0.05s
4.24.2026 20:38:34,T0,T1,4.3ft,0.05s
4.24.2026 20:38:34,T0,T1,4.3ft,0.05s
4.24.2026 20:38:34,T0,T1,4.3ft,0.05s
4.24.2026 20:38:34,T0,T1,4.3ft,0.05s
4.24.2026 20:38:34,T0,T1,4.3ft,0.05s
4.24.2026 20:38:34,T0,T1,4.3ft,0.05s
4.24.2026 20:38:34,T0,T1,4.3ft,0.05s
4.24.2026 20:38:34,T0,T1,4.3ft,0.05s
4.24.2026 20:38:34,T0,T1,4.3ft,0.05s
4.24.2026 20:38:34,T0,T1,4.3ft,0.05s
4.24.2026 20:38:34,T0,T1,4.3ft,0.05s
4.24.2026 20:38:34,T0,T1,4.3ft,0.05s
4.24.2026 20:38:35,T0,T1,4.3ft,0.05s
4.24.2026 20:38:35,T0,T1,4.3ft,0.05s
4.24.2026 20:38:35,T0,T1,4.3ft,0.05s
4.24.2026 20:38:35,T0,T1,4.3ft,0.05s
4.24.2026 20:38:35,T0,T1,4.2ft,0.05s
4.24.2026 20:38:35,T0,T1,4.2ft,0.05s
4.24.2026 20:38:35,T0,T1,4.2ft,0.05s
4.24.2026 20:38:35,T0,T1,4.2ft,0.05s
4.24.2026 20:38:35,T0,T1,4.2ft,0.05s
4.24.2026 20:38:35,T0,T1,4.2ft,0.05s
4.24.2026 20:38:35,T0,T1,4.2ft,0.05s
4.24.2026 20:38:35,T0,T1,4.3ft,0.05s
4.24.2026 20:38:35,T0,T1,4.3ft,0.05s
4.24.2026 20:38:35,T0,T1,4.3ft,0.05s
4.24.2026 20:38:35,T0,T1,4.3ft,0.05s
4.24.2026 20:38:35,T0,T1,4.3ft,0.05s
4.24.2026 20:38:35,T0,T1,4.3ft,0.05s
4.24.2026 20:38:35,T0,T1,4.3ft,0.05s
4.24.2026 20:38:35,T0,T1,4.3ft,0.05s
4.24.2026 20:38:35,T0,T1,4.3ft,0.05s
4.24.2026 20:38:36,T0,T1,4.3ft,0.05s
4.24.2026 20:38:36,T0,T1,4.3ft,0.05s
4.24.2026 20:38:36,T0,T1,4.3ft,0.05s
4.24.2026 20:38:36,T0,T1,4.3ft,0.05s
4.24.2026 20:38:36,T0,T1,4.3ft,0.05s
4.24.2026 20:38:36,T0,T1,4.3ft,0.05s
4.24.2026 20:38:36,T0,T1,4.3ft,0.05s
4.24.2026 20:38:36,T0,T1,4.3ft,0.05s
4.24.2026 20:38:36,T0,T1,4.3ft,0.05s
4.24.2026 20:38:36,T0,T1,4.3ft,0.05s
4.24.2026 20:38:36,T0,T1,4.3ft,0.05s
4.24.2026 20:38:36,T0,T1,4.3ft,0.05s
4.24.2026 20:38:36,T0,T1,4.3ft,0.05s
4.24.2026 20:38:36,T0,T1,4.3ft,0.05s
4.24.2026 20:38:36,T0,T1,4.3ft,0.05s
4.24.2026 20:38:36,T0,T1,4.3ft,0.05s
4.24.2026 20:38:36,T0,T1,4.3ft,0.05s
4.24.2026 20:38:36,T0,T1,4.3ft,0.05s
4.24.2026 20:38:36,T0,T1,4.3ft,0.05s
4.24.2026 20:38:36,T0,T1,4.3ft,0.05s
4.24.2026 20:38:37,T0,T1,4.3ft,0.05s
4.24.2026 20:38:37,T0,T1,4.3ft,0.05s
4.24.2026 20:38:37,T0,T1,4.3ft,0.05s
4.24.2026 20:38:37,T0,T1,4.3ft,0.05s
4.24.2026 20:38:37,T0,T1,4.3ft,0.05s
4.24.2026 20:38:37,T0,T1,4.3ft,0.05s
4.24.2026 20:38:37,T0,T1,4.3ft,0.05s
4.24.2026 20:38:37,T0,T1,4.3ft,0.05s
4.24.2026 20:38:37,T0,T1,4.3ft,0.05s
4.24.2026 20:38:37,T0,T1,4.3ft,0.05s
4.24.2026 20:38:37,T0,T1,4.3ft,0.05s
4.24.2026 20:38:37,T0,T1,4.3ft,0.05s
4.24.2026 20:38:37,T0,T1,4.3ft,0.05s
4.24.2026 20:38:37,T0,T1,4.3ft,0.05s
4.24.2026 20:38:37,T0,T1,4.3ft,0.05s
4.24.2026 20:38:37,T0,T1,4.3ft,0.05s
4.24.2026 20:38:37,T0,T1,4.3ft,0.05s
4.24.2026 20:38:37,T0,T1,4.3ft,0.05s
4.24.2026 20:38:37,T0,T1,4.3ft,0.05s
4.24.2026 20:38:38,T0,T1,4.3ft,0.05s
4.24.2026 20:38:38,T0,T1,4.3ft,0.05s
4.24.2026 20:38:38,T0,T1,4.3ft,0.05s
4.24.2026 20:38:38,T0,T1,4.3ft,0.05s
4.24.2026 20:38:38,T0,T1,4.3ft,0.05s
4.24.2026 20:38:38,T0,T1,4.3ft,0.05s
4.24.2026 20:38:38,T0,T1,4.3ft,0.05s
4.24.2026 20:38:38,T0,T1,4.3ft,0.05s
4.24.2026 20:38:38,T0,T1,4.3ft,0.05s
4.24.2026 20:38:38,T0,T1,4.3ft,0.05s
4.24.2026 20:38:38,T0,T1,4.3ft,0.05s
4.24.2026 20:38:38,T0,T1,4.3ft,0.05s
4.24.2026 20:38:38,T0,T1,4.3ft,0.05s
4.24.2026 20:38:38,T0,T1,4.3ft,0.05s
4.24.2026 20:38:38,T0,T1,4.3ft,0.05s
4.24.2026 20:38:38,T0,T1,4.3ft,0.05s
4.24.2026 20:38:38,T0,T1,4.3ft,0.05s
4.24.2026 20:38:38,T0,T1,4.3ft,0.05s
4.24.2026 20:38:38,T0,T1,4.3ft,0.05s
4.24.2026 20:38:38,T0,T1,4.3ft,0.05s
4.24.2026 20:38:39,T0,T1,4.3ft,0.05s
4.24.2026 20:38:39,T0,T1,4.3ft,0.05s
4.24.2026 20:38:39,T0,T1,4.3ft,0.05s
4.24.2026 20:38:39,T0,T1,4.3ft,0.05s
4.24.2026 20:38:39,T0,T1,4.3ft,0.05s
4.24.2026 20:38:39,T0,T1,4.3ft,0.05s
4.24.2026 20:38:39,T0,T1,4.3ft,0.05s
4.24.2026 20:38:39,T0,T1,4.3ft,0.05s
4.24.2026 20:38:39,T0,T1,4.3ft,0.05s
4.24.2026 20:38:39,T0,T1,4.3ft,0.05s
4.24.2026 20:38:39,T0,T1,4.3ft,0.05s
4.24.2026 20:38:39,T0,T1,4.3ft,0.05s
4.24.2026 20:38:39,T0,T1,4.3ft,0.05s
4.24.2026 20:38:39,T0,T1,4.3ft,0.05s
4.24.2026 20:38:39,T0,T1,4.3ft,0.05s
4.24.2026 20:38:39,T0,T1,4.3ft,0.05s
4.24.2026 20:38:39,T0,T1,4.3ft,0.05s
4.24.2026 20:38:39,T0,T1,4.3ft,0.05s
4.24.2026 20:38:39,T0,T1,4.3ft,0.05s
4.24.2026 20:38:40,T0,T1,4.3ft,0.05s
4.24.2026 20:38:40,T0,T1,4.3ft,0.05s
4.24.2026 20:38:40,T0,T1,4.3ft,0.05s
4.24.2026 20:38:40,T0,T1,4.3ft,0.05s
4.24.2026 20:38:40,T0,T1,4.3ft,0.05s
4.24.2026 20:38:40,T0,T1,4.3ft,0.05s
4.24.2026 20:38:40,T0,T1,4.3ft,0.05s
4.24.2026 20:38:40,T0,T1,4.3ft,0.05s
4.24.2026 20:38:40,T0,T1,4.3ft,0.05s
4.24.2026 20:38:40,T0,T1,4.3ft,0.05s
4.24.2026 20:38:40,T0,T1,4.3ft,0.05s
4.24.2026 20:38:40,T0,T1,4.3ft,0.05s
4.24.2026 20:38:40,T0,T1,4.3ft,0.05s
4.24.2026 20:38:40,T0,T1,4.3ft,0.05s
4.24.2026 20:38:40,T0,T1,4.3ft,0.05s
4.24.2026 20:38:40,T0,T1,4.3ft,0.05s
4.24.2026 20:38:40,T0,T1,4.3ft,0.05s
4.24.2026 20:38:40,T0,T1,4.3ft,0.05s
4.24.2026 20:38:40,T0,T1,4.3ft,0.05s
4.24.2026 20:38:40,T0,T1,4.3ft,0.05s
4.24.2026 20:38:41,T0,T1,4.3ft,0.05s
4.24.2026 20:38:41,T0,T1,4.3ft,0.05s
4.24.2026 20:38:41,T0,T1,4.3ft,0.05s
4.24.2026 20:38:41,T0,T1,4.3ft,0.05s
4.24.2026 20:38:41,T0,T1,4.3ft,0.05s
4.24.2026 20:38:41,T0,T1,4.3ft,0.05s
4.24.2026 20:38:41,T0,T1,4.3ft,0.05s
4.24.2026 20:38:41,T0,T1,4.3ft,0.05s
4.24.2026 20:38:41,T0,T1,4.3ft,0.05s
4.24.2026 20:38:41,T0,T1,4.3ft,0.05s
4.24.2026 20:38:41,T0,T1,4.3ft,0.05s
4.24.2026 20:38:41,T0,T1,4.3ft,0.05s
4.24.2026 20:38:41,T0,T1,4.3ft,0.05s
4.24.2026 20:38:41,T0,T1,4.3ft,0.05s
4.24.2026 20:38:41,T0,T1,4.3ft,0.05s
4.24.2026 20:38:41,T0,T1,4.3ft,0.05s
4.24.2026 20:38:41,T0,T1,4.3ft,0.05s
4.24.2026 20:38:41,T0,T1,4.3ft,0.05s
4.24.2026 20:38:41,T0,T1,4.3ft,0.05s
4.24.2026 20:38:41,T0,T1,4.3ft,0.05s
4.24.2026 20:38:42,T0,T1,4.3ft,0.05s
4.24.2026 20:38:42,T0,T1,4.3ft,0.05s
4.24.2026 20:38:42,T0,T1,4.3ft,0.05s
4.24.2026 20:38:42,T0,T1,4.3ft,0.05s
4.24.2026 20:38:42,T0,T1,4.3ft,0.05s
4.24.2026 20:38:42,T0,T1,4.3ft,0.05s
4.24.2026 20:38:42,T0,T1,4.3ft,0.05s
4.24.2026 20:38:42,T0,T1,4.3ft,0.05s
4.24.2026 20:38:42,T0,T1,4.3ft,0.05s
4.24.2026 20:38:42,T0,T1,4.3ft,0.05s
4.24.2026 20:38:42,T0,T1,4.3ft,0.05s
4.24.2026 20:38:42,T0,T1,4.3ft,0.05s
4.24.2026 20:38:42,T0,T1,4.3ft,0.05s
4.24.2026 20:38:42,T0,T1,4.3ft,0.05s
4.24.2026 20:38:42,T0,T1,4.3ft,0.05s
4.24.2026 20:38:42,T0,T1,4.3ft,0.05s
4.24.2026 20:38:42,T0,T1,4.3ft,0.05s
4.24.2026 20:38:42,T0,T1,4.3ft,0.05s
4.24.2026 20:38:42,T0,T1,4.3ft,0.05s
4.24.2026 20:38:43,T0,T1,4.4ft,0.05s
4.24.2026 20:38:43,T0,T1,4.4ft,0.05s
4.24.2026 20:38:43,T0,T1,4.4ft,0.05s
4.24.2026 20:38:43,T0,T1,4.4ft,0.05s
4.24.2026 20:38:43,T0,T1,4.4ft,0.05s
4.24.2026 20:38:43,T0,T1,4.3ft,0.05s
4.24.2026 20:38:43,T0,T1,4.3ft,0.05s
4.24.2026 20:38:43,T0,T1,4.3ft,0.05s
4.24.2026 20:38:43,T0,T1,4.3ft,0.05s
4.24.2026 20:38:43,T0,T1,4.3ft,0.05s
4.24.2026 20:38:43,T0,T1,4.3ft,0.05s
4.24.2026 20:38:43,T0,T1,4.3ft,0.05s
4.24.2026 20:38:43,T0,T1,4.3ft,0.05s
4.24.2026 20:38:43,T0,T1,4.3ft,0.05s
4.24.2026 20:38:43,T0,T1,4.3ft,0.05s
4.24.2026 20:38:43,T0,T1,4.3ft,0.05s
4.24.2026 20:38:43,T0,T1,4.3ft,0.05s
4.24.2026 20:38:43,T0,T1,4.3ft,0.05s
4.24.2026 20:38:43,T0,T1,4.3ft,0.05s
4.24.2026 20:38:43,T0,T1,4.3ft,0.06s
4.24.2026 20:38:44,T0,T1,4.3ft,0.05s
4.24.2026 20:38:44,T0,T1,4.3ft,0.05s
4.24.2026 20:38:44,T0,T1,4.3ft,0.05s
4.24.2026 20:38:44,T0,T1,4.3ft,0.05s
4.24.2026 20:38:44,T0,T1,4.3ft,0.05s
4.24.2026 20:38:44,T0,T1,4.3ft,0.05s
4.24.2026 20:38:44,T0,T1,4.3ft,0.05s
4.24.2026 20:38:44,T0,T1,4.3ft,0.05s
4.24.2026 20:38:44,T0,T1,4.3ft,0.05s
4.24.2026 20:38:44,T0,T1,4.3ft,0.05s
4.24.2026 20:38:44,T0,T1,4.3ft,0.05s
4.24.2026 20:38:44,T0,T1,4.3ft,0.05s
4.24.2026 20:38:44,T0,T1,4.3ft,0.05s
4.24.2026 20:38:44,T0,T1,4.3ft,0.05s
4.24.2026 20:38:44,T0,T1,4.3ft,0.05s
4.24.2026 20:38:44,T0,T1,4.3ft,0.05s
4.24.2026 20:38:44,T0,T1,4.3ft,0.05s
4.24.2026 20:38:44,T0,T1,4.3ft,0.05s
4.24.2026 20:38:44,T0,T1,4.3ft,0.05s
4.24.2026 20:38:44,T0,T1,4.3ft,0.05s
4.24.2026 20:38:45,T0,T1,4.3ft,0.05s
4.24.2026 20:38:45,T0,T1,4.3ft,0.05s
4.24.2026 20:38:45,T0,T1,4.3ft,0.05s
4.24.2026 20:38:45,T0,T1,4.3ft,0.05s
4.24.2026 20:38:45,T0,T1,4.3ft,0.05s
4.24.2026 20:38:45,T0,T1,4.3ft,0.05s
4.24.2026 20:38:45,T0,T1,4.3ft,0.05s
4.24.2026 20:38:45,T0,T1,4.3ft,0.05s
4.24.2026 20:38:45,T0,T1,4.3ft,0.05s
4.24.2026 20:38:45,T0,T1,4.3ft,0.05s
4.24.2026 20:38:45,T0,T1,4.3ft,0.05s
4.24.2026 20:38:45,T0,T1,4.3ft,0.05s
4.24.2026 20:38:45,T0,T1,4.3ft,0.05s
4.24.2026 20:38:45,T0,T1,4.3ft,0.05s
4.24.2026 20:38:45,T0,T1,4.3ft,0.05s
4.24.2026 20:38:45,T0,T1,4.3ft,0.05s
4.24.2026 20:38:45,T0,T1,4.3ft,0.05s
4.24.2026 20:38:45,T0,T1,4.3ft,0.05s
4.24.2026 20:38:45,T0,T1,4.3ft,0.05s
4.24.2026 20:38:46,T0,T1,4.3ft,0.05s
4.24.2026 20:38:46,T0,T1,4.3ft,0.05s
4.24.2026 20:38:46,T0,T1,4.3ft,0.05s
4.24.2026 20:38:46,T0,T1,4.3ft,0.05s
4.24.2026 20:38:46,T0,T1,4.3ft,0.05s
4.24.2026 20:38:46,T0,T1,4.3ft,0.05s
4.24.2026 20:38:46,T0,T1,4.3ft,0.05s
4.24.2026 20:38:46,T0,T1,4.3ft,0.05s
4.24.2026 20:38:46,T0,T1,4.3ft,0.05s
4.24.2026 20:38:46,T0,T1,4.3ft,0.05s
4.24.2026 20:38:46,T0,T1,4.3ft,0.05s
4.24.2026 20:38:46,T0,T1,4.3ft,0.05s
4.24.2026 20:38:46,T0,T1,4.3ft,0.05s
4.24.2026 20:38:46,T0,T1,4.3ft,0.05s
4.24.2026 20:38:46,T0,T1,4.3ft,0.05s
4.24.2026 20:38:46,T0,T1,4.3ft,0.05s
4.24.2026 20:38:46,T0,T1,4.3ft,0.05s
4.24.2026 20:38:46,T0,T1,4.3ft,0.05s
4.24.2026 20:38:46,T0,T1,4.3ft,0.05s
4.24.2026 20:38:46,T0,T1,4.3ft,0.05s
4.24.2026 20:38:47,T0,T1,4.3ft,0.05s
4.24.2026 20:38:47,T0,T1,4.3ft,0.05s
4.24.2026 20:38:47,T0,T1,4.3ft,0.05s
4.24.2026 20:38:47,T0,T1,4.3ft,0.05s
4.24.2026 20:38:47,T0,T1,4.3ft,0.05s
4.24.2026 20:38:47,T0,T1,4.3ft,0.05s
4.24.2026 20:38:47,T0,T1,4.3ft,0.05s
4.24.2026 20:38:47,T0,T1,4.3ft,0.05s
4.24.2026 20:38:47,T0,T1,4.3ft,0.05s
4.24.2026 20:38:47,T0,T1,4.3ft,0.05s
4.24.2026 20:38:47,T0,T1,4.3ft,0.05s
4.24.2026 20:38:47,T0,T1,4.3ft,0.05s
4.24.2026 20:38:47,T0,T1,4.3ft,0.05s
4.24.2026 20:38:47,T0,T1,4.3ft,0.08s
4.24.2026 20:38:47,T0,T1,4.3ft,0.05s
4.24.2026 20:38:47,T0,T1,4.3ft,0.05s
4.24.2026 20:38:47,T0,T1,4.3ft,0.05s
4.24.2026 20:38:47,T0,T1,4.3ft,0.05s
4.24.2026 20:38:47,T0,T1,4.3ft,0.05s
4.24.2026 20:38:48,T0,T1,4.3ft,0.05s
4.24.2026 20:38:48,T0,T1,4.3ft,0.05s
4.24.2026 20:38:48,T0,T1,4.3ft,0.05s
4.24.2026 20:38:48,T0,T1,4.3ft,0.05s
4.24.2026 20:38:48,T0,T1,4.3ft,0.05s
4.24.2026 20:38:48,T0,T1,4.3ft,0.05s
4.24.2026 20:38:48,T0,T1,4.3ft,0.05s
4.24.2026 20:38:48,T0,T1,4.3ft,0.05s
4.24.2026 20:38:48,T0,T1,4.3ft,0.05s
4.24.2026 20:38:48,T0,T1,4.3ft,0.05s
4.24.2026 20:38:48,T0,T1,4.3ft,0.05s
4.24.2026 20:38:48,T0,T1,4.3ft,0.05s
4.24.2026 20:38:48,T0,T1,4.3ft,0.05s
4.24.2026 20:38:48,T0,T1,4.3ft,0.05s
4.24.2026 20:38:48,T0,T1,4.3ft,0.05s
4.24.2026 20:38:48,T0,T1,4.3ft,0.05s
4.24.2026 20:38:48,T0,T1,4.3ft,0.05s
4.24.2026 20:38:48,T0,T1,4.3ft,0.05s
4.24.2026 20:38:48,T0,T1,4.3ft,0.05s
4.24.2026 20:38:48,T0,T1,4.3ft,0.05s
4.24.2026 20:38:49,T0,T1,4.3ft,0.05s
4.24.2026 20:38:49,T0,T1,4.3ft,0.05s
4.24.2026 20:38:49,T0,T1,4.3ft,0.05s
4.24.2026 20:38:49,T0,T1,4.3ft,0.05s
4.24.2026 20:38:49,T0,T1,4.3ft,0.05s
4.24.2026 20:38:49,T0,T1,4.3ft,0.05s
4.24.2026 20:38:49,T0,T1,4.3ft,0.05s
4.24.2026 20:38:49,T0,T1,4.3ft,0.05s
4.24.2026 20:38:49,T0,T1,4.3ft,0.05s
4.24.2026 20:38:49,T0,T1,4.3ft,0.05s
4.24.2026 20:38:49,T0,T1,4.3ft,0.05s
4.24.2026 20:38:49,T0,T1,4.3ft,0.05s
4.24.2026 20:38:49,T0,T1,4.3ft,0.05s
4.24.2026 20:38:49,T0,T1,4.3ft,0.05s
4.24.2026 20:38:49,T0,T1,4.3ft,0.05s
4.24.2026 20:38:49,T0,T1,4.3ft,0.05s
4.24.2026 20:38:49,T0,T1,4.3ft,0.05s
4.24.2026 20:38:49,T0,T1,4.3ft,0.05s
4.24.2026 20:38:49,T0,T1,4.3ft,0.05s
4.24.2026 20:38:50,T0,T1,4.3ft,0.05s
4.24.2026 20:38:50,T0,T1,4.3ft,0.05s
4.24.2026 20:38:50,T0,T1,4.3ft,0.05s
4.24.2026 20:38:50,T0,T1,4.3ft,0.05s
4.24.2026 20:38:50,T0,T1,4.3ft,0.05s
4.24.2026 20:38:50,T0,T1,4.3ft,0.05s
4.24.2026 20:38:50,T0,T1,4.3ft,0.05s
4.24.2026 20:38:50,T0,T1,4.3ft,0.05s
4.24.2026 20:38:50,T0,T1,4.3ft,0.05s
4.24.2026 20:38:50,T0,T1,4.3ft,0.05s
4.24.2026 20:38:50,T0,T1,4.2ft,0.05s
4.24.2026 20:38:50,T0,T1,4.3ft,0.05s
4.24.2026 20:38:50,T0,T1,4.3ft,0.05s
4.24.2026 20:38:50,T0,T1,4.3ft,0.05s
4.24.2026 20:38:50,T0,T1,4.3ft,0.05s
4.24.2026 20:38:50,T0,T1,4.3ft,0.05s
4.24.2026 20:38:50,T0,T1,4.3ft,0.05s
4.24.2026 20:38:50,T0,T1,4.3ft,0.05s
4.24.2026 20:38:50,T0,T1,4.3ft,0.05s
4.24.2026 20:38:50,T0,T1,4.3ft,0.05s
4.24.2026 20:38:51,T0,T1,4.3ft,0.05s
4.24.2026 20:38:51,T0,T1,4.3ft,0.05s
4.24.2026 20:38:51,T0,T1,4.3ft,0.05s
4.24.2026 20:38:51,T0,T1,4.3ft,0.05s
4.24.2026 20:38:51,T0,T1,4.3ft,0.05s
4.24.2026 20:38:51,T0,T1,4.3ft,0.05s
4.24.2026 20:38:51,T0,T1,4.3ft,0.05s
4.24.2026 20:38:51,T0,T1,4.3ft,0.05s
4.24.2026 20:38:51,T0,T1,4.3ft,0.05s
4.24.2026 20:38:51,T0,T1,4.3ft,0.05s
4.24.2026 20:38:51,T0,T1,4.3ft,0.05s
4.24.2026 20:38:51,T0,T1,4.3ft,0.05s
4.24.2026 20:38:51,T0,T1,4.3ft,0.05s
4.24.2026 20:38:51,T0,T1,4.3ft,0.05s
4.24.2026 20:38:51,T0,T1,4.3ft,0.05s
4.24.2026 20:38:51,T0,T1,4.3ft,0.05s
4.24.2026 20:38:51,T0,T1,4.3ft,0.05s
4.24.2026 20:38:51,T0,T1,4.3ft,0.05s
4.24.2026 20:38:51,T0,T1,4.3ft,0.05s
4.24.2026 20:38:52,T0,T1,4.3ft,0.05s
4.24.2026 20:38:52,T0,T1,4.3ft,0.05s
4.24.2026 20:38:52,T0,T1,4.3ft,0.05s
4.24.2026 20:38:52,T0,T1,4.3ft,0.05s
4.24.2026 20:38:52,T0,T1,4.3ft,0.05s
4.24.2026 20:38:52,T0,T1,4.3ft,0.05s
4.24.2026 20:38:52,T0,T1,4.3ft,0.05s
4.24.2026 20:38:52,T0,T1,4.3ft,0.05s
4.24.2026 20:38:52,T0,T1,4.3ft,0.05s
4.24.2026 20:38:52,T0,T1,4.3ft,0.05s
4.24.2026 20:38:52,T0,T1,4.3ft,0.05s
4.24.2026 20:38:52,T0,T1,4.3ft,0.05s
4.24.2026 20:38:52,T0,T1,4.3ft,0.05s
4.24.2026 20:38:52,T0,T1,4.3ft,0.05s
4.24.2026 20:38:52,T0,T1,4.3ft,0.05s
4.24.2026 20:38:52,T0,T1,4.3ft,0.05s
4.24.2026 20:38:52,T0,T1,4.3ft,0.05s
4.24.2026 20:38:52,T0,T1,4.3ft,0.05s
4.24.2026 20:38:52,T0,T1,4.3ft,0.05s
4.24.2026 20:38:52,T0,T1,4.3ft,0.05s
4.24.2026 20:38:53,T0,T1,4.3ft,0.05s
4.24.2026 20:38:53,T0,T1,4.3ft,0.05s
4.24.2026 20:38:53,T0,T1,4.3ft,0.05s
4.24.2026 20:38:53,T0,T1,4.3ft,0.05s
4.24.2026 20:38:53,T0,T1,4.3ft,0.05s
4.24.2026 20:38:53,T0,T1,4.3ft,0.05s
4.24.2026 20:38:53,T0,T1,4.3ft,0.05s
4.24.2026 20:38:53,T0,T1,4.3ft,0.05s
4.24.2026 20:38:53,T0,T1,4.3ft,0.05s
4.24.2026 20:38:53,T0,T1,4.3ft,0.05s
4.24.2026 20:38:53,T0,T1,4.3ft,0.05s
4.24.2026 20:38:53,T0,T1,4.4ft,0.05s
4.24.2026 20:38:53,T0,T1,4.4ft,0.05s
4.24.2026 20:38:53,T0,T1,4.4ft,0.05s
4.24.2026 20:38:53,T0,T1,4.4ft,0.05s
4.24.2026 20:38:53,T0,T1,4.4ft,0.05s
4.24.2026 20:38:53,T0,T1,4.4ft,0.05s
4.24.2026 20:38:53,T0,T1,4.4ft,0.05s
4.24.2026 20:38:53,T0,T1,4.4ft,0.05s
4.24.2026 20:38:53,T0,T1,4.4ft,0.05s
4.24.2026 20:38:54,T0,T1,4.4ft,0.05s
4.24.2026 20:38:54,T0,T1,4.4ft,0.05s
4.24.2026 20:38:54,T0,T1,4.3ft,0.05s
4.24.2026 20:38:54,T0,T1,4.3ft,0.05s
4.24.2026 20:38:54,T0,T1,4.3ft,0.05s
4.24.2026 20:38:54,T0,T1,4.3ft,0.05s
4.24.2026 20:38:54,T0,T1,4.3ft,0.05s
4.24.2026 20:38:54,T0,T1,4.3ft,0.05s
4.24.2026 20:38:54,T0,T1,4.3ft,0.05s
4.24.2026 20:38:54,T0,T1,4.3ft,0.05s
4.24.2026 20:38:54,T0,T1,4.3ft,0.05s
4.24.2026 20:38:54,T0,T1,4.3ft,0.05s
4.24.2026 20:38:54,T0,T1,4.3ft,0.05s
4.24.2026 20:38:54,T0,T1,4.3ft,0.05s
4.24.2026 20:38:54,T0,T1,4.3ft,0.05s
4.24.2026 20:38:54,T0,T1,4.3ft,0.05s
4.24.2026 20:38:54,T0,T1,4.3ft,0.05s
4.24.2026 20:38:54,T0,T1,4.3ft,0.05s
4.24.2026 20:38:54,T0,T1,4.3ft,0.05s
4.24.2026 20:38:55,T0,T1,4.3ft,0.05s
4.24.2026 20:38:55,T0,T1,4.3ft,0.05s
4.24.2026 20:38:55,T0,T1,4.3ft,0.05s
4.24.2026 20:38:55,T0,T1,4.3ft,0.05s
4.24.2026 20:38:55,T0,T1,4.3ft,0.05s
4.24.2026 20:38:55,T0,T1,4.3ft,0.05s
4.24.2026 20:38:55,T0,T1,4.3ft,0.05s
4.24.2026 20:38:55,T0,T1,4.3ft,0.05s
4.24.2026 20:38:55,T0,T1,4.3ft,0.05s
4.24.2026 20:38:55,T0,T1,4.3ft,0.05s
4.24.2026 20:38:55,T0,T1,4.3ft,0.05s
4.24.2026 20:38:55,T0,T1,4.3ft,0.05s
4.24.2026 20:38:55,T0,T1,4.2ft,0.05s
4.24.2026 20:38:55,T0,T1,4.2ft,0.05s
4.24.2026 20:38:55,T0,T1,4.3ft,0.05s
4.24.2026 20:38:55,T0,T1,4.3ft,0.05s
4.24.2026 20:38:55,T0,T1,4.3ft,0.05s
4.24.2026 20:38:55,T0,T1,4.3ft,0.05s
4.24.2026 20:38:55,T0,T1,4.3ft,0.05s
4.24.2026 20:38:55,T0,T1,4.3ft,0.05s
4.24.2026 20:38:56,T0,T1,4.3ft,0.05s
4.24.2026 20:38:56,T0,T1,4.3ft,0.05s
4.24.2026 20:38:56,T0,T1,4.3ft,0.05s
4.24.2026 20:38:56,T0,T1,4.3ft,0.05s
4.24.2026 20:38:56,T0,T1,4.3ft,0.05s
4.24.2026 20:38:56,T0,T1,4.3ft,0.05s
4.24.2026 20:38:56,T0,T1,4.3ft,0.05s
4.24.2026 20:38:56,T0,T1,4.3ft,0.05s
4.24.2026 20:38:56,T0,T1,4.3ft,0.05s
4.24.2026 20:38:56,T0,T1,4.3ft,0.05s
4.24.2026 20:38:56,T0,T1,4.3ft,0.05s
4.24.2026 20:38:56,T0,T1,4.3ft,0.05s
4.24.2026 20:38:56,T0,T1,4.3ft,0.05s
4.24.2026 20:38:56,T0,T1,4.3ft,0.05s
4.24.2026 20:38:56,T0,T1,4.3ft,0.05s
4.24.2026 20:38:56,T0,T1,4.3ft,0.05s
4.24.2026 20:38:56,T0,T1,4.3ft,0.05s
4.24.2026 20:38:56,T0,T1,4.3ft,0.05s
4.24.2026 20:38:56,T0,T1,4.3ft,0.05s
4.24.2026 20:38:56,T0,T1,4.3ft,0.05s
4.24.2026 20:38:57,T0,T1,4.3ft,0.05s
4.24.2026 20:38:57,T0,T1,4.3ft,0.05s
4.24.2026 20:38:57,T0,T1,4.3ft,0.05s
4.24.2026 20:38:57,T0,T1,4.3ft,0.05s
4.24.2026 20:38:57,T0,T1,4.3ft,0.05s
4.24.2026 20:38:57,T0,T1,4.3ft,0.05s
4.24.2026 20:38:57,T0,T1,4.3ft,0.05s
4.24.2026 20:38:57,T0,T1,4.3ft,0.05s
4.24.2026 20:38:57,T0,T1,4.3ft,0.05s
4.24.2026 20:38:57,T0,T1,4.3ft,0.05s
4.24.2026 20:38:57,T0,T1,4.3ft,0.05s
4.24.2026 20:38:57,T0,T1,4.3ft,0.05s
4.24.2026 20:38:57,T0,T1,4.3ft,0.05s
4.24.2026 20:38:57,T0,T1,4.3ft,0.05s
4.24.2026 20:38:57,T0,T1,4.3ft,0.05s
4.24.2026 20:38:57,T0,T1,4.3ft,0.05s
4.24.2026 20:38:57,T0,T1,4.3ft,0.05s
4.24.2026 20:38:57,T0,T1,4.3ft,0.05s
4.24.2026 20:38:57,T0,T1,4.3ft,0.05s
4.24.2026 20:38:58,T0,T1,4.3ft,0.05s
4.24.2026 20:38:58,T0,T1,4.3ft,0.05s
4.24.2026 20:38:58,T0,T1,4.3ft,0.05s
4.24.2026 20:38:58,T0,T1,4.3ft,0.05s
4.24.2026 20:38:58,T0,T1,4.3ft,0.05s
4.24.2026 20:38:58,T0,T1,4.3ft,0.05s
4.24.2026 20:38:58,T0,T1,4.3ft,0.05s
4.24.2026 20:38:58,T0,T1,4.3ft,0.05s
4.24.2026 20:38:58,T0,T1,4.3ft,0.05s
4.24.2026 20:38:58,T0,T1,4.3ft,0.05s
4.24.2026 20:38:58,T0,T1,4.3ft,0.05s
4.24.2026 20:38:58,T0,T1,4.3ft,0.05s
4.24.2026 20:38:58,T0,T1,4.3ft,0.05s
4.24.2026 20:38:58,T0,T1,4.3ft,0.05s
4.24.2026 20:38:58,T0,T1,4.3ft,0.05s
4.24.2026 20:38:58,T0,T1,4.3ft,0.05s
4.24.2026 20:38:58,T0,T1,4.3ft,0.05s
4.24.2026 20:38:58,T0,T1,4.3ft,0.05s
4.24.2026 20:38:58,T0,T1,4.3ft,0.05s
4.24.2026 20:38:58,T0,T1,4.3ft,0.05s
4.24.2026 20:38:59,T0,T1,4.3ft,0.05s
4.24.2026 20:38:59,T0,T1,4.3ft,0.05s
4.24.2026 20:38:59,T0,T1,4.3ft,0.05s
4.24.2026 20:38:59,T0,T1,4.3ft,0.05s
4.24.2026 20:38:59,T0,T1,4.3ft,0.05s
4.24.2026 20:38:59,T0,T1,4.3ft,0.05s
4.24.2026 20:38:59,T0,T1,4.3ft,0.05s
4.24.2026 20:38:59,T0,T1,4.3ft,0.05s
4.24.2026 20:38:59,T0,T1,4.3ft,0.05s
4.24.2026 20:38:59,T0,T1,4.3ft,0.05s
4.24.2026 20:38:59,T0,T1,4.3ft,0.05s
4.24.2026 20:38:59,T0,T1,4.3ft,0.05s
4.24.2026 20:38:59,T0,T1,4.3ft,0.05s
4.24.2026 20:38:59,T0,T1,4.3ft,0.05s
4.24.2026 20:38:59,T0,T1,4.3ft,0.05s
4.24.2026 20:38:59,T0,T1,4.3ft,0.05s
4.24.2026 20:38:59,T0,T1,4.3ft,0.05s
4.24.2026 20:38:59,T0,T1,4.3ft,0.05s
4.24.2026 20:38:59,T0,T1,4.3ft,0.05s
4.24.2026 20:38:59,T0,T1,4.3ft,0.05s
4.24.2026 20:39:00,T0,T1,4.3ft,0.05s
4.24.2026 20:39:00,T0,T1,4.3ft,0.05s
4.24.2026 20:39:00,T0,T1,4.3ft,0.05s
4.24.2026 20:39:00,T0,T1,4.3ft,0.05s
4.24.2026 20:39:00,T0,T1,4.3ft,0.05s
4.24.2026 20:39:00,T0,T1,4.3ft,0.05s
4.24.2026 20:39:00,T0,T1,4.3ft,0.05s
4.24.2026 20:39:00,T0,T1,4.3ft,0.05s
4.24.2026 20:39:00,T0,T1,4.3ft,0.05s
4.24.2026 20:39:00,T0,T1,4.3ft,0.05s
4.24.2026 20:39:00,T0,T1,4.3ft,0.05s
4.24.2026 20:39:00,T0,T1,4.3ft,0.05s
4.24.2026 20:39:00,T0,T1,4.3ft,0.05s
4.24.2026 20:39:00,T0,T1,4.3ft,0.05s
4.24.2026 20:39:00,T0,T1,4.3ft,0.05s
4.24.2026 20:39:00,T0,T1,4.3ft,0.05s
4.24.2026 20:39:00,T0,T1,4.3ft,0.05s
4.24.2026 20:39:00,T0,T1,4.3ft,0.05s
4.24.2026 20:39:00,T0,T1,4.3ft,0.05s
4.24.2026 20:39:01,T0,T1,4.3ft,0.05s
4.24.2026 20:39:01,T0,T1,4.3ft,0.05s
4.24.2026 20:39:01,T0,T1,4.3ft,0.05s
4.24.2026 20:39:01,T0,T1,4.3ft,0.05s
4.24.2026 20:39:01,T0,T1,4.3ft,0.05s
4.24.2026 20:39:01,T0,T1,4.3ft,0.05s
4.24.2026 20:39:01,T0,T1,4.3ft,0.05s
4.24.2026 20:39:01,T0,T1,4.3ft,0.05s
4.24.2026 20:39:01,T0,T1,4.3ft,0.05s
4.24.2026 20:39:01,T0,T1,4.3ft,0.05s
4.24.2026 20:39:01,T0,T1,4.3ft,0.05s
4.24.2026 20:39:01,T0,T1,4.3ft,0.05s
4.24.2026 20:39:01,T0,T1,4.3ft,0.05s
4.24.2026 20:39:01,T0,T1,4.3ft,0.05s
4.24.2026 20:39:01,T0,T1,4.3ft,0.05s
4.24.2026 20:39:01,T0,T1,4.3ft,0.05s
4.24.2026 20:39:01,T0,T1,4.3ft,0.05s
4.24.2026 20:39:01,T0,T1,4.3ft,0.05s
4.24.2026 20:39:01,T0,T1,4.3ft,0.05s
4.24.2026 20:39:01,T0,T1,4.3ft,0.05s
4.24.2026 20:39:02,T0,T1,4.3ft,0.05s
4.24.2026 20:39:02,T0,T1,4.3ft,0.05s
4.24.2026 20:39:02,T0,T1,4.3ft,0.05s
4.24.2026 20:39:02,T0,T1,4.3ft,0.05s
4.24.2026 20:39:02,T0,T1,4.3ft,0.05s
4.24.2026 20:39:02,T0,T1,4.3ft,0.05s
4.24.2026 20:39:02,T0,T1,4.3ft,0.05s
4.24.2026 20:39:02,T0,T1,4.3ft,0.05s
4.24.2026 20:39:02,T0,T1,4.3ft,0.05s
4.24.2026 20:39:02,T0,T1,4.3ft,0.05s
4.24.2026 20:39:02,T0,T1,4.3ft,0.05s
4.24.2026 20:39:02,T0,T1,4.3ft,0.05s
4.24.2026 20:39:02,T0,T1,4.3ft,0.05s
4.24.2026 20:39:02,T0,T1,4.3ft,0.05s
4.24.2026 20:39:02,T0,T1,4.3ft,0.05s
4.24.2026 20:39:02,T0,T1,4.3ft,0.05s
4.24.2026 20:39:02,T0,T1,4.3ft,0.05s
4.24.2026 20:39:02,T0,T1,4.3ft,0.05s
4.24.2026 20:39:02,T0,T1,4.3ft,0.05s
4.24.2026 20:39:03,T0,T1,4.3ft,0.05s
4.24.2026 20:39:03,T0,T1,4.3ft,0.05s
4.24.2026 20:39:03,T0,T1,4.3ft,0.05s
4.24.2026 20:39:03,T0,T1,4.3ft,0.05s
4.24.2026 20:39:03,T0,T1,4.3ft,0.05s
4.24.2026 20:39:03,T0,T1,4.3ft,0.05s
4.24.2026 20:39:03,T0,T1,4.3ft,0.05s
4.24.2026 20:39:03,T0,T1,4.3ft,0.05s
4.24.2026 20:39:03,T0,T1,4.3ft,0.05s
4.24.2026 20:39:03,T0,T1,4.3ft,0.05s
4.24.2026 20:39:03,T0,T1,4.3ft,0.05s
4.24.2026 20:39:03,T0,T1,4.3ft,0.05s
4.24.2026 20:39:03,T0,T1,4.3ft,0.05s
4.24.2026 20:39:03,T0,T1,4.3ft,0.05s
4.24.2026 20:39:03,T0,T1,4.3ft,0.05s
4.24.2026 20:39:03,T0,T1,4.3ft,0.05s
4.24.2026 20:39:03,T0,T1,4.3ft,0.05s
4.24.2026 20:39:03,T0,T1,4.3ft,0.05s
4.24.2026 20:39:03,T0,T1,4.3ft,0.05s
4.24.2026 20:39:03,T0,T1,4.3ft,0.05s
4.24.2026 20:39:04,T0,T1,4.3ft,0.05s
4.24.2026 20:39:04,T0,T1,4.3ft,0.05s
4.24.2026 20:39:04,T0,T1,4.3ft,0.05s
4.24.2026 20:39:04,T0,T1,4.3ft,0.05s
4.24.2026 20:39:04,T0,T1,4.3ft,0.05s
4.24.2026 20:39:04,T0,T1,4.3ft,0.05s
4.24.2026 20:39:04,T0,T1,4.3ft,0.05s
4.24.2026 20:39:04,T0,T1,4.3ft,0.05s
4.24.2026 20:39:04,T0,T1,4.3ft,0.05s
4.24.2026 20:39:04,T0,T1,4.3ft,0.05s
4.24.2026 20:39:04,T0,T1,4.3ft,0.05s
4.24.2026 20:39:04,T0,T1,4.3ft,0.05s
4.24.2026 20:39:04,T0,T1,4.3ft,0.05s
4.24.2026 20:39:04,T0,T1,4.3ft,0.05s
4.24.2026 20:39:04,T0,T1,4.3ft,0.05s
4.24.2026 20:39:04,T0,T1,4.3ft,0.05s
4.24.2026 20:39:04,T0,T1,4.3ft,0.05s
4.24.2026 20:39:04,T0,T1,4.3ft,0.05s
4.24.2026 20:39:04,T0,T1,4.3ft,0.05s
4.24.2026 20:39:04,T0,T1,4.3ft,0.05s
4.24.2026 20:39:05,T0,T1,4.3ft,0.05s
4.24.2026 20:39:05,T0,T1,4.3ft,0.05s
4.24.2026 20:39:05,T0,T1,4.3ft,0.05s
4.24.2026 20:39:05,T0,T1,4.3ft,0.05s
4.24.2026 20:39:05,T0,T1,4.3ft,0.05s
4.24.2026 20:39:05,T0,T1,4.3ft,0.05s
4.24.2026 20:39:05,T0,T1,4.3ft,0.05s
4.24.2026 20:39:05,T0,T1,4.3ft,0.05s
4.24.2026 20:39:05,T0,T1,4.3ft,0.05s
4.24.2026 20:39:05,T0,T1,4.3ft,0.05s
4.24.2026 20:39:05,T0,T1,4.3ft,0.05s
4.24.2026 20:39:05,T0,T1,4.3ft,0.05s
4.24.2026 20:39:05,T0,T1,4.3ft,0.05s
4.24.2026 20:39:05,T0,T1,4.3ft,0.05s
4.24.2026 20:39:05,T0,T1,4.3ft,0.05s
4.24.2026 20:39:05,T0,T1,4.3ft,0.05s
4.24.2026 20:39:05,T0,T1,4.3ft,0.05s
4.24.2026 20:39:05,T0,T1,4.3ft,0.05s
4.24.2026 20:39:05,T0,T1,4.3ft,0.05s
4.24.2026 20:39:06,T0,T1,4.3ft,0.05s
4.24.2026 20:39:06,T0,T1,4.3ft,0.05s
4.24.2026 20:39:06,T0,T1,4.3ft,0.05s
4.24.2026 20:39:06,T0,T1,4.3ft,0.05s
4.24.2026 20:39:06,T0,T1,4.3ft,0.05s
4.24.2026 20:39:06,T0,T1,4.3ft,0.05s
4.24.2026 20:39:06,T0,T1,4.3ft,0.05s
4.24.2026 20:39:06,T0,T1,4.3ft,0.05s
4.24.2026 20:39:06,T0,T1,4.3ft,0.05s
4.24.2026 20:39:06,T0,T1,4.3ft,0.05s
4.24.2026 20:39:06,T0,T1,4.3ft,0.05s
4.24.2026 20:39:06,T0,T1,4.3ft,0.05s
4.24.2026 20:39:06,T0,T1,4.3ft,0.05s
4.24.2026 20:39:06,T0,T1,4.3ft,0.05s
4.24.2026 20:39:06,T0,T1,4.3ft,0.05s
4.24.2026 20:39:06,T0,T1,4.3ft,0.05s
4.24.2026 20:39:06,T0,T1,4.3ft,0.05s
4.24.2026 20:39:06,T0,T1,4.3ft,0.05s
4.24.2026 20:39:06,T0,T1,4.3ft,0.05s
4.24.2026 20:39:06,T0,T1,4.3ft,0.05s
4.24.2026 20:39:07,T0,T1,4.3ft,0.05s
4.24.2026 20:39:07,T0,T1,4.3ft,0.05s
4.24.2026 20:39:07,T0,T1,4.3ft,0.05s
4.24.2026 20:39:07,T0,T1,4.3ft,0.05s
4.24.2026 20:39:07,T0,T1,4.3ft,0.05s
4.24.2026 20:39:07,T0,T1,4.3ft,0.05s
4.24.2026 20:39:07,T0,T1,4.3ft,0.05s
4.24.2026 20:39:07,T0,T1,4.3ft,0.05s
4.24.2026 20:39:07,T0,T1,4.3ft,0.05s
4.24.2026 20:39:07,T0,T1,4.3ft,0.05s
4.24.2026 20:39:07,T0,T1,4.3ft,0.05s
4.24.2026 20:39:07,T0,T1,4.3ft,0.05s
4.24.2026 20:39:07,T0,T1,4.3ft,0.05s
4.24.2026 20:39:07,T0,T1,4.3ft,0.05s
4.24.2026 20:39:07,T0,T1,4.3ft,0.05s
4.24.2026 20:39:07,T0,T1,4.3ft,0.05s
4.24.2026 20:39:07,T0,T1,4.3ft,0.05s
4.24.2026 20:39:07,T0,T1,4.3ft,0.05s
4.24.2026 20:39:07,T0,T1,4.3ft,0.05s
4.24.2026 20:39:07,T0,T1,4.3ft,0.05s
4.24.2026 20:39:08,T0,T1,4.3ft,0.05s
4.24.2026 20:39:08,T0,T1,4.3ft,0.05s
4.24.2026 20:39:08,T0,T1,4.3ft,0.05s
4.24.2026 20:39:08,T0,T1,4.3ft,0.05s
4.24.2026 20:39:08,T0,T1,4.3ft,0.05s
4.24.2026 20:39:08,T0,T1,4.3ft,0.05s
4.24.2026 20:39:08,T0,T1,4.3ft,0.05s
4.24.2026 20:39:08,T0,T1,4.3ft,0.05s
4.24.2026 20:39:08,T0,T1,4.3ft,0.05s
4.24.2026 20:39:08,T0,T1,4.3ft,0.05s
4.24.2026 20:39:08,T0,T1,4.3ft,0.05s
4.24.2026 20:39:08,T0,T1,4.3ft,0.05s
4.24.2026 20:39:08,T0,T1,4.3ft,0.05s
4.24.2026 20:39:08,T0,T1,4.3ft,0.05s
4.24.2026 20:39:08,T0,T1,4.3ft,0.05s
4.24.2026 20:39:08,T0,T1,4.3ft,0.05s
4.24.2026 20:39:08,T0,T1,4.3ft,0.05s
4.24.2026 20:39:08,T0,T1,4.3ft,0.05s
4.24.2026 20:39:08,T0,T1,4.3ft,0.05s
4.24.2026 20:39:09,T0,T1,4.3ft,0.06s
4.24.2026 20:39:09,T0,T1,4.3ft,0.05s
4.24.2026 20:39:09,T0,T1,4.3ft,0.05s
4.24.2026 20:39:09,T0,T1,4.3ft,0.05s
4.24.2026 20:39:09,T0,T1,4.3ft,0.05s
4.24.2026 20:39:09,T0,T1,4.3ft,0.05s
4.24.2026 20:39:09,T0,T1,4.3ft,0.05s
4.24.2026 20:39:09,T0,T1,4.3ft,0.05s
4.24.2026 20:39:09,T0,T1,4.3ft,0.05s
4.24.2026 20:39:09,T0,T1,4.3ft,0.05s
4.24.2026 20:39:09,T0,T1,4.3ft,0.05s
4.24.2026 20:39:09,T0,T1,4.3ft,0.05s
4.24.2026 20:39:09,T0,T1,4.3ft,0.05s
4.24.2026 20:39:09,T0,T1,4.3ft,0.05s
4.24.2026 20:39:09,T0,T1,4.3ft,0.05s
4.24.2026 20:39:09,T0,T1,4.3ft,0.05s
4.24.2026 20:39:09,T0,T1,4.3ft,0.05s
4.24.2026 20:39:09,T0,T1,4.3ft,0.05s
4.24.2026 20:39:09,T0,T1,4.3ft,0.05s
4.24.2026 20:39:09,T0,T1,4.3ft,0.05s
4.24.2026 20:39:10,T0,T1,4.3ft,0.05s
4.24.2026 20:39:10,T0,T1,4.3ft,0.05s
4.24.2026 20:39:10,T0,T1,4.3ft,0.05s
4.24.2026 20:39:10,T0,T1,4.3ft,0.05s
4.24.2026 20:39:10,T0,T1,4.3ft,0.05s
4.24.2026 20:39:10,T0,T1,4.3ft,0.05s
4.24.2026 20:39:10,T0,T1,4.3ft,0.05s
4.24.2026 20:39:10,T0,T1,4.3ft,0.05s
4.24.2026 20:39:10,T0,T1,4.3ft,0.05s
4.24.2026 20:39:10,T0,T1,4.3ft,0.05s
4.24.2026 20:39:10,T0,T1,4.3ft,0.05s
4.24.2026 20:39:10,T0,T1,4.3ft,0.05s
4.24.2026 20:39:10,T0,T1,4.3ft,0.05s
4.24.2026 20:39:10,T0,T1,4.3ft,0.05s
4.24.2026 20:39:10,T0,T1,4.3ft,0.05s
4.24.2026 20:39:10,T0,T1,4.3ft,0.05s
4.24.2026 20:39:10,T0,T1,4.3ft,0.05s
4.24.2026 20:39:10,T0,T1,4.3ft,0.05s
4.24.2026 20:39:10,T0,T1,4.3ft,0.05s
4.24.2026 20:39:11,T0,T1,4.3ft,0.05s
4.24.2026 20:39:11,T0,T1,4.3ft,0.05s
4.24.2026 20:39:11,T0,T1,4.3ft,0.05s
4.24.2026 20:39:11,T0,T1,4.3ft,0.05s
4.24.2026 20:39:11,T0,T1,4.3ft,0.05s
4.24.2026 20:39:11,T0,T1,4.3ft,0.05s
4.24.2026 20:39:11,T0,T1,4.3ft,0.05s
4.24.2026 20:39:11,T0,T1,4.3ft,0.05s
4.24.2026 20:39:11,T0,T1,4.3ft,0.05s
4.24.2026 20:39:11,T0,T1,4.3ft,0.05s
4.24.2026 20:39:11,T0,T1,4.3ft,0.05s
4.24.2026 20:39:11,T0,T1,4.3ft,0.05s
4.24.2026 20:39:11,T0,T1,4.3ft,0.05s
4.24.2026 20:39:11,T0,T1,4.3ft,0.05s
4.24.2026 20:39:11,T0,T1,4.2ft,0.05s
4.24.2026 20:39:11,T0,T1,4.2ft,0.05s
4.24.2026 20:39:11,T0,T1,4.2ft,0.05s
4.24.2026 20:39:11,T0,T1,4.2ft,0.05s
4.24.2026 20:39:11,T0,T1,4.2ft,0.05s
4.24.2026 20:39:11,T0,T1,4.2ft,0.05s
4.24.2026 20:39:12,T0,T1,4.2ft,0.05s
4.24.2026 20:39:12,T0,T1,4.2ft,0.05s
4.24.2026 20:39:12,T0,T1,4.2ft,0.05s
4.24.2026 20:39:12,T0,T1,4.3ft,0.05s
4.24.2026 20:39:12,T0,T1,4.3ft,0.05s
4.24.2026 20:39:12,T0,T1,4.3ft,0.05s
4.24.2026 20:39:12,T0,T1,4.3ft,0.05s
4.24.2026 20:39:12,T0,T1,4.3ft,0.05s
4.24.2026 20:39:12,T0,T1,4.3ft,0.05s
4.24.2026 20:39:12,T0,T1,4.3ft,0.05s
4.24.2026 20:39:12,T0,T1,4.3ft,0.05s
4.24.2026 20:39:12,T0,T1,4.3ft,0.05s
4.24.2026 20:39:12,T0,T1,4.3ft,0.05s
4.24.2026 20:39:12,T0,T1,4.3ft,0.05s
4.24.2026 20:39:12,T0,T1,4.3ft,0.05s
4.24.2026 20:39:12,T0,T1,4.3ft,0.05s
4.24.2026 20:39:12,T0,T1,4.3ft,0.05s
4.24.2026 20:39:12,T0,T1,4.3ft,0.05s
4.24.2026 20:39:12,T0,T1,4.3ft,0.05s
4.24.2026 20:39:12,T0,T1,4.3ft,0.05s
4.24.2026 20:39:13,T0,T1,4.3ft,0.05s
4.24.2026 20:39:13,T0,T1,4.3ft,0.05s
4.24.2026 20:39:13,T0,T1,4.3ft,0.05s
4.24.2026 20:39:13,T0,T1,4.3ft,0.05s
4.24.2026 20:39:13,T0,T1,4.3ft,0.05s
4.24.2026 20:39:13,T0,T1,4.3ft,0.05s
4.24.2026 20:39:13,T0,T1,4.3ft,0.05s
4.24.2026 20:39:13,T0,T1,4.3ft,0.05s
4.24.2026 20:39:13,T0,T1,4.3ft,0.05s
4.24.2026 20:39:13,T0,T1,4.3ft,0.05s
4.24.2026 20:39:13,T0,T1,4.3ft,0.05s
4.24.2026 20:39:13,T0,T1,4.3ft,0.05s
4.24.2026 20:39:13,T0,T1,4.3ft,0.05s
4.24.2026 20:39:13,T0,T1,4.3ft,0.05s
4.24.2026 20:39:13,T0,T1,4.3ft,0.05s
4.24.2026 20:39:13,T0,T1,4.3ft,0.05s
4.24.2026 20:39:13,T0,T1,4.3ft,0.05s
4.24.2026 20:39:13,T0,T1,4.3ft,0.05s
4.24.2026 20:39:13,T0,T1,4.3ft,0.05s
4.24.2026 20:39:13,T0,T1,4.3ft,0.05s
4.24.2026 20:39:14,T0,T1,4.3ft,0.05s
4.24.2026 20:39:14,T0,T1,4.3ft,0.05s
4.24.2026 20:39:14,T0,T1,4.3ft,0.05s
4.24.2026 20:39:14,T0,T1,4.3ft,0.05s
4.24.2026 20:39:14,T0,T1,4.3ft,0.05s
4.24.2026 20:39:14,T0,T1,4.3ft,0.05s
4.24.2026 20:39:14,T0,T1,4.3ft,0.05s
4.24.2026 20:39:14,T0,T1,4.3ft,0.05s
4.24.2026 20:39:14,T0,T1,4.3ft,0.05s
4.24.2026 20:39:14,T0,T1,4.3ft,0.05s
4.24.2026 20:39:14,T0,T1,4.3ft,0.05s
4.24.2026 20:39:14,T0,T1,4.3ft,0.05s
4.24.2026 20:39:14,T0,T1,4.3ft,0.05s
4.24.2026 20:39:14,T0,T1,4.3ft,0.05s
4.24.2026 20:39:14,T0,T1,4.3ft,0.05s
4.24.2026 20:39:14,T0,T1,4.3ft,0.05s
4.24.2026 20:39:14,T0,T1,4.3ft,0.05s
4.24.2026 20:39:14,T0,T1,4.3ft,0.05s
4.24.2026 20:39:14,T0,T1,4.3ft,0.05s
4.24.2026 20:39:15,T0,T1,4.3ft,0.05s
4.24.2026 20:39:15,T0,T1,4.3ft,0.05s
4.24.2026 20:39:15,T0,T1,4.3ft,0.05s
4.24.2026 20:39:15,T0,T1,4.3ft,0.05s
4.24.2026 20:39:15,T0,T1,4.3ft,0.05s
4.24.2026 20:39:15,T0,T1,4.3ft,0.05s
4.24.2026 20:39:15,T0,T1,4.3ft,0.05s
4.24.2026 20:39:15,T0,T1,4.3ft,0.05s
4.24.2026 20:39:15,T0,T1,4.3ft,0.05s
4.24.2026 20:39:15,T0,T1,4.3ft,0.05s
4.24.2026 20:39:15,T0,T1,4.3ft,0.05s
4.24.2026 20:39:15,T0,T1,4.3ft,0.05s
4.24.2026 20:39:15,T0,T1,4.3ft,0.05s
4.24.2026 20:39:15,T0,T1,4.3ft,0.05s
4.24.2026 20:39:15,T0,T1,4.3ft,0.05s
4.24.2026 20:39:15,T0,T1,4.3ft,0.05s
4.24.2026 20:39:15,T0,T1,4.3ft,0.05s
4.24.2026 20:39:15,T0,T1,4.3ft,0.05s
4.24.2026 20:39:15,T0,T1,4.3ft,0.05s
4.24.2026 20:39:15,T0,T1,4.3ft,0.05s
4.24.2026 20:39:16,T0,T1,4.3ft,0.05s
4.24.2026 20:39:16,T0,T1,4.3ft,0.05s
4.24.2026 20:39:16,T0,T1,4.3ft,0.05s
4.24.2026 20:39:16,T0,T1,4.3ft,0.05s
4.24.2026 20:39:16,T0,T1,4.3ft,0.05s
4.24.2026 20:39:16,T0,T1,4.3ft,0.05s
4.24.2026 20:39:16,T0,T1,4.3ft,0.05s
4.24.2026 20:39:16,T0,T1,4.3ft,0.05s
4.24.2026 20:39:16,T0,T1,4.3ft,0.05s
4.24.2026 20:39:16,T0,T1,4.3ft,0.05s
4.24.2026 20:39:16,T0,T1,4.3ft,0.05s
4.24.2026 20:39:16,T0,T1,4.3ft,0.05s
4.24.2026 20:39:16,T0,T1,4.3ft,0.05s
4.24.2026 20:39:16,T0,T1,4.3ft,0.05s
4.24.2026 20:39:16,T0,T1,4.3ft,0.05s
4.24.2026 20:39:16,T0,T1,4.3ft,0.05s
4.24.2026 20:39:16,T0,T1,4.3ft,0.05s
4.24.2026 20:39:16,T0,T1,4.3ft,0.05s
4.24.2026 20:39:16,T0,T1,4.3ft,0.05s
4.24.2026 20:39:16,T0,T1,4.3ft,0.05s
4.24.2026 20:39:17,T0,T1,4.3ft,0.05s
4.24.2026 20:39:17,T0,T1,4.3ft,0.05s
4.24.2026 20:39:17,T0,T1,4.3ft,0.05s
4.24.2026 20:39:17,T0,T1,4.3ft,0.05s
4.24.2026 20:39:17,T0,T1,4.3ft,0.05s
4.24.2026 20:39:17,T0,T1,4.3ft,0.05s
4.24.2026 20:39:17,T0,T1,4.3ft,0.05s
4.24.2026 20:39:17,T0,T1,4.3ft,0.05s
4.24.2026 20:39:17,T0,T1,4.3ft,0.05s
4.24.2026 20:39:17,T0,T1,4.3ft,0.05s
4.24.2026 20:39:17,T0,T1,4.3ft,0.05s
4.24.2026 20:39:17,T0,T1,4.3ft,0.05s
4.24.2026 20:39:17,T0,T1,4.3ft,0.05s
4.24.2026 20:39:17,T0,T1,4.3ft,0.05s
4.24.2026 20:39:17,T0,T1,4.3ft,0.05s
4.24.2026 20:39:17,T0,T1,4.3ft,0.05s
4.24.2026 20:39:17,T0,T1,4.3ft,0.05s
4.24.2026 20:39:17,T0,T1,4.3ft,0.05s
4.24.2026 20:39:17,T0,T1,4.3ft,0.05s
4.24.2026 20:39:18,T0,T1,4.3ft,0.05s
4.24.2026 20:39:18,T0,T1,4.3ft,0.06s
4.24.2026 20:39:18,T0,T1,4.3ft,0.05s
4.24.2026 20:39:18,T0,T1,4.3ft,0.05s
4.24.2026 20:39:18,T0,T1,4.3ft,0.05s
4.24.2026 20:39:18,T0,T1,4.3ft,0.05s
4.24.2026 20:39:18,T0,T1,4.3ft,0.05s
4.24.2026 20:39:18,T0,T1,4.3ft,0.05s
4.24.2026 20:39:18,T0,T1,4.3ft,0.05s
4.24.2026 20:39:18,T0,T1,4.3ft,0.05s
4.24.2026 20:39:18,T0,T1,4.3ft,0.05s
4.24.2026 20:39:18,T0,T1,4.3ft,0.05s
4.24.2026 20:39:18,T0,T1,4.3ft,0.05s
4.24.2026 20:39:18,T0,T1,4.3ft,0.05s
4.24.2026 20:39:18,T0,T1,4.3ft,0.05s
4.24.2026 20:39:18,T0,T1,4.3ft,0.05s
4.24.2026 20:39:18,T0,T1,4.3ft,0.05s
4.24.2026 20:39:18,T0,T1,4.3ft,0.05s
4.24.2026 20:39:18,T0,T1,4.3ft,0.05s
4.24.2026 20:39:18,T0,T1,4.3ft,0.05s
4.24.2026 20:39:19,T0,T1,4.3ft,0.05s
4.24.2026 20:39:19,T0,T1,4.3ft,0.05s
4.24.2026 20:39:19,T0,T1,4.3ft,0.05s
4.24.2026 20:39:19,T0,T1,4.3ft,0.05s
4.24.2026 20:39:19,T0,T1,4.3ft,0.05s
4.24.2026 20:39:19,T0,T1,4.3ft,0.05s
4.24.2026 20:39:19,T0,T1,4.3ft,0.05s
4.24.2026 20:39:19,T0,T1,4.3ft,0.05s
4.24.2026 20:39:19,T0,T1,4.3ft,0.05s
4.24.2026 20:39:19,T0,T1,4.3ft,0.05s
4.24.2026 20:39:19,T0,T1,4.3ft,0.05s
4.24.2026 20:39:19,T0,T1,4.3ft,0.05s
4.24.2026 20:39:19,T0,T1,4.3ft,0.05s
4.24.2026 20:39:19,T0,T1,4.3ft,0.05s
4.24.2026 20:39:19,T0,T1,4.3ft,0.05s
4.24.2026 20:39:19,T0,T1,4.3ft,0.05s
4.24.2026 20:39:19,T0,T1,4.3ft,0.05s
4.24.2026 20:39:19,T0,T1,4.3ft,0.05s
4.24.2026 20:39:19,T0,T1,4.3ft,0.05s
4.24.2026 20:39:19,T0,T1,4.3ft,0.05s
4.24.2026 20:39:20,T0,T1,4.3ft,0.05s
4.24.2026 20:39:20,T0,T1,4.3ft,0.05s
4.24.2026 20:39:20,T0,T1,4.3ft,0.05s
4.24.2026 20:39:20,T0,T1,4.3ft,0.05s
4.24.2026 20:39:20,T0,T1,4.3ft,0.05s
4.24.2026 20:39:20,T0,T1,4.3ft,0.05s
4.24.2026 20:39:20,T0,T1,4.3ft,0.05s
4.24.2026 20:39:20,T0,T1,4.3ft,0.05s
4.24.2026 20:39:20,T0,T1,4.3ft,0.05s
4.24.2026 20:39:20,T0,T1,4.3ft,0.05s
4.24.2026 20:39:20,T0,T1,4.3ft,0.05s
4.24.2026 20:39:20,T0,T1,4.3ft,0.05s
4.24.2026 20:39:20,T0,T1,4.3ft,0.05s
4.24.2026 20:39:20,T0,T1,4.3ft,0.05s
4.24.2026 20:39:20,T0,T1,4.3ft,0.05s
4.24.2026 20:39:20,T0,T1,4.3ft,0.05s
4.24.2026 20:39:20,T0,T1,4.3ft,0.05s
